variant,dataset,seed,modality,hop,reference_present,reference_scale,reference_mean,reference_std,reference_abs_mean,reference_q10,reference_q25,reference_q50,reference_q75,reference_q90,reference_covariance_contribution,content_mean,content_std,content_abs_mean,content_q10,content_q25,content_q50,content_q75,content_q90,content_covariance_contribution,relation_mean,relation_std,relation_abs_mean,relation_q10,relation_q25,relation_q50,relation_q75,relation_q90,relation_covariance_contribution,eta_mean,eta_std,eta_abs_mean,eta_q10,eta_q25,eta_q50,eta_q75,eta_q90,eta_covariance_contribution,three_term_covariance_sum
B,Movies,42,text,0,1,0.152021124958992,0.09555956690604378,0.001135191754316932,0.09555956690604378,0.09409894868731498,0.09481392987072468,0.09555555135011673,0.09627367183566093,0.09702879786491395,0.13842880782457054,0.06545526664811338,0.0009748329199872785,0.06545526664811338,0.06452947333455086,0.06522685661911964,0.06569566205143929,0.06602741032838821,0.06622477471828461,0.17490372263436096,0.012107885719910642,0.002076609535306116,0.012107885719910642,0.009311090223491192,0.011755025945603848,0.013135030400007963,0.01334371929988265,0.013349075801670551,0.6866674668123206,0.3984130920373947,0.0025507095427321587,0.3984130920373947,0.39546642601490023,0.3974887356162071,0.3987831771373749,0.3998756930232048,0.40115538239479065,1.0,0.9999999972712521
B,Movies,42,text,1,1,0.152021124958992,-0.031352159933628596,0.0004062156728969959,0.031352159933628596,-0.03188171498477459,-0.031605073250830173,-0.03134647011756897,-0.031085170805454254,-0.030833320692181587,0.08278157390310917,-0.057705067430404794,0.0011249968713592708,0.057705067430404794,-0.05869280360639095,-0.058486671186983585,-0.05806649662554264,-0.05729121807962656,-0.056224992498755455,0.8662458665973385,-0.0019668421556709916,0.00033733083337114195,0.0019668421556709916,-0.0021684649400413036,-0.0021675947355106473,-0.0021336947102099657,-0.0019095225725322962,-0.0015125221107155085,0.05097255783752659,-0.012974230969756405,0.001174153846224473,0.012974230969756405,-0.014145073480904102,-0.013791127828881145,-0.013238330371677876,-0.012436166638508439,-0.011426442209631205,1.0,0.9999999983379743
B,Movies,42,text,2,1,0.152021124958992,-0.03090842622922172,0.0004254796935186624,0.03090842622922172,-0.03145845681428909,-0.031177079770714045,-0.030905555933713913,-0.0306288399733603,-0.03036091160029173,0.05136115423315215,-0.06259377932621991,0.0012765486283843762,0.06259377932621991,-0.06366911381483079,-0.0634744893759489,-0.06306518241763115,-0.06213219463825226,-0.06082789674401283,0.7385058881794637,-0.004182993311262102,0.0007174203659091299,0.004182993311262102,-0.0046117957681417465,-0.004609945346601307,-0.004537847824394703,-0.004061088664457202,-0.0032167655881494284,0.2101329400686925,0.5574676585625035,0.0014395092622826826,0.5574676585625035,0.5560556948184967,0.556458368897438,0.5570858716964722,0.5581538677215576,0.559436047077179,1.0,0.9999999824813084
B,Movies,42,text,3,1,0.152021124958992,-0.03329898069559949,0.00030448960481312213,0.03329898069559949,-0.03368597999215126,-0.03349419217556715,-0.03330119885504246,-0.03310081548988819,-0.03290376216173172,0.01315535211392544,-0.05707602738760297,0.0015530607530239804,0.05707602738760297,-0.05841965116560459,-0.05819394160062075,-0.057655561715364456,-0.05646560527384281,-0.0547486636787653,0.7047975445775191,-0.005958050041236249,0.0010218583000300451,0.005958050041236249,-0.006568815093487501,-0.006566179217770696,-0.006463487632572651,-0.005784415057860315,-0.004581802524626255,0.2820471118966561,-0.17915630467135937,0.0018049856637648908,0.17915630467135937,-0.18090371191501617,-0.180486012250185,-0.17969301342964172,-0.17824622243642807,-0.1765757530927658,1.0,1.0000000085881007
B,Movies,42,visual,0,1,0.10195180773735046,0.06846364657528656,0.0008480757046746176,0.06846364657528656,0.06740947812795639,0.06792424246668816,0.06846129894256592,0.06901008449494839,0.06955905109643937,-0.09158995393019095,0.011957029814267604,0.0033412373675387992,0.011985792133223124,0.007275387737900019,0.010625059949234128,0.012852899730205536,0.014290589839220047,0.015191425569355488,0.7542064982726557,0.005545024140440429,0.002021164282596227,0.005545024140440429,0.002751618972979486,0.004186928388662636,0.005689000943675637,0.007140786852687597,0.008178796805441379,0.3373834344464324,0.2642415984919842,0.0035792722136799805,0.2642415984919842,0.25937106013298034,0.26222535967826843,0.2648455947637558,0.2668923959136009,0.26828347742557523,1.0,0.9999999787888971
B,Movies,42,visual,1,1,0.10195180773735046,-0.022465970716439188,0.0003160364015951799,0.022465970716439188,-0.02287468295544386,-0.02266947738826275,-0.022464645095169544,-0.022264886181801558,-0.022073284536600114,0.0064690633166397515,0.02025475246534759,0.004778877788359598,0.020254871343169095,0.013680300302803516,0.017148188315331936,0.020811080932617188,0.023862230591475964,0.026025769487023353,0.9926343589430916,0.00047367952220539326,0.0001726564408150074,0.00047367952220539326,0.00023505499120801687,0.00035766521614277735,0.0004859786422457546,0.0006099963356973603,0.0006986676016822457,0.0008965662371075431,0.13958446297619398,0.004800265112820796,0.13958446297619398,0.13297281712293624,0.13644326478242874,0.14013513177633286,0.14320463314652443,0.14539739191532136,1.0,0.9999999884968389
B,Movies,42,visual,2,1,0.10195180773735046,-0.02270306774422673,0.00029389331989630594,0.02270306774422673,-0.02308283429592848,-0.022892393171787262,-0.02270207740366459,-0.022516108583658934,-0.022337718680500985,-0.037602984741599,-0.00367392451360217,0.0013033052420627952,0.0036750955048886497,-0.005393913574516773,-0.004573088954202831,-0.0036585418274626136,-0.0027591903344728053,-0.001994851417839527,0.7137755616171702,-0.0022659804032575974,0.0008259510773166142,0.0022659804032575974,-0.0033422747161239385,-0.002918090671300888,-0.0023248166544362903,-0.0017109930340666324,-0.0011244522407650947,0.3238276150094509,0.6757223999696192,0.0014920449697051145,0.6757223999696192,0.6738333880901337,0.6746832877397537,0.6756832599639893,0.6767456531524658,0.6776792943477631,1.0,1.000000191885022
B,Movies,42,visual,3,1,0.10195180773735046,-0.023294608121994353,0.00023815153034048114,0.023294608121994353,-0.023601647838950156,-0.02344866469502449,-0.023294512182474136,-0.023143605329096317,-0.022997997514903546,-0.0011429804577960075,-0.020884521074629712,0.0024095484388426285,0.020884521074629712,-0.023639898002147674,-0.022705758921802044,-0.02135117817670107,-0.01936189504340291,-0.01736297030001879,0.7682820690954737,-0.0037527235775847998,0.0013678697648027316,0.0037527235775847998,-0.005535190552473068,-0.004832692793570459,-0.0038501631934195757,-0.0028336007380858064,-0.0018622219911776483,0.23286089855048306,-0.09272605456159791,0.0026985990704828182,0.09272605456159791,-0.0959834635257721,-0.0947390515357256,-0.09304163977503777,-0.09103800915181637,-0.08898001462221146,1.0,0.9999999871881607
AB,Movies,42,text,0,1,0.1437765210866928,0.09187370979212825,0.0009256164991825414,0.09187370979212825,0.09059371054172516,0.09120362438261509,0.09192567318677902,0.0925210677087307,0.09304218739271164,0.6020882122871722,0.058550940126255724,0.0008212765612264036,0.058550940126255724,0.057430433481931685,0.05809880141168833,0.058694131672382355,0.059168982319533825,0.05948329456150532,0.39847966232679033,0.0011661285149336179,5.2179079862643e-06,0.0011661285149336179,0.001160291687119752,0.001164119952591136,0.0011670987005345523,0.0011694223794620484,0.0011710297432728112,-0.0005678565933238888,0.3626515706804458,0.0009480398292335613,0.3626515706804458,0.3614777237176895,0.3619300499558449,0.3626006692647934,0.36334727704524994,0.3638851195573807,1.0,1.0000000180206388
AB,Movies,42,text,1,1,0.1437765210866928,-0.03026576844538292,0.00032538350993706545,0.03026576844538292,-0.030676009505987166,-0.03049189317971468,-0.03028383105993271,-0.030032222159206867,-0.029816094599664212,0.17054045057649775,-0.0503322668525528,0.0007144208687425347,0.0503322668525528,-0.050966355949640274,-0.05082507245242596,-0.050578948110342026,-0.05003752466291189,-0.04935319498181343,0.8293874495078666,-0.00011917556264703245,5.332578174569795e-07,0.00011917556264703245,-0.00011967645841650664,-0.00011951219312322792,-0.00011927471496164799,-0.00011897029071405996,-0.00011857905410579405,7.210010481313723e-05,-0.0013895679431543736,0.000783609856794662,0.0014686324516267654,-0.0021953416522592305,-0.0019346076878719032,-0.0015503854374401271,-0.0010283261653967202,-0.0003499835380353034,1.0,1.0000000001891776
AB,Movies,42,text,2,1,0.1437765210866928,-0.029954726851680234,0.00034075831285006484,0.029954726851680234,-0.030385370180010796,-0.030192970763891935,-0.029973438940942287,-0.029707633890211582,-0.029484330303967,0.09449497034021934,-0.055153261481349906,0.0009581000978046549,0.055153261481349906,-0.05596286430954933,-0.05581797752529383,-0.05552389472723007,-0.05479119997471571,-0.05374994203448295,0.9053082366945535,-0.00039157654937612725,1.7521313926074572e-06,0.00039157654937612725,-0.00039322233642451464,-0.0003926826248061843,-0.00039190232928376645,-0.00039090210339054465,-0.0003896165842888877,0.00019689521756779935,0.5802657805962377,0.0009945564594170755,0.5802657805962377,0.579290509223938,0.5795781761407852,0.5799954235553741,0.580690011382103,0.5817190825939178,1.0,1.0000001022523406
AB,Movies,42,text,3,1,0.1437765210866928,-0.03165321445853169,0.000259965844729481,0.03165321445853169,-0.03198072798550129,-0.031835829839110374,-0.031669981777668,-0.03146455157548189,-0.03129359856247902,0.034862193043190985,-0.05079945069496411,0.0014527642034722608,0.05079945069496411,-0.052088580280542376,-0.05182607192546129,-0.05134637653827667,-0.050194453448057175,-0.04861733913421631,0.9649225477367618,-0.0006553762678618419,2.9325182733535007e-06,0.0006553762678618419,-0.0006581307854503394,-0.0006572274724021554,-0.0006559215253219008,-0.0006542474584421143,-0.0006520959257613867,0.00021530081820319357,-0.15346542382237435,0.0014822359042942004,0.15346542382237435,-0.15484055429697036,-0.1545107588171959,-0.15395782887935638,-0.15282247960567474,-0.1512417733669281,1.0,1.000000041598156
AB,Movies,42,visual,0,1,0.09616197645664215,0.06488477047590893,0.0006439044439166884,0.06488477047590893,0.06405911594629288,0.06448124535381794,0.06490498036146164,0.06530006416141987,0.06570465117692947,-0.1180861508816705,0.004132063451991148,0.004004278015146062,0.00488896674246501,-0.0011917549883946775,0.001385645882692188,0.004452815279364586,0.0071543315425515175,0.009215970803052188,1.1186591614972434,0.0005046486995108831,0.0001118673818295883,0.0005046486995108831,0.0003589734144043177,0.0004433486901689321,0.0005196258134674281,0.0005830049922224134,0.0006288557138759643,-0.0005729930865844278,0.2384153117082527,0.003551480178581706,0.2384153117082527,0.23356012552976607,0.2360033541917801,0.2387649118900299,0.24112118035554886,0.24287010431289674,1.0,1.0000000175289885
AB,Movies,42,visual,1,1,0.09616197645664215,-0.021407525416534224,0.00023203868140205317,0.021407525416534224,-0.02170282378792763,-0.02155690686777234,-0.021414832212030888,-0.021262118592858315,-0.02111007831990719,-0.008928680119539676,0.018290299269626133,0.005286758959356415,0.018291018941045754,0.011307335551828146,0.014533614739775658,0.01845385041087866,0.02215943392366171,0.02504441849887371,1.009498519251267,-0.00011691899225911906,2.591787427342011e-05,0.00011691899225911906,-0.00014569576451322063,-0.00013507288531400263,-0.00012038894783472642,-0.00010271676728734747,-8.316836829180829e-05,-0.0005698258263436862,0.1399405329066352,0.005232130298202827,0.1399405329066352,0.13301820904016495,0.1362403966486454,0.14008712768554688,0.1437656134366989,0.14658233374357224,1.0,1.0000000133053837
AB,Movies,42,visual,2,1,0.09616197645664215,-0.02158587498433044,0.00021801829222855713,0.02158587498433044,-0.02186361327767372,-0.021726561710238457,-0.021592801436781883,-0.021449069026857615,-0.021306217834353446,-0.040259813868938815,0.005543684451718761,0.002468072735018473,0.0056237094049301365,0.002189837582409382,0.004122778307646513,0.005896809510886669,0.007344482699409127,0.008415381703525782,1.0400054803210477,-0.00017727765721876383,3.929780734853596e-05,0.00017727765721876383,-0.00022091024584369734,-0.00020480337843764573,-0.00018253895541420206,-0.00015574363351333886,-0.00012610349513124673,0.00025459037875663073,0.7020905896906889,0.0023652866516447315,0.7020905896906889,0.6988830089569091,0.7007316797971725,0.7024224996566772,0.7038312703371048,0.7048445582389832,1.0,1.0000002568308655
AB,Movies,42,visual,3,1,0.09616197645664215,-0.02189137010364534,0.00019385038638011903,0.02189137010364534,-0.022138052433729172,-0.02201676554977894,-0.021897848695516586,-0.02176998183131218,-0.021642526797950267,-0.00017952235032403583,-0.004930229616626432,0.0011063156560959099,0.004930238739825393,-0.0063375038094818596,-0.005779593368060887,-0.004979002522304654,-0.00415881653316319,-0.0034373368369415404,0.9922136702601639,-0.0002104520325343852,4.665169636158212e-05,0.0002104520325343852,-0.00026224968896713106,-0.00024312871391884983,-0.00021669789566658437,-0.00018488829664420336,-0.00014970153424656018,0.007965876615326856,-0.05812828480391164,0.0010967317975160407,0.05812828480391164,-0.059532250836491586,-0.05895321909338236,-0.058160172775387764,-0.057356610894203186,-0.056660456210374834,1.0,1.0000000245251668
V3,Movies,42,text,0,1,0.15538321435451508,0.1041585289294011,4.862393289600487e-05,0.1041585289294011,0.10409275889396667,0.10413677804172039,0.10417007654905319,0.10419158637523651,0.10420571267604828,-0.005254652454603952,0.06263231521677011,0.00033019538538673384,0.06263231521677011,0.06218676045536995,0.06243548821657896,0.06267742812633514,0.06288091279566288,0.06301258206367492,0.0736507153923746,0.01270002080723569,0.0020548254480880906,0.01270002080723569,0.010166685562580826,0.013079381082206964,0.013597611803561449,0.013616185635328293,0.013616565614938736,0.9316042646973818,0.4062992481554138,0.0021842882160514744,0.4062992481554138,0.403558561205864,0.4064231440424919,0.4071492552757263,0.407427541911602,0.4075782775878906,1.0,1.0000003276351523
V3,Movies,42,text,1,1,0.15538321435451508,-0.034400802279059235,2.373761746719255e-05,0.034400802279059235,-0.03442543372511864,-0.034414734691381454,-0.03440430015325546,-0.034389927983284,-0.03437034264206886,-0.011911503249102248,-0.057980701868733366,0.0008708429389925181,0.057980701868733366,-0.05872929915785789,-0.058583129197359085,-0.05828384310007095,-0.057655492797493935,-0.05679766349494457,0.8808666571724301,-0.0019851104005169217,0.0003211849348014345,0.0019851104005169217,-0.0021283733658492565,-0.0021283139940351248,-0.0021254108287394047,-0.002044407359790057,-0.001589130726642907,0.131044861252859,-0.03641542865711062,0.0009283220943182158,0.03641542865711062,-0.037244534492492674,-0.03708446491509676,-0.03671529144048691,-0.0360213927924633,-0.03517567366361618,1.0,1.0000000151761868
V3,Movies,42,text,2,1,0.15538321435451508,-0.034030203918002246,1.8874208506588994e-05,0.034030203918002246,-0.03404791243374348,-0.03404299262911081,-0.03403511270880699,-0.03402199503034353,-0.03400485664606094,-0.002423629306221716,-0.0665300662440271,0.001158421962967565,0.0665300662440271,-0.06743896678090096,-0.0673021525144577,-0.0670001208782196,-0.06616838276386261,-0.06488321125507354,0.7494969629257171,-0.0042402152957762215,0.0006860541732104643,0.0042402152957762215,-0.004546226467937231,-0.004546099342405796,-0.004539898131042719,-0.0043668742291629314,-0.003394398884847761,0.25292676663125313,0.5372550257279639,0.0013258120802523198,0.5372550257279639,0.5361147046089172,0.536284789443016,0.5367538332939148,0.5378560125827789,0.5391084790229798,1.0,1.0000001002507486
V3,Movies,42,text,3,1,0.15538321435451508,-0.03572752270195097,1.9899998686585493e-05,0.03572752270195097,-0.03574645482003689,-0.035741403698921204,-0.035733116790652275,-0.03571898862719536,-0.035699798911809924,0.001252509297286413,-0.06948269409643247,0.0018240331312549844,0.06948269409643247,-0.07092902585864067,-0.07073448412120342,-0.07022139057517052,-0.068897295743227,-0.06683155074715615,0.7560882965360503,-0.006474695561928195,0.001047586410885568,0.006474695561928195,-0.006941966246813536,-0.006941772531718016,-0.0069323035422712564,-0.006668100017122924,-0.0051831562072038664,0.24265919629857355,-0.2056992591953981,0.0020903683447031874,0.2056992591953981,-0.20752559453248978,-0.20725511386990547,-0.2064659148454666,-0.20472214743494987,-0.20275606513023375,1.0,1.0000000021319102
V3,Movies,42,visual,0,1,0.10206595063209534,0.06891085740604265,0.0002251414853068559,0.06891085740604265,0.06865670531988144,0.06870589777827263,0.0688529759645462,0.06910509802401066,0.06927118450403214,-0.015049595344178344,0.013347452994652322,0.002701982692388611,0.013347751644390613,0.009625249821692706,0.011874392861500382,0.01384790614247322,0.015338386641815305,0.01635334622114897,0.5103355056676636,0.006465870966140182,0.002611857241311548,0.006465870966140182,0.0030296267941594124,0.00454667117446661,0.0064350091852247715,0.008470008615404367,0.010334271378815174,0.5047140677378418,0.26674574647177435,0.003917411621831486,0.26674574647177435,0.26138485968112946,0.26407165825366974,0.267085462808609,0.2698156610131264,0.27164911925792695,1.0,0.999999978061327
V3,Movies,42,visual,1,1,0.10206595063209534,-0.022662635469534783,8.31218521053935e-05,0.022662635469534783,-0.022795704752206804,-0.022734275087714195,-0.02264128252863884,-0.022586919832974672,-0.02256881631910801,-0.0028592095630649993,0.00477833906706897,0.003059419593438676,0.004831948520802707,0.001103155838791281,0.002437302900943905,0.004411041969433427,0.006905372254550457,0.0089656637981534,0.93152186169045,-0.001364707064279686,0.0005512668045865289,0.001364707064279686,-0.002181183872744441,-0.001787706627510488,-0.0013581932871602476,-0.0009596346935722977,-0.0006394425872713327,0.07133735884885191,0.10553785030696104,0.003236545705732124,0.10553785030696104,0.10165630578994751,0.10303198173642159,0.10518094524741173,0.10787071101367474,0.1099824771285057,1.0,1.000000010976237
V3,Movies,42,visual,2,1,0.10206595063209534,-0.02286939230642948,7.772196176625752e-05,0.02286939230642948,-0.022993792966008186,-0.02293646289035678,-0.02284941077232361,-0.02279862528666854,-0.022781664691865443,-0.003804023962475172,-0.002521471548129259,0.0005489312972834262,0.002521471548129259,-0.0031826192513108253,-0.002934552088845521,-0.0025868519442155957,-0.0021625837543979287,-0.0017633615643717349,0.2827098801818678,-0.002100518228451331,0.0008484941581951658,0.002100518228451331,-0.003357215947471559,-0.0027515870751813054,-0.002090492518618703,-0.0014770423586014658,-0.000984211836475879,0.7210942990018449,0.6730460014387307,0.0010029027071284734,0.6730460014387307,0.6718030333518982,0.6722970455884933,0.6729710698127747,0.6737242490053177,0.6744004309177398,1.0,1.0000001552212374
V3,Movies,42,visual,3,1,0.10206595063209534,-0.02337882969018533,6.42981482808398e-05,0.02337882969018533,-0.02348172143101692,-0.023434330709278584,-0.023362385109066963,-0.023320262786000967,-0.0233062282204628,-0.0013783558710239105,-0.032063261015901984,0.0022732842021767007,0.032063261015901984,-0.03439403288066387,-0.03377890679985285,-0.03271453455090523,-0.030840016901493073,-0.028612209483981133,0.7915965777549425,-0.0030006464605518922,0.0012120965951420606,0.0030006464605518922,-0.004795872746035457,-0.003930715727619827,-0.0029863242525607347,-0.0021099945879541337,-0.0014059728826396167,0.2097817863543256,-0.10864994221057693,0.002511930717141914,0.10864994221057693,-0.11146709695458412,-0.11043768376111984,-0.10911615565419197,-0.10725106112658978,-0.10514198765158653,1.0,1.0000000082382443
V3.1,Movies,42,text,0,0,0.0,0.0,0.0,0.0,0.0,0.0,0.0,0.0,0.0,0.0,0.060068909128441435,0.0005131376687525635,0.060068909128441435,0.05937844701111317,0.05978110618889332,0.06015416793525219,0.06045192666351795,0.06065160781145096,1.0006182737600873,0.0011469941083600476,3.0611646914933543e-06,0.0011469941083600476,0.001143544539809227,0.0011456994398031384,0.0011475199717096984,0.001148947369074449,0.0011499898973852396,-0.0006179929571963836,0.29260909147632097,0.0005128115785196179,0.29260909147632097,0.2919188469648361,0.29232194274663925,0.29269498586654663,0.29299189150333405,0.2931899666786194,1.0,1.000000280802891
V3.1,Movies,42,text,1,0,0.0,0.0,0.0,0.0,0.0,0.0,0.0,0.0,0.0,0.0,-0.048262382486804735,0.0008995151498769392,0.048262382486804735,-0.0491055428981781,-0.048898196779191494,-0.04855385422706604,-0.04785315692424774,-0.047029174491763116,0.9999513850973933,-0.00015417249823382258,4.1146457069937325e-07,0.00015417249823382258,-0.0001545751714729704,-0.00015443504526047036,-0.00015424317825818434,-0.00015399846961372532,-0.00015370882611023262,4.86091351036645e-05,0.018415562752316993,0.0008995587887915438,0.018415562752316993,0.01757240518927574,0.017779770772904158,0.01812412403523922,0.018825386185199022,0.019648925215005875,1.0,0.999999994232497
V3.1,Movies,42,text,2,0,0.0,0.0,0.0,0.0,0.0,0.0,0.0,0.0,0.0,0.0,-0.05546610007950081,0.0008915138170482801,0.05546610007950081,-0.05621275492012501,-0.05608000047504902,-0.05581194907426834,-0.055135609582066536,-0.054164615273475644,0.9998382874758567,-0.00042218521136005717,1.1267524553513928e-06,0.00042218521136005717,-0.0004232879000483081,-0.0004229041514918208,-0.0004223787545925006,-0.0004217086752760224,-0.00042091547802556304,0.00016181321214534748,0.5984754066363749,0.000891657308751275,0.5984754066363749,0.5977287471294404,0.5978610813617706,0.5981292128562927,0.5988057255744934,0.5997771084308624,1.0,1.000000100688002
V3.1,Movies,42,text,3,0,0.0,0.0,0.0,0.0,0.0,0.0,0.0,0.0,0.0,0.0,-0.050825087493464295,0.0013858598726999543,0.050825087493464295,-0.05204229690134525,-0.051808588206768036,-0.05134943127632141,-0.05025806836783886,-0.048758727684617045,0.9998567490849423,-0.0005706364392011501,1.5229476270060143e-06,0.0005706364392011501,-0.0005721268767956645,-0.0005716081795981154,-0.0005708980315830559,-0.0005699923058273271,-0.0005689202167559415,0.000143257540532866,-0.13154597061278653,0.0013860576041083228,0.13154597061278653,-0.13276319950819016,-0.1325298510491848,-0.13207049667835236,-0.13097990304231644,-0.12947956025600432,1.0,1.000000006625475
V3.1,Movies,42,visual,0,0,0.0,0.0,0.0,0.0,0.0,0.0,0.0,0.0,0.0,0.0,0.026711437509004097,0.011561397335599344,0.027247847069386436,0.01164724798873067,0.020751580595970154,0.0289817713201046,0.035491520538926125,0.039320573955774304,0.9991812096777056,0.00034955835639311427,0.00011231152630767389,0.00034955835639311427,0.0002051294839475304,0.0002803299648803659,0.0003567745443433523,0.0004277148764231242,0.00048555960238445546,0.0008187911967140394,0.2210372938424163,0.011570329361093607,0.2210372938424163,0.20598093718290328,0.21507685258984566,0.22330192476511002,0.22982006147503853,0.23364806026220322,1.0,1.0000000008744196
V3.1,Movies,42,visual,1,0,0.0,0.0,0.0,0.0,0.0,0.0,0.0,0.0,0.0,0.0,0.0006520337676315936,0.013485968457447341,0.011015874038556065,-0.017508982121944426,-0.009126241784542799,0.0003518577432259917,0.010464356746524572,0.018728045374155042,1.0000113300844415,-2.3383384264573702e-05,7.512976113203167e-06,2.3383384264573702e-05,-3.248106440878473e-05,-2.861159327949281e-05,-2.3866105038905516e-05,-1.8752414234768366e-05,-1.3721948016609531e-05,-1.1328190437695089e-05,0.12319207211800863,0.013485813570168873,0.12319207211800863,0.1050321064889431,0.11341639049351215,0.12289030477404594,0.1330074705183506,0.14127616435289383,1.0,1.0000000018940038
V3.1,Movies,42,visual,2,0,0.0,0.0,0.0,0.0,0.0,0.0,0.0,0.0,0.0,0.0,-0.011321522285351859,0.0037703571448827427,0.01132169206130391,-0.016381125897169113,-0.013931952184066176,-0.011184681672602892,-0.008622226072475314,-0.00649205194786191,0.9989467091933372,-0.00015091456943348893,4.8488171844428736e-05,0.00015091456943348893,-0.00020963029528502374,-0.00018465702669345774,-0.0001540300145279616,-0.00012102664368285332,-8.856039785314352e-05,0.0010532511566850632,0.6885577112564999,0.0037740225801771426,0.6885577112564999,0.6834922015666962,0.6859370023012161,0.6886970698833466,0.6912580281496048,0.6933973610401154,1.0,0.9999999603500223
V3.1,Movies,42,visual,3,0,0.0,0.0,0.0,0.0,0.0,0.0,0.0,0.0,0.0,0.0,-0.023391140450481254,0.0025609862794552514,0.023391140450481254,-0.026378885470330717,-0.025295478757470846,-0.023829392157495022,-0.021788466721773148,-0.01970774997025728,0.9974495753854661,-0.00017526042315870426,5.631038505442747e-05,0.00017526042315870426,-0.00024344829143956303,-0.00021444628509925678,-0.00017887845751829445,-0.00014055091378395446,-0.00010284714808221907,0.002550427364837403,-0.07710329649903795,0.002566922246117331,0.07710329649903795,-0.08009568452835084,-0.07900669798254967,-0.07754246518015862,-0.07549993507564068,-0.07341495230793953,1.0,1.0000000027503035
B,Movies,43,text,0,1,0.14929644763469696,0.09621906199808913,0.0009800929416651407,0.09621906199808913,0.09492779299616813,0.09558251686394215,0.09625048190355301,0.09684108383953571,0.09741495177149773,0.018090815667750195,0.06665653773586153,0.00044707525300193175,0.06665653773586153,0.06608741283416748,0.06645778752863407,0.06676784157752991,0.06697073392570019,0.06708648428320885,0.0366536910494205,0.010620959155810138,0.002370300894708769,0.010620959155810138,0.007292266935110092,0.009598782751709223,0.011470397002995014,0.012469913111999631,0.012639742717146874,0.9452555222791809,0.40539018781730574,0.0023523424682899588,0.40539018781730574,0.40215094983577726,0.4044501483440399,0.4060433357954025,0.40699242800474167,0.40763404965400696,1.0,1.0000000289963515
B,Movies,43,text,1,1,0.14929644763469696,-0.0317815535250674,0.00034226954247518746,0.0317815535250674,-0.032199233397841455,-0.03200119640678167,-0.03179108537733555,-0.03155865799635649,-0.03133244290947914,0.010237605114748789,-0.0553454583843244,0.001539496290394558,0.0553454583843244,-0.056773625686764716,-0.05645269341766834,-0.05579979717731476,-0.0547048831358552,-0.053237137570977214,0.9234649516357675,-0.0019381988168915118,0.0004325517422426155,0.0019381988168915118,-0.0023066027788445354,-0.0022756108664907515,-0.0020932111656293273,-0.001751663745380938,-0.0013307521003298464,0.06629744562349812,-0.01175502112081301,0.0015913805741844275,0.01175502112081301,-0.013303526304662227,-0.01287583471275866,-0.012165235821157694,-0.011058499570935965,-0.009615371376276017,1.0,1.0000000023740143
B,Movies,43,text,2,1,0.14929644763469696,-0.031290668271117324,0.00036775042983136594,0.031290668271117324,-0.031737570837140086,-0.03152331802994013,-0.03130259923636913,-0.03105250047519803,-0.030806424096226692,-0.003897702566110573,-0.04126893750589874,0.0017428983281054036,0.04126893750589874,-0.0430466003715992,-0.042559522204101086,-0.04172021709382534,-0.040380400605499744,-0.03882626406848431,0.8196176699238156,-0.0037378424291817486,0.0008341818415932861,0.0037378424291817486,-0.00444831452332437,-0.0043885462218895555,-0.004036785801872611,-0.0033781069796532393,-0.0025663731154054407,0.18427978352071822,0.572937442933615,0.001926053408043858,0.572937442933615,0.5709093332290649,0.5715124905109406,0.5725055634975433,0.5739758461713791,0.5756115436553955,1.0,0.9999997508784232
B,Movies,43,text,3,1,0.14929644763469696,-0.033146840247822544,0.0002711742198586413,0.033146840247822544,-0.033476023748517034,-0.03331878315657377,-0.033158374950289726,-0.03297301474958658,-0.03278818726539612,-0.011537307526135942,-0.04915729619186343,0.0015182321461012865,0.04915729619186343,-0.050467400997877124,-0.05023419391363859,-0.04971325397491455,-0.048577326349914074,-0.04692243151366711,0.6706835920282507,-0.004944917727248829,0.0011035672731960935,0.004944917727248829,-0.005884825205430389,-0.005805755499750376,-0.005340399919077754,-0.004469011561013758,-0.0033951416378840806,0.34085377699462116,-0.17649361361068408,0.0018564688800096069,0.17649361361068408,-0.17831839472055436,-0.17787891626358032,-0.17700031399726868,-0.17558547854423523,-0.17398740202188492,1.0,1.000000061496736
B,Movies,43,visual,0,1,0.10539264231920242,0.07088515616778192,0.0009435256248041717,0.07088515616778192,0.06970230117440224,0.07022462412714958,0.0708436444401741,0.07154558412730694,0.07215632721781731,-0.09982866376176854,0.0169865202574861,0.0049932377589719315,0.017113348600075705,0.010746518895030022,0.01568973110988736,0.01864774525165558,0.020193451084196568,0.021031119488179685,0.8787044820701031,0.007348316399897135,0.002362306469670378,0.007348316399897135,0.004196603875607253,0.00585342082194984,0.007549538742750883,0.009166717063635588,0.01036080028861761,0.22112418597500813,0.2810997299782059,0.004918525077284109,0.2810997299782059,0.2750050097703934,0.279175341129303,0.2821686267852783,0.28438127040863037,0.2859777003526688,1.0,1.0000000042833428
B,Movies,43,visual,1,1,0.10539264231920242,-0.023314152714092956,0.00034672907605665223,0.023314152714092956,-0.023781351186335085,-0.023556401021778584,-0.02329845353960991,-0.023071080446243286,-0.02288006227463484,-0.0024185393604623504,0.003430235159944171,0.008294945387044677,0.007318420064362664,-0.007404961669817567,-0.002975778596010059,0.0032272881362587214,0.009622469544410706,0.014759839419275519,1.001396178778891,-0.0006908777290651499,0.00022210052514252113,0.0006908777290651499,-0.0009741069981828332,-0.0008618410647613928,-0.0007097963825799525,-0.0005503298889379948,-0.0003945584321627394,0.0010223696900827687,0.1129953393555334,0.008272886674484994,0.1129953393555334,0.10211653336882591,0.10657792538404465,0.1128610260784626,0.1191958449780941,0.12428712397813797,1.0,1.0000000091085115
B,Movies,43,visual,2,1,0.10539264231920242,-0.02362471453980909,0.0003149665020699205,0.02362471453980909,-0.02404903285205364,-0.023845245130360126,-0.023610884323716164,-0.023404167033731937,-0.023229910433292388,0.05136475181873156,-0.004992225987989723,0.0009569251051189026,0.004992225987989723,-0.006165412813425064,-0.005696105305105448,-0.005075605819001794,-0.004354120697826147,-0.003702512849122286,0.4861337860351779,-0.0028651537984684997,0.0009210778346029193,0.0028651537984684997,-0.00403974000364542,-0.003574159403797239,-0.002943611703813076,-0.0022822848986834288,-0.0016362817375920715,0.46250117628215437,0.6554579795114768,0.0013416602494302902,0.6554579795114768,0.6538161516189576,0.6545056700706482,0.6553455889225006,0.6562910974025726,0.6572320878505706,1.0,0.9999997141360638
B,Movies,43,visual,3,1,0.10539264231920242,-0.023946288892429057,0.00028183202012508273,0.023946288892429057,-0.024325638078153133,-0.02414381317794323,-0.023934396915137768,-0.02374927280470729,-0.023592860624194145,-0.009908429915094835,-0.03574355200012152,0.0034562227003007533,0.03574355200012152,-0.03934035636484623,-0.038463763892650604,-0.03669549524784088,-0.033736055716872215,-0.030482071451842785,0.9162110586993157,-0.0037922845470923982,0.0012191280074368464,0.0037922845470923982,-0.005346953077241779,-0.004730716114863753,-0.003896130481734872,-0.0030208059470169246,-0.002165763592347503,0.09369738478389461,-0.13582943116883156,0.003527582091054623,0.13582943116883156,-0.13964572101831435,-0.1384948492050171,-0.13662821054458618,-0.13378572091460228,-0.13067311495542527,1.0,1.0000000135681155
AB,Movies,43,text,0,1,0.14323556423187256,0.09279311170949889,0.0007547867861684557,0.09279311170949889,0.0917385146021843,0.09230924770236015,0.09285757318139076,0.0933405440300703,0.09370740354061127,0.8315936839740994,0.055259887619532155,0.0005754350057757619,0.055259887619532155,0.05451526790857315,0.05487461481243372,0.055280301719903946,0.05568994581699371,0.05599595755338669,0.16483491354133756,0.0010226013777924635,1.9581696481073953e-05,0.0010226013777924635,0.0010018571279942988,0.0010178559750784189,0.001028184953611344,0.0010343391622882336,0.001037969463504851,0.0035714343548596318,0.362881261408472,0.0005972783568623901,0.362881261408472,0.3621245861053467,0.3624720498919487,0.36287732422351837,0.3632699027657509,0.3636086344718933,1.0,1.0000000318702966
AB,Movies,43,text,1,1,0.14323556423187256,-0.030750773558634443,0.0002589539189706259,0.030750773558634443,-0.031065735220909118,-0.03093772055581212,-0.030773268081247807,-0.030585134867578745,-0.030388899520039557,0.06021423439832336,-0.055532322939120644,0.0010430761347844234,0.055532322939120644,-0.05644708499312401,-0.05625377129763365,-0.0558865275233984,-0.05513190384954214,-0.05413256213068962,0.9391106927616681,-0.0002052584717578728,3.93047496833533e-06,0.0002052584717578728,-0.0002083431783830747,-0.0002076144992315676,-0.00020637922716559842,-0.0002043059648713097,-0.0002010946613154374,0.0006750728010252501,-0.005176838507475888,0.0010781960365258652,0.005182208126099372,-0.006199799198657274,-0.005926281912252307,-0.0054682542104274035,-0.004733341280370951,-0.003749717120081187,1.0,0.9999999999610167
AB,Movies,43,text,2,1,0.14323556423187256,-0.030272288510156706,0.0002801919430547977,0.030272288510156706,-0.03061107639223337,-0.03047601692378521,-0.030296008102595806,-0.030092974193394184,-0.029880328662693502,0.05977515389199853,-0.04767435300029857,0.0012201985664082845,0.04767435300029857,-0.04871505945920944,-0.04852272663265467,-0.04811522550880909,-0.04720783233642578,-0.04600745737552643,0.9393256577698184,-0.0002962088635727564,5.672075392169243e-06,0.0002962088635727564,-0.00030066040053498,-0.0002996088660438545,-0.0002978262200485915,-0.0002948343026218936,-0.00029020006477367135,0.0008995120467924291,0.5813063263657169,0.0012669302731018578,0.5813063263657169,0.5801268815994263,0.5804264694452286,0.5809371769428253,0.5818195790052414,0.5830185949802399,1.0,1.0000003237086093
AB,Movies,43,text,3,1,0.14323556423187256,-0.031770049697686445,0.00021655038836551144,0.031770049697686445,-0.032031673938035965,-0.03192833159118891,-0.03178901597857475,-0.03163131233304739,-0.031467429175972936,0.023001696549662057,-0.05052552736925601,0.0016191209129530295,0.05052552736925601,-0.051969776302576064,-0.0516830263659358,-0.051110634580254555,-0.04982268251478672,-0.04812517389655113,0.97624529498317,-0.0005211340065498862,9.979145369376773e-06,0.0005211340065498862,-0.0005289657798130065,-0.0005271157715469599,-0.0005239794845692813,-0.0005187156639294699,-0.0005105624557472765,0.0007529911144565643,-0.16228554998622804,0.0016440483529307588,0.16228554998622804,-0.16379407942295074,-0.1634514294564724,-0.1628464236855507,-0.16157089173793793,-0.15985671430826187,1.0,0.9999999826472886
AB,Movies,43,visual,0,1,0.10092800110578537,0.06794899577478701,0.0008496956646734506,0.06794899577478701,0.06683355346322059,0.06735334359109402,0.06794573739171028,0.0685061402618885,0.0690575510263443,-0.1700363508049067,0.00516561351119347,0.004152559525452853,0.005901781787838314,-0.000687967956764623,0.002989314089063555,0.0058417413383722305,0.008099756902083755,0.009861339628696442,1.167577464814557,0.00035406709622320655,0.0001247768610865183,0.00035406709622320655,0.000196974232676439,0.00027486337057780474,0.00035914410545956343,0.0004368402878753841,0.0005024372832849621,0.0024588789099215785,0.24830178045015247,0.003516348364299982,0.24830178045015247,0.24329899698495866,0.2464800477027893,0.24885213375091553,0.2507564350962639,0.2523046672344208,1.0,0.9999999929195718
AB,Movies,43,visual,1,1,0.10092800110578537,-0.022429487414701865,0.0003047020885301868,0.022429487414701865,-0.022827073372900485,-0.022629044484347105,-0.02242799662053585,-0.02221562433987856,-0.02203008495271206,-0.010952477903357224,0.0026575124443341323,0.004840271300390806,0.004433392119555227,-0.0035722752334550025,-0.000783730240073055,0.0026461610104888678,0.0059542665258049965,0.00900023505091667,1.0112212067330086,-6.557988815779137e-05,2.311102239924091e-05,6.557988815779137e-05,-9.306084102718159e-05,-8.091103882179596e-05,-6.652024603681639e-05,-5.090986996947322e-05,-3.648333477030974e-05,-0.0002687325832172796,0.11659804329851682,0.004777323785741139,0.11659804329851682,0.11049002110958099,0.11318820714950562,0.11654854565858841,0.11985709704458714,0.12287108600139618,1.0,0.9999999962464341
AB,Movies,43,visual,2,1,0.10092800110578537,-0.02260598816731033,0.00028753002978273366,0.02260598816731033,-0.02298122700303793,-0.022794383578002453,-0.022604884579777718,-0.022404523566365242,-0.022228451445698738,0.10452239294158622,-0.0023819059051971903,0.0005510519449097196,0.0023819059051971903,-0.0030969186453148724,-0.002763628726825118,-0.0023944369750097394,-0.001985142705962062,-0.0016443926142528653,0.8875225580125776,-0.00012064598279266655,4.251687662227812e-05,0.00012064598279266655,-0.00017120212578447536,-0.00014885039126966149,-0.00012237593909958377,-9.365784899273422e-05,-6.711764290230348e-05,0.007954998106442627,0.6835003851371283,0.0005321464907406724,0.6835003851371283,0.6827962040901184,0.6831431090831757,0.6835236847400665,0.6838913559913635,0.684160029888153,1.0,0.9999999490606065
AB,Movies,43,visual,3,1,0.10092800110578537,-0.02291352018797073,0.0002574647552714696,0.02291352018797073,-0.023249225690960884,-0.023082407657057047,-0.022912954911589622,-0.022733340971171856,-0.02257505860179663,0.00177803871412058,-0.02822802449930048,0.0025257695971333937,0.02822802449930048,-0.030904806219041348,-0.03022810723632574,-0.028897547163069248,-0.026702789589762688,-0.02438147012144327,0.9964858837793692,-0.00016784122529564776,5.9148962149142046e-05,0.00016784122529564776,-0.0002381743222940713,-0.00020707886142190546,-0.00017024792032316327,-0.00013029565889155492,-9.337325536762364e-05,0.0017360891507904534,-0.09964478907091347,0.0025208648846348656,0.09964478907091347,-0.10233152285218239,-0.10162525065243244,-0.10031351447105408,-0.09812327474355698,-0.09578006044030189,1.0,1.0000000116442802
V3,Movies,43,text,0,1,0.13867977261543274,0.0931449464469569,2.76378092098558e-05,0.0931449464469569,0.09310947135090827,0.09313400834798813,0.09315144270658493,0.0931628942489624,0.09317152127623558,-0.004290941915165416,0.05796123177774837,0.0007104400768264496,0.05796123177774837,0.057009468972682956,0.057505435310304165,0.058027442544698715,0.0585009902715683,0.05885270647704601,0.17231090503693564,0.008917976273732371,0.0025209692963771234,0.008917976273732371,0.005301882093772292,0.007163546630181372,0.009633730631321669,0.011273396899923682,0.011364043317735195,0.8319800180705481,0.364767390802045,0.002972001226994513,0.364767390802045,0.36067686080932615,0.3624527081847191,0.36541061103343964,0.36754096299409866,0.3680714339017868,1.0,0.9999999811923184
V3,Movies,43,text,1,1,0.13867977261543274,-0.030886359222102804,1.3008630147236615e-05,0.030886359222102804,-0.030899571254849434,-0.030893793795257807,-0.030888190492987633,-0.030880735721439123,-0.03087059147655964,-0.0035477992854373247,-0.042750562075302076,0.0014224103393756537,0.042750562075302076,-0.04412902370095253,-0.04381174501031637,-0.043186310678720474,-0.04202267527580261,-0.040721670165657996,0.6758785493799977,-0.003370463033548963,0.0009527760063549315,0.003370463033548963,-0.004294930351898074,-0.004260671325027943,-0.00364097545389086,-0.0027073933742940426,-0.002003795257769525,0.32766924958610844,0.004370002716593355,0.0017857065038227847,0.004370002716593355,0.002368389395996928,0.0029706598725169897,0.00403403234668076,0.005358863156288862,0.0068329284898936745,1.0,0.9999999996806688
V3,Movies,43,text,2,1,0.13867977261543274,-0.030625751888694066,1.0338245069580492e-05,0.030625751888694066,-0.030635444447398186,-0.030632363632321358,-0.030628272332251072,-0.03062174003571272,-0.030612336471676826,-0.001740144340542125,-0.04191282601274493,0.001366022239901928,0.04191282601274493,-0.043121183291077614,-0.042893932200968266,-0.04241956025362015,-0.0413194028660655,-0.03987543173134327,0.6697560492634588,-0.0033527962075313553,0.0009477818779748701,0.0033527962075313553,-0.004272417956963181,-0.004238338558934629,-0.0036218907916918397,-0.0026932020555250347,-0.001993292011320591,0.33198411736368283,0.595295192931212,0.0016957004611164964,0.595295192931212,0.5934233903884888,0.5939775556325912,0.5949587821960449,0.5961823463439941,0.5976414978504181,1.0,1.0000000222865995
V3,Movies,43,text,3,1,0.13867977261543274,-0.03163283532565806,1.1731526504700735e-05,0.03163283532565806,-0.031643517315387726,-0.03164068982005119,-0.03163621574640274,-0.031628633849322796,-0.031616754829883575,0.0005024216586173732,-0.049104950994953885,0.0015972664012373686,0.049104950994953885,-0.05046085678040981,-0.0502340504899621,-0.04972553625702858,-0.04848509654402733,-0.04670869633555412,0.8689932086968694,-0.0021947181126160033,0.000620411717500203,0.0021947181126160033,-0.002796696382574737,-0.002774388180114329,-0.002370865549892187,-0.0017629521898925304,-0.001304795709438622,0.13050443264663952,-0.14840030895041983,0.0017154848160780148,0.14840030895041983,-0.15010049790143967,-0.14964931830763817,-0.1488804668188095,-0.14764554426074028,-0.1459161639213562,1.0,1.0000000630021262
V3,Movies,43,visual,0,1,0.09526485949754715,0.06435719964893502,0.00014075495057825393,0.06435719964893502,0.06416535452008247,0.0642356127500534,0.06435467675328255,0.06447764858603477,0.0645558439195156,-0.01384612337522021,0.003738960723147568,0.007385362554984643,0.00684183176630276,-0.0063482500612735745,-0.000846986033138819,0.004261046648025513,0.00907594570890069,0.012867679260671139,0.9808098962632374,0.0019093811134166972,0.0009913796557358833,0.0019093811134166972,0.0007234919408801943,0.0011791990837082267,0.0017896500648930669,0.0025178456562571228,0.003261403040960431,0.03303624292963148,0.22935461052452105,0.007462062418613101,0.22935461052452105,0.2192324236035347,0.22449807822704315,0.229816235601902,0.2347973771393299,0.23859555870294571,1.0,1.0000000158176487
V3,Movies,43,visual,1,1,0.09526485949754715,-0.021286463269100466,4.985387385761763e-05,0.021286463269100466,-0.021356757171452044,-0.02132925670593977,-0.02128557860851288,-0.021243319381028414,-0.021218462102115154,-0.0030678948872816364,0.008885233455378418,0.002309616263345406,0.008885236247670299,0.0058877862524241206,0.007378958165645599,0.0089190355502069,0.010393637232482433,0.01179214809089899,1.00127806423649,0.000764337906950924,0.000396855842325761,0.000764337906950924,0.00028961863135918976,0.0004720412034657784,0.0007164087728597224,0.0010079102939926088,0.0013055612449534237,0.0017898352297531913,0.12102322887375436,0.00227167705751732,0.12102322887375436,0.11813467592000962,0.11951827630400658,0.1210099533200264,0.12246455252170563,0.1238987497985363,1.0,1.0000000045789617
V3,Movies,43,visual,2,1,0.09526485949754715,-0.021475183379218776,4.6515444728565814e-05,0.021475183379218776,-0.0215408431366086,-0.021515015978366137,-0.02147434838116169,-0.021435024682432413,-0.021411784179508685,-0.010861602995661645,-0.0008853244814186329,0.0019449476955335579,0.001633833565273455,-0.003705800324678421,-0.002130689099431038,-0.0006155087321531028,0.0005614023102680221,0.0013488855096511541,0.9665171776917755,-0.000985563408213541,0.0005117194807920065,0.000985563408213541,-0.0016834352631121875,-0.0012996339064557105,-0.0009237619524355978,-0.0006086660432629287,-0.0003734441532287747,0.04434454045366339,0.6945254754832805,0.0019422060522179315,0.6945254754832805,0.69183429479599,0.6933072358369827,0.6947111785411835,0.6959252804517746,0.6968730032444,1.0,1.0000001151497773
V3,Movies,43,visual,3,1,0.09526485949754715,-0.021595553073906044,4.43963246950619e-05,0.021595553073906044,-0.02165815681219101,-0.021633457858115435,-0.021594670601189137,-0.021557244937866926,-0.021535117551684378,-0.0020225677792969016,-0.019377627464962296,0.0037377404290293717,0.019377627464962296,-0.02393671851605177,-0.02241210825741291,-0.01983347348868847,-0.016762640327215195,-0.014096606057137251,0.9758867299276242,-0.0016881557813549066,0.0008765161054964312,0.0016881557813549066,-0.002883529360406101,-0.0022261221893131733,-0.0015822970890440047,-0.0010425743530504405,-0.0006396664772182703,0.026135842600871036,-0.07571830326734172,0.003724312602027815,0.07571830326734172,-0.08029081597924233,-0.07862477004528046,-0.07614745199680328,-0.07312663644552231,-0.07051076889038085,1.0,1.0000000047491984
V3.1,Movies,43,text,0,0,0.0,0.0,0.0,0.0,0.0,0.0,0.0,0.0,0.0,0.0,0.05429882966714863,0.00032495469103858076,0.05429882966714863,0.05387643538415432,0.05410346668213606,0.054316721856594086,0.05452483519911766,0.054717714339494704,0.9982335927597776,0.0009804955311185195,3.501879972188822e-06,0.0009804955311185195,0.000976200372679159,0.0009788960160221905,0.0009810853516682982,0.0009828604815993458,0.0009842048864811658,0.0017663778931005022,0.2790695236613277,0.0003255113156939465,0.2790695236613277,0.27864531576633456,0.2788739502429962,0.2790887802839279,0.27929551899433136,0.2794893950223923,1.0,0.9999999706528782
V3.1,Movies,43,text,1,0,0.0,0.0,0.0,0.0,0.0,0.0,0.0,0.0,0.0,0.0,-0.041441892734693,0.0011565755056555816,0.041441892734693,-0.04262247979640961,-0.04227727651596069,-0.04177093878388405,-0.04084466490894556,-0.03980892077088356,0.9998777629039026,-0.00034344379875511546,1.2266237537170184e-06,0.00034344379875511546,-0.00034474310814403,-0.00034427216451149434,-0.00034365037572570145,-0.0003428835407248698,-0.00034193929459434,0.0001222359968623786,0.050572358577909045,0.001156716257478908,0.050572358577909045,0.04939165376126766,0.049736905843019485,0.05024343729019165,0.051170255057513714,0.05220616720616818,1.0,0.999999998900765
V3.1,Movies,43,text,2,0,0.0,0.0,0.0,0.0,0.0,0.0,0.0,0.0,0.0,0.0,-0.04196891380002948,0.0010490203056781225,0.04196891380002948,-0.04288665503263474,-0.04270738735795021,-0.04234394617378712,-0.04153859708458185,-0.04049984216690063,0.9999025646795853,-0.00015025531490598973,5.366430244337067e-07,0.00015025531490598973,-0.00015082375175552444,-0.00015061772501212545,-0.00015034569514682516,-0.00015001020437921397,-0.00014959709806134925,9.750918828364439e-05,0.6179072623732794,0.001049122394603399,0.6179072623732794,0.616989266872406,0.6171689331531525,0.6175323724746704,0.6183377504348755,0.6193766117095947,1.0,1.000000073867869
V3.1,Movies,43,text,3,0,0.0,0.0,0.0,0.0,0.0,0.0,0.0,0.0,0.0,0.0,-0.049555031812638976,0.0013530404519212997,0.049555031812638976,-0.05068599805235863,-0.05049711000174284,-0.05008065328001976,-0.049039388075470924,-0.047595507279038426,0.9997876923052186,-0.00048679652114592004,1.7386138265048146e-06,0.00048679652114592004,-0.000488638156093657,-0.00048797066119732335,-0.00048708933172747493,-0.0004860024055233225,-0.00048466404259670524,0.00021230457223916815,-0.12776837128861637,0.0013533266870440115,0.12776837128861637,-0.1288997173309326,-0.12871078774333,-0.12829414010047913,-0.1272534839808941,-0.1258082464337349,1.0,0.9999999968774578
V3.1,Movies,43,visual,0,0,0.0,0.0,0.0,0.0,0.0,0.0,0.0,0.0,0.0,0.0,0.010279151598148795,0.007591359312520641,0.011678476029447315,-0.0009138328721746793,0.006969953654333949,0.012086986098438501,0.015685259364545345,0.018097039498388767,0.9991431262996546,0.0002872928495764579,0.00010038415493778556,0.0002872928495764579,0.0001599753537448123,0.00022330934734782204,0.0002899111568694934,0.00035525974089978263,0.0004099474230315536,0.0008568807482355456,0.19890835996978198,0.0075972082084143425,0.19890835996978198,0.18767098635435103,0.1955914869904518,0.20072120428085327,0.20433080941438675,0.20671277046203612,1.0,1.0000000070478903
V3.1,Movies,43,visual,1,0,0.0,0.0,0.0,0.0,0.0,0.0,0.0,0.0,0.0,0.0,0.000773698182409977,0.0076397123847139715,0.006277263160584457,-0.008957433886826039,-0.005069537204690278,0.0005033128836657852,0.0061014905804768205,0.011107539013028144,1.0000222422427354,-1.016470545024487e-05,3.551690787560597e-06,1.016470545024487e-05,-1.450434510843479e-05,-1.256944119631953e-05,-1.0257343546982156e-05,-7.900905529822921e-06,-5.6600864809297494e-06,-2.223834220488229e-05,0.13515460289498138,0.007639541640502764,0.13515460289498138,0.12542440891265869,0.12931378930807114,0.13488377630710602,0.1404813751578331,0.14549074769020082,1.0,1.0000000039005306
V3.1,Movies,43,visual,2,0,0.0,0.0,0.0,0.0,0.0,0.0,0.0,0.0,0.0,0.0,-0.005979010441080736,0.0017129699701766226,0.005979100988899898,-0.008140059281140566,-0.007245031534694135,-0.006058598635718226,-0.004780143266543746,-0.0036686548497527837,0.9989858297797702,-9.530590251949239e-05,3.3301220304025624e-05,9.530590251949239e-05,-0.0001359950634650886,-0.00011785308743128553,-9.617449177312665e-05,-7.408015517285094e-05,-5.3069874411448836e-05,0.0010141901285573645,0.69657402510635,0.0017143858028986234,0.69657402510635,0.6944074332714081,0.6953109353780746,0.6964937150478363,0.6977757066488266,0.6988807260990143,1.0,1.0000000199083277
V3.1,Movies,43,visual,3,0,0.0,0.0,0.0,0.0,0.0,0.0,0.0,0.0,0.0,0.0,-0.028183097284575014,0.0030458978806812867,0.028183097284575014,-0.03150488846004009,-0.030629334971308708,-0.028919385746121407,-0.02627149736508727,-0.02362748682498932,0.9986101056305733,-0.0001818222574220185,6.353124940320292e-05,0.0001818222574220185,-0.00025944802910089494,-0.0002248372184112668,-0.0001834793365560472,-0.00014132829892332666,-0.00010124540276592598,0.0013899004869914141,-0.08344687563644261,0.003049476641639251,0.08344687563644261,-0.08677685335278511,-0.08589601516723633,-0.08418900519609451,-0.08152205683290958,-0.07889424785971641,1.0,1.0000000061175647
B,Movies,44,text,0,1,0.14044776558876038,0.09220144917451975,0.0006233165802035171,0.09220144917451975,0.09128294140100479,0.09179915115237236,0.09227513521909714,0.09266375005245209,0.09295658767223358,-0.11886421806843069,0.049688422654026086,0.0012995401529216537,0.049688422654026086,0.04796842485666275,0.04883263912051916,0.04975009895861149,0.050715054385364056,0.05135473795235157,0.30256450288438747,0.009349917601799937,0.0024160356591958953,0.009349917601799937,0.005942963389679789,0.008011916652321815,0.009857486933469772,0.011577979428693652,0.011694763507694005,0.8162997859615208,0.3442678519143882,0.002805440037816223,0.3442678519143882,0.3404886484146118,0.34240081161260605,0.34442080557346344,0.3468145877122879,0.3475703001022339,1.0,1.0000000707774774
B,Movies,44,text,1,1,0.14044776558876038,-0.03056542444565278,0.0002131713565420779,0.03056542444565278,-0.030824375338852406,-0.03072334686294198,-0.0305893337354064,-0.030428478959947824,-0.030256509594619275,-0.034354332273254996,-0.05289445353753243,0.0010274677864085147,0.05289445353753243,-0.05379979722201824,-0.05362610053271055,-0.05324559658765793,-0.052484544925391674,-0.051488494873046874,0.56587946645943,-0.0038113829143757863,0.0009848682548381554,0.0038113829143757863,-0.004767231503501534,-0.004719625925645232,-0.004018287407234311,-0.003265962761361152,-0.0024225784931331874,0.46847486678779654,0.010067177137392153,0.0013415444850932846,0.010067177137392153,0.008690203540027142,0.009044054662808776,0.0097523950971663,0.01076133269816637,0.01190476082265377,1.0,1.0000000009739716
B,Movies,44,text,2,1,0.14044776558876038,-0.030210148991687107,0.00022918732798586346,0.030210148991687107,-0.03048738241195679,-0.03038075240328908,-0.03023663628846407,-0.030062223318964243,-0.02987144812941551,-0.015421430414504198,-0.03128304146386633,0.0016719105913525505,0.03128304146386633,-0.033063780143857004,-0.032533884048461914,-0.03171594627201557,-0.030316668562591076,-0.028762410581111907,0.9236037158906062,-0.002101697135306848,0.0005430823500058884,0.002101697135306848,-0.0026287773391231893,-0.002602526277769357,-0.0022157898638397455,-0.001800937985535711,-0.001335873710922897,0.09181805288372692,0.6228216198807486,0.0017402866744846307,0.6228216198807486,0.6209058403968811,0.6215095818042755,0.6224499344825745,0.6238275170326233,0.625367933511734,1.0,1.0000003383598288
B,Movies,44,text,3,1,0.14044776558876038,-0.03142587566377788,0.0001816292479845471,0.03142587566377788,-0.031644486263394354,-0.03156176581978798,-0.031447725370526314,-0.031309367157518864,-0.0311567647382617,-0.008534842920695843,-0.042551776069134205,0.0016914742611185748,0.042551776069134205,-0.044080822914838794,-0.04376823827624321,-0.04315393976867199,-0.04182103928178549,-0.04002136699855328,0.822669085615127,-0.003436835927182808,0.000888084633713609,0.003436835927182808,-0.004298752546310425,-0.004255825420841575,-0.0036234077997505665,-0.0029450145084410906,-0.0021845102310180664,0.18586573631482917,-0.12860905114452278,0.001843929639396536,0.12860905114452278,-0.13046931475400925,-0.12999755144119263,-0.12911400198936462,-0.12765564396977425,-0.12599694281816481,1.0,0.9999999790092603
B,Movies,44,visual,0,1,0.08709296584129333,0.058877311441144636,5.961324030001544e-05,0.058877311441144636,0.05879877805709839,0.05883536394685507,0.05887780338525772,0.05891900137066841,0.05895333290100098,-0.007084941527731008,-0.005759514741564218,0.003400242915929176,0.005875346874531233,-0.010161326080560683,-0.008472346002236009,-0.005970665253698826,-0.0032581815612502396,-0.001034228794742378,0.9488782901470975,0.001357407402189673,0.0010976564379106878,0.001357407402189673,0.00031826368358451874,0.0005462874396471307,0.0009831032948568463,0.0018392933416180313,0.003180338186211884,0.05820667487351774,0.19505816784413843,0.0033907045729812623,0.19505816784413843,0.190717875957489,0.1926027610898018,0.19485576450824738,0.19745005294680595,0.19967690408229827,1.0,1.000000023492884
B,Movies,44,visual,1,1,0.08709296584129333,-0.019508509751679216,2.0927375631677904e-05,0.019508509751679216,-0.019535244442522526,-0.019523256924003363,-0.019508720375597477,-0.019493727013468742,-0.019481063075363635,8.050243892714236e-05,0.029084095112544138,0.005189022340851911,0.029084095112544138,0.021848207153379918,0.02561124600470066,0.029598694294691086,0.03301850613206625,0.035531756654381755,0.9712909219075814,0.0011666949168814592,0.000943438341575976,0.0011666949168814592,0.0002735483867581934,0.00046953534183558077,0.000844979687826708,0.0015808770549483597,0.002733508381061256,0.028628587600754967,0.1687576507152042,0.005256601324373227,0.1687576507152042,0.16145559698343276,0.1652180626988411,0.16922347992658615,0.17271500825881958,0.17532485276460646,1.0,1.0000000119472634
B,Movies,44,visual,2,1,0.08709296584129333,-0.019666791198960185,1.9497571487655806e-05,0.019666791198960185,-0.019691731408238412,-0.01968041667714715,-0.019666937179863453,-0.019653143361210823,-0.019641072303056718,-0.002854813596640428,0.0074894684285612126,0.001726667136110117,0.007490234882579776,0.005086365155875683,0.006476891576312482,0.007774517638608813,0.008818525122478604,0.009459576662629842,0.9969307586022134,0.000132049842860636,0.0001067810298206734,0.000132049842860636,3.0960984440753235e-05,5.3143344302952755e-05,9.563719868310727e-05,0.00017892814867082052,0.00030938624404370786,0.0059241701570764554,0.7219193492749717,0.0017288644212890168,0.7219193492749717,0.7195048749446868,0.7209052294492722,0.7222206890583038,0.723251610994339,0.7238894820213317,1.0,1.0000001151626494
B,Movies,44,visual,3,1,0.08709296584129333,-0.01970201056323688,1.955976129152708e-05,0.01970201056323688,-0.019727102480828762,-0.019715639296919107,-0.019702119752764702,-0.01968832639977336,-0.01967624444514513,-0.0006586962615324672,-0.003205738618394888,0.001550129820796765,0.003228073155266094,-0.005236186506226659,-0.004326523165218532,-0.0032146836165338755,-0.002146163722500205,-0.0011884299223311246,0.3168510906851727,-0.0026561522221135265,0.0021478758585143916,0.0026561522221135265,-0.0062232330907136205,-0.003599098534323275,-0.0019237202941440046,-0.0010689661430660635,-0.0006227730889804662,0.6838076024058188,-0.042027767863162147,0.0024674268846160167,0.042027767863162147,-0.045719803869724275,-0.043438500724732876,-0.04175828769803047,-0.04032282531261444,-0.03909834511578083,1.0,0.9999999968294591
AB,Movies,44,text,0,1,0.1495012640953064,0.09617613087946303,0.0010765908092162549,0.09617613087946303,0.0947109580039978,0.09541337005794048,0.09625234827399254,0.0970004815608263,0.09752111732959748,0.8463622395595851,0.06078390028053312,0.0004645537115824636,0.06078390028053312,0.06021948009729385,0.060589696280658245,0.0608709380030632,0.06108398921787739,0.06126561760902405,0.15221899470369674,0.0011354872779916786,1.3769828477153471e-05,0.0011354872779916786,0.0011204840731807054,0.0011315402516629547,0.001139072875957936,0.00114407527144067,0.0011469077668152749,0.0014189370696624313,0.37895786244021784,0.0011660049489865848,0.37895786244021784,0.377338120341301,0.37817032635211945,0.3790663778781891,0.37983333319425583,0.3803781747817993,1.0,1.0000001713329443
AB,Movies,44,text,1,1,0.1495012640953064,-0.03171864285552964,0.0003762350618838051,0.03171864285552964,-0.032190201058983806,-0.032005567103624344,-0.03174499422311783,-0.03145332355052233,-0.0312041649594903,0.13176111310843194,-0.054010369154649664,0.00095346773406492,0.054010369154649664,-0.054820630326867105,-0.05467137601226568,-0.05433898791670799,-0.05367411579936743,-0.05273505784571171,0.8680428401014227,-6.950670346176351e-05,8.428939102170087e-07,6.950670346176351e-05,-7.02057863236405e-05,-7.003239988989662e-05,-6.97261857567355e-05,-6.926509195182007e-05,-6.858831184217707e-05,0.00019604696144580845,0.0053597521237406034,0.0010211183257646868,0.0053597521237406034,0.004341036686673761,0.004654499003663659,0.00512137939222157,0.0057797221234068274,0.006711035361513495,1.0,1.0000000001713005
AB,Movies,44,text,2,1,0.1495012640953064,-0.031215094121851406,0.0004065319167435395,0.031215094121851406,-0.031724224984645846,-0.031526489183306694,-0.03124398458749056,-0.030925693456083536,-0.030660654604434966,0.06806188130653856,-0.044370684102168684,0.001485342254969931,0.044370684102168684,-0.04575251005589962,-0.04543883353471756,-0.04487195611000061,-0.04367265850305557,-0.042220696434378625,0.9312031843076592,-0.0003986477049833003,4.834321214549616e-06,0.0003986477049833003,-0.00040265720745082947,-0.000401662771764677,-0.00039990652294363827,-0.0003972619815613143,-0.00039338036731351167,0.0007350010357803551,0.5878270785869484,0.0015382589075922414,0.5878270785869484,0.5862683594226837,0.586721882224083,0.587422102689743,0.5885766744613647,0.5900000929832458,1.0,1.0000000666499782
AB,Movies,44,text,3,1,0.1495012640953064,-0.03324239384275709,0.0002948878826031965,0.03324239384275709,-0.03361028619110584,-0.03346922621130943,-0.03326693922281265,-0.03303012065589428,-0.03283929899334907,0.03138424341273639,-0.04589985519372313,0.0016812222642588848,0.04589985519372313,-0.04743603467941284,-0.047088141553103924,-0.04647491127252579,-0.045164741575717926,-0.04346775338053703,0.9674799092750384,-0.0006673328537120678,8.092612635168559e-06,0.0006673328537120678,-0.000674044742481783,-0.0006723800615873188,-0.0006694401090499014,-0.0006650131690548733,-0.0006585153576452285,0.0011358859397905242,-0.15900150503276805,0.0017116111753041282,0.15900150503276805,-0.16064646244049072,-0.16021255403757095,-0.1595197543501854,-0.15823303908109665,-0.15655361115932465,1.0,1.0000000386275654
AB,Movies,44,visual,0,1,0.10048758238554001,0.06791123913890627,0.00027737226166310195,0.06791123913890627,0.06755765527486801,0.06771242059767246,0.06790244206786156,0.06809857487678528,0.06827854886651039,-0.04984008381196943,0.015737870228702117,0.003961448378803161,0.015760115931610082,0.01045960895717144,0.014158079167827964,0.016856969334185123,0.018491995986551046,0.019456295669078826,1.0504382342915577,8.273985540427764e-05,2.9323550568016206e-05,8.273985540427764e-05,4.7118537986534646e-05,6.454270078393165e-05,8.24358758109156e-05,0.00010079304774990305,0.00011751512647606432,-0.0005981471590284324,0.25344342403757364,0.0037660313452421677,0.25344342403757364,0.24847264885902404,0.2519843205809593,0.25454936921596527,0.25604642927646637,0.25691832304000856,1.0,1.0000000033205598
AB,Movies,44,visual,1,1,0.10048758238554001,-0.022312269425542486,0.00010314524509672939,0.022312269425542486,-0.02244898583739996,-0.0223822183907032,-0.022308995947241783,-0.022238141857087612,-0.02218075729906559,-0.001283644556067626,0.020199545671040802,0.005630163985756388,0.020199705147888818,0.012812904641032219,0.016377483028918505,0.020266449078917503,0.02413797192275524,0.02749312538653612,1.0015281140109042,0.00012023153380248565,4.261084864642588e-05,0.00012023153380248565,6.846922988188454e-05,9.378875074617099e-05,0.0001197898127429653,0.00014646512136096135,0.00017076442600227892,-0.0002444669624538442,0.1472026871073984,0.005620550545808616,0.1472026871073984,0.13982106894254684,0.143382728099823,0.14726296067237854,0.1511247493326664,0.1544707804918289,1.0,1.0000000024923827
AB,Movies,44,visual,2,1,0.10048758238554001,-0.022610106482997272,9.336750548732844e-05,0.022610106482997272,-0.02273376602679491,-0.022673262283205986,-0.0226071635261178,-0.022543168626725674,-0.02249105889350176,-0.04771686562108118,-0.002963260185009118,0.0008065370147172853,0.002963260185009118,-0.004027097672224045,-0.0034208965953439474,-0.0028813243843615055,-0.002429524203762412,-0.0020201404113322496,1.046908613875316,3.394180320996027e-05,1.2029198963365478e-05,3.394180320996027e-05,1.932911327457987e-05,2.64769087152672e-05,3.381710484973155e-05,4.134764003538294e-05,4.8207424697466195e-05,0.0008081701396425264,0.6794759363093326,0.0007660303183335246,0.6794759363093326,0.6784732580184937,0.6790512502193451,0.6795563399791718,0.679978683590889,0.6803677618503571,1.0,0.9999999183938775
AB,Movies,44,visual,3,1,0.10048758238554001,-0.022988863280418395,8.087241678746075e-05,0.022988863280418395,-0.02309612538665533,-0.023043572902679443,-0.022986289113759995,-0.022930916864424944,-0.022885901853442192,-0.0062707866873638685,-0.02732039886423308,0.0032745448941346213,0.02732039886423308,-0.030823657661676405,-0.029980415478348732,-0.028143763542175293,-0.025246395263820887,-0.022409581765532496,1.0052279636549903,-0.00023691317575586245,8.396359230651916e-05,0.00023691317575586245,-0.0003364869626238942,-0.0002886057845898904,-0.0002360427679377608,-0.0001848083447839599,-0.00013491686986526476,0.0010428117483467672,-0.10811809309661717,0.0032552975499653353,0.10811809309661717,-0.11159902885556221,-0.11075972393155098,-0.10893558710813522,-0.10606714710593224,-0.10321952849626541,1.0,0.9999999887159733
V3,Movies,44,text,0,1,0.1530812829732895,0.10267169962256374,4.69710075461399e-05,0.10267169962256374,0.10260962396860122,0.10265005566179752,0.10268213599920273,0.10270483791828156,0.10271911323070526,-0.007803354570522808,0.06916743446000263,0.000452985195969611,0.06916743446000263,0.06857136934995652,0.06893506646156311,0.0692702904343605,0.06950244680047035,0.06964481249451637,0.08977496050844341,0.01159726200581529,0.002096775711965064,0.01159726200581529,0.008741362858563662,0.011053311172872782,0.012659937143325806,0.012903940165415406,0.012911986373364926,0.918028438313908,0.40497888847220254,0.0022420832877859576,0.40497888847220254,0.40191795229911803,0.40418843924999237,0.4058503955602646,0.406552791595459,0.4067303776741028,1.0,1.0000000442518286
V3,Movies,44,text,1,1,0.1530812829732895,-0.033938698888883255,2.3556277829083252e-05,0.033938698888883255,-0.03396290764212608,-0.03395272046327591,-0.03394242562353611,-0.03392795380204916,-0.03390881530940533,-0.009005953910883232,-0.06289967513891677,0.0012906235550189983,0.06289967513891677,-0.06406448483467102,-0.0638177040964365,-0.06333492696285248,-0.06235291808843613,-0.06112224273383617,1.0039318813563907,-0.0007656181885847694,0.00013842315740311944,0.0007656181885847694,-0.0008524125325493515,-0.0008518813701812178,-0.0008357729821000248,-0.0007297081174328923,-0.0005770798423327506,0.005074072700678223,-0.019698963163044276,0.0012783404646944225,0.019698963163044276,-0.020853639207780363,-0.02060643397271633,-0.020115326158702374,-0.019160254392772913,-0.01795139629393816,1.0,1.0000000001461857
V3,Movies,44,text,2,1,0.1530812829732895,-0.033570493203891716,1.8169890053516293e-05,0.033570493203891716,-0.033588289842009546,-0.03358322009444237,-0.03357491455972195,-0.033562563359737396,-0.0335463959723711,-0.00299644039743232,-0.06224614172600095,0.0013716421249979575,0.06224614172600095,-0.06335450783371925,-0.06317570433020592,-0.06278397142887115,-0.06178609002381563,-0.06033913232386112,0.7429566105518015,-0.0044574134077013826,0.0008058967860911802,0.0044574134077013826,-0.004962728312239051,-0.004959635785780847,-0.004865853115916252,-0.004248345852829516,-0.003359746956266463,0.26003980541157795,0.5619618671368843,0.001598540302566589,0.5619618671368843,0.5604926347732544,0.5607844442129135,0.5614637732505798,0.5626730918884277,0.5641113936901092,1.0,0.9999999755659471
V3,Movies,44,text,3,1,0.1530812829732895,-0.0351625076379366,1.928613559369356e-05,0.0351625076379366,-0.035181529447436334,-0.035175904631614685,-0.035167185589671135,-0.03515434172004461,-0.035136974230408666,-6.738346824926468e-05,-0.056934696210605484,0.0017594103388158219,0.056934696210605484,-0.05842310450971126,-0.05817434377968311,-0.05761286988854408,-0.056266119703650475,-0.05431884489953518,0.709752053202783,-0.006374229786962649,0.0011524556576305842,0.006374229786962649,-0.007096844632178545,-0.0070924225728958845,-0.006958310259506106,-0.006075256853364408,-0.004804535349830986,0.29031528363295195,-0.1775298200685338,0.002061137694391695,0.1775298200685338,-0.1795112282037735,-0.17909321188926697,-0.1781446859240532,-0.17651508748531342,-0.17465158998966218,1.0,0.9999999533674857
V3,Movies,44,visual,0,1,0.09825906902551651,0.06632029574637921,0.0002337106417830444,0.06632029574637921,0.06607584059238433,0.06610558182001114,0.06623788923025131,0.0665348656475544,0.06669668555259704,-0.04277074944373276,0.013135362337161565,0.002671997264586068,0.013138478383165326,0.009616865124553443,0.012600572546944022,0.013988430611789227,0.014746160944923759,0.015296194050461055,0.7167928783301823,0.003998739737810333,0.0016786240591101322,0.003998739737810333,0.0017291255644522607,0.0027229706174694,0.0040157148614525795,0.005314056412316859,0.006248589418828487,0.3259778741981229,0.24925111000910544,0.00319697172880711,0.24925111000910544,0.24518743008375168,0.24783523380756378,0.2498389333486557,0.25148528814315796,0.25263406038284303,1.0,1.0000000030845726
V3,Movies,44,visual,1,1,0.09825906902551651,-0.02182139574720805,8.58557180504356e-05,0.02182139574720805,-0.021959340199828148,-0.021900389343500137,-0.021791032515466213,-0.021742483600974083,-0.021731680259108543,-0.0009116732532818254,0.010622226300269263,0.0058912215495420745,0.010815256280674646,0.00255107672419399,0.006722057005390525,0.011004396248608828,0.01485192310065031,0.018016419373452663,1.0116868161500974,0.0008111843082308283,0.00034052566193538524,0.0008111843082308283,0.000350770415388979,0.0005523817817447707,0.0008146278560161591,0.001078009430784732,0.0012675888487137855,-0.010775146205499238,0.13350948871733645,0.005812166518341813,0.13350948871733645,0.12550634145736694,0.12964139506220818,0.13385827094316483,0.13769029825925827,0.14081066250801086,1.0,0.9999999966913163
V3,Movies,44,visual,2,1,0.09825906902551651,-0.022057241157448945,7.930048452132427e-05,0.022057241157448945,-0.022185029275715352,-0.02212999016046524,-0.0220292741432786,-0.021984345745295286,-0.02197430655360222,-0.03905872287023458,-0.004825229677973658,0.000880823643551112,0.004825229677973658,-0.005884458683431149,-0.005487482529133558,-0.004923032829537988,-0.0042502518044784665,-0.0036250750534236433,0.8233185990984515,-0.0010682292808453576,0.0004484301278310812,0.0010682292808453576,-0.0016692574485205115,-0.0014196049596648663,-0.001072763989213854,-0.000727418388123624,-0.000461921191890724,0.21574032836863488,0.6881594697867954,0.0009498246650094475,0.6881594697867954,0.6870004117488862,0.6874822080135345,0.6880845427513123,0.6887715309858322,0.6894436776638031,1.0,1.000000204596852
V3,Movies,44,visual,3,1,0.09825906902551651,-0.022441658841387054,6.857476104513403e-05,0.022441658841387054,-0.022552194073796272,-0.022504514548927546,-0.022417612373828888,-0.022378768306225538,-0.02236995715647936,-0.007453315643860624,-0.024864599358285073,0.002215708101551908,0.024864599358285073,-0.027191980741918087,-0.026554817333817482,-0.025448337197303772,-0.023616551887243986,-0.021555530093610286,0.6804844868920193,-0.0037416945154272294,0.0015707194886309401,0.0037416945154272294,-0.005846920236945152,-0.004972460679709911,-0.003757578320801258,-0.002547933778259903,-0.0016179747181013227,0.3269688315029983,-0.09201060406883353,0.002622406500425006,0.09201060406883353,-0.0951155848801136,-0.09390903636813164,-0.09234579280018806,-0.09048796631395817,-0.08843111917376519,1.0,1.000000002751157
V3.1,Movies,44,text,0,0,0.0,0.0,0.0,0.0,0.0,0.0,0.0,0.0,0.0,0.0,0.06108498411640103,0.00018804466567193853,0.06108498411640103,0.06084196344017982,0.06098957546055317,0.061114970594644547,0.061215790919959545,0.06129082255065441,0.9996637312044855,0.001171184369474502,2.9582180909906695e-06,0.001171184369474502,0.0011676172958686947,0.0011699874594341964,0.001171779353171587,0.0011731280537787825,0.001174083282239735,0.00033714380173624687,0.2955736330765766,0.0001880846543137488,0.2955736330765766,0.2953304976224899,0.29547812789678574,0.29560428857803345,0.2957046702504158,0.29577880501747134,1.0,1.0000008750062217
V3.1,Movies,44,text,1,0,0.0,0.0,0.0,0.0,0.0,0.0,0.0,0.0,0.0,0.0,-0.050861444168736634,0.000722204857621761,0.050861444168736634,-0.05149660408496857,-0.0513642244040966,-0.051111314445734024,-0.050582473166286945,-0.04987776651978493,0.9998058279041175,-0.000331676422719774,8.377598885091604e-07,0.000331676422719774,-0.00033249739499296993,-0.00033222684578504413,-0.0003318449162179604,-0.0003313374618301168,-0.000330666231457144,0.00019417786715593077,0.038567480917406874,0.0007223446445146766,0.038567480917406874,0.03793232887983322,0.038064437918365,0.038317352533340454,0.03884587902575731,0.03955054394900799,1.0,1.0000000057712735
V3.1,Movies,44,text,2,0,0.0,0.0,0.0,0.0,0.0,0.0,0.0,0.0,0.0,0.0,-0.03990937485413236,0.0010591327174462723,0.03990937485413236,-0.040887783467769626,-0.040664163418114185,-0.04028698056936264,-0.03941662888973951,-0.038351045176386836,0.9998887155922194,-0.00024990093918330264,6.312084301525624e-07,0.00024990093918330264,-0.00025051950360648333,-0.00025031567201949656,-0.0002500278933439404,-0.00024964555632323027,-0.00024913982197176664,0.00011125405784111119,0.6213505958026407,0.0010592504136306316,0.6213505958026407,0.6203721225261688,0.6205958127975464,0.6209728419780731,0.6218439936637878,0.6229085743427276,1.0,0.9999999696500604
V3.1,Movies,44,text,3,0,0.0,0.0,0.0,0.0,0.0,0.0,0.0,0.0,0.0,0.0,-0.04145275840232767,0.0011478418333612224,0.04145275840232767,-0.042499004304409026,-0.04226426687091589,-0.0418592132627964,-0.04096770938485861,-0.039756128937005995,0.9997634883191227,-0.0005896069669444192,1.4892496772732198e-06,0.0005896069669444192,-0.0005910663516260683,-0.0005905854341108352,-0.0005899064999539405,-0.0005890044121770188,-0.0005878111813217401,0.00023650325426957444,-0.11878647475955639,0.001148112441417873,0.11878647475955639,-0.11983197405934334,-0.11959802359342575,-0.11919284611940384,-0.11830158345401287,-0.11709002032876015,1.0,0.9999999915733923
V3.1,Movies,44,visual,0,0,0.0,0.0,0.0,0.0,0.0,0.0,0.0,0.0,0.0,0.0,0.004076869487230303,0.0044683679610288485,0.005176222699627357,-0.0020635276101529593,0.0012676363985519856,0.00457536824978888,0.007385654258541763,0.009489593002945185,0.9972998453835038,0.00022278641654809595,6.906238216784344e-05,0.00022278641654809595,0.00013056346215307714,0.00017813231170293875,0.00022945440287003294,0.00027378660888643935,0.00030921784054953604,0.0027001484206637667,0.1871695969863339,0.004479947146912313,0.1871695969863339,0.18100524991750716,0.18435033038258553,0.18767599016427994,0.1904972568154335,0.19259673357009888,1.0,0.9999999938041676
V3.1,Movies,44,visual,1,0,0.0,0.0,0.0,0.0,0.0,0.0,0.0,0.0,0.0,0.0,0.018778300059300507,0.00828638272234368,0.018840346295428564,0.007981881871819497,0.012970692943781614,0.01886877231299877,0.024568429216742516,0.02953874096274376,1.0003376351446485,7.675983801730476e-05,2.3795065056753724e-05,7.675983801730476e-05,4.498492453421932e-05,6.137451418908313e-05,7.905725215096027e-05,9.433167178940494e-05,0.0001065393109456636,-0.00033763700623879974,0.16160492074538216,0.008283552210964926,0.16160492074538216,0.1508187472820282,0.15579412132501602,0.16168814152479172,0.16738684847950935,0.1723603278398514,1.0,0.9999999981384097
V3.1,Movies,44,visual,2,0,0.0,0.0,0.0,0.0,0.0,0.0,0.0,0.0,0.0,0.0,-0.005115411523317672,0.00299114752581201,0.005174906871746747,-0.009256224986165762,-0.007183855399489403,-0.004967613844200969,-0.0028990336577408016,-0.0013531823758967223,0.9993923503541854,-5.0121486035712216e-05,1.5537344156251973e-05,5.0121486035712216e-05,-6.956644137972035e-05,-6.159527947602328e-05,-5.162161869520787e-05,-4.0075407923723105e-05,-2.9373581128311347e-05,0.0006076276847723124,0.6921530806078735,0.002992926373993051,0.6921530806078735,0.6880118668079376,0.6900849342346191,0.6923011541366577,0.6943674087524414,0.6959170401096344,1.0,0.9999999780389577
V3.1,Movies,44,visual,3,0,0.0,0.0,0.0,0.0,0.0,0.0,0.0,0.0,0.0,0.0,-0.029731080910195856,0.004455935934965191,0.029731080910195856,-0.034683721512556075,-0.033376858569681644,-0.0307075222954154,-0.026848976965993643,-0.023141123354434967,0.9975231993111771,-0.0002494247789003728,7.73201063927585e-05,0.0002494247789003728,-0.0003461907326709479,-0.00030652301211375743,-0.00025689005269668996,-0.0001994314297917299,-0.00014617481647292153,0.002476802452700814,-0.0932949509913184,0.004466341019517183,0.0932949509913184,-0.0982788272202015,-0.09694105014204979,-0.09428150579333305,-0.09040246717631817,-0.08668452948331833,1.0,1.000000001763878
B,Toys,42,text,0,1,0.10368552803993225,0.0699313319616486,3.160605133454766e-05,0.0699313319616486,0.06989219635725022,0.0699106976389885,0.06992993503808975,0.06995061784982681,0.06997164934873581,0.0003398250760434578,0.001914475977765266,0.005356395145285195,0.004877281077718941,-0.006092571094632149,-0.002096174517646432,0.0025072130374610424,0.006368725094944239,0.008566819131374359,0.9585941347556376,-0.0005026302895880514,0.0002965768275134275,0.0005026302895880514,-0.0009235356585122645,-0.0007713878876529634,-0.000493386818561703,-0.0002284924266859889,-0.0001094011735403909,0.04106604668049708,0.20371800081961453,0.00558410545010905,0.20371800081961453,0.1953564018011093,0.19953277707099915,0.2043318748474121,0.208363875746727,0.21069213151931762,1.0,1.0000000065121781
B,Toys,42,text,1,1,0.10368552803993225,-0.023355419931905833,1.052381365534632e-05,0.023355419931905833,-0.02336886003613472,-0.02336184587329626,-0.023354999721050262,-0.02334848139435053,-0.02334234192967415,0.00018191605076277014,-0.01800232945969965,0.004271080327111454,0.018002414305706326,-0.0231133408844471,-0.02111299429088831,-0.018503235653042793,-0.01530557731166482,-0.012026574090123174,1.1517638022841539,-0.003194545753533914,0.0018849406112348528,0.003194545753533914,-0.0058696758933365345,-0.004902677144855261,-0.0031357973348349333,-0.0014522194978781044,-0.0006953163305297486,-0.15194573267053307,0.06924343981959447,0.0033574444742253077,0.06924343981959447,0.0650960311293602,0.06690101698040962,0.06903914362192154,0.07135769724845886,0.07373543977737428,1.0,0.9999999856643835
B,Toys,42,text,2,1,0.10368552803993225,-0.02328363732565541,1.0631781224289425e-05,0.02328363732565541,-0.023297250643372534,-0.023290123790502548,-0.023283185437321663,-0.02327666524797678,-0.02327035926282406,0.0007757474839890484,-0.0021631617039566324,0.0010253869828269263,0.002176158459243303,-0.003444654168561101,-0.0028580103535205126,-0.002203957410529256,-0.0015333591727539897,-0.0007537172641605139,0.9801348286200835,4.717118737409022e-05,2.783334271778217e-05,4.717118737409022e-05,1.0267155448673294e-05,2.1443712284963112e-05,4.630369949154556e-05,7.23937337170355e-05,8.667259971844034e-05,0.019089427570574018,0.7287899819973386,0.0010459098863739677,0.7287899819973386,0.7274892568588257,0.7280774712562561,0.7287459373474121,0.7294337749481201,0.7302344560623169,1.0,1.0000000036746466
B,Toys,42,text,3,1,0.10368552803993225,-0.023292274705527426,1.0602150299585446e-05,0.023292274705527426,-0.023305796459317206,-0.02329876460134983,-0.02329183742403984,-0.02328537032008171,-0.023279014974832535,8.588545200557801e-05,-0.0004695804985469165,0.0034098923715743332,0.0027714723469149313,-0.004933255352079868,-0.002696774434298277,-0.0005428454605862498,0.0018910979852080345,0.004189903382211926,0.6285599495372619,0.0036500049734009463,0.0021536841643861114,0.0036500049734009463,0.0007944503915496171,0.0016592682804912329,0.003582880599424243,0.005601671291515231,0.00670653907582164,0.37135416431656637,0.012469356190494241,0.005212057998971604,0.012470064182449865,0.005751018226146698,0.008335019927471876,0.012251585721969604,0.016399993561208248,0.019934154301881796,1.0,0.9999999993058338
B,Toys,42,visual,0,1,0.07370568066835403,0.050298173413469066,0.00025130438390364286,0.050298173413469066,0.04996656849980354,0.05012871138751507,0.05030117556452751,0.05046824924647808,0.05062829926609993,0.30394984195486346,-0.032122177434992925,0.0003249866654737003,0.032122177434992925,-0.03245515897870064,-0.03234359622001648,-0.03218645602464676,-0.03197834827005863,-0.03172212615609169,0.7109263797459052,-0.00019651498080417796,4.701322151150655e-05,0.00019651498080417796,-0.0002528740034904331,-0.0002360520593356341,-0.00020301601034589112,-0.00016517136828042567,-0.00013054921000730244,-0.014876295146399442,0.1194670132351227,0.00034791793764231475,0.1194670132351227,0.11905558556318283,0.11924515292048454,0.11944214254617691,0.119658213108778,0.1198932722210884,1.0,0.9999999265543692
B,Toys,42,visual,1,1,0.07370568066835403,-0.01679946461759506,8.206938279307785e-05,0.01679946461759506,-0.01690727062523365,-0.016855214722454548,-0.016800476238131523,-0.01674392819404602,-0.016691252961754798,0.007415464068099667,-0.008785191912613097,0.0029044240443885953,0.008787971195878696,-0.012259463965892791,-0.01079164957627654,-0.009030699729919434,-0.0070100100710988045,-0.004876179434359071,0.823397832788696,-0.004850115175979878,0.0011603163194208856,0.004850115175979878,-0.00624109199270606,-0.005825915606692433,-0.005010564811527729,-0.004076534882187843,-0.0032220378052443266,0.16918669298201738,0.08827530664611652,0.003288705108291157,0.08827530664611652,0.08426163345575333,0.08598024025559425,0.0880042314529419,0.09030356630682945,0.0927114486694336,1.0,0.9999999898388131
B,Toys,42,visual,2,1,0.07370568066835403,-0.01679986300413578,8.220667713176286e-05,0.01679986300413578,-0.016907789930701255,-0.01685570925474167,-0.016800973564386368,-0.01674446277320385,-0.016691354289650916,-0.013271680970941202,0.040337507452660064,0.0012160316070203426,0.040337507452660064,0.03863765001296997,0.03979070484638214,0.040706485509872437,0.04122786410152912,0.041495803743600845,0.8190244204648746,0.0024741826903798593,0.0005919105929046652,0.0024741826903798593,0.0016436537960544228,0.0020795571617782116,0.0025560325011610985,0.0029719664016738534,0.0031837599352002146,0.19424711235951644,0.8074327738079422,0.0013518848837671229,0.8074327738079422,0.8056551575660705,0.8067925870418549,0.8077036142349243,0.8084022700786591,0.8088799595832825,1.0,0.9999998518534498
B,Toys,42,visual,3,1,0.07370568066835403,-0.016698845808119065,8.718597223641282e-05,0.016698845808119065,-0.016813533380627632,-0.016758212819695473,-0.016699735075235367,-0.016640374436974525,-0.016583878174424173,-0.007357756134045729,0.03968063351122415,0.0010059236291451276,0.03968063351122415,0.03821702748537063,0.039343126118183136,0.04006402939558029,0.040376873686909676,0.0405187301337719,0.755912486563901,0.002572447261974453,0.0006154188979565769,0.002572447261974453,0.001708933082409203,0.0021621488267555833,0.002657547825947404,0.0030900008277967572,0.003310205973684788,0.2514452711540992,0.08397762002065637,0.001148062654530016,0.08397762002065637,0.08246547728776932,0.08344448357820511,0.08421754837036133,0.08479631319642067,0.08519550114870071,1.0,1.0000000015839545
AB,Toys,42,text,0,1,0.10776626318693161,0.07264274043733297,0.00023265073688613486,0.07264274043733297,0.07234838008880615,0.07246990501880646,0.07262880355119705,0.07279811799526215,0.07295845746994019,-0.05344577399870869,0.002619620743927565,0.0036751031372886118,0.003880564289958358,-0.0028346601407974958,-0.00019165123376296833,0.0031520312186330557,0.005761312087997794,0.007115787360817196,1.053272937501728,0.00013726924813322802,4.793812976334892e-05,0.00013726924813322802,7.069881248753518e-05,0.00010729340647230856,0.00014233903493732214,0.00017284188652411103,0.0001956128893652931,0.00017286630955666522,0.2139469762928793,0.003486160323783092,0.2139469762928793,0.20874107480049134,0.21127426624298096,0.21447183191776276,0.2169196754693985,0.21818662881851197,1.0,1.000000029812576
AB,Toys,42,text,1,1,0.10776626318693161,-0.024235768750846372,7.711145710850388e-05,0.024235768750846372,-0.024340426176786424,-0.024287295527756214,-0.024231286719441414,-0.024178345687687397,-0.02413820065557957,-0.01098581755760102,-0.027012229028402477,0.003458341214421626,0.027012229028402477,-0.030916814506053925,-0.029489907436072826,-0.02753957360982895,-0.025193138048052788,-0.02256917245686054,1.0117724016506857,-0.00021770588985462922,7.602877797478496e-05,0.00021770588985462922,-0.00031023757765069604,-0.00027412328927312046,-0.00022574645117856562,-0.0001701648870948702,-0.00011212670360691843,-0.0007865817480308476,0.05016055095938128,0.003416529016035171,0.05016055095938128,0.0462935708463192,0.04769909381866455,0.04964964836835861,0.05199001915752888,0.054558836668729786,1.0,1.000000002345054
AB,Toys,42,text,2,1,0.10776626318693161,-0.024115712929982356,8.00332434489133e-05,0.024115712929982356,-0.024224164336919783,-0.02416906412690878,-0.02411103993654251,-0.02405628375709057,-0.024014484882354737,-0.01705378979031065,-0.006402723994958848,0.0009234012692554226,0.006402723994958848,-0.007620978355407715,-0.007032791152596474,-0.00637521967291832,-0.005739891203120351,-0.005215694103389978,1.0168526844543386,-6.447106439185353e-05,2.2515037352974223e-05,6.447106439185353e-05,-9.187324467347935e-05,-8.117842298815958e-05,-6.685218249913305e-05,-5.039235111325979e-05,-3.320501709822565e-05,0.0002013714943373747,0.7180326549953295,0.0009043846864030103,0.7180326549953295,0.7168347120285035,0.717415988445282,0.7180559039115906,0.7186824679374695,0.719205093383789,1.0,1.0000002661583653
AB,Toys,42,text,3,1,0.10776626318693161,-0.024291258705651655,7.55591132452249e-05,0.024291258705651655,-0.024393780529499053,-0.02434195578098297,-0.02428673766553402,-0.02423526905477047,-0.024195855483412743,-0.02144957269382612,0.002709255855369111,0.0017088089795021422,0.002743479214896628,0.0005542888538911939,0.0014364167000167072,0.002581109059974551,0.003904085257090628,0.005027388222515585,1.0186947098601993,0.0001449076972155014,5.060568253411388e-05,0.0001449076972155014,7.463290239684284e-05,0.00011326382445986383,0.0001502595841884613,0.00018245980754727498,0.0002064979198621586,0.0027548603978030423,0.007712101893610649,0.001675537522592843,0.007712101893610649,0.005598990619182587,0.006459084805101156,0.007587384898215532,0.008872988168150187,0.009994561783969406,1.0,0.9999999975641762
AB,Toys,42,visual,0,1,0.07572569698095322,0.05147065759662788,0.00025491888564335344,0.05147065759662788,0.051140579581260684,0.05129445530474186,0.0514686182141304,0.05164519511163235,0.051803432404994965,0.05997862067520947,-0.032386453494008365,0.0005252350354482187,0.032386453494008365,-0.032843226194381715,-0.032705437391996384,-0.03250254690647125,-0.0322270505130291,-0.031861834973096845,0.93989384954122,8.570324000968571e-05,9.61985289767675e-06,8.570324000968571e-05,7.508171256631613e-05,8.036643703235313e-05,8.52848679642193e-05,8.98707949090749e-05,9.617948671802878e-05,0.00012754064069081555,0.12465785001356205,0.0004893790383685113,0.12465785001356205,0.12415689527988434,0.12434834986925125,0.12458661943674088,0.12486213445663452,0.1251962125301361,1.0,1.0000000108571203
AB,Toys,42,visual,1,1,0.07572569698095322,-0.01719172793933521,8.319616179929707e-05,0.01719172793933521,-0.017300352081656457,-0.017248601652681828,-0.017191177234053612,-0.017134212888777256,-0.017084093391895296,0.0049923286558871075,-0.01347120935002832,0.0024666929726571253,0.01347120935002832,-0.016558921337127684,-0.01523584220558405,-0.013592460192739964,-0.011819077655673027,-0.01020229514688253,0.9947298053820854,-0.00016808414062928427,1.886678623603877e-05,0.00016808414062928427,-0.0001886305137304589,-0.00017625770124141127,-0.0001672636135481298,-0.00015761742542963475,-0.0001472528383601457,0.0002778818261210114,0.07934664450612844,0.002478303622232551,0.07934664450612844,0.07623777389526368,0.0775751881301403,0.07923498004674911,0.0810285396873951,0.08264546543359756,1.0,1.0000000158640936
AB,Toys,42,visual,2,1,0.07572569698095322,-0.017187118558534883,8.364956649991012e-05,0.017187118558534883,-0.01729617901146412,-0.01724433433264494,-0.017186373472213745,-0.01712916139513254,-0.017078740894794463,0.006932113635975523,0.035032754741549696,0.0010296151235947696,0.035032754741549696,0.03349800482392311,0.03450905904173851,0.035342730581760406,0.0358095895498991,0.036064206063747405,0.9934221633077855,-2.9952987109421153e-05,3.3621054403105373e-06,2.9952987109421153e-05,-3.361439885338768e-05,-3.140953413094394e-05,-2.980676799779758e-05,-2.8087792998121586e-05,-2.624079934321344e-05,-0.00035438252477229467,0.7881495101724336,0.0010330184326953218,0.7881495101724336,0.7866019248962403,0.7876226305961609,0.7884580492973328,0.7889264822006226,0.7891851663589478,1.0,0.9999998944189887
AB,Toys,42,visual,3,1,0.07572569698095322,-0.017091811085257102,8.821721760151466e-05,0.017091811085257102,-0.017207229509949684,-0.017152443528175354,-0.017091330140829086,-0.01703084073960781,-0.016977442428469658,0.019645664966183765,0.03468772070727636,0.001006006684420335,0.03468772070727636,0.03319698125123978,0.03427697904407978,0.035057466477155685,0.0354162510484457,0.035586658865213394,0.9788028339840535,0.0001123338811206255,1.2609037994533866e-05,0.0001123338811206255,9.841191786108539e-05,0.00010533877139096148,0.00011178550630575046,0.00011779642591136508,0.00012606542732100933,0.0015514799506033893,0.0669038497739568,0.0010240195147617306,0.0669038497739568,0.06539708375930786,0.06648179888725281,0.06726617366075516,0.06764227151870728,0.0678244411945343,1.0,0.9999999789008407
V3,Toys,42,text,0,1,0.12212429195642471,0.08212458575245665,0.00020271621081218629,0.08212458575245665,0.08198343068361283,0.08200138434767723,0.08203448355197906,0.0821499302983284,0.08245518803596497,-0.03739020786762137,0.03106089629328288,0.003111822247770262,0.03106089629328288,0.026825734600424766,0.030022642575204372,0.03208127245306969,0.03321870602667332,0.03376753032207489,0.7676352600167362,0.0031170306871819127,0.0014728472432170505,0.0031170306871819127,0.0010739139048382641,0.001933086256030947,0.003143776673823595,0.0044399339240044355,0.005107490811496973,0.2697549576847447,0.2673987226948182,0.003796299562863515,0.2673987226948182,0.2621549189090729,0.26562097668647766,0.26807570457458496,0.2702496498823166,0.27153310775756834,1.0,1.0000000098338595
V3,Toys,42,text,1,1,0.12212429195642471,-0.027324227038631407,6.883052866316026e-05,0.027324227038631407,-0.02743690200150013,-0.02733397763222456,-0.02729538083076477,-0.027282911352813244,-0.02727389857172966,-0.009099061946791007,-0.04670388748737443,0.004357803850174291,0.04670388748737443,-0.05056792125105858,-0.04970084875822067,-0.048027027398347855,-0.04523440822958946,-0.0410265140235424,0.8180829525336439,-0.0035941511789974504,0.001698294365587364,0.0035941511789974504,-0.005889288894832134,-0.005119549809023738,-0.003624991048127413,-0.0022289816988632083,-0.0012382967630401244,0.19101611366450705,-0.003490747105281292,0.005045317573601638,0.005321789352848735,-0.008487652614712715,-0.006973423762246966,-0.004638756159693003,-0.001528463326394558,0.0030538720544427632,1.0,1.00000000425136
V3,Toys,42,text,2,1,0.12212429195642471,-0.027143754665457445,7.187281690570257e-05,0.027143754665457445,-0.027261260151863097,-0.027152659371495247,-0.027111802250146866,-0.02709999866783619,-0.02709396444261074,-0.019974759222699198,-0.019407661873545732,0.0020505076351356767,0.019407661873545732,-0.021546272188425065,-0.020911678671836853,-0.019882773980498314,-0.018390974029898643,-0.016598441824316978,0.8351721090842632,-0.001629574089407742,0.0007700000238609828,0.001629574089407742,-0.002670180518180132,-0.002321183797903359,-0.001643556752242148,-0.00101061153691262,-0.0005614388850517566,0.18480270385586017,0.6752564378422969,0.002333865900996004,0.6752564378422969,0.672656238079071,0.6735705435276031,0.6748360395431519,0.6764535903930664,0.67843998670578,1.0,1.0000000537174243
V3,Toys,42,text,3,1,0.12212429195642471,-0.027656604023796546,6.270403285883772e-05,0.027656604023796546,-0.027758028358221054,-0.027664712630212307,-0.02763000689446926,-0.027618599124252796,-0.027611923217773438,-0.0062978977243458205,-0.02685155774043447,0.001867100695026543,0.02685155774043447,-0.02889799028635025,-0.028284108266234398,-0.027270451188087463,-0.025785966776311398,-0.02417483404278755,0.8455338879155218,0.0021066944192810674,0.0009954470703615647,0.0021066944192810674,0.0007258216734044254,0.0013065068633295596,0.002124771010130644,0.0030007994500920177,0.0034519784152507783,0.16076401328716833,-0.04688613965646545,0.0018791052926038425,0.04688613965646545,-0.049067453294992444,-0.04822673834860325,-0.04717930778861046,-0.04576790891587734,-0.04422586411237717,1.0,1.0000000034783443
V3,Toys,42,visual,0,1,0.07578561455011368,0.05130929388420885,9.792598468823199e-05,0.05130929388420885,0.051163573563098905,0.05123344995081425,0.05132289230823517,0.05139431543648243,0.05142979025840759,0.023534368586746224,-0.032951161357087914,0.0004671947579454732,0.032951161357087914,-0.033340449631214145,-0.0332343727350235,-0.03307786583900452,-0.03282558359205723,-0.03244057297706604,0.2292645507370795,0.002068565755852787,0.0007506591493246932,0.002068565755852787,0.001000056602060795,0.0015064493054524064,0.002154730027541518,0.0027272700099274516,0.0029961925465613604,0.7472010564224076,0.12639380269874032,0.000850256064390352,0.12639380269874032,0.12526952624320983,0.12580814957618713,0.1264674812555313,0.12698634713888168,0.1273263394832611,1.0,0.9999999757462333
V3,Toys,42,visual,1,1,0.07578561455011368,-0.017162167492873227,3.181877644561279e-05,0.017162167492873227,-0.017200777307152748,-0.017189305275678635,-0.017166538164019585,-0.017138004302978516,-0.017114853858947753,0.005746570287688586,-0.005423451051079763,0.0009296789388471939,0.005423451051079763,-0.00658051110804081,-0.006093555595725775,-0.005476424470543861,-0.00480945291928947,-0.004189789202064275,0.38091553846263543,-0.00316581533559355,0.0011488386284951068,0.00316581533559355,-0.004585492145270109,-0.004173922585323453,-0.003297684481367469,-0.0023055298952385783,-0.001530526438727973,0.6133378742471797,0.06817123333370666,0.0014125763822077613,0.06817123333370666,0.06642212569713593,0.06715730205178261,0.06808722019195557,0.06906861439347267,0.07007053941488267,1.0,0.9999999829975037
V3,Toys,42,visual,2,1,0.07578561455011368,-0.017152595033364672,3.192161591898869e-05,0.017152595033364672,-0.01719175763428211,-0.01718035712838173,-0.017157021909952164,-0.0171278128400445,-0.017105009779334067,0.0036626364794398593,0.03730177060363661,0.0008942757588459761,0.03730177060363661,0.036080300062894824,0.03694849647581577,0.03759382665157318,0.03793593682348728,0.03811009898781777,0.6793935679365838,-0.0017431251890762391,0.0006325604437361627,0.0017431251890762391,-0.0025248115882277487,-0.0022981977090239525,-0.0018157334998250008,-0.001269444648642093,-0.0008427210501395154,0.3169434902590998,0.7913062142991708,0.0010405271917427422,0.7913062142991708,0.7899395108222962,0.7907615303993225,0.7913912534713745,0.7920285761356354,0.7925511360168457,1.0,0.9999996946751234
V3,Toys,42,visual,3,1,0.07578561455011368,-0.016994531364091268,3.4631612593449025e-05,0.016994531364091268,-0.017036916688084602,-0.01702440157532692,-0.01699923537671566,-0.01696750335395336,-0.016943542286753654,-0.0024434611511916712,0.028308093185102516,0.0009399513602920593,0.028308093185102516,0.026978837326169014,0.027883351780474186,0.02861383929848671,0.028992868028581142,0.029189928993582727,0.45993087224448514,0.002840374619153274,0.001030739869242089,0.002840374619153274,0.001373190782032907,0.002068525180220604,0.0029586879536509514,0.00374485005158931,0.004114111047238112,0.5425126148366618,0.06636561967880722,0.0014264719207545495,0.06636561967880722,0.06448138505220413,0.06555622816085815,0.06653051823377609,0.06744927912950516,0.06805520057678223,1.0,1.0000000259299553
V3.1,Toys,42,text,0,0,0.0,0.0,0.0,0.0,0.0,0.0,0.0,0.0,0.0,0.0,0.025232005464558865,0.003356064595728022,0.025232005464558865,0.020670703798532485,0.023838532157242298,0.02625756710767746,0.027668172493577003,0.028375620022416115,1.0000983810170356,0.00024433875184929797,8.515801379346004e-05,0.00024433875184929797,0.00012646948453038932,0.00019130508007947356,0.0002526995667722076,0.00030804594280198216,0.0003468739101663232,-9.838122282049623e-05,0.18329451259249907,0.0033546539890074237,0.18329451259249907,0.17871838212013244,0.1818961799144745,0.18432895839214325,0.18572721630334854,0.18644534647464753,1.0,0.9999999997942152
V3.1,Toys,42,text,1,0,0.0,0.0,0.0,0.0,0.0,0.0,0.0,0.0,0.0,0.0,-0.04178912940179273,0.0032689481765100325,0.04178912940179273,-0.0453625462949276,-0.04415762796998024,-0.04241069406270981,-0.04010648652911186,-0.03754734620451927,0.9996178294928756,-0.0002238945320975658,7.80327046548628e-05,0.0002238945320975658,-0.00031785041792318223,-0.0002822712267516181,-0.00023155576491262764,-0.0001752982716425322,-0.00011588757915887979,0.0003821746656104244,0.03217537239496332,0.0032692663449326574,0.03217537239496332,0.02859959043562412,0.02981119230389595,0.03156483918428421,0.033864790573716164,0.03641118556261063,1.0,1.000000004158486
V3.1,Toys,42,text,2,0,0.0,0.0,0.0,0.0,0.0,0.0,0.0,0.0,0.0,0.0,-0.01586003230509352,0.0020057738499094507,0.01586003230509352,-0.018244037032127382,-0.017358742654323578,-0.016111843287944794,-0.014607569668442011,-0.013176582381129263,0.9992021754542098,-0.00012099228595589874,4.2168762336518016e-05,0.00012099228595589874,-0.00017176590918097646,-0.00015253897436195984,-0.00012513241381384432,-9.473093814449385e-05,-6.262548122322185e-05,0.0007976232099549147,0.7196954429740058,0.0020069323480110955,0.7196954429740058,0.7173094987869263,0.7181989550590515,0.7194446921348572,0.7209556400775909,0.7223790645599365,1.0,0.9999997986641647
V3.1,Toys,42,text,3,0,0.0,0.0,0.0,0.0,0.0,0.0,0.0,0.0,0.0,0.0,-0.008769630282307478,0.0015844356832799122,0.008769630282307478,-0.010784374363720418,-0.009925873950123787,-0.008828644640743732,-0.007729978999122977,-0.006659433059394358,1.0004916171014484,0.0001005480442914224,3.5043445527851356e-05,0.0001005480442914224,5.2043563482584434e-05,7.872411515563726e-05,0.00010398860467830673,0.00012676424375968054,0.00014274237037170678,-0.000491619088764677,0.007268110132155394,0.001583269931283667,0.007268110132155394,0.0052547940053045755,0.006108730798587203,0.007210154552012682,0.008305360563099384,0.009367426857352257,1.0,0.9999999980126837
V3.1,Toys,42,visual,0,0,0.0,0.0,0.0,0.0,0.0,0.0,0.0,0.0,0.0,0.0,-0.026019297297355432,0.0008283570088656817,0.026019297297355432,-0.026724402606487275,-0.02652550395578146,-0.026217618957161903,-0.025779133662581444,-0.025180871412158013,0.9963819843976738,0.00021393605635766001,2.9906795819196957e-05,0.00021393605635766001,0.00017387696134392173,0.00019708585023181513,0.00021944957552477717,0.00023596765095135197,0.0002468093007337302,0.0036180326349661827,0.08966622536317483,0.0008308283666513028,0.08966622536317483,0.08895628452301026,0.08915990591049194,0.08946964889764786,0.08990795910358429,0.09050475656986237,1.0,1.00000001703264
V3.1,Toys,42,visual,1,0,0.0,0.0,0.0,0.0,0.0,0.0,0.0,0.0,0.0,0.0,-0.03669567188240388,0.0019960520242905356,0.03669567188240388,-0.038747893273830415,-0.03818265534937382,-0.03719831630587578,-0.03568880632519722,-0.033932477980852124,0.9970991877473195,-0.00029475201770096684,4.1204313805127005e-05,0.00029475201770096684,-0.00034004338085651397,-0.0003251062153140083,-0.00030234831501729786,-0.00027153652627021074,-0.00023956029617693274,0.0029008201090839443,0.03601231682387692,0.002001440940538173,0.03601231682387692,0.0339517816901207,0.03451656550168991,0.03551297262310982,0.037014320492744446,0.038785457611083984,1.0,1.0000000078564035
V3.1,Toys,42,visual,2,0,0.0,0.0,0.0,0.0,0.0,0.0,0.0,0.0,0.0,0.0,0.03160505662405583,0.0010524583075957113,0.03160505662405583,0.03003784641623497,0.03104734979569912,0.031907543540000916,0.03240342065691948,0.032682737708091734,1.0005512828203282,-8.13362034577336e-05,1.1370244291350596e-05,8.13362034577336e-05,-9.383425785927101e-05,-8.97123827598989e-05,-8.343238005181774e-05,-7.492993609048426e-05,-6.61061640130356e-05,-0.0005512674033910243,0.798807219884107,0.0010518171980023925,0.798807219884107,0.7972398400306702,0.7982501089572906,0.7991085052490234,0.7996062934398651,0.7998853921890259,1.0,1.0000000154169373
V3.1,Toys,42,visual,3,0,0.0,0.0,0.0,0.0,0.0,0.0,0.0,0.0,0.0,0.0,0.032606239831531846,0.0009740567752729054,0.032606239831531846,0.031164342164993288,0.03220275603234768,0.0329611673951149,0.03331364691257477,0.03348203152418137,0.9973203757124213,0.00016215212238153952,2.266775638932013e-05,0.00016215212238153952,0.00013178945810068398,0.0001493805684731342,0.00016633106861263514,0.00017885089619085193,0.00018706828413996845,0.002679600289532984,0.07809119763351864,0.0009764129179489756,0.07809119763351864,0.07664307355880737,0.07768848910927773,0.0784495398402214,0.07879986613988876,0.07896741777658463,1.0,0.9999999760019542
B,Toys,43,text,0,1,0.11262975633144379,0.07584586767009503,0.0003153399252645582,0.07584586767009503,0.07546217292547226,0.0756133683025837,0.07581140846014023,0.07603856176137924,0.07630862444639205,-0.06124185103379125,0.02723676740781632,0.0046155239098978375,0.02723676740781632,0.020502302050590514,0.02595201786607504,0.02894359454512596,0.030353535898029804,0.031017763167619707,1.1888985440870845,0.0030636924252592838,0.001589393485959075,0.0030636924252592838,0.0007012771442532539,0.0015464946045540273,0.0034419503062963486,0.0046320653054863214,0.0048463791608810425,-0.127656700042131,0.24908529902302318,0.0036086909684320233,0.24908529902302318,0.2442565768957138,0.24862279742956161,0.25010913610458374,0.25114281475543976,0.25210954546928405,1.0,0.9999999930111623
B,Toys,43,text,1,1,0.11262975633144379,-0.025230161977270772,0.00010673428936133692,0.025230161977270772,-0.025387042760849,-0.025294975377619267,-0.025218697264790535,-0.02515147440135479,-0.02510051466524601,0.007761486791733159,-0.012085963472612355,0.002667975920364087,0.012085963472612355,-0.015172262489795686,-0.014111829455941916,-0.012493274174630642,-0.01048612641170621,-0.008326414600014683,0.5088335072087802,-0.004930642495346726,0.0025579366272008965,0.004930642495346726,-0.007799661066383123,-0.007454748498275876,-0.005539402831345797,-0.0024888961343094707,-0.0011286207940429443,0.4834050078714405,0.06355281766017125,0.0030590072401646914,0.06355281766017125,0.059678664058446886,0.061236241832375526,0.06336688250303268,0.0656248889863491,0.06768604218959809,1.0,1.0000000018719537
B,Toys,43,text,2,1,0.11262975633144379,-0.025150937890248273,0.00010933385610314467,0.025150937890248273,-0.025311592593789102,-0.025217740796506405,-0.02513905242085457,-0.0250701941549778,-0.02501802667975426,-0.043746881165057844,-0.0010922318644552556,0.0020883543465803444,0.002000076163587903,-0.0036378809250891208,-0.002666114829480648,-0.0013552196323871613,0.0003071824903599918,0.001989310421049595,1.2361225559762157,-0.0009932576750813118,0.0005152858250376532,0.0009932576750813118,-0.0015712096588686108,-0.0015017284895293415,-0.0011158899869769812,-0.0005013778863940388,-0.00022735602105967688,-0.19237559057049758,0.7205661878518996,0.0016485425644886505,0.7205661878518996,0.71857248544693,0.7193816602230072,0.7203842997550964,0.7215632498264313,0.722952127456665,1.0,1.0000000842406602
B,Toys,43,text,3,1,0.11262975633144379,-0.025464767852888558,9.940035608653911e-05,0.025464767852888558,-0.025610826164484023,-0.02552546840161085,-0.025453906506299973,-0.02539137378334999,-0.025343916937708856,-0.012558810163685713,-0.010148595755620169,0.005212753093681428,0.010264327975647705,-0.016528407484292983,-0.013965039979666471,-0.010710983537137508,-0.006744287442415953,-0.002603494748473166,0.81676515126504,0.002860207841634185,0.0014838290147856158,0.002860207841634185,0.0006546996766701341,0.0014437793870456517,0.003213342512026429,0.004324412206187844,0.0045244918204844,0.19579365835350707,-0.004955866569891666,0.006304179005366821,0.0067376743921437185,-0.012909935042262077,-0.00988290412351489,-0.005423892289400101,-0.00032685266342014074,0.004063473828136922,1.0,0.9999999994548614
B,Toys,43,visual,0,1,0.07240492850542068,0.04920556469113679,0.0003526873662577372,0.04920556469113679,0.04874637797474861,0.04894733242690563,0.04920850694179535,0.049473727121949196,0.049668385088443755,-0.12939456293513482,-0.030701517274026768,0.0009324436163985875,0.030701517274026768,-0.03161443769931793,-0.031397609040141106,-0.030967354774475098,-0.03025686927139759,-0.02935383729636669,1.1099812312810904,0.000521097191429158,0.0001497099591891864,0.000521097191429158,0.00031053930288180707,0.0004251502687111497,0.0005437209620140493,0.0006456754344981164,0.0006979236262850464,0.01941337316903823,0.12170708692932106,0.0007499671019503046,0.12170708692932106,0.12099207043647767,0.1212286725640297,0.12151454389095306,0.12196603044867516,0.12273471504449844,1.0,1.0000000415149939
B,Toys,43,visual,1,1,0.07240492850542068,-0.01644712452931763,0.0001144718865284291,0.01644712452931763,-0.01659771129488945,-0.016534019261598587,-0.016447527334094048,-0.016363305039703846,-0.016298530623316765,-0.0002758518575219251,-0.019549106124416803,0.0030454243617194328,0.019549106124416803,-0.02335575893521309,-0.021916884928941727,-0.019833561033010483,-0.017450210638344288,-0.015330716036260128,0.8867016614965892,-0.004801445321781667,0.0013794435936436082,0.004801445321781667,-0.006430742796510458,-0.005949322367087007,-0.005009903572499752,-0.00391738023608923,-0.0028613423462957146,0.11357418097980197,0.06127952508219747,0.003061535003320162,0.06127952508219747,0.057514114677906035,0.059065962210297585,0.060994599014520645,0.06326744705438614,0.06538265347480775,1.0,0.9999999906188692
B,Toys,43,visual,2,1,0.07240492850542068,-0.01643761794039393,0.0001153062547716024,0.01643761794039393,-0.016588928923010827,-0.0165254520252347,-0.01643853262066841,-0.016353171318769455,-0.01628759354352951,-0.010671925826642828,0.03289061581828897,0.0010383032035146994,0.03289061581828897,0.03136614635586739,0.032353926450014114,0.03318721428513527,0.033676184713840485,0.03394366353750229,0.8606084350871915,0.0016044976369205917,0.00046096827913646147,0.0016044976369205917,0.0009561739629134536,0.0013090698630549014,0.0016741580329835415,0.001988083473406732,0.0021489595994353297,0.1500634116258991,0.7951834500599207,0.0011102308900757358,0.7951834500599207,0.7936121344566345,0.7945767939090729,0.7954198122024536,0.7960279285907745,0.7963812351226807,1.0,0.9999999208864478
B,Toys,43,visual,3,1,0.07240492850542068,-0.016320822180923157,0.00012302935987469754,0.016320822180923157,-0.016482430696487426,-0.016415021382272243,-0.016321882605552673,-0.01623069029301405,-0.016160645335912705,-0.0048166698794094385,0.033143761697153044,0.0011986764207033386,0.033143761697153044,0.03141630440950394,0.03251750394701958,0.033506400883197784,0.03404665179550648,0.03433722704648971,0.7372276193280761,0.0026758501931986767,0.0007687652703005363,0.0026758501931986767,0.0015946288593113422,0.002183159813284874,0.002792024053633213,0.003315563197247684,0.0035838593728840353,0.26758907556379696,0.07609100455742696,0.0013740513222223443,0.07609100455742696,0.0741968646645546,0.07531533762812614,0.0763532891869545,0.0771334245800972,0.0776193007826805,1.0,1.0000000250124637
AB,Toys,43,text,0,1,0.10225098580121994,0.06901010726566158,0.00028134423037317843,0.06901010726566158,0.06864719837903976,0.06881868094205856,0.06900470703840256,0.06918998062610626,0.06939138621091842,-0.06183619399251577,0.003094337876772161,0.00291913449466229,0.003613592592131491,-0.001085837255232036,0.0009155982697848231,0.0033741649240255356,0.005451361881569028,0.006741557549685241,1.0620718365762816,4.415396502234376e-05,6.670374726270491e-06,4.415396502234376e-05,3.505851636873558e-05,4.0417813579551876e-05,4.509391146712005e-05,4.8819078074302524e-05,5.161387889529579e-05,-0.00023563439001666152,0.2005722302843563,0.0027403667422500806,0.2005722302843563,0.19667735695838928,0.1984967440366745,0.2008049488067627,0.20278526097536087,0.20403950810432434,1.0,1.0000000081937492
AB,Toys,43,text,1,1,0.10225098580121994,-0.02304816142338418,9.232400512844356e-05,0.02304816142338418,-0.023173201456665994,-0.023107479326426983,-0.02304639108479023,-0.022985262796282768,-0.022928788140416146,-0.017707751674304842,-0.004445611618423757,0.001470348955894773,0.004445716536065359,-0.006321442313492298,-0.005433967569842935,-0.0044486913830041885,-0.0034421460004523396,-0.0025368751958012577,1.0179713291291619,-9.88014585447987e-05,1.4926015180203952e-05,9.88014585447987e-05,-0.00011549419141374529,-0.00010924038724624552,-0.00010090474097523838,-9.044122998602688e-05,-7.844895590096711e-05,-0.00026357221419070234,0.0861895407648817,0.001441626976304922,0.0861895407648817,0.08435011953115464,0.0852321907877922,0.08620621263980865,0.08718622848391533,0.08805000334978104,1.0,1.0000000052406663
AB,Toys,43,text,2,1,0.10225098580121994,-0.022969573995134024,9.487205746082892e-05,0.022969573995134024,-0.023098164424300193,-0.023030326701700687,-0.022967806085944176,-0.02290500607341528,-0.02284719981253147,-0.040348032299233325,-0.0033307481720123515,0.0010045092303310641,0.0033307530446812614,-0.004596380144357681,-0.004043388878926635,-0.003369193524122238,-0.0026586841559037566,-0.0019387270323932167,1.040977885587462,-3.259785233474789e-05,4.924583571812064e-06,3.259785233474789e-05,-3.810533380601555e-05,-3.604199810069986e-05,-3.329179162392393e-05,-2.9839537091902457e-05,-2.5882892077788708e-05,-0.0006297756521011667,0.7242856565492976,0.0009613556303527578,0.7242856565492976,0.7230653882026672,0.7236067950725555,0.7242637276649475,0.724943608045578,0.7255885601043701,1.0,1.0000000776361275
AB,Toys,43,text,3,1,0.10225098580121994,-0.022992371882695196,9.417017695783185e-05,0.022992371882695196,-0.02311985120177269,-0.02305256389081478,-0.022990696132183075,-0.02292815502732992,-0.02287085950374603,-0.046729659671691716,-0.002656937324553125,0.0012258193427476414,0.0026736395589028053,-0.004137138277292252,-0.003488869173452258,-0.0027393517084419727,-0.0019204796990379691,-0.0009574545314535486,1.045274899833176,8.724534794712892e-05,1.3180224323628284e-05,8.724534794712892e-05,6.927333306521178e-05,7.986295531736687e-05,8.910262113204226e-05,9.646330727264285e-05,0.00010198565141763539,0.001454761645258389,0.0036638480848522077,0.0011703605901554016,0.0036641948644652936,0.0022486571688205004,0.002879623672924936,0.0036064498126506805,0.004369690548628569,0.005272098444402218,1.0,1.0000000018067428
AB,Toys,43,visual,0,1,0.07180827111005783,0.048899056127204445,0.0003198335289378323,0.048899056127204445,0.04847194254398346,0.04866104945540428,0.04890041425824165,0.04913628660142422,0.04932543933391571,0.02119731021372598,-0.03642767624496175,0.0004999869622824034,0.03642767624496175,-0.036945895105600354,-0.03678744658827782,-0.03653967007994652,-0.03618594817817211,-0.035757047683000566,0.977441365143093,9.638407371149451e-05,1.4308593741793374e-05,9.638407371149451e-05,8.332434226758778e-05,8.593202437623404e-05,9.24854539334774e-05,0.00010238264439976774,0.0001146332811913453,0.0013612225983557482,0.10987174305853334,0.00039072114241026735,0.10987174305853334,0.10942999571561814,0.1096080057322979,0.10982178896665573,0.11007740721106529,0.11036479920148849,1.0,0.9999998979551747
AB,Toys,43,visual,1,1,0.07180827111005783,-0.016331996690679012,0.00010439325106997201,0.016331996690679012,-0.016471590474247934,-0.016409737057983875,-0.016332220286130905,-0.016254176385700703,-0.01619259938597679,0.00398002131905917,-0.018852443477500244,0.002617402015163069,0.018852443477500244,-0.02205619588494301,-0.02075137197971344,-0.019070861861109734,-0.017188056372106075,-0.015304121747612953,0.9958165342797621,-0.0001617177736529854,2.400763783384899e-05,0.0001617177736529854,-0.00019233716011513025,-0.00017178246343974024,-0.0001551764871692285,-0.00014418081991607323,-0.00013980553485453128,0.00020343907274343202,0.07379592197057734,0.0026260454112283804,0.07379592197057734,0.07059021592140198,0.07188870757818222,0.0735844150185585,0.07546883076429367,0.0773490458726883,1.0,0.9999999946715648
AB,Toys,43,visual,2,1,0.07180827111005783,-0.016331198830612043,0.00010478526853849878,0.016331198830612043,-0.0164711844176054,-0.01640906371176243,-0.016331832855939865,-0.016253136098384857,-0.016191146150231362,-0.01407662378722444,0.034411513979818315,0.00108639012594954,0.034411513979818315,0.032904195785522464,0.03387484699487686,0.03471379354596138,0.03523071110248566,0.035482116788625714,1.0142717855152001,-5.334334076348834e-05,7.919028170152063e-06,5.334334076348834e-05,-6.344328285194934e-05,-5.666322431352455e-05,-5.118566696182825e-05,-4.75586984975962e-05,-4.611548793036491e-05,-0.00019551072843739366,0.7960713745488381,0.0010660459235384443,0.7960713745488381,0.7945859432220459,0.7955451309680939,0.7963729500770569,0.7968637943267822,0.7971239686012268,1.0,0.9999996509995384
AB,Toys,43,visual,3,1,0.07180827111005783,-0.016235860586382392,0.0001107761112168485,0.016235860586382392,-0.01638336218893528,-0.01631831657141447,-0.016236450523138046,-0.016153267584741116,-0.016087818145751952,0.014505689722347403,0.030961692986294795,0.0011061457221970313,0.030961692986294795,0.02936522290110588,0.03041258081793785,0.03129907697439194,0.03178320825099945,0.03203997910022736,0.9852580605366775,0.00011867703056487141,1.7618070666516082e-05,0.00011867703056487141,0.00010259667033096775,0.00010580749221844599,0.00011387668928364292,0.00012606303062057123,0.00014114714576862752,0.0002362299090370197,0.07066070534924315,0.0011173848257538977,0.07066070534924315,0.0690507397055626,0.07010776177048683,0.07099276781082153,0.07148842141032219,0.07176565080881118,1.0,0.9999999801680619
V3,Toys,43,text,0,1,0.11827146261930466,0.07961248173917311,3.167133879527138e-05,0.07961248173917311,0.07958168387413025,0.07959399744868279,0.0796067863702774,0.07962354272603989,0.07964867353439331,-0.005559579411888615,0.02522837500598468,0.003028032101607111,0.02522837500598468,0.021034957095980644,0.023819874972105026,0.026059182360768318,0.027478432282805443,0.02817608043551445,1.0352344488716425,0.002394491273823284,0.0007315901971883151,0.002394491273823284,0.0012960613006725908,0.001935506530571729,0.002616247395053506,0.0030188648961484432,0.0031362896785140037,-0.02967487509471108,0.25859855696843365,0.0028379893531621813,0.25859855696843365,0.254861044883728,0.25727999210357666,0.2591537833213806,0.2605285495519638,0.26174131631851194,1.0,0.9999999943650428
V3,Toys,43,text,1,1,0.11827146261930466,-0.02643918603007043,1.2399224162523285e-05,0.02643918603007043,-0.02645297273993492,-0.02644508332014084,-0.026438547298312187,-0.02643184456974268,-0.026425161957740785,-0.001913024796674964,-0.006535507703664941,0.00200480288978727,0.006535802285652327,-0.008881433680653573,-0.007920379284769297,-0.006750754080712795,-0.005408524069935083,-0.0037383263930678354,0.7398691574995842,-0.00453047673826894,0.0013841989775263647,0.00453047673826894,-0.005933989956974983,-0.0057118176482617855,-0.004950048867613077,-0.0036620585015043616,-0.0024522018153220414,0.26204387147989955,0.07290712913602237,0.0020904611051076856,0.07290712913602237,0.07025041729211808,0.0714017003774643,0.07280751317739487,0.07434259355068207,0.07571863234043122,1.0,1.0000000041828088
V3,Toys,43,text,2,1,0.11827146261930466,-0.026401634132262302,1.0908913280567628e-05,0.026401634132262302,-0.026414081826806067,-0.026405329816043377,-0.02639961428940296,-0.02639542892575264,-0.026391282305121423,-0.001261829879079624,-0.01633480970729093,0.00127240584733026,0.01633480970729093,-0.017864437773823738,-0.017261994071304798,-0.016462650150060654,-0.01554072368890047,-0.014618538692593575,0.9574460980519713,-0.0013237985376007796,0.00040446087393091915,0.0013237985376007796,-0.0017339030047878623,-0.0016689845360815525,-0.0014463968109339476,-0.0010700480197556317,-0.0007165296818129718,0.04381594225249699,0.6866589068444808,0.0012603485917474474,0.6866589068444808,0.685145092010498,0.6857439577579498,0.686519980430603,0.6874672174453735,0.6883842825889588,1.0,1.0000002104253887
V3,Toys,43,text,3,1,0.11827146261930466,-0.026771661509066912,1.1227637890169794e-05,0.026771661509066912,-0.026784638687968255,-0.026776446029543877,-0.026770327240228653,-0.026764994487166405,-0.026759742572903634,-0.0013029064497855824,-0.011697129867984444,0.0017294465587303492,0.011697129867984444,-0.013916234858334065,-0.01288346853107214,-0.01168316975235939,-0.010465052910149097,-0.00949702113866806,0.7013538702188292,0.003459784472969279,0.00105706979725655,0.003459784472969279,0.0018726703710854053,0.00279660033993423,0.0037801985163241625,0.004361937753856182,0.0045316038653254506,0.2999490396692129,-0.02646798353599923,0.0021600869261696374,0.02646798353599923,-0.029257815703749655,-0.028019294142723083,-0.02654965966939926,-0.02492960263043642,-0.02359069362282753,1.0,1.0000000034382566
V3,Toys,43,visual,0,1,0.07473856955766678,0.050606524831259644,9.608086545560128e-05,0.050606524831259644,0.050459223985672,0.050529927015304565,0.05062589421868324,0.05069096013903618,0.05071898475289345,0.018610383951199926,-0.03182424490829904,0.0006750793901490842,0.03182424490829904,-0.03253689259290695,-0.03234349004924297,-0.031980060040950775,-0.03144633583724499,-0.030899249017238613,0.5416267862463109,0.001732876685686686,0.0005807956455074322,0.001732876685686686,0.0008305847644805908,0.0013237628736533225,0.0018548768712207675,0.0022236731601879,0.0024173525162041187,0.4397628189507097,0.12653168067174075,0.0007271018483055622,0.12653168067174075,0.12566195726394652,0.12607253342866898,0.12650194764137268,0.12689846754074097,0.12744614481925964,1.0,0.9999999891482205
V3,Toys,43,visual,1,1,0.07473856955766678,-0.01692123727994024,3.135929052902952e-05,0.01692123727994024,-0.016957661882042886,-0.016948186792433262,-0.01692747138440609,-0.016896377317607403,-0.016873469576239586,0.0043375566677212206,-0.014109297101072,0.0024523067906311396,0.014109297101072,-0.017035647854208948,-0.01593909878283739,-0.014407128095626831,-0.012557041365653276,-0.010656124353408812,0.6932281921586155,-0.004560824387958154,0.0015286182574171532,0.004560824387958154,-0.006362322345376014,-0.005852570058777928,-0.004881921224296093,-0.0034840621519833803,-0.0021860477980226267,0.3024342326243642,0.07257843528552227,0.0030604705125386513,0.07257843528552227,0.06896211504936219,0.07029345631599426,0.07215936481952667,0.07454312965273857,0.0767917811870575,1.0,0.9999999814507009
V3,Toys,43,visual,2,1,0.07473856955766678,-0.01691413318734291,3.129089459180331e-05,0.01691413318734291,-0.016950710117816924,-0.016941679641604424,-0.01692040078341961,-0.01688922941684723,-0.016866129636764527,-0.002183073567739418,0.03572429043730695,0.001419112965519621,0.03572429043730695,0.03375314474105835,0.03506050631403923,0.03615083545446396,0.03675989620387554,0.0370842844247818,1.012205087445713,-0.00036627073460695066,0.00012276029177365306,0.00036627073460695066,-0.0005109454737976194,-0.0004700082790805027,-0.0003920573799405247,-0.0002797980996547267,-0.00017555714875925325,-0.010022292988350228,0.7851077955078463,0.0013949403644235362,0.7851077955078463,0.7831605792045593,0.7844507396221161,0.7855215668678284,0.7861171066761017,0.7864504814147949,1.0,0.9999997208896233
V3,Toys,43,visual,3,1,0.07473856955766678,-0.01677115440591864,3.3835235672230236e-05,0.01677115440591864,-0.016810733079910278,-0.016800384037196636,-0.016777683049440384,-0.01674401108175516,-0.01671956665813923,-0.007672619658467152,0.024971123644643343,0.0010779513625720142,0.024971123644643343,0.02332434430718422,0.024415205232799053,0.025280393660068512,0.025784854777157307,0.026078271493315697,0.5123074269211092,0.0031942181317427924,0.0010705828035607455,0.0031942181317427924,0.0015310201095417141,0.0024400970432907343,0.003419101471081376,0.0040989050175994635,0.004455914907157421,0.4953651966220687,0.05877893373233364,0.001511872373090044,0.05877893373233364,0.05668407902121544,0.05784609541296959,0.05901145190000534,0.05996556952595711,0.06053691357374191,1.0,1.0000000038847108
V3.1,Toys,43,text,0,0,0.0,0.0,0.0,0.0,0.0,0.0,0.0,0.0,0.0,0.0,0.04163563571065686,0.0019445845203999539,0.04163563571065686,0.03935656473040581,0.04123289883136749,0.0422678105533123,0.042860664427280426,0.043126118183135984,0.9998661806558071,0.00018669594716903473,1.3568610529901531e-05,0.00018669594716903473,0.00017069061868824065,0.00018034847744274884,0.0001883411023300141,0.0001952017701114528,0.00020116690720897167,0.0001338389290684472,0.2109907592558348,0.0019447974502994683,0.2109907592558348,0.20871153771877288,0.21058936417102814,0.2116236537694931,0.2122151255607605,0.21248108744621277,1.0,1.0000000195848755
V3.1,Toys,43,text,1,0,0.0,0.0,0.0,0.0,0.0,0.0,0.0,0.0,0.0,0.0,-0.0315895925012943,0.0026296745868475903,0.0315895925012943,-0.03454173058271408,-0.03358391299843788,-0.032057058066129684,-0.03007181268185377,-0.027960532903671263,1.000156255906301,-0.00015305688468200825,1.1123804743006017e-05,0.00015305688468200825,-0.00016492044960614294,-0.00016003012569854036,-0.000154405614011921,-0.00014785310486331582,-0.00013993542233947662,-0.0001562540767990208,0.036193622021023907,0.002629240257023497,0.036193622021023907,0.0332410492002964,0.034199753776192665,0.035727038979530334,0.03771084174513817,0.0398224800825119,1.0,1.000000001829502
V3.1,Toys,43,text,2,0,0.0,0.0,0.0,0.0,0.0,0.0,0.0,0.0,0.0,0.0,-0.02101480065336202,0.0010268259073293994,0.02101480065336202,-0.02221844084560871,-0.02173149585723877,-0.021155808120965958,-0.020391537807881832,-0.019582250341773032,0.9999797275738909,-0.00010502788409155239,7.633172923428235e-06,0.00010502788409155239,-0.000113168683310505,-0.00010981293235090561,-0.00010595338244456798,-0.00010145704436581582,-9.60239121923223e-05,2.047145235795501e-05,0.6978174491993152,0.0010268183504589272,0.6978174491993152,0.696614146232605,0.6971023082733154,0.6976756453514099,0.6984395384788513,0.6992514252662658,1.0,1.0000001990262488
V3.1,Toys,43,text,3,0,0.0,0.0,0.0,0.0,0.0,0.0,0.0,0.0,0.0,0.0,-0.03387540881113604,0.0029890776809158343,0.03387540881113604,-0.03679519295692444,-0.03602583706378937,-0.034661345183849335,-0.032560938969254494,-0.030029045790433882,1.0002143880132401,7.13888216173586e-05,5.188367122111019e-06,7.13888216173586e-05,6.526870420202613e-05,6.89616754243616e-05,7.201789412647486e-05,7.464128066203557e-05,7.692223007325084e-05,-0.00021438498129320755,-0.0347283352964755,0.002988432562533337,0.0347283352964755,-0.037647859752178194,-0.036878980696201324,-0.03551570326089859,-0.033415209501981735,-0.0308850884437561,1.0,1.000000003031947
V3.1,Toys,43,visual,0,0,0.0,0.0,0.0,0.0,0.0,0.0,0.0,0.0,0.0,0.0,-0.022602064649642636,0.0011761914604525236,0.022602064649642636,-0.02378448024392128,-0.023455124348402023,-0.02288653701543808,-0.022044438868761063,-0.021052797883749006,0.9930785389076441,0.0005297145049075215,4.6132777501803226e-05,0.0005297145049075215,0.0004728783096652478,0.0005102590366732329,0.0005397587083280087,0.0005606356426142156,0.0005739599815569818,0.00692145629683709,0.09743257842653757,0.0011835065415904886,0.09743257842653757,0.09623709172010422,0.09657382220029831,0.09714542329311371,0.09799667447805405,0.09899537861347199,1.0,0.9999999952044811
V3.1,Toys,43,visual,1,0,0.0,0.0,0.0,0.0,0.0,0.0,0.0,0.0,0.0,0.0,-0.04360364043905586,0.0017308325703840484,0.04360364043905586,-0.045332200825214386,-0.04487708769738674,-0.04407970979809761,-0.042778391391038895,-0.04120277315378189,0.9994822084375728,-0.00023740482729595318,2.0675560122823006e-05,0.00023740482729595318,-0.0002572345547378063,-0.00025126291438937187,-0.0002419063966954127,-0.00022868538508191705,-0.00021193226857576516,0.0005177886820579819,0.02203573667603822,0.0017316059198516412,0.02203573667603822,0.020303691551089287,0.020762305706739426,0.021559614688158035,0.02286598738282919,0.024433678388595587,1.0,0.9999999971196308
V3.1,Toys,43,visual,2,0,0.0,0.0,0.0,0.0,0.0,0.0,0.0,0.0,0.0,0.0,0.02759452531373884,0.0010852842932260805,0.02759452531373884,0.026095739006996153,0.02704906463623047,0.027884872630238533,0.02841694839298725,0.028686582297086715,0.9980040022647713,-0.0002951419824601517,2.5703882473146208e-05,0.0002951419824601517,-0.0003197943151462823,-0.0003123703645542264,-0.00030073834932409227,-0.0002843019610736519,-0.0002634744567330926,0.0019957950441318747,0.7928836138561227,0.0010871519916606967,0.7928836138561227,0.791384243965149,0.7923375070095062,0.7931743860244751,0.7937082350254059,0.793977677822113,1.0,0.9999997973089031
V3.1,Toys,43,visual,3,0,0.0,0.0,0.0,0.0,0.0,0.0,0.0,0.0,0.0,0.0,0.024976249751469514,0.0009714533046337045,0.024976249751469514,0.02359660156071186,0.02447167970240116,0.025242969393730164,0.02570325043052435,0.025963889434933662,0.9999946593356419,2.83232891710047e-06,2.466672117668017e-07,2.83232891710047e-06,2.528431559767341e-06,2.728302661125781e-06,2.886034280891181e-06,2.9976611131132813e-06,3.068904970859876e-06,5.310429553021653e-06,0.07193530087858101,0.0009714584615579834,0.07193530087858101,0.07055551260709762,0.0714307390153408,0.07220201194286346,0.07266242429614067,0.07292289137840272,1.0,0.9999999697651949
B,Toys,44,text,0,1,0.13061349093914032,0.08701724282718563,0.001503553383153366,0.08701724282718563,0.08490343689918518,0.08595968037843704,0.08713234961032867,0.08813995122909546,0.08891853094100952,-0.1324303184038898,0.05007386961616585,0.005741367478947189,0.05007386961616585,0.04354529827833176,0.04922947660088539,0.05228230357170105,0.053422074764966965,0.053865768015384674,1.0254222599318594,0.005092057576151916,0.002128091122718269,0.005092057576151916,0.002173688495531678,0.0035324663622304797,0.0051373583264648914,0.006754070520401001,0.007932934723794461,0.10700806819546246,0.3103141787288903,0.004861235854756068,0.3103141787288903,0.30563167929649354,0.30912378430366516,0.3112151026725769,0.31311166286468506,0.31464192271232605,1.0,1.000000009723432
B,Toys,44,text,1,1,0.13061349093914032,-0.028845088405111154,0.0005212087993592236,0.028845088405111154,-0.029504386335611345,-0.029235160909593105,-0.028884202241897583,-0.028478647582232952,-0.028113142400979996,0.024511784756516563,-0.044669021711862295,0.002358807522357601,0.044669021711862295,-0.04692591726779938,-0.04637427069246769,-0.04533299803733826,-0.04362862929701805,-0.04151067957282066,0.6296998957787656,-0.004035479736401251,0.001686522290713034,0.004035479736401251,-0.006286888103932142,-0.005352632608264685,-0.004071380477398634,-0.0027994962874799967,-0.0017226583790034044,0.3457883195728038,-0.0044317674450198,0.0028323507583249766,0.004715473574583709,-0.007744622603058815,-0.006485071033239365,-0.004802227020263672,-0.0027971703093498945,-0.000654144398868075,1.0,1.000000000108086
B,Toys,44,text,2,1,0.13061349093914032,-0.028619218010596678,0.0005476260599081275,0.028619218010596678,-0.029312634840607643,-0.029027624055743217,-0.028660284355282784,-0.028232693672180176,-0.0278498075902462,0.07984901096070643,-0.03456381005510655,0.0016849772337053865,0.03456381005510655,-0.03640278130769729,-0.03583517298102379,-0.03495034947991371,-0.033628448843955994,-0.03212610557675362,0.6427910569330876,-0.0025557903401318446,0.0010681251457966957,0.0025557903401318446,-0.003981674928218127,-0.0033899828558787704,-0.002578527433797717,-0.0017730050021782517,-0.0010910112643614405,0.2773597501634938,0.6550652769977674,0.0020093118651165033,0.6550652769977674,0.6526609301567078,0.6536300182342529,0.6548221707344055,0.6562935411930084,0.6578204870223999,1.0,0.9999998180572878
B,Toys,44,text,3,1,0.13061349093914032,-0.029552936483841497,0.000434994571619558,0.029552936483841497,-0.030101997777819633,-0.0298781031742692,-0.02958747185766697,-0.02924662083387375,-0.028939621150493623,-0.044842690511285276,-0.023903229141323916,0.002047623918603256,0.023903229141323916,-0.026187335699796678,-0.02534925565123558,-0.024247197434306145,-0.02279053907841444,-0.021244875341653816,0.9303965980982646,0.0014992126025228309,0.0006265563539606589,0.0014992126025228309,0.0006399812060408294,0.0010400349856354296,0.001512550050392747,0.0019885452929884195,0.0023356285877525807,0.1144460796276159,-0.04576964443376255,0.0020803606139814753,0.04576964443376255,-0.0481681153178215,-0.04725624807178974,-0.04607117548584938,-0.044570205733180046,-0.04297040998935699,1.0,0.9999999872145952
B,Toys,44,visual,0,1,0.0760539099574089,0.0515621888015431,0.00036048297802607145,0.0515621888015431,0.05107114166021347,0.051312169060111046,0.05158175528049469,0.05182574689388275,0.05201825872063637,0.12113624226800702,-0.03310438474956617,0.0007007818136564544,0.03310438474956617,-0.03377928510308266,-0.03361029550433159,-0.033299271017313004,-0.03280084766447544,-0.032155001908540724,0.09309301130181133,0.0035760777615332826,0.0009823199313665875,0.0035760777615332826,0.0021001167129725217,0.0029085265705361962,0.00385296787135303,0.00442612124606967,0.004609275609254837,0.7857707058119358,0.13563789837413376,0.001040345574784118,0.13563789837413376,0.13417223393917083,0.1349988356232643,0.13584010303020477,0.13632941246032715,0.1367138385772705,1.0,0.9999999593817541
B,Toys,44,visual,1,1,0.0760539099574089,-0.017267882464825746,0.00011540019693611463,0.017267882464825746,-0.01741380915045738,-0.017352372407913208,-0.017274420708417892,-0.01718776859343052,-0.017110707983374596,0.010010542840668754,-0.0375782971986144,0.002281893740658501,0.0375782971986144,-0.03997351825237274,-0.03927202522754669,-0.038122810423374176,-0.03642640449106693,-0.0344418853521347,0.6710601536327528,-0.005361112394831427,0.0014726546554898997,0.005361112394831427,-0.006910041254013777,-0.006635463563725352,-0.005776214879006147,-0.004360346356406808,-0.0031484107952564947,0.31892930562542915,0.019333377857131136,0.0029070449358550923,0.019333377857131136,0.016079184040427207,0.01710444502532482,0.01879032328724861,0.020972508937120438,0.02337007001042366,1.0,1.0000000020988506
B,Toys,44,visual,2,1,0.0760539099574089,-0.017240729203569657,0.00011702631427915806,0.017240729203569657,-0.017388826981186867,-0.0173264192417264,-0.017247125506401062,-0.017159437760710716,-0.01708155795931816,0.024897706315245825,0.028816030501750505,0.0008810450717149053,0.028816030501750505,0.027547919750213624,0.028362669982016087,0.029065830633044243,0.029473895207047462,0.02969987317919731,0.7761189429232477,-0.0016504330816343954,0.0004533607548454252,0.0016504330816343954,-0.0021272750105708837,-0.0020427455892786384,-0.0017782235518097878,-0.0013423445634543896,-0.0009692468564026056,0.19898371079403276,0.7775443590214415,0.0009661889891583905,0.7775443590214415,0.7762253165245057,0.7770136296749115,0.7776710987091064,0.7781722843647003,0.7786831378936767,1.0,1.0000003600325262
B,Toys,44,visual,3,1,0.0760539099574089,-0.017053577112986662,0.0001281465284727993,0.017053577112986662,-0.017216223850846292,-0.017147178761661053,-0.017060380429029465,-0.016964437440037727,-0.016879261657595634,-0.02579140733244429,0.03589063560989318,0.0008415754229639372,0.03589063560989318,0.03470294028520584,0.035562315955758095,0.036201439797878265,0.03648770786821842,0.03662223517894745,0.4688636197263033,0.0034354690504388883,0.0009436958453510393,0.0034354690504388883,0.0020175416953861713,0.0027941655134782195,0.003701471956446767,0.004252089653164148,0.004428042378276586,0.5569278025681598,0.0760861489055064,0.001296682034951544,0.0760861489055064,0.07434195727109909,0.07538702338933945,0.07635250687599182,0.07710239291191101,0.07748289853334427,1.0,1.0000000149620187
AB,Toys,44,text,0,1,0.09863846749067307,0.06683406201169871,0.00025563186389516957,0.06683406201169871,0.06650046408176422,0.06664376705884933,0.0668243020772934,0.06701308488845825,0.06717880964279174,-0.029663540590282825,0.003236500591732243,0.007162627295189822,0.006842419787610004,-0.0072895967401564125,-0.0025975361932069063,0.004423012491315603,0.009402845054864883,0.011981033161282541,1.0297291927501533,6.805131234337587e-05,1.3140263035476236e-05,6.805131234337587e-05,5.0353519327472895e-05,6.0494308854686096e-05,6.97691721143201e-05,7.755613114568405e-05,8.321192726725713e-05,-6.5652358982171e-05,0.1923420459392077,0.0069542313623478765,0.1923420459392077,0.18211588859558106,0.18664076179265976,0.1934981793165207,0.1983494758605957,0.20083469152450562,1.0,0.9999999998008883
AB,Toys,44,text,1,1,0.09863846749067307,-0.022309694107955826,8.421677306269229e-05,0.022309694107955826,-0.022423142567276955,-0.022368723526597023,-0.02230648137629032,-0.022247079759836197,-0.02220004126429558,-0.005903115107582243,-0.020937900191456922,0.0030361285616665777,0.020937900191456922,-0.02440457195043564,-0.02323092147707939,-0.021424103528261185,-0.019194480031728745,-0.016813512146472927,1.0053624801375691,-0.0002290420613136758,4.422652303102884e-05,0.0002290420613136758,-0.0002800685469992459,-0.0002610326773719862,-0.0002348239067941904,-0.00020360726193757728,-0.00016947614494711155,0.0005406420518078924,0.06047908694423262,0.0030183344666446107,0.06047908694423262,0.057017961889505385,0.058184342458844185,0.06001066789031029,0.0622185543179512,0.06459146440029144,1.0,1.0000000070817947
AB,Toys,44,text,2,1,0.09863846749067307,-0.02222772022422586,8.682647727595095e-05,0.02222772022422586,-0.022344903275370597,-0.022288599982857704,-0.022224273532629013,-0.022163094952702522,-0.022114270925521852,0.0049251523965843265,-0.0026964987741792713,0.0007300650264006815,0.0026964990630855916,-0.003611849620938301,-0.003252262598834932,-0.002768217818811536,-0.0021971844835206866,-0.0016633852617815121,0.9963397477889245,-3.8446844092920286e-05,7.423833977971151e-06,3.8446844092920286e-05,-4.701211364590563e-05,-4.381676444609184e-05,-3.9417380321538076e-05,-3.417737752897665e-05,-2.844814989657606e-05,-0.0012647484385585714,0.723040578543319,0.0007273956889895753,0.723040578543319,0.7221310615539551,0.7224901616573334,0.7229733467102051,0.7235371172428131,0.7240718364715576,1.0,1.0000001517469503
AB,Toys,44,text,3,1,0.09863846749067307,-0.022296647683567226,8.459556636583747e-05,0.022296647683567226,-0.02241079546511173,-0.022355985827744007,-0.02229318767786026,-0.02223370037972927,-0.022186051309108733,-0.025722161309273857,3.935445692861828e-05,0.0017862070376248346,0.0014256833360227121,-0.001998076355084777,-0.001223643368575722,-0.00029931950848549604,0.0011160430149175227,0.0027178724296391043,1.0226074750581824,0.0001994376187807815,3.851009892056781e-05,0.0001994376187807815,0.0001475707860663533,0.00017729035607771948,0.00020447213319130242,0.00022729333431925625,0.00024386875447817148,0.003114687119391196,0.007843708516048832,0.0017450174776830554,0.007843708516048832,0.005860629677772522,0.006614635931327939,0.007516012992709875,0.008889411110430956,0.010455079190433026,1.0,1.0000000008682997
AB,Toys,44,visual,0,1,0.07417289167642593,0.05046511004442868,0.00023926045871560468,0.05046511004442868,0.0501344308257103,0.05029148608446121,0.05048765242099762,0.05064915120601654,0.05076074227690697,0.04388867051897517,-0.037934863092848055,0.0004308396240945255,0.037934863092848055,-0.03836666792631149,-0.0382427666336298,-0.038043081760406494,-0.03772844187915325,-0.03735402375459671,0.9558333233738949,3.29387364174988e-05,5.938763509223408e-06,3.29387364174988e-05,2.7753737595048732e-05,2.907969246734865e-05,3.129153628833592e-05,3.531016409397125e-05,4.0510316466679797e-05,0.0002779667504400925,0.10886241672738332,0.00037471392581145445,0.10886241672738332,0.10845826864242554,0.10861261561512947,0.10880324989557266,0.1090434230864048,0.109335857629776,1.0,0.9999999606433102
AB,Toys,44,visual,1,1,0.07417289167642593,-0.01685233295286053,7.849435852227007e-05,0.01685233295286053,-0.016949502006173133,-0.016912578605115414,-0.016859646886587143,-0.016795992851257324,-0.016743795573711397,0.009897262181056209,-0.014448803086616828,0.0031707451668100666,0.014448803086616828,-0.018429379910230637,-0.01661896612495184,-0.014622620306909084,-0.012397060636430979,-0.010294153727591036,0.9897674110140231,-0.00010309762781989997,1.8588218468108772e-05,0.00010309762781989997,-0.0001267965300939977,-0.00011052015543100424,-9.794192010303959e-05,-9.101889008888975e-05,-8.686868095537647e-05,0.0003353288698210231,0.0798127212542991,0.003202609794308588,0.0798127212542991,0.07580121159553528,0.07762552425265312,0.07964012026786804,0.08188648894429207,0.08402315378189087,1.0,1.0000000020649003
AB,Toys,44,visual,2,1,0.07417289167642593,-0.01685527178919468,7.829861544644563e-05,0.01685527178919468,-0.016952088847756386,-0.016915371641516685,-0.016862692311406136,-0.016798371449112892,-0.016746911406517028,-0.0021040227551835464,0.03302348531498213,0.001103877096662789,0.03302348531498213,0.031391724944114685,0.03243461064994335,0.03333044797182083,0.033858755603432655,0.03415985926985741,1.0022744640390588,-2.1192312735056313e-05,3.820915654734371e-06,2.1192312735056313e-05,-2.6063758923555724e-05,-2.271805533382576e-05,-2.0132527424721047e-05,-1.8709459254750982e-05,-1.7856358317658303e-05,-0.00017033790402013678,0.7883325254666572,0.001098562714327647,0.7883325254666572,0.7867053031921387,0.7877433896064758,0.788637638092041,0.7891598343849182,0.7894670367240906,1.0,1.0000001033798551
AB,Toys,44,visual,3,1,0.07417289167642593,-0.016757505301563426,8.263620839141868e-05,0.016757505301563426,-0.016859690472483636,-0.016821053810417652,-0.016765354201197624,-0.016697535291314125,-0.016643427312374115,0.0019897159365880614,0.029163849018073135,0.001114637177653135,0.029163849018073135,0.02752184048295021,0.028560670092701912,0.02945663221180439,0.030013732612133026,0.03032875433564186,0.997093730137119,9.135119770696298e-05,1.6470369517652052e-05,9.135119770696298e-05,7.697129185544327e-05,8.064864960033447e-05,8.678290760144591e-05,9.792803757591173e-05,0.00011234996345592663,0.0009165606240230459,0.06315096629219633,0.0011148497023395194,0.06315096629219633,0.0615048423409462,0.06254425644874573,0.06343959271907806,0.06399626284837723,0.064324551820755,1.0,1.0000000066977301
V3,Toys,44,text,0,1,0.11473819613456726,0.07727357479873041,0.00023660803567159686,0.07727357479873041,0.07703367620706558,0.07706251367926598,0.0771903395652771,0.07745592296123505,0.07766101509332657,-0.00044552899051380845,0.010677852060871506,0.0016564595117637235,0.010677852060871506,0.008320832438766957,0.00964000029489398,0.010982964187860489,0.011956602334976196,0.012562155909836293,0.4823876964798642,0.003931646443466681,0.0015655550745617437,0.003931646443466681,0.0017268088413402438,0.002798058441840112,0.00404189620167017,0.005224606487900019,0.005995675828307867,0.5180578256834504,0.24017063772499805,0.0018478752282932575,0.24017063772499805,0.2377108782529831,0.2389226257801056,0.2402707189321518,0.24152499437332153,0.24251398742198943,1.0,0.9999999931728007
V3,Toys,44,text,1,1,0.11473819613456726,-0.025775512794447165,7.848800766634487e-05,0.025775512794447165,-0.025904259458184243,-0.025836745277047157,-0.02574794739484787,-0.025707313790917397,-0.025695640966296195,-0.00654687377309149,-0.024041168444402253,0.0034894416339798333,0.024041168444402253,-0.028042449057102202,-0.02665517758578062,-0.024632733315229416,-0.022039873525500298,-0.01915390715003013,0.8388929239221502,-0.005278276878890566,0.002101774224256316,0.005278276878890566,-0.008049258217215537,-0.00701408926397562,-0.005426288116723299,-0.0037564230151474476,-0.002318259095773101,0.16765394923444688,0.03154253882638827,0.0033472617983249372,0.03154253882638827,0.027400854229927062,0.02908057626336813,0.03128618746995926,0.03370202146470547,0.03611259832978249,1.0,0.9999999993835056
V3,Toys,44,text,2,1,0.11473819613456726,-0.025615296942614132,8.228831123681812e-05,0.025615296942614132,-0.02575024776160717,-0.025678755715489388,-0.025586329400539398,-0.025541866198182106,-0.02553187422454357,-0.00897700957044235,-0.011467805211923929,0.0015361016536098043,0.011467805211923929,-0.013466571271419526,-0.012553131207823753,-0.011479277163743973,-0.010398376733064651,-0.00948497075587511,0.9593767167770697,-0.001187084228229468,0.0004726889269958571,0.001187084228229468,-0.0018102778820320963,-0.0015774683561176062,-0.0012203719234094024,-0.0008448193548247218,-0.0005213763797655702,0.049600404235023404,0.6998525751215964,0.001508971669351041,0.6998525751215964,0.6979077100753784,0.6988158226013184,0.6998475193977356,0.7008746266365051,0.7017885208129883,1.0,1.0000001114416508
V3,Toys,44,text,3,1,0.11473819613456726,-0.025882764962304038,7.625554210505447e-05,0.025882764962304038,-0.026006994768977165,-0.02594149112701416,-0.025856420397758484,-0.025815246626734734,-0.025805176794528963,-0.02138255665052099,-0.009881053242979129,0.0009815039295278628,0.009881053242979129,-0.01096242107450962,-0.010570235084742308,-0.010035664774477482,-0.009369693230837584,-0.00860308315604925,0.5029416697698105,0.002533714238345065,0.0010089079073333123,0.002533714238345065,0.0011128265177831054,0.0018031836370937526,0.002604763489216566,0.0033669506665319204,0.0038638596422970297,0.5184408861580854,-0.01111856703060326,0.0015357181006551248,0.01111856703060326,-0.012950001657009125,-0.012184540275484324,-0.011254220269620419,-0.010238176211714745,-0.009122474677860736,1.0,0.9999999992773748
V3,Toys,44,visual,0,1,0.07707039266824722,0.052142000348491924,9.950717554626308e-05,0.052142000348491924,0.05198832750320435,0.05205349624156952,0.052164532244205475,0.05223319120705128,0.05225686356425285,0.030178445080993852,-0.031234209026261988,0.0004312847913815752,0.031234209026261988,-0.03167626187205315,-0.03154050372540951,-0.03133046627044678,-0.031032415106892586,-0.03067239373922348,0.02308628385803742,0.0030110698899090786,0.001048561778782331,0.0030110698899090786,0.0014867221470922232,0.0022219205275177956,0.003195495344698429,0.00393344322219491,0.004246986471116543,0.9467352407400099,0.13437427739412722,0.0010249069318610951,0.13437427739412722,0.1328771412372589,0.13366897404193878,0.13458192348480225,0.13519271463155746,0.1355043828487396,1.0,0.9999999696790411
V3,Toys,44,visual,1,1,0.07707039266824722,-0.01746881252267664,3.196939179159544e-05,0.01746881252267664,-0.01750578507781029,-0.017497519962489605,-0.017475822940468788,-0.017440509982407093,-0.017419904470443726,0.001765577000776628,-0.024039644196109298,0.0023422438500709645,0.024039644196109298,-0.02688959240913391,-0.025775416754186153,-0.024270417168736458,-0.022544206120073795,-0.0208264946937561,0.750664896587546,-0.003828352627326721,0.0013331687375445136,0.003828352627326721,-0.005399729125201702,-0.005001081852242351,-0.004062836058437824,-0.002825007541105151,-0.0018902572337538002,0.24756953994937092,0.050729173783138196,0.002707376788525804,0.050729173783138196,0.047458086907863614,0.04871965944766998,0.05044182389974594,0.052424049004912376,0.054469825327396394,1.0,1.0000000135376936
V3,Toys,44,visual,2,1,0.07707039266824722,-0.01745118652413032,3.203934362867272e-05,0.01745118652413032,-0.017488160356879234,-0.017480531707406044,-0.017458468675613403,-0.017422704957425594,-0.01740161031484604,0.0034542283753881617,0.04046028860941202,0.0010461680159525397,0.04046028860941202,0.0389370933175087,0.039979251101613045,0.04079868644475937,0.041232237592339516,0.04145096614956856,0.7614247603021251,-0.0018622812642367403,0.0006485126643288116,0.0018622812642367403,-0.002626668894663453,-0.00243274902459234,-0.001976344268769026,-0.0013742095325142145,-0.0009195053135044872,0.23512106749047038,0.7953536975179268,0.0011211812601918153,0.7953536975179268,0.7938226938247681,0.7947599291801453,0.795477032661438,0.7960939705371857,0.7967024683952332,1.0,1.0000000561679836
V3,Toys,44,visual,3,1,0.07707039266824722,-0.017222001304925134,3.581764869045705e-05,0.017222001304925134,-0.01726318709552288,-0.01725442335009575,-0.017230015248060226,-0.01719032321125269,-0.017166751995682718,-0.006796883722642059,0.03048620094788423,0.0008926681062849313,0.03048620094788423,0.029182548820972442,0.030112367123365402,0.03079448640346527,0.031131614930927753,0.031297747045755386,0.48644715571245273,0.0026795645243022923,0.0009331198035061741,0.0026795645243022923,0.0013230406679213048,0.0019772970117628574,0.0028436854481697083,0.003500388585962355,0.0037794122472405434,0.5203497148594061,0.06741337700724227,0.0013696621497287767,0.06741337700724227,0.0655643805861473,0.0666440986096859,0.06764507293701172,0.0684768557548523,0.06896529197692872,1.0,0.9999999868492168
V3.1,Toys,44,text,0,0,0.0,0.0,0.0,0.0,0.0,0.0,0.0,0.0,0.0,0.0,0.01282082292349858,0.007068709115837858,0.013293517009005319,0.0017894536955282093,0.008387427311390638,0.015125560574233532,0.018546365201473236,0.01998939663171768,1.0001916217950166,0.00010385106838515307,2.4456361942062907e-05,0.00010385106838515307,7.077133195707575e-05,8.954255463322625e-05,0.00010750849469332024,0.00012179629993624985,0.00013192366168368608,-0.00019162638105636417,0.1474213331041344,0.007067312687132333,0.1474213331041344,0.13639260828495026,0.14298658818006516,0.1497238278388977,0.15314823389053345,0.1545899510383606,1.0,0.9999999954139602
V3.1,Toys,44,text,1,0,0.0,0.0,0.0,0.0,0.0,0.0,0.0,0.0,0.0,0.0,-0.03257798809134232,0.0021102048510626987,0.03257798809134232,-0.03495086207985878,-0.034195657819509506,-0.03295883163809776,-0.03132523410022259,-0.029648178443312644,0.9981454954147577,-0.0001969399771201465,4.637829380472225e-05,0.0001969399771201465,-0.00025017597363330424,-0.00023097075609257445,-0.00020387581025715917,-0.00016980574582703412,-0.0001342085801297798,0.0018545073940040276,0.0485524432284082,0.002113618492854805,0.0485524432284082,0.04617168605327606,0.0469304695725441,0.048166923224925995,0.049810949712991714,0.0514899916946888,1.0,1.0000000028087617
V3.1,Toys,44,text,2,0,0.0,0.0,0.0,0.0,0.0,0.0,0.0,0.0,0.0,0.0,-0.0035544010499359616,0.001064609298642112,0.0035544400032360415,-0.0049211554229259494,-0.004298338200896978,-0.0035668332129716873,-0.002804198069497943,-0.0021379485726356505,1.0019031134249743,-5.829738228457139e-05,1.3728716566046721e-05,5.829738228457139e-05,-7.405608630506322e-05,-6.837103501311503e-05,-6.035049955244176e-05,-5.026521648687776e-05,-3.972788690589366e-05,-0.0019033381631963695,0.7352781280914809,0.001062500637319928,0.7352781280914809,0.733914315700531,0.734534353017807,0.7352645993232727,0.7360285222530365,0.7366892695426941,1.0,0.999999775261778
V3.1,Toys,44,text,3,0,0.0,0.0,0.0,0.0,0.0,0.0,0.0,0.0,0.0,0.0,-0.0021153374154266563,0.0026923799333659054,0.0029888125476555563,-0.0051612013950943945,-0.003955580992624164,-0.00259011285379529,-0.0007300702854990959,0.001980068162083626,0.9987246669380254,0.00015138629516084205,3.5650649409671864e-05,0.00015138629516084205,0.00010316513362340629,0.00013052841677563265,0.0001567178260302171,0.00017754550208337605,0.000192308405530639,0.0012753347228074156,0.021005829366018056,0.002695583854543045,0.021005829366018056,0.01795920766890049,0.019164932891726494,0.020527279004454613,0.02238534577190876,0.02510413564741612,1.0,1.0000000016608328
V3.1,Toys,44,visual,0,0,0.0,0.0,0.0,0.0,0.0,0.0,0.0,0.0,0.0,0.0,-0.03518151487866212,0.0005822437335770587,0.03518151487866212,-0.03576457500457764,-0.0356085654348135,-0.03533031418919563,-0.03489949554204941,-0.034374290704727174,0.9996797924936098,6.87231834269979e-05,6.685299717430278e-06,6.87231834269979e-05,6.152909918455407e-05,6.53540228086058e-05,6.856732943560928e-05,7.146525967982598e-05,7.578905351692811e-05,0.0003201879730686786,0.06641322276310864,0.0005823918680042074,0.06641322276310864,0.0658299058675766,0.0659862533211708,0.06626366823911667,0.06669559329748154,0.06721938848495483,1.0,0.9999999804666785
V3.1,Toys,44,visual,1,0,0.0,0.0,0.0,0.0,0.0,0.0,0.0,0.0,0.0,0.0,-0.02542903914464416,0.001599095093382234,0.02542903914464416,-0.02718503847718239,-0.026615001261234283,-0.02575136534869671,-0.02457284741103649,-0.023223521932959557,0.9998500709010669,-0.0001379253181379289,1.341719116646317e-05,0.0001379253181379289,-0.00015210630372166633,-0.00014342858776217327,-0.0001376125292154029,-0.00013116351328790188,-0.00012348702002782375,0.0001499203094507094,0.05459039000842444,0.001599278600268178,0.05459039000842444,0.052832023799419404,0.05340593121945858,0.05426771193742752,0.055448831990361214,0.05679929330945015,1.0,0.9999999912105176
V3.1,Toys,44,visual,2,0,0.0,0.0,0.0,0.0,0.0,0.0,0.0,0.0,0.0,0.0,0.03200262209549492,0.0011883138900637463,0.03200262209549492,0.03024884983897209,0.0313473716378212,0.032316580414772034,0.03290375508368015,0.033250273764133455,1.0002001022501676,-3.2971183466891e-05,3.207392780548403e-06,3.2971183466891e-05,-3.636116234702058e-05,-3.4286744266864844e-05,-3.2896408811211586e-05,-3.135476799798198e-05,-2.9519692907342685e-05,-0.00020009835971826335,0.8008504952604456,0.0011880718494915398,0.8008504952604456,0.7990979552268982,0.8001954555511475,0.8011648058891296,0.8017513751983643,0.8020975351333618,1.0,1.0000000038904493
V3.1,Toys,44,visual,3,0,0.0,0.0,0.0,0.0,0.0,0.0,0.0,0.0,0.0,0.0,0.030301133776814877,0.0009869267697885068,0.030301133776814877,0.02884150668978691,0.029795954935252666,0.03061472252011299,0.031041556037962437,0.03127262592315674,0.9989907339169389,0.00010217330133536005,9.939282609866811e-06,0.00010217330133536005,9.147759265033528e-05,9.716424392536283e-05,0.00010194158676313236,0.00010625004870234989,0.00011267839145148175,0.001009283985788513,0.0790224880052091,0.0009878742513069712,0.0790224880052091,0.07756391167640686,0.07851642742753029,0.07933680713176727,0.07976289093494415,0.07999641895294189,1.0,1.0000000179027275
B,Grocery,42,text,0,1,0.15609146654605865,0.10409050179987751,0.0015143670792604094,0.10409050179987751,0.1020915113389492,0.10303820110857487,0.1041221022605896,0.1051861084997654,0.10609950050711632,-0.10640782605336387,0.06391684953584792,0.007204166971642828,0.06391684953584792,0.055158868059515954,0.0623632837086916,0.066476009786129,0.06845811009407043,0.06929345354437828,0.9549844845852802,0.012336107375104155,0.002834789516099945,0.012336107375104155,0.008405746612697839,0.010967133333906531,0.013246111571788788,0.014634785708039999,0.014921065885573626,0.1514233533027482,0.3680394984833234,0.0067208111486035975,0.3680394984833234,0.36009295880794523,0.36588580906391144,0.3698839992284775,0.3725001662969589,0.3739445090293884,1.0,1.0000000118346646
B,Grocery,42,text,1,1,0.15609146654605865,-0.03399154432755039,0.0005821572592487923,0.03399154432755039,-0.034765392914414404,-0.03441300801932812,-0.03400076739490032,-0.03358559496700764,-0.03322115503251553,0.00882139356267097,-0.03205122883500669,0.004852057787085239,0.03205122883500669,-0.03768244385719299,-0.03572312369942665,-0.03281256929039955,-0.02920747548341751,-0.025536738522350787,0.95840025932441,-0.0034124063427678924,0.0007841577106346138,0.0034124063427678924,-0.004127455921843648,-0.0040482652839273214,-0.0036641310434788465,-0.003033721644897014,-0.0023251925129443404,0.032778348706973215,0.021155712075939054,0.004958260371967621,0.021155712075939054,0.015324172470718623,0.01744256028905511,0.02043173275887966,0.024065712466835976,0.02778226025402546,1.0,1.0000000015940542
B,Grocery,42,text,2,1,0.15609146654605865,-0.03395506646887779,0.000580832258551167,0.03395506646887779,-0.034728062152862546,-0.03437485080212355,-0.033963851630687714,-0.033550381660461426,-0.0331885289400816,-0.014193677187814047,-0.06970267578276006,0.019960924981040663,0.06976665583188008,-0.08990801349282265,-0.08480740152299404,-0.07524806261062622,-0.05958928354084492,-0.040415818244218804,1.0161898380108907,-0.003554110263487469,0.0008167207209067642,0.003554110263487469,-0.004298853129148484,-0.004216373898088932,-0.003816288080997765,-0.0031597002525813878,-0.0024217485915869474,-0.00199616357148484,0.5636540407896796,0.01961935653935462,0.5636540407896796,0.5438855886459351,0.5489044487476349,0.5581452250480652,0.5736307352781296,0.5922429144382477,1.0,0.9999999972515918
B,Grocery,42,text,3,1,0.15609146654605865,-0.03614389109574158,0.00035354372283991076,0.03614389109574158,-0.03660873919725418,-0.03640104830265045,-0.03615340776741505,-0.035898683592677116,-0.03567598760128021,-0.007047279602597244,-0.07303598170188594,0.022737423548178527,0.07309459129367311,-0.0973704494535923,-0.09099136292934418,-0.07849837467074394,-0.05999289080500603,-0.03951493315398692,1.0086006581931974,-0.0053695916170738945,0.0012339112803051294,0.0053695916170738945,-0.006494757579639554,-0.00637014745734632,-0.005765693029388785,-0.004773712134920061,-0.0036588062997907397,-0.001553375801538066,-0.18123323366018024,0.022507359447330254,0.18123323366018024,-0.20527346879243852,-0.1988825798034668,-0.18661915510892868,-0.1685020737349987,-0.1480761796236038,1.0,1.000000002789062
B,Grocery,42,visual,0,1,0.08508777618408203,0.05771660085545395,0.0007274333453894445,0.05771660085545395,0.05669963471591473,0.0571937644854188,0.05777278169989586,0.05830230098217726,0.058642362058162686,-0.15183768467197056,-0.009148199578425439,0.0038884251832778855,0.009323960415948816,-0.01262161647900939,-0.011896582785993814,-0.010707068257033825,-0.007411510334350169,-0.0032250961521640364,1.1759561171864217,0.0014253083231970634,0.0004848915185841628,0.0014253083231970634,0.0007058533024974168,0.0010972925811074674,0.001520724908914417,0.001852713932748884,0.0019844274036586286,-0.024118420864482747,0.17664103298380934,0.0032291027884745775,0.17664103298380934,0.17380090355873107,0.1744147352874279,0.17556113749742508,0.1778661534190178,0.18142581582069398,1.0,1.0000000116499683
B,Grocery,42,visual,1,1,0.08508777618408203,-0.019236258283686,0.00024286504324462347,0.019236258283686,-0.01954497378319502,-0.019431657623499632,-0.019255048595368862,-0.019061552360653877,-0.018897073902189733,-0.018256007199829345,-0.014942688144902936,0.0034740350071480234,0.014942688144902936,-0.01938124466687441,-0.017449334729462862,-0.01507608499377966,-0.012605226133018732,-0.010250495653599501,0.987410929334309,0.0014390788268587912,0.000489576259724315,0.0014390788268587912,0.0007126728538423777,0.0011078939714934677,0.001535417337436229,0.0018706137780100107,0.0020035997731611133,0.030845096481305033,0.07281123363838704,0.0034876741374372465,0.07281123363838704,0.06837688535451888,0.07028726860880852,0.07270236685872078,0.0751713290810585,0.07750282958149911,1.0,1.0000000186157847
B,Grocery,42,visual,2,1,0.08508777618408203,-0.01923732042757283,0.00024259893840670625,0.01923732042757283,-0.01954591888934374,-0.01943255914375186,-0.019256004132330418,-0.019062896724790335,-0.018898124992847442,0.049603044663484315,0.030100641086286517,0.0012053309574462602,0.030100641086286517,0.028374726697802544,0.029450433794409037,0.030464432202279568,0.03103358019143343,0.03128661587834358,0.3570439577251518,-0.004546989884093115,0.0015468911497412085,0.004546989884093115,-0.0063306800555437805,-0.005910490523092449,-0.004851386183872819,-0.003500560822430998,-0.0022517989156767724,0.5933530091368314,0.7674348024409005,0.002111355416831032,0.7674348024409005,0.7647256255149841,0.766137033700943,0.7674351930618286,0.7689134776592255,0.7701732337474823,1.0,1.0000000115254675
B,Grocery,42,visual,3,1,0.08508777618408203,-0.01924302210546729,0.0002419726930826544,0.01924302210546729,-0.019550846703350545,-0.019438037648797035,-0.019261675886809826,-0.019069007597863674,-0.018904791958630086,0.026171954849900224,0.017146477928823473,0.0007745185598125915,0.017146477928823473,0.016043188609182836,0.016722059808671474,0.017419257201254368,0.017740463837981224,0.017858123779296874,0.6783331434587005,0.0016826027356103266,0.0005724233711568997,0.0016826027356103266,0.0008332727942615747,0.0012953741243109107,0.001795243821106851,0.002187162870541215,0.002342652971856296,0.29549490921498656,0.029833087485112993,0.0009402573168952175,0.029833087485112993,0.028550976328551768,0.029327620286494493,0.030022600665688515,0.030523949768394232,0.030847830511629582,1.0,1.0000000075235873
AB,Grocery,42,text,0,1,0.13372047245502472,0.09019552102589322,0.0003314225739594766,0.09019552102589322,0.08975919783115387,0.0899562444537878,0.09019215777516365,0.09042835608124733,0.0906427912414074,-0.03801071383046806,0.04848037922892995,0.006285914175130191,0.04848037922892995,0.04024613164365291,0.04644834715873003,0.05055512487888336,0.052788409404456615,0.053746432065963745,1.0343013249877313,0.0005384163885726995,0.0001753776118527552,0.0005384163885726995,0.00031137357000261546,0.00043207788257859647,0.0005534806987270713,0.0006581519555766135,0.0007376047899015248,0.0037093897569524877,0.3081691062019625,0.006070822260736987,0.3081691062019625,0.300254887342453,0.30631987005472183,0.3102487772703171,0.3122612312436104,0.3130990654230118,1.0,1.0000000009142158
AB,Grocery,42,text,1,1,0.13372047245502472,-0.02959632968532895,0.00012550283697882893,0.02959632968532895,-0.029764881171286107,-0.02968463022261858,-0.029594164341688156,-0.029505827464163303,-0.029432137869298457,-0.0509496720765256,-0.007541670244566976,0.001209293625247559,0.007541670244566976,-0.009133260138332844,-0.008454563794657588,-0.007556399796158075,-0.006638554856181145,-0.005930608324706554,1.0423554415184686,-0.0002025137602736033,6.596452178866424e-05,0.0002025137602736033,-0.0002774342108750716,-0.00024754973128437996,-0.00020817988115595654,-0.0001625168188184034,-0.00011711647457559592,0.00859423739098146,0.06947913092152079,0.0011537529770606991,0.06947913092152079,0.06795520558953286,0.06860693357884884,0.06946774572134018,0.07033926621079445,0.07101500108838081,1.0,1.0000000068329244
AB,Grocery,42,text,2,1,0.13372047245502472,-0.02970061710564062,0.00012154927469990045,0.02970061710564062,-0.02986417282372713,-0.029786134604364634,-0.02970000822097063,-0.029613377060741186,-0.029540902003645897,-0.006258825111246537,-0.052519785588079404,0.008875140652117704,0.052519785588079404,-0.06155921071767807,-0.0593233210965991,-0.05492112599313259,-0.04810054134577513,-0.03944138213992118,1.0053658876976233,-0.00022692046009376913,7.391448176218144e-05,0.00022692046009376913,-0.0003108702163444832,-0.00027738411154132336,-0.00023326944938162342,-0.00018210312919109128,-0.0001312312000663951,0.0008929467551539468,0.6321134239634181,0.008826860294990333,0.6321134239634181,0.6231455445289612,0.625353679060936,0.6297314167022705,0.6364990621805191,0.6451000392436981,1.0,1.0000000093415307
AB,Grocery,42,text,3,1,0.13372047245502472,-0.030898574336379665,8.665678847576368e-05,0.030898574336379665,-0.031015138141810894,-0.030959337949752808,-0.030899014323949814,-0.0308367433026433,-0.030783389508724213,-0.0029515209775594306,-0.056552878253873624,0.011861126527854558,0.056552878253873624,-0.06945577412843704,-0.06589863076806068,-0.059235960245132446,-0.04975839238613844,-0.03922511450946331,1.0026541886286593,-0.00010898211194535626,3.549858982252313e-05,0.00010898211194535626,-0.000149300298653543,-0.00013321806545718573,-0.00011203131361980923,-8.745788545638788e-05,-6.302584442892112e-05,0.0002972856917605615,-0.1071466617580755,0.01182942391714824,0.1071466617580755,-0.12002275213599205,-0.11646541580557823,-0.10982587188482285,-0.10035286657512188,-0.08986899629235268,1.0,0.9999999533428604
AB,Grocery,42,visual,0,1,0.08205865323543549,0.05576405222358044,0.0007003004162213576,0.05576405222358044,0.054811641201376916,0.05527422018349171,0.05579755641520023,0.056297626346349716,0.05667699910700321,-0.14068309265570728,-0.008403748128502496,0.0038696029580166666,0.008679777984973821,-0.01234607445076108,-0.010925478069111705,-0.009222730062901974,-0.0068806171184405684,-0.0032209778204560216,1.1389033977054244,0.0002212242121300837,8.098863873746692e-05,0.0002212242121300837,0.00011399411814636551,0.00016963140296866186,0.00022291820641839877,0.00027944233443122357,0.00032646060863044117,0.0017796800918913381,0.16614798178637322,0.0033668033463745035,0.16614798178637322,0.16278439164161682,0.16402653232216835,0.16545172035694122,0.1673038750886917,0.17055135369300842,1.0,0.9999999851416085
AB,Grocery,42,visual,1,1,0.08205865323543549,-0.018602833560695968,0.00023193723738631835,0.018602833560695968,-0.018905244208872317,-0.018779735546559095,-0.018614056520164013,-0.018440576270222664,-0.01828765757381916,-0.02183631042687742,-0.012809677526060895,0.002991793824386633,0.012809677526060895,-0.016634461097419263,-0.015028359135612845,-0.012947944924235344,-0.010763789992779493,-0.008752012532204388,1.0217933367093424,-9.649313680131687e-05,3.532546329033361e-05,9.649313680131687e-05,-0.0001423949404852465,-0.00012188660184619948,-9.723201947053894e-05,-7.39894876460312e-05,-4.9721727918949896e-05,4.2973420094001716e-05,0.07970876276713003,0.002919807726996148,0.07970876276713003,0.07596596628427506,0.07755210250616074,0.07959281653165817,0.08169814758002758,0.08365009054541588,1.0,0.9999999997025589
AB,Grocery,42,visual,2,1,0.08205865323543549,-0.018609208861906795,0.00023108922438843575,0.018609208861906795,-0.018910521268844606,-0.01878514140844345,-0.018620005808770657,-0.018447311129420996,-0.018294697813689708,0.03851851151209019,0.03273868619940963,0.0015418748195782416,0.03273868619940963,0.030550223030149936,0.031955950893461704,0.03324592486023903,0.03391005098819733,0.034185674786567685,0.9607012626957101,-0.0002517991767224853,9.218191965154765e-05,0.0002517991767224853,-0.00037158009072300045,-0.000318063517624978,-0.000253727295785211,-0.00019307582260807976,-0.0001297490234719589,0.0007802915272606565,0.7825252891208244,0.0015862130254541053,0.7825252891208244,0.7803098976612091,0.7817691415548325,0.7830244302749634,0.7836896926164627,0.7840107321739197,1.0,1.000000065735061
AB,Grocery,42,visual,3,1,0.08205865323543549,-0.01855200978712293,0.0002372857149311758,0.01855200978712293,-0.018861369229853153,-0.01873285137116909,-0.01856297254562378,-0.01838585687801242,-0.018229257315397263,0.0755792841466471,0.025000675889909185,0.0010863834707133479,0.025000675889909185,0.02349456734955311,0.02445476921275258,0.025398345664143562,0.02581384778022766,0.025954094156622885,0.9198455900052881,0.00012706811243887007,4.651874832676735e-05,0.00012706811243887007,6.547663651872427e-05,9.743391638039611e-05,0.00012804112338926643,0.0001605077959538903,0.00018751443712972105,0.004575089831362078,0.04739595280694671,0.0011550520837075393,0.04739595280694671,0.045827267318964006,0.04686463437974453,0.047775302082300186,0.048200574703514576,0.04844944700598717,1.0,0.9999999639832973
V3,Grocery,42,text,0,1,0.12934927642345428,0.08723144603093949,4.8605885505742055e-05,0.08723144603093949,0.08716749623417855,0.08719744719564915,0.08723137155175209,0.0872674360871315,0.08729593008756638,-0.0037078600881788708,0.04260182499603446,0.005912975124396053,0.04260182499603446,0.03491164445877075,0.04038988519459963,0.04459540545940399,0.04675322212278843,0.04768472723662853,0.9708750908474095,0.004926598997545751,0.0015165322297585808,0.004926598997545751,0.0028282058192417026,0.004016751074232161,0.005169458221644163,0.006171801476739347,0.006713711051270366,0.03283278209318707,0.29942510698304403,0.005888285098343325,0.29942510698304403,0.2919898808002472,0.2972567453980446,0.3010658025741577,0.3034185841679573,0.3048952132463455,1.0,1.0000000128524178
V3,Grocery,42,text,1,1,0.12934927642345428,-0.028685351667553274,2.7099214776513688e-05,0.028685351667553274,-0.028719236515462397,-0.02870348561555147,-0.02868575882166624,-0.028667335398495197,-0.028650523349642753,-0.0018863004673428567,-0.009511803011102911,0.005464636339461237,0.009840331619534008,-0.015862410701811314,-0.013786548748612404,-0.010524061508476734,-0.0059613308403640985,-0.001459601882379499,0.971457596626419,-0.003193620863715543,0.0009830775684605433,0.003193620863715543,-0.004352099401876331,-0.004000811371952295,-0.0033510519424453378,-0.002603820466902107,-0.0018333574407733975,0.030428703170362163,0.0926039230056204,0.005535586156865552,0.0926039230056204,0.08615593910217285,0.0883301179856062,0.09157044440507889,0.09615576453506947,0.10069033205509187,1.0,0.9999999993294383
V3,Grocery,42,text,2,1,0.12934927642345428,-0.028768195232854937,1.875153921684081e-05,0.028768195232854937,-0.02879217769950628,-0.028782138600945473,-0.02876874152570963,-0.028755932115018368,-0.0287441436201334,-0.0010152459669102935,-0.04588145632665533,0.003273308921460194,0.04588145632665533,-0.049150034040212634,-0.04840826615691185,-0.04681737720966339,-0.044193447567522526,-0.04117594957351685,0.9025311311161082,-0.003439289876988613,0.0010587007285782174,0.003439289876988613,-0.00468688402324915,-0.004308573552407324,-0.003608831437304616,-0.002804119256325066,-0.0019743883516639468,0.09848409030318384,0.6338736392183215,0.0034516032402422277,0.6338736392183215,0.6302497148513794,0.6312597990036011,0.6330243349075317,0.6356661766767502,0.6387420535087586,1.0,0.9999999754523817
V3,Grocery,42,text,3,1,0.12934927642345428,-0.02977789899056562,1.7742339021998565e-05,0.02977789899056562,-0.029800451919436456,-0.02979020681232214,-0.029778648167848587,-0.0297669586725533,-0.029755009897053243,0.00023521831055343847,-0.061057311160795595,0.00512503110274525,0.061057311160795595,-0.06606394499540329,-0.06502608954906464,-0.06261852383613586,-0.05841363314539194,-0.053802390769124034,0.9950806513412545,0.0017063119526703528,0.000525246132092805,0.0017063119526703528,0.0009795400896109641,0.0013911889982409775,0.0017904254491440952,0.002137583855073899,0.0023252725135535003,0.0046840452725267585,-0.11203371103177923,0.00512338782978828,0.11203371103177923,-0.11701964437961579,-0.11593765206634998,-0.11358072608709335,-0.10941773094236851,-0.10474941730499268,1.0,0.9999999149243346
V3,Grocery,42,visual,0,1,0.08117179572582245,0.05497796969793504,0.00015477702561596008,0.05497796969793504,0.05473055057227612,0.054832033812999725,0.05503261275589466,0.05512219574302435,0.0551382340490818,-0.04469904542697331,-0.012126365018153987,0.0024383795077955895,0.01212946273159976,-0.014203980844467879,-0.013749692123383284,-0.01301536662504077,-0.011296414770185947,-0.008761804178357122,1.1114953824705969,0.0008877356995372909,0.0003684391876254934,0.0008877356995372909,0.0003770814655581489,0.0006012633384671062,0.0009013323578983545,0.001207187568070367,0.0013743431307375433,-0.0667963211697005,0.16128032562362515,0.0021617645726967273,0.16128032562362515,0.15945566594600677,0.15990077331662178,0.16058814525604248,0.16190120205283165,0.1641556277871132,1.0,1.000000015873923
V3,Grocery,42,visual,1,1,0.08117179572582245,-0.01832314632105139,5.21557373577028e-05,0.01832314632105139,-0.018377111293375492,-0.01837106980383396,-0.01834132708609104,-0.01827442366629839,-0.01824046839028597,-0.01047672655147497,-0.000984158969265921,0.0028162491152247727,0.0024838070409499324,-0.0044516262132674456,-0.003030769294127822,-0.0012442092411220074,0.0010135904303751886,0.00298404332716018,0.9116480954245765,0.0017113807274065545,0.0007102786620425843,0.0017113807274065545,0.0007269392954185605,0.0011591180227696896,0.0017375923926010728,0.00232722150394693,0.002649464597925544,0.09882862034999841,0.11777395745583338,0.0030122536240714914,0.11777395745583338,0.11393406540155411,0.11563753895461559,0.11758552491664886,0.11990309320390224,0.12192789688706399,1.0,0.9999999892231
V3,Grocery,42,visual,2,1,0.08117179572582245,-0.018320707559561136,5.160650750116551e-05,0.018320707559561136,-0.018374186754226685,-0.018368719145655632,-0.01833883672952652,-0.01827211957424879,-0.018238328211009503,0.01185264465244639,0.0335561851214295,0.0012999901142114782,0.0335561851214295,0.03171786367893219,0.03287010360509157,0.033970071002840996,0.03455677628517151,0.03480363264679909,0.3703309170815336,-0.004097683478350653,0.001700671914138043,0.004097683478350653,-0.006343806069344282,-0.0055722357938066125,-0.004160444252192974,-0.002775360713712871,-0.0017405636725015938,0.6178165865110373,0.7804164995846374,0.002250473280558086,0.7804164995846374,0.777525681257248,0.7790455967187881,0.780571460723877,0.7820874452590942,0.7831831634044647,1.0,1.0000001482450174
V3,Grocery,42,visual,3,1,0.08117179572582245,-0.018334115762230808,5.1172237968494584e-05,0.018334115762230808,-0.018387206085026263,-0.01838168641552329,-0.018352307379245758,-0.018285795580595732,-0.0182526383548975,-0.0187063459976062,0.012750515921563486,0.0007535803817838842,0.012750515921563486,0.011629128083586692,0.012288955738767982,0.012978100683540106,0.013347474159672856,0.01351560140028596,0.6256287487978055,0.0014985672637830858,0.0006219541531338257,0.0014985672637830858,0.0006365430308505893,0.0010149794397875667,0.0015215195016935468,0.0020378271001391113,0.002319998573511839,0.3930775660105605,0.03497716937959456,0.0009305194061966667,0.03497716937959456,0.0336523350328207,0.0343859838321805,0.035093847662210464,0.035684263333678246,0.036116857454180716,1.0,0.9999999688107598
V3.1,Grocery,42,text,0,0,0.0,0.0,0.0,0.0,0.0,0.0,0.0,0.0,0.0,0.0,0.05926988726996494,0.008423521392612427,0.05926988726996494,0.04832721389830112,0.05693004094064236,0.06232523359358311,0.06488549709320068,0.06583629250526428,0.9953003450396447,0.00040958120298367783,0.00031524985958391363,0.00040958120298367783,9.536733850836755e-05,0.0001670839119469747,0.0003309430612716824,0.0005780584760941565,0.0008405822969507426,0.004699654420000199,0.2494535346177181,0.008457461208488174,0.2494535346177181,0.2384270489215851,0.2470933198928833,0.25248613953590393,0.2550734654068947,0.25606167912483213,1.0,0.9999999994596449
V3.1,Grocery,42,text,1,0,0.0,0.0,0.0,0.0,0.0,0.0,0.0,0.0,0.0,0.0,-0.0006252719147757804,0.0010653739677832835,0.0008376990391212049,-0.002187147946096957,-0.0011961477575823665,-0.00027899381530005485,0.00019008672825293615,0.0004041020292788744,0.99778371811921,-5.656172265639197e-05,4.353489609792663e-05,5.656172265639197e-05,-0.00011608145941863768,-7.982784518389963e-05,-4.570207056531217e-05,-2.3073699139786186e-05,-1.3169893554731965e-05,0.002216303256606093,0.10046379893836643,0.0010668511711054934,0.10046379893836643,0.09890102371573448,0.0998871698975563,0.10080913826823235,0.10128150321543217,0.1014996699988842,1.0,1.000000021375816
V3.1,Grocery,42,text,2,0,0.0,0.0,0.0,0.0,0.0,0.0,0.0,0.0,0.0,0.0,-0.06209339591914183,0.009258635980975363,0.06209339591914183,-0.07086966261267662,-0.06902480870485306,-0.06498179957270622,-0.057937078177928925,-0.04855367243289947,0.9987978699334784,-0.00016985109945782704,0.00013073240382941527,0.00016985109945782704,-0.0003485849127173424,-0.00023971771588549018,-0.00013724028394790366,-6.928878792678006e-05,-3.954831736336926e-05,0.0012021059282788867,0.6336232456806826,0.009268862040138541,0.6336232456806826,0.6248384058475495,0.6266874521970749,0.6307328641414642,0.6377867758274078,0.6471796810626984,1.0,0.9999999758617573
V3.1,Grocery,42,text,3,0,0.0,0.0,0.0,0.0,0.0,0.0,0.0,0.0,0.0,0.0,-0.06214407173068176,0.009309045471205443,0.06214407173068176,-0.07163352370262147,-0.06938227079808712,-0.0646485984325409,-0.05738793406635523,-0.0485179804265499,0.9988497259642722,-0.00018316834843339367,0.00014098253451235292,0.00018316834843339367,-0.0003759158658795059,-0.0002585128750069998,-0.00014800066855968907,-7.472140350728296e-05,-4.264911876816766e-05,0.0011502742064371956,-0.09788603750803165,0.009318703076210173,0.09788603750803165,-0.10737906917929649,-0.10510307736694813,-0.10038521513342857,-0.09309890866279602,-0.08423450589179991,1.0,1.0000000001707094
V3.1,Grocery,42,visual,0,0,0.0,0.0,0.0,0.0,0.0,0.0,0.0,0.0,0.0,0.0,-0.0017316717949887597,0.003580539001055285,0.0034305991646876445,-0.0056455355603247884,-0.004561477224342525,-0.0024523029569536448,0.00040981205529533327,0.003635144466534258,0.9974685097493305,0.00023907788376257522,8.735862327096224e-05,0.00023907788376257522,0.00012327645381446928,0.0001833211244957056,0.0002424577614874579,0.0003024325269507244,0.0003517779288813472,0.002531498525781952,0.12525659378304252,0.003588569101076291,0.12525659378304252,0.1213187649846077,0.12243100814521313,0.12454419583082199,0.12740017101168633,0.1306398093700409,1.0,1.0000000082751126
V3.1,Grocery,42,visual,1,0,0.0,0.0,0.0,0.0,0.0,0.0,0.0,0.0,0.0,0.0,-0.02919059360714683,0.0035023957525186296,0.02919059360714683,-0.033269607648253444,-0.03186490572988987,-0.02976442687213421,-0.02705151354894042,-0.024356234818696976,0.9991727586659063,-0.0001869912381118817,6.832625780829549e-05,0.0001869912381118817,-0.0002751379186520353,-0.00023654312826693058,-0.0001896347603178583,-0.00014338191249407828,-9.641886426834386e-05,0.0008272424610485369,0.049084345302507985,0.0035046295942233957,0.049084345302507985,0.04499800428748131,0.04640850517898798,0.048505742102861404,0.05121829826384783,0.0539387758821249,1.0,1.0000000011269548
V3.1,Grocery,42,visual,2,0,0.0,0.0,0.0,0.0,0.0,0.0,0.0,0.0,0.0,0.0,0.030349205326604435,0.0016011553215048392,0.030349205326604435,0.02804112285375595,0.029479742515832186,0.030846704728901386,0.031588044948875904,0.03190770037472248,1.0001418779041968,-0.00020133850174088193,7.356872181864984e-05,0.00020133850174088193,-0.00029624841990880666,-0.0002546923642512411,-0.000204184849280864,-0.00015438316768268123,-0.0001038167836668435,-0.00014190002674197106,0.793466703686765,0.0015992373997123122,0.793466703686765,0.7911634266376495,0.7926098257303238,0.7939631342887878,0.7946967482566833,0.7950255870819092,1.0,0.9999999778774549
V3.1,Grocery,42,visual,3,0,0.0,0.0,0.0,0.0,0.0,0.0,0.0,0.0,0.0,0.0,0.021711392054920984,0.0009700413446371159,0.021711392054920984,0.02036608923226595,0.02121955482289195,0.02206298988312483,0.02244100533425808,0.0225728590041399,0.992841752613903,0.00014925184442426856,5.453635210642682e-05,0.00014925184442426856,7.695918466197327e-05,0.00011444394840509631,0.00015136183355934918,0.00018880295101553202,0.00021960837475489827,0.007158232396308854,0.05708890375113395,0.000975515249283696,0.05708890375113395,0.05573383383452892,0.05659431405365467,0.05744294635951519,0.05782051291316748,0.05795674696564675,1.0,0.9999999850102118
B,Grocery,43,text,0,1,0.11633942276239395,0.07843255110349451,3.710737386172926e-05,0.07843255110349451,0.07838272303342819,0.07840844243764877,0.07843530178070068,0.07845935970544815,0.07847830951213837,0.00477598433711453,0.019169928391524163,0.001990672161543347,0.019169928391524163,0.016571551002562045,0.018244861625134945,0.01962193287909031,0.020616762805730104,0.021201508678495885,0.7593903398827146,0.004843113191001522,0.0013538827554654303,0.004843113191001522,0.002843754040077329,0.004069249029271305,0.005282585043460131,0.005978508270345628,0.006140952929854393,0.23583358899399295,0.2545871785063507,0.002029142690214066,0.2545871785063507,0.25195352733135223,0.25352440029382706,0.25488361716270447,0.25601666420698166,0.25688780248165133,1.0,0.9999999132138221
B,Grocery,43,text,1,1,0.11633942276239395,-0.025884352890056563,2.1465787326572538e-05,0.025884352890056563,-0.025909432768821718,-0.025897780433297157,-0.0258855689316988,-0.02587106078863144,-0.025856689736247062,0.004627868283555391,0.01372372945905896,0.0008177045666339865,0.01372372945905896,0.012607622053474188,0.013283989625051618,0.013921347446739674,0.014343087328597903,0.014576964545994997,0.30695739669473293,-0.004377747692117496,0.0012237907472844453,0.004377747692117496,-0.005550880590453744,-0.00540404487401247,-0.004774991422891617,-0.003678242617752403,-0.0025705031584948297,0.6884148352857244,0.13706074216940567,0.001461905330989129,0.13706074216940567,0.13536515682935715,0.1360929198563099,0.13685857504606247,0.13793110847473145,0.13910775929689406,1.0,1.0000001002640129
B,Grocery,43,text,2,1,0.11633942276239395,-0.02598250660854619,1.4141659074279021e-05,0.02598250660854619,-0.025999311357736588,-0.025992651004344225,-0.025984090752899647,-0.025973686948418617,-0.02596376147121191,-0.00010729948980982798,-0.020423982263340565,0.0026675175828045294,0.020423982263340565,-0.02357893157750368,-0.022448783740401268,-0.020790892653167248,-0.01877449732273817,-0.016685172542929647,0.9589176485276677,-0.0032045439033473256,0.0008958239396386438,0.0032045439033473256,-0.004063285980373621,-0.00395580125041306,-0.0034953292924910784,-0.002692501002456993,-0.0018816274241544302,0.0411898995712426,0.6776005020392392,0.0026229519501171417,0.6776005020392392,0.6744577288627625,0.6756388545036316,0.6772502362728119,0.6792612373828888,0.6812261581420899,1.0,1.0000002486091004
B,Grocery,43,text,3,1,0.11633942276239395,-0.026565691585691477,1.4997821013274656e-05,0.026565691585691477,-0.026583978906273842,-0.026576564647257328,-0.02656663302332163,-0.026556245051324368,-0.026546226628124715,0.000826160735478194,-0.03175929694219287,0.004430834825524867,0.03175929694219287,-0.037149461731314656,-0.03530303854495287,-0.03238469548523426,-0.02857474470511079,-0.025472947768867014,0.9595675893536652,0.00273917840254619,0.0007657319287399794,0.00273917840254619,0.0016083765076473355,0.002301494649145752,0.002987735904753208,0.0033813376212492585,0.0034732135711237786,0.039606194084085486,-0.04874145324945561,0.0045520488415253055,0.04874145324945561,-0.05433482378721237,-0.0523697305470705,-0.04938066005706787,-0.0455755777657032,-0.04232480712234974,1.0,0.9999999441732288
B,Grocery,43,visual,0,1,0.07775191217660904,0.05299150859733069,0.0005814017680745348,0.05299150859733069,0.05220029689371586,0.05256388150155544,0.05302577093243599,0.05345056299120188,0.05374619998037815,-0.08130456289254664,-0.01943249440213271,0.0013815434794032092,0.01943249440213271,-0.020754684507846833,-0.020337637048214674,-0.019758783280849457,-0.01885428000241518,-0.017717180587351323,0.5300788886503854,0.003252066964166474,0.001126107039819118,0.003252066964166474,0.0016446473309770226,0.0025024429196491838,0.0034193811006844044,0.0041762294713407755,0.0046150105539709335,0.5512255892570325,0.14964894719899252,0.0015004916073882064,0.14964894719899252,0.14775349497795104,0.14868829399347305,0.14967461675405502,0.1505596712231636,0.15131141394376754,1.0,0.9999999150148713
B,Grocery,43,visual,1,1,0.07775191217660904,-0.01766743785230958,0.00019387021273546237,0.01766743785230958,-0.017919280380010606,-0.017820386216044426,-0.017678918316960335,-0.017525500617921352,-0.01740345824509859,-0.013553287865065796,0.004907434220105491,0.002301656700825731,0.004937104572169875,0.0018568275612778965,0.0033298659254796803,0.004997229669243097,0.006480909534730017,0.007829547114670276,0.819060418662587,-0.003227507200530133,0.0011176026267557145,0.003227507200530133,-0.004580157529562712,-0.004144690232351422,-0.0033935578539967537,-0.0024835444055497646,-0.0016322268638759851,0.19449283076470114,0.13473865850543312,0.002489552229351192,0.13473865850543312,0.13152559697628022,0.13303392380475998,0.13472143560647964,0.13643015548586845,0.13799167424440384,1.0,0.9999999615622224
B,Grocery,43,visual,2,1,0.07775191217660904,-0.017675134389122008,0.0001925591959175089,0.017675134389122008,-0.01792509891092777,-0.017827171832323074,-0.017686737701296806,-0.01753348344936967,-0.017413331754505636,0.02139719914542852,0.03169331200926173,0.0013876602792499712,0.03169331200926173,0.029657354392111302,0.030914950650185347,0.03211725875735283,0.032778055407106876,0.03307358995079994,0.7029076440074814,-0.002448845015246788,0.0008479719642310201,0.002448845015246788,-0.0034751576371490956,-0.0031447503715753555,-0.002574834506958723,-0.0018843692087102681,-0.0012384388828650117,0.2756951620018654,0.7800767537273176,0.001667114857109283,0.7800767537273176,0.7777769386768341,0.7791752964258194,0.7803559601306915,0.7812406420707703,0.7819414675235749,1.0,1.0000000051547753
B,Grocery,43,visual,3,1,0.07775191217660904,-0.017648936393426917,0.00019502845335030923,0.017648936393426917,-0.017902318201959134,-0.017802750691771507,-0.01766085345298052,-0.017505228985100985,-0.017383677139878272,0.014109839526608308,0.019455936612284033,0.0009601150648584387,0.019455936612284033,0.018006462976336478,0.018903927877545357,0.01976304780691862,0.02021314762532711,0.020404681004583834,0.5699111544568786,0.002424284909435994,0.0008394674324112535,0.002424284909435994,0.0012260182993486524,0.0018654704035725445,0.002549010911025107,0.0031132108415476978,0.003440304310061038,0.41597901377514784,0.04783685114555418,0.0012554346921936103,0.04783685114555418,0.04608079418540001,0.04711184184998274,0.048050377517938614,0.04879263415932655,0.04927541576325893,1.0,1.0000000077586346
AB,Grocery,43,text,0,1,0.11751537024974823,0.07887523892001007,0.00043608539087788535,0.07887523892001007,0.07829299569129944,0.0785635095089674,0.07888446748256683,0.07918925024569035,0.07943937778472901,-0.03938966073414501,0.024723216114840015,0.009001294664275648,0.0248484866826211,0.011515142582356929,0.019806115422397852,0.027377777732908726,0.03167257085442543,0.033942246809601784,1.0385769932490139,0.00026631725468687653,7.564915941626268e-05,0.00026631725468687653,0.00016505270468769595,0.00022249748872127384,0.0002790104044834152,0.00032164080039365217,0.000349074782570824,0.0008126696362290428,0.2497010510993029,0.0086626429745776,0.2497010510993029,0.23698565661907195,0.24505889788269997,0.25232143700122833,0.2563793584704399,0.25845223665237427,1.0,1.000000002151098
AB,Grocery,43,text,1,1,0.11751537024974823,-0.026006102732244057,0.0001582136908924142,0.026006102732244057,-0.026211571507155897,-0.02611968107521534,-0.02600875124335289,-0.025894001126289368,-0.025794474966824056,0.020839114524107184,0.007228755372224811,0.0008041136189220954,0.007228755372224811,0.006125684082508087,0.006771666347049177,0.007357852067798376,0.007824199041351676,0.008152241166681052,0.9772770341145025,-0.00014470192569764935,4.1103529174756005e-05,0.00014470192569764935,-0.00018966773786814882,-0.00017476164794061333,-0.00015159867325564846,-0.00012089271331205964,-8.968042384367436e-05,0.0018839285104001664,0.14360597388965263,0.0008063916230798783,0.14360597388965263,0.1425049051642418,0.14314931631088257,0.14372917264699936,0.14420373365283012,0.14453127086162568,1.0,1.0000000771490098
AB,Grocery,43,text,2,1,0.11751537024974823,-0.026155820538479556,0.00015119655449048728,0.026155820538479556,-0.026350780762732028,-0.026264391839504242,-0.026159333996474743,-0.02604776155203581,-0.025954046100378037,0.007598965395865669,-0.017230555300442752,0.001894687929463098,0.017230555300442752,-0.01956399194896221,-0.0186834461055696,-0.017417030408978462,-0.015813251957297325,-0.014594252966344355,0.9905410265644484,-0.00022501533251643175,6.391707805059273e-05,0.00022501533251643175,-0.0002949383604573086,-0.0002717589886742644,-0.00023573995713377371,-0.00018799137615133077,-0.000139455430326052,0.0018599013187259761,0.6765815781125478,0.0019059663911849191,0.6765815781125478,0.6742070317268372,0.6751158982515335,0.6764061748981476,0.6780161112546921,0.6792214274406433,1.0,0.99999989327904
AB,Grocery,43,text,3,1,0.11751537024974823,-0.026713315642740907,0.00012782086578432377,0.026713315642740907,-0.026878269389271736,-0.026805610861629248,-0.02671609539538622,-0.02662232331931591,-0.026543338038027286,-0.005363428223022281,-0.037715535506294535,0.006275428021560475,0.037715535506294535,-0.04534232839941978,-0.042707656510174274,-0.03858153708279133,-0.0333798099309206,-0.02885715216398239,1.0057601727253305,0.00010339998015286847,2.9371441189028077e-05,0.00010339998015286847,6.408314002328552e-05,8.638657891424373e-05,0.00010832820407813415,0.00012487982894526795,0.00013553130120271816,-0.0003967194852356435,-0.06709504950670724,0.006238199838452981,0.06709504950670724,-0.07466755732893944,-0.07205493748188019,-0.06794498488306999,-0.0627709124237299,-0.05827538967132568,1.0,1.0000000250170726
AB,Grocery,43,visual,0,1,0.07573285698890686,0.05171402433687049,0.000416037757812765,0.05171402433687049,0.051122644916176796,0.051443805918097496,0.05176382511854172,0.05204151663929224,0.05221337452530861,-0.14952079917845873,-0.024149461890889044,0.001072540067784844,0.024149461890889044,-0.025042947940528394,-0.02480966132134199,-0.024451845325529575,-0.02389464247971773,-0.02283434346318245,1.149402582200354,3.651148661841165e-05,9.67158200835676e-06,3.651148661841165e-05,2.3825270727684255e-05,3.0795667044003494e-05,3.769311661017127e-05,4.358422665973194e-05,4.7908947090036234e-05,0.00011823061650750615,0.13144337721199542,0.0008672562032517309,0.13144337721199542,0.1306299611926079,0.13090980425477028,0.1312837079167366,0.1317327506840229,0.1323254019021988,1.0,1.0000000136384026
AB,Grocery,43,visual,1,1,0.07573285698890686,-0.017228053045760514,0.00013996115817489316,0.017228053045760514,-0.01739600021392107,-0.017338081263005733,-0.017244846560060978,-0.017137249000370502,-0.017029218003153802,-0.003695927376363141,0.0196737303454514,0.0039256140866126745,0.0196737303454514,0.01443308126181364,0.01707344874739647,0.019807196222245693,0.022489636205136776,0.024629148468375207,1.003161954964849,6.882237395135404e-05,1.8230461008098236e-05,6.882237395135404e-05,4.4909475764143285e-05,5.804833381262142e-05,7.104968972271308e-05,8.215414527512621e-05,9.030603105202318e-05,0.0005339507406593441,0.16355710042710606,0.0039107568576798235,0.16355710042710606,0.15832580029964446,0.16097082197666168,0.1637008711695671,0.16635428741574287,0.16848744601011276,1.0,0.9999999783291451
AB,Grocery,43,visual,2,1,0.07573285698890686,-0.01725140774407211,0.00013755585438941854,0.01725140774407211,-0.01741639953106642,-0.017359770834445953,-0.01726794708520174,-0.01716192439198494,-0.01705652493983507,0.00291908886560776,0.03395570296463844,0.0016816868799823784,0.03395570296463844,0.03152374140918255,0.03293168544769287,0.03442922607064247,0.03529881592839956,0.0356938760727644,0.9973067530336047,-0.0002102960513862377,5.570563384505442e-05,0.0002102960513862377,-0.00027594225539360193,-0.00025103307416429743,-0.00021710190776502714,-0.00017737451707944274,-0.00013722695875912903,-0.00022594986017789257,0.7847649089706661,0.0016794947914368856,0.7847649089706661,0.7823395192623138,0.7837629020214081,0.7852334082126617,0.7860969603061676,0.7864859938621521,1.0,0.9999998920390346
AB,Grocery,43,visual,3,1,0.07573285698890686,-0.01723456350623727,0.00013860717545862453,0.01723456350623727,-0.01740096341818571,-0.017343873623758554,-0.01725117862224579,-0.017144456040114164,-0.017037820443511008,0.03339212237755789,0.011710059642589928,0.0008382728363313218,0.011710059642589928,0.010512398276478051,0.011159909889101982,0.011931628920137882,0.01238634530454874,0.012599516566842795,0.9640238582186763,0.00010496219826394949,2.780359284702951e-05,0.00010496219826394949,6.849221899756231e-05,8.853051986079663e-05,0.0001083591123460792,0.0001252947113243863,0.00013772729580523445,0.00258400444766862,0.038661207463315195,0.0008578444969906274,0.038661207463315195,0.03743183612823486,0.03811747394502163,0.038878241553902626,0.039335804991424084,0.03956240750849247,1.0,0.9999999850439029
V3,Grocery,43,text,0,1,0.13189895451068878,0.08874127896247556,0.00043993010470480136,0.08874127896247556,0.0883163757622242,0.08836809173226357,0.08854765072464943,0.08912028931081295,0.08947385773062706,-0.05034401571503071,0.04661252214975875,0.007694322035923749,0.04661252214975875,0.03566957414150238,0.04335625842213631,0.04918677918612957,0.05221475660800934,0.05358858034014702,1.067402937479633,0.0014559028178077512,0.0004697865712158654,0.0014559028178077512,0.0007901763310655951,0.0011367433471605182,0.0015391189372166991,0.0018718494393397123,0.0019937356701120734,-0.01705892981651851,0.3035171601030689,0.007187652987984077,0.3035171601030689,0.2934995204210281,0.3006587103009224,0.30592741072177887,0.3086419031023979,0.30993728935718534,1.0,0.9999999919480838
V3,Grocery,43,text,1,1,0.13189895451068878,-0.029138817884446,0.00016534708039608263,0.029138817884446,-0.029408652894198896,-0.029279413633048534,-0.02907129842787981,-0.029001218266785145,-0.028972303867340087,-0.003261500713894395,0.005366734737481041,0.007934740225758588,0.007485544807627261,-0.004534527659416199,-0.0013322323793545365,0.004409845918416977,0.011452371021732688,0.01673955898731947,0.9952098524954383,-0.0029312566793852734,0.0009458495492033378,0.0029312566793852734,-0.004014108097180724,-0.003768706927075982,-0.0030988006619736552,-0.002288673655129969,-0.001590909471269697,0.008051645954031954,0.11846877926064066,0.007906713712797376,0.11846877926064066,0.1084978923201561,0.1118595264852047,0.11765053495764732,0.12457807548344135,0.12965807914733887,1.0,0.9999999977355758
V3,Grocery,43,text,2,1,0.13189895451068878,-0.02917619640928574,0.00016275313289475463,0.02917619640928574,-0.02944587878882885,-0.029316024854779243,-0.029105158522725105,-0.029039211571216583,-0.02901935875415802,-0.01170814204020551,-0.05307942230040154,0.005485030908484769,0.05307942230040154,-0.05832553468644619,-0.05710809398442507,-0.05471721850335598,-0.05070415511727333,-0.04541288875043392,1.0201046797912943,-0.0019168641455223692,0.0006185282581832013,0.0019168641455223692,-0.0026249830843880773,-0.0024645058438181877,-0.0020264277700334787,-0.0014966538874432445,-0.0010403583524748682,-0.00839660252753392,0.6231888572051484,0.005334255947057515,0.6231888572051484,0.6180825173854828,0.6193183958530426,0.6215932071208954,0.6255034953355789,0.6306854009628295,1.0,0.9999999352235548
V3,Grocery,43,text,3,1,0.13189895451068878,-0.030426264679107605,0.00011522902762744454,0.030426264679107605,-0.030615579336881638,-0.030526599381119013,-0.030377465300261974,-0.03033132804557681,-0.03031160607933998,-0.005113102528297553,-0.060097416855536226,0.009120492606283882,0.060097416855536226,-0.06984376683831214,-0.06726592779159546,-0.06223355792462826,-0.055186391808092594,-0.046907070279121395,0.9682966721807466,0.0033922180070330666,0.001094591235692071,0.0033922180070330666,0.0018410915741696953,0.0026485841954126954,0.003586109378375113,0.004361363360658288,0.004645355278626084,0.03681643136592412,-0.1017477815525463,0.009360902496185762,0.1017477815525463,-0.11179878190159798,-0.1090929489582777,-0.10388356447219849,-0.09666511788964272,-0.08831985667347908,1.0,1.0000000010183732
V3,Grocery,43,visual,0,1,0.07976695895195007,0.05395107842825595,0.00014656665749579315,0.05395107842825595,0.05376533791422844,0.05380174983292818,0.05394282750785351,0.05410060938447714,0.05414974465966225,-0.01486115610549924,-0.021464623122076244,0.004357060033637417,0.021469459095832477,-0.025301033072173594,-0.024441351648420095,-0.022832777351140976,-0.020116095431149006,-0.015448359306901692,0.9872845524714792,0.007774383419903803,0.0018019125985720722,0.007774383419903803,0.005067473137751222,0.007032851572148502,0.008458114229142666,0.0091345205437392,0.00932441335171461,0.02757660879865568,0.15506888397410643,0.003998001979213572,0.15506888397410643,0.15164413899183274,0.1526937633752823,0.15399817377328873,0.15632453933358192,0.16006388813257216,1.0,1.0000000051646356
V3,Grocery,43,visual,1,1,0.07976695895195007,-0.017982813974767593,4.91056612475446e-05,0.017982813974767593,-0.018049198016524316,-0.018032818101346493,-0.01798035390675068,-0.017932870890945196,-0.017920774035155775,-0.0003182016607982828,-0.000612223145928502,0.0027876420826970774,0.002223505987142428,-0.004273781133815646,-0.002390570123679936,-0.0004122932441532612,0.001253102847840637,0.0027762409998103982,0.9240085654083778,-0.002917089400155992,0.0006761102276583252,0.002917089400155992,-0.0034986887127161025,-0.0034274373902007937,-0.0031736374367028475,-0.0026388532132841647,-0.0019014076679013665,0.07630964668295244,0.11954277201952875,0.002932764092511675,0.11954277201952875,0.11573550626635551,0.11764833144843578,0.1196558065712452,0.12146236933767796,0.12321006283164024,1.0,1.000000010430532
V3,Grocery,43,visual,2,1,0.07976695895195007,-0.017991301507504803,4.86421382783867e-05,0.017991301507504803,-0.01805730685591698,-0.01804095646366477,-0.017988423816859722,-0.017941745929419994,-0.017929848842322828,0.008708173086836019,0.022986573036125172,0.0010325003670280182,0.022986573036125172,0.021533631905913352,0.02240966074168682,0.023275324143469334,0.023786338977515697,0.024028925597667693,0.5876027366061762,-0.0036515947818393305,0.0008463506744631227,0.0036515947818393305,-0.004379637353122234,-0.004290445242077112,-0.0039727401454001665,-0.0033033002982847393,-0.002380170463584363,0.4036892236848704,0.764906654250249,0.0013637965668734677,0.764906654250249,0.7631361842155456,0.7641464620828629,0.7650347650051117,0.7656977623701096,0.7665152847766876,1.0,1.0000001333778827
V3,Grocery,43,visual,3,1,0.07976695895195007,-0.017976962970529364,4.88957447807786e-05,0.017976962970529364,-0.018043104000389575,-0.01802696194499731,-0.017974087968468666,-0.01792724058032036,-0.01791534125804901,0.0064240911704738874,0.013238608285774249,0.0009379655552798197,0.013238608285774249,0.011814692709594964,0.01265535713173449,0.013548872899264097,0.01399742066860199,0.014158777240663768,0.9120795005686542,-0.0012056989668418245,0.00027945163494480854,0.0012056989668418245,-0.0014460871228948236,-0.001416637300280854,-0.0013117360649630427,-0.0010906976531259716,-0.0007858947559725492,0.08149641004721456,0.03141896516864464,0.0009804377218314989,0.03141896516864464,0.029949758388102054,0.030853948555886745,0.03171137906610966,0.032139561139047146,0.0323957983404398,1.0,1.0000000017863426
V3.1,Grocery,43,text,0,0,0.0,0.0,0.0,0.0,0.0,0.0,0.0,0.0,0.0,0.0,0.049075722338428183,0.009277598008814617,0.049075722338428183,0.03524793237447739,0.04487526789307594,0.05257766507565975,0.05597548000514507,0.05726469904184341,0.9978693820840248,0.0003268747332901838,0.00013197548824024017,0.0003268747332901838,0.0001801498729037121,0.00025129712594207376,0.0003204088716302067,0.0003801868806476705,0.0004794438456883654,0.0021306232773981183,0.22019660724568063,0.009296487683215712,0.22019660724568063,0.20634134858846664,0.21596283838152885,0.22371859848499298,0.2271174006164074,0.22840088605880737,1.0,1.0000000053614229
V3.1,Grocery,43,text,1,0,0.0,0.0,0.0,0.0,0.0,0.0,0.0,0.0,0.0,0.0,0.009260559875820924,0.0008943959328863016,0.009260559875820924,0.008022662438452243,0.008753004483878613,0.009423847775906324,0.00993487797677517,0.010275063756853343,0.997381779813216,-5.381509425501067e-05,2.172781381428193e-05,5.381509425501067e-05,-7.893334768596105e-05,-6.259215115278494e-05,-5.275058538245503e-05,-4.1372359191882424e-05,-2.965901403513271e-05,0.0026183191653133746,0.14629960342538265,0.0008964822452436423,0.14629960342538265,0.14505980014801026,0.14579162001609802,0.14646363258361816,0.146975539624691,0.1473163738846779,1.0,1.0000000989785294
V3.1,Grocery,43,text,2,0,0.0,0.0,0.0,0.0,0.0,0.0,0.0,0.0,0.0,0.0,-0.04520029865975045,0.002451463597685653,0.04520029865975045,-0.04778894148766995,-0.047128149308264256,-0.04586773365736008,-0.04375534597784281,-0.041604893282055855,0.9987059474293456,-9.3772868385371e-05,3.786074247608272e-05,9.3772868385371e-05,-0.00013754145766142756,-0.00010906690295087174,-9.191796198138036e-05,-7.209138675534632e-05,-5.168086900084744e-05,0.001293977669960465,0.6492987020353362,0.002454349330935514,0.6492987020353362,0.6467068314552307,0.6473722010850906,0.6486292779445648,0.6507497727870941,0.6528979301452636,1.0,0.999999925099306
V3.1,Grocery,43,text,3,0,0.0,0.0,0.0,0.0,0.0,0.0,0.0,0.0,0.0,0.0,-0.055895850956819614,0.008011011341182558,0.055895850956819614,-0.06474824398756027,-0.0622621551156044,-0.057693962007761,-0.05115834902971983,-0.04423286728560925,0.9991588083847768,-0.0001792867880531168,7.238693913452478e-05,0.0001792867880531168,-0.00026296907162759453,-0.00020852785019087605,-0.00017574034427525476,-0.00013783339454676025,-9.880999787128529e-05,0.0008411456939080111,-0.08253774404481247,0.008017431327617534,0.08253774404481247,-0.0913941279053688,-0.08890585415065289,-0.08432774990797043,-0.0777956135571003,-0.07085972428321838,1.0,0.9999999540786848
V3.1,Grocery,43,visual,0,0,0.0,0.0,0.0,0.0,0.0,0.0,0.0,0.0,0.0,0.0,-0.017374840715996175,0.0024029214110034775,0.017374840715996175,-0.019324485771358015,-0.018954071681946516,-0.01832745596766472,-0.01662597944959998,-0.013928858470171689,0.9995415399456367,0.00011523095732806806,3.674063464428748e-05,0.00011523095732806806,6.523080010083504e-05,9.162397691397928e-05,0.0001193532625620719,0.0001436674501746893,0.0001601428186404519,0.000458464868611953,0.09391695554547655,0.00240374278543389,0.09391695554547655,0.09196817874908447,0.09233491867780685,0.09296101704239845,0.09466922469437122,0.09735507145524025,1.0,1.0000000048142486
V3.1,Grocery,43,visual,1,0,0.0,0.0,0.0,0.0,0.0,0.0,0.0,0.0,0.0,0.0,-0.01529591364469497,0.0035792357796311652,0.01529591364469497,-0.019883157685399055,-0.017815448809415102,-0.015361850149929523,-0.012820308329537511,-0.010612598247826099,1.0000887314849785,3.247499337623085e-05,1.0354438540821286e-05,3.247499337623085e-05,1.8383686074230356e-05,2.58219492934586e-05,3.36367647832958e-05,4.048911523568677e-05,4.513228959694971e-05,-8.873684254226894e-05,0.09211485043405453,0.003578903254947667,0.09211485043405453,0.08753247186541557,0.08959712274372578,0.09204890578985214,0.09459248371422291,0.09679284244775772,1.0,0.9999999946424362
V3.1,Grocery,43,visual,2,0,0.0,0.0,0.0,0.0,0.0,0.0,0.0,0.0,0.0,0.0,0.03092173526134035,0.0016385108572700999,0.03092173526134035,0.028544082306325436,0.0298861232586205,0.03136059083044529,0.032241154462099075,0.032646076008677485,0.999129809313445,-0.0002894215072265295,9.22801484407605e-05,0.0002894215072265295,-0.00040222503303084524,-0.00036084446037421003,-0.00029977536178193986,-0.00023012868041405454,-0.00016383788461098446,0.0008699792759525197,0.7943924631833108,0.0016373356048113982,0.7943924631833108,0.792024803161621,0.7933702617883682,0.7948305308818817,0.7957102805376053,0.7961151599884033,1.0,0.9999997885893975
V3.1,Grocery,43,visual,3,0,0.0,0.0,0.0,0.0,0.0,0.0,0.0,0.0,0.0,0.0,0.008137478192004234,0.0005669062447817145,0.008137478192004234,0.007327718939632177,0.0077671080362051725,0.008280538953840733,0.008587718242779374,0.00874905390664935,0.989187395121363,0.000141715566820444,4.518507858392399e-05,0.000141715566820444,8.022340334719047e-05,0.00011268277012277395,0.00014678533625556156,0.00017668789223534986,0.0001969499484403059,0.010812592879349972,0.04677350501739003,0.0005713137969103023,0.04677350501739003,0.04595682583749294,0.04640114028006792,0.04691774770617485,0.04722983669489622,0.047392196208238604,1.0,0.999999988000713
B,Grocery,44,text,0,1,0.13122829794883728,0.08790707098588713,0.0007406372385092461,0.08790707098588713,0.08691046610474587,0.08735202625393867,0.08792556077241898,0.08846753276884556,0.08886887058615685,-0.07303974913163519,0.03831798727063929,0.0021689592458622705,0.03831798727063929,0.03539162650704384,0.03738975990563631,0.03895043022930622,0.03987094759941101,0.04035528190433979,0.5222561693705434,0.004988823769811538,0.0020469689413484603,0.004988823769811538,0.002331026969477535,0.0034980024211108685,0.0049566111993044615,0.006540985661558807,0.007813317421823741,0.5507836273281788,0.29790134069908975,0.0029148141723615265,0.29790134069908975,0.29421478509902954,0.2961616590619087,0.2980876713991165,0.29997456818819046,0.30147679448127745,1.0,1.000000047567087
B,Grocery,44,text,1,1,0.13122829794883728,-0.028942747516462662,0.00026993552973565097,0.028942747516462662,-0.029294159449636935,-0.029143929481506348,-0.028949763625860214,-0.028742376249283552,-0.028578586503863336,0.008802047060828377,-0.014359490595093807,0.0013062391374035144,0.014359490595093807,-0.015833665244281293,-0.015352766029536724,-0.014596083667129278,-0.013594335876405239,-0.012565535679459571,0.7402003443462197,-0.0019166062519913062,0.0007864045016254781,0.0019166062519913062,-0.003001720155589282,-0.0025129158748313785,-0.001904230855870992,-0.0013438625319395214,-0.0008955339435487977,0.25099762087668015,0.09295901246050335,0.0014953915640531247,0.09295901246050335,0.09119224995374679,0.09183290228247643,0.09278364107012749,0.09387283585965633,0.094956024736166,1.0,1.0000000122837283
B,Grocery,44,text,2,1,0.13122829794883728,-0.028965138129979858,0.0002684362282691361,0.028965138129979858,-0.029313591495156287,-0.029167667031288147,-0.02897198125720024,-0.028764362446963787,-0.028602692298591137,-0.030903330262815887,-0.03286138564501823,0.002938811613259008,0.03286138564501823,-0.03596821464598179,-0.03508963529020548,-0.03357537277042866,-0.03132945578545332,-0.028663488663733007,0.8854055687928347,-0.002605983238902753,0.0010692634172494117,0.002605983238902753,-0.004081397783011198,-0.0034167771809734404,-0.0025891566183418036,-0.0018272314628120512,-0.0012176451855339097,0.14549794095128465,0.6508289524120037,0.0031190363979582097,0.6508289524120037,0.6473645508289337,0.6485307365655899,0.6502110064029694,0.6525246351957321,0.6551972925662994,1.0,1.0000001794813036
B,Grocery,44,text,3,1,0.13122829794883728,-0.02999918526613445,0.00020386064818968193,0.02999918526613445,-0.03026385698467493,-0.03015314321964979,-0.030004799365997314,-0.029847274534404278,-0.02972434088587761,-0.011097162428539229,-0.057047595515763425,0.004985644591505961,0.057047595515763425,-0.06193914562463761,-0.060868289321660995,-0.05853751860558987,-0.05453755892813206,-0.05010459721088408,1.005851731145808,-0.00046623423394481854,0.00019130100396665557,0.00046623423394481854,-0.0007301993609871715,-0.0006112927076173946,-0.0004632237978512421,-0.00032690841908333823,-0.00021784785931231433,0.005245422447129785,-0.10824653168441373,0.004949948127621041,0.10824653168441373,-0.1131077416241169,-0.112028943374753,-0.10970994830131531,-0.1057091373950243,-0.10133196786046028,1.0,0.9999999911643985
B,Grocery,44,visual,0,1,0.07714015245437622,0.05239155167586996,0.0005986856105037283,0.05239155167586996,0.051561154425144196,0.05198093131184578,0.052445389330387115,0.052846189588308334,0.053143256902694704,-0.1454920333387085,-0.021114460078128186,0.0027450605216941086,0.021114460078128186,-0.024433243088424206,-0.023041771724820137,-0.021395784802734852,-0.019348572473973036,-0.017453918978571892,0.9258257008786732,0.005606596643829088,0.0013312601823841027,0.005606596643829088,0.0036674833158031107,0.004908314440399408,0.006056729471310973,0.006700603757053614,0.006825970439240337,0.21966632406697348,0.15013924129006176,0.002444571778866552,0.15013924129006176,0.14696950018405913,0.14851174131035805,0.150187686085701,0.15169312059879303,0.15318019986152648,1.0,0.9999999916069382
B,Grocery,44,visual,1,1,0.07714015245437622,-0.017460920275325892,0.0002002398476309831,0.017460920275325892,-0.017712034843862058,-0.01761316042393446,-0.017478805035352707,-0.01732446299865842,-0.017183616384863855,-0.003940460984321843,0.009242929022060796,0.004106371922468337,0.00926662924580503,0.004130349215120077,0.006309709162451327,0.009060493670403957,0.012050716206431389,0.014902578480541707,0.8929673878573214,-0.004351758797971673,0.0010333047974752767,0.004351758797971673,-0.005298219202086329,-0.0052009111968800426,-0.004701145458966494,-0.0038097623037174344,-0.0028466472402214997,0.11097306852369553,0.13421236514509305,0.004465617787195044,0.13421236514509305,0.1285441994667053,0.13088011741638184,0.13396823406219482,0.13735926151275635,0.1403426244854927,1.0,0.9999999953966952
B,Grocery,44,visual,2,1,0.07714015245437622,-0.017484844103368268,0.0001973822628104627,0.017484844103368268,-0.017732890136539937,-0.017634795513004065,-0.017502348870038986,-0.01734929997473955,-0.01721103135496378,0.03197733472660232,0.03188829528194244,0.0013977621832352697,0.03188829528194244,0.02991568986326456,0.031156423967331648,0.03233770467340946,0.03295532055199146,0.03321434482932091,0.7106879274322283,-0.003237258303166527,0.0007686718618378752,0.003237258303166527,-0.00394132686778903,-0.003868939762469381,-0.0034971657441928983,-0.0028340689605101943,-0.002117611072026193,0.2573345366357474,0.77840695537769,0.0017317977336628822,0.77840695537769,0.7760834217071533,0.7774799466133118,0.778732568025589,0.779535785317421,0.7803072392940521,1.0,0.999999798794578
B,Grocery,44,visual,3,1,0.07714015245437622,-0.01744578732663077,0.00020109222579980116,0.01744578732663077,-0.017698279954493044,-0.01759848464280367,-0.017463546246290207,-0.017307518050074577,-0.017166473530232908,0.028560601401982667,0.024658756749415384,0.001251446577177637,0.024658756749415384,0.022823646292090417,0.02397419372573495,0.02508908323943615,0.02563595399260521,0.025841079652309418,0.9019691187028326,0.001982420936537126,0.0004707165901201491,0.001982420936537126,0.0012967752525582911,0.0017355173185933381,0.002141582197509706,0.002369247784372419,0.002413575863465667,0.06947028425452782,0.04881064517841771,0.0012918053069266885,0.04881064517841771,0.04697320945560932,0.04814772214740515,0.049148913472890854,0.04976590536534786,0.050125913321971895,1.0,1.000000004359343
AB,Grocery,44,text,0,1,0.13155880570411682,0.08831890941249189,0.0004703864844115501,0.08831890941249189,0.08770967796444892,0.08797769621014595,0.08830539137125015,0.08864711597561836,0.08896064162254333,-0.07571805463024713,0.03681508649163069,0.004474303463297351,0.03681508649163069,0.030605834908783436,0.03486323542892933,0.03825654834508896,0.04004610702395439,0.040939566865563395,1.0701350102878548,0.0006059549706393025,0.00018036205132052657,0.0006059549706393025,0.00036673663707915695,0.0005034272908233106,0.0006313803896773607,0.0007325174665311351,0.0008013486454728991,0.005583034236893177,0.2938641200628216,0.004164667499391903,0.2938641200628216,0.2881437659263611,0.2921612188220024,0.29523856937885284,0.29681097716093063,0.2975881278514862,1.0,0.9999999898945009
AB,Grocery,44,text,1,1,0.13155880570411682,-0.02907308869496297,0.00017269328910254217,0.02907308869496297,-0.02930738404393196,-0.029193155001848936,-0.02906766813248396,-0.028947800863534212,-0.02885008305311203,-0.010955301001749154,-0.01889647885909832,0.00398305623521009,0.01889647885909832,-0.02399464212357998,-0.02179636899381876,-0.019002225250005722,-0.016089063603430986,-0.013564341887831687,1.0102007634745664,-0.00012346345680831357,3.674880718313667e-05,0.00012346345680831357,-0.00016327496414305642,-0.00014925059440429322,-0.00012864389282185584,-0.00010257342182740103,-7.472266879631207e-05,0.0007545398379414055,0.09153728675207629,0.0039392785931383545,0.09153728675207629,0.08650375753641129,0.08868319913744926,0.09144129231572151,0.09429852478206158,0.09682179689407348,1.0,1.0000000023107587
AB,Grocery,44,text,2,1,0.13155880570411682,-0.029110912606905577,0.00017060853064814155,0.029110912606905577,-0.029343275167047978,-0.02922995062544942,-0.029106399975717068,-0.02898710360750556,-0.028890046663582324,-0.006561618220115433,-0.03669857967235179,0.00319138247034972,0.03669857967235179,-0.04038885608315468,-0.03918952960520983,-0.03723965585231781,-0.034675504080951214,-0.03218568116426468,1.0038025047246892,-0.0002833272996865382,8.433216241110287e-05,0.0002833272996865382,-0.0003746878239326179,-0.0003425043396418914,-0.0002952155045932159,-0.00023538828099844977,-0.00017147561447927728,0.002759123902259923,0.6468628339135174,0.00317397083194376,0.6468628339135174,0.6431781947612762,0.6443904787302017,0.6463306844234467,0.6488909274339676,0.6513336896896362,1.0,1.0000000104068336
AB,Grocery,44,text,3,1,0.13155880570411682,-0.03013490808531389,0.00012951438389210626,0.03013490808531389,-0.03030927088111639,-0.03022527927532792,-0.0301315700635314,-0.030040398705750704,-0.029966970160603523,-0.005501206363346329,-0.0574864725121604,0.005811280428832567,0.0574864725121604,-0.06369102150201797,-0.06211427412927151,-0.05890263617038727,-0.054112935438752174,-0.04929188378155231,1.0043798185295836,-0.00019916418226278347,5.9281072430077293e-05,0.00019916418226278347,-0.0002633858297485858,-0.00024076252157101408,-0.00020752096315845847,-0.00016546557526453398,-0.00012053833415848203,0.0011213905995777452,-0.1086687743458694,0.005784336473062596,0.1086687743458694,-0.11483678594231606,-0.1132789496332407,-0.11007588356733322,-0.1052959281951189,-0.10051851570606231,1.0,1.000000002765815
AB,Grocery,44,visual,0,1,0.07931442558765411,0.0539816647307214,0.0006541577288119175,0.0539816647307214,0.05306274481117725,0.05352108459919691,0.05403502658009529,0.05451372265815735,0.054791947826743126,-0.012751423404118648,-0.023207700735070853,0.0011373868432909726,0.023207700735070853,-0.024124669097363948,-0.023914964869618416,-0.023541398346424103,-0.02291780523955822,-0.021916489675641058,1.0031311933900897,0.00029982332138175645,0.00010206421602559912,0.00029982332138175645,0.00016375566046917812,0.00023471464373869821,0.0003084374766331166,0.0003750633550225757,0.00042950700444635006,0.009620190404856985,0.14650722699368798,0.0009211305237178201,0.14650722699368798,0.14558951258659364,0.14590851590037346,0.14635875821113586,0.1468939334154129,0.14755765199661255,1.0,0.9999999603908281
AB,Grocery,44,visual,1,1,0.07931442558765411,-0.01799066019531078,0.00021867947947472972,0.01799066019531078,-0.01826171576976776,-0.018168547190725803,-0.018008665181696415,-0.01783674443140626,-0.017683687806129455,0.015258340939746859,0.01435994293838375,0.0027756016150665454,0.01435994293838375,0.010626732371747494,0.01243516756221652,0.014449810609221458,0.016310913022607565,0.017887992970645427,0.9848632538452529,-1.5075061162670688e-05,5.131769904684478e-06,1.5075061162670688e-05,-2.1595533689833245e-05,-1.8858116163755767e-05,-1.550817887618905e-05,-1.1801408618339337e-05,-8.23360460344702e-06,-0.00012157279091517257,0.1455927046745251,0.0028098221956157883,0.1455927046745251,0.1418043166399002,0.1436534821987152,0.14567074179649353,0.1475764587521553,0.1491769313812256,1.0,1.0000000219940846
AB,Grocery,44,visual,2,1,0.07931442558765411,-0.01801460236365505,0.0002157638448369844,0.01801460236365505,-0.018281913362443447,-0.018190159928053617,-0.018032104708254337,-0.017862437292933464,-0.01771164182573557,0.027928528317393155,0.025277280231028588,0.0012947789013487904,0.025277280231028588,0.023396271653473376,0.02452846011146903,0.025644646026194096,0.026297498028725386,0.026607224345207216,0.9700607992137967,-0.00031551299593143086,0.00010740520916827847,0.00031551299593143086,-0.0004519830021308735,-0.00039469033072236925,-0.00032457792258355767,-0.00024699718778720126,-0.0001723249559290707,0.002010671126641244,0.7691226054881459,0.0013118242044568391,0.7691226054881459,0.7672179400920868,0.7683954536914825,0.7694779932498932,0.7701224535703659,0.7704487562179565,1.0,0.9999999986578312
AB,Grocery,44,visual,3,1,0.07931442558765411,-0.017976402119718446,0.00021972935032167076,0.017976402119718446,-0.018248964101076126,-0.01815528515726328,-0.017994234338402748,-0.017821477260440588,-0.01766833048313856,0.039982714315459814,0.02360997950788895,0.0011229347167551887,0.02360997950788895,0.021919457986950875,0.022948852740228176,0.023990877903997898,0.024500799365341663,0.024707727879285813,0.9593072322038728,3.076477629475635e-05,1.0472776956471535e-05,3.076477629475635e-05,1.6802916979941075e-05,2.4083995867840713e-05,3.16486712108599e-05,3.8485133700305596e-05,4.4071579031879084e-05,0.0007100679355482249,0.04214137891665078,0.0011489438556807321,0.04214137891665078,0.040448814257979394,0.04149197693914175,0.04250483028590679,0.043002497404813766,0.043270642310380934,1.0,1.0000000144548808
V3,Grocery,44,text,0,1,0.13177168369293213,0.08879240417757651,4.799280825821436e-05,0.08879240417757651,0.08873501867055893,0.08876057341694832,0.08879003673791885,0.08881850913167,0.08885267674922943,-0.0003854259894874506,0.02943345268624713,0.0014714958932340698,0.02943345268624713,0.02736213430762291,0.02870640903711319,0.02977749053388834,0.03050352493301034,0.030961654894053937,0.2769854482032461,0.009487263294151492,0.002528143331492136,0.009487263294151492,0.005702462093904614,0.008145753992721438,0.010351123288273811,0.01157876756042242,0.01184133132919669,0.7234000519200348,0.2954463422720838,0.00307946355430121,0.2954463422720838,0.2909962356090546,0.2935643866658211,0.2961896061897278,0.2978603169322014,0.29878770709037783,1.0,1.0000000741337933
V3,Grocery,44,text,1,1,0.13177168369293213,-0.029286146688457113,2.763842847999689e-05,0.029286146688457113,-0.02931988928467035,-0.029303470626473427,-0.029286736622452736,-0.029268127866089344,-0.029250751435756683,-0.009492146258160862,-0.010926592369844572,0.0010255308127797742,0.010926592369844572,-0.012020276580005883,-0.011707064462825656,-0.011170085053890944,-0.010377006605267525,-0.009477558452636002,0.5874658516573404,-0.0033181180649844155,0.0008842042009621035,0.0033181180649844155,-0.004141440475359559,-0.004049609997309744,-0.0036202481715008616,-0.00284893240313977,-0.001994404685683548,0.4220262852887805,0.08785218937821923,0.0012452630873152144,0.08785218937821923,0.08641989380121232,0.0868853759020567,0.08763566240668297,0.08860454335808754,0.08958993032574654,1.0,0.9999999906879601
V3,Grocery,44,text,2,1,0.13177168369293213,-0.029234680117177638,1.909289804331245e-05,0.029234680117177638,-0.029257740639150143,-0.029244964011013508,-0.029234619811177254,-0.02922328421846032,-0.029212014004588126,-0.0006383296077636162,-0.03599419520629612,0.0032075211209893653,0.03599419520629612,-0.03964402936398983,-0.038527343422174454,-0.036606015637516975,-0.034004597924649715,-0.031404999643564226,0.88492049510505,-0.0040989802610461226,0.0010922864996168048,0.0040989802610461226,-0.005116057442501187,-0.005002616322599351,-0.004472211468964815,-0.0035193798830732703,-0.002463753707706928,0.11571777802620165,0.651742195774468,0.0034370373962347143,0.651742195774468,0.6477922260761261,0.649093821644783,0.6511092483997345,0.6538033187389374,0.6566897094249725,1.0,0.999999943523488
V3,Grocery,44,text,3,1,0.13177168369293213,-0.03027157722652147,1.8255242235432167e-05,0.03027157722652147,-0.030294099263846873,-0.03028275677934289,-0.030271591618657112,-0.030260704923421144,-0.030249415524303915,0.0005294992608940702,-0.06179565790383049,0.006513156049136028,0.06179565790383049,-0.06844348460435867,-0.0669154766947031,-0.06358246505260468,-0.05821536295115948,-0.05258691236376762,0.9875144121173819,-0.002070164639716364,0.0005516525434099535,0.002070164639716364,-0.002583833108656108,-0.0025265405420213938,-0.0022586628329008818,-0.0017774410371202976,-0.0012443034909665584,0.011956092370758953,-0.10765743941152432,0.006572196604230974,0.10765743941152432,-0.11442584544420242,-0.1128066461533308,-0.10942906141281128,-0.10407511331140995,-0.09837676286697387,1.0,1.0000000037490349
V3,Grocery,44,visual,0,1,0.07868071645498276,0.0532911000652218,0.00013626391180435884,0.0532911000652218,0.053068685531616214,0.05316907726228237,0.05334106460213661,0.053415607661008835,0.05342988818883896,-0.02568890457990156,-0.018445238513239755,0.0032913393223622674,0.0184471543881051,-0.0209717009216547,-0.02046482777222991,-0.01949870865792036,-0.01796508627012372,-0.014320236071944237,1.0755343172156937,0.0016154866714746033,0.0007116896049407406,0.0016154866714746033,0.0006100055121351034,0.0010234542714897543,0.001691788958851248,0.0022585467668250203,0.002517210436053574,-0.04984543044562333,0.15327263862432217,0.002974760906542391,0.15327263862432217,0.15093034356832505,0.15159167349338531,0.15243373066186905,0.15373436734080315,0.15670218765735627,1.0,0.9999999821901688
V3,Grocery,44,visual,1,1,0.07868071645498276,-0.017770118152298783,4.567384190221265e-05,0.017770118152298783,-0.017816610634326935,-0.017811357509344816,-0.01778669934719801,-0.017729329876601696,-0.017695703729987144,-0.0023790837882587106,0.012781386073261234,0.004079377179579084,0.012782316120926483,0.007589289639145136,0.009953137254342437,0.012659865897148848,0.01545908092521131,0.018104622699320318,0.9762581259363868,0.0010123982586504967,0.00044600387541297767,0.0010123982586504967,0.00038228016928769647,0.0006413815717678517,0.0010602155816741288,0.0014153932279441506,0.001577493327204138,0.026120949246792247,0.14642388756397082,0.004157740116863719,0.14642388756397082,0.1410870745778084,0.1435963474214077,0.14634933322668076,0.1491447612643242,0.1518107295036316,1.0,0.9999999913949204
V3,Grocery,44,visual,2,1,0.07868071645498276,-0.017786804154642687,4.487038258137987e-05,0.017786804154642687,-0.01783248782157898,-0.017827823758125305,-0.017803332768380642,-0.01774675352498889,-0.01771345976740122,0.010754650949477373,0.03126409578404267,0.0012530589870778188,0.03126409578404267,0.029485216550529002,0.030608619563281536,0.031645968556404114,0.03222902584820986,0.03247705586254597,0.32404122009753283,-0.004085718446630205,0.0017999302605331594,0.004085718446630205,-0.006366263143718243,-0.005712078418582678,-0.004278694279491901,-0.0025884125498123467,-0.0015427615609951316,0.6652041484914415,0.7801884681150479,0.0022445205354995647,0.7801884681150479,0.7772875785827636,0.7787741422653198,0.7802073061466217,0.7818928807973862,0.7830854237079621,1.0,1.0000000195384517
V3,Grocery,44,visual,3,1,0.07868071645498276,-0.017734177715625167,4.5827237061739725e-05,0.017734177715625167,-0.017780851759016513,-0.01777593418955803,-0.017751066014170647,-0.017693253699690104,-0.017659297212958336,-0.008171427146329513,0.026173547880554544,0.0012640807655798295,0.026173547880554544,0.024313406459987162,0.025429808534681797,0.026586715131998062,0.027178718242794275,0.027416954562067986,0.8004952242015387,0.0014578335873673355,0.0006422368118984126,0.0014578335873673355,0.0005504759261384607,0.0009235768229700625,0.0015266896225512028,0.0020381383365020156,0.002271559275686741,0.20767618875111565,0.05188383684487383,0.001424873210682643,0.05188383684487383,0.04986608065664768,0.05102534778416157,0.05216165818274021,0.0529849911108613,0.05351153276860714,1.0,0.9999999858063249
V3.1,Grocery,44,text,0,0,0.0,0.0,0.0,0.0,0.0,0.0,0.0,0.0,0.0,0.0,0.0569904624440897,0.011214923042340829,0.0569904624440897,0.0405528012663126,0.05284961499273777,0.06120018661022186,0.06505380570888519,0.06642354056239128,0.9969114431475563,0.0006317090443898936,0.00023077698367805337,0.0006317090443898936,0.00035445699177216744,0.000498729437822476,0.0006391122005879879,0.0007466219976777211,0.0008803448406979443,0.0030885590357312732,0.2523001205305717,0.01124734022447106,0.2523001205305717,0.23580810874700547,0.24814443290233612,0.2565101087093353,0.2603848874568939,0.26178236603736876,1.0,1.0000000021832876
V3.1,Grocery,44,text,1,0,0.0,0.0,0.0,0.0,0.0,0.0,0.0,0.0,0.0,0.0,-0.01339225803629106,0.003915412713678837,0.01339225803629106,-0.01842460073530674,-0.01635586330667138,-0.013564520049840212,-0.010531028732657433,-0.008035350032150744,0.9987629252185901,-0.00012218795012601001,4.463790226918099e-05,0.00012218795012601001,-0.00017028017755364998,-0.00014441492021433078,-0.0001236199022969231,-9.646645048633218e-05,-6.856063700979572e-05,0.001237079526060257,0.10712048985021265,0.003920010606773726,0.10712048985021265,0.1020880751311779,0.10415868647396564,0.10694443061947823,0.10998635180294514,0.11247575432062148,1.0,1.0000000047446505
V3.1,Grocery,44,text,2,0,0.0,0.0,0.0,0.0,0.0,0.0,0.0,0.0,0.0,0.0,-0.05434623222337302,0.005330109932440904,0.05434623222337302,-0.05992219150066376,-0.058336966671049595,-0.055658215656876564,-0.05163539759814739,-0.04675011560320854,0.9978816358167273,-0.00021937675357889023,8.014307526779084e-05,0.00021937675357889023,-0.0003057217545574531,-0.0002592831588117406,-0.00022194768098415807,-0.00017319626931566745,-0.00012309405283303926,0.002118306288808774,0.6430976977319841,0.005340833224243099,0.6430976977319841,0.6375107586383819,0.6391001641750336,0.6417831778526306,0.6458220928907394,0.6506856143474579,1.0,0.9999999421055361
V3.1,Grocery,44,text,3,0,0.0,0.0,0.0,0.0,0.0,0.0,0.0,0.0,0.0,0.0,-0.056360355426233466,0.011300567806761103,0.056360355426233466,-0.06891338601708412,-0.06529684737324715,-0.05877175182104111,-0.04979411046952009,-0.03991826772689819,0.9984260249106833,-0.0002901443073620097,0.0001059959940778358,0.0002901443073620097,-0.0004043428663862869,-0.00034292388590984046,-0.00029354458092711866,-0.0002290667107445188,-0.00016280228737741703,0.0015740063040245516,-0.09034931520758292,0.01131789882305233,0.09034931520758292,-0.10291971042752265,-0.09931078739464283,-0.09275916591286659,-0.08376780524849892,-0.07384238243103028,1.0,1.000000031214708
V3.1,Grocery,44,visual,0,0,0.0,0.0,0.0,0.0,0.0,0.0,0.0,0.0,0.0,0.0,-0.012995631216455458,0.0022207721973825575,0.012997110223877647,-0.014767605438828468,-0.014413954457268119,-0.013762904331088066,-0.01239559380337596,-0.010052034631371498,0.9944533384706213,0.0005698047930778154,0.00018608656108530365,0.0005698047930778154,0.0003245918254833669,0.0004506774275796488,0.0005867150030098855,0.000710322696249932,0.0008051700424402952,0.005546667200179841,0.1141532943140564,0.002225339658998942,0.1141532943140564,0.11235266625881195,0.1127316877245903,0.11339797452092171,0.11476057209074497,0.11709877476096153,1.0,1.0000000056708012
V3.1,Grocery,44,visual,1,0,0.0,0.0,0.0,0.0,0.0,0.0,0.0,0.0,0.0,0.0,-0.016801105382643698,0.004357728038766529,0.01680127382972339,-0.022368108853697777,-0.019881118088960648,-0.01690466981381178,-0.01380128227174282,-0.0110448713414371,0.9984338946812477,-0.00021687600043168368,7.082725456159636e-05,0.00021687600043168368,-0.00030645944061689077,-0.00027035917446482927,-0.00022331227955874056,-0.00017153439330286346,-0.0001235443749465048,0.0015661065733519684,0.08876443804671869,0.004363992245690916,0.08876443804671869,0.08318731188774109,0.08568124659359455,0.08866672590374947,0.09176261723041534,0.09454998970031739,1.0,1.0000000012545995
V3.1,Grocery,44,visual,2,0,0.0,0.0,0.0,0.0,0.0,0.0,0.0,0.0,0.0,0.0,0.018560711507579337,0.000990098625372258,0.018560711507579337,0.017139879800379277,0.018010850064456463,0.018844982609152794,0.01932886755093932,0.01951499879360199,0.9979330075077346,-0.0002680423783041006,8.753714439223829e-05,0.0002680423783041006,-0.0003787607594858855,-0.00033414354402339086,-0.00027599712484516203,-0.00021200357150519267,-0.00015269152936525637,0.002067148558709869,0.7713459172467514,0.0009882662058103692,0.7713459172467514,0.7699300050735474,0.7707985490560532,0.7716253101825714,0.7721103131771088,0.7723046958446502,1.0,1.0000001560664444
V3.1,Grocery,44,visual,3,0,0.0,0.0,0.0,0.0,0.0,0.0,0.0,0.0,0.0,0.0,0.019323185947317318,0.0008957300341145148,0.019323185947317318,0.0179733881726861,0.018799492623656988,0.019625620916485786,0.02003242913633585,0.020202585496008396,1.0011655907481105,-8.488638430960848e-05,2.7722152438685945e-05,8.488638430960848e-05,-0.00011994980523013509,-0.00010581997412373312,-8.740557677811012e-05,-6.713944458169863e-05,-4.835590407310518e-05,-0.001165595099496244,0.05051863831899387,0.0008942592076653015,0.05051863831899387,0.04918079786002636,0.04999876860529184,0.05081675015389919,0.051225895062088966,0.051397093757987025,1.0,0.9999999956486143
B,ele-fashion,42,text,0,1,0.14513610303401947,0.098166985893876,0.0007425352420247005,0.098166985893876,0.09711825847625732,0.09765376709401608,0.0982397273182869,0.09874479286372662,0.09906041622161865,-0.018408274319862278,0.06093634962274263,0.0011728745493539239,0.06093634962274263,0.059276413172483444,0.060459721833467484,0.06142603978514671,0.06171462871134281,0.0618657972663641,0.10385312504115084,0.011124863845464277,0.004130456775322136,0.011124863845464277,0.004845822462812066,0.008218481903895736,0.012235978618264198,0.014790239976719022,0.015558506362140179,0.9145551339998609,0.41171158956000625,0.004406791692635303,0.41171158956000625,0.40505002439022064,0.40859977155923843,0.41272203624248505,0.4154506176710129,0.4166014790534973,1.0,0.9999999847211495
B,ele-fashion,42,text,1,1,0.14513610303401947,-0.03247063721202272,0.00026199687020010855,0.03247063721202272,-0.03278349153697491,-0.03267255797982216,-0.03249729797244072,-0.032289872877299786,-0.032099952921271324,-0.004847461581949521,-0.030686140204810954,0.01624096601088599,0.030760350027728697,-0.054193759337067604,-0.04361655842512846,-0.029184620827436447,-0.017898401245474815,-0.01032104529440403,0.9932227861684798,-0.0021688872629794793,0.0008052678407868695,0.0021688872629794793,-0.0030332638416439295,-0.0028834837139584124,-0.0023855086183175445,-0.0016022632480598986,-0.0009447345219086856,0.01162467538346021,-0.012760488638782833,0.016331658310357575,0.016464204601006307,-0.03631787747144699,-0.02572346804663539,-0.011361520271748304,7.406802615150809e-05,0.007782737957313657,1.0,0.9999999999699904
B,ele-fashion,42,text,2,1,0.14513610303401947,-0.03210394698574353,0.0002865191109909824,0.03210394698574353,-0.0324489064514637,-0.0323275662958622,-0.03213083930313587,-0.03190590813755989,-0.031700605526566505,-0.00892799800168278,-0.05704281320984223,0.0018179896103990845,0.05704281320984223,-0.05913076549768448,-0.05847136676311493,-0.05728958360850811,-0.05601477716118097,-0.05465000681579113,0.5409131380302233,-0.004605993924011452,0.0017101205975636761,0.004605993924011452,-0.006441641598939896,-0.0061235586181283,-0.005066025536507368,-0.0034026734065264463,-0.002006301423534751,0.46801495268994076,0.5411695119001065,0.002305399024806789,0.5411695119001065,0.5383836925029755,0.5394846946001053,0.5408598184585571,0.5425719618797302,0.5443733334541321,1.0,1.0000000927184813
B,ele-fashion,42,text,3,1,0.14513610303401947,-0.033592401669474956,0.00019485826047043242,0.033592401669474956,-0.03382653743028641,-0.03374531678855419,-0.03361103497445583,-0.03345813415944576,-0.033316975459456444,-0.001225604163240657,-0.04954625976134009,0.003382819229053772,0.04954625976134009,-0.053401028737425804,-0.052110602147877216,-0.05002635344862938,-0.04780934192240238,-0.04517303593456745,0.8695540843849857,-0.004349982077314099,0.0016150681211209508,0.004349982077314099,-0.006083600223064423,-0.0057831971207633615,-0.00478444411419332,-0.0032135447836481035,-0.0018947864300571382,0.1316715430624794,-0.17496676715382178,0.003467855826370642,0.17496676715382178,-0.1790628284215927,-0.17747103422880173,-0.17539216578006744,-0.17302850633859634,-0.17050247639417648,1.0,1.0000000232842245
B,ele-fashion,42,visual,0,1,0.15661896765232086,0.10392015968978623,0.002924901137414489,0.10392015968978623,0.09893377497792244,0.10214009135961533,0.1048838347196579,0.10606948658823967,0.10694614425301552,0.09840009264439659,0.06400286020942776,0.0015486088535965946,0.06400286020942776,0.06218516454100609,0.06371350958943367,0.06454812362790108,0.06491930410265923,0.06510977074503899,0.07801075090286494,0.010933755791067562,0.00395441049861224,0.010933755791067562,0.0048955525271594524,0.008190557127818465,0.01205325685441494,0.01460136822424829,0.014921114314347506,0.8235891652879327,0.43113307697747666,0.0038256649407355046,0.43113307697747666,0.4258345812559128,0.42901501804590225,0.43117067217826843,0.43401943147182465,0.43606168031692505,1.0,1.0000000088351941
B,ele-fashion,42,visual,1,1,0.15661896765232086,-0.03408692797624474,0.0010754891844640662,0.03408692797624474,-0.035199303179979324,-0.034875545650720596,-0.0344423558562994,-0.03343450836837292,-0.032252613455057144,0.018312053827150128,-0.028358778901601895,0.03636926284768248,0.03998022564189061,-0.07144475355744362,-0.059535104781389236,-0.033880941569805145,-0.0036213098210282624,0.026763642206788063,0.9736459045709658,0.002339234815012148,0.000846030850673612,0.002339234815012148,0.0010473845177330077,0.0017523381393402815,0.0025787479244172573,0.0031239063246175647,0.0031923146452754736,0.008042041985751265,0.006340435748139736,0.03733047902712158,0.030921135148672743,-0.037983452901244164,-0.025811148807406425,0.000830254633910954,0.03190007247030735,0.06308937817811966,1.0,1.0000000003838672
B,ele-fashion,42,visual,2,1,0.15661896765232086,-0.033958405553807615,0.001103270977818085,0.033958405553807615,-0.03510449640452862,-0.0347707848995924,-0.034319134429097176,-0.03327950835227966,-0.03208152577280998,-0.06680211379039432,-0.062440043295172415,0.0016219391812485131,0.062440043295172415,-0.06393370032310486,-0.06351957656443119,-0.06287093088030815,-0.06191285140812397,-0.06040244922041893,0.3395125566076478,-0.006549439722793621,0.0023687352890863337,0.006549439722793621,-0.008937911130487919,-0.008746379986405373,-0.007220033556222916,-0.004906233865767717,-0.002932489733211696,0.7272895207816906,0.5200415871097153,0.0025344958659017694,0.5200415871097153,0.5173225998878479,0.5182748585939407,0.5194274187088013,0.5213950723409653,0.5237456262111664,1.0,0.999999963598944
B,ele-fashion,42,visual,3,1,0.15661896765232086,-0.0358748260937756,0.0007466945138131188,0.0358748260937756,-0.036643581464886665,-0.036423846147954464,-0.03612302429974079,-0.03542318008840084,-0.03460291400551796,-0.08453985155627684,-0.055045065466705734,0.0019200534241112543,0.055045065466705734,-0.05671962723135948,-0.05631931871175766,-0.055608151480555534,-0.05437164381146431,-0.05276386998593807,0.41770395213058564,-0.006723550446078613,0.002431705900877789,0.006723550446078613,-0.00917551713064313,-0.008978893980383873,-0.0074119712226092815,-0.005036661634221673,-0.003010447253473103,0.6668359035866589,-0.192282817781202,0.002802559467413064,0.192282817781202,-0.19509099423885345,-0.1943967416882515,-0.19306550174951553,-0.19065671414136887,-0.18822035193443298,1.0,1.0000000041609678
AB,ele-fashion,42,text,0,1,0.14632616937160492,0.0986420372655909,0.0013092479897715606,0.0986420372655909,0.09701711311936378,0.09759249538183212,0.09844079986214638,0.09991993010044098,0.10046004131436348,0.45219002654782026,0.064288645337982,0.0011431752122861032,0.064288645337982,0.06244637817144394,0.06375890411436558,0.0647839605808258,0.06509582325816154,0.06526554003357887,0.2162860606868323,0.000753436807556682,0.0005957746532890534,0.000753436807556682,0.00023201991280075163,0.0004139225056860596,0.0005998548294883221,0.0008187799830920994,0.001564857899211347,0.3315238180086428,0.4018790469031125,0.0010666548612451676,0.4018790469031125,0.4005955010652542,0.4011427015066147,0.4017942249774933,0.40252768248319626,0.40326377749443054,1.0,0.9999999052432953
AB,ele-fashion,42,text,1,1,0.14632616937160492,-0.03248860229064623,0.00047635744687376874,0.03248860229064623,-0.03314744308590889,-0.03295239992439747,-0.0324165765196085,-0.032106525264680386,-0.03189457580447197,-0.00379391130284701,-0.016486572826956248,0.02440957862526021,0.02239823250539517,-0.05356192775070667,-0.03738183155655861,-0.010841047391295433,0.003537949756719172,0.011635004077106714,1.0039315552944537,6.950111277518014e-05,5.4957497333408386e-05,6.950111277518014e-05,2.140277956641512e-05,3.818246568698669e-05,5.533387229661457e-05,7.552872557425871e-05,0.00014435100456466898,-0.00013764392400613385,-0.006630580508424379,0.024309414062214697,0.020478073693005968,-0.04340130463242531,-0.027450747787952423,-0.0012797345407307148,0.013278205646201968,0.0215355372056365,1.0,1.0000000000676006
AB,ele-fashion,42,text,2,1,0.14632616937160492,-0.03224416310098144,0.000504291409007294,0.03224416310098144,-0.03294537030160427,-0.032736663706600666,-0.03216460905969143,-0.03184018284082413,-0.03161952644586563,0.058678212196904535,-0.053263991799240525,0.0014628238722048206,0.053263991799240525,-0.05495533533394337,-0.054403988644480705,-0.05349326878786087,-0.05241504032164812,-0.05134512856602669,0.9077551049333759,-0.0003745818696087823,0.0002961978779850758,0.0003745818696087823,-0.0007779914594721049,-0.0004070681461598724,-0.0002982263686135411,-0.0002057874771708157,-0.00011535201338119805,0.033566914896941205,0.5461928709154737,0.0014942840633643362,0.5461928709154737,0.5443825721740723,0.5450709462165833,0.5460450649261475,0.5471299737691879,0.548187643289566,1.0,1.0000002320272217
AB,ele-fashion,42,text,3,1,0.14632616937160492,-0.033909271912886625,0.00032910149454661334,0.033909271912886625,-0.03436660394072533,-0.03423130884766579,-0.033857282251119614,-0.03364629950374365,-0.03350134938955307,-0.025441904143168024,-0.05355143142094823,0.002977130331586193,0.05355143142094823,-0.05698523670434952,-0.05568363983184099,-0.053990669548511505,-0.05209545884281397,-0.0496302992105484,1.0127694189722882,-0.000448356114856317,0.00035453432342676436,0.000448356114856317,-0.0009312175970990211,-0.00048724061343818903,-0.0003569623513612896,-0.00024631752603454515,-0.00013807069626636803,0.012672475049779856,-0.17799575805116583,0.0029041995226550335,0.17799575805116583,-0.181332528591156,-0.18008802086114883,-0.17837003618478775,-0.17653490230441093,-0.1741926595568657,1.0,0.9999999898789
AB,ele-fashion,42,visual,0,1,0.15330870449543,0.1011505831373109,0.0029126901277848165,0.1011505831373109,0.0965208001434803,0.09936493076384068,0.10160414129495621,0.10334513895213604,0.10473629459738731,0.190972957453986,0.06431507142610657,0.003563688991792619,0.06431507142610657,0.05900631472468376,0.06402821466326714,0.06589644774794579,0.06640888750553131,0.06661055609583855,0.8130966586415291,0.0012597848338017842,0.00030723364528893434,0.0012597848338017842,0.0008247688820119947,0.0011046519211959094,0.0013548200950026512,0.0014943669084459543,0.0015442829462699592,-0.004069559699552358,0.4140206104027055,0.002786307605922815,0.4140206104027055,0.41062089800834656,0.41230499744415283,0.41474415361881256,0.4160999730229378,0.4168788939714432,1.0,1.0000000563959628
AB,ele-fashion,42,visual,1,1,0.15330870449543,-0.03316938190632783,0.001068339919785166,0.03316938190632783,-0.03448421694338322,-0.033974362537264824,-0.03333570808172226,-0.03251152765005827,-0.031471941620111465,0.019289442093639683,-0.015386856544556122,0.030595054412964534,0.029480726516123358,-0.05204405076801777,-0.040139418095350266,-0.020175598561763763,0.006211100029759109,0.031166167929768562,0.9806618826254653,2.222544800223176e-05,5.420294979212466e-06,2.222544800223176e-05,1.4550784726452548e-05,1.9488553334667813e-05,2.3902084649307653e-05,2.636400540723116e-05,2.7244636839895975e-05,4.8675281447013e-05,-0.002756386665761445,0.03118532912517908,0.026539481092790734,-0.04016337729990482,-0.028188735712319613,-0.007705319207161665,0.01954566966742277,0.044737232849001884,1.0,1.000000000000552
AB,ele-fashion,42,visual,2,1,0.15330870449543,-0.03298230452340983,0.0011058758078060986,0.03298230452340983,-0.03434980474412441,-0.033816853538155556,-0.033149903640151024,-0.03229677304625511,-0.031228763051331043,0.06860518418507272,-0.0677824601750661,0.002005547886747072,0.0677824601750661,-0.06963510811328888,-0.06915980949997902,-0.06835315749049187,-0.06705851666629314,-0.06512891501188278,0.924132866832304,-0.0006554683339198964,0.00015985422289353378,0.0006554683339198964,-0.0008034931961447,-0.0007775217964081094,-0.0007049153500702232,-0.0005747523973695934,-0.00042912874778266996,0.007261930690442142,0.5126749183793233,0.0018552976705194936,0.5126749183793233,0.5105302333831787,0.5114478319883347,0.5125431418418884,0.5135363340377808,0.5147711932659149,1.0,0.9999999817078189
AB,ele-fashion,42,visual,3,1,0.15330870449543,-0.03499889677309333,0.0007390262392965383,0.03499889677309333,-0.035904498770833015,-0.03555704653263092,-0.035118747502565384,-0.03454821929335594,-0.03382174111902714,-0.040336095008182395,-0.06149370880683231,0.002703850902128269,0.06149370880683231,-0.06387379765510559,-0.06324782781302929,-0.06230676919221878,-0.06066126562654972,-0.058136604726314545,1.027728153418468,-0.0006265419431752471,0.00015279971617753122,0.0006265419431752471,-0.0007680343405809253,-0.0007432090933434665,-0.0006738068186677992,-0.0005493880889844149,-0.0004101909144083038,0.01260793643457621,-0.199190060276259,0.0025445312238534887,0.199190060276259,-0.2016790509223938,-0.20079047977924347,-0.19966159760951996,-0.19844837486743927,-0.19627515226602554,1.0,0.9999999948448617
V3,ele-fashion,42,text,0,1,0.14011365175247192,0.09454049977421312,0.00035000315475332153,0.09454049977421312,0.09408632293343544,0.09418977051973343,0.09452471509575844,0.09491794556379318,0.09498638287186623,-0.02706736409669997,0.05411745263517166,0.001057331885788103,0.05411745263517166,0.05258920229971409,0.053615158423781395,0.054501522332429886,0.054869670420885086,0.055068887770175934,0.10609186503714119,0.007174906901914217,0.0039071869399716725,0.007174906901914217,0.0019221450784243643,0.003984198323450983,0.006979033583775163,0.010223540710285306,0.012821614276617765,0.920975532302531,0.387815403293998,0.0041554196050960805,0.387815403293998,0.38241782784461975,0.3844217360019684,0.38753800094127655,0.3911134973168373,0.393791064620018,1.0,1.0000000332429722
V3,ele-fashion,42,text,1,1,0.14011365175247192,-0.03121914211178987,0.00012449994529831765,0.03121914211178987,-0.03137500584125519,-0.03135061636567116,-0.03121550753712654,-0.031096460297703743,-0.031056592240929604,-0.004451808542105709,-0.016568821937077587,0.01595824670886417,0.018264880224793834,-0.03898502513766289,-0.029021678492426872,-0.01564396545290947,-0.002555335289798677,0.0031845191260799766,0.9889888782109971,-0.0013449289533125517,0.000732398192008848,0.0013449289533125517,-0.002403398393653333,-0.0019163922406733036,-0.0013082127552479506,-0.0007468338735634461,-0.0003603041259339079,0.0154629310690517,0.01225811042580171,0.016120707665681605,0.01689442789870313,-0.010246043559163809,-0.0003610032144933939,0.013113704975694418,0.02627047710120678,0.032227203249931335,1.0,1.000000000737943
V3,ele-fashion,42,text,2,1,0.14011365175247192,-0.03105114189518446,0.00013096960657044067,0.03105114189518446,-0.03121868707239628,-0.031192449387162924,-0.03104404639452696,-0.030919949058443308,-0.03088252805173397,-0.022234570185143524,-0.04933152871689449,0.0023598265534759202,0.04933152871689449,-0.05165840871632099,-0.05092436820268631,-0.04989553056657314,-0.04857765510678291,-0.04600184224545956,0.6748974338129641,-0.002939854682247251,0.0016009353115294142,0.002939854682247251,-0.005253543145954609,-0.004189005587249994,-0.0028595973271876574,-0.001632490020710975,-0.0007875819283071905,0.3473371469624905,0.556521415486092,0.002972997558125478,0.556521415486092,0.5531450510025024,0.5543456375598907,0.5560736060142517,0.5581201016902924,0.5605099201202393,1.0,1.000000010590311
V3,ele-fashion,42,text,3,1,0.14011365175247192,-0.03227021569303096,9.601047004831381e-05,0.03227021569303096,-0.032394248992204666,-0.032372694462537766,-0.03226383775472641,-0.032175205647945404,-0.032149193808436394,-0.009739688473134995,-0.046675414015389945,0.001996934539952196,0.046675414015389945,-0.048992108553647995,-0.04817531257867813,-0.04698028601706028,-0.04558283742517233,-0.0439751036465168,0.6235573465883271,-0.0028901235149759253,0.00157385357080607,0.0028901235149759253,-0.005164673086255789,-0.004118143464438617,-0.0028112238505855203,-0.0016048745310399681,-0.0007742590678390115,0.38618234836789767,-0.16318475356874168,0.0025302077391280904,0.16318475356874168,-0.16617397964000702,-0.16503704711794853,-0.1634819209575653,-0.161653533577919,-0.15970881283283234,1.0,1.0000000064830898
V3,ele-fashion,42,visual,0,1,0.15152539312839508,0.10200172299655785,0.00044314680315555167,0.10200172299655785,0.10162544250488281,0.10164760798215866,0.10172664001584053,0.10251349024474621,0.10271593183279037,0.04628443366062939,0.05581708323467528,0.0003032560189852332,0.05581708323467528,0.055430641397833824,0.055668619461357594,0.055871330201625824,0.05603310279548168,0.056140679866075516,-0.005873739731096415,0.011773912040393426,0.0037355237321759173,0.011773912040393426,0.005859174067154527,0.009685339871793985,0.013432293199002743,0.014786571962758899,0.014944217167794704,0.9595892960089782,0.40818789106429293,0.0038669824584334654,0.40818789106429293,0.4021109342575073,0.4059588611125946,0.40972214937210083,0.4111211225390434,0.4118974655866623,1.0,0.9999999899385112
V3,ele-fashion,42,visual,1,1,0.15152539312839508,-0.03352544910449325,0.00016145680934954646,0.03352544910449325,-0.03378299064934254,-0.03370845224708319,-0.033433832228183746,-0.03339656442403793,-0.03338264301419258,0.005361687025619114,-0.027981292188748497,0.01705022756341117,0.02854940022723906,-0.05000787973403931,-0.041694735176861286,-0.028987817466259003,-0.01463816687464714,-0.004924962064251304,0.99560870748523,0.0004682813055302025,0.00014857219280408696,0.0004682813055302025,0.00023303568741539493,0.00038521298120031133,0.0005342397489584982,0.0005881031975150108,0.0005943732103332877,-0.0009703948603167001,0.009967674172564688,0.01712463983275,0.015970873030120507,-0.012136179953813553,-0.0038191936328075826,0.008929051924496889,0.02337203361093998,0.03316222131252289,1.0,0.9999999996505324
V3,ele-fashion,42,visual,2,1,0.15152539312839508,-0.03335709678868363,0.00017195866950184746,0.03335709678868363,-0.03363436087965965,-0.033553702756762505,-0.033252641558647156,-0.03322113677859306,-0.03320834040641785,0.010386495514087237,-0.06034410160841255,0.001258664226005369,0.06034410160841255,-0.06135297380387783,-0.06110323499888182,-0.060713429003953934,-0.06009855680167675,-0.05893709510564804,0.21053041747894188,-0.006260024134363369,0.001986125651374411,0.006260024134363369,-0.007945630699396133,-0.007861813763156533,-0.007141762180253863,-0.005149559699930251,-0.003115240717306733,0.779083010159173,0.5276941047570657,0.0021229243793047673,0.5276941047570657,0.5254716575145721,0.5260195136070251,0.527140736579895,0.5289583653211594,0.5308522582054138,1.0,0.9999999231522021
V3,ele-fashion,42,visual,3,1,0.15152539312839508,-0.035119177122280625,0.00011261528951537004,0.035119177122280625,-0.03530197963118553,-0.03524363413453102,-0.03505394794046879,-0.03503342345356941,-0.035017866641283035,0.018697491131242,-0.05359905030568239,0.0007764314941118946,0.05359905030568239,-0.05437340959906578,-0.0541968597099185,-0.0538061186671257,-0.053232756443321705,-0.052532367408275604,0.12893424678476129,-0.005982168613192109,0.0018979700836967714,0.005982168613192109,-0.007592958863824606,-0.0075128612807020545,-0.0068247702438384295,-0.004920993000268936,-0.002976968651637435,0.8523682685745517,-0.18459783485342748,0.0020591752798592836,0.18459783485342748,-0.18677759170532227,-0.1861983984708786,-0.18514975160360336,-0.1834191307425499,-0.1815194934606552,1.0,1.000000006490555
V3.1,ele-fashion,42,text,0,0,0.0,0.0,0.0,0.0,0.0,0.0,0.0,0.0,0.0,0.0,0.0693675484600107,0.00025619668348669843,0.0693675484600107,0.06901682540774345,0.06921164691448212,0.06942103058099747,0.06956393271684647,0.06965351104736328,0.22806065458964006,0.0005426619192011879,0.0005067710185816243,0.0005426619192011879,0.00014643085887655616,0.0002555118699092418,0.00036314532917458564,0.0006280234665609896,0.0012774323113262653,0.7719389927227018,0.3142827868698159,0.0005928851844256292,0.3142827868698159,0.3137117177248001,0.31391099840402603,0.31415146589279175,0.3144637197256088,0.31512783467769623,1.0,0.9999996473123419
V3.1,ele-fashion,42,text,1,0,0.0,0.0,0.0,0.0,0.0,0.0,0.0,0.0,0.0,0.0,-0.026188822713119727,0.01909120598275279,0.028016009031212263,-0.05242001637816429,-0.0401261942461133,-0.024818837642669678,-0.014152957359328866,-0.004189185332506895,1.000012874856587,3.5275619793578294e-05,3.294253959484125e-05,3.5275619793578294e-05,9.51870606513694e-06,1.6609493741270853e-05,2.3606183276569936e-05,4.082453051523771e-05,8.303920913022012e-05,-1.2875175621616567e-05,0.0033329116582440648,0.019090931769555956,0.015664839094214345,-0.02290273830294609,-0.010601880494505167,0.004708015127107501,0.015361682279035449,0.025358015671372414,1.0,0.9999999996809654
V3.1,ele-fashion,42,text,2,0,0.0,0.0,0.0,0.0,0.0,0.0,0.0,0.0,0.0,0.0,-0.061180639266861084,0.0009653263769645697,0.061180639266861084,-0.06226104870438576,-0.06195656955242157,-0.06134827435016632,-0.060619790107011795,-0.05989952012896538,0.9491426598344153,-0.0002644210168693101,0.00024693258050105494,0.0002644210168693101,-0.0006224500830285251,-0.00030601485923398286,-0.00017694858252070844,-0.0001245023959199898,-7.135086343623698e-05,0.05085737459639845,0.559531566496579,0.000984627201791216,0.559531566496579,0.5584603548049927,0.5587683916091919,0.55935338139534,0.5600904226303101,0.5608437359333038,1.0,1.0000000344308138
V3.1,ele-fashion,42,text,3,0,0.0,0.0,0.0,0.0,0.0,0.0,0.0,0.0,0.0,0.0,-0.0638292652357602,0.001582032484797677,0.0638292652357602,-0.06562460213899612,-0.06509300693869591,-0.06405859440565109,-0.06295770220458508,-0.06173107214272022,0.9763910239477773,-0.0003135165577376617,0.00029278101084571304,0.0003135165577376617,-0.0007380215683951974,-0.0003628332051448524,-0.0002098029581247829,-0.00014761897909920663,-8.459871241939254e-05,0.023608984367507243,-0.16653567887380072,0.0015927626860172792,0.16653567887380072,-0.16830258816480637,-0.16777723655104637,-0.16679155081510544,-0.1656852662563324,-0.16444296389818192,1.0,1.0000000083152845
V3.1,ele-fashion,42,visual,0,0,0.0,0.0,0.0,0.0,0.0,0.0,0.0,0.0,0.0,0.0,0.06571344060904978,0.0003902787549333579,0.06571344060904978,0.06515036150813103,0.06555825471878052,0.0658455491065979,0.06598774716258049,0.06606444716453552,0.7514890719375221,0.0015011567355461258,0.00017020837082776222,0.0015011567355461258,0.001276578928809613,0.0014748115499969572,0.0015738035435788333,0.0016010406252462417,0.0016110510914586484,0.24851085705698694,0.31754880046292366,0.000495209561184818,0.31754880046292366,0.3168006092309952,0.3173309564590454,0.31773295998573303,0.3179003596305847,0.3179910480976105,1.0,0.9999999289945091
V3.1,ele-fashion,42,visual,1,0,0.0,0.0,0.0,0.0,0.0,0.0,0.0,0.0,0.0,0.0,-0.028818830028515242,0.005244767646897339,0.028818830028515242,-0.03486119769513607,-0.03245946206152439,-0.029390888288617134,-0.025647333823144436,-0.021986807696521282,1.0001286916422203,3.3398175222825366e-05,3.7868457328817035e-06,3.3398175222825366e-05,2.8401702365954407e-05,3.281204044469632e-05,3.5014441891689785e-05,3.5620421840576455e-05,3.5843137084157206e-05,-0.00012869111194666527,0.019731061439395348,0.005244091452478435,0.019731061439395348,0.013689640443772078,0.016090333927422762,0.019159182906150818,0.022901717107743025,0.026561769656836987,1.0,1.0000000005302736
V3.1,ele-fashion,42,visual,2,0,0.0,0.0,0.0,0.0,0.0,0.0,0.0,0.0,0.0,0.0,-0.07269098872574048,0.0008808566218385914,0.07269098872574048,-0.07351894304156303,-0.07330463640391827,-0.07292596995830536,-0.07234524935483932,-0.07160139083862305,0.9730929846247849,-0.0006996116421787306,7.932533285182518e-05,0.0006996116421787306,-0.0007508277194574475,-0.0007461623463314027,-0.000733468565158546,-0.0006873334932606667,-0.0005949475453235209,0.0269068788953758,0.5338810113557263,0.0009018800084042508,0.5338810113557263,0.5330480337142944,0.5332575440406799,0.5336313247680664,0.5342250317335129,0.5349971950054169,1.0,0.9999998635201607
V3.1,ele-fashion,42,visual,3,0,0.0,0.0,0.0,0.0,0.0,0.0,0.0,0.0,0.0,0.0,-0.07024309234129134,0.0013346572892723363,0.07024309234129134,-0.07144004106521606,-0.07115012221038342,-0.07062304019927979,-0.06978495605289936,-0.06862778961658478,0.9788437013964548,-0.0008349432344693057,9.466987984490505e-05,0.0008349432344693057,-0.0008960664563346654,-0.0008904986316338181,-0.0008753493602853268,-0.0008202900498872623,-0.0007100330840330571,0.02115631803228181,-0.18328981430565103,0.0013603873207209134,0.18328981430565103,-0.18449316918849945,-0.1842033863067627,-0.18368812650442123,-0.18282699212431908,-0.1816367506980896,1.0,1.0000000194287366
B,ele-fashion,43,text,0,1,0.13774234056472778,0.09284026801453243,0.000857820285581134,0.09284026801453243,0.09170946478843689,0.09220006875693798,0.092764463275671,0.09362680092453957,0.09398233145475388,-0.024632022019847644,0.05293432763157852,0.0015379917347806914,0.05293432763157852,0.05076621100306511,0.052471382543444633,0.05349230580031872,0.053966022096574306,0.054198864847421646,0.12082683651383433,0.010418972357862896,0.0036004897373456985,0.010418972357862896,0.004672245122492313,0.008249947801232338,0.011660819873213768,0.013496180530637503,0.013919360935688019,0.9038051752946422,0.3802596615792818,0.0037991048717608703,0.3802596615792818,0.37442992627620697,0.37783050537109375,0.38116537034511566,0.38343940675258636,0.3842838555574417,1.0,0.9999999897886289
B,ele-fashion,43,text,1,1,0.13774234056472778,-0.03067562638493345,0.00030485291345102585,0.03067562638493345,-0.03107842057943344,-0.030952787026762962,-0.030652286484837532,-0.03044927166774869,-0.03027300350368023,-0.00655511930533401,-0.00290939273476326,0.02804061649821142,0.02459057918492924,-0.040251677855849266,-0.026912836357951164,-0.005179951898753643,0.023945994675159454,0.034533288329839706,0.9989679240788641,-0.002142883504168367,0.0007405173752631953,0.002142883504168367,-0.002862812951207161,-0.0027757768402807415,-0.0023982960265129805,-0.0016967773553915322,-0.0009609467233531177,0.0075871962763198195,0.016314313416214837,0.028058637763417906,0.026781544608338856,-0.021405523642897606,-0.007780121290124953,0.01443731039762497,0.04306619241833687,0.053528670221567154,1.0,1.00000000104985
B,ele-fashion,43,text,2,1,0.13774234056472778,-0.030495164719263786,0.00031930109739204107,0.030495164719263786,-0.030921772122383118,-0.030788889154791832,-0.030466251075267792,-0.030255703255534172,-0.03007484506815672,0.0022220138824154143,-0.050235406390253715,0.001176217322455146,0.050235406390253715,-0.051614414900541306,-0.051181891933083534,-0.050380073487758636,-0.049523658119142056,-0.048697737976908684,0.37013687609504614,-0.004440190796728926,0.0015343990603121078,0.004440190796728926,-0.0059319306164979935,-0.005751585937105119,-0.004969421774148941,-0.00351583055453375,-0.0019911426352337003,0.6276410125501151,0.5595699387104849,0.001973773786424823,0.5595699387104849,0.5572921931743622,0.5580618977546692,0.5592018961906433,0.5607491731643677,0.5624530911445618,1.0,0.9999999025275766
B,ele-fashion,43,text,3,1,0.13774234056472778,-0.03166947696779626,0.00023438113974712257,0.03166947696779626,-0.031982894986867905,-0.03188602905720472,-0.03164951130747795,-0.0314945662394166,-0.0313595961779356,-0.035290059171636884,-0.04484067770921469,0.0032144697300111927,0.04484067770921469,-0.048662200570106506,-0.04714543279260397,-0.045407308265566826,-0.04296824708580971,-0.04014471918344498,0.8693507331270977,-0.0038358987825956726,0.0013255735514343325,0.0038358987825956726,-0.005124618764966726,-0.004968818393535912,-0.004293103236705065,-0.0030373401241376996,-0.0017201561713591218,0.16593931950751165,-0.1557595636381264,0.0034045794926844757,0.1557595636381264,-0.15998824685811996,-0.1582413911819458,-0.15616387128829956,-0.15362348780035973,-0.1509544998407364,1.0,0.9999999934629724
B,ele-fashion,43,visual,0,1,0.14256948232650757,0.09400559548876378,0.002626929993487732,0.09400559548876378,0.08997904509305954,0.09214477054774761,0.09427523612976074,0.09599832072854042,0.09749064221978188,0.22809127043309543,0.05234549842024826,0.0017403990647390732,0.05234549842024826,0.04973449744284153,0.05169966071844101,0.05295068770647049,0.053597256541252136,0.05387846753001213,-0.05248088296897833,0.010956474891446272,0.0036069642585424924,0.010956474891446272,0.00528334709815681,0.008852105354890227,0.01226480770856142,0.013910133391618729,0.014409871771931648,0.8243896245747468,0.38398835426097955,0.003907069704949443,0.38398835426097955,0.3783000409603119,0.3817236125469208,0.3845078945159912,0.38707365840673447,0.38848359882831573,1.0,1.000000012038864
B,ele-fashion,43,visual,1,1,0.14256948232650757,-0.030951731171006053,0.0009421887849549811,0.030951731171006053,-0.03219725005328655,-0.031666750088334084,-0.031048404052853584,-0.030287163332104683,-0.029507371596992016,0.03617049633818675,-0.03792098862253251,0.018104835848905397,0.03796300178990309,-0.05994591489434242,-0.05160001013427973,-0.04048449359834194,-0.02514117630198598,-0.010054191574454308,0.964844103278514,-0.0016587509678972613,0.0005460748563392539,0.0016587509678972613,-0.0021815765649080276,-0.00210591871291399,-0.0018568254890851676,-0.0013401607575360686,-0.0007998701184988022,-0.0010145997724704105,-0.009315108940759901,0.01874296263997746,0.018026097904157552,-0.03193448483943939,-0.023636240046471357,-0.01220973627641797,0.003994547529146075,0.019740127958357334,1.0,0.9999999998442304
B,ele-fashion,43,visual,2,1,0.14256948232650757,-0.030774569894851823,0.0009757125966260016,0.030774569894851823,-0.032072823494672775,-0.03151391260325909,-0.030872110277414322,-0.03008014475926757,-0.029281511902809143,0.037519254445128894,-0.05845777767476257,0.0020696668902865003,0.05845777767476257,-0.06048600934445858,-0.059915438294410706,-0.05907346308231354,-0.05749194510281086,-0.05556303821504116,0.558560611384941,-0.004931288869882764,0.0016234220297312973,0.004931288869882764,-0.006485593505203724,-0.006260670721530914,-0.0055201430805027485,-0.003984154434874654,-0.0023779282346367836,0.4039200975749737,0.5404549440634177,0.002439744996344435,0.5404549440634177,0.5376167893409729,0.5388468652963638,0.5400789082050323,0.5417968779802322,0.5437890291213989,1.0,0.9999999634050436
B,ele-fashion,43,visual,3,1,0.14256948232650757,-0.032279294438509555,0.0007095039252074935,0.032279294438509555,-0.033218132331967354,-0.03281718119978905,-0.03235560283064842,-0.03177741076797247,-0.031189417466521263,-0.04738434620348833,-0.05167692912646054,0.003345405115205684,0.05167692912646054,-0.05478844419121742,-0.054074822925031185,-0.05278904363512993,-0.05010347347706556,-0.04713839665055275,0.9013418971021239,-0.0043664342838182725,0.0014374671191159255,0.0043664342838182725,-0.005742700770497322,-0.005543542094528675,-0.004887838382273912,-0.0035277893184684217,-0.0021055483957752585,0.14604242930728495,-0.17158422228018635,0.003278806149426238,0.17158422228018635,-0.17490076273679733,-0.17385819926857948,-0.17237962037324905,-0.16998784616589546,-0.16721603274345398,1.0,0.9999999802059205
AB,ele-fashion,43,text,0,1,0.1412038505077362,0.09548482305496377,0.0008879929897325983,0.09548482305496377,0.094175536185503,0.09489045292139053,0.09566572308540344,0.09613271057605743,0.09647650644183159,0.1821169466408904,0.05525679819586435,0.0011934065330816196,0.05525679819586435,0.05349560268223286,0.05494340043514967,0.05570129305124283,0.05602703429758549,0.05621621757745743,0.5682432239904632,0.0007939947543473311,0.0006213883151070227,0.0007939947543473311,0.00025226948491763324,0.0004420743352966383,0.0006395543750841171,0.0008476819493807852,0.0016169158043339849,0.24963980888808285,0.3879557407565874,0.0013548654716395968,0.3879557407565874,0.38635700941085815,0.38718391954898834,0.3879892826080322,0.3887721225619316,0.3895415663719177,1.0,0.9999999795194365
AB,ele-fashion,43,text,1,1,0.1412038505077362,-0.03153603888283425,0.0003183357232341126,0.03153603888283425,-0.03189066797494888,-0.0317649757489562,-0.03160083666443825,-0.031323847360908985,-0.03106739465147257,-0.0038599433022677944,-0.011645313652759537,0.03695817922708327,0.032562186082718214,-0.06246469356119633,-0.04339148662984371,-0.01123804971575737,0.018940515350550413,0.03962462581694126,1.0040940907172051,0.00010069418240091622,7.880428421712668e-05,0.00010069418240091622,3.199274397047702e-05,5.606373906630324e-05,8.110809721983969e-05,0.0001075027794286143,0.00020505679276539013,-0.0002341474552090305,-0.010692902536035899,0.036806353943439105,0.03224677742952107,-0.06129986234009266,-0.04248840734362602,-0.010276089888066053,0.019788221921771765,0.04031399264931679,1.0,0.9999999999597283
AB,ele-fashion,43,text,2,1,0.1412038505077362,-0.03136762219998986,0.0003310219752119019,0.03136762219998986,-0.03173818998038769,-0.031609768979251385,-0.03143490478396416,-0.031144614797085524,-0.030879964120686054,-0.02135603881148336,-0.054612808476786685,0.0047111900258759425,0.054612808476786685,-0.059076737612485886,-0.05792789813131094,-0.05607355386018753,-0.05278561823070049,-0.0475488156080246,1.012370463558529,-0.0003759611261173212,0.00029423097488085116,0.0003759611261173212,-0.0007656190427951515,-0.0004013823199784383,-0.0003028327046195045,-0.00020932477127644233,-0.00011945106598432176,0.008985553565625233,0.542923102546162,0.004633454724988247,0.542923102546162,0.5385592877864838,0.5396736711263657,0.5414832532405853,0.5447356700897217,0.5498468577861786,1.0,0.999999978312671
AB,ele-fashion,43,text,3,1,0.1412038505077362,-0.03258116195482132,0.0002393033136502921,0.03258116195482132,-0.03284922614693642,-0.032757632434368134,-0.03263035975396633,-0.03241986222565174,-0.032228030264377594,-0.012166576174831066,-0.04568442415068126,0.005658790781047197,0.04568442415068126,-0.052210841327905655,-0.04974181391298771,-0.04661700502038002,-0.042548890225589275,-0.037652598693966866,1.0040414084178155,-0.0005187278180472626,0.0004059616302364578,0.0005187278180472626,-0.0010563535615801811,-0.0005538023979170248,-0.00041782976768445224,-0.00028881330945296213,-0.0001648111647227779,0.008125169219745066,-0.1661569298489127,0.005616801513115935,0.1661569298489127,-0.17258818447589874,-0.17020950466394424,-0.1670948937535286,-0.1630522944033146,-0.15817586332559586,1.0,1.0000000014627295
AB,ele-fashion,43,visual,0,1,0.1610739529132843,0.10400878631322769,0.0039993033628725845,0.10400878631322769,0.0979028269648552,0.1009704414755106,0.10449276119470596,0.10716553591191769,0.10925236716866493,1.1098540973425004,0.06675413722911638,0.00045613599735011253,0.06675413722911638,0.06614425778388977,0.0665444266051054,0.0668736882507801,0.06708402186632156,0.06720105558633804,-0.07058398740070329,0.0018350091973261934,0.00036561332590677865,0.0018350091973261934,0.0013303138548508286,0.0017043283150997013,0.001975718419998884,0.0020863571553491056,0.0021274437895044684,-0.039270094283493075,0.4225107757787503,0.0035697595198662434,0.4225107757787503,0.41695915162563324,0.4197573661804199,0.4230394959449768,0.42535801231861115,0.4269988685846329,1.0,1.000000015658304
AB,ele-fashion,43,visual,1,1,0.1610739529132843,-0.033590970735253856,0.001549003142011993,0.033590970735253856,-0.0356240589171648,-0.03481688071042299,-0.033771365880966187,-0.03241119720041752,-0.031229509972035885,0.031209415141641703,-0.018799678868139994,0.023048193490502144,0.024631019672218032,-0.04897875338792801,-0.03717455919831991,-0.019751116633415222,-0.0009669000282883644,0.012194967828691006,0.9678836985919921,0.00037635845586571055,7.498690845833712e-05,0.00037635845586571055,0.00027284598036203533,0.0003495559358270839,0.0004052177828270942,0.0004279096465324983,0.00043633651512209326,0.0009068864070706803,-0.0018290689651528924,0.02376962801840153,0.02007846868233863,-0.033474529162049294,-0.021104921586811543,-0.0022586232516914606,0.016923082061111927,0.029622914269566536,1.0,1.0000000001407046
AB,ele-fashion,43,visual,2,1,0.1610739529132843,-0.03394203979027093,0.0014825157316804556,0.03394203979027093,-0.03589438647031784,-0.03511027619242668,-0.034112611785531044,-0.03280644677579403,-0.0316877793520689,-0.11444337618782864,-0.06969804845865711,0.0038441477297862657,0.06969804845865711,-0.07255249843001366,-0.07212270237505436,-0.07114296033978462,-0.06894304975867271,-0.06448592990636826,1.0978364825879774,-0.0009647004284073682,0.0001922101166196777,0.0009647004284073682,-0.0011184390750713646,-0.0010968390270136297,-0.0010386740323156118,-0.0008959988772403449,-0.0006993721472099423,0.016606860872334563,0.5049874701055955,0.0032733547299947175,0.5049874701055955,0.5021278560161591,0.5031805634498596,0.5043132901191711,0.5053619742393494,0.508893221616745,1.0,0.9999999672724833
AB,ele-fashion,43,visual,3,1,0.1610739529132843,-0.036475775768231675,0.0009685349131872221,0.036475775768231675,-0.03773488663136959,-0.03723827935755253,-0.03660294972360134,-0.03574477322399616,-0.03498810902237892,-0.05662587216270176,-0.06981273141829994,0.004098156794984781,0.06981273141829994,-0.07266787812113762,-0.07225705869495869,-0.07135041058063507,-0.06891334615647793,-0.06517776474356651,1.037363916492694,-0.0012466670783133614,0.0002483900879577257,0.0012466670783133614,-0.001445341156795621,-0.0014174276147969067,-0.0013422620249912143,-0.0011578851554077119,-0.0009037875570356846,0.019261941164585034,-0.21734145119576842,0.0038607533854393967,0.21734145119576842,-0.22027630358934402,-0.21933645755052567,-0.2183951810002327,-0.21682413667440414,-0.21338342875242233,1.0,0.9999999854945772
V3,ele-fashion,43,text,0,1,0.14368221163749695,0.09699824881986391,0.00032334731274061274,0.09699824881986391,0.0965350791811943,0.09669984132051468,0.0970229022204876,0.0972982905805111,0.09741710126399994,-0.006122046024961407,0.05922832538875238,0.00045092024664953543,0.05922832538875238,0.05868765152990818,0.05902490485459566,0.059310272336006165,0.05953119229525328,0.059700069949030876,0.021419635931424107,0.010518338431294051,0.00365609028079283,0.010518338431294051,0.004870277596637607,0.008098813239485025,0.011786881368607283,0.013701342977583408,0.014099348336458206,0.9847023764086206,0.40367665385763674,0.003688551001257878,0.40367665385763674,0.39799898862838745,0.40123625099658966,0.4048846811056137,0.40680714696645737,0.4073472172021866,1.0,0.9999999663150833
V3,ele-fashion,43,text,1,1,0.14368221163749695,-0.032054569718072995,0.00011522617156505743,0.032054569718072995,-0.032202329486608505,-0.03216017410159111,-0.03206281363964081,-0.03194962348788977,-0.031891319900751114,-0.001248613381097907,-0.010937391114362642,0.037067721700123145,0.03275829965723613,-0.059869326651096344,-0.04118288401514292,-0.013257496990263462,0.01814749976620078,0.04313329979777336,1.0014760151790931,0.0001009995557055164,3.510663765302185e-05,0.0001009995557055164,4.6765548177063465e-05,7.776670645398553e-05,0.00011318040560581721,0.00013156351997167803,0.00013538525672629476,-0.00022740165936443202,-0.004803325037767824,0.03701292443497681,0.03143548571521316,-0.05365377850830555,-0.03503179643303156,-0.007106390781700611,0.024260468780994415,0.04916461743414402,1.0,1.0000000001386309
V3,ele-fashion,43,text,2,1,0.14368221163749695,-0.03173193523535206,0.0001245052186355797,0.03173193523535206,-0.03189324401319027,-0.0318470923230052,-0.03174131363630295,-0.03161731082946062,-0.03155415132641792,-0.0005460504115920189,-0.05486543413484912,0.001831733732819268,0.05486543413484912,-0.057015396654605865,-0.05626922659575939,-0.055096618831157684,-0.05382555164396763,-0.05241289176046848,0.5196598125014162,-0.005086583669246289,0.0017680557838406106,0.005086583669246289,-0.006818331079557538,-0.0066258590668439865,-0.005700040841475129,-0.003916521091014147,-0.002355226897634566,0.4808862358067372,0.5350689597085975,0.0025721545663321436,0.5350689597085975,0.5321063995361328,0.5331756621599197,0.534622073173523,0.5365466326475143,0.5387101769447327,1.0,0.9999999978965614
V3,ele-fashion,43,text,3,1,0.14368221163749695,-0.03321174382448618,8.524626117986816e-05,0.03321174382448618,-0.03332208842039108,-0.033290243707597256,-0.03321797028183937,-0.03313338477164507,-0.03309112973511219,0.0018321792497915722,-0.055491399294382675,0.0022959747348867336,0.055491399294382675,-0.05830109678208828,-0.05736717954277992,-0.055714718997478485,-0.05400342494249344,-0.05240742303431034,0.5930556053393035,-0.005532755059041657,0.0019231413899711575,0.005532755059041657,-0.007416403386741877,-0.0072070484748110175,-0.00620002206414938,-0.004260059678927064,-0.002561816480010748,0.40511219612572913,-0.18860397610894236,0.0029349952733189765,0.18860397610894236,-0.19215838611125946,-0.19076740369200706,-0.18898771703243256,-0.18684934824705124,-0.18455098569393158,1.0,0.9999999807148242
V3,ele-fashion,43,visual,0,1,0.16274523735046387,0.10969137595390514,0.0006599420660680168,0.10969137595390514,0.10902071744203568,0.10904477722942829,0.10941451042890549,0.1104876697063446,0.11059257388114929,0.027318277847939703,0.06895977672409487,0.00022325964781989746,0.06895977672409487,0.06868210807442665,0.06886646337807178,0.06900908425450325,0.06911010295152664,0.0691797323524952,-0.0002058073229740988,0.011122086752171514,0.003486166484408455,0.011122086752171514,0.005616203881800175,0.00913851149380207,0.01283246697857976,0.013854876160621643,0.013954316265881062,0.9728875083000957,0.4420213476608348,0.0035216171324335475,0.4420213476608348,0.4364944249391556,0.4400216042995453,0.44369710981845856,0.44437380880117416,0.44533778727054596,1.0,0.9999999788250613
V3,ele-fashion,43,visual,1,1,0.16274523735046387,-0.03593633763980298,0.0002466996830142784,0.03593633763980298,-0.03627176396548748,-0.03622755408287048,-0.0358380526304245,-0.03570040129125118,-0.03567953407764435,0.004401648629892308,-0.006927182345097423,0.030154875303028246,0.025321915072871553,-0.048062218353152275,-0.03036136832088232,-0.005543551174923778,0.014827010221779346,0.033843955025076866,0.9986057889601387,0.0031719241039224835,0.0009942248922907386,0.0031719241039224835,0.0016016933950595558,0.002606225199997425,0.003659709938801825,0.003951292484998703,0.003979651723057032,-0.0030074376057774494,0.01944266394552026,0.030179329811223416,0.029674179732935287,-0.021616113372147083,-0.004161028889939189,0.020822144113481045,0.041286319494247437,0.06054878421127796,1.0,0.9999999999842536
V3,ele-fashion,43,visual,2,1,0.16274523735046387,-0.03577663350803171,0.00026028884535981406,0.03577663350803171,-0.0361325703561306,-0.03609044849872589,-0.035667676478624344,-0.035524655133485794,-0.03551127947866917,-0.024713757455510646,-0.07847636022459997,0.002346022682834365,0.07847636022459997,-0.08039246872067451,-0.07999366894364357,-0.07923498004674911,-0.07782858610153198,-0.07558621093630791,0.5700002902339598,-0.006517482496122279,0.0020428746466170473,0.006517482496122279,-0.008177153766155243,-0.008118882775306702,-0.007519755978137255,-0.005355117842555046,-0.0032910649897530675,0.4547134589059159,0.48172275014630905,0.003040239213547924,0.48172275014630905,0.4786131829023361,0.4792266860604286,0.480992391705513,0.4834543243050575,0.48602232336997986,1.0,0.999999991684365
V3,ele-fashion,43,visual,3,1,0.16274523735046387,-0.03797840480016431,0.00015525973285092568,0.03797840480016431,-0.03819344751536846,-0.03816048242151737,-0.03791274502873421,-0.037834532558918,-0.037818701937794685,-0.00481675835905365,-0.06879245993991029,0.00988455952640686,0.06889919166413716,-0.07416687533259392,-0.07339346408843994,-0.07145772501826286,-0.06770935468375683,-0.06289083883166313,0.9399285379472857,-0.0077765276727023306,0.00243751651612379,0.0077765276727023306,-0.009756813757121563,-0.00968728493899107,-0.00897242035716772,-0.006389617919921875,-0.003926831763237715,0.0648882184146082,-0.22793368819788645,0.010212091035800218,0.22793368819788645,-0.23476025462150574,-0.23353799059987068,-0.2301422879099846,-0.22576675564050674,-0.22122003138065338,1.0,0.9999999980028402
V3.1,ele-fashion,43,text,0,0,0.0,0.0,0.0,0.0,0.0,0.0,0.0,0.0,0.0,0.0,0.0637283858496038,0.0003978653548063644,0.0637283858496038,0.06319040805101395,0.06356977298855782,0.06383522227406502,0.06400014087557793,0.06410815194249153,0.3555100356458501,0.0006229484550652516,0.0005517832118593259,0.0006229484550652516,0.00017520332767162472,0.0003097170774708502,0.0004512179148150608,0.0006945260247448459,0.0013852228876203299,0.6444898837874636,0.3115019342946413,0.0007112008455223471,0.3115019342946413,0.3107409179210663,0.311120867729187,0.3114306479692459,0.3117488920688629,0.3124093860387802,1.0,0.9999999194333138
V3.1,ele-fashion,43,text,1,0,0.0,0.0,0.0,0.0,0.0,0.0,0.0,0.0,0.0,0.0,-0.005967657848448133,0.036387947317529465,0.031225122798156618,-0.05508369021117687,-0.03539714217185974,-0.008415001444518566,0.024958282243460417,0.046369120478630066,1.0002265465941391,6.780091210175936e-05,6.005537813167126e-05,6.780091210175936e-05,1.906890611280687e-05,3.3709209674270824e-05,4.9109979954664595e-05,7.559132609458175e-05,0.00015076588897500187,-0.0002265469698323358,0.015476242510358918,0.03637965700517566,0.03237930546924239,-0.033650681376457214,-0.013955713016912341,0.01305367425084114,0.04640676733106375,0.06779339164495468,1.0,0.9999999996243067
V3.1,ele-fashion,43,text,2,0,0.0,0.0,0.0,0.0,0.0,0.0,0.0,0.0,0.0,0.0,-0.06804058588910916,0.0016519943878133276,0.06804058588910916,-0.0696159079670906,-0.06917258352041245,-0.0684794969856739,-0.06742788851261139,-0.06590211763978004,0.9686749872505889,-0.00031217048215697674,0.00027650832070790974,0.00031217048215697674,-0.0006941596511751413,-0.00034803926246240735,-0.0002261132758576423,-0.0001552046996948775,-8.779748532106169e-05,0.03132500455956378,0.5457052613916401,0.0016822375463876498,0.5457052613916401,0.5441142916679382,0.544560506939888,0.5452579259872437,0.5463120937347412,0.5478809475898743,1.0,0.9999999918101526
V3.1,ele-fashion,43,text,3,0,0.0,0.0,0.0,0.0,0.0,0.0,0.0,0.0,0.0,0.0,-0.06241122708398253,0.001905455060573684,0.06241122708398253,-0.06453124433755875,-0.0639433041214943,-0.0627504289150238,-0.06135350838303566,-0.05982095003128052,0.97749395969829,-0.000378578837590572,0.00033533022719621085,0.000378578837590572,-0.0008418289944529533,-0.0004220780319883488,-0.00027421458798926324,-0.00018822155834641308,-0.00010647473391145468,0.02250606405137696,-0.16800233046679977,0.001919412310550388,0.16800233046679977,-0.1700945869088173,-0.16951164230704308,-0.16838032752275467,-0.16694952547550201,-0.16539381444454193,1.0,1.000000023749667
V3.1,ele-fashion,43,visual,0,0,0.0,0.0,0.0,0.0,0.0,0.0,0.0,0.0,0.0,0.0,0.07263116050715303,0.00019981114020219652,0.07263116050715303,0.07236815989017487,0.07252838090062141,0.07266690954566002,0.0727766752243042,0.07284951955080032,0.24630666307019516,0.001949631783259827,0.00040395962115679794,0.001949631783259827,0.001371689373627305,0.001891698979306966,0.0021430186461657286,0.002184252778533846,0.002196944085881114,0.7536934078462802,0.33456299074685064,0.0004928780913783414,0.33456299074685064,0.33385540544986725,0.33437448740005493,0.3347300887107849,0.33490753173828125,0.3350037932395935,1.0,1.0000000709164754
V3.1,ele-fashion,43,visual,1,0,0.0,0.0,0.0,0.0,0.0,0.0,0.0,0.0,0.0,0.0,-0.014799374414776275,0.011360158149460214,0.01587908502089104,-0.029662766493856907,-0.022934775333851576,-0.014841869473457336,-0.00702637666836381,0.00011492904741317034,0.9974101744710921,0.0003921875119779089,8.126043089860521e-05,0.0003921875119779089,0.0002759287308435887,0.00038053376192692667,0.0004310891672503203,0.0004393838098621927,0.000441936805145815,0.002589825588600333,0.03317670603578393,0.011389402373154146,0.03317670603578393,0.01826025452464819,0.02501779980957508,0.03314621187746525,0.040973410941660404,0.04813535138964653,1.0,1.0000000000596925
V3.1,ele-fashion,43,visual,2,0,0.0,0.0,0.0,0.0,0.0,0.0,0.0,0.0,0.0,0.0,-0.07611362219767195,0.0018596892795697728,0.07611362219767195,-0.07747148722410202,-0.07721773162484169,-0.0767747312784195,-0.07580175250768661,-0.07391176000237465,0.947572196204544,-0.0010426672469122066,0.00021603846928891252,0.0010426672469122066,-0.0011749304248951375,-0.0011681430332828313,-0.001146090915426612,-0.0010116847115568817,-0.0007335823902394623,0.052427788146601435,0.521335558192326,0.0019522859356055566,0.521335558192326,0.5198985934257507,0.5201503187417984,0.5206376612186432,0.5216765254735947,0.5237529575824738,1.0,0.9999999843511455
V3.1,ele-fashion,43,visual,3,0,0.0,0.0,0.0,0.0,0.0,0.0,0.0,0.0,0.0,0.0,-0.07774503474415216,0.002223622151766168,0.07774503474415216,-0.07932974770665169,-0.0790618248283863,-0.07856351882219315,-0.07729841023683548,-0.07521233707666397,0.9465729391543811,-0.0012991518945097967,0.00026918155106024486,0.0012991518945097967,-0.0014639503206126392,-0.0014554933295585215,-0.0014280166942626238,-0.0012605479278136045,-0.0009140355687122792,0.053427048173364425,-0.20481536650517188,0.00233557640262716,0.20481536650517188,-0.20649825036525726,-0.20622142404317856,-0.20568086206912994,-0.20431480184197426,-0.20208097994327545,1.0,0.9999999873277455
B,ele-fashion,44,text,0,1,0.14718765020370483,0.09937395350164907,0.0019007617093793924,0.09937395350164907,0.09688951075077057,0.09786768443882465,0.09917864203453064,0.10122243873775005,0.10189756751060486,0.2478784124682925,0.06169327095809692,0.00023532545836777685,0.06169327095809692,0.06139533221721649,0.06158713810145855,0.06174525246024132,0.0618570726364851,0.06192959472537041,0.007535699958908782,0.013713106694792553,0.003583574006140932,0.013713106694792553,0.008054809179157019,0.012846764409914613,0.01567173656076193,0.015955476090312004,0.015959521755576134,0.7445858986800273,0.4178468506925223,0.004350111692803892,0.4178468506925223,0.411477655172348,0.41611848771572113,0.41847021877765656,0.4215083494782448,0.42260242998600006,1.0,1.0000000111072287
B,ele-fashion,44,text,1,1,0.14718765020370483,-0.0328448337314143,0.0006762074246675895,0.0328448337314143,-0.033740025013685226,-0.033501800149679184,-0.03278042748570442,-0.03231047187000513,-0.03195846453309059,-0.010209563507274217,-0.01677224984314122,0.03857159058729677,0.03419464173142587,-0.07296647876501083,-0.050575438886880875,-0.012539261486381292,0.015153908403590322,0.03341381251811981,1.0093117271729257,-0.0021797909689158963,0.0005696333039573803,0.0021797909689158963,-0.002536873798817396,-0.002536230720579624,-0.0024911282816901803,-0.0020420800428837538,-0.0012803663266822696,0.0008978389680446633,-0.011167886184571327,0.038205715750981445,0.03281412001227307,-0.06693609431385994,-0.0448271781206131,-0.006700742058455944,0.02049239305779338,0.03847665339708328,1.0,1.0000000026336962
B,ele-fashion,44,text,2,1,0.14718765020370483,-0.03255072148185306,0.0007225370977732108,0.03255072148185306,-0.033512406051158905,-0.033254342153668404,-0.0324726440012455,-0.03197585418820381,-0.031608378514647484,0.005780851809068249,-0.040673725926618394,0.0033791940358751773,0.040673725926618394,-0.04456235654652119,-0.04309294745326042,-0.04124702699482441,-0.03874630015343428,-0.03599337860941887,0.8233639381549388,-0.005575320475283332,0.0014569691587967505,0.005575320475283332,-0.006488642189651728,-0.006486997473984957,-0.006371638039126992,-0.005223092739470303,-0.0032748335506767035,0.17085506978467924,0.5473078043491134,0.003609244086595545,0.5473078043491134,0.5430790185928345,0.5447337329387665,0.5468420386314392,0.5493987798690796,0.552117109298706,1.0,0.9999998597486863
B,ele-fashion,44,text,3,1,0.14718765020370483,-0.03397839836239903,0.0005024010237717921,0.03397839836239903,-0.03464576229453087,-0.03446750529110432,-0.03392752446234226,-0.03358124289661646,-0.03332113102078438,-0.04408500264425432,-0.0537396861806343,0.00718446886730867,0.0537396861806343,-0.060354165732860565,-0.058924552984535694,-0.05634920299053192,-0.05074817407876253,-0.04177508503198624,1.0492011404298558,-0.005957995736032983,0.0015569716731857566,0.005957995736032983,-0.00693400576710701,-0.006932247895747423,-0.006808970356360078,-0.005581591976806521,-0.0034996094182133675,-0.005116155445381923,-0.18902610710773482,0.006657397283040466,0.18902610710773482,-0.19558969140052795,-0.19389693811535835,-0.1910826489329338,-0.1860223449766636,-0.17834418267011642,1.0,0.9999999823402196
B,ele-fashion,44,visual,0,1,0.16027501225471497,0.10677035011355224,0.003856324654883098,0.10677035011355224,0.10029098764061928,0.10451502539217472,0.10768447443842888,0.10968734882771969,0.11114657297730446,0.4481715354289507,0.07493920524011737,0.0006616655889392898,0.07493920524011737,0.07411451265215874,0.07479388453066349,0.07515567168593407,0.07535238564014435,0.0754544734954834,-0.04245448544661702,0.012110277438750034,0.003969271479962379,0.012110277438750034,0.00594675075262785,0.009693428175523877,0.013593283481895924,0.015530763659626245,0.015722932294011116,0.5942829435748084,0.4486914396223825,0.004255026308500564,0.4486914396223825,0.4433872848749161,0.44573068618774414,0.4487522095441818,0.4521009773015976,0.4541666507720947,1.0,0.9999999935571421
B,ele-fashion,44,visual,1,1,0.16027501225471497,-0.03514429865722714,0.0013949875979811265,0.03514429865722714,-0.03672685846686363,-0.03619856480509043,-0.03547651879489422,-0.03432958945631981,-0.032800767570734024,0.006984230452117164,-0.018890001828100998,0.03735674684515749,0.03485773128628394,-0.06515086442232132,-0.04722786322236061,-0.02172698639333248,0.0061682239174842834,0.0328671894967556,0.9952195597055838,0.0021053569636993483,0.0006900530063677398,0.0021053569636993483,0.001033835404086858,0.0016851906839292496,0.002363175735808909,0.0027000042609870434,0.002733412547968328,-0.002203789401310785,-0.00909309327548647,0.03749512952274125,0.031852703900548694,-0.056190406903624535,-0.0376307126134634,-0.011273188516497612,0.01643315562978387,0.04217208921909332,1.0,1.0000000007563903
B,ele-fashion,44,visual,2,1,0.16027501225471497,-0.03484730815485849,0.0014709573885286079,0.03484730815485849,-0.03652568534016609,-0.0359610952436924,-0.035189688205718994,-0.03397740051150322,-0.032382551580667496,-0.08050753490834443,-0.06940073700939856,0.002516412605192041,0.06940073700939856,-0.07172015309333801,-0.07118324004113674,-0.07021793723106384,-0.06829746812582016,-0.06604613736271858,0.5933970269938966,-0.006639361741397261,0.002176121012039304,0.006639361741397261,-0.008619970642030239,-0.008514615707099438,-0.007452407851815224,-0.005314343725331128,-0.0032602580031380057,0.4871105115797013,0.4994246974083551,0.002957226669227647,0.4994246974083551,0.4963230490684509,0.4975161850452423,0.49867817759513855,0.5009258389472961,0.5036298036575317,1.0,1.0000000036652534
B,ele-fashion,44,visual,3,1,0.16027501225471497,-0.03677874330079979,0.0009907541517519647,0.03677874330079979,-0.03789389505982399,-0.037526934407651424,-0.03702108934521675,-0.036209095269441605,-0.035109786316752434,-0.1002192887268521,-0.05793088930376549,0.004647909946846199,0.05793088930376549,-0.06203874945640564,-0.06126345880329609,-0.05952976271510124,-0.056107956916093826,-0.051354341208934784,0.8405854372105566,-0.007576272662032175,0.002483203473750434,0.007576272662032175,-0.009836374316364527,-0.009716152213513851,-0.008504051249474287,-0.00606427516322583,-0.003720328095369041,0.25963384445646176,-0.20771023491436558,0.004871129877324087,0.20771023491436558,-0.21242833882570267,-0.21147803962230682,-0.20903918147087097,-0.20514800399541855,-0.20082412660121918,1.0,0.9999999929401662
AB,ele-fashion,44,text,0,1,0.15385590493679047,0.10459026974340428,0.0014322596138387027,0.10459026974340428,0.10252895951271057,0.10364944860339165,0.10483893007040024,0.1056723054498434,0.10624092072248459,0.6177219716942045,0.07130226181578493,0.0006419090913105278,0.07130226181578493,0.07044667750597,0.07113626226782799,0.0715307705104351,0.071709755808115,0.0718093141913414,0.032530303713436785,0.0014262733512127302,0.0009730308632516383,0.0014262733512127302,0.0004345588095020503,0.0008206905913539231,0.0012346287840045989,0.0016997855564113706,0.0027140375459566712,0.3497477373951066,0.4389879638028316,0.0016548069244085885,0.4389879638028316,0.43688881397247314,0.43790486454963684,0.4389646649360657,0.4400155022740364,0.441052183508873,1.0,1.000000012802748
AB,ele-fashion,44,text,1,1,0.15385590493679047,-0.03449493989235166,0.0005218589939840117,0.03449493989235166,-0.03509547561407089,-0.03488914016634226,-0.03458581492304802,-0.034153902903199196,-0.03374175354838371,-0.0063072183973242515,-0.004823496822323941,0.04444240791654594,0.03801697784098257,-0.07071293145418167,-0.04479846823960543,0.004881704458966851,0.03234609216451645,0.04769629240036011,1.006300517445692,0.00026961072764179224,0.00018393357684380057,0.00026961072764179224,8.214534318540245e-05,0.00015513645485043526,0.0002333838419872336,0.00032131318585015833,0.0005130388308316469,6.699836963727805e-06,0.005065089451870999,0.044161591279374836,0.03903102897663408,-0.06034106761217117,-0.034622606821358204,0.014565644320100546,0.0420051496475935,0.057334957644343376,1.0,0.9999999988853315
AB,ele-fashion,44,text,2,1,0.15385590493679047,-0.03427678189591469,0.000546818083407209,0.03427678189591469,-0.034908879548311234,-0.034690313041210175,-0.034370532259345055,-0.03391563147306442,-0.03349067084491253,0.054135713767365895,-0.05516983900704116,0.0025526824646309194,0.05516983900704116,-0.057976214215159416,-0.05706487316638231,-0.05564875528216362,-0.053768012672662735,-0.05180211737751961,0.9200045609904933,-0.0006479669248420858,0.0004420553848313966,0.0006479669248420858,-0.0012330081081017852,-0.0007722256414126605,-0.0005609013023786247,-0.00037284602876752615,-0.00019742340373340994,0.025859786145063544,0.5191622161632098,0.002678675244878934,0.5191622161632098,0.5161679983139038,0.5171752721071243,0.5187013149261475,0.5206765532493591,0.5226945281028748,1.0,1.0000000609029227
AB,ele-fashion,44,text,3,1,0.15385590493679047,-0.03581854797620953,0.00036400862553648386,0.03581854797620953,-0.036236874759197235,-0.036094880662858486,-0.035883037373423576,-0.03557901829481125,-0.0352952741086483,-0.018695493732465776,-0.06249697810895163,0.004629548943150877,0.06249697810895163,-0.06679635122418404,-0.06575200892984867,-0.06400706246495247,-0.06094113923609257,-0.055174445733428,0.9893210237197391,-0.0010479170399105453,0.0007149089757335754,0.0010479170399105453,-0.0019940680358558893,-0.0012488729553297162,-0.0009071111853700131,-0.000602980944677256,-0.00031928071985021234,0.029374463243194593,-0.20921999652509402,0.004610025472074499,0.20921999652509402,-0.21352769434452057,-0.21244872361421585,-0.21065016835927963,-0.20758917182683945,-0.20203287154436111,1.0,0.9999999932304678
AB,ele-fashion,44,visual,0,1,0.17758196592330933,0.11474506617512394,0.004220103346401627,0.11474506617512394,0.10777415335178375,0.11250674724578857,0.11604759842157364,0.11787368357181549,0.11899276450276375,1.0594225950449994,0.08490989482809083,0.000892323547898771,0.08490989482809083,0.08381656557321548,0.08474109508097172,0.08524256572127342,0.0854466911405325,0.08553390204906464,-0.06902019599951856,0.001889867459446295,0.0006475637797599856,0.001889867459446295,0.0009364259312860668,0.001528078457340598,0.0020192209631204605,0.0023773605353198946,0.0025811631930992007,0.009597582624289908,0.4799896251607092,0.0038547621536476097,0.4799896251607092,0.47364674508571625,0.4779984951019287,0.48112262785434723,0.48279111832380295,0.4839278608560562,1.0,0.9999999816697707
AB,ele-fashion,44,visual,1,1,0.17758196592330933,-0.03749162805467735,0.001547311618805547,0.03749162805467735,-0.03905593976378441,-0.03863916639238596,-0.03796756826341152,-0.03667032718658447,-0.034932203590869904,0.011006694928673094,-0.009028458456640643,0.04222108381625164,0.03644674310571433,-0.060964539647102356,-0.041874272748827934,-0.013957771472632885,0.022215633187443018,0.050635071471333504,0.9891662134304902,0.0008576480261281384,0.00029387341116624027,0.0008576480261281384,0.00042496305832173675,0.0006934631383046508,0.0009163504582829773,0.0010788791405502707,0.001171367650385946,-0.00017290795363212867,0.01878311669632372,0.04265527327170995,0.03691260404247532,-0.03382720611989498,-0.014429694972932339,0.014055189210921526,0.050139373168349266,0.07890843600034714,1.0,1.0000000004055312
AB,ele-fashion,44,visual,2,1,0.17758196592330933,-0.03756282711330136,0.0015381870656677803,0.03756282711330136,-0.03911800496280193,-0.03870593290776014,-0.03803475387394428,-0.03674236498773098,-0.035021547228097916,0.847200812322984,-0.08973214821048847,0.0007136812669608038,0.08973214821048847,-0.0903901755809784,-0.090235635638237,-0.08993224054574966,-0.08946621417999268,-0.08880326524376869,0.112424536421311,-0.001080309920885413,0.00037016859121061766,0.001080309920885413,-0.0014754771837033331,-0.0013589769077952951,-0.0011542526772245765,-0.0008734994917176664,-0.000535291648702696,0.040374694084347296,0.45654464437998254,0.0015597495388705552,0.45654464437998254,0.45468875765800476,0.45534899830818176,0.4562869518995285,0.45759380608797073,0.4588804841041565,1.0,1.0000000428286424
AB,ele-fashion,44,visual,3,1,0.17758196592330933,-0.03969061101804301,0.0011355051370454023,0.03969061101804301,-0.04082500748336315,-0.04053199291229248,-0.0400466863065958,-0.039100111462175846,-0.0378149189054966,0.2774387826243705,-0.07896209074677328,0.0014038583923272612,0.07896209074677328,-0.08011974021792412,-0.0798959881067276,-0.07947259396314621,-0.0785243771970272,-0.07711045816540718,0.5981477153782396,-0.0016672056507730372,0.0005712686291672382,0.0016672056507730372,-0.0022770537761971354,-0.002097262942697853,-0.0017813189188018441,-0.0013480421621352434,-0.0008260973845608532,0.12441340424896036,-0.2529614314417403,0.0015522569617961676,0.2529614314417403,-0.2548385560512543,-0.2541353330016136,-0.2530908137559891,-0.25199509412050247,-0.25102537870407104,1.0,0.9999999022515704
V3,ele-fashion,44,text,0,1,0.14609301090240479,0.09845809508275472,0.000285275928276954,0.09845809508275472,0.09809942170977592,0.09819860570132732,0.09843014925718307,0.09869111143052578,0.0988726019859314,-0.006515993727795648,0.05987035779118717,0.00034930096035515465,0.05987035779118717,0.05941743403673172,0.059680054895579815,0.059925634413957596,0.060131313279271126,0.060261813923716545,0.022667415286960847,0.00957077880481497,0.004294219798639366,0.00957077880481497,0.003232504823245108,0.006086646928451955,0.010228513740003109,0.013577810488641262,0.0147610604763031,0.9838485867254922,0.41216028788094483,0.004341558948443398,0.41216028788094483,0.4057687520980835,0.408631406724453,0.41279539465904236,0.416144423186779,0.4173399955034256,1.0,1.0000000082846574
V3,ele-fashion,44,text,1,1,0.14609301090240479,-0.03243291010053277,0.0001046430047259961,0.03243291010053277,-0.03258252516388893,-0.03251646086573601,-0.03242217004299164,-0.03233989700675011,-0.03230302222073078,-0.0012373946955611696,-0.002584509577896611,0.02782771596757677,0.023672526538710395,-0.04171397164463997,-0.026978880167007446,0.0005664170603267848,0.019451769534498453,0.0334673710167408,1.0044644170611299,0.0006805080057758329,0.00030533052849669875,0.0006805080057758329,0.0002298397448612377,0.0004327769056544639,0.0007272747170645744,0.0009654187015257776,0.001049550890456885,-0.003227022787677567,0.014248611265752376,0.027702276788158398,0.026652701949675582,-0.024728620424866676,-0.010034871520474553,0.017442967742681503,0.03612073604017496,0.05009667947888374,1.0,0.9999999995778911
V3,ele-fashion,44,text,2,1,0.14609301090240479,-0.03224433169759286,0.00010862858434413523,0.03224433169759286,-0.032401859760284424,-0.0323329521343112,-0.03223402053117752,-0.03214595094323158,-0.032107941806316376,-0.009821542865267359,-0.05890194603721121,0.002385283423674254,0.05890194603721121,-0.0614144429564476,-0.06063600163906813,-0.059487657621502876,-0.05770476534962654,-0.05547984503209591,0.5328028234090304,-0.004972259004496903,0.002230954608019724,0.004972259004496903,-0.00766874011605978,-0.007054012268781662,-0.005313968984410167,-0.003162165347021073,-0.0016793671529740095,0.47701871474932395,0.5285840361131925,0.0034534605514910536,0.5285840361131925,0.5245908200740814,0.5258887708187103,0.5280472636222839,0.5306972116231918,0.5333695113658905,1.0,0.999999995293087
V3,ele-fashion,44,text,3,1,0.14609301090240479,-0.03378085326953984,7.39801221989446e-05,0.03378085326953984,-0.03388745151460171,-0.033841817639768124,-0.0337743628770113,-0.03371466789394617,-0.033688636496663094,-0.006015631311289562,-0.05622202354222045,0.0031826257069541646,0.05622202354222045,-0.059381045401096344,-0.05847775936126709,-0.05704005807638168,-0.054844651371240616,-0.051985492929816246,0.6452617690168849,-0.005279028075909095,0.0023685958433245814,0.005279028075909095,-0.00814187154173851,-0.007489217445254326,-0.0056418199092149734,-0.003357258625328541,-0.0017829775460995734,0.3607538495673897,-0.1912169366377813,0.003969426266299306,0.1912169366377813,-0.1957717165350914,-0.1942543387413025,-0.19186030328273773,-0.1888650804758072,-0.18575504422187805,1.0,0.9999999872729851
V3,ele-fashion,44,visual,0,1,0.15952752530574799,0.10735081436068208,0.0005773483983321274,0.10735081436068208,0.10680801421403885,0.10683705471456051,0.10708250850439072,0.10789008624851704,0.10830404236912727,-0.056441043603376005,0.07177399221179838,0.001992602783006968,0.07177399221179838,0.06963739171624184,0.07164946012198925,0.07251851633191109,0.07283253222703934,0.07297445088624954,0.21978162596215545,0.011449260687263547,0.0037200650043813627,0.011449260687263547,0.005697916494682431,0.009170196484774351,0.01283043809235096,0.01464740838855505,0.014848328195512295,0.8366594220005449,0.4443792575892598,0.004045608759977262,0.4443792575892598,0.4383120983839035,0.44174277782440186,0.445550337433815,0.44796764105558395,0.4483882486820221,1.0,1.0000000043593242
V3,ele-fashion,44,visual,1,1,0.15952752530574799,-0.03529781347313167,0.00021091217526618194,0.03529781347313167,-0.03564119525253773,-0.0354942986741662,-0.03520418517291546,-0.035114883445203304,-0.03509463556110859,0.004647365941624162,-0.011807514869719428,0.026117311473952326,0.024050164454054158,-0.045731933787465096,-0.032646460458636284,-0.013129087164998055,0.00839935033582151,0.024871712550520897,0.9855755652496004,0.003504317655904854,0.001138614084742468,0.003504317655904854,0.0017439824296161532,0.0028067559469491243,0.0039270599372684956,0.004483186639845371,0.004544682800769806,0.009777068893305355,0.013356073997015898,0.026474093858640843,0.02412775641727373,-0.02112643141299486,-0.007853686576709151,0.012241708114743233,0.033834884874522686,0.05042500048875809,1.0,1.00000000008453
V3,ele-fashion,44,visual,2,1,0.15952752530574799,-0.034919723964049576,0.0002306063085805874,0.034919723964049576,-0.03529983200132847,-0.03513474389910698,-0.034813614562153816,-0.0347164124250412,-0.034702083095908165,-0.02156319502137835,-0.06753392020278949,0.006710376147653483,0.06753392020278949,-0.07241810858249664,-0.07176477275788784,-0.07037721946835518,-0.06635060161352158,-0.057303858920931816,0.9164834264295934,-0.0068775502793399605,0.0022346363488362424,0.0068775502793399605,-0.008919363841414452,-0.008798671886324883,-0.00770722096785903,-0.005508520291186869,-0.0034227281576022506,0.10507975069987668,0.4990857802141689,0.006949633088414002,0.4990857802141689,0.4928000569343567,0.49384963512420654,0.4968341290950775,0.5018265396356583,0.5095483660697937,1.0,0.9999999821080917
V3,ele-fashion,44,visual,3,1,0.15952752530574799,-0.037133276890121594,0.00013818868646193615,0.037133276890121594,-0.037360552698373795,-0.03726121783256531,-0.03707022964954376,-0.03701667208224535,-0.03700036182999611,-0.013148076849344563,-0.059000894396377984,0.005273191821792638,0.059000894396377984,-0.06344017386436462,-0.06261895596981049,-0.060911428183317184,-0.05740928929299116,-0.0511509757488966,0.8018522630483824,-0.00807602782534761,0.0026240426612720484,0.00807602782534761,-0.010473646223545074,-0.010331923142075539,-0.009050276130437851,-0.006468431791290641,-0.00401917053386569,0.2112958199428846,-0.21315577733712518,0.005908001468096116,0.21315577733712518,-0.21929901093244553,-0.21795852109789848,-0.21451963484287262,-0.20996829122304916,-0.20477230101823807,1.0,1.0000000061419225
V3.1,ele-fashion,44,text,0,0,0.0,0.0,0.0,0.0,0.0,0.0,0.0,0.0,0.0,0.0,0.07033357115871394,0.0001789103283850478,0.07033357115871394,0.07009591534733772,0.0702371746301651,0.07036548852920532,0.07046487927436829,0.0705314464867115,0.11708254422883352,0.000535402976292246,0.0005338160042236197,0.000535402976292246,0.00014629849465563893,0.00025047347298823297,0.00035318655136507004,0.0005579493299592286,0.0012703542597591877,0.8829176568516018,0.32628042025035986,0.0005747119197242334,0.32628042025035986,0.32578936219215393,0.32594964653253555,0.3261313736438751,0.3263704478740692,0.32705608010292053,1.0,1.0000002010804354
V3.1,ele-fashion,44,text,1,0,0.0,0.0,0.0,0.0,0.0,0.0,0.0,0.0,0.0,0.0,-0.01634191104824079,0.026152039356494357,0.023263017151254662,-0.055909302085638046,-0.038051371462643147,-0.009498338215053082,0.004993906710296869,0.013145905453711748,1.0000468965563778,1.3153617476412726e-05,1.3114629225848124e-05,1.3153617476412726e-05,3.594216991587018e-06,6.153555887067341e-06,8.676979177835165e-06,1.3707529205930769e-05,3.120967448921874e-05,-4.689671997573039e-05,0.01698878241643854,0.026150809713981347,0.02740202171580163,-0.02258226927369833,-0.004718285519629717,0.0238222423940897,0.038321119733154774,0.046473488211631775,1.0,0.9999999998364021
V3.1,ele-fashion,44,text,2,0,0.0,0.0,0.0,0.0,0.0,0.0,0.0,0.0,0.0,0.0,-0.060632172027133384,0.0009610493332088486,0.060632172027133384,-0.06172173470258713,-0.061415412463247776,-0.06078028306365013,-0.06006142869591713,-0.05936927907168865,0.961041539581191,-0.0002365756983824816,0.00023587447153139567,0.0002365756983824816,-0.0005613247631117702,-0.0002465381330694072,-0.0001560606833663769,-0.00011067538980569225,-6.46441476419568e-05,0.038958345564289724,0.5519777460708226,0.000970218531744246,0.5519777460708226,0.5508992373943329,0.5512073040008545,0.5518211424350739,0.5525556206703186,0.5532519221305847,1.0,0.9999998851454807
V3.1,ele-fashion,44,text,3,0,0.0,0.0,0.0,0.0,0.0,0.0,0.0,0.0,0.0,0.0,-0.06793760148386128,0.0012599492693632505,0.06793760148386128,-0.06927935779094696,-0.06889888271689415,-0.06818647682666779,-0.06731754541397095,-0.06634115800261497,0.9483323505737533,-0.0003119809422894893,0.0003110562090032179,0.0003119809422894893,-0.0007402392802760005,-0.00032511876634089276,-0.0002058028767351061,-0.0001459516497561708,-8.524857912561856e-05,0.051667669597708264,-0.17655564759483636,0.0012893845164397347,0.17655564759483636,-0.17787713557481766,-0.1775081567466259,-0.17681626975536346,-0.1759403683245182,-0.17491622269153595,1.0,1.0000000201714616
V3.1,ele-fashion,44,visual,0,0,0.0,0.0,0.0,0.0,0.0,0.0,0.0,0.0,0.0,0.0,0.07201448002295509,0.00015878705793336006,0.07201448002295509,0.07179674878716469,0.07194487936794758,0.07205864787101746,0.07212460786104202,0.07216813787817955,0.5716288337611154,0.0017527357728028012,0.0001389227004582299,0.0017527357728028012,0.0016775202238932252,0.0017600933788344264,0.001791547518223524,0.0018081761663779616,0.0018184813670814037,0.4283714203555943,0.3371410078321432,0.00020317756438566878,0.3371410078321432,0.3368849754333496,0.33705461025238037,0.3371925801038742,0.33728131651878357,0.3373359143733978,1.0,1.0000002541167097
V3.1,ele-fashion,44,visual,1,0,0.0,0.0,0.0,0.0,0.0,0.0,0.0,0.0,0.0,0.0,-0.020391840545908257,0.035877553776492425,0.03614616551248289,-0.060827430337667465,-0.05104977358132601,-0.028491050004959106,0.0066047292202711105,0.03448686562478542,1.0001129765938637,0.00011991210093616398,9.504292136376314e-06,0.00011991210093616398,0.00011476628787931986,0.00012041546870023012,0.00012256737682037055,0.00012370501644909382,0.00012441003491403535,-0.00011297620435586111,0.03539148584807891,0.03587349988069542,0.037810856747081685,-0.005041461670771241,0.004737625480629504,0.02729454543441534,0.06239240989089012,0.09027015790343285,1.0,1.0000000003895078
V3.1,ele-fashion,44,visual,2,0,0.0,0.0,0.0,0.0,0.0,0.0,0.0,0.0,0.0,0.0,-0.0740485351230989,0.0006578678987470298,0.0740485351230989,-0.07476803660392761,-0.07458554208278656,-0.07417462766170502,-0.07366946525871754,-0.07315809279680252,0.9747525023278052,-0.0009029218063237467,7.15660271164196e-05,0.0009029218063237467,-0.0009367906604893506,-0.0009314819471910596,-0.0009229156421497464,-0.0009067120990948752,-0.0008641745371278375,0.02524781486036799,0.5313423406897816,0.0006711274568580892,0.5313423406897816,0.5306077003479004,0.5307931303977966,0.5312135517597198,0.5317319631576538,0.5322512984275818,1.0,1.0000003171881733
V3.1,ele-fashion,44,visual,3,0,0.0,0.0,0.0,0.0,0.0,0.0,0.0,0.0,0.0,0.0,-0.06533520791089845,0.0009976768516123762,0.06533520791089845,-0.06630968675017357,-0.06605545803904533,-0.06556564569473267,-0.06493500806391239,-0.06413182243704796,0.9972943426976344,-0.0009697261492843144,7.686097213210858e-05,0.0009697261492843144,-0.0010061008506454527,-0.0010003993520513177,-0.0009911992819979787,-0.0009737968357512727,-0.0009281120728701353,0.0027056715294805165,-0.17960820055299598,0.0009974140819352267,0.17960820055299598,-0.18059572577476501,-0.18033508956432343,-0.17982439696788788,-0.1791994273662567,-0.178409643471241,1.0,1.0000000142271148
B,Reddit-S,42,text,0,1,0.12036874890327454,0.0808430859638345,0.001022510763788754,0.0808430859638345,0.0793718732893467,0.0800948478281498,0.08093250170350075,0.08166223578155041,0.08216157928109169,-0.03169833029510724,-0.0038641233769520053,0.029680758700913565,0.026397978244170863,-0.04220752455294132,-0.030865132808685303,-0.0067607013043016195,0.023413124959915876,0.038709127157926564,0.9951711145384048,0.00778831863887509,0.003780885526753294,0.00778831863887509,0.002895607380196452,0.004968577064573765,0.0074980370700359344,0.010565416887402534,0.013374093640595676,0.036527215326605154,0.269521354815188,0.029583622357480386,0.269521354815188,0.23042578399181365,0.2429504431784153,0.26763518154621124,0.2965848371386528,0.3108358919620514,1.0,0.9999999995699027
B,Reddit-S,42,text,1,1,0.12036874890327454,-0.026326888318806304,0.00040042979595253543,0.026326888318806304,-0.02684387695044279,-0.02664730977267027,-0.02636132948100567,-0.02603310067206621,-0.025751358456909658,-0.012354775211145017,-0.005370366946681647,0.025509894048295536,0.022818666107578784,-0.03918469846248627,-0.029302703216671944,-0.006750850006937981,0.017691765911877155,0.02965768519788981,0.9989710139331087,-0.002306458048019559,0.0011196837534982857,0.002306458048019559,-0.003960647573694587,-0.0031288769096136093,-0.0022204930428415537,-0.0014714106218889356,-0.0008575146202929318,0.013383760165169761,0.05816955014092235,0.025511001189348598,0.05816955014092235,0.02471322063356638,0.03423674125224352,0.056553684175014496,0.08128017000854015,0.09345491454005242,1.0,0.9999999988871334
B,Reddit-S,42,text,2,1,0.12036874890327454,-0.02664669475147724,0.0003699240433851006,0.02664669475147724,-0.027124159410595892,-0.02694309363141656,-0.026678546331822872,-0.026375234592705965,-0.026114806532859802,-0.016480842171245475,-0.008691964281003994,0.017057634517370385,0.016476779020903713,-0.02983335219323635,-0.024215016048401594,-0.010742145124822855,0.00428618339356035,0.01702618170529604,0.994504891715369,-0.0023013716614558315,0.0011172145380571302,0.0023013716614558315,-0.003951913304626941,-0.0031219767406582832,-0.002215596381574869,-0.0014681657776236534,-0.0008556235698051751,0.021975946026713215,0.6470471663911253,0.017114862498523092,0.6470471663911253,0.6262088060379029,0.6316796392202377,0.6448380947113037,0.659834697842598,0.6728976488113403,1.0,0.9999999955708367
B,Reddit-S,42,text,3,1,0.12036874890327454,-0.027869502930817917,0.00025216333046866477,0.027869502930817917,-0.028193442896008492,-0.02807159535586834,-0.027892636135220528,-0.027685544919222593,-0.02750594336539507,-0.004615912887791649,-0.012209916367557068,0.04342882109206317,0.039703487693228935,-0.06721787303686141,-0.05437565129250288,-0.016433898359537125,0.02708621136844158,0.05120115242898465,0.994832282480555,-0.003180489734922724,0.001543987626502298,0.003180489734922724,-0.005461534159258008,-0.0043145641684532166,-0.0030619484605267644,-0.002029001247137785,-0.0011824695393443108,0.009783630876478239,-0.0815612800645377,0.04362798315063053,0.08156567456292468,-0.13611231595277787,-0.1240239143371582,-0.08616375178098679,-0.04213069938123226,-0.017376192286610602,1.0,1.0000000004692415
B,Reddit-S,42,visual,0,1,0.1167813390493393,0.0782554063683968,0.0012116836826875366,0.0782554063683968,0.07662737369537354,0.0774015560746193,0.07817600667476654,0.07919535413384438,0.07982395589351654,-0.0872205127312301,0.018893392505848025,0.010484533576791528,0.020332526918399593,0.0039392180275172,0.015333715826272964,0.023831193335354328,0.02580245304852724,0.02675061505287886,0.9090876885927008,0.006759265567885209,0.003885036347999394,0.006759265567885209,0.0016880552284419537,0.003299947362393141,0.006354395300149918,0.010785824386402965,0.012006925046443939,0.17813295545737232,0.290099280972488,0.010803108401493247,0.290099280972488,0.2748822599649429,0.28728774935007095,0.29266273975372314,0.29721901565790176,0.30095050036907195,1.0,1.0000001313188431
B,Reddit-S,42,visual,1,1,0.1167813390493393,-0.02566434715819296,0.0004523515927835655,0.02566434715819296,-0.02625039629638195,-0.026014890521764755,-0.025634118355810642,-0.025345278903841972,-0.02505740486085415,-0.06197821760790051,-0.021762634933662425,0.00500062163550844,0.021826475090049858,-0.025183086469769477,-0.024600237607955933,-0.02332349307835102,-0.02093788655474782,-0.017584468796849242,0.9690050127703282,-0.002131871509378922,0.0012253399777167888,0.002131871509378922,-0.003786982619203627,-0.003401847672648728,-0.0020041754469275475,-0.001040802919305861,-0.0005324124358594418,0.09297322000417182,0.0396322627555721,0.005010561189874581,0.0396322627555721,0.0353561170399189,0.03670805227011442,0.03859984315931797,0.04090763535350561,0.0436257891356945,1.0,1.0000000151665995
B,Reddit-S,42,visual,2,1,0.1167813390493393,-0.025865111051063327,0.00042936897030391194,0.025865111051063327,-0.02642115280032158,-0.02619803138077259,-0.025836699642241,-0.02556241862475872,-0.025288468413054942,-0.08860719006696652,-0.015305612719911583,0.003307275175680007,0.015305612719911583,-0.018267115764319896,-0.017710698302835226,-0.01611241791397333,-0.014503723941743374,-0.009527319483458996,0.9440515085062788,-0.002347267105473561,0.0013491433263493374,0.002347267105473561,-0.004169603856280446,-0.003745556343346834,-0.0022066691890358925,-0.0011459614615887403,-0.0005862051621079445,0.14455648442702518,0.6391092688238994,0.003217620323239403,0.6391092688238994,0.6357315361499787,0.6368426829576492,0.6385301053524017,0.6404243558645248,0.6431690633296967,1.0,1.0000008028663374
B,Reddit-S,42,visual,3,1,0.1167813390493393,-0.0267259478297146,0.0003299681860269131,0.0267259478297146,-0.02715241927653551,-0.026982581242918968,-0.026705502532422543,-0.026493762619793415,-0.026281343027949332,-0.057252585663705835,-0.015618336569680513,0.003083557322244918,0.015618336569680513,-0.018059796094894408,-0.017503795213997364,-0.0162219712510705,-0.014953698497265577,-0.013190901279449463,0.8250814277321996,-0.002280126950449659,0.0013105530479485595,0.002280126950449659,-0.0040503384079784155,-0.0036384201957844198,-0.002143550547771156,-0.0011131828650832176,-0.0005694376304745674,0.23217117177909258,-0.08482910026995974,0.003480916069864298,0.08482910026995974,-0.0883387267589569,-0.08697617426514626,-0.08541439101099968,-0.08350372314453125,-0.08172674104571342,1.0,1.0000000138475864
AB,Reddit-S,42,text,0,1,0.12206990271806717,0.08199203353948499,0.0007117270569117312,0.08199203353948499,0.08089222162961959,0.08152629621326923,0.08212519809603691,0.08251036703586578,0.08283882141113282,-0.023014524872961132,0.0039435269496692965,0.027631663547075257,0.023930241910194907,-0.031007431633770465,-0.020199290476739407,0.0009230783907696605,0.02848021825775504,0.04467438086867333,1.0245250013339984,0.0005779663551259798,0.0004097983543146504,0.0005779663551259798,0.0001001832148176618,0.0002563170564826578,0.00051268027164042,0.0008199451840482652,0.001145249721594155,-0.0015104708356989665,0.2799088136880476,0.02696463965143163,0.2799088136880476,0.2456848219037056,0.2562030404806137,0.27711834013462067,0.30408934503793716,0.3194441616535187,1.0,1.0000000056253382
AB,Reddit-S,42,text,1,1,0.12206990271806717,-0.026438966505974812,0.0002956275014946355,0.026438966505974812,-0.026791244372725488,-0.02665430959314108,-0.026493697427213192,-0.02624482335522771,-0.02598255332559347,-0.006958643782806015,-0.009621521587072477,0.03391022621912164,0.030054391437317723,-0.05619566738605499,-0.044209059327840805,-0.006043906090781093,0.019243752118200064,0.037197041884064676,1.0072927697168774,-0.0001699972456783134,0.00012053399118438292,0.0001699972456783134,-0.00033685228263493624,-0.00024117047723848373,-0.00015079464355949312,-7.539053694927134e-05,-2.9466889827745022e-05,-0.0003341274221262708,0.05477198646765825,0.03366396707131541,0.05477198646765825,0.008683654479682446,0.020292242988944054,0.05826215259730816,0.08346814662218094,0.10129200145602227,1.0,0.9999999985119451
AB,Reddit-S,42,text,2,1,0.12206990271806717,-0.027268637566577266,0.0002416851686392708,0.027268637566577266,-0.02755624856799841,-0.02744464762508869,-0.02731382753700018,-0.027110493276268244,-0.026895190216600896,-0.006616952619361591,0.005908682190118499,0.02919049820548742,0.02595031793672838,-0.035567762330174446,-0.020279180258512497,0.009816957637667656,0.029944613575935364,0.04474035911262036,1.0069709292588642,-0.00017753924996783766,0.0001258815358573292,0.00017753924996783766,-0.00035179689002688973,-0.0002518701076041907,-0.00015748471923870966,-7.873527283663861e-05,-3.0774202241445874e-05,-0.00035398050259110024,0.6639734987149347,0.02898771392327323,0.6639734987149347,0.6228814125061035,0.637958824634552,0.6677747368812561,0.6878770738840103,0.702585631608963,1.0,0.9999999961369115
AB,Reddit-S,42,text,3,1,0.12206990271806717,-0.028284429432126963,0.00017441667741228096,0.028284429432126963,-0.028491314314305783,-0.028411453124135733,-0.0283176451921463,-0.028170877136290073,-0.028014611452817917,-0.003434677674593092,-0.0033266779395285094,0.04106257360588079,0.03602026388504805,-0.060055167973041536,-0.04504070710390806,0.0017193322419188917,0.030319159850478172,0.05096376463770868,1.0039140808626468,-0.00023042983933314748,0.0001633828130281878,0.00023042983933314748,-0.0004566004412481561,-0.0003269045555498451,-0.00020440087973838672,-0.00010219123760180082,-3.9942121657077205e-05,-0.0004794022143777639,-0.06922417339517092,0.040902002335170495,0.06923075940053411,-0.12560628056526185,-0.11083786562085152,-0.06424326449632645,-0.035691563971340656,-0.015113672986626603,1.0,1.000000000973676
AB,Reddit-S,42,visual,0,1,0.12005322426557541,0.08047585259751282,0.0010233476107844187,0.08047585259751282,0.07907743379473686,0.07979205809533596,0.08055838197469711,0.08111501485109329,0.08149833753705024,-0.12518495634923002,0.020795440503379274,0.005743184692880373,0.021098893461324045,0.015981336683034898,0.020603020675480366,0.02247687615454197,0.02369646029546857,0.02452745530754328,1.1242116293719118,0.0002173896517443376,0.0002392104289174561,0.0002173896517443376,5.454445890791249e-05,8.761407298152335e-05,0.0001261298530152999,0.00023111938207875937,0.0005373111926019193,0.0009738091563016867,0.2929474896749821,0.005056850284293303,0.2929474896749821,0.2886900156736374,0.2929985895752907,0.2945955842733383,0.29535069316625595,0.2958624392747879,1.0,1.0000004821789834
AB,Reddit-S,42,visual,1,1,0.12005322426557541,-0.026275204853436564,0.00039330571591910264,0.026275204853436564,-0.026667818240821362,-0.026520161423832178,-0.026306385174393654,-0.026012189220637083,-0.025738954730331897,-0.08243316623027591,-0.0261654493359588,0.002825245315628786,0.0261654493359588,-0.028162988647818566,-0.02779224654659629,-0.027084129862487316,-0.025458100251853466,-0.023785913735628127,1.08038741187061,-6.979035714409434e-05,7.679565760704408e-05,6.979035714409434e-05,-0.00017249735683435574,-7.41981239116285e-05,-4.049248673254624e-05,-2.8127453333581798e-05,-1.751084837451344e-05,0.002045796765251449,0.035366344723742206,0.002596695541363802,0.035366344723742206,0.033517897501587866,0.033882259391248226,0.03454498201608658,0.03599975258111954,0.037500474601984024,1.0,1.0000000424055855
AB,Reddit-S,42,visual,2,1,0.12005322426557541,-0.02668513651837399,0.0003546201368465352,0.02668513651837399,-0.02703943196684122,-0.02690650150179863,-0.026713554747402668,-0.026448098942637444,-0.026200730167329312,-0.10773368708966231,-0.02032754980756608,0.001075392364340056,0.02032754980756608,-0.021561643667519094,-0.02116940403357148,-0.02038886770606041,-0.01976767973974347,-0.019172351993620395,1.0888910880860119,-7.189801122623761e-05,7.911487029162277e-05,7.189801122623761e-05,-0.00017770673584891484,-7.643889330211096e-05,-4.171535147179384e-05,-2.8976896373933414e-05,-1.8039671522274146e-05,0.01884557107445854,0.6355706296492721,0.0009349637481399775,0.6355706296492721,0.6345441937446594,0.6348816752433777,0.635503888130188,0.6360890418291092,0.636652946472168,1.0,1.0000029720708081
AB,Reddit-S,42,visual,3,1,0.12005322426557541,-0.027515511410044838,0.00027542871791477383,0.027515511410044838,-0.027790877595543863,-0.027688232250511646,-0.02753855660557747,-0.02733181556686759,-0.027138083986938,-0.07855790365609774,-0.010563769372911909,0.002191259842883422,0.010563769372911909,-0.012377463653683663,-0.012048814445734024,-0.01105866814032197,-0.010007132077589631,-0.00830232510343194,1.0732018381962796,-7.57012759484823e-05,8.329989273775715e-05,7.57012759484823e-05,-0.00018710707954596728,-8.048235940805171e-05,-4.3922011172981e-05,-3.0509717817039927e-05,-1.8993935918842903e-05,0.005355872560506184,-0.07826368130740691,0.002029746762603345,0.07826368130740691,-0.0799665741622448,-0.07960801385343075,-0.07873979210853577,-0.07775833830237389,-0.07615274414420127,1.0,0.999999807100688
V3,Reddit-S,42,text,0,1,0.10611892491579056,0.07153166471698666,0.00010206136548940184,0.07153166471698666,0.07142267376184464,0.07143890857696533,0.07150247320532799,0.07161880657076836,0.07169293612241745,-0.005105084169230524,0.00878594884079375,0.017303621637273028,0.016320334731541253,-0.014987111277878284,-0.004927779547870159,0.0088514294475317,0.025361582171171904,0.03110675998032093,1.0045729800420962,0.0014389220582755346,0.0006076253457875001,0.0014389220582755346,0.0005255400901660324,0.0010231054329779,0.0015126402140595019,0.0019126235856674612,0.0021892653312534094,0.0005320986396963114,0.2511385862260956,0.01721501492313363,0.2511385862260956,0.22762946039438248,0.23741564899683,0.25135351717472076,0.26756501942873,0.27323204278945923,1.0,0.9999999945125619
V3,Reddit-S,42,text,1,1,0.10611892491579056,-0.023520310652305514,3.7685798413999224e-05,0.023520310652305514,-0.023579890467226507,-0.023552595637738705,-0.0235096774995327,-0.023485836572945118,-0.023479999229311942,-0.0026935687757744077,-0.010186479675193127,0.011395226115897921,0.012956160808825631,-0.023955633863806725,-0.021032958291471004,-0.010847153142094612,-0.0015414365916512907,0.005525489663705234,0.9856298161074749,-0.0032295123613278113,0.0013637525064405791,0.0032295123613278113,-0.0049135806038975716,-0.004292686702683568,-0.0033949651988223195,-0.0022962548537179828,-0.001179520599544047,0.017063747703797406,0.07428229869427366,0.011480569376748679,0.07428229869427366,0.06076725572347641,0.06380409002304077,0.07300418615341187,0.08287764899432659,0.09056089743971825,1.0,0.9999999950354979
V3,Reddit-S,42,text,2,1,0.10611892491579056,-0.02371204655809201,3.550998311035944e-05,0.02371204655809201,-0.023768280632793903,-0.023742328863590956,-0.02370184101164341,-0.023679858073592186,-0.023674142174422742,-0.0030526280629861254,-0.009421911475522769,0.009559675591669974,0.01134833506022913,-0.020982629247009756,-0.018571130465716124,-0.010129413567483425,-0.001978596847038716,0.004166372772306206,0.9966702042109733,-0.001282617822245211,0.0005416214819179803,0.001282617822245211,-0.0019514544401317835,-0.0017048630979843438,-0.001348328310996294,-0.0009119696769630536,-0.0004684528132202099,0.006382424960843252,0.6716247606242964,0.009576714406722302,0.6716247606242964,0.6602461695671081,0.6626610606908798,0.6706412434577942,0.6789246499538422,0.6854826807975769,1.0,1.0000000011088304
V3,Reddit-S,42,text,3,1,0.10611892491579056,-0.02429930755674719,2.886839516881125e-05,0.02429930755674719,-0.024345042183995247,-0.02432390907779336,-0.024291014298796654,-0.024273145012557507,-0.024268490448594093,-0.0017519111855573723,-0.005672202895349608,0.012093696397115104,0.01130204956397145,-0.0210051653906703,-0.01813991228118539,-0.005109157180413604,0.004578213789500296,0.010475941561162473,0.9869672650806082,0.00307320841473967,0.001297748765227499,0.00307320841473967,0.0011224334361031655,0.002185119257774204,0.0032306534703820944,0.0040849263314157724,0.004675770178437233,0.014784648301202656,-0.04350878659502652,0.012182850499799416,0.04350878659502652,-0.05933703221380711,-0.0560582485049963,-0.04241699166595936,-0.03322450816631317,-0.027374261617660524,1.0,1.0000000021962534
V3,Reddit-S,42,visual,0,1,0.11512842774391174,0.07754504143004824,0.00017488811908611952,0.07754504143004824,0.07736085578799248,0.07739444822072983,0.07749870792031288,0.07765505276620388,0.07781180441379547,-0.022764830976405224,0.01116588412038349,0.001821353646965681,0.01116588412038349,0.009852160792797804,0.010843801312148571,0.011564888525754213,0.012222267454490066,0.012587432563304902,0.3037099748962186,0.004278570176687629,0.002717528559936256,0.004278570176687629,0.0010844292584806681,0.0021103464532643557,0.003738577477633953,0.00592938344925642,0.008531174622476101,0.7190542319692167,0.2715075517433521,0.0031583666446289176,0.2715075517433521,0.26793578565120696,0.2693774774670601,0.2713826149702072,0.27357855439186096,0.27575608491897585,1.0,0.9999993758890301
V3,Reddit-S,42,visual,1,1,0.11512842774391174,-0.025627793384427857,6.216408847902921e-05,0.025627793384427857,-0.025722522288560867,-0.02566686552017927,-0.02561128418892622,-0.02557422686368227,-0.025562266260385512,-0.009307167144070915,-0.026783228792087027,0.003106532408480959,0.026783228792087027,-0.029172784090042113,-0.028512398712337017,-0.0275694839656353,-0.026005585677921772,-0.02436185162514448,0.9121956330974499,-0.0012539779725368487,0.0007964625601820593,0.0012539779725368487,-0.002500345930457115,-0.0017378040356561542,-0.0010957150370813906,-0.0006185075617395341,-0.00031782824371475723,0.09711157301568439,0.04469085190990361,0.0033098028139311995,0.04469085190990361,0.04157685376703739,0.0428001107648015,0.04407557286322117,0.04580559395253658,0.04755894690752029,1.0,1.0000000389690633
V3,Reddit-S,42,visual,2,1,0.11512842774391174,-0.025690845429228847,6.110772839043524e-05,0.025690845429228847,-0.02578408718109131,-0.02572931069880724,-0.025674698874354362,-0.025638213846832514,-0.025626514479517935,-0.01002974673891818,-0.0068160935504841536,0.0011283333982590514,0.0068160935504841536,-0.008150444366037846,-0.00757006905041635,-0.006996799726039171,-0.006148656946606934,-0.005307082086801529,0.5884704054179544,-0.0015002846641089835,0.0009529039507175075,0.0015002846641089835,-0.0029914644546806812,-0.002079143887385726,-0.0013109357096254826,-0.0007399949827231467,-0.0003802561433985829,0.4215595067930282,0.6587571181582853,0.0014728532839779855,0.6587571181582853,0.6569801270961761,0.6576520055532455,0.6585766971111298,0.6597820669412613,0.6608144044876099,1.0,1.0000001654720645
V3,Reddit-S,42,visual,3,1,0.11512842774391174,-0.026226402783858502,5.161815552451726e-05,0.026226402783858502,-0.026305180229246616,-0.02625891426578164,-0.02621277142316103,-0.02618192881345749,-0.026172030344605447,-0.012459599130220147,-0.022940090115974202,0.0019402439156586233,0.022940090115974202,-0.02414140272885561,-0.023828081786632538,-0.02331585343927145,-0.022716272622346878,-0.022100297547876836,0.7854223328434068,-0.001524307539580769,0.0009681620499884503,0.001524307539580769,-0.003039364470168948,-0.002112435642629862,-0.001331926672719419,-0.0007518439670093358,-0.0003863449004711583,0.2270374053878542,-0.08059325125487972,0.002232006326470861,0.08059325125487972,-0.0827131800353527,-0.08180721662938595,-0.08070437237620354,-0.07985994592308998,-0.07914767488837242,1.0,1.000000139101041
V3.1,Reddit-S,42,text,0,0,0.0,0.0,0.0,0.0,0.0,0.0,0.0,0.0,0.0,0.0,0.037536428783241156,0.01879708116550304,0.0376731809287694,0.012051805481314659,0.021607052069157362,0.038527607917785645,0.05504484660923481,0.061899433657526974,0.996075069723447,0.001824639871387718,0.00015669622700377524,0.001824639871387718,0.001644088630564511,0.0017557053361088037,0.0018486024346202612,0.0019374863477423787,0.0019895155215635895,0.003924938017040493,0.26437161263766135,0.018870639900868992,0.26437161263766135,0.23883184045553207,0.24838732182979584,0.2653428018093109,0.28191373497247696,0.28883972465991975,1.0,1.0000000077404874
V3.1,Reddit-S,42,text,1,0,0.0,0.0,0.0,0.0,0.0,0.0,0.0,0.0,0.0,0.0,-0.008522246170501548,0.04219716424908964,0.03717212903257116,-0.06366996765136719,-0.05046590603888035,-0.00828750990331173,0.026290001813322306,0.0524798057973385,0.9993691281945827,-0.0005697384902415527,4.8927940799965934e-05,0.0005697384902415527,-0.0006212204229086637,-0.0006049744843039662,-0.0005772207514382899,-0.0005482138803927228,-0.0005133618949912488,0.0006308707147641335,0.050905078504545564,0.04222378208438356,0.05268799390170593,-0.00427669398486614,0.008956635603681207,0.0511437114328146,0.08574177883565426,0.11194954812526703,1.0,0.9999999989093468
V3.1,Reddit-S,42,text,2,0,0.0,0.0,0.0,0.0,0.0,0.0,0.0,0.0,0.0,0.0,-0.0024995452356494845,0.03881571236511306,0.03342025346329593,-0.054231491312384604,-0.03938966803252697,-0.0015368543099611998,0.029284754302352667,0.05298227854073049,0.9993158259591008,-0.0005692465282526084,4.888569217545819e-05,0.0005692465282526084,-0.0006206840218510479,-0.0006044520705472678,-0.0005767223192378879,-0.0005477404920384288,-0.0005129186261910945,0.000684167149282862,0.6515864263552007,0.0388422655477706,0.6515864263552007,0.5998172521591186,0.6146703511476517,0.6525417566299438,0.6833958178758621,0.7071217358112335,1.0,0.9999999931083837
V3.1,Reddit-S,42,text,3,0,0.0,0.0,0.0,0.0,0.0,0.0,0.0,0.0,0.0,0.0,-0.0033877142389667704,0.03984158996691293,0.03466395279650934,-0.056401632353663446,-0.04203174542635679,-0.0023207846097648144,0.029036872554570436,0.05248462930321694,0.9991668145571283,-0.0006856549163638583,5.888259923714072e-05,0.0006856549163638583,-0.0007476111350115389,-0.0007280598656507209,-0.0006946594803594053,-0.0006597510218853131,-0.0006178081675898284,0.0008331855175314563,-0.07260252799362925,0.03987478339618352,0.07260252799362925,-0.12566501647233963,-0.11125848069787025,-0.07154985144734383,-0.04013386741280556,-0.0166947307065129,1.0,1.0000000000746598
V3.1,Reddit-S,42,visual,0,0,0.0,0.0,0.0,0.0,0.0,0.0,0.0,0.0,0.0,0.0,0.034680656954572044,0.0032951743506886965,0.034680656954572044,0.03269002512097359,0.03464067727327347,0.03562144190073013,0.036222140304744244,0.03662292324006557,0.9973061410961297,0.00024022547061373448,0.0002474030339394066,0.00024022547061373448,7.330203079618514e-05,0.00011226923561480362,0.0001550278830109164,0.000234274280956015,0.0005622804688755423,0.002693681698778446,0.2411350121920148,0.003294761277619606,0.2411350121920148,0.23908865600824356,0.2410484440624714,0.24203898757696152,0.24267560988664627,0.2431216135621071,1.0,0.9999998227949082
V3.1,Reddit-S,42,visual,1,0,0.0,0.0,0.0,0.0,0.0,0.0,0.0,0.0,0.0,0.0,-0.03933668701437317,0.0019042484877630945,0.03933668701437317,-0.04039199501276016,-0.040228764526546,-0.039871662855148315,-0.03911107778549194,-0.03838804848492146,0.9977536481861432,-7.862303646799239e-05,8.097217043684436e-05,7.862303646799239e-05,-0.00018402794230496511,-7.667527825105935e-05,-5.073884494777303e-05,-3.674443087220425e-05,-2.3990911904547824e-05,0.0022462937509454928,0.030864504277045186,0.0019068143632639807,0.030864504277045186,0.02980818897485733,0.029979045502841473,0.03032293077558279,0.031093731988221407,0.031823310628533365,1.0,0.9999999419370887
V3.1,Reddit-S,42,visual,2,0,0.0,0.0,0.0,0.0,0.0,0.0,0.0,0.0,0.0,0.0,-0.032028113155492983,0.0007889190877464474,0.032028113155492983,-0.03282350227236748,-0.03260944504290819,-0.03209941275417805,-0.031703606247901917,-0.031325303763151166,0.978321132907853,-7.950805365914836e-05,8.188363060016493e-05,7.950805365914836e-05,-0.00018609944818308576,-7.753837053314783e-05,-5.130998579261359e-05,-3.715804177772952e-05,-2.4260964710265392e-05,0.021680033780893792,0.6330080331721906,0.000802242561666233,0.6330080331721906,0.6321941792964936,0.6324055194854736,0.6329475045204163,0.63335320353508,0.6337353229522705,1.0,1.000001166688747
V3.1,Reddit-S,42,visual,3,0,0.0,0.0,0.0,0.0,0.0,0.0,0.0,0.0,0.0,0.0,-0.014659591817141293,0.0019727884988764016,0.014659591817141293,-0.016110778972506522,-0.0158342644572258,-0.015149528160691261,-0.014368057250976562,-0.012896798737347125,0.9950579163139259,-8.209438031859198e-05,8.454723249886581e-05,8.209438031859198e-05,-0.00019215309293940663,-8.00606267148396e-05,-5.2979054089519195e-05,-3.8366761145880446e-05,-2.5050152726180382e-05,0.004942276988424924,-0.07251290710600979,0.0019807894990615054,0.07251290710600979,-0.07398166581988334,-0.07369947619736195,-0.07299448177218437,-0.07220837473869324,-0.07073716521263122,1.0,1.0000001933023508
B,Reddit-S,43,text,0,1,0.11286656558513641,0.07551427211739499,0.0008253001403044016,0.07551427211739499,0.07428089305758476,0.07490858435630798,0.07564279437065125,0.07611257024109364,0.07652416005730629,-0.0414885734095916,0.011250209443256394,0.018123326173564536,0.018026949257217765,-0.014730956684798001,-0.0032504249829798937,0.012087447103112936,0.028002549428492785,0.03478387929499149,1.0181707125456616,-0.0013982660870176698,0.0007416249214989042,0.0013982660870176698,-0.002479305164888501,-0.001984211034141481,-0.0013540060608647764,-0.000787562079494819,-0.00042940822604577963,0.023317868170967492,0.264898996688149,0.01778468921686976,0.264898996688149,0.23922256231307984,0.2506762519478798,0.2659618407487869,0.28144365549087524,0.2876739650964737,1.0,1.0000000073070374
B,Reddit-S,43,text,1,1,0.11286656558513641,-0.024743919931019313,0.00030890216759284,0.024743919931019313,-0.025122249498963356,-0.024967577308416367,-0.02479171846061945,-0.024517071433365345,-0.024282772466540335,-0.039575622389435045,-0.01581761449657107,0.005735340842021286,0.015825881962961214,-0.02370887715369463,-0.020841626916080713,-0.01563962735235691,-0.011601349571719766,-0.0085584900341928,1.094458910291846,-0.001923044810804136,0.0010199617728088404,0.001923044810804136,-0.003409805125556886,-0.002728898893110454,-0.001862173667177558,-0.0010831394756678492,-0.0005905680125579234,-0.05488328275365453,0.055401595664233236,0.005144613087815136,0.055401595664233236,0.04848410300910473,0.0511102844029665,0.055523831397295,0.05881800316274166,0.06206323504447937,1.0,1.0000000051487565
B,Reddit-S,43,text,2,1,0.11286656558513641,-0.025042312172510697,0.0002855327121558266,0.025042312172510697,-0.025391702353954316,-0.025249335449188948,-0.025086740031838417,-0.024832639377564192,-0.02461563069373369,-0.03728040663026307,-0.015829632890127,0.00586632786738964,0.015830338863694365,-0.023802973702549933,-0.021561219822615385,-0.0154051105491817,-0.011318907141685486,-0.008230193518102167,1.0472667714163093,-0.00034956308929492877,0.00018540440989747289,0.00034956308929492877,-0.0006198201794177294,-0.0004960479272995144,-0.0003384981828276068,-0.0001968885844689794,-0.00010735100368037814,-0.009986386817254032,0.6506059680012647,0.005593825132119549,0.6506059680012647,0.6431010365486145,0.6451271921396255,0.6509264409542084,0.6548330783843994,0.6579413652420044,1.0,0.9999999779687923
B,Reddit-S,43,text,3,1,0.11286656558513641,-0.02572803998890314,0.000230867094892704,0.02572803998890314,-0.02600997406989336,-0.025895516388118267,-0.025764563120901585,-0.02555887959897518,-0.025382565148174763,-0.02662277441792286,-0.01735255413180576,0.006116285732979615,0.017352574211082966,-0.025448567233979702,-0.023155017290264368,-0.017225559800863266,-0.01237534498795867,-0.00925726592540741,0.8493751253136549,0.0036708739213453957,0.0019469910692245158,0.0036708739213453957,0.001127327245194465,0.00206759013235569,0.0035546778235584497,0.005209157709032297,0.006508930260315538,0.17724764172069843,-0.07026020144945055,0.006973536116614135,0.07026020144945055,-0.07912367433309556,-0.07675750367343426,-0.0703955851495266,-0.06486684828996658,-0.060622286051511765,1.0,0.9999999926164305
B,Reddit-S,43,visual,0,1,0.11739323288202286,0.07869203970290001,0.0007357480858998014,0.07869203970290001,0.07772131338715553,0.0780669841915369,0.07877061516046524,0.07921085879206657,0.07966615557670594,-0.06893172047307694,0.014498338453042065,0.003246821411745262,0.014528897294224115,0.01324109649285674,0.014450929593294859,0.015273903962224722,0.015920349396765232,0.01629293691366911,0.5265097940402249,0.006723661597319277,0.003283509283768486,0.006723661597319277,0.002033351641148329,0.003972788341343403,0.006935351761057973,0.009599228156730533,0.011178543511778116,0.5424219288007354,0.28265110700966295,0.004713807211584464,0.28265110700966295,0.27722637057304383,0.2796949967741966,0.28334587812423706,0.2863928824663162,0.28789159655570984,1.0,1.0000000023678832
B,Reddit-S,43,visual,1,1,0.11739323288202286,-0.02596864325399986,0.0002634407596436009,0.02596864325399986,-0.026317603699862958,-0.026154241058975458,-0.025996459648013115,-0.025744888000190258,-0.025621507316827774,-0.05782293687077534,-0.026891686113808377,0.0021722269618058196,0.026891686113808377,-0.028194759041070938,-0.02792513556778431,-0.027432508766651154,-0.026702668983489275,-0.025637587532401085,0.7887986731621524,-0.0023852483425254134,0.0011648392729095276,0.0023852483425254134,-0.003965637180954218,-0.0034053681883960962,-0.002460346440784633,-0.0014093640493229032,-0.0007213403820060192,0.2690242028028844,0.0369061983276144,0.0024760158299460253,0.0369061983276144,0.03454158566892147,0.03514953330159187,0.03668292611837387,0.03779495973140001,0.03885551765561104,1.0,0.9999999390942614
B,Reddit-S,43,visual,2,1,0.11739323288202286,-0.026047603860736547,0.0002580084895834717,0.026047603860736547,-0.026389353349804877,-0.02622952638193965,-0.02607513964176178,-0.0258283750154078,-0.02570747658610344,-0.04662076775575184,-0.015097382772127707,0.002495849355330427,0.015097382772127707,-0.016452024690806866,-0.016116421669721603,-0.015759481117129326,-0.015079303877428174,-0.013770251534879208,0.826862518533143,-0.0022905368800116067,0.0011185868005881047,0.0022905368800116067,-0.003808172978460789,-0.0032701505697332323,-0.002362652914598584,-0.0013534021563827991,-0.0006926979520358144,0.21975740884747338,0.6430783184486409,0.002805540885703113,0.6430783184486409,0.6405652284622192,0.641378179192543,0.6425412893295288,0.6439624428749084,0.6454553663730621,1.0,0.9999991596248645
B,Reddit-S,43,visual,3,1,0.11739323288202286,-0.02667579293294164,0.0002143006830547747,0.02667579293294164,-0.02695933058857918,-0.026827140245586634,-0.026699119247496128,-0.026493860874325037,-0.026392971538007258,-0.054784306077181294,-0.01874167165146257,0.0018230618973895856,0.01874167165146257,-0.02000524289906025,-0.01975495833903551,-0.019255862571299076,-0.018414140213280916,-0.017161058261990547,0.7639503380146748,-0.0020478761383323735,0.0010000830971723888,0.0020478761383323735,-0.003404732956551015,-0.0029237091075628996,-0.002112352172844112,-0.0012100220192223787,-0.0006193131499458102,0.29083380828374134,-0.08360143138602708,0.002154886983610143,0.08360143138602708,-0.08568607419729232,-0.08514157123863697,-0.08401180431246758,-0.08272789791226387,-0.08127103298902512,1.0,0.9999998402212349
AB,Reddit-S,43,text,0,1,0.12099520862102509,0.08142973836434027,0.0005959555201315893,0.08142973836434027,0.08055033013224602,0.08101185224950314,0.08153495192527771,0.08190342970192432,0.08212022185325622,-0.03176135738837584,0.0069232679604477,0.01716989860231249,0.015559982293953235,-0.01639366690069437,-0.007581774261780083,0.006343167740851641,0.02276110276579857,0.03065272867679596,1.029299683113915,0.00029541577746849956,0.0001901715327533212,0.00029541577746849956,9.106897341553122e-05,0.00015089690714376047,0.0002562472363933921,0.0003907238133251667,0.0005503116175532342,0.0024616772784784823,0.2778595821488739,0.016677425021573978,0.2778595821488739,0.2550675362348557,0.26385244727134705,0.2774507403373718,0.2933914214372635,0.3007196933031082,1.0,1.0000000030040177
AB,Reddit-S,43,text,1,1,0.12099520862102509,-0.026521423071476594,0.00023380752304456628,0.026521423071476594,-0.02679244875907898,-0.026707271113991737,-0.02656244020909071,-0.026357296388596296,-0.02617651503533125,-0.00918589646557312,-0.008348624174299565,0.020220321369998077,0.01805576523033629,-0.03750758282840252,-0.027671908494085073,-0.005279560806229711,0.009106806246563792,0.01672573443502188,1.0089417960522702,-0.00010189866289001968,6.559644544654418e-05,0.00010189866289001968,-0.00018982065812451763,-0.00013477355969371274,-8.838814392220229e-05,-5.204932949709473e-05,-3.141269662592094e-05,0.00024410166405035449,0.052765763394733343,0.020040529345742537,0.052765763394733343,0.0239486925303936,0.03353724256157875,0.05574840120971203,0.07010085694491863,0.07765081673860551,1.0,1.0000000012507475
AB,Reddit-S,43,text,2,1,0.12099520862102509,-0.027046233509825778,0.00020429780061979332,0.027046233509825778,-0.027282992377877235,-0.027208613231778145,-0.027082275599241257,-0.02690294710919261,-0.026744792796671392,-0.010260790141060737,-0.009417784124991791,0.016174369338132228,0.014978409897529242,-0.03279902264475822,-0.024979840964078903,-0.00677806930616498,0.004455447779037058,0.010356827359646563,1.0096084102823892,-0.0001487154717554565,9.573438987362866e-05,0.0001487154717554565,-0.0002770327701000497,-0.00019669456378323957,-0.00012899760622531176,-7.596312207169831e-05,-4.584509588312357e-05,0.0006523711412178795,0.645920531212256,0.016019716535996917,0.645920531212256,0.6228367686271667,0.6304609924554825,0.6485181748867035,0.6596705317497253,0.6655373573303223,1.0,0.9999999912825464
AB,Reddit-S,43,text,3,1,0.12099520862102509,-0.02786208160232827,0.00015785118066396098,0.02786208160232827,-0.028044646419584752,-0.027987460605800152,-0.02789025940001011,-0.027751646004617214,-0.027629030123353004,-0.007888408450925997,-0.006375110189646774,0.016613036164554038,0.0147028571762628,-0.03073429837822914,-0.022380037233233452,-0.0035918792709708214,0.008197559509426355,0.013901003263890745,1.0076411930142697,-4.48016584665726e-05,2.884070761704833e-05,4.48016584665726e-05,-8.345821042894385e-05,-5.925572168052895e-05,-3.8861504435772076e-05,-2.288446466991445e-05,-1.3811181452183517e-05,0.0002472152445396757,-0.07447600567051715,0.016486785539145357,0.07447600567051715,-0.09855854734778405,-0.09038985334336758,-0.07168423384428024,-0.05998903978615999,-0.054336867108941075,1.0,0.9999999998078833
AB,Reddit-S,43,visual,0,1,0.1189536526799202,0.07964043196033378,0.0009649209546550848,0.07964043196033378,0.07842307612299919,0.07896094210445881,0.07961247116327286,0.08039949461817741,0.08082626312971115,-0.09569680959537231,0.020223454559852708,0.005016696838310335,0.020362908258111916,0.016851851344108583,0.02031758427619934,0.021757659502327442,0.022557721007615328,0.02299233190715313,1.0973082932045422,0.0001567707876510851,0.00018766341456591978,0.0001567707876510851,4.0645598710398195e-05,6.182789365993813e-05,8.477225492242724e-05,0.00015974342022673227,0.00039335768669843677,-0.0016113356872322828,0.2902240112463273,0.004506933305111139,0.2902240112463273,0.28754923641681673,0.29030636698007584,0.2915130853652954,0.29221320897340775,0.2927381545305252,1.0,1.0000001479219376
AB,Reddit-S,43,visual,1,1,0.1189536526799202,-0.026172617443090598,0.00035488448448587706,0.026172617443090598,-0.02660899646580219,-0.026451596058905125,-0.02616181131452322,-0.02592256059870124,-0.025725099816918374,-0.07228354751114796,-0.027329952609109455,0.002213998704331276,0.027329952609109455,-0.028543864376842976,-0.028283641207963228,-0.027843574061989784,-0.02721454994753003,-0.026380626112222673,1.0708097665682934,-5.000747329989817e-05,5.986174673253447e-05,5.000747329989817e-05,-0.00012547505612019448,-5.095569667901145e-05,-2.7041047360398807e-05,-1.9722148863365874e-05,-1.2965321366209528e-05,0.0014737462266570093,0.03292766000186724,0.0020461891290262067,0.03292766000186724,0.03192767351865768,0.03213790152221918,0.03249271586537361,0.03292433172464371,0.033578261733055115,1.0,0.9999999652838024
AB,Reddit-S,43,visual,2,1,0.1189536526799202,-0.026381289403957325,0.00033642264862620067,0.026381289403957325,-0.02679487653076649,-0.02664588624611497,-0.02637134026736021,-0.02614426938816905,-0.0259569488465786,-0.10664359521893517,-0.026727135790430165,0.0012451824104667383,0.026727135790430165,-0.028056363947689532,-0.02754697622731328,-0.02686248440295458,-0.02617815136909485,-0.02551706340163946,1.0985292458213174,-5.296169307498318e-05,6.339811331841476e-05,5.296169307498318e-05,-0.0001328875674516894,-5.3965934057487175e-05,-2.8638512958423235e-05,-2.0887247046630364e-05,-1.3731255148741173e-05,0.008110651703642793,0.628256675528628,0.0010971301012335265,0.628256675528628,0.6270782291889191,0.6275038868188858,0.6281375288963318,0.6287177056074142,0.6292954564094544,1.0,0.999996302306025
AB,Reddit-S,43,visual,3,1,0.1189536526799202,-0.027086524985078124,0.00027361516670861263,0.027086524985078124,-0.027422412112355233,-0.02730198623612523,-0.027079198509454727,-0.026894152630120516,-0.02674099653959274,-0.09752193176994611,-0.020463339790933437,0.0011291804144842345,0.020463339790933437,-0.021289850957691668,-0.021178765688091516,-0.020716973580420017,-0.020260377787053585,-0.01953221149742603,1.0921369749705943,-5.3801626772696185e-05,6.440356104338623e-05,5.3801626772696185e-05,-0.00013499507331289352,-5.482179312821245e-05,-2.90926973320893e-05,-2.12185032069101e-05,-1.394902301399269e-05,0.005384791535209136,-0.08884406795558111,0.001007597552724669,0.08884406795558111,-0.08961124271154404,-0.08937237970530987,-0.08907271176576614,-0.08869382366538048,-0.08807454258203506,1.0,0.9999998347358573
V3,Reddit-S,43,text,0,1,0.12926900386810303,0.08711668835069018,0.00035789555998456284,0.08711668835069018,0.086615189909935,0.08673610724508762,0.08718029409646988,0.08746374025940895,0.08754229173064232,-0.008959491651847206,0.0068411684033180984,0.032408792705743684,0.02868032656049409,-0.03723189458250999,-0.0217212182469666,0.00562505004927516,0.03779971320182085,0.05175758227705956,0.9008100098299336,0.008232418822619958,0.004817969212970641,0.008232418822619958,0.0020792530849575996,0.0038885396788828075,0.007571847178041935,0.013526932336390018,0.014802582748234271,0.10814948222646158,0.29854545439262425,0.035835947378413224,0.29854545439262425,0.2506874203681946,0.26710011065006256,0.29621782898902893,0.3328617811203003,0.34915490746498107,1.0,1.000000000404548
V3,Reddit-S,43,text,1,1,0.12926900386810303,-0.028370624188508598,0.00014066917639331505,0.028370624188508598,-0.028537827916443347,-0.028507194481790066,-0.028395643457770348,-0.028221176005899906,-0.028173452615737914,-0.0027033170993312995,-0.005959684609969895,0.0390422204899469,0.03419289536446004,-0.061136751994490625,-0.045862157829105854,0.0009288166183978319,0.026526841334998608,0.04469735063612462,0.9729050652923522,-0.0024643055940299138,0.0014422187127611733,0.0024643055940299138,-0.0044310289900749925,-0.0040491740219295025,-0.0022665690630674362,-0.0011640017328318208,-0.0006224069511517882,0.029798251828614494,0.03737178781854106,0.0401212480636023,0.04564967087020462,-0.01947213467210531,-0.003755234822165221,0.0448025818914175,0.070741206407547,0.0889673985540867,1.0,1.0000000000216354
V3,Reddit-S,43,text,2,1,0.12926900386810303,-0.028684392761417054,0.00013101781723333047,0.028684392761417054,-0.02884025815874338,-0.028811408672481775,-0.028707566671073437,-0.028545068576931953,-0.028500902652740478,-0.003498560172739115,-0.01028333474260624,0.02734079939183383,0.02422402319835918,-0.049286984652280805,-0.03813836816698313,-0.005295138573274016,0.012101411819458008,0.025018440000712874,0.9616045660738923,-0.0024438703795732824,0.0014302591380538014,0.0024438703795732824,-0.004394284728914499,-0.004015596234239638,-0.002247773576527834,-0.0011543492728378624,-0.0006172456778585911,0.04189400930462496,0.6251994777628802,0.028420987835127795,0.6251994777628802,0.5844780564308166,0.5960467010736465,0.6307477056980133,0.6485065817832947,0.6617109775543213,1.0,1.0000000152057782
V3,Reddit-S,43,text,3,1,0.12926900386810303,-0.030061671462641753,8.621138947280408e-05,0.030061671462641753,-0.03016413953155279,-0.03014511428773403,-0.030077126808464527,-0.029970020055770874,-0.029940779879689218,-0.0016813600243588255,-0.005480769013945443,0.03808667812083184,0.03327491605580294,-0.06096620820462704,-0.04450713470578194,0.0033756543416529894,0.026394431479275227,0.041318032518029214,0.9602636167769457,-0.0033242431336967335,0.0019454915276173037,0.0033242431336967335,-0.005977269168943167,-0.005462162895128131,-0.0030575047712773085,-0.0015701887314207852,-0.0008396004559472203,0.041417743468112715,-0.09523007249005155,0.03964810013300413,0.09523007249005155,-0.15318691581487656,-0.13587475568056107,-0.08561399579048157,-0.062036486342549324,-0.04702025465667247,1.0,1.0000000002206997
V3,Reddit-S,43,visual,0,1,0.11787905544042587,0.07945812977751997,0.00028734413768799434,0.07945812977751997,0.07912204042077065,0.0791719313710928,0.07941263541579247,0.07974023371934891,0.07985809668898583,-0.024237333686039846,0.0077858992399551675,0.003931195398649685,0.008288826885966083,0.0031657972373068336,0.006690433481708169,0.008570556528866291,0.010302739450708032,0.011506364867091178,0.5194391983931712,0.007597385491405629,0.003791559876722033,0.007597385491405629,0.0023648097645491365,0.0046250851592049,0.007433214224874973,0.011246135924011469,0.012772916723042727,0.5047981133468146,0.28393208337787174,0.006167739160827167,0.28393208337787174,0.27499361932277677,0.2803972288966179,0.2848087549209595,0.28876660019159317,0.29113061130046847,1.0,0.9999999780539459
V3,Reddit-S,43,visual,1,1,0.11787905544042587,-0.02613294817440702,0.00010586445590224444,0.02613294817440702,-0.02628029156476259,-0.026236900594085455,-0.026116179302334785,-0.026027452666312456,-0.02600899450480938,-0.009389929569272136,-0.010585065259121404,0.006070574753039683,0.011320220542516465,-0.01583294980227947,-0.01503736525774002,-0.012866698671132326,-0.0077493577264249325,-0.0011306460597552347,0.9009266503956846,-0.0023407652018647375,0.0011681849519227477,0.0023407652018647375,-0.003935353737324477,-0.003464950481429696,-0.00229018391110003,-0.0014249952509999275,-0.0007286012230906632,0.10846326755919312,0.04652107116788892,0.00665664456986747,0.04652107116788892,0.040235302224755284,0.0416187709197402,0.04438753239810467,0.04980329517275095,0.057047991454601286,1.0,0.9999999883856057
V3,Reddit-S,43,visual,2,1,0.11787905544042587,-0.026285019676841263,0.00010155665553218484,0.026285019676841263,-0.02642634715884924,-0.026384722907096148,-0.02626899816095829,-0.026183859445154667,-0.026166270673274993,-0.008865938447905654,-0.025175176943670847,0.0059898635764825394,0.025175176943670847,-0.02983422912657261,-0.029070099350064993,-0.02732578944414854,-0.024015079718083143,-0.015818177349865434,0.8880980232756022,-0.0026038658424500575,0.0012994882599906164,0.0026038658424500575,-0.004377685254439712,-0.003854408860206604,-0.0025475991424173117,-0.0015851638454478234,-0.0008104955661110576,0.12076759844854357,0.6252774924463605,0.006641535684976137,0.6252774924463605,0.6192580342292786,0.6205130815505981,0.6235539615154266,0.6269256472587585,0.6359944224357605,1.0,0.9999996832762401
V3,Reddit-S,43,visual,3,1,0.11787905544042587,-0.027040161875879237,7.992519171798818e-05,0.027040161875879237,-0.0271513557061553,-0.027118653990328312,-0.02702766191214323,-0.026960553135722876,-0.026946692913770675,-0.006436063330154739,-0.024015798454678123,0.00558558503097959,0.02433882021765682,-0.026715125143527984,-0.026340944226831198,-0.02578834816813469,-0.023963693995028734,-0.020942347310483455,0.9028189857649292,-0.0026527544352647993,0.0013238866554049905,0.0026527544352647993,-0.004459877870976925,-0.0039267768152058125,-0.0025954311713576317,-0.0016149258881341666,-0.0008257129346020516,0.10361708007617758,-0.09718071788594425,0.006049821914036047,0.09718071788594425,-0.10121979787945748,-0.10024881362915039,-0.09847619384527206,-0.0966401919722557,-0.0926984891295433,1.0,1.0000000025109521
V3.1,Reddit-S,43,text,0,0,0.0,0.0,0.0,0.0,0.0,0.0,0.0,0.0,0.0,0.0,0.03160573037501343,0.014279429079782012,0.03177259007979783,0.009114043507725,0.021873984951525927,0.035227082669734955,0.04400418698787689,0.04703965149819851,0.9957514219416991,0.0004954499718353137,0.00019309859426364028,0.0004954499718353137,0.00030036312818992883,0.00035062344977632165,0.00044984450505580753,0.0005812888266518712,0.0007487435941584408,0.004248575042518335,0.24433824058837286,0.014339174466137004,0.24433824058837286,0.2217695653438568,0.23454952985048294,0.24800711125135422,0.25680138170719147,0.25979891419410706,1.0,0.9999999969842174
V3.1,Reddit-S,43,text,1,0,0.0,0.0,0.0,0.0,0.0,0.0,0.0,0.0,0.0,0.0,-0.024588010976174468,0.019086573231746083,0.025666972157463705,-0.05044471062719822,-0.04317167866975069,-0.0235751299187541,-0.008032690500840545,0.0003675082698464409,0.9996619282529724,-0.00012797872386258026,4.987892435192794e-05,0.00012797872386258026,-0.00019340651633683592,-0.00015015158714959398,-0.00011619846191024408,-9.05688684724737e-05,-7.758622159599326e-05,0.00033807127563723353,0.04044137907857728,0.019092963940507114,0.04044137907857728,0.014578519575297834,0.021827006712555885,0.041445884853601456,0.057003410533070564,0.06541459932923317,1.0,0.9999999995286096
V3.1,Reddit-S,43,text,2,0,0.0,0.0,0.0,0.0,0.0,0.0,0.0,0.0,0.0,0.0,-0.025844762745177607,0.013324628756409817,0.025969582038343215,-0.04384414553642273,-0.03842033166438341,-0.025161996483802795,-0.015299141174182296,-0.008426715899258847,0.9994126367191078,-0.00013336546326319027,5.19783729940481e-05,0.00013336546326319027,-0.0002015471662161872,-0.00015647160762455314,-0.00012108936061849818,-9.438098823011387e-05,-8.08518918347545e-05,0.0005873541435134758,0.634060104643007,0.013332360615117974,0.634060104643007,0.6160588443279267,0.6214507073163986,0.6347391903400421,0.6446071416139603,0.6514980852603912,1.0,0.9999999908626214
V3.1,Reddit-S,43,text,3,0,0.0,0.0,0.0,0.0,0.0,0.0,0.0,0.0,0.0,0.0,-0.01719920899891799,0.017934898399221997,0.019772100017925908,-0.04239664115011692,-0.034815046004951,-0.015302873216569424,-0.0013726446777582169,0.005704730935394764,0.998973385006518,-0.00023410582776834364,9.124131352828546e-05,0.00023410582776834364,-0.00035378999018575996,-0.00027466566825751215,-0.00021255671163089573,-0.00016567362399655394,-0.00014192504895618185,0.001026615770214722,-0.0802586965970259,0.017953106707844387,0.0802586965970259,-0.10545686334371566,-0.09786976873874664,-0.07837272435426712,-0.06441507302224636,-0.05732693262398243,1.0,1.0000000007767327
V3.1,Reddit-S,43,visual,0,0,0.0,0.0,0.0,0.0,0.0,0.0,0.0,0.0,0.0,0.0,0.033945928002649416,0.0027913624884515166,0.033945928002649416,0.033608096465468404,0.034160480834543705,0.03456812538206577,0.03488289099186659,0.03511183261871338,1.0017382632662803,0.00017202165696616716,0.000191427210886964,0.00017202165696616716,5.2080258319620044e-05,7.899279626144562e-05,0.00010554988330113702,0.00016353634055121802,0.00040711292822379633,-0.001738340761634408,0.23577883593785892,0.0027799627449355967,0.23577883593785892,0.23538791686296462,0.23594791442155838,0.23637845367193222,0.23672275617718697,0.2369873821735382,1.0,0.999999922504646
V3.1,Reddit-S,43,visual,1,0,0.0,0.0,0.0,0.0,0.0,0.0,0.0,0.0,0.0,0.0,-0.04005843449660078,0.0010056397943128028,0.04005843449660078,-0.040630704164505003,-0.040494782850146294,-0.04029921442270279,-0.039973996579647064,-0.03959763646125793,0.99428665588133,-5.2173302125743054e-05,5.805890890698924e-05,5.2173302125743054e-05,-0.00012347529991529882,-4.9599747399042826e-05,-3.2012747396947816e-05,-2.395811679889448e-05,-1.579567997396225e-05,0.005713495108565451,0.032624210006584005,0.0010097480433873256,0.032624210006584005,0.03203779011964798,0.03218076843768358,0.032394666224718094,0.03272200655192137,0.03309606462717056,1.0,1.0000001509898955
V3.1,Reddit-S,43,visual,2,0,0.0,0.0,0.0,0.0,0.0,0.0,0.0,0.0,0.0,0.0,-0.035167882776320755,0.0007729925930022112,0.035167882776320755,-0.03595354035496712,-0.03567936737090349,-0.03524877317249775,-0.034865597262978554,-0.03438086174428463,0.9842236404385476,-5.754155959873286e-05,6.403275282168864e-05,5.754155959873286e-05,-0.00013618001976283266,-5.4703203204553574e-05,-3.530662979756016e-05,-2.642323534018942e-05,-1.7420941185264378e-05,0.01577783657262764,0.6324706940894249,0.0007827843351738942,0.6324706940894249,0.6316368281841278,0.6319573074579239,0.6323920786380768,0.6327840387821198,0.6332726538181305,1.0,1.0000014770111751
V3.1,Reddit-S,43,visual,3,0,0.0,0.0,0.0,0.0,0.0,0.0,0.0,0.0,0.0,0.0,-0.03108333479751352,0.0006714090255777611,0.03108333479751352,-0.03160236403346062,-0.03143960144370794,-0.03122319746762514,-0.030980191193521023,-0.030529458075761795,0.9864604517873767,-6.230678921270529e-05,6.933554219698699e-05,6.230678921270529e-05,-0.00014745758962817488,-5.9233379033685196e-05,-3.823050246865023e-05,-2.8611441393877612e-05,-1.886363406811142e-05,0.013538942819351515,-0.08618603083719334,0.0006770491834483613,0.08618603083719334,-0.08671903014183044,-0.0865442343056202,-0.08632218465209007,-0.086069006472826,-0.08562497422099113,1.0,0.9999993946067283
B,Reddit-S,44,text,0,1,0.10499062389135361,0.07081832181898111,1.6344053992572523e-05,0.07081832181898111,0.0707971103489399,0.07080845534801483,0.07081928849220276,0.07082917541265488,0.0708385556936264,0.0003063358189124469,0.006907044905822512,0.011803253073604532,0.011776121601891572,-0.010298862121999264,-0.0023555151419714093,0.008561042603105307,0.016959133092314005,0.021355544589459898,1.0136706010563978,0.0008353049125412414,0.000488787858842589,0.0008353049125412414,0.00020610752835636958,0.00040272309706779197,0.0007995877240318805,0.001231966307386756,0.0015326615888625389,-0.01397693300535312,0.246646738423069,0.011635367930969807,0.246646738423069,0.22969817072153093,0.23752819374203682,0.24832449853420258,0.25657398998737335,0.2608955502510071,1.0,1.0000000038699572
B,Reddit-S,44,text,1,1,0.10499062389135361,-0.02334953937199043,5.858950384190045e-06,0.02334953937199043,-0.023356748186051844,-0.023353438824415207,-0.02334993239492178,-0.02334604784846306,-0.023341915756464004,9.24413093629748e-05,-0.012376131355237045,0.005003021723807011,0.012397330602153249,-0.018307266384363176,-0.01671895245090127,-0.013212210033088923,-0.008756001014262438,-0.0049105253070592875,0.9940397232745569,-0.0026245863998815514,0.0015358056045629378,0.0026245863998815514,-0.0048157298937439915,-0.0038709243526682258,-0.002512360457330942,-0.0012653840822167695,-0.0006476042617578058,0.005867837772984349,0.07554510692412245,0.004790722212207719,0.07554510692412245,0.06979188546538354,0.07159704528748989,0.07500959932804108,0.07910695299506187,0.08224136158823966,1.0,1.0000000023569042
B,Reddit-S,44,text,2,1,0.10499062389135361,-0.023569352886150495,5.5504306478072615e-06,0.023569352886150495,-0.023576272092759608,-0.02357306145131588,-0.023569650948047638,-0.02356600295752287,-0.023562163673341276,-0.0005211068053861067,-0.0034664338920381713,0.001203228472263792,0.0034678168475054437,-0.005037311417981982,-0.004487637779675424,-0.0034458960872143507,-0.002626172616146505,-0.0018922774703241884,0.9177351571523811,-0.0008491709916183153,0.0004969017471375505,0.0008491709916183153,-0.0015581038314849136,-0.0012524169578682631,-0.0008128609042614698,-0.0004094083051313646,-0.0002095289135468192,0.08278613855821267,0.6806644222279442,0.0011998880639028208,0.6806644222279442,0.6791331350803376,0.6797430217266083,0.680649995803833,0.6815437972545624,0.6822165787220001,1.0,1.0000001889052077
B,Reddit-S,44,text,3,1,0.10499062389135361,-0.02389942956470751,4.942462449688928e-06,0.02389942956470751,-0.023905593901872635,-0.023902724497020245,-0.023899690248072147,-0.02389644831418991,-0.023893037624657155,0.0002363571902956723,-0.004115185012583036,0.004179364504835768,0.004967672904328165,-0.009417571127414703,-0.007684638258069754,-0.004522925475612283,-0.0009929622465278953,0.0018288566730916504,0.8242717836731901,0.002638452711846293,0.0015439196297546286,0.002638452711846293,0.0006510257138870657,0.0012720694649033248,0.0025256338994950056,0.003891375265084207,0.004841172276064755,0.1754918546555502,-0.039356665997737246,0.004821677308817096,0.039356665997737246,-0.04563158378005028,-0.04317315202206373,-0.039812639355659485,-0.03583361580967903,-0.032356657460331915,1.0,0.999999995519036
B,Reddit-S,44,visual,0,1,0.11003483086824417,0.07373654831032551,0.0006031057572746106,0.07373654831032551,0.07300053611397743,0.07334710843861103,0.07372143119573593,0.07406877726316452,0.07438296228647232,-0.07903031151632794,0.02424466761684415,0.004835007665078353,0.02424466761684415,0.019406329467892648,0.02341208467260003,0.025886667892336845,0.0270974594168365,0.027764955535531044,0.7059881518359341,0.003839112726931548,0.0032253029560674142,0.003839112726931548,0.0006868576456326991,0.0012708294088952243,0.0026413435116410255,0.005866705323569477,0.00983624365180731,0.37304208686811785,0.27594315380934303,0.005869799017330179,0.27594315380934303,0.26915135979652405,0.2735682502388954,0.276150107383728,0.28024937957525253,0.2829271018505096,1.0,0.999999927187724
B,Reddit-S,44,visual,1,1,0.11003483086824417,-0.024386305657074902,0.00021281725621312932,0.024386305657074902,-0.02461430858820677,-0.024503374006599188,-0.024380854330956936,-0.02424888964742422,-0.024126766063272954,-0.03451150732504049,-0.012693709082306085,0.0036147542278434992,0.012856230161830323,-0.015818957053124905,-0.014900365844368935,-0.0135915856808424,-0.011638422030955553,-0.009374986588954925,0.9749994899069147,-0.0010313245941011165,0.0008664330799636375,0.0010313245941011165,-0.0026423709001392125,-0.00157600938109681,-0.0007095604087226093,-0.00034139076160499826,-0.00018451481882948427,0.05951210781079814,0.07210080036936847,0.0036158323081995317,0.07210080036936847,0.06909268870949745,0.0700132604688406,0.07114487886428833,0.07309387996792793,0.0756296008825302,1.0,1.0000000903926722
B,Reddit-S,44,visual,2,1,0.11003483086824417,-0.024479105633009535,0.00020711361971122267,0.024479105633009535,-0.024701076932251452,-0.024593149311840534,-0.024473875761032104,-0.024345311801880598,-0.024226443842053413,-0.05738695566298031,-0.012273496938397074,0.002133683745179658,0.012273496938397074,-0.014765007793903351,-0.014056115411221981,-0.012415665201842785,-0.011041148332878947,-0.009485557954758405,0.7603236552364213,-0.0012851133434474827,0.0010796452624910774,0.0012851133434474827,-0.0032926065148785708,-0.001963834394700825,-0.0008841693052090704,-0.0004254003142705187,-0.00022992029844317585,0.297063489366167,0.6669358622469781,0.0026023762199447313,0.6669358622469781,0.6631388008594513,0.6653864830732346,0.6668440997600555,0.6686465591192245,0.6703065514564515,1.0,1.000000188939608
B,Reddit-S,44,visual,3,1,0.11003483086824417,-0.024871136845625412,0.0001831748563914909,0.024871136845625412,-0.025067590549588202,-0.024972262792289257,-0.02486675512045622,-0.02475283807143569,-0.024647368863224984,-0.04317440940823912,-0.00974411952432479,0.0022958617010324523,0.00974411952432479,-0.011664971616119147,-0.011183319613337517,-0.010274933651089668,-0.009394815191626549,-0.0069020355585962525,0.7487929475287245,-0.0015226748536924183,0.001279224668448839,0.0015226748536924183,-0.003901266283355653,-0.002326861838810146,-0.001047613681294024,-0.000504038340295665,-0.0002724225574638694,0.2943813627391806,-0.05372650557745736,0.0027605495307268337,0.05372650557745736,-0.05701794661581516,-0.05513027589768171,-0.0541162621229887,-0.05286054313182831,-0.04991869144141674,1.0,0.999999900859666
AB,Reddit-S,44,text,0,1,0.10732077807188034,0.07206482422091953,0.00035230644599310365,0.07206482422091953,0.07159374579787255,0.07179308123886585,0.0720657929778099,0.07232354395091534,0.07254267409443856,-0.040874585178736676,0.015415655488362507,0.0072616057221298585,0.015576406335811383,0.005259230453521013,0.010453232796862721,0.016414682380855083,0.021234048064798117,0.02410290539264679,1.0412307427008631,4.162095818023334e-05,2.922727099868116e-05,4.162095818023334e-05,9.15061573323328e-06,1.7457415651733754e-05,3.664545693027321e-05,5.955604501650669e-05,8.166100960806944e-05,-0.0003561418412617312,0.2559912616488498,0.006971073677961527,0.2559912616488498,0.2462170749902725,0.25125061720609665,0.2569834589958191,0.261546827852726,0.26428895592689516,1.0,1.0000000156808648
AB,Reddit-S,44,text,1,1,0.10732077807188034,-0.02368780126511803,0.0001298037713700305,0.02368780126511803,-0.023863879032433033,-0.023783071897923946,-0.02368806954473257,-0.023587622679769993,-0.023514300212264062,-0.01477298878003039,-0.010993071458671058,0.00554819722173486,0.011043988639138802,-0.018284358084201813,-0.015835842117667198,-0.010844478849321604,-0.0065392026444897056,-0.0036699140910059205,1.0152752351655592,-6.641144341022581e-05,4.663576570767986e-05,6.641144341022581e-05,-0.00013030035042902455,-9.502912143943831e-05,-5.8472409364185296e-05,-2.7855490316142095e-05,-1.4600951453758168e-05,-0.0005022347414848235,0.07301991034500237,0.005463506272509753,0.07301991034500237,0.06584544032812119,0.06828048080205917,0.0731421671807766,0.07739416882395744,0.08023312017321586,1.0,1.000000011644044
AB,Reddit-S,44,text,2,1,0.10732077807188034,-0.023960724066578697,0.00011971864514661092,0.023960724066578697,-0.024123109877109528,-0.0240486366674304,-0.023961049504578114,-0.023868378717452288,-0.023800646699965,-0.02861109862979988,-0.004198730811352461,0.0029402074917401094,0.004360499004139081,-0.008044939767569304,-0.006958388374187052,-0.004139752825722098,-0.0018341252580285072,-0.00028615412011276923,1.0295096786128133,-3.243588545087186e-05,2.277728469295956e-05,3.243588545087186e-05,-6.363974171108566e-05,-4.641299165086821e-05,-2.855839647963876e-05,-1.3604846571979579e-05,-7.1312226282316245e-06,-0.0008984142507192586,0.6744883990488788,0.0028545265452404457,0.6744883990488788,0.6707650125026703,0.6718004196882248,0.6745366454124451,0.6767757833003998,0.6783014953136444,1.0,1.000000165732294
AB,Reddit-S,44,text,3,1,0.10732077807188034,-0.024416298944185715,0.00010278404997454685,0.024416298944185715,-0.024555662460625172,-0.024491812102496624,-0.02441676240414381,-0.024337070528417826,-0.02427879422903061,-0.01857701776620825,-0.006554020265598795,0.004083887779046873,0.0067429818226855814,-0.012012630887329578,-0.010021144291386008,-0.0063705837819725275,-0.0036457524984143674,-0.0012416132260113955,1.0177201407897387,5.722637678304001e-05,4.018578366504515e-05,5.722637678304001e-05,1.2581560167745921e-05,2.4002923055377323e-05,5.0385355280013755e-05,8.188607171177864e-05,0.00011227909490116874,0.0008568769640922253,-0.05079815228359158,0.004012058066445831,0.05079815228359158,-0.05615445151925087,-0.0542075727134943,-0.05062354356050491,-0.04793883394449949,-0.04557380117475986,1.0,0.9999999999876227
AB,Reddit-S,44,visual,0,1,0.11049999296665192,0.07401232170420381,0.0007047391005715945,0.07401232170420381,0.0730220578610897,0.07366558164358139,0.0740344189107418,0.07436943799257278,0.07478439807891846,-0.14908539653125769,0.013985000265240428,0.0029752100694901895,0.013985000265240428,0.011186910420656204,0.012959250248968601,0.014858497772365808,0.015826385002583265,0.016495588421821594,1.1500669531440715,9.282478112626029e-05,0.0001120621734276909,9.282478112626029e-05,1.2945307116751795e-05,2.261451300000772e-05,4.892082870355807e-05,0.00011952110435231589,0.00023888592695584524,-0.0009818722137937017,0.2595573164081069,0.0025345134984407543,0.2595573164081069,0.2571261703968048,0.25867968052625656,0.2601111829280853,0.2611592561006546,0.2617834538221359,1.0,0.9999996843990201
AB,Reddit-S,44,visual,1,1,0.11049999296665192,-0.024461746258126523,0.00024965671727911204,0.024461746258126523,-0.024735230021178722,-0.024588126223534346,-0.02446943335235119,-0.024338778108358383,-0.024111241288483142,-0.07254301041423429,-0.014926464520420584,0.002414133606543738,0.014926464520420584,-0.01695977058261633,-0.01641769101843238,-0.015459686517715454,-0.01442570798099041,-0.012653705570846795,1.071522154438171,-3.1362294219022046e-05,3.786194603942348e-05,3.1362294219022046e-05,-8.071132397162728e-05,-4.0382062252319884e-05,-1.6528661944903433e-05,-7.64066453484702e-06,-4.37377298112551e-06,0.0010207372921353078,0.06289641908003735,0.0022458557544071237,0.06289641908003735,0.0611050508916378,0.0615438399836421,0.06237690895795822,0.06334521993994713,0.06502824574708939,1.0,0.999999881316072
AB,Reddit-S,44,visual,2,1,0.11049999296665192,-0.02457234059951846,0.000241859096113877,0.02457234059951846,-0.024837301485240458,-0.024694837629795074,-0.024579856544733047,-0.024453296326100826,-0.02423259187489748,-0.08540720477927598,-0.018462445625827436,0.0020275253783505393,0.018462445625827436,-0.020985222421586514,-0.020054650492966175,-0.018783886916935444,-0.017188111320137978,-0.01597569528967142,1.0827432387748614,-3.178200756747217e-05,3.83686425138188e-05,3.178200756747217e-05,-8.179145952453837e-05,-4.092248400411336e-05,-1.674986106081633e-05,-7.742917432551621e-06,-4.432306104718006e-06,0.0026620986441779093,0.6542243304921048,0.001864571232938691,0.6542243304921048,0.6520244896411895,0.652698814868927,0.6538569033145905,0.6554149985313416,0.6566266417503357,1.0,0.9999981326397633
AB,Reddit-S,44,visual,3,1,0.11049999296665192,-0.024978234941132552,0.00021322447133974737,0.024978234941132552,-0.025211894512176515,-0.025086520239710808,-0.024985138326883316,-0.024873492773622274,-0.024678228050470354,-0.08719968189292443,-0.010681752597731967,0.0013657924698102899,0.010681752597731967,-0.011943756975233555,-0.01150953909382224,-0.010928224306553602,-0.010171103291213512,-0.009492526482790708,1.0846341969654545,-2.9680479338037497e-05,3.5831584881352995e-05,2.9680479338037497e-05,-7.638314564246684e-05,-3.821655900537735e-05,-1.564230569783831e-05,-7.230931032609078e-06,-4.139228030908268e-06,0.002565467434261692,-0.060937571557637384,0.0012474452451453643,0.060937571557637384,-0.06211779341101646,-0.06169735360890627,-0.06113051436841488,-0.06048324052244425,-0.05984131209552288,1.0,0.9999999825067918
V3,Reddit-S,44,text,0,1,0.10488016903400421,0.07076223232756775,1.5342797569095596e-05,0.07076223232756775,0.07074342146515847,0.07075220346450806,0.07076091691851616,0.0707725789397955,0.07078372463583946,-0.0010749522223481944,0.01036761582942411,0.009729959043367018,0.012314789222741042,-0.003962382534518838,0.0031566082034260035,0.012406943365931511,0.01848757266998291,0.02161712758243084,1.0212199159292654,0.0017165471725671775,0.0008327363342496424,0.0017165471725671775,0.0006683928077109158,0.0010626155126374215,0.001656901033129543,0.0023156366078183055,0.002850097860209644,-0.0201449594302193,0.24748914644011494,0.00949476979995316,0.24748914644011494,0.23338644057512284,0.24052691459655762,0.24947881698608398,0.25534581393003464,0.25844436287879946,1.0,1.0000000042766979
V3,Reddit-S,44,text,1,1,0.10488016903400421,-0.023323084322431673,5.5773943065269185e-06,0.023323084322431673,-0.023330947570502757,-0.02332686772570014,-0.02332257851958275,-0.023319412022829056,-0.02331629451364279,-0.0004175131111040887,-0.010911897125576083,0.005371553042761254,0.01096397173230785,-0.018284338898956774,-0.01529896236024797,-0.01086759241297841,-0.006886728690005839,-0.003637519315816461,1.0299011347557665,-0.002126002698681426,0.0010313725842739626,0.002126002698681426,-0.003529944224283099,-0.0028679955867119133,-0.002052128897048533,-0.0013160858361516148,-0.0008278274326585233,-0.02948361319533648,0.08096296578360695,0.005120619339053311,0.08096296578360695,0.07410518899559974,0.07670648954808712,0.08100600913167,0.08486736379563808,0.08782201111316681,1.0,1.000000008449326
V3,Reddit-S,44,text,2,1,0.10488016903400421,-0.023539469304549757,5.197007452224974e-06,0.023539469304549757,-0.023546734265983103,-0.023542985320091248,-0.023539036512374878,-0.02353608049452305,-0.023533089086413383,-0.0007149014053446973,-0.007132760360323226,0.0034141399048213906,0.0071637961987972044,-0.01167128374800086,-0.009909684536978602,-0.007347521372139454,-0.004474784363992512,-0.00250411129090935,1.0306382631712236,-0.0011804183594504275,0.0005726479719994257,0.0011804183594504275,-0.0019599274499341847,-0.001592394255567342,-0.0011394014582037926,-0.0007307289924938232,-0.00045963379670865834,-0.02992332428759002,0.6802645471203442,0.0032671054155397243,0.6802645471203442,0.6759881615638733,0.6776086241006851,0.680170327425003,0.6827546656131744,0.6847010374069213,1.0,1.000000037478289
V3,Reddit-S,44,text,3,1,0.10488016903400421,-0.023899678707969396,4.571578589515716e-06,0.023899678707969396,-0.023906059563159943,-0.02390276826918125,-0.023899300955235958,-0.02389669604599476,-0.023894064128398895,-0.00042358253692979385,-0.007045145173302793,0.0039042522895583634,0.007089661611298522,-0.012355450075119734,-0.010720908408984542,-0.0067019297275692225,-0.003759809653274715,-0.0020541938487440344,0.9254256446114977,0.0015898736842360726,0.0007712841247969808,0.0015898736842360726,0.0006190683925524354,0.0009841991995926946,0.0015346291474997997,0.0021447528852149844,0.002639773348346353,0.07499793497766746,-0.03979309254288542,0.004149279363408608,0.03979309254288542,-0.04551733508706093,-0.04357810504734516,-0.03950324468314648,-0.03637520968914032,-0.034505830705165864,1.0,0.9999999970522353
V3,Reddit-S,44,visual,0,1,0.10814712196588516,0.07285906026113839,0.0001351020245004664,0.07285906026113839,0.07274849191308022,0.07276380062103271,0.07279696688055992,0.07291418686509132,0.0730974942445755,-0.017419915409011225,0.015108770622202328,0.004823614185198402,0.015109550528947635,0.007659423863515259,0.012775628827512264,0.016626507975161076,0.018847239203751087,0.01966360379010439,0.7383985159118245,0.0030928359131223034,0.0024011809520659688,0.0030928359131223034,0.000589903153013438,0.001046183257130906,0.002442367491312325,0.004738402087241411,0.006962258322164417,0.2790213850806173,0.2589761154011044,0.0061074093443414315,0.2589761154011044,0.24971054792404174,0.2555958479642868,0.2602580487728119,0.26323720812797546,0.2662161409854889,1.0,0.9999999855834305
V3,Reddit-S,44,visual,1,1,0.10814712196588516,-0.02413589976952033,4.720433652373502e-05,0.02413589976952033,-0.024219198897480965,-0.02415509894490242,-0.024114204570651054,-0.02410260494798422,-0.024097266234457494,-0.010606619955514596,-0.017233317756348697,0.002666232091990634,0.017233317756348697,-0.020211637392640112,-0.01962687401100993,-0.017651138827204704,-0.01535451877862215,-0.013894851505756377,0.8862675978129377,-0.0007222228775719822,0.0005607112259074777,0.0007222228775719822,-0.00162579013267532,-0.0011064869177062064,-0.000570328877074644,-0.00024429926270386204,-0.00013775110710412264,0.12433900220342513,0.06744714461691698,0.002970479519182249,0.06744714461691698,0.06400777921080589,0.06482147425413132,0.06704839691519737,0.06969274207949638,0.07122926488518715,1.0,0.9999999800608482
V3,Reddit-S,44,visual,2,1,0.10814712196588516,-0.024205390836683043,4.622932151722151e-05,0.024205390836683043,-0.024286973103880883,-0.024224274791777134,-0.02418414130806923,-0.024172814562916756,-0.024167541414499283,-0.017266277060030876,-0.00644492906014151,0.0011138271044964128,0.00644492906014151,-0.007650222582742572,-0.007186124799773097,-0.006669421913102269,-0.005917168688029051,-0.00491699823178351,0.6522628581823037,-0.0009535810536204911,0.0007403304692179006,0.0009535810536204911,-0.0021465987665578723,-0.0014609409554395825,-0.000753029074985534,-0.00032255852420348674,-0.00018187853856943548,0.36500162362163724,0.6727285706443398,0.0015400365857021698,0.6727285706443398,0.6706484138965607,0.6716439425945282,0.6727182865142822,0.6736391633749008,0.6746620655059814,1.0,0.99999820474391
V3,Reddit-S,44,visual,3,1,0.10814712196588516,-0.0245177694669595,4.1668517625814066e-05,0.0245177694669595,-0.024591310508549215,-0.024534798227250576,-0.024498621933162212,-0.024488399270921946,-0.024483649618923665,-0.012310567835707036,-0.009709109532516401,0.0014291398984380317,0.009709109532516401,-0.011054378654807805,-0.010637462604790926,-0.010064116213470697,-0.009171549696475267,-0.008101029973477124,0.5954739426342924,-0.0014170315516314725,0.0011001389216892523,0.0014170315516314725,-0.0031898684566840528,-0.002170973632019013,-0.0011190091609023511,-0.00047932538291206583,-0.00027027344913221896,0.41683656687932763,-0.05386651630817014,0.002138326466794748,0.05386651630817014,-0.056592604517936705,-0.05545588489621878,-0.053945817053318024,-0.05253077019006014,-0.0514143880456686,1.0,0.9999999416779131
V3.1,Reddit-S,44,text,0,0,0.0,0.0,0.0,0.0,0.0,0.0,0.0,0.0,0.0,0.0,0.04086378075361185,0.006437729653235553,0.04086378075361185,0.03192712366580963,0.03788249101489782,0.04253343679010868,0.04572216048836708,0.04729971401393414,1.003987273420424,0.00047311847211935573,0.0002370999251001486,0.00047311847211935573,0.00018921462469734251,0.00028398957510944456,0.00044481772056315094,0.000622406107140705,0.0007861524354666471,-0.003987277102146431,0.24532172606810992,0.006407862839673322,0.24532172606810992,0.23640236556529998,0.24237127602100372,0.2469743862748146,0.2501366287469864,0.2517110049724579,1.0,0.9999999963182776
V3.1,Reddit-S,44,text,1,0,0.0,0.0,0.0,0.0,0.0,0.0,0.0,0.0,0.0,0.0,-0.04522125000572173,0.0027780559793229007,0.04522125000572173,-0.048228681460022925,-0.04739938769489527,-0.04581950604915619,-0.04367420822381973,-0.041151019930839534,1.003885680892923,-0.00014679902489975156,7.356727719546968e-05,0.00014679902489975156,-0.0002439270814647898,-0.00019311994037707336,-0.00013801788009004667,-8.811618135950994e-05,-5.870944514754228e-05,-0.0038856782343425766,0.023884069448053588,0.0027663533570999213,0.023884069448053588,0.020901115052402018,0.021708895452320576,0.02328665740787983,0.02540810126811266,0.027929931692779065,1.0,1.0000000026585805
V3.1,Reddit-S,44,text,2,0,0.0,0.0,0.0,0.0,0.0,0.0,0.0,0.0,0.0,0.0,-0.034344288662258346,0.003688136726545935,0.034344288662258346,-0.03878806382417679,-0.037593827582895756,-0.03491329401731491,-0.03136505652219057,-0.02929357662796974,1.0012357635205602,-0.00018132491821290533,9.086968067622392e-05,0.00018132491821290533,-0.0003012966830283403,-0.00023854012033552863,-0.00017047851724782959,-0.00010884036419156473,-7.251741262734867e-05,-0.0012358544010497752,0.6296761229951171,0.0036824692664826474,0.6296761229951171,0.6252732157707215,0.6264085620641708,0.6290720403194427,0.6326431334018707,0.6347403764724732,1.0,0.9999999091195104
V3.1,Reddit-S,44,text,3,0,0.0,0.0,0.0,0.0,0.0,0.0,0.0,0.0,0.0,0.0,-0.03600749793978451,0.005581972052371059,0.03600749793978451,-0.0421036459505558,-0.04059932939708233,-0.03747324272990227,-0.032049269415438175,-0.027959845215082168,1.002675003569163,-0.0001449945614546132,7.266298341557071e-05,0.0001449945614546132,-0.00024092872045002877,-0.0001907460937218275,-0.00013632135232910514,-8.703305320523214e-05,-5.7987784020951946e-05,-0.002675008536313129,-0.09474312071550774,0.005566628203372331,0.09474312071550774,-0.10080662369728088,-0.09933012910187244,-0.09622389450669289,-0.09080013632774353,-0.08671541064977646,1.0,0.9999999950328499
V3.1,Reddit-S,44,visual,0,0,0.0,0.0,0.0,0.0,0.0,0.0,0.0,0.0,0.0,0.0,0.031207985547807748,0.004213485911798959,0.031207985547807748,0.03019603155553341,0.03126089833676815,0.03230459988117218,0.03282279893755913,0.033122772723436354,1.000804707964775,0.00020381618655163991,0.00018518905435078423,0.00020381618655163991,7.509360802941956e-05,0.00011225955677218735,0.000150954321725294,0.000194340776943136,0.0004198679758701475,-0.0008044982178271802,0.22602171215719888,0.00420603101057067,0.22602171215719888,0.22495341747999192,0.2260475531220436,0.2271251454949379,0.22763760015368462,0.22794318795204163,1.0,1.0000002097469478
V3.1,Reddit-S,44,visual,1,0,0.0,0.0,0.0,0.0,0.0,0.0,0.0,0.0,0.0,0.0,-0.031034085369240332,0.0035557635235761785,0.031034085369240332,-0.03271038085222244,-0.03244607802480459,-0.03187619149684906,-0.031153550371527672,-0.030020619370043276,0.9995948748906127,-6.451366218762785e-05,5.861764106247353e-05,6.451366218762785e-05,-0.0001329002421698533,-6.151442175905686e-05,-4.7781366447452456e-05,-3.553336500772275e-05,-2.3769277686369595e-05,0.00040507648089158424,0.04327633751834491,0.0035567215366699217,0.04327633751834491,0.04159467406570912,0.04186235088855028,0.04243351332843304,0.04315899312496185,0.044289477914571766,1.0,0.9999999513715043
V3.1,Reddit-S,44,visual,2,0,0.0,0.0,0.0,0.0,0.0,0.0,0.0,0.0,0.0,0.0,-0.036080198260630074,0.0018040179064262318,0.036080198260630074,-0.03746102601289749,-0.037159161642193794,-0.03653329238295555,-0.035660515539348125,-0.03474591933190822,0.9961240565190342,-6.858989700498716e-05,6.232134137279871e-05,6.858989700498716e-05,-0.00014129742194199932,-6.540115646203049e-05,-5.08003868162632e-05,-3.777850724873133e-05,-2.5271117192460213e-05,0.0038745882137260945,0.6331916440616273,0.001809970091740965,0.6331916440616273,0.6318003535270691,0.6320994794368744,0.6327374279499054,0.6336307525634766,0.6345476329326629,1.0,0.9999986447327603
V3.1,Reddit-S,44,visual,3,0,0.0,0.0,0.0,0.0,0.0,0.0,0.0,0.0,0.0,0.0,-0.03080370991906929,0.002444771566857569,0.03080370991906929,-0.0323651235550642,-0.03196841757744551,-0.03139930032193661,-0.03055403381586075,-0.029200210608541964,0.9982275999895994,-7.071263444303092e-05,6.425007794421855e-05,7.071263444303092e-05,-0.00014567032631020992,-6.742520417901687e-05,-5.237257028056774e-05,-3.894768815371208e-05,-2.6053213696286536e-05,0.001772242609976807,-0.08422847715892837,0.002448270322993868,0.08422847715892837,-0.08579836338758469,-0.08540570177137852,-0.08481663092970848,-0.08396855741739273,-0.08260700702667237,1.0,0.9999998425995762
