row_type,variant,dataset,seed,modality,hop,semantic_bias,rho_p,rho_d,alpha_corrected_range_ratio,alpha_fraction_lt_0.05,alpha_fraction_gt_0.95,alpha_mean,alpha_std,alpha_abs_mean,alpha_q10,alpha_q25,alpha_q50,alpha_q75,alpha_q90,p_mean,p_std,p_abs_mean,p_q10,p_q25,p_q50,p_q75,p_q90,term_p_mean,term_p_std,term_p_abs_mean,term_p_q10,term_p_q25,term_p_q50,term_p_q75,term_p_q90,d_mean,d_std,d_abs_mean,d_q10,d_q25,d_q50,d_q75,d_q90,seed_a,seed_b,metric,pearson,spearman
run,B,Movies,42,text,1,0.033710282295942307,0.055679015815258026,0.05289480462670326,2.01001892766587,0.0,0.0,0.16517045307768627,0.010136777353221943,0.16517045307768627,0.152030748128891,0.15882597118616104,0.16522259265184402,0.17184729129076004,0.17820384800434114,9.642089801320303,1.3332579798116937,9.642089801320303,7.872617292404175,8.835915803909302,9.695833206176758,10.531376123428345,11.31238317489624,0.5368620706784705,0.07423449238880203,0.5368620706784705,0.43833957314491273,0.4919750988483429,0.5398544371128082,0.5863766521215439,0.6298623561859131,0.08648259899509274,0.07660380025054098,0.08648259899509274,0.014229387044906616,0.032102882862091064,0.06447333097457886,0.11622294783592224,0.18985476493835443,,,,,
run,B,Movies,42,text,2,0.05433971807360649,0.055679015815258026,0.05289480462670326,2.0051853485174007,0.0,0.0,0.16808934809350465,0.01026576351842961,0.16808934809350465,0.15481413155794144,0.16162817180156708,0.1681317761540413,0.1748276725411415,0.18128157705068587,9.642089801320303,1.3332579798116937,9.642089801320303,7.872617292404175,8.835915803909302,9.695833206176758,10.531376123428345,11.31238317489624,0.5368620706784705,0.07423449238880203,0.5368620706784705,0.43833957314491273,0.4919750988483429,0.5398544371128082,0.5863766521215439,0.6298623561859131,0.0942792510023902,0.07641445082370216,0.0942792510023902,0.021798771619796754,0.040369659662246704,0.07197391986846924,0.12458673119544983,0.20100911259651183,,,,,
run,B,Movies,42,text,3,-0.06324069947004318,0.055679015815258026,0.05289480462670326,2.003957115286341,0.0,0.0,0.15236420157515657,0.009468376534933435,0.15236420157515657,0.1401466578245163,0.14637967944145203,0.15238036215305328,0.15856272727251053,0.16456096321344377,9.642089801320303,1.3332579798116937,9.642089801320303,7.872617292404175,8.835915803909302,9.695833206176758,10.531376123428345,11.31238317489624,0.5368620706784705,0.07423449238880203,0.5368620706784705,0.43833957314491273,0.4919750988483429,0.5398544371128082,0.5863766521215439,0.6298623561859131,0.10473059748447788,0.08170544869142271,0.10473059748447788,0.027093493938446046,0.04678225517272949,0.08115142583847046,0.13740158081054688,0.22128067612648006,,,,,
run,B,Movies,42,visual,1,0.02275410108268261,-0.057977624237537384,0.004010290373116732,1.980692308429217,0.0,0.0,0.10811177071545008,0.011418242078425072,0.10811177071545008,0.09335817173123359,0.1007558349519968,0.10814524441957474,0.11537264287471771,0.12230957075953483,-1.002675975499737,2.0610522812321874,1.8582507900344374,-3.504316735267639,-2.362309455871582,-1.1059027314186096,0.258086159825325,1.7179206132888787,0.058132770946249974,0.11949491459253272,0.10773696599812012,-0.0996009550988674,-0.014963222667574883,0.06411761045455933,0.13696108385920525,0.20317195802927016,0.15053750942470132,0.08794407137090093,0.150537509496204,0.03891446590423584,0.08036743104457855,0.14365944266319275,0.21022197604179382,0.2700541436672211,,,,,
run,B,Movies,42,visual,2,-0.0016683489084243774,-0.057977624237537384,0.004010290373116732,1.979787108985268,0.0,0.0,0.10578619124593067,0.011201064713922577,0.10578619124593067,0.09131626039743423,0.09857087954878807,0.10582006722688675,0.11291062459349632,0.1197059027850628,-1.002675975499737,2.0610522812321874,1.8582507900344374,-3.504316735267639,-2.362309455871582,-1.1059027314186096,0.258086159825325,1.7179206132888787,0.058132770946249974,0.11949491459253272,0.10773696599812012,-0.0996009550988674,-0.014963222667574883,0.06411761045455933,0.13696108385920525,0.20317195802927016,0.1607668676776472,0.07972884113522924,0.1607668676776472,0.058158439397811894,0.09802867472171783,0.15657126903533936,0.21556484699249268,0.26690339446067807,,,,,
run,B,Movies,42,visual,3,-0.06471933424472809,-0.057977624237537384,0.004010290373116732,1.9796123493452167,0.0,0.0,0.09998403446911522,0.010654298785239257,0.09998403446911522,0.086228908598423,0.09311487711966038,0.10000643879175186,0.10675663873553276,0.11323430836200714,-1.002675975499737,2.0610522812321874,1.8582507900344374,-3.504316735267639,-2.362309455871582,-1.1059027314186096,0.258086159825325,1.7179206132888787,0.058132770946249974,0.11949491459253272,0.10773696599812012,-0.0996009550988674,-0.014963222667574883,0.06411761045455933,0.13696108385920525,0.20317195802927016,0.18413804860467417,0.08472841810147691,0.18413804860467417,0.07672223448753357,0.11657564342021942,0.17944079637527466,0.24339830875396729,0.2973046422004699,,,,,
run,V3,Movies,42,text,1,0.02967669628560543,-0.05196281149983406,0.05507611110806465,2.0285403579341423,0.0,0.0,0.10827349204947231,0.0004293043108797493,0.10827349204947231,0.10786537751555443,0.10797885246574879,0.10816872492432594,0.10846193321049213,0.10884532630443573,-0.9900628194506075,0.019276308831800603,0.9900628194506075,-0.9986589610576629,-0.9977461397647858,-0.9958824515342712,-0.9909269660711288,-0.977672004699707,0.05144644765737028,0.0010016511994566078,0.05144644765737028,0.0508025873452425,0.05149135086685419,0.0517488531768322,0.051845693960785866,0.051893127337098124,0.09422849718974671,0.07848878485578623,0.09422849718974671,0.016101592779159547,0.037057891488075256,0.07396110892295837,0.12911419570446014,0.2007812440395355,,,,,
run,V3,Movies,42,text,2,0.053640738129615784,-0.05196281149983406,0.05507611110806465,2.0560545639203043,0.0,0.0,0.11065855239707469,0.00042849672563883244,0.11065855239707469,0.11024356856942177,0.11036704666912556,0.11055641993880272,0.11085175350308418,0.11124015226960182,-0.9900628194506075,0.019276308831800603,0.9900628194506075,-0.9986589610576629,-0.9977461397647858,-0.9958824515342712,-0.9909269660711288,-0.977672004699707,0.05144644765737028,0.0010016511994566078,0.05144644765737028,0.0508025873452425,0.05149135086685419,0.0517488531768322,0.051845693960785866,0.051893127337098124,0.10336904751490837,0.07674964811239886,0.10336904751490837,0.026520395278930665,0.04825654625892639,0.08358520269393921,0.13772158324718475,0.2097862422466278,,,,,
run,V3,Movies,42,text,3,-0.06324806064367294,-0.05196281149983406,0.05507611110806465,2.102847501063078,0.0,0.0,0.09973511521144987,0.0004197691229479801,0.09973511521144987,0.09932131692767143,0.09944568946957588,0.09963363781571388,0.0999205894768238,0.10031995922327042,-0.9900628194506075,0.019276308831800603,0.9900628194506075,-0.9986589610576629,-0.9977461397647858,-0.9958824515342712,-0.9909269660711288,-0.977672004699707,0.05144644765737028,0.0010016511994566078,0.05144644765737028,0.0508025873452425,0.05149135086685419,0.0517488531768322,0.051845693960785866,0.051893127337098124,0.11695593492898397,0.08276550623900665,0.11695593492898397,0.03346729278564453,0.05731068551540375,0.09564101696014404,0.1537467986345291,0.2332328975200653,,,,,
run,V3,Movies,42,visual,1,0.017871571704745293,0.05247518792748451,0.0008788238628767431,1.5388730341367438,0.0,0.0,0.10280076472710768,0.003020235376845672,0.10280076472710768,0.09796650931239129,0.10019480623304844,0.10357856750488281,0.10555142164230347,0.10620966032147408,0.2263603343708487,0.6285066516505411,0.6012311107125538,-0.7868841648101806,-0.3106740191578865,0.39430123567581177,0.7963414192199707,0.9286353826522826,0.011878301078269437,0.032981004652765315,0.031549715515323935,-0.04129189476370811,-0.016302678268402815,0.02069103065878153,0.041788166388869286,0.048730315268039705,0.14388477262788793,0.08624277309008736,0.14388477264218846,0.036296975612640385,0.07490785419940948,0.1361910104751587,0.20146265625953674,0.26002079248428345,,,,,
run,V3,Movies,42,visual,2,-0.004297610372304916,0.05247518792748451,0.0008788238628767431,1.539090414817331,0.0,0.0,0.10077504677235036,0.00296733101005551,0.10077504677235036,0.09602614343166352,0.09821535088121891,0.10153790935873985,0.10347716510295868,0.1041245512664318,0.2263603343708487,0.6285066516505411,0.6012311107125538,-0.7868841648101806,-0.3106740191578865,0.39430123567581177,0.7963414192199707,0.9286353826522826,0.011878301078269437,0.032981004652765315,0.031549715515323935,-0.04129189476370811,-0.016302678268402815,0.02069103065878153,0.041788166388869286,0.048730315268039705,0.1548468059111179,0.07910143568706797,0.1548468059111179,0.054174172878265384,0.09120573103427887,0.15018397569656372,0.20790384709835052,0.25891627073287965,,,,,
run,V3,Movies,42,visual,3,-0.06065534055233002,0.05247518792748451,0.0008788238628767431,1.5381647566546788,0.0,0.0,0.09578378975879394,0.0028358090223666583,0.09578378975879394,0.091245636343956,0.09333573654294014,0.09651242569088936,0.09836727753281593,0.0989849753677845,0.2263603343708487,0.6285066516505411,0.6012311107125538,-0.7868841648101806,-0.3106740191578865,0.39430123567581177,0.7963414192199707,0.9286353826522826,0.011878301078269437,0.032981004652765315,0.031549715515323935,-0.04129189476370811,-0.016302678268402815,0.02069103065878153,0.041788166388869286,0.048730315268039705,0.17750146460581764,0.08415329894905056,0.17750146460581764,0.07204355597496033,0.1095220297574997,0.17277085781097412,0.23501278460025787,0.28816750049591067,,,,,
run,B,Movies,43,text,1,0.023635564371943474,-0.05040916055440903,0.05309542641043663,1.9730652996024167,0.0,0.0,0.1426412513530536,0.008854202741243569,0.1426412513530536,0.13183687180280684,0.1370282992720604,0.1423579454421997,0.14840365201234818,0.154281185567379,-7.398343948186188,1.439590865177705,7.398343948186188,-9.25110387802124,-8.36125898361206,-7.401902437210083,-6.504562616348267,-5.617923450469972,0.3729443079635551,0.07256856702702626,0.3729443079635551,0.28319480121135715,0.3278895393013954,0.3731236904859543,0.4214840531349182,0.46634038388729093,0.09859055708986555,0.08084620441047925,0.09859055708986555,0.01756812930107117,0.039663344621658325,0.07769462466239929,0.13421274721622467,0.20855504274368283,,,,,
run,B,Movies,43,text,2,0.04981759935617447,-0.05040916055440903,0.05309542641043663,1.9767812705912613,0.0,0.0,0.14592924148904343,0.00902752235301414,0.14592924148904343,0.1349247545003891,0.1402069516479969,0.1456364542245865,0.15179134532809258,0.15782456696033478,-7.398343948186188,1.439590865177705,7.398343948186188,-9.25110387802124,-8.36125898361206,-7.401902437210083,-6.504562616348267,-5.617923450469972,0.3729443079635551,0.07256856702702626,0.3729443079635551,0.28319480121135715,0.3278895393013954,0.3731236904859543,0.4214840531349182,0.46634038388729093,0.10735468796298851,0.07877157824721476,0.10735468796298851,0.028156065940856935,0.04981948435306549,0.08770495653152466,0.14274410903453827,0.21535091996192926,,,,,
run,B,Movies,43,text,3,-0.054425593465566635,-0.05040916055440903,0.05309542641043663,1.9730505913440148,0.0,0.0,0.13349644769110042,0.008379058444386467,0.13349644769110042,0.12332799583673477,0.1281770095229149,0.13320546597242355,0.13893356174230576,0.14455121755599976,-7.398343948186188,1.439590865177705,7.398343948186188,-9.25110387802124,-8.36125898361206,-7.401902437210083,-6.504562616348267,-5.617923450469972,0.3729443079635551,0.07256856702702626,0.3729443079635551,0.28319480121135715,0.3278895393013954,0.3731236904859543,0.4214840531349182,0.46634038388729093,0.12013040849449196,0.08403498344226408,0.12013040849449196,0.035028493404388426,0.0589216947555542,0.09975379705429077,0.1581757515668869,0.23858525753021237,,,,,
run,B,Movies,43,visual,1,0.026643306016921997,-0.05769282579421997,0.0017717485316097736,1.8584341927155776,0.0,0.0,0.10620602359593043,0.012242354380908756,0.10620602359593043,0.08971101567149162,0.097643518820405,0.10674984008073807,0.11477787233889103,0.12155408412218094,-0.5811055991777778,2.2721775241556554,1.923363530034231,-3.3365123987197873,-2.209444522857666,-0.7964248955249786,0.9247479289770126,2.543219494819641,0.03352562406854182,0.13108834211629292,0.11096427709727132,-0.14672551900148392,-0.05335132032632828,0.045948004350066185,0.12746909260749817,0.19249282777309418,0.14561173921154236,0.08557351014624937,0.14561173921154236,0.037743365764617925,0.07776853442192078,0.1381060779094696,0.20342428982257843,0.26077889800071713,,,,,
run,B,Movies,43,visual,2,-0.00485312519595027,-0.05769282579421997,0.0017717485316097736,1.8575001703366898,0.0,0.0,0.10325931107639666,0.011940986514171472,0.10325931107639666,0.08717169389128684,0.0949004702270031,0.10378403589129448,0.1116202361881733,0.11822866201400757,-0.5811055991777778,2.2721775241556554,1.923363530034231,-3.3365123987197873,-2.209444522857666,-0.7964248955249786,0.9247479289770126,2.543219494819641,0.03352562406854182,0.13108834211629292,0.11096427709727132,-0.14672551900148392,-0.05335132032632828,0.045948004350066185,0.12746909260749817,0.19249282777309418,0.15612209229345742,0.07783570270803444,0.15612209229345742,0.05644817352294922,0.09445512294769287,0.1515451967716217,0.20895789563655853,0.2590546369552612,,,,,
run,B,Movies,43,visual,3,-0.03833496570587158,-0.05769282579421997,0.0017717485316097736,1.8574022940334607,0.0,0.0,0.10020810796033712,0.011626589185332064,0.10020810796033712,0.08454703912138939,0.092065604403615,0.10071491822600365,0.10834475792944431,0.11478397622704506,-0.5811055991777778,2.2721775241556554,1.923363530034231,-3.3365123987197873,-2.209444522857666,-0.7964248955249786,0.9247479289770126,2.543219494819641,0.03352562406854182,0.13108834211629292,0.11096427709727132,-0.14672551900148392,-0.05335132032632828,0.045948004350066185,0.12746909260749817,0.19249282777309418,0.1788739384457669,0.08267556280790025,0.1788739384457669,0.07476397156715393,0.113375723361969,0.17383578419685364,0.23604780435562134,0.28879926800727845,,,,,
run,V3,Movies,43,text,1,0.018514318391680717,0.03894711285829544,0.04020905867218971,2.1150786331764406,0.0,0.0,0.10562799912037224,0.0002703880876592375,0.10562799912037224,0.10537119209766388,0.10545529052615166,0.10556535795331001,0.10573691129684448,0.10596684217453003,0.9774822986107355,0.024122422841106744,0.9774822986107355,0.9544338643550873,0.9719274491071701,0.9837674796581268,0.9915765970945358,0.9953016102313995,0.038070113393107174,0.0009394987152148021,0.038070113393107174,0.03717244379222393,0.03785376623272896,0.038314903154969215,0.03861904703080654,0.038764125853776935,0.07478666691656534,0.06635230846022334,0.07478666691656534,0.011867564916610718,0.027672916650772095,0.05636969208717346,0.10083766281604767,0.16261385083198543,,,,,
run,V3,Movies,43,text,2,0.03795165568590164,0.03894711285829544,0.04020905867218971,2.1738352888738692,0.0,0.0,0.10750720129999013,0.00027016045994098,0.10750720129999013,0.10724789351224899,0.10733262449502945,0.10744321718811989,0.1076134517788887,0.10785836577415467,0.9774822986107355,0.024122422841106744,0.9774822986107355,0.9544338643550873,0.9719274491071701,0.9837674796581268,0.9915765970945358,0.9953016102313995,0.038070113393107174,0.0009394987152148021,0.038070113393107174,0.03717244379222393,0.03785376623272896,0.038314903154969215,0.03861904703080654,0.038764125853776935,0.0822604007289643,0.06499136036204359,0.0822604007289643,0.019637548923492433,0.03621937334537506,0.06478792428970337,0.10842350125312805,0.1706832408905029,,,,,
run,V3,Movies,43,text,3,-0.04052826389670372,0.03894711285829544,0.04020905867218971,2.1869203563753086,0.0,0.0,0.1002452668332586,0.00027203519395283535,0.1002452668332586,0.09998517856001854,0.1000665370374918,0.10017848387360573,0.10035121068358421,0.10060773715376854,0.9774822986107355,0.024122422841106744,0.9774822986107355,0.9544338643550873,0.9719274491071701,0.9837674796581268,0.9915765970945358,0.9953016102313995,0.038070113393107174,0.0009394987152148021,0.038070113393107174,0.03717244379222393,0.03785376623272896,0.038314903154969215,0.03861904703080654,0.038764125853776935,0.0931469651257294,0.0702360757199052,0.0931469651257294,0.024924767017364506,0.043503910303115845,0.07438409328460693,0.12118421494960785,0.19084388613700864,,,,,
run,V3,Movies,43,visual,1,0.011954812332987785,-0.039180297404527664,-0.0036773113533854485,1.6124614719884764,0.0,0.0,0.10099418190014754,0.002000783457835012,0.10099418190014754,0.09817079454660416,0.0992799624800682,0.10103033855557442,0.1027227882295847,0.1037222184240818,0.014302453091173822,0.5624418258815809,0.4856896533302232,-0.7483074903488159,-0.47321391850709915,-0.0013438641326501966,0.49539610743522644,0.8134197294712066,-0.0005603743711849955,0.02203663801222428,0.019029465063581164,-0.031870026141405106,-0.019409766886383295,5.2652996600954793e-05,0.018540662247687578,0.029318910278379916,0.13687022946303043,0.08339397937099832,0.13687022947733096,0.03464968204498291,0.07060422003269196,0.12840068340301514,0.1905800998210907,0.24880163669586178,,,,,
run,V3,Movies,43,visual,2,-0.010021284222602844,-0.039180297404527664,-0.0036773113533854485,1.6141125716696194,0.0,0.0,0.09901317740761945,0.0019657790935820514,0.09901317740761945,0.09623821005225182,0.09733102656900883,0.09904835745692253,0.10071115754544735,0.10169412195682526,0.014302453091173822,0.5624418258815809,0.4856896533302232,-0.7483074903488159,-0.47321391850709915,-0.0013438641326501966,0.49539610743522644,0.8134197294712066,-0.0005603743711849955,0.02203663801222428,0.019029465063581164,-0.031870026141405106,-0.019409766886383295,5.2652996600954793e-05,0.018540662247687578,0.029318910278379916,0.1466723463592797,0.0763852198748857,0.14667234644508292,0.05118537545204163,0.08622537553310394,0.1404763162136078,0.1964690089225769,0.24562795758247374,,,,,
run,V3,Movies,43,visual,3,-0.024186955764889717,-0.039180297404527664,-0.0036773113533854485,1.614958447652332,0.0,0.0,0.09774965073577273,0.001943513336898977,0.09774965073577273,0.09500508531928062,0.09608763083815575,0.09778596833348274,0.09942858666181564,0.10040059015154838,0.014302453091173822,0.5624418258815809,0.4856896533302232,-0.7483074903488159,-0.47321391850709915,-0.0013438641326501966,0.49539610743522644,0.8134197294712066,-0.0005603743711849955,0.02203663801222428,0.019029465063581164,-0.031870026141405106,-0.019409766886383295,5.2652996600954793e-05,0.018540662247687578,0.029318910278379916,0.1683500052828363,0.08157207820644491,0.1683500052828363,0.06685996055603027,0.1041325181722641,0.16215765476226807,0.2222353219985962,0.27650601863861085,,,,,
run,B,Movies,44,text,1,0.01735496334731579,0.03971095383167267,0.04445476830005646,1.9341511220719485,0.0,0.0,0.1258894504846079,0.005953803973082622,0.1258894504846079,0.1186717502772808,0.12148021534085274,0.12519583851099014,0.1297265589237213,0.13462142497301102,5.985740332708707,1.3393940936822073,5.985740332708707,4.331964683532715,5.000954627990723,5.864506244659424,6.870094895362854,7.915543413162231,0.23769945795549483,0.05318861700657485,0.23769945795549483,0.17202644497156144,0.1985926814377308,0.23288513720035553,0.27281802147626877,0.3143337815999985,0.07388492301463967,0.06830688647880324,0.07388492301463967,0.011435401439666749,0.026769712567329407,0.05448755621910095,0.09865932166576385,0.15975269079208373,,,,,
run,B,Movies,44,text,2,0.03983211889863014,0.03971095383167267,0.04445476830005646,1.9330018802134175,0.0,0.0,0.12841904177795202,0.006069611947245743,0.12841904177795202,0.121075788885355,0.12391557544469833,0.12770404666662216,0.1323450319468975,0.13736994415521622,5.985740332708707,1.3393940936822073,5.985740332708707,4.331964683532715,5.000954627990723,5.864506244659424,6.870094895362854,7.915543413162231,0.23769945795549483,0.05318861700657485,0.23769945795549483,0.17202644497156144,0.1985926814377308,0.23288513720035553,0.27281802147626877,0.3143337815999985,0.08103737240074463,0.0673091702976235,0.08103737240074463,0.01861405968666077,0.034584566950798035,0.062427639961242676,0.1052539199590683,0.16879111528396604,,,,,
run,B,Movies,44,text,3,-0.04031294584274292,0.03971095383167267,0.04445476830005646,1.9335564414909334,0.0,0.0,0.11976296478978961,0.005730027923916464,0.11976296478978961,0.11283715292811394,0.11550329998135567,0.11908592656254768,0.1234572995454073,0.1282166600227356,5.985740332708707,1.3393940936822073,5.985740332708707,4.331964683532715,5.000954627990723,5.864506244659424,6.870094895362854,7.915543413162231,0.23769945795549483,0.05318861700657485,0.23769945795549483,0.17202644497156144,0.1985926814377308,0.23288513720035553,0.27281802147626877,0.3143337815999985,0.09112303845241179,0.07242273332353867,0.09112303845241179,0.02323428988456726,0.04122564196586609,0.07137435674667358,0.1168455183506012,0.18962790369987487,,,,,
run,B,Movies,44,visual,1,0.0035092015750706196,0.007904252968728542,-0.015558319166302681,1.849778926114334,0.0,0.0,0.09997529134595849,0.0009229480858005935,0.09997529134595849,0.09879541024565697,0.09932864084839821,0.0999688059091568,0.10062321834266186,0.10119009241461754,-0.22271720423086297,1.2828601766331855,1.0540646733715755,-1.879722797870636,-1.1338483095169067,-0.2312961146235466,0.6844923049211502,1.4618138790130615,-0.0017604131205310085,0.010140051359046092,0.008331593822923285,-0.014857804495841264,-0.008962223771959543,-0.0018282230012118816,0.00541040045209229,0.011554546281695366,0.13275809355094428,0.08449932787445766,0.13275809360814644,0.032289260625839235,0.06560467183589935,0.12151262164115906,0.18555349111557007,0.24670497775077818,,,,,
run,B,Movies,44,visual,2,-0.01669652946293354,0.007904252968728542,-0.015558319166302681,1.84994904207209,0.0,0.0,0.09815790634396739,0.0009080569893166785,0.09815790634396739,0.09699784144759178,0.09752274118363857,0.09815067425370216,0.09879663586616516,0.09935448169708253,-0.22271720423086297,1.2828601766331855,1.0540646733715755,-1.879722797870636,-1.1338483095169067,-0.2312961146235466,0.6844923049211502,1.4618138790130615,-0.0017604131205310085,0.010140051359046092,0.008331593822923285,-0.014857804495841264,-0.008962223771959543,-0.0018282230012118816,0.00541040045209229,0.011554546281695366,0.14286763451264137,0.07856328174758148,0.14286763451264137,0.0476994276046753,0.08062288165092468,0.13547936081886292,0.19176730513572693,0.2458463907241821,,,,,
run,B,Movies,44,visual,3,-0.020942233502864838,0.007904252968728542,-0.015558319166302681,1.8532745831954465,0.0,0.0,0.09775351818057489,0.0009079897171743976,0.09775351818057489,0.09659366831183433,0.09712111204862595,0.09774863347411156,0.09839270636439323,0.09895028173923492,-0.22271720423086297,1.2828601766331855,1.0540646733715755,-1.879722797870636,-1.1338483095169067,-0.2312961146235466,0.6844923049211502,1.4618138790130615,-0.0017604131205310085,0.010140051359046092,0.008331593822923285,-0.014857804495841264,-0.008962223771959543,-0.0018282230012118816,0.00541040045209229,0.011554546281695366,0.16415377317314642,0.08443641695730324,0.16415377317314642,0.06125879883766174,0.0979197770357132,0.15614548325538635,0.21767866611480713,0.2755610287189484,,,,,
run,V3,Movies,44,text,1,0.027668017894029617,0.04693557694554329,0.055229686200618744,1.9820420975705753,0.0,0.0,0.10759567820660113,0.00042396135033122897,0.10759567820660113,0.10718243718147277,0.10729468800127506,0.10749463364481926,0.10778683237731457,0.10815788805484772,0.9887042679536137,0.016600093759844423,0.9887042679536137,0.9768429696559906,0.9878322333097458,0.9932675659656525,0.9962784051895142,0.997805517911911,0.04640540524375591,0.0007791349783816586,0.04640540524375591,0.04584868773818016,0.04636447690427303,0.046619586646556854,0.04676090180873871,0.04683257900178432,0.09434401154904241,0.07753264789902922,0.09434401154904241,0.01662237048149109,0.038450613617897034,0.07444670796394348,0.12848873436450958,0.19738517999649044,,,,,
run,V3,Movies,44,text,2,0.051968902349472046,0.04693557694554329,0.055229686200618744,1.9937105871065988,0.0,0.0,0.11000097342033918,0.0004190256775267521,0.11000097342033918,0.10957693234086037,0.10970509238541126,0.10990675166249275,0.11019398644566536,0.1105516456067562,0.9887042679536137,0.016600093759844423,0.9887042679536137,0.9768429696559906,0.9878322333097458,0.9932675659656525,0.9962784051895142,0.997805517911911,0.04640540524375591,0.0007791349783816586,0.04640540524375591,0.04584868773818016,0.04636447690427303,0.046619586646556854,0.04676090180873871,0.04683257900178432,0.10353032145613443,0.07498356754685978,0.10353032145613443,0.027109730243682864,0.049758315086364746,0.08553686738014221,0.13776995241641998,0.20320285558700563,,,,,
run,V3,Movies,44,text,3,-0.05972333624958992,0.04693557694554329,0.055229686200618744,2.0337843091386976,0.0,0.0,0.09960117556812553,0.0004111679164716145,0.09960117556812553,0.09917993694543839,0.09931012615561485,0.09951170906424522,0.09978537634015083,0.10014649331569672,0.9887042679536137,0.016600093759844423,0.9887042679536137,0.9768429696559906,0.9878322333097458,0.9932675659656525,0.9962784051895142,0.997805517911911,0.04640540524375591,0.0007791349783816586,0.04640540524375591,0.04584868773818016,0.04636447690427303,0.046619586646556854,0.04676090180873871,0.04683257900178432,0.11725917451026457,0.08052685175967193,0.11725917451026457,0.03491976857185364,0.05974447727203369,0.09832876920700073,0.15305575728416443,0.22569137811660764,,,,,
run,V3,Movies,44,visual,1,0.018870752304792404,-0.05265547335147858,-0.006222179625183344,1.446095079548347,0.0,0.0,0.10296634822188307,0.003252200014812389,0.10296634822188307,0.09773354232311249,0.09998309426009655,0.10411476716399193,0.10595360212028027,0.10636746436357498,-0.26528327398688734,0.6727573788382089,0.6621679287627698,-0.9629252433776856,-0.8812323957681656,-0.5095934271812439,0.34658607095479965,0.8240490019321441,0.013968616349655035,0.0354243582292143,0.03486676572109792,-0.04339069128036499,-0.01824965327978134,0.026832883246243,0.04640170745551586,0.05070328414440155,0.14105758473148386,0.08634672429805622,0.14105758473148386,0.03546377420425416,0.07173818349838257,0.13182693719863892,0.19747303426265717,0.2589037179946899,,,,,
run,V3,Movies,44,visual,2,-0.0073227048851549625,-0.05265547335147858,-0.006222179625183344,1.4461266015146788,0.0,0.0,0.1005661076479082,0.0031855550826474974,0.1005661076479082,0.09543433561921119,0.09764056466519833,0.10169047862291336,0.1034928672015667,0.10389750599861144,-0.26528327398688734,0.6727573788382089,0.6621679287627698,-0.9629252433776856,-0.8812323957681656,-0.5095934271812439,0.34658607095479965,0.8240490019321441,0.013968616349655035,0.0354243582292143,0.03486676572109792,-0.04339069128036499,-0.01824965327978134,0.026832883246243,0.04640170745551586,0.05070328414440155,0.15210214190385277,0.07924652754899388,0.15210214190385277,0.05331167578697205,0.08905825018882751,0.1461610198020935,0.20414747297763824,0.2575599431991577,,,,,
run,V3,Movies,44,visual,3,-0.05120931193232536,-0.05265547335147858,-0.006222179625183344,1.4465240041769243,0.0,0.0,0.09665382058527713,0.0030763547441199153,0.09665382058527713,0.09169525802135467,0.09382760524749756,0.09773870557546616,0.09948003850877285,0.09987163841724396,-0.26528327398688734,0.6727573788382089,0.6621679287627698,-0.9629252433776856,-0.8812323957681656,-0.5095934271812439,0.34658607095479965,0.8240490019321441,0.013968616349655035,0.0354243582292143,0.03486676572109792,-0.04339069128036499,-0.01824965327978134,0.026832883246243,0.04640170745551586,0.05070328414440155,0.17441571546064227,0.0845603094127671,0.17441571546064227,0.0693051278591156,0.10717323422431946,0.1680397093296051,0.231194868683815,0.28768054842948915,,,,,
run,B,Toys,42,text,1,-0.005361889488995075,-0.004307434894144535,0.006447026040405035,1.9778125323621611,0.0,0.0,0.1002914905260081,0.00040566598971823785,0.1002914905260081,0.0997747004032135,0.10004285722970963,0.1003083735704422,0.10055730491876602,0.1007921814918518,-1.859074292555018,1.0408473211939144,1.9118203819295023,-3.152600908279419,-2.5453550815582275,-1.9078644514083862,-1.2249459028244019,-0.5258190870285033,0.008007841477240462,0.004483382070877317,0.008235041823288299,0.002264931472018361,0.005276374751701951,0.008218001574277878,0.010963951237499714,0.013579623214900494,0.09004236336749773,0.06918562250907183,0.09004236337901832,0.01584455966949463,0.036716610193252563,0.07460284233093262,0.12715592980384827,0.18487185239791873,,,,,
run,B,Toys,42,text,2,0.002246343996375799,-0.004307434894144535,0.006447026040405035,1.9932919899809463,0.0,0.0,0.10098380127169712,0.0004072494848777143,0.10098380127169712,0.10046400427818299,0.10073626786470413,0.1010015606880188,0.10125052183866501,0.10148906260728836,-1.859074292555018,1.0408473211939144,1.9118203819295023,-3.152600908279419,-2.5453550815582275,-1.9078644514083862,-1.2249459028244019,-0.5258190870285033,0.008007841477240462,0.004483382070877317,0.008235041823288299,0.002264931472018361,0.005276374751701951,0.008218001574277878,0.010963951237499714,0.013579623214900494,0.0963901623691099,0.06185076256607549,0.09639016238063049,0.028296613693237306,0.050175994634628296,0.08458214998245239,0.1299440860748291,0.18148134946823127,,,,,
run,B,Toys,42,text,3,0.0012133551063016057,-0.004307434894144535,0.006447026040405035,1.9951285678526196,0.0,0.0,0.1009004977117935,0.00040675419471974933,0.1009004977117935,0.10038163959980011,0.10065225511789322,0.1009177714586258,0.1011655367910862,0.10140570253133774,-1.859074292555018,1.0408473211939144,1.9118203819295023,-3.152600908279419,-2.5453550815582275,-1.9078644514083862,-1.2249459028244019,-0.5258190870285033,0.008007841477240462,0.004483382070877317,0.008235041823288299,0.002264931472018361,0.005276374751701951,0.008218001574277878,0.010963951237499714,0.013579623214900494,0.11425207628665784,0.06825079334279177,0.11425207628665784,0.03692315816879273,0.06375744938850403,0.10328948497772217,0.15235349535942078,0.20897176265716555,,,,,
run,B,Toys,42,visual,1,-0.027492614462971687,-0.03280531242489815,-0.02634008228778839,1.9485474583512152,0.0,0.0,0.08965445530280654,0.004522067689984272,0.08965445530280654,0.08372426331043244,0.08659625798463821,0.08960706740617752,0.09270363673567772,0.09562478065490723,2.796402329253158,1.6847273263769285,2.8504909299388372,0.5943120956420899,1.646560251712799,2.7747676372528076,3.9153459072113037,5.032554244995118,-0.09173685206617714,0.055268006292108665,0.09351124551303365,-0.1650945156812668,-0.128444142639637,-0.09102711826562881,-0.05401592329144478,-0.019496593996882413,0.10133941240660894,0.07244378321114585,0.10133941253333542,0.022850513458251953,0.046451956033706665,0.08640313148498535,0.13993406295776367,0.19826279878616337,,,,,
run,B,Toys,42,visual,2,-0.02739286981523037,-0.03280531242489815,-0.02634008228778839,1.946333895966559,0.0,0.0,0.08964905002628959,0.004524750830308442,0.08964905002628959,0.08370719105005264,0.08658085390925407,0.08959100395441055,0.09269976988434792,0.09561664462089539,2.796402329253158,1.6847273263769285,2.8504909299388372,0.5943120956420899,1.646560251712799,2.7747676372528076,3.9153459072113037,5.032554244995118,-0.09173685206617714,0.055268006292108665,0.09351124551303365,-0.1650945156812668,-0.128444142639637,-0.09102711826562881,-0.05401592329144478,-0.019496593996882413,0.10769987375328983,0.06551881006563871,0.10769987382241338,0.03775300979614258,0.05945119261741638,0.09491831064224243,0.14138051867485046,0.1934283971786499,,,,,
run,B,Toys,42,visual,3,-0.010170025750994682,-0.03280531242489815,-0.02634008228778839,1.9462908576399909,0.0,0.0,0.09101959850821814,0.004591980575477419,0.09101959850821814,0.08498636782169341,0.08790556713938713,0.09096979349851608,0.09411754459142685,0.09707668274641038,2.796402329253158,1.6847273263769285,2.8504909299388372,0.5943120956420899,1.646560251712799,2.7747676372528076,3.9153459072113037,5.032554244995118,-0.09173685206617714,0.055268006292108665,0.09351124551303365,-0.1650945156812668,-0.128444142639637,-0.09102711826562881,-0.05401592329144478,-0.019496593996882413,0.1282956287635643,0.07292266994258371,0.12829562880964665,0.048796021938323976,0.07495111227035522,0.11520242691040039,0.1667618751525879,0.22384877204895023,,,,,
run,V3,Toys,42,text,1,0.006276524625718594,-0.0480324886739254,0.027057740837335587,3.203307816569201,0.0,0.0,0.10379162856665002,0.0022210521146229178,0.10379162856665002,0.10014578253030777,0.10350839793682098,0.10477711260318756,0.10513148829340935,0.10534504055976868,-0.6593115560609865,0.49855374640085043,0.7877874082392106,-0.9895409941673279,-0.9703176021575928,-0.8889878988265991,-0.6036616861820221,0.1523269623517993,0.031668374845283995,0.023946777174183236,0.037839389760566465,-0.0073166429996490475,0.028995373286306858,0.042700301855802536,0.046606769785284996,0.047530116885900496,0.09986240396064155,0.07521274377079588,0.09986240399520332,0.017516493797302246,0.04127633571624756,0.08397066593170166,0.14175641536712646,0.20428009033203132,,,,,
run,V3,Toys,42,text,2,0.021853594109416008,-0.0480324886739254,0.027057740837335587,3.17235800089579,0.0,0.0,0.10526940482455943,0.002248018788727126,0.10526940482455943,0.10160378366708755,0.10498969256877899,0.10627013444900513,0.10663829743862152,0.10683374851942062,-0.6593115560609865,0.49855374640085043,0.7877874082392106,-0.9895409941673279,-0.9703176021575928,-0.8889878988265991,-0.6036616861820221,0.1523269623517993,0.031668374845283995,0.023946777174183236,0.037839389760566465,-0.0073166429996490475,0.028995373286306858,0.042700301855802536,0.046606769785284996,0.047530116885900496,0.10768874098523627,0.0671890351570746,0.10768874101979803,0.032423663139343264,0.05770412087440491,0.09569007158279419,0.14582672715187073,0.2005672097206116,,,,,
run,V3,Toys,42,text,3,-0.02407255582511425,-0.0480324886739254,0.027057740837335587,3.1753660698091286,0.0,0.0,0.10106999989284873,0.002172005943514768,0.10106999989284873,0.09753711819648743,0.10080191120505333,0.10202910751104355,0.10239299014210701,0.10258937627077103,-0.6593115560609865,0.49855374640085043,0.7877874082392106,-0.9895409941673279,-0.9703176021575928,-0.8889878988265991,-0.6036616861820221,0.1523269623517993,0.031668374845283995,0.023946777174183236,0.037839389760566465,-0.0073166429996490475,0.028995373286306858,0.042700301855802536,0.046606769785284996,0.047530116885900496,0.12731661248477827,0.07372519699812861,0.12731661251934004,0.04261406660079956,0.07265618443489075,0.11595654487609863,0.17027196288108826,0.22897129058837892,,,,,
run,V3,Toys,42,visual,1,-0.028044359758496284,-0.03741196542978287,-0.0232644435018301,1.6610374529489444,0.0,0.0,0.09651110209389624,0.0017092839402161007,0.09651110209389624,0.09441526532173157,0.09503014385700226,0.09627211093902588,0.09782867133617401,0.09906372427940369,0.21174477248832563,0.517754364011499,0.48481520894509367,-0.5613730072975158,-0.1909201815724373,0.2835296094417572,0.6641197800636292,0.8514400601387024,-0.007921788103296778,0.019370208361803358,0.01813788983411073,-0.03185404688119888,-0.024846025742590427,-0.010607399977743626,0.0071426990907639265,0.021002067998051654,0.11469805020299849,0.07977168537859271,0.11469805039884849,0.02616887092590332,0.0539763867855072,0.09883642196655273,0.1593223512172699,0.22351565361022982,,,,,
run,V3,Toys,42,visual,2,-0.02644139900803566,-0.03741196542978287,-0.0232644435018301,1.6527054362053757,0.0,0.0,0.09663741189872162,0.0017129226722022392,0.09663741189872162,0.09453053027391434,0.0951479971408844,0.09639990329742432,0.09796512871980667,0.09918641895055771,0.21174477248832563,0.517754364011499,0.48481520894509367,-0.5613730072975158,-0.1909201815724373,0.2835296094417572,0.6641197800636292,0.8514400601387024,-0.007921788103296778,0.019370208361803358,0.01813788983411073,-0.03185404688119888,-0.024846025742590427,-0.010607399977743626,0.0071426990907639265,0.021002067998051654,0.1213889830813485,0.07132344425564385,0.12138898316199263,0.04364982843399048,0.06818735599517822,0.1082162857055664,0.1597902774810791,0.216763997077942,,,,,
run,V3,Toys,42,visual,3,-0.0022473917342722416,-0.03741196542978287,-0.0232644435018301,1.6521416731999836,0.0,0.0,0.09872308023729368,0.0017478425832030853,0.09872308023729368,0.09656937718391419,0.09720718860626221,0.09848392754793167,0.10008089989423752,0.10131715536117554,0.21174477248832563,0.517754364011499,0.48481520894509367,-0.5613730072975158,-0.1909201815724373,0.2835296094417572,0.6641197800636292,0.8514400601387024,-0.007921788103296778,0.019370208361803358,0.01813788983411073,-0.03185404688119888,-0.024846025742590427,-0.010607399977743626,0.0071426990907639265,0.021002067998051654,0.14414025313844425,0.07862164097509833,0.14414025321908838,0.05688576698303223,0.0857347846031189,0.1307607889175415,0.18706879019737244,0.25000636577606206,,,,,
run,B,Toys,43,text,1,0.003945061005651951,0.017524879425764084,0.01671510376036167,1.9954203736066192,0.0,0.0,0.10258147628713732,0.003746946909354402,0.10258147628713732,0.09707202017307281,0.10029732808470726,0.10298962891101837,0.1053403839468956,0.10713503658771514,1.266885050781461,2.334706845043706,2.2480841193801133,-2.1822951793670655,-0.12796752154827118,1.5539727210998535,2.9932512044906616,4.0748356819152844,0.02220200776066487,0.04091545595259843,0.039397403126593976,-0.038244459033012386,-0.0022426153300330043,0.0272331852465868,0.05245636776089668,0.07141100615262987,0.09244680591008606,0.07086324562857155,0.09244680591008606,0.016436278820037842,0.03782939910888672,0.07683718204498291,0.12976375222206116,0.18948148488998418,,,,,
run,B,Toys,43,text,2,0.01146484911441803,0.017524879425764084,0.01671510376036167,1.9906444209509577,0.0,0.0,0.10328487913788272,0.003770439706483248,0.10328487913788272,0.0977518081665039,0.10098234191536903,0.10369589179754257,0.1060672178864479,0.10787398815155029,1.266885050781461,2.334706845043706,2.2480841193801133,-2.1822951793670655,-0.12796752154827118,1.5539727210998535,2.9932512044906616,4.0748356819152844,0.02220200776066487,0.04091545595259843,0.039397403126593976,-0.038244459033012386,-0.0022426153300330043,0.0272331852465868,0.05245636776089668,0.07141100615262987,0.09836455824928717,0.06313226451694574,0.09836455824928717,0.029075920581817627,0.05212891101837158,0.08597099781036377,0.1320227086544037,0.18525252342224122,,,,,
run,B,Toys,43,text,3,-0.019293997436761856,0.017524879425764084,0.01671510376036167,1.9895186072215552,0.0,0.0,0.10049849322025659,0.0036820679996952257,0.10049849322025659,0.09509596824645997,0.09824918210506439,0.10090358555316925,0.10321510210633278,0.10497575849294663,1.266885050781461,2.334706845043706,2.2480841193801133,-2.1822951793670655,-0.12796752154827118,1.5539727210998535,2.9932512044906616,4.0748356819152844,0.02220200776066487,0.04091545595259843,0.039397403126593976,-0.038244459033012386,-0.0022426153300330043,0.0272331852465868,0.05245636776089668,0.07141100615262987,0.11647100473377664,0.06978265830127237,0.11647100473377664,0.03841238021850586,0.06592562794685364,0.10399651527404785,0.15493890643119812,0.2130560040473938,,,,,
run,B,Toys,43,visual,1,-0.030579298734664917,0.0365157425403595,-0.02491915598511696,1.7519849779432841,0.0,0.0,0.09325662529297167,0.006451275567213502,0.09325662529297167,0.08479238748550415,0.08835179731249809,0.09320610761642456,0.09797384962439537,0.10165007859468461,-1.266061424289394,2.082566274928106,1.9663414521210891,-4.05894832611084,-2.828830599784851,-1.208799123764038,0.2789778709411621,1.399661707878115,-0.046231173025434724,0.07604645392614007,0.0718024182246704,-0.14821551144123077,-0.10329684987664223,-0.04414019733667374,0.01018708385527134,0.0511096879839898,0.113831626311913,0.0801234249653386,0.11383162643863948,0.025569939613342287,0.05254495143890381,0.09797251224517822,0.1580735146999359,0.2234032273292542,,,,,
run,B,Toys,43,visual,2,-0.028867492452263832,0.0365157425403595,-0.02491915598511696,1.7490706174412385,0.0,0.0,0.09338792297619211,0.0064634387615115025,0.09338792297619211,0.08491603434085845,0.08846499770879745,0.09333616495132446,0.09811710566282272,0.10179825276136399,-1.266061424289394,2.082566274928106,1.9663414521210891,-4.05894832611084,-2.828830599784851,-1.208799123764038,0.2789778709411621,1.399661707878115,-0.046231173025434724,0.07604645392614007,0.0718024182246704,-0.14821551144123077,-0.10329684987664223,-0.04414019733667374,0.01018708385527134,0.0511096879839898,0.12034451005308489,0.07199799946918796,0.12034451009916723,0.042044854164123534,0.06645610928535461,0.10658693313598633,0.159368634223938,0.21661287546157842,,,,,
run,B,Toys,43,visual,3,-0.00938662700355053,0.0365157425403595,-0.02491915598511696,1.7488583752387648,0.0,0.0,0.09500101423725814,0.006569862425379361,0.09500101423725814,0.0863831177353859,0.08999568969011307,0.09494423866271973,0.09981417655944824,0.10355426073074342,-1.266061424289394,2.082566274928106,1.9663414521210891,-4.05894832611084,-2.828830599784851,-1.208799123764038,0.2789778709411621,1.399661707878115,-0.046231173025434724,0.07604645392614007,0.0718024182246704,-0.14821551144123077,-0.10329684987664223,-0.04414019733667374,0.01018708385527134,0.0511096879839898,0.1432140448439608,0.07982254758134188,0.1432140449361255,0.05494613647460937,0.08387267589569092,0.12911689281463623,0.1874333918094635,0.24982421398162843,,,,,
run,V3,Toys,43,text,1,0.013868121430277824,0.02315818890929222,0.024853786453604698,2.3109005940667977,0.0,0.0,0.10331989282260168,0.0003622376076174348,0.10331989282260168,0.10291147083044053,0.10319305583834648,0.10337339341640472,0.1035265363752842,0.1036821112036705,0.861042419119365,0.14400122851119423,0.8616357752234097,0.6994472146034241,0.8284335732460022,0.908173680305481,0.9493492543697357,0.9698436856269836,0.019940183001201133,0.0033348076503131813,0.019953924053997395,0.01619793102145195,0.019185020588338375,0.021031657233834267,0.021985209546983242,0.02245982326567173,0.09291685143367309,0.0700937589061559,0.09291685144519368,0.016362178325653075,0.03892400860786438,0.07848912477493286,0.13076037168502808,0.1888182520866394,,,,,
run,V3,Toys,43,text,2,0.01712755672633648,0.02315818890929222,0.024853786453604698,2.272425301902884,0.0,0.0,0.10363739867966715,0.0003579821732676509,0.10363739867966715,0.10322538018226624,0.10351449996232986,0.10370492190122604,0.10384692251682281,0.10398078560829163,0.861042419119365,0.14400122851119423,0.8616357752234097,0.6994472146034241,0.8284335732460022,0.908173680305481,0.9493492543697357,0.9698436856269836,0.019940183001201133,0.0033348076503131813,0.019953924053997395,0.01619793102145195,0.019185020588338375,0.021031657233834267,0.021985209546983242,0.02245982326567173,0.09948467197093332,0.06215450313106217,0.0994846719824539,0.03020002841949463,0.05389663577079773,0.08870899677276611,0.13323327898979187,0.18471745252609253,,,,,
run,V3,Toys,43,text,3,-0.017462585121393204,0.02315818890929222,0.024853786453604698,2.2446766135751237,0.0,0.0,0.1005087710778389,0.00035733339743297205,0.1005087710778389,0.10009459406137466,0.10038121044635773,0.10057327896356583,0.10072029754519463,0.10085573494434356,0.861042419119365,0.14400122851119423,0.8616357752234097,0.6994472146034241,0.8284335732460022,0.908173680305481,0.9493492543697357,0.9698436856269836,0.019940183001201133,0.0033348076503131813,0.019953924053997395,0.01619793102145195,0.019185020588338375,0.021031657233834267,0.021985209546983242,0.02245982326567173,0.11767543596356178,0.06819587877998716,0.11767543598660296,0.03994975090026855,0.06826218962669373,0.10719424486160278,0.1552506685256958,0.21095937490463265,,,,,
run,V3,Toys,43,visual,1,-0.027954114601016045,-0.03506875038146973,-0.022697925567626953,1.6147587679244961,0.0,0.0,0.09648040489179555,0.0017026597621825424,0.09648040489179555,0.09449050575494766,0.09498648345470428,0.09613871574401855,0.09783722460269928,0.09909376502037048,0.2369254127105774,0.5459292148768856,0.5249057168255623,-0.6075216054916381,-0.20085858553647995,0.3477104604244232,0.7227125763893127,0.8759098172187805,-0.008308678152651173,0.019145055358920745,0.018407787552422998,-0.030717062950134277,-0.02534462697803974,-0.012193771079182625,0.007043859688565135,0.02130502350628379,0.11128518733462149,0.07817701898923805,0.11128518747286856,0.025253605842590333,0.0515306293964386,0.09560823440551758,0.15487220883369446,0.21632766723632815,,,,,
run,V3,Toys,43,visual,2,-0.026717279106378555,-0.03506875038146973,-0.022697925567626953,1.6113393929889126,0.0,0.0,0.09657545729366354,0.0017038322819828595,0.09657545729366354,0.09457968026399613,0.09507427364587784,0.09623052924871445,0.09793350473046303,0.099186871945858,0.2369254127105774,0.5459292148768856,0.5249057168255623,-0.6075216054916381,-0.20085858553647995,0.3477104604244232,0.7227125763893127,0.8759098172187805,-0.008308678152651173,0.019145055358920745,0.018407787552422998,-0.030717062950134277,-0.02534462697803974,-0.012193771079182625,0.007043859688565135,0.02130502350628379,0.1177571819438598,0.07018635028304292,0.11775718196690096,0.041409969329833984,0.06555262207984924,0.10428202152252197,0.1555444598197937,0.2113541126251221,,,,,
run,V3,Toys,43,visual,3,-0.0044800941832363605,-0.03506875038146973,-0.022697925567626953,1.6108393214920471,0.0,0.0,0.09848850952503214,0.001737097272441932,0.09848850952503214,0.09645010828971863,0.096964530646801,0.09814107418060303,0.09988143667578697,0.1011487752199173,0.2369254127105774,0.5459292148768856,0.5249057168255623,-0.6075216054916381,-0.20085858553647995,0.3477104604244232,0.7227125763893127,0.8759098172187805,-0.008308678152651173,0.019145055358920745,0.018407787552422998,-0.030717062950134277,-0.02534462697803974,-0.012193771079182625,0.007043859688565135,0.02130502350628379,0.13986769494125595,0.07759878220977405,0.13986769495277654,0.05405080318450928,0.08251497149467468,0.12608444690704346,0.18271061778068542,0.24259456396102907,,,,,
run,B,Toys,44,text,1,0.014232592657208443,0.04878935217857361,0.038842517882585526,1.840835929554952,0.0,0.0,0.11293748900434711,0.01550104027160526,0.11293748900434711,0.09334837943315506,0.10135109722614288,0.11174746602773666,0.12383271008729935,0.13473334014415742,2.224674226966582,3.1734048093065974,3.143299403978313,-1.9386060237884521,-0.0703861191868782,2.1640641689300537,4.5628252029418945,6.54224491119385,0.10854041433178038,0.15482836479725895,0.1533595416017346,-0.09458333253860474,-0.0034340930869802833,0.10558328777551651,0.2226172834634781,0.31919188499450696,0.10557328174585995,0.07887273030194182,0.10557328179194231,0.019061315059661865,0.04453590512275696,0.08921170234680176,0.14863649010658264,0.2137989282608033,,,,,
run,B,Toys,44,text,2,0.031149862334132195,0.04878935217857361,0.038842517882585526,1.8410885170079632,0.0,0.0,0.11466679272587733,0.015704028148878692,0.11466679272587733,0.09480202049016953,0.10294467583298683,0.11348140239715576,0.1257205754518509,0.13673446774482728,2.224674226966582,3.1734048093065974,3.143299403978313,-1.9386060237884521,-0.0703861191868782,2.1640641689300537,4.5628252029418945,6.54224491119385,0.10854041433178038,0.15482836479725895,0.1533595416017346,-0.09458333253860474,-0.0034340930869802833,0.10558328777551651,0.2226172834634781,0.31919188499450696,0.11265621071824937,0.07017260703906818,0.11265621074129055,0.03512639999389649,0.06123077869415283,0.10012447834014893,0.15017256140708923,0.20847338438034074,,,,,
run,B,Toys,44,text,3,-0.042214516550302505,0.04878935217857361,0.038842517882585526,1.8422736619919946,0.0,0.0,0.10751807895921284,0.014841337323286047,0.10751807895921284,0.0887609750032425,0.09644991531968117,0.1063782125711441,0.11796582862734795,0.12839917540550233,2.224674226966582,3.1734048093065974,3.143299403978313,-1.9386060237884521,-0.0703861191868782,2.1640641689300537,4.5628252029418945,6.54224491119385,0.10854041433178038,0.15482836479725895,0.1533595416017346,-0.09458333253860474,-0.0034340930869802833,0.10558328777551651,0.2226172834634781,0.31919188499450696,0.13284213223529917,0.07703584068566222,0.13284213225834035,0.0460568904876709,0.07712793350219727,0.12050026655197144,0.17461207509040833,0.23916856050491336,,,,,
run,B,Toys,44,visual,1,-0.031007539480924606,-0.03635560721158981,-0.02016742154955864,1.8451925835595444,0.0,0.0,0.0949831335483815,0.006256632097095816,0.0949831335483815,0.08706933110952378,0.09040791541337967,0.09463728219270706,0.09932160750031471,0.10351680964231491,0.7110435179365449,1.9977212090506111,1.7347850187375833,-1.9750585556030273,-0.7059082388877869,0.7659509181976318,2.1514694690704346,3.2824141502380373,-0.025850418876323906,0.0726283676117464,0.06306916275220645,-0.11933415681123734,-0.07821797579526901,-0.02784661017358303,0.025663722306489944,0.0718044519424439,0.11451837204596535,0.0796099272948221,0.11451837223029476,0.026299750804901125,0.05339062213897705,0.09919959306716919,0.15939536690711975,0.22345259189605726,,,,,
run,B,Toys,44,visual,2,-0.026733560487627983,-0.03635560721158981,-0.02016742154955864,1.842781936339357,0.0,0.0,0.09534015991774755,0.006278475457694931,0.09534015991774755,0.08739238232374191,0.09075066819787025,0.09499358385801315,0.09969938918948174,0.10388292372226715,0.7110435179365449,1.9977212090506111,1.7347850187375833,-1.9750585556030273,-0.7059082388877869,0.7659509181976318,2.1514694690704346,3.2824141502380373,-0.025850418876323906,0.0726283676117464,0.06306916275220645,-0.11933415681123734,-0.07821797579526901,-0.02784661017358303,0.025663722306489944,0.0718044519424439,0.12078144149118991,0.07105178107165759,0.12078144157183404,0.04317365884780884,0.06728824973106384,0.1077117919921875,0.15953689813613892,0.21628271341323865,,,,,
run,B,Toys,44,visual,3,0.0019451193511486053,-0.03635560721158981,-0.02016742154955864,1.8450662039705081,0.0,0.0,0.09780094192731666,0.00642452704351579,0.09780094192731666,0.08965709060430527,0.09310712665319443,0.0974494144320488,0.10226164758205414,0.10654778778553009,0.7110435179365449,1.9977212090506111,1.7347850187375833,-1.9750585556030273,-0.7059082388877869,0.7659509181976318,2.1514694690704346,3.2824141502380373,-0.025850418876323906,0.0726283676117464,0.06306916275220645,-0.11933415681123734,-0.07821797579526901,-0.02784661017358303,0.025663722306489944,0.0718044519424439,0.1435871215683448,0.07852604217639007,0.1435871216605095,0.05629265308380127,0.08484691381454468,0.13006043434143066,0.18725556135177612,0.24942110776901252,,,,,
run,V3,Toys,44,text,1,-0.00012000013521173969,0.0490790419280529,0.0235169418156147,1.595416268905671,0.0,0.0,0.10187634972377975,0.0027445602770409883,0.10187634972377975,0.09737478196620941,0.09975526109337807,0.1028522402048111,0.10431722179055214,0.1046530082821846,0.36032130962805053,0.6143403142407253,0.6441006843629403,-0.6570285320281982,-0.10876088589429855,0.5856441855430603,0.9094407558441162,0.9780122756958008,0.017684224660740693,0.03015123403988382,0.031611844494389515,-0.03224633038043976,-0.005337879993021488,0.028742855414748192,0.04463448002934456,0.047999905049800874,0.10386073240827148,0.07773459867730326,0.10386073244283325,0.018695545196533204,0.04306700825691223,0.08773744106292725,0.14677634835243225,0.21049188375473027,,,,,
run,V3,Toys,44,text,2,0.014889219775795937,0.0490790419280529,0.0235169418156147,1.5963085315580956,0.0,0.0,0.10327270979839813,0.002779052177771558,0.10327270979839813,0.098716701567173,0.10113270953297615,0.10425101220607758,0.10575265437364578,0.10609155893325806,0.36032130962805053,0.6143403142407253,0.6441006843629403,-0.6570285320281982,-0.10876088589429855,0.5856441855430603,0.9094407558441162,0.9780122756958008,0.017684224660740693,0.03015123403988382,0.031611844494389515,-0.03224633038043976,-0.005337879993021488,0.028742855414748192,0.04463448002934456,0.047999905049800874,0.11071128872000212,0.06875441001393752,0.1107112887430433,0.03381868600845337,0.05992835760116577,0.09871315956115723,0.14884868264198303,0.2042409896850586,,,,,
run,V3,Toys,44,text,3,-0.0110231414437294,0.0490790419280529,0.0235169418156147,1.59558478177604,0.0,0.0,0.1009415940879537,0.0027259287846770745,0.1009415940879537,0.09648122042417526,0.09883952140808105,0.10189855098724365,0.10337208583950996,0.10371331125497818,0.36032130962805053,0.6143403142407253,0.6441006843629403,-0.6570285320281982,-0.10876088589429855,0.5856441855430603,0.9094407558441162,0.9780122756958008,0.017684224660740693,0.03015123403988382,0.031611844494389515,-0.03224633038043976,-0.005337879993021488,0.028742855414748192,0.04463448002934456,0.047999905049800874,0.13121419469928303,0.07555452093828424,0.1312141947223242,0.044579279422760014,0.07593941688537598,0.11988294124603271,0.17473259568214417,0.23464820384979276,,,,,
run,V3,Toys,44,visual,1,-0.02781529352068901,-0.03106025420129299,-0.019724193960428238,1.494535074703247,0.0,0.0,0.09678917569896972,0.001704002116581054,0.09678917569896972,0.0948280543088913,0.09522688388824463,0.09640106558799744,0.09829918295145035,0.09941971302032471,0.1803285154111441,0.6200937576089385,0.5787215893836586,-0.7797661304473877,-0.3763853907585144,0.32265767455101013,0.7514684200286865,0.9041906237602235,-0.005601049536004859,0.019260269745240557,0.017975239683385096,-0.028084390982985496,-0.0233407998457551,-0.010021829046308994,0.011690625920891762,0.024219733849167823,0.110773168286427,0.07837831067994347,0.110773168482277,0.025124049186706545,0.05126252770423889,0.09470665454864502,0.15307319164276123,0.21598594188690187,,,,,
run,V3,Toys,44,visual,2,-0.02507401630282402,-0.03106025420129299,-0.019724193960428238,1.4972938377973188,0.0,0.0,0.09701787560537374,0.0017065333720505747,0.09701787560537374,0.09504594504833222,0.09545553475618362,0.09663207828998566,0.09853511676192284,0.09965698421001434,0.1803285154111441,0.6200937576089385,0.5787215893836586,-0.7797661304473877,-0.3763853907585144,0.32265767455101013,0.7514684200286865,0.9041906237602235,-0.005601049536004859,0.019260269745240557,0.017975239683385096,-0.028084390982985496,-0.0233407998457551,-0.010021829046308994,0.011690625920891762,0.024219733849167823,0.1172495543279922,0.0704632902666248,0.11724955445471867,0.04148070812225342,0.0652289092540741,0.10375392436981201,0.15378329157829285,0.2108641982078553,,,,,
run,V3,Toys,44,visual,3,0.008848592638969421,-0.03106025420129299,-0.019724193960428238,1.4975730687889324,0.0,0.0,0.0999915885339183,0.001754979978773441,0.0999915885339183,0.09796413630247117,0.09838549792766571,0.09959553927183151,0.10155001282691956,0.10270322859287262,0.1803285154111441,0.6200937576089385,0.5787215893836586,-0.7797661304473877,-0.3763853907585144,0.32265767455101013,0.7514684200286865,0.9041906237602235,-0.005601049536004859,0.019260269745240557,0.017975239683385096,-0.028084390982985496,-0.0233407998457551,-0.010021829046308994,0.011690625920891762,0.024219733849167823,0.13917265671351936,0.07791404303282573,0.1391726567826429,0.05408192873001099,0.08184239268302917,0.1253032684326172,0.18015307188034058,0.2427476167678833,,,,,
run,B,Grocery,42,text,1,0.048939403146505356,0.05293560028076172,0.07269760221242905,1.8701750716121943,0.0,0.0,0.1153773542511473,0.013425891117746318,0.1153773542511473,0.09754170998930932,0.10569537244737148,0.11509406566619873,0.12472040392458439,0.1331218495965004,1.8173984942629222,2.5065662590339586,2.5568913748223125,-1.6216030478477477,0.07874985598027706,1.8990859985351562,3.615211308002472,5.020888662338257,0.09620508026544963,0.13268658960790203,0.13535057981042434,-0.08584052994847297,0.004168670857325196,0.1005292572081089,0.19137337803840637,0.26578374803066257,0.11573789265852029,0.08745354346817875,0.11573789268644796,0.013656324148178103,0.04284931719303131,0.09977498650550842,0.17225836217403412,0.2403996527194977,,,,,
run,B,Grocery,42,text,2,0.049807049334049225,0.05293560028076172,0.07269760221242905,1.8632470527204863,0.0,0.0,0.11561104958892023,0.013421748649969084,0.11561104958892023,0.09779834970831872,0.10589205473661423,0.11534563824534416,0.12495454959571362,0.13331648707389832,1.8173984942629222,2.5065662590339586,2.5568913748223125,-1.6216030478477477,0.07874985598027706,1.8990859985351562,3.615211308002472,5.020888662338257,0.09620508026544963,0.13268658960790203,0.13535057981042434,-0.08584052994847297,0.004168670857325196,0.1005292572081089,0.19137337803840637,0.26578374803066257,0.13571848369557948,0.07768089805307912,0.13571848369557948,0.042492914199829104,0.07279868423938751,0.12704068422317505,0.18801744282245636,0.24192076921463013,,,,,
run,B,Grocery,42,text,3,-0.09717860817909241,0.05293560028076172,0.07269760221242905,1.8639772211826815,0.0,0.0,0.10158834463367002,0.011962970652171096,0.10158834463367002,0.08571735695004463,0.09290942549705505,0.1013387143611908,0.10989692807197571,0.11738167479634286,1.8173984942629222,2.5065662590339586,2.5568913748223125,-1.6216030478477477,0.07874985598027706,1.8990859985351562,3.615211308002472,5.020888662338257,0.09620508026544963,0.13268658960790203,0.13535057981042434,-0.08584052994847297,0.004168670857325196,0.1005292572081089,0.19137337803840637,0.26578374803066257,0.1595327910291125,0.08121719380587397,0.1595327910291125,0.06109021902084351,0.0953286737203598,0.15195801854133606,0.21605555713176727,0.2706517457962036,,,,,
run,B,Grocery,42,visual,1,-0.01835196278989315,-0.04532267153263092,-0.0035966208670288324,1.7524587920444852,0.0,0.0,0.09560617761413931,0.011403481322105976,0.09560617761413931,0.08109677881002426,0.08642920292913914,0.09472617879509926,0.10380409844219685,0.11154556721448898,0.8369475230837414,2.889925285074673,2.512200827326465,-3.111032700538635,-1.3303038775920868,0.9067103564739227,3.1314037442207336,4.662348365783692,-0.037932697705147345,0.13097913445226425,0.11385965292667787,-0.211310076713562,-0.14192358776926994,-0.04109453409910202,0.06029292568564415,0.1410003125667573,0.13239364989107996,0.09879218497453705,0.13239365011450138,0.01667381525039673,0.049451470375061035,0.1150861382484436,0.19905459880828857,0.2701942682266235,,,,,
run,B,Grocery,42,visual,2,-0.018417704850435257,-0.04532267153263092,-0.0035966208670288324,1.7534482600387298,0.0,0.0,0.09559369473188463,0.01140036866927224,0.09559369473188463,0.08108844384551048,0.08641970716416836,0.09471222385764122,0.10378186404705048,0.11153208762407303,0.8369475230837414,2.889925285074673,2.512200827326465,-3.111032700538635,-1.3303038775920868,0.9067103564739227,3.1314037442207336,4.662348365783692,-0.037932697705147345,0.13097913445226425,0.11385965292667787,-0.211310076713562,-0.14192358776926994,-0.04109453409910202,0.06029292568564415,0.1410003125667573,0.15380659343711217,0.08705140697990105,0.15380659352089518,0.04655581712722778,0.08209244906902313,0.14558345079421997,0.21497143805027008,0.2727944791316987,,,,,
run,B,Grocery,42,visual,3,-0.019094251096248627,-0.04532267153263092,-0.0035966208670288324,1.7527186279748064,0.0,0.0,0.09552668530397537,0.0113930042755256,0.09552668530397537,0.0810301810503006,0.08635636977851391,0.09464750066399574,0.1037144660949707,0.11145403981208801,0.8369475230837414,2.889925285074673,2.512200827326465,-3.111032700538635,-1.3303038775920868,0.9067103564739227,3.1314037442207336,4.662348365783692,-0.037932697705147345,0.13097913445226425,0.11385965292667787,-0.211310076713562,-0.14192358776926994,-0.04109453409910202,0.06029292568564415,0.1410003125667573,0.18148675277136214,0.09064845520209411,0.1814867528272175,0.06716247797012329,0.10898403823375702,0.17566454410552979,0.24664874374866486,0.30376040935516363,,,,,
run,V3,Grocery,42,text,1,0.03603466972708702,-0.008848731406033039,0.05053706094622612,1.8394516394882505,0.0,0.0,0.10384657020350384,0.0005434618338405058,0.10384657020350384,0.10313514918088913,0.10344190523028374,0.10383858904242516,0.1042179986834526,0.10456273555755616,0.05076284140150609,0.4838534713579279,0.41765387748847194,-0.63308966755867,-0.3450576663017273,0.0767139196395874,0.4587002620100975,0.6917097091674805,-0.0004491867489387831,0.004281489407498299,0.0036957069818942057,-0.006120753474533558,-0.004058915423229337,-0.0006788208847865462,0.0030533226090483367,0.005602040328085424,0.11000886677131728,0.08464556574800876,0.11000886677131728,0.012449061870574952,0.03974512219429016,0.09313243627548218,0.16350795328617096,0.23006334304809573,,,,,
run,V3,Grocery,42,text,2,0.02811809629201889,-0.008848731406033039,0.05053706094622612,1.8254447732581975,0.0,0.0,0.10320610616387117,0.0005097024795313512,0.10320610616387117,0.10252691507339477,0.10282771475613117,0.1032070517539978,0.10356676205992699,0.10387600511312485,0.05076284140150609,0.4838534713579279,0.41765387748847194,-0.63308966755867,-0.3450576663017273,0.0767139196395874,0.4587002620100975,0.6917097091674805,-0.0004491867489387831,0.004281489407498299,0.0036957069818942057,-0.006120753474533558,-0.004058915423229337,-0.0006788208847865462,0.0030533226090483367,0.005602040328085424,0.13013254327197063,0.07544672042889694,0.13013254327197063,0.039850759506225596,0.06899760663509369,0.12178623676300049,0.18088190257549286,0.23422011733055115,,,,,
run,V3,Grocery,42,text,3,-0.06038838252425194,-0.008848731406033039,0.05053706094622612,1.8396544920037559,0.0,0.0,0.09540008057091685,0.00048435399953935827,0.09540008057091685,0.09475565999746323,0.0950451921671629,0.09540123492479324,0.09574171900749207,0.09603702872991562,0.05076284140150609,0.4838534713579279,0.41765387748847194,-0.63308966755867,-0.3450576663017273,0.0767139196395874,0.4587002620100975,0.6917097091674805,-0.0004491867489387831,0.004281489407498299,0.0036957069818942057,-0.006120753474533558,-0.004058915423229337,-0.0006788208847865462,0.0030533226090483367,0.005602040328085424,0.15368832194499338,0.07897948919957115,0.15368832194499338,0.057539510726928714,0.09169544279575348,0.14672937989234924,0.2077046036720276,0.2617592513561249,,,,,
run,V3,Grocery,42,visual,1,-0.021830933168530464,-0.04137429967522621,-0.012303530238568783,1.40586421459213,0.0,0.0,0.09696323239775037,0.002548419113576584,0.09696323239775037,0.09433010816574097,0.09459309838712215,0.0960632860660553,0.09936287067830563,0.10103576034307479,0.2511783744757707,0.6911724907533648,0.6739181630223825,-0.8481812596321106,-0.40573301911354065,0.4914928674697876,0.9000691771507263,0.9743475317955017,-0.010392329337868373,0.02859677777144429,0.027882892043538204,-0.04031294733285904,-0.037239731289446354,-0.02033517323434353,0.01678691990673542,0.035092906653881074,0.12697977180208384,0.09590427653267591,0.12697977196964988,0.015688270330429077,0.04648482799530029,0.10902398824691772,0.18941806256771088,0.2630538105964661,,,,,
run,V3,Grocery,42,visual,2,-0.021229460835456848,-0.04137429967522621,-0.012303530238568783,1.4038047935693034,0.0,0.0,0.09699327691680823,0.0025423938806974256,0.09699327691680823,0.09435869753360748,0.09462473168969154,0.09609489515423775,0.09939306788146496,0.1010525107383728,0.2511783744757707,0.6911724907533648,0.6739181630223825,-0.8481812596321106,-0.40573301911354065,0.4914928674697876,0.9000691771507263,0.9743475317955017,-0.010392329337868373,0.02859677777144429,0.027882892043538204,-0.04031294733285904,-0.037239731289446354,-0.02033517323434353,0.01678691990673542,0.035092906653881074,0.14784031485706914,0.08489095049963423,0.14784031494085217,0.04443518519401551,0.07921670377254486,0.13783156871795654,0.20698139071464539,0.26368510723114014,,,,,
run,V3,Grocery,42,visual,3,-0.022787844762206078,-0.04137429967522621,-0.012303530238568783,1.4062525735961753,0.0,0.0,0.09682809394317683,0.0025368053106341903,0.09682809394317683,0.09419627711176873,0.09446380287408829,0.09593286365270615,0.09921740181744099,0.10088103786110877,0.2511783744757707,0.6911724907533648,0.6739181630223825,-0.8481812596321106,-0.40573301911354065,0.4914928674697876,0.9000691771507263,0.9743475317955017,-0.010392329337868373,0.02859677777144429,0.027882892043538204,-0.04031294733285904,-0.037239731289446354,-0.02033517323434353,0.01678691990673542,0.035092906653881074,0.17456217277199432,0.08891987449781279,0.1745621729116327,0.06370961070060731,0.10529789328575134,0.16639530658721924,0.23781387507915497,0.29402927160263065,,,,,
run,B,Grocery,43,text,1,0.028278157114982605,-0.0024052485823631287,0.04944225773215294,1.8900655674899363,0.0,0.0,0.10334002435219586,0.0004608462153542088,0.10334002435219586,0.10278839096426964,0.10300491377711296,0.10329059138894081,0.10362673737108707,0.10396367833018302,-1.3202525179438918,1.2135224822808743,1.4951283392890558,-2.8879544019699095,-2.1729975938796997,-1.3314173817634583,-0.4697689488530159,0.27886388003826146,0.003175535497091756,0.0029188232306650466,0.0035961553188365736,-0.000670736946631223,0.0011299110774416476,0.0032023898093029857,0.005226599518209696,0.0069462483748793605,0.10333695001284915,0.07845070899592436,0.10333695002681298,0.011995351314544682,0.03837698698043823,0.08926567435264587,0.15284109115600586,0.213955819606781,,,,,
run,B,Grocery,43,text,2,0.018195170909166336,-0.0024052485823631287,0.04944225773215294,1.8646844446497297,0.0,0.0,0.10249634016611976,0.0004289822678437002,0.10249634016611976,0.10196305215358734,0.10218258947134018,0.10246779397130013,0.10277759283781052,0.10307254567742348,-1.3202525179438918,1.2135224822808743,1.4951283392890558,-2.8879544019699095,-2.1729975938796997,-1.3314173817634583,-0.4697689488530159,0.27886388003826146,0.003175535497091756,0.0029188232306650466,0.0035961553188365736,-0.000670736946631223,0.0011299110774416476,0.0032023898093029857,0.005226599518209696,0.0069462483748793605,0.12246993973395634,0.06991785281495361,0.12246993973395634,0.03894925117492676,0.06636764109134674,0.11501434445381165,0.16864043474197388,0.21803919672966005,,,,,
run,B,Grocery,43,text,3,-0.03861645609140396,-0.0024052485823631287,0.04944225773215294,1.8486007130869557,0.0,0.0,0.09748355122417285,0.00042154940902434804,0.09748355122417285,0.0969543844461441,0.09717680513858795,0.09746423736214638,0.09776663407683372,0.09804474264383316,-1.3202525179438918,1.2135224822808743,1.4951283392890558,-2.8879544019699095,-2.1729975938796997,-1.3314173817634583,-0.4697689488530159,0.27886388003826146,0.003175535497091756,0.0029188232306650466,0.0035961553188365736,-0.000670736946631223,0.0011299110774416476,0.0032023898093029857,0.005226599518209696,0.0069462483748793605,0.1446739100936538,0.07312760499332921,0.1446739100936538,0.055815440416336064,0.08796525001525879,0.13833296298980713,0.1937088668346405,0.2431120455265045,,,,,
run,B,Grocery,43,visual,1,-0.022966399788856506,-0.04329293966293335,-0.01536297332495451,1.743312279482512,0.0,0.0,0.09122561139265253,0.009970761531039436,0.09122561139265253,0.07828536629676819,0.08334916085004807,0.09063758701086044,0.09856587834656239,0.1048128567636013,1.9055325152504452,2.7656494798836557,2.755095043300978,-1.777851617336273,-0.19815998524427414,1.9329198598861694,4.044710040092468,5.624179458618165,-0.08249610423503041,0.1197330960357932,0.11927616345723516,-0.2434872642159462,-0.17510738968849182,-0.08368178457021713,0.008578927954658866,0.07696842178702355,0.12714979707447668,0.09655178652460669,0.12714979721411507,0.0155564546585083,0.0469370037317276,0.1085406243801117,0.18972526490688324,0.26383176445961004,,,,,
run,B,Grocery,43,visual,2,-0.023831278085708618,-0.04329293966293335,-0.01536297332495451,1.7428847520845456,0.0,0.0,0.09112662305215197,0.009954177385640136,0.09112662305215197,0.07820665836334229,0.08326707221567631,0.09053711220622063,0.09845232404768467,0.10467280223965646,1.9055325152504452,2.7656494798836557,2.755095043300978,-1.777851617336273,-0.19815998524427414,1.9329198598861694,4.044710040092468,5.624179458618165,-0.08249610423503041,0.1197330960357932,0.11927616345723516,-0.2434872642159462,-0.17510738968849182,-0.08368178457021713,0.008578927954658866,0.07696842178702355,0.1482110249991996,0.08571726370473436,0.1482110249991996,0.04464772939682008,0.07865846157073975,0.13806477189064026,0.20731566846370697,0.2656528890132905,,,,,
run,B,Grocery,43,visual,3,-0.019346274435520172,-0.04329293966293335,-0.01536297332495451,1.7431340295557975,0.0,0.0,0.09146356643166115,0.009985851587925367,0.09146356643166115,0.07849777191877365,0.08358251862227917,0.09086427092552185,0.09881440177559853,0.10504898577928543,1.9055325152504452,2.7656494798836557,2.755095043300978,-1.777851617336273,-0.19815998524427414,1.9329198598861694,4.044710040092468,5.624179458618165,-0.08249610423503041,0.1197330960357932,0.11927616345723516,-0.2434872642159462,-0.17510738968849182,-0.08368178457021713,0.008578927954658866,0.07696842178702355,0.17536448660870968,0.08976071195664975,0.17536448663663737,0.06377282738685608,0.10466592013835907,0.16657710075378418,0.23898181319236755,0.296225243806839,,,,,
run,V3,Grocery,43,text,1,0.03568786382675171,0.0709172934293747,0.06321150064468384,1.5449960897320516,0.0,0.0,0.10628482796791999,0.004578251785961136,0.10628482796791999,0.09867071062326431,0.10233655385673046,0.10829386487603188,0.11013475246727467,0.11071889698505402,0.34536601171711845,0.6876949101763881,0.7101970721092672,-0.8211675822734833,-0.2430509477853775,0.6646343767642975,0.9507423341274261,0.989279717206955,0.024492422792895208,0.048769461720892096,0.05036525414552369,-0.05823498219251633,-0.017236515413969755,0.047134071588516235,0.06742407195270061,0.07015703916549683,0.10911122435385105,0.08241830922780942,0.10911122435385105,0.012532234191894531,0.04055631160736084,0.09431928396224976,0.1622634083032608,0.22598923444747926,,,,,
run,V3,Grocery,43,text,2,0.031440891325473785,0.0709172934293747,0.06321150064468384,1.537019272017266,0.0,0.0,0.10600144040597481,0.004567203383120463,0.10600144040597481,0.0983935348689556,0.10205493681132793,0.10800467431545258,0.10987676121294498,0.11041582971811295,0.34536601171711845,0.6876949101763881,0.7101970721092672,-0.8211675822734833,-0.2430509477853775,0.6646343767642975,0.9507423341274261,0.989279717206955,0.024492422792895208,0.048769461720892096,0.05036525414552369,-0.05823498219251633,-0.017236515413969755,0.047134071588516235,0.06742407195270061,0.07015703916549683,0.1290361904645533,0.0731762694174759,0.1290361904645533,0.0405506432056427,0.06949329376220703,0.12165707349777222,0.1786816418170929,0.22958898544311526,,,,,
run,V3,Grocery,43,text,3,-0.0742623507976532,0.0709172934293747,0.06321150064468384,1.5377416559562829,0.0,0.0,0.0965239711889544,0.004202446259926095,0.0965239711889544,0.08953285291790962,0.09289004094898701,0.09836461395025253,0.10009002313017845,0.10060456544160842,0.34536601171711845,0.6876949101763881,0.7101970721092672,-0.8211675822734833,-0.2430509477853775,0.6646343767642975,0.9507423341274261,0.989279717206955,0.024492422792895208,0.048769461720892096,0.05036525414552369,-0.05823498219251633,-0.017236515413969755,0.047134071588516235,0.06742407195270061,0.07015703916549683,0.15235914375305287,0.07657008719337983,0.15235914375305287,0.05773530006408691,0.09235243499279022,0.14682918787002563,0.20539981126785278,0.25601837038993835,,,,,
run,V3,Grocery,43,visual,1,-0.021735820919275284,0.03920091688632965,-0.008356223814189434,1.28544253151052,0.0,0.0,0.09819938808843656,0.0024525999975827687,0.09819938808843656,0.09487260058522225,0.09569634310901165,0.09833123162388802,0.10070340521633625,0.10130889117717742,0.06310428108117792,0.7047173907012482,0.6428958115301564,-0.9015805006027222,-0.6611157655715942,0.10910575836896896,0.7813129723072052,0.9527607023715973,0.0024737456770464595,0.027625567876785696,0.0252021052857674,-0.035342782735824585,-0.025916343554854393,0.004277045838534832,0.03062818432226777,0.037349093705415726,0.13010338787676734,0.09738609214298918,0.13010338814208025,0.01646159291267395,0.04876278340816498,0.11228558421134949,0.1928505152463913,0.2678974330425263,,,,,
run,V3,Grocery,43,visual,2,-0.022766223177313805,0.03920091688632965,-0.008356223814189434,1.2858293670399754,0.0,0.0,0.09809298381162246,0.0024471581992277524,0.09809298381162246,0.09477426409721375,0.09559633396565914,0.0982310064136982,0.10058792121708393,0.10119259357452393,0.06310428108117792,0.7047173907012482,0.6428958115301564,-0.9015805006027222,-0.6611157655715942,0.10910575836896896,0.7813129723072052,0.9527607023715973,0.0024737456770464595,0.027625567876785696,0.0252021052857674,-0.035342782735824585,-0.025916343554854393,0.004277045838534832,0.03062818432226777,0.037349093705415726,0.15059527735234257,0.08553187443048979,0.15059527746405327,0.04615275263786316,0.0813719779253006,0.14113429188728333,0.20994478464126587,0.26756583452224736,,,,,
run,V3,Grocery,43,visual,3,-0.020510075613856316,0.03920091688632965,-0.008356223814189434,1.2848947631058214,0.0,0.0,0.09827273930401689,0.0024502262723117567,0.09827273930401689,0.09495290219783784,0.095772510394454,0.09841049835085869,0.10077016614377499,0.10137436389923096,0.06310428108117792,0.7047173907012482,0.6428958115301564,-0.9015805006027222,-0.6611157655715942,0.10910575836896896,0.7813129723072052,0.9527607023715973,0.0024737456770464595,0.027625567876785696,0.0252021052857674,-0.035342782735824585,-0.025916343554854393,0.004277045838534832,0.03062818432226777,0.037349093705415726,0.1775971815955294,0.08921578793222791,0.17759718165138474,0.06608443260192873,0.10780894756317139,0.17053967714309692,0.2410157471895218,0.29757006764411925,,,,,
run,B,Grocery,44,text,1,0.0317220538854599,0.03705739229917526,0.05512441694736481,1.7637908071686248,0.0,0.0,0.10956843650515931,0.007695660229654786,0.10956843650515931,0.09957155883312226,0.10376443341374397,0.1093820109963417,0.11532000452280045,0.1199531689286232,1.6694048150842027,2.1389707591248643,2.2145811016304076,-1.1592326760292053,0.08785314299166203,1.6744667887687683,3.2917675375938416,4.509313583374023,0.06186378913888588,0.07926467854312175,0.08206660066758993,-0.042958141490817066,0.003255608375184238,0.06205137260258198,0.12198432348668575,0.16710340678691865,0.1097179647280682,0.08282085041112268,0.10971796474203203,0.012604242563247683,0.04056243598461151,0.09491705894470215,0.16279777884483337,0.22809511423110962,,,,,
run,B,Grocery,44,text,2,0.02887468785047531,0.03705739229917526,0.05512441694736481,1.7572936458057684,0.0,0.0,0.10939781311094321,0.007688441236263875,0.10939781311094321,0.09940726682543755,0.10358127765357494,0.10920801386237144,0.11516032181680202,0.11975504755973816,1.6694048150842027,2.1389707591248643,2.2145811016304076,-1.1592326760292053,0.08785314299166203,1.6744667887687683,3.2917675375938416,4.509313583374023,0.06186378913888588,0.07926467854312175,0.08206660066758993,-0.042958141490817066,0.003255608375184238,0.06205137260258198,0.12198432348668575,0.16710340678691865,0.12957156768891884,0.07339584395870567,0.12957156768891884,0.04089164733886719,0.06991586089134216,0.12218466401100159,0.17969399690628052,0.23062973618507387,,,,,
run,B,Grocery,44,text,3,-0.0560053251683712,0.03705739229917526,0.05512441694736481,1.7578631722309934,0.0,0.0,0.10151805582970007,0.0071944875983476824,0.10151805582970007,0.09217285290360451,0.09606548771262169,0.10133582353591919,0.1069017443805933,0.1112215094268322,1.6694048150842027,2.1389707591248643,2.2145811016304076,-1.1592326760292053,0.08785314299166203,1.6744667887687683,3.2917675375938416,4.509313583374023,0.06186378913888588,0.07926467854312175,0.08206660066758993,-0.042958141490817066,0.003255608375184238,0.06205137260258198,0.12198432348668575,0.16710340678691865,0.15261222175137562,0.0766279210100391,0.15261222175137562,0.05870203971862793,0.09280338883399963,0.14607715606689453,0.20559267699718475,0.2565452218055725,,,,,
run,B,Grocery,44,visual,1,-0.021477537229657173,0.041305843740701675,-0.011076067574322224,1.8270796205959243,0.0,0.0,0.09447324461514964,0.01035663046028552,0.09447324461514964,0.08147545084357262,0.086611807346344,0.0935395136475563,0.10157103836536407,0.10880715698003769,-1.113167031424789,2.905895904246452,2.573216982408369,-4.892634725570678,-3.2891239523887634,-1.2363588213920593,0.9695927649736404,2.8384743928909306,-0.04598030339948407,0.12003048206518735,0.10628889852014799,-0.2020943984389305,-0.13586003705859184,-0.05106884427368641,0.04004984721541405,0.11724558174610139,0.125373803338332,0.09465364225787629,0.12537380356175343,0.0157146155834198,0.046733781695365906,0.1076502799987793,0.18645493686199188,0.2586604177951813,,,,,
run,B,Grocery,44,visual,2,-0.02488102577626705,0.041305843740701675,-0.011076067574322224,1.8286404399933214,0.0,0.0,0.09416311011250716,0.010319728680286046,0.09416311011250716,0.08120023533701896,0.08632469549775124,0.09323524311184883,0.1012449562549591,0.10848402753472329,-1.113167031424789,2.905895904246452,2.573216982408369,-4.892634725570678,-3.2891239523887634,-1.2363588213920593,0.9695927649736404,2.8384743928909306,-0.04598030339948407,0.12003048206518735,0.10628889852014799,-0.2020943984389305,-0.13586003705859184,-0.05106884427368641,0.04004984721541405,0.11724558174610139,0.1456625386976562,0.08360165255009706,0.14566253875351154,0.04404599070549011,0.07833822071552277,0.1362399458885193,0.20284181833267212,0.2596625804901123,,,,,
run,B,Grocery,44,visual,3,-0.018659401684999466,0.041305843740701675,-0.011076067574322224,1.828573707009231,0.0,0.0,0.09466941924489702,0.010367780650722002,0.09466941924489702,0.0816464103758335,0.08679293096065521,0.09373803809285164,0.10178759321570396,0.10906525552272797,-1.113167031424789,2.905895904246452,2.573216982408369,-4.892634725570678,-3.2891239523887634,-1.2363588213920593,0.9695927649736404,2.8384743928909306,-0.04598030339948407,0.12003048206518735,0.10628889852014799,-0.2020943984389305,-0.13586003705859184,-0.05106884427368641,0.04004984721541405,0.11724558174610139,0.1719386004250991,0.0874491721850688,0.17193860045302678,0.06297872066497803,0.10420389473438263,0.16449791193008423,0.23315614461898804,0.28846521973609923,,,,,
run,V3,Grocery,44,text,1,0.026453007012605667,0.013073625974357128,0.05452807620167732,2.03603230717022,0.0,0.0,0.10391559461418605,0.0005271851821437804,0.10391559461418605,0.10327508673071861,0.10361429676413536,0.10390080511569977,0.10425926931202412,0.10458827167749404,0.70771260475828,0.2867205698949237,0.7259961758099144,0.31910714209079755,0.6168646663427353,0.8087093234062195,0.9043983668088913,0.9461503803730011,0.009252369888533896,0.0037484774878566766,0.009491402458034837,0.004171887459233405,0.008064658148214221,0.010572763159871101,0.011823766166344285,0.012369616329669953,0.10673786035267716,0.08028555384841361,0.10673786036664099,0.012607502937316896,0.03986386954784393,0.09287476539611816,0.15780599415302277,0.22012816667556764,,,,,
run,V3,Grocery,44,text,2,0.029603727161884308,0.013073625974357128,0.05452807620167732,2.0025405875189812,0.0,0.0,0.10430616848463126,0.0004965111888403778,0.10430616848463126,0.10368271619081497,0.10403772816061974,0.10433220863342285,0.10464448668062687,0.10489777475595474,0.70771260475828,0.2867205698949237,0.7259961758099144,0.31910714209079755,0.6168646663427353,0.8087093234062195,0.9043983668088913,0.9461503803730011,0.009252369888533896,0.0037484774878566766,0.009491402458034837,0.004171887459233405,0.008064658148214221,0.010572763159871101,0.011823766166344285,0.012369616329669953,0.12577932128390146,0.07105972653019012,0.12577932128390146,0.040624755620956424,0.06869722902774811,0.11809223890304565,0.17350736260414124,0.22168146967887878,,,,,
run,V3,Grocery,44,text,3,-0.05881354957818985,0.013073625974357128,0.05452807620167732,1.982565532753369,0.0,0.0,0.09643727676419082,0.00047221255673950396,0.09643727676419082,0.09583573341369629,0.09617483429610729,0.09646681696176529,0.0967625230550766,0.09700086489319801,0.70771260475828,0.2867205698949237,0.7259961758099144,0.31910714209079755,0.6168646663427353,0.8087093234062195,0.9043983668088913,0.9461503803730011,0.009252369888533896,0.0037484774878566766,0.009491402458034837,0.004171887459233405,0.008064658148214221,0.010572763159871101,0.011823766166344285,0.012369616329669953,0.14837385623463706,0.07414178327939598,0.14837385623463706,0.057732635736465455,0.09142196178436279,0.14189457893371582,0.1984756886959076,0.24764308929443365,,,,,
run,V3,Grocery,44,visual,1,-0.022943392395973206,0.03878907486796379,-0.01005355641245842,1.4661205053042792,0.0,0.0,0.09684073256674089,0.002311718360655083,0.09684073256674089,0.0944887176156044,0.09473302401602268,0.09599724411964417,0.09890966676175594,0.10061217918992042,-0.27904585199182264,0.6687580300842704,0.6620656454136594,-0.9620674133300782,-0.895589292049408,-0.5240102410316467,0.32457058131694794,0.8099586308002473,-0.010823930446472651,0.025940505296434064,0.02568091388887653,-0.037317704781889914,-0.034739081747829914,-0.020325872115790844,0.012589792720973492,0.03141754567623139,0.12271183614319181,0.09325605758438296,0.12271183642246858,0.015304422378540041,0.04527641832828522,0.10459676384925842,0.1833209991455078,0.25499129891395567,,,,,
run,V3,Grocery,44,visual,2,-0.025164857506752014,0.03878907486796379,-0.01005355641245842,1.466246657089317,0.0,0.0,0.09662866038391933,0.0023020317821058614,0.09662866038391933,0.09428393766283989,0.09452461078763008,0.09578227996826172,0.09868797473609447,0.10038845613598824,-0.27904585199182264,0.6687580300842704,0.6620656454136594,-0.9620674133300782,-0.895589292049408,-0.5240102410316467,0.32457058131694794,0.8099586308002473,-0.010823930446472651,0.025940505296434064,0.02568091388887653,-0.037317704781889914,-0.034739081747829914,-0.020325872115790844,0.012589792720973492,0.03141754567623139,0.1430680114874952,0.08283713834176222,0.14306801158524207,0.04254468679428101,0.07605233788490295,0.13330680131912231,0.19899335503578186,0.2569652020931244,,,,,
run,V3,Grocery,44,visual,3,-0.017267052084207535,0.03878907486796379,-0.01005355641245842,1.4649755703528182,0.0,0.0,0.09729752101155108,0.0023140290429770824,0.09729752101155108,0.09494010806083679,0.0951828844845295,0.09644556045532227,0.09937071613967419,0.10107517912983895,-0.27904585199182264,0.6687580300842704,0.6620656454136594,-0.9620674133300782,-0.895589292049408,-0.5240102410316467,0.32457058131694794,0.8099586308002473,-0.010823930446472651,0.025940505296434064,0.02568091388887653,-0.037317704781889914,-0.034739081747829914,-0.020325872115790844,0.012589792720973492,0.03141754567623139,0.16873658894515084,0.08686378016142444,0.1687365890708254,0.06137612462043762,0.10110773146152496,0.16072195768356323,0.2292712926864624,0.2857631087303162,,,,,
run,B,ele-fashion,42,text,1,0.016930056735873222,0.04121384397149086,0.036308519542217255,1.784649704562462,0.0,0.0,0.09989575025575097,0.006918850549911555,0.09989575025575097,0.09158270061016083,0.09452283382415771,0.0992058552801609,0.10466431081295013,0.10968168452382088,-0.5336701250822844,1.853137140614184,1.6089796003805987,-2.809161424636841,-1.9624514877796173,-0.6620500087738037,0.7858425080776215,2.047798275947571,-0.02199459725866142,0.07637490495930775,0.0663122341914127,-0.11577634140849113,-0.0808801669627428,-0.027285626158118248,0.032387590035796165,0.08439764007925987,0.043051272570944224,0.05369472726072906,0.04305127266605218,0.0028002560138702393,0.007997989654541016,0.024241745471954346,0.05762489140033722,0.10677531361579895,,,,,
run,B,ele-fashion,42,text,2,0.04373295232653618,0.04121384397149086,0.036308519542217255,1.7799767791449845,0.0,0.0,0.10242227702836633,0.007089846792877053,0.10242227702836633,0.093879833817482,0.09689977206289768,0.10173328220844269,0.10732289776206017,0.11243275552988052,-0.5336701250822844,1.853137140614184,1.6089796003805987,-2.809161424636841,-1.9624514877796173,-0.6620500087738037,0.7858425080776215,2.047798275947571,-0.02199459725866142,0.07637490495930775,0.0663122341914127,-0.11577634140849113,-0.0808801669627428,-0.027285626158118248,0.032387590035796165,0.08439764007925987,0.07030065349363143,0.05516110728413453,0.07030065354484341,0.017570078372955322,0.031705260276794434,0.0557076632976532,0.09251284599304199,0.14171844720840454,,,,,
run,B,ele-fashion,42,text,3,-0.07385830581188202,0.04121384397149086,0.036308519542217255,1.7788008668864126,0.0,0.0,0.09216669860122939,0.006457244115546446,0.09216669860122939,0.08440221101045609,0.08712912537157536,0.0915386825799942,0.09662501513957977,0.10129350796341896,-0.5336701250822844,1.853137140614184,1.6089796003805987,-2.809161424636841,-1.9624514877796173,-0.6620500087738037,0.7858425080776215,2.047798275947571,-0.02199459725866142,0.07637490495930775,0.0663122341914127,-0.11577634140849113,-0.0808801669627428,-0.027285626158118248,0.032387590035796165,0.08439764007925987,0.08852168761642315,0.06556989794607472,0.08852168767495111,0.024249166250228882,0.04251424968242645,0.07177060842514038,0.11652475595474243,0.17466196417808533,,,,,
run,B,ele-fashion,42,visual,1,0.037778425961732864,-0.07276991754770279,0.045953474938869476,2.04023424404816,0.0,0.0,0.11883541477358939,0.025540744098802123,0.11883541477358939,0.092410147190094,0.10008105263113976,0.11040613800287247,0.13437844067811966,0.16238485276699066,-1.8157880002946927,3.204874002254914,2.691964774353323,-7.112298011779785,-4.037372946739197,-0.9569364190101624,0.5549715012311935,1.7678297758102417,0.132134743009032,0.2332184168637343,0.19589405464249132,-0.12864483147859573,-0.040385231375694275,0.06963618472218513,0.2937992960214615,0.5175613164901733,0.06160251516195316,0.0719631403565935,0.06160251567895027,0.0033670663833618164,0.010656595230102539,0.034797877073287964,0.0875914990901947,0.15774685144424438,,,,,
run,B,ele-fashion,42,visual,2,0.04412982985377312,-0.07276991754770279,0.045953474938869476,2.0380792979080047,0.0,0.0,0.11965602047849172,0.025719216297868358,0.11965602047849172,0.0930139385163784,0.10074782930314541,0.11119960248470306,0.13532283902168274,0.16348055005073547,-1.8157880002946927,3.204874002254914,2.691964774353323,-7.112298011779785,-4.037372946739197,-0.9569364190101624,0.5549715012311935,1.7678297758102417,0.132134743009032,0.2332184168637343,0.19589405464249132,-0.12864483147859573,-0.040385231375694275,0.06963618472218513,0.2937992960214615,0.5175613164901733,0.09327075626113017,0.06498707731314335,0.09327075647573274,0.027733981609344482,0.045945048332214355,0.07762300968170166,0.12436230480670929,0.18124666810035706,,,,,
run,B,ele-fashion,42,visual,3,-0.07925421744585037,-0.07276991754770279,0.045953474938869476,2.0397639901341345,0.0,0.0,0.10741982358011068,0.023441991470863812,0.10741982358011068,0.08318782597780228,0.09019159339368343,0.0996849574148655,0.12166235968470573,0.1473807618021965,-1.8157880002946927,3.204874002254914,2.691964774353323,-7.112298011779785,-4.037372946739197,-0.9569364190101624,0.5549715012311935,1.7678297758102417,0.132134743009032,0.2332184168637343,0.19589405464249132,-0.12864483147859573,-0.040385231375694275,0.06963618472218513,0.2937992960214615,0.5175613164901733,0.1148088752108949,0.07268981241003472,0.11480887540842681,0.038321495056152344,0.06192658841609955,0.0994957983493805,0.1513773798942566,0.21371766924858093,,,,,
run,V3,ele-fashion,42,text,1,0.02360437996685505,0.0514826700091362,0.03330656886100769,1.2363384159689608,0.0,0.0,0.10244547706051259,0.003382049471006556,0.10244547706051259,0.0981479175388813,0.09880491718649864,0.10257665067911148,0.10583862103521824,0.10684395581483841,0.005883369733043829,0.7106543021543706,0.6512742878631256,-0.9038626253604889,-0.7645875811576843,0.04940032586455345,0.7222581505775452,0.9229539334774017,0.0003028915766650964,0.03658638093446553,0.03352933925366273,-0.046533260494470596,-0.039363009855151176,0.0025432605762034655,0.037183779291808605,0.04751613177359104,0.040846775334349064,0.052044854918622735,0.040846775434334355,0.002762526273727417,0.007930710911750793,0.023000270128250122,0.05356641113758087,0.09993207454681396,,,,,
run,V3,ele-fashion,42,text,2,0.035665079951286316,0.0514826700091362,0.03330656886100769,1.2352911873316863,0.0,0.0,0.1036445052524483,0.003431964178381257,0.1036445052524483,0.09926813840866089,0.09994263015687466,0.10380587726831436,0.1070847287774086,0.10809070989489555,0.005883369733043829,0.7106543021543706,0.6512742878631256,-0.9038626253604889,-0.7645875811576843,0.04940032586455345,0.7222581505775452,0.9229539334774017,0.0003028915766650964,0.03658638093446553,0.03352933925366273,-0.046533260494470596,-0.039363009855151176,0.0025432605762034655,0.037183779291808605,0.04751613177359104,0.06814027559424843,0.05543024354880397,0.06814027563814441,0.016766071319580078,0.02999216318130493,0.05306783318519592,0.08920884132385254,0.13913491368293762,,,,,
run,V3,ele-fashion,42,text,3,-0.0622851736843586,0.0514826700091362,0.03330656886100769,1.2358585903647934,0.0,0.0,0.09494389842634708,0.0031805786076531195,0.09494389842634708,0.09088246896862984,0.0915143322199583,0.09509586542844772,0.0981292575597763,0.09905758127570152,0.005883369733043829,0.7106543021543706,0.6512742878631256,-0.9038626253604889,-0.7645875811576843,0.04940032586455345,0.7222581505775452,0.9229539334774017,0.0003028915766650964,0.03658638093446553,0.03352933925366273,-0.046533260494470596,-0.039363009855151176,0.0025432605762034655,0.037183779291808605,0.04751613177359104,0.08602390703538376,0.06637083508148298,0.08602390707684107,0.02305087447166443,0.039802610874176025,0.06844061613082886,0.11251941323280334,0.17318999767303467,,,,,
run,V3,ele-fashion,42,visual,1,0.037819720804691315,0.05424736812710762,0.04784809798002243,1.251961033935031,0.0,0.0,0.10558112219589955,0.003982105617448856,0.10558112219589955,0.09916646406054497,0.10097825340926647,0.10804512351751328,0.1087789535522461,0.10893263667821884,0.3099100838287749,0.8033119953437503,0.8233930840484359,-0.9855116903781891,-0.6290508061647415,0.8083493709564209,0.9732351452112198,0.9909330308437347,0.016811806407708782,0.04357756153039532,0.044666907744572604,-0.05346141569316387,-0.03412435203790665,0.04385082609951496,0.052795445546507835,0.05375550873577595,0.059594425154652166,0.07022926106427499,0.059594425535084,0.003002077341079712,0.009615853428840637,0.03276684880256653,0.08567465841770172,0.15442919731140137,,,,,
run,V3,ele-fashion,42,visual,2,0.048122718930244446,0.05424736812710762,0.04784809798002243,1.2611483163863868,0.0,0.0,0.10669217236652348,0.004057796924540364,0.10669217236652348,0.10015371441841125,0.10200271755456924,0.1092044934630394,0.1099305972456932,0.11015194654464722,0.3099100838287749,0.8033119953437503,0.8233930840484359,-0.9855116903781891,-0.6290508061647415,0.8083493709564209,0.9732351452112198,0.9909330308437347,0.016811806407708782,0.04357756153039532,0.044666907744572604,-0.05346141569316387,-0.03412435203790665,0.04385082609951496,0.052795445546507835,0.05375550873577595,0.08877374506927299,0.0631650975264691,0.08877374523022492,0.025110095739364624,0.04246646165847778,0.07305699586868286,0.11922968924045563,0.17523473501205444,,,,,
run,V3,ele-fashion,42,visual,3,-0.0812373086810112,0.05424736812710762,0.04784809798002243,1.2734590892489566,0.0,0.0,0.0950632282226337,0.0036631038739877693,0.0950632282226337,0.08915011212229729,0.09085616655647755,0.09732778370380402,0.09796246141195297,0.09819968789815903,0.3099100838287749,0.8033119953437503,0.8233930840484359,-0.9855116903781891,-0.6290508061647415,0.8083493709564209,0.9732351452112198,0.9909330308437347,0.016811806407708782,0.04357756153039532,0.044666907744572604,-0.05346141569316387,-0.03412435203790665,0.04385082609951496,0.052795445546507835,0.05375550873577595,0.10964478044032104,0.07104514753463571,0.10964478065492361,0.034546464681625366,0.05704903602600098,0.09437984228134155,0.14609889686107635,0.20667672157287598,,,,,
run,B,ele-fashion,43,text,1,0.023650649935007095,-0.03971678763628006,0.035886604338884354,1.5950138905181657,0.0,0.0,0.10328302898241921,0.00843870960066528,0.10328302898241921,0.09206627681851387,0.09556598775088787,0.10400690138339996,0.10957608930766582,0.1144125834107399,-0.18817014994371928,2.296175522259259,1.9861058041622581,-3.152289390563965,-1.943494200706482,-0.47053447365760803,1.9067842960357666,2.934236526489258,0.007473513863598425,0.09119671558458199,0.07888174244140651,-0.11653844639658928,-0.07573134452104568,0.018688117153942585,0.07718934491276741,0.12519880384206772,0.04268887267819847,0.05355705768783673,0.042688872753797104,0.002864241600036621,0.008200988173484802,0.024102121591567993,0.05683824419975281,0.10447573661804199,,,,,
run,B,ele-fashion,43,text,2,0.0367385633289814,-0.03971678763628006,0.035886604338884354,1.5919373101517806,0.0,0.0,0.10459316834512318,0.008545427220437258,0.10459316834512318,0.09320475161075592,0.09675340540707111,0.1053534522652626,0.11098194681107998,0.11585569754242897,-0.18817014994371928,2.296175522259259,1.9861058041622581,-3.152289390563965,-1.943494200706482,-0.47053447365760803,1.9067842960357666,2.934236526489258,0.007473513863598425,0.09119671558458199,0.07888174244140651,-0.11653844639658928,-0.07573134452104568,0.018688117153942585,0.07718934491276741,0.12519880384206772,0.06998763747143379,0.056178709867999964,0.06998763752264577,0.01772668957710266,0.03131987154483795,0.05483981966972351,0.09143906831741333,0.14173203706741333,,,,,
run,B,ele-fashion,43,text,3,-0.05849173665046692,-0.03971678763628006,0.035886604338884354,1.5932235819086653,0.0,0.0,0.09606774157924865,0.00792801697894256,0.09606774157924865,0.08549836277961731,0.08878650888800621,0.09677235409617424,0.10198683477938175,0.10652943328022957,-0.18817014994371928,2.296175522259259,1.9861058041622581,-3.152289390563965,-1.943494200706482,-0.47053447365760803,1.9067842960357666,2.934236526489258,0.007473513863598425,0.09119671558458199,0.07888174244140651,-0.11653844639658928,-0.07573134452104568,0.018688117153942585,0.07718934491276741,0.12519880384206772,0.0882237669481885,0.06704394705570152,0.08822376696769782,0.024290263652801514,0.04175245761871338,0.07066723704338074,0.11480693519115448,0.1758396029472351,,,,,
run,B,ele-fashion,43,visual,1,0.029295189306139946,0.05724718049168587,0.044774461537599564,1.9484871724595447,0.0,0.0,0.12353384045967956,0.025032844047094847,0.12353384045967956,0.09035045653581619,0.10453846864402294,0.12096508964896202,0.14126292616128922,0.1619075909256935,3.244260167399768,4.069702138452439,4.29132414698141,-2.5276005268096924,0.28229526430368423,3.1737418174743652,6.303898215293884,9.133591651916504,0.1857247473646091,0.23297897281685004,0.2456662079720409,-0.14469800144433975,0.016160607803612947,0.18168777227401733,0.36088040471076965,0.5228723585605621,0.05850294024350295,0.07012988056516664,0.05850294063612811,0.0030333399772644043,0.009575635194778442,0.031896352767944336,0.08293257653713226,0.15064898133277893,,,,,
run,B,ele-fashion,43,visual,2,0.03946767374873161,0.05724718049168587,0.044774461537599564,1.9492465864211248,0.0,0.0,0.1247764715899596,0.025269056057249235,0.1247764715899596,0.09123861417174339,0.10563556291162968,0.1222052201628685,0.14271288365125656,0.1635114550590515,3.244260167399768,4.069702138452439,4.29132414698141,-2.5276005268096924,0.28229526430368423,3.1737418174743652,6.303898215293884,9.133591651916504,0.1857247473646091,0.23297897281685004,0.2456662079720409,-0.14469800144433975,0.016160607803612947,0.18168777227401733,0.36088040471076965,0.5228723585605621,0.0870719460132891,0.06394077601079756,0.08707194619375036,0.02403348684310913,0.04081994295120239,0.07107731699943542,0.11569154262542725,0.17259380221366882,,,,,
run,B,ele-fashion,43,visual,3,-0.062322236597537994,0.05724718049168587,0.044774461537599564,1.9495956350703085,0.0,0.0,0.11422214741964298,0.023401383036232973,0.11422214741964298,0.08319959044456482,0.09648073837161064,0.11179328337311745,0.13081414997577667,0.1501358598470688,3.244260167399768,4.069702138452439,4.29132414698141,-2.5276005268096924,0.28229526430368423,3.1737418174743652,6.303898215293884,9.133591651916504,0.1857247473646091,0.23297897281685004,0.2456662079720409,-0.14469800144433975,0.016160607803612947,0.18168777227401733,0.36088040471076965,0.5228723585605621,0.10668856705659013,0.07195503032156969,0.10668856724924472,0.03286164999008179,0.05420869588851929,0.09029495716094971,0.1416960209608078,0.2035844922065735,,,,,
run,V3,ele-fashion,43,text,1,0.018037443980574608,0.054997049272060394,0.03247160091996193,1.4726342323161628,0.0,0.0,0.10181770571539617,0.0030475567166627342,0.10181770571539617,0.09787513315677643,0.09899014234542847,0.10159015282988548,0.10462917387485504,0.1061793640255928,-0.025284955972885412,0.6042408759765615,0.5342186755601576,-0.8149295449256897,-0.5879652500152588,-0.06215766444802284,0.5343885719776154,0.8315543532371521,-0.0013905979674186197,0.03323146523354425,0.029380450826088794,-0.04481871984899044,-0.032336353324353695,-0.00341848807875067,0.02938979398459196,0.04573303647339344,0.0439515341339775,0.05402093919533713,0.04395153424127879,0.0029898881912231445,0.008532524108886719,0.02506306767463684,0.059039488434791565,0.10874617099761963,,,,,
run,V3,ele-fashion,43,text,2,0.041436534374952316,0.054997049272060394,0.03247160091996193,1.4737080370306488,0.0,0.0,0.10406317831413608,0.003116127102832684,0.10406317831413608,0.10002746433019638,0.10117116570472717,0.10382464528083801,0.10693962126970291,0.10852848365902901,-0.025284955972885412,0.6042408759765615,0.5342186755601576,-0.8149295449256897,-0.5879652500152588,-0.06215766444802284,0.5343885719776154,0.8315543532371521,-0.0013905979674186197,0.03323146523354425,0.029380450826088794,-0.04481871984899044,-0.032336353324353695,-0.00341848807875067,0.02938979398459196,0.04573303647339344,0.07223391200995563,0.055915787180301,0.07223391205629029,0.018607646226882935,0.03299255669116974,0.05759352445602417,0.09574423730373383,0.14448213577270508,,,,,
run,V3,ele-fashion,43,text,3,-0.07482722401618958,0.054997049272060394,0.03247160091996193,1.471223231364086,0.0,0.0,0.09376400087742127,0.00284084930604377,0.09376400087742127,0.09008719772100449,0.09112625755369663,0.09354813769459724,0.09638914465904236,0.09783007949590683,-0.025284955972885412,0.6042408759765615,0.5342186755601576,-0.8149295449256897,-0.5879652500152588,-0.06215766444802284,0.5343885719776154,0.8315543532371521,-0.0013905979674186197,0.03323146523354425,0.029380450826088794,-0.04481871984899044,-0.032336353324353695,-0.00341848807875067,0.02938979398459196,0.04573303647339344,0.09085988256571016,0.06630184381288577,0.09085988258521949,0.02547350525856018,0.044095173478126526,0.07427588105201721,0.11952657997608185,0.17793872952461243,,,,,
run,V3,ele-fashion,43,visual,1,0.038669195026159286,0.07291127741336823,0.045252248644828796,1.0885069838545705,0.0,0.0,0.1051798753868366,0.005565173384330453,0.1051798753868366,0.09758157283067703,0.098478639498353,0.10750264301896095,0.11064260452985764,0.11082213371992111,0.15240069951068044,0.8279054549358253,0.7983200222463382,-0.9826318621635437,-0.8615610003471375,0.5124395191669464,0.9660414904356003,0.9961263537406921,0.011111729695586646,0.060363644305584295,0.058206532615090685,-0.07164494693279266,-0.06281751580536366,0.03736261837184429,0.07043531723320484,0.07262884452939034,0.06506474157027702,0.07608953458323216,0.06506474207751946,0.0033288896083831787,0.010672912001609802,0.03606632351875305,0.09344561398029327,0.16843223571777344,,,,,
run,V3,ele-fashion,43,visual,2,0.04758822172880173,0.07291127741336823,0.045252248644828796,1.090096091013146,0.0,0.0,0.10616118911322785,0.005653211043712207,0.10616118911322785,0.09844306856393814,0.099332295358181,0.10853664204478264,0.1116891149431467,0.11191318929195404,0.15240069951068044,0.8279054549358253,0.7983200222463382,-0.9826318621635437,-0.8615610003471375,0.5124395191669464,0.9660414904356003,0.9961263537406921,0.011111729695586646,0.060363644305584295,0.058206532615090685,-0.07164494693279266,-0.06281751580536366,0.03736261837184429,0.07043531723320484,0.07262884452939034,0.09703989664922454,0.0676306034888001,0.09703989687602044,0.028148919343948364,0.04750356078147888,0.08061179518699646,0.13012564182281494,0.18966659903526306,,,,,
run,V3,ele-fashion,43,visual,3,-0.10485413670539856,0.07291127741336823,0.045252248644828796,1.0957973182333376,0.0,0.0,0.09263224441955091,0.005005360475216089,0.09263224441955091,0.08578711003065109,0.08660504035651684,0.0947464108467102,0.09749460592865944,0.09771986678242683,0.15240069951068044,0.8279054549358253,0.7983200222463382,-0.9826318621635437,-0.8615610003471375,0.5124395191669464,0.9660414904356003,0.9961263537406921,0.011111729695586646,0.060363644305584295,0.058206532615090685,-0.07164494693279266,-0.06281751580536366,0.03736261837184429,0.07043531723320484,0.07262884452939034,0.12025902575762536,0.07587481479943498,0.1202590259746666,0.03937852382659912,0.06428702175617218,0.10470765829086304,0.15936191380023956,0.22466546297073364,,,,,
run,B,ele-fashion,44,text,1,0.02088162861764431,0.0669107660651207,0.03691430017352104,1.4938463148564782,0.0,0.0,0.10169917747099122,0.017506946484131158,0.10169917747099122,0.07846499234437943,0.08466623164713383,0.10346082225441933,0.11555370129644871,0.12460612505674362,-0.2800519664094863,2.9035468603300205,2.522014577768116,-4.3141303062438965,-3.0785138607025146,0.22771789133548737,2.0840007066726685,3.364520788192749,-0.018738491601112215,0.19427854475773626,0.16874992744453943,-0.28866176307201385,-0.20598572492599487,0.015236778650432825,0.1394420824944973,0.22512266039848328,0.0454516526932505,0.05440976242531841,0.04545165279811312,0.0031386911869049072,0.009031414985656738,0.02658975124359131,0.06185495853424072,0.11172470450401306,,,,,
run,B,ele-fashion,44,text,2,0.041560184210538864,0.0669107660651207,0.03691430017352104,1.4920930769325276,0.0,0.0,0.10369739032774408,0.017822595162095525,0.10369739032774408,0.08002359420061111,0.08635584823787212,0.10554848983883858,0.11783349141478539,0.1269911676645279,-0.2800519664094863,2.9035468603300205,2.522014577768116,-4.3141303062438965,-3.0785138607025146,0.22771789133548737,2.0840007066726685,3.364520788192749,-0.018738491601112215,0.19427854475773626,0.16874992744453943,-0.28866176307201385,-0.20598572492599487,0.015236778650432825,0.1394420824944973,0.22512266039848328,0.07402463575650083,0.05533611830166622,0.07402463578576482,0.019820451736450195,0.03504793345928192,0.0601649284362793,0.09786370396614075,0.1456242799758911,,,,,
run,B,ele-fashion,44,text,3,-0.06847565621137619,0.0669107660651207,0.03691430017352104,1.4928737841156872,0.0,0.0,0.09399768467089095,0.016326570894480426,0.09399768467089095,0.07232090085744858,0.07810842245817184,0.0956820547580719,0.10692614130675793,0.11534211784601212,-0.2800519664094863,2.9035468603300205,2.522014577768116,-4.3141303062438965,-3.0785138607025146,0.22771789133548737,2.0840007066726685,3.364520788192749,-0.018738491601112215,0.19427854475773626,0.16874992744453943,-0.28866176307201385,-0.20598572492599487,0.015236778650432825,0.1394420824944973,0.22512266039848328,0.09318105833128973,0.06537135804544307,0.0931810583483604,0.02726614475250244,0.04674816131591797,0.07774987816810608,0.12260034680366516,0.17894765734672546,,,,,
run,B,ele-fashion,44,visual,1,0.028269760310649872,-0.07638657838106155,0.03976087272167206,2.101202978189491,0.0,0.0,0.11455537107055871,0.032763545359499165,0.11455537107055871,0.07737429067492485,0.08976919949054718,0.10678306967020035,0.1336565762758255,0.16959057748317719,-1.0902427865068405,4.1068726039792445,3.34863409465762,-7.582177400588989,-3.9020897150039673,-0.5526780784130096,1.9774683713912964,4.094871997833252,0.08327991601736347,0.31370994602480856,0.25579070070824156,-0.3127932697534561,-0.15105204284191132,0.0422171875834465,0.29806728661060333,0.5791765749454498,0.06368691222483282,0.07465532261853752,0.06368691274426859,0.003427863121032715,0.010840684175491333,0.03565970063209534,0.09065315127372742,0.16306611895561218,,,,,
run,B,ele-fashion,44,visual,2,0.04527279734611511,-0.07638657838106155,0.03976087272167206,2.0971325024163816,0.0,0.0,0.11640837675347747,0.03323810154041278,0.11640837675347747,0.078636784106493,0.09125904552638531,0.10857034474611282,0.13589195907115936,0.17223791778087616,-1.0902427865068405,4.1068726039792445,3.34863409465762,-7.582177400588989,-3.9020897150039673,-0.5526780784130096,1.9774683713912964,4.094871997833252,0.08327991601736347,0.31370994602480856,0.25579070070824156,-0.3127932697534561,-0.15105204284191132,0.0422171875834465,0.29806728661060333,0.5791765749454498,0.09543222155600833,0.0668109128087407,0.09543222178036556,0.028022468090057373,0.04672612249851227,0.07916402816772461,0.1271333545446396,0.1866816282272339,,,,,
run,B,ele-fashion,44,visual,3,-0.07968257367610931,-0.07638657838106155,0.03976087272167206,2.1021131550766605,0.0,0.0,0.10435762026368196,0.030241619885012616,0.10435762026368196,0.07009598985314369,0.08149553090333939,0.09714684262871742,0.12197754345834255,0.1551937609910965,-1.0902427865068405,4.1068726039792445,3.34863409465762,-7.582177400588989,-3.9020897150039673,-0.5526780784130096,1.9774683713912964,4.094871997833252,0.08327991601736347,0.31370994602480856,0.25579070070824156,-0.3127932697534561,-0.15105204284191132,0.0422171875834465,0.29806728661060333,0.5791765749454498,0.11764762420321956,0.0750360083857871,0.11764762437148749,0.03859055042266846,0.06254135072231293,0.10161933302879333,0.15592825412750244,0.2207629382610321,,,,,
run,V3,ele-fashion,44,text,1,0.03006593883037567,0.05269967392086983,0.03283561021089554,1.5748543498058367,0.0,0.0,0.10405703600865435,0.00266336547256845,0.10405703600865435,0.10019807144999504,0.10189677216112614,0.10431820154190063,0.1064702644944191,0.10740065574645996,0.20541888218817633,0.5407791771005036,0.5017509217312156,-0.5857690870761871,-0.22794920951128006,0.26926378905773163,0.6979680061340332,0.8776193559169769,0.010825508102488241,0.028498886301460573,0.026442109965004887,-0.03086983971297741,-0.012012848630547523,0.014190114103257656,0.03678268659859896,0.04625025391578674,0.04384563895498304,0.05379282805559303,0.043845639042775005,0.002957463264465332,0.008469343185424805,0.025083839893341064,0.059025660157203674,0.10837888717651367,,,,,
run,V3,ele-fashion,44,text,2,0.04290210083127022,0.05269967392086983,0.03283561021089554,1.5684669607098782,0.0,0.0,0.10534784667037053,0.002695253257248514,0.10534784667037053,0.10143229365348816,0.10314661264419556,0.10560834780335426,0.10780311934649944,0.10873587056994438,0.20541888218817633,0.5407791771005036,0.5017509217312156,-0.5857690870761871,-0.22794920951128006,0.26926378905773163,0.6979680061340332,0.8776193559169769,0.010825508102488241,0.028498886301460573,0.026442109965004887,-0.03086983971297741,-0.012012848630547523,0.014190114103257656,0.03678268659859896,0.04625025391578674,0.07231356400813622,0.05542799624882185,0.07231356406178688,0.01888883113861084,0.03309518098831177,0.05812749266624451,0.09549492597579956,0.14450401067733765,,,,,
run,V3,ele-fashion,44,text,3,-0.07458901405334473,0.05269967392086983,0.03283561021089554,1.5685468202888828,0.0,0.0,0.0948304264756428,0.0024555359378168546,0.0948304264756428,0.09125705063343048,0.09282073937356472,0.09506607800722122,0.09706408530473709,0.09791293740272522,0.20541888218817633,0.5407791771005036,0.5017509217312156,-0.5857690870761871,-0.22794920951128006,0.26926378905773163,0.6979680061340332,0.8776193559169769,0.010825508102488241,0.028498886301460573,0.026442109965004887,-0.03086983971297741,-0.012012848630547523,0.014190114103257656,0.03678268659859896,0.04625025391578674,0.09111736465699763,0.06565451801725841,0.09111736468382295,0.025928735733032227,0.044340580701828,0.0751088559627533,0.11996865272521973,0.17812323570251465,,,,,
run,V3,ele-fashion,44,visual,1,0.0314326211810112,-0.07534429430961609,0.04310036823153496,1.4162428325517842,0.0,0.0,0.10580554935678257,0.004935051582294738,0.10580554935678257,0.09767279773950577,0.10118872486054897,0.10808860510587692,0.11019393801689148,0.11042636632919312,-0.32973756535307475,0.7066204111302047,0.7241313052192204,-0.996274322271347,-0.9558898657560349,-0.6627340614795685,0.32475440949201584,0.8447054922580719,0.024843844158544397,0.05323981621297422,0.05455916217107674,-0.06364374235272408,-0.02446839166805148,0.04993323050439358,0.07202084921300411,0.07506358250975609,0.06432465129794782,0.07446642431462323,0.06432465165887032,0.003433912992477417,0.010932788252830505,0.036356449127197266,0.09221957623958588,0.16519871354103088,,,,,
run,V3,ele-fashion,44,visual,2,0.054815106093883514,-0.07534429430961609,0.04310036823153496,1.4230524344425688,0.0,0.0,0.10817560750183375,0.005063410672938419,0.10817560750183375,0.09981630742549896,0.10345527343451977,0.11051272600889206,0.11267926543951035,0.11294253170490265,-0.32973756535307475,0.7066204111302047,0.7241313052192204,-0.996274322271347,-0.9558898657560349,-0.6627340614795685,0.32475440949201584,0.8447054922580719,0.024843844158544397,0.05323981621297422,0.05455916217107674,-0.06364374235272408,-0.02446839166805148,0.04993323050439358,0.07202084921300411,0.07506358250975609,0.09721021693813121,0.06624502512409898,0.09721021709664447,0.029516160488128662,0.04879012703895569,0.08159592747688293,0.1298629492521286,0.18795624375343323,,,,,
run,V3,ele-fashion,44,visual,3,-0.09893140941858292,-0.07534429430961609,0.04310036823153496,1.4271476970133468,0.0,0.0,0.09429992731095367,0.004481635596203852,0.09429992731095367,0.08690480515360832,0.09013140387833118,0.09637660533189774,0.09826967865228653,0.09851932525634766,-0.32973756535307475,0.7066204111302047,0.7241313052192204,-0.996274322271347,-0.9558898657560349,-0.6627340614795685,0.32475440949201584,0.8447054922580719,0.024843844158544397,0.05323981621297422,0.05455916217107674,-0.06364374235272408,-0.02446839166805148,0.04993323050439358,0.07202084921300411,0.07506358250975609,0.1202484457795418,0.07387901956965512,0.12024844595268705,0.040888845920562744,0.0661393254995346,0.10555490851402283,0.15855906903743744,0.2211768627166748,,,,,
run,B,Reddit-S,42,text,1,0.06329842656850815,-0.04542234539985657,0.04353193938732147,1.7797083939769596,0.0,0.0,0.10965283541588929,0.011821499380763325,0.10965283541588929,0.09439770802855492,0.1001848392188549,0.10862687230110168,0.11831038445234299,0.12665589302778243,-0.6050569596216625,2.6526588403809206,2.2476154829766015,-4.34259557723999,-2.6098461747169495,-0.48722250759601593,1.5074010789394379,2.914364266395571,0.027483106211303465,0.12048998602031516,0.10209196674078862,-0.13237725645303725,-0.0684696938842535,0.02213078923523426,0.11854533664882183,0.19725088328123094,0.1486829335702745,0.07594279770507477,0.14868293363027668,0.059957587718963624,0.09425877034664154,0.13761207461357117,0.19351264834403992,0.25171998143196106,,,,,
run,B,Reddit-S,42,text,2,0.035717688500881195,-0.04542234539985657,0.04353193938732147,1.7792450639947701,0.0,0.0,0.10699594625646519,0.011568071939298033,0.10699594625646519,0.0920769102871418,0.09772972948849201,0.10598897933959961,0.11546850204467773,0.12363853380084038,-0.6050569596216625,2.6526588403809206,2.2476154829766015,-4.34259557723999,-2.6098461747169495,-0.48722250759601593,1.5074010789394379,2.914364266395571,0.027483106211303465,0.12048998602031516,0.10209196674078862,-0.13237725645303725,-0.0684696938842535,0.02213078923523426,0.11854533664882183,0.19725088328123094,0.14950114133088893,0.07670770838611668,0.14950114133088893,0.05960584282875061,0.09417562186717987,0.13854479789733887,0.1951124221086502,0.2532975792884827,,,,,
run,B,Reddit-S,42,text,3,-0.0755038633942604,-0.04542234539985657,0.04353193938732147,1.7796859637768125,0.0,0.0,0.09683709544047284,0.010589716911625571,0.09683709544047284,0.08319178745150566,0.08835285902023315,0.09590383246541023,0.10458613932132721,0.11208192855119706,-0.6050569596216625,2.6526588403809206,2.2476154829766015,-4.34259557723999,-2.6098461747169495,-0.48722250759601593,1.5074010789394379,2.914364266395571,0.027483106211303465,0.12048998602031516,0.10209196674078862,-0.13237725645303725,-0.0684696938842535,0.02213078923523426,0.11854533664882183,0.19725088328123094,0.1495351699428527,0.07672155025761421,0.1495351699728538,0.0596331536769867,0.0942109078168869,0.13861343264579773,0.19497795403003693,0.2530541181564331,,,,,
run,B,Reddit-S,42,visual,1,0.038295283913612366,0.056264255195856094,0.025449788197875023,1.7819484641396495,0.0,0.0,0.11013391016938784,0.014249143597431794,0.11013391016938784,0.0916853167116642,0.0990851391106844,0.11107515543699265,0.12017812579870224,0.12927193194627762,1.0425628723218798,2.632195714830218,2.381821999919093,-2.4242471694946284,-0.8967147320508957,1.3576900959014893,2.9455828070640564,4.410371637344361,0.058659023678916206,0.14809853095500553,0.1340114406419592,-0.1363984629511833,-0.05045298580080271,0.07638942450284958,0.1657310277223587,0.2481462746858597,0.09389519761219794,0.08152386288928436,0.09389519794220982,0.020874762535095216,0.039624184370040894,0.07164981961250305,0.12308003008365631,0.19290255904197698,,,,,
run,B,Reddit-S,42,visual,2,0.020584361627697945,0.056264255195856094,0.025449788197875023,1.782245042978584,0.0,0.0,0.10841476699008992,0.014052350466103359,0.10841476699008992,0.0902217261493206,0.09751519747078419,0.10933855548501015,0.11831822991371155,0.1272978276014328,1.0425628723218798,2.632195714830218,2.381821999919093,-2.4242471694946284,-0.8967147320508957,1.3576900959014893,2.9455828070640564,4.410371637344361,0.058659023678916206,0.14809853095500553,0.1340114406419592,-0.1363984629511833,-0.05045298580080271,0.07638942450284958,0.1657310277223587,0.2481462746858597,0.0943976240186882,0.083126294525489,0.09439762404868929,0.02062727212905884,0.03933773934841156,0.07126212120056152,0.12355807423591614,0.1959164381027222,,,,,
run,B,Reddit-S,42,visual,3,-0.058219216763973236,0.056264255195856094,0.025449788197875023,1.782367731686576,0.0,0.0,0.10104341087346033,0.013201158321883094,0.10104341087346033,0.08395900428295136,0.09079877100884914,0.10189861431717873,0.11034156382083893,0.11879144757986068,1.0425628723218798,2.632195714830218,2.381821999919093,-2.4242471694946284,-0.8967147320508957,1.3576900959014893,2.9455828070640564,4.410371637344361,0.058659023678916206,0.14809853095500553,0.1340114406419592,-0.1363984629511833,-0.05045298580080271,0.07638942450284958,0.1657310277223587,0.2481462746858597,0.09442954326599998,0.08315351124957847,0.09442954335600322,0.020623290538787843,0.039383918046951294,0.07133296132087708,0.12354564666748047,0.19818549752235415,,,,,
run,V3,Reddit-S,42,text,1,0.03686102107167244,-0.02260478213429451,0.027686506509780884,1.5008330360904363,0.0,0.0,0.10428818010240962,0.0013168797823729782,0.10428818010240962,0.10220756232738495,0.10316316597163677,0.10466397926211357,0.10548678599298,0.10569492802023887,-0.25051207901742717,0.6175344532883679,0.5988532441801122,-0.9437164902687073,-0.8427820205688477,-0.4052598178386688,0.3054485619068146,0.6930209636688233,0.005662770969183771,0.013959231777874807,0.01353694711671687,-0.015665587969124317,-0.0069045983254909515,0.009160810150206089,0.019050903152674437,0.02133250627666712,0.14005696908158896,0.07602553278663061,0.14005696917159222,0.05296313762664795,0.08427496254444122,0.12785470485687256,0.183915376663208,0.24358975887298584,,,,,
run,V3,Reddit-S,42,text,2,0.01731773093342781,-0.02260478213429451,0.027686506509780884,1.5040044629752054,0.0,0.0,0.10248137793978446,0.0012963851768997183,0.10248137793978446,0.1004316858947277,0.10137519240379333,0.10285405069589615,0.10365862213075161,0.1038659743964672,-0.25051207901742717,0.6175344532883679,0.5988532441801122,-0.9437164902687073,-0.8427820205688477,-0.4052598178386688,0.3054485619068146,0.6930209636688233,0.005662770969183771,0.013959231777874807,0.01353694711671687,-0.015665587969124317,-0.0069045983254909515,0.009160810150206089,0.019050903152674437,0.02133250627666712,0.1418910142879479,0.07670383151605836,0.14189101434795004,0.05331286191940308,0.08531828224658966,0.12995284795761108,0.18668028712272644,0.2459804713726044,,,,,
run,V3,Reddit-S,42,text,3,-0.04434359446167946,-0.02260478213429451,0.027686506509780884,1.5040746981195925,0.0,0.0,0.09694738849825014,0.0012337979424416445,0.09694738849825014,0.09499659836292267,0.09589467570185661,0.09730174019932747,0.09806784614920616,0.09826520904898643,-0.25051207901742717,0.6175344532883679,0.5988532441801122,-0.9437164902687073,-0.8427820205688477,-0.4052598178386688,0.3054485619068146,0.6930209636688233,0.005662770969183771,0.013959231777874807,0.01353694711671687,-0.015665587969124317,-0.0069045983254909515,0.009160810150206089,0.019050903152674437,0.02133250627666712,0.1419193559777771,0.07670723483601682,0.14191935603777928,0.05330833792686463,0.08536732196807861,0.1300838589668274,0.18666353821754456,0.24603445529937748,,,,,
run,V3,Reddit-S,42,visual,1,0.02255699224770069,-0.04210350289940834,0.02187172695994377,1.7297458949920996,0.0,0.0,0.10384570686511083,0.002059016848442096,0.10384570686511083,0.10070591345429421,0.10255055502057076,0.10439000278711319,0.10561979748308659,0.10601492300629616,-0.3997847673656208,0.5188403844586216,0.5837527127064873,-0.9432080566883088,-0.8399170637130737,-0.5501091182231903,-0.08739364333450794,0.3981611728668217,0.016832339071430443,0.02184499775655686,0.024578034086882132,-0.01676398012787103,0.003679578599985689,0.02316152025014162,0.03536344971507788,0.03971236161887646,0.08935041069549421,0.07872662967193331,0.08935041525565829,0.020111060142517092,0.037541016936302185,0.0679173469543457,0.11569255590438843,0.18482235670089722,,,,,
run,V3,Reddit-S,42,visual,2,0.0166398324072361,-0.04210350289940834,0.02187172695994377,1.7299985850963082,0.0,0.0,0.10329804019806774,0.0020498452554362162,0.10329804019806774,0.10017105340957641,0.10200828686356544,0.1038411594927311,0.10506366565823555,0.10545685440301895,-0.3997847673656208,0.5188403844586216,0.5837527127064873,-0.9432080566883088,-0.8399170637130737,-0.5501091182231903,-0.08739364333450794,0.3981611728668217,0.016832339071430443,0.02184499775655686,0.024578034086882132,-0.01676398012787103,0.003679578599985689,0.02316152025014162,0.03536344971507788,0.03971236161887646,0.09017199460884393,0.0801448937910595,0.09017199931901342,0.019991546869277954,0.03747205436229706,0.06789949536323547,0.11675672233104706,0.18788397312164307,,,,,
run,V3,Reddit-S,42,visual,3,-0.03461553528904915,-0.04210350289940834,0.02187172695994377,1.7297578006981138,0.0,0.0,0.09864621434552469,0.0019674194426060228,0.09864621434552469,0.09564486593008041,0.09740794636309147,0.09916738420724869,0.10034112818539143,0.10071856006979943,-0.3997847673656208,0.5188403844586216,0.5837527127064873,-0.9432080566883088,-0.8399170637130737,-0.5501091182231903,-0.08739364333450794,0.3981611728668217,0.016832339071430443,0.02184499775655686,0.024578034086882132,-0.01676398012787103,0.003679578599985689,0.02316152025014162,0.03536344971507788,0.03971236161887646,0.09018848171335535,0.08015274312184793,0.090188487428561,0.019990897178649908,0.03748247027397156,0.06790503859519958,0.11682255566120148,0.18818759322166445,,,,,
run,B,Reddit-S,43,text,1,0.043423619121313095,0.03450362756848335,0.03044789656996727,1.863290063372894,0.0,0.0,0.11171043823972744,0.010049050134992677,0.11171043823972744,0.09941012412309647,0.10442834347486496,0.1101485900580883,0.11908691935241222,0.12672330290079117,2.089599629066239,2.921018987807629,2.829954758613326,-1.5701245665550232,0.008851737482473254,1.7385127544403076,4.292515516281128,6.369994831085205,0.07209876741497881,0.10078575134911204,0.09764370508020812,-0.054174992442131045,0.0003054170520044863,0.05998499505221844,0.1481073535978794,0.21978793293237686,0.1434646237904551,0.07440998023511712,0.1434646238204562,0.05794366002082826,0.08956117928028107,0.13255909085273743,0.18512582778930664,0.24246254563331607,,,,,
run,B,Reddit-S,43,text,2,0.01649455912411213,0.03450362756848335,0.03044789656996727,1.8629117367540153,0.0,0.0,0.10906667706941124,0.009842000362942135,0.10906667706941124,0.09702267348766327,0.10193046368658543,0.10753529146313667,0.1162908747792244,0.12377485185861588,2.089599629066239,2.921018987807629,2.829954758613326,-1.5701245665550232,0.008851737482473254,1.7385127544403076,4.292515516281128,6.369994831085205,0.07209876741497881,0.10078575134911204,0.09764370508020812,-0.054174992442131045,0.0003054170520044863,0.05998499505221844,0.1481073535978794,0.21978793293237686,0.14276422668406388,0.07478616666174522,0.14276422671406497,0.05720213055610657,0.08866214752197266,0.13131028413772583,0.18470537662506104,0.2424659430980683,,,,,
run,B,Reddit-S,43,text,3,-0.04768052697181702,0.03450362756848335,0.03044789656996727,1.8633477100897446,0.0,0.0,0.10299111511199688,0.009357655759652491,0.10299111511199688,0.09154436811804771,0.09620533883571625,0.10152864083647728,0.10985646024346352,0.11698115393519402,2.089599629066239,2.921018987807629,2.829954758613326,-1.5701245665550232,0.008851737482473254,1.7385127544403076,4.292515516281128,6.369994831085205,0.07209876741497881,0.10078575134911204,0.09764370508020812,-0.054174992442131045,0.0003054170520044863,0.05998499505221844,0.1481073535978794,0.21978793293237686,0.14278100176893782,0.0748144263108277,0.14278100182893996,0.05709162354469299,0.08860558271408081,0.13130122423171997,0.1847035139799118,0.24281361103057864,,,,,
run,B,Reddit-S,43,visual,1,0.02603353001177311,0.041017256677150726,0.024045506492257118,1.7005645004465568,0.0,0.0,0.10846067969343326,0.008511466669140964,0.10846067969343326,0.09719125404953957,0.10246030054986477,0.1075538769364357,0.11569117195904255,0.11969120427966118,1.4488912566361145,2.138717813456682,2.097090284790279,-1.4389719843864441,-0.020217512734234333,1.3005839586257935,3.285019278526306,4.2159675598144535,0.05942954464507614,0.08772433728703934,0.08601689035358612,-0.059022682905197146,-0.0008292668935609981,0.053346386179327965,0.13474248349666595,0.1729274183511734,0.08970196536311237,0.0793312397096275,0.08970196836322032,0.01994712352752686,0.037508800625801086,0.06783318519592285,0.11553815007209778,0.1857037663459778,,,,,
run,B,Reddit-S,43,visual,2,0.019038133323192596,0.041017256677150726,0.024045506492257118,1.7002287411033636,0.0,0.0,0.10778806315027378,0.0084651958033662,0.10778806315027378,0.09657903388142586,0.10181892663240433,0.10688440874218941,0.11497968062758446,0.11895532608032226,1.4488912566361145,2.138717813456682,2.097090284790279,-1.4389719843864441,-0.020217512734234333,1.3005839586257935,3.285019278526306,4.2159675598144535,0.05942954464507614,0.08772433728703934,0.08601689035358612,-0.059022682905197146,-0.0008292668935609981,0.053346386179327965,0.13474248349666595,0.1729274183511734,0.09033556574093286,0.08070997569808058,0.09033556634095445,0.019605934619903564,0.03736822307109833,0.06784290075302124,0.11634168028831482,0.1893088459968567,,,,,
run,B,Reddit-S,43,visual,3,-0.037903133779764175,0.041017256677150726,0.024045506492257118,1.7000708925696901,0.0,0.0,0.1024369112083158,0.008092872695276648,0.1024369112083158,0.09172376543283463,0.09672840498387814,0.10156900435686111,0.10931109264492989,0.11311522647738458,1.4488912566361145,2.138717813456682,2.097090284790279,-1.4389719843864441,-0.020217512734234333,1.3005839586257935,3.285019278526306,4.2159675598144535,0.05942954464507614,0.08772433728703934,0.08601689035358612,-0.059022682905197146,-0.0008292668935609981,0.053346386179327965,0.13474248349666595,0.1729274183511734,0.09035746573021806,0.08070782333027801,0.09035746579022022,0.019633132219314575,0.03741389513015747,0.06779617071151733,0.11641129851341248,0.18966816067695627,,,,,
run,V3,Reddit-S,43,text,1,0.06773123145103455,0.05495564267039299,0.04090968146920204,1.2739391767152006,0.0,0.0,0.10661249732540301,0.0038567912722189336,0.10661249732540301,0.10202679857611656,0.10287134163081646,0.10592503845691681,0.110714016482234,0.11201788932085037,-0.08244840678884623,0.7265645290291803,0.6687598017162941,-0.9543949723243713,-0.8077915906906128,-0.21125656366348267,0.6883411705493927,0.9459037840366363,-0.004531005167806469,0.03992882062414302,0.03675212468480923,-0.052449389919638635,-0.04439270589500666,-0.01160974008962512,0.037828232161700726,0.05198275037109852,0.14445666649873504,0.07310614002873222,0.14445666655873718,0.05965193510055542,0.09202207624912262,0.13333866000175476,0.1863594949245453,0.24365042448043828,,,,,
run,V3,Reddit-S,43,text,2,0.04192234203219414,0.05495564267039299,0.04090968146920204,1.274595769765485,0.0,0.0,0.10418524436874856,0.003782136754566518,0.10418524436874856,0.09968727007508278,0.10051828436553478,0.10351371020078659,0.10820573195815086,0.1094856582581997,-0.08244840678884623,0.7265645290291803,0.6687598017162941,-0.9543949723243713,-0.8077915906906128,-0.21125656366348267,0.6883411705493927,0.9459037840366363,-0.004531005167806469,0.03992882062414302,0.03675212468480923,-0.052449389919638635,-0.04439270589500666,-0.01160974008962512,0.037828232161700726,0.05198275037109852,0.1459329533617467,0.0733316097293934,0.14593295342174883,0.06044245958328247,0.093433678150177,0.13507041335105896,0.18790803849697113,0.24559792280197143,,,,,
run,V3,Reddit-S,43,text,3,-0.07779841870069504,0.05495564267039299,0.04090968146920204,1.2745260408839594,0.0,0.0,0.09353088283058426,0.003435520727809409,0.09353088283058426,0.089446821808815,0.09020043909549713,0.09291897341609001,0.0971832126379013,0.09834654852747918,-0.08244840678884623,0.7265645290291803,0.6687598017162941,-0.9543949723243713,-0.8077915906906128,-0.21125656366348267,0.6883411705493927,0.9459037840366363,-0.004531005167806469,0.03992882062414302,0.03675212468480923,-0.052449389919638635,-0.04439270589500666,-0.01160974008962512,0.037828232161700726,0.05198275037109852,0.14596300267552195,0.07333460674989101,0.14596300279552626,0.06047663688659668,0.09353569149971008,0.13509681820869446,0.18776923418045044,0.2456116795539856,,,,,
run,V3,Reddit-S,43,visual,1,0.03463331609964371,0.05162927880883217,0.026480859145522118,1.2949483799971881,0.0,0.0,0.10424224706583463,0.0033356843449275243,0.10424224706583463,0.09959962293505668,0.1009652353823185,0.10477166995406151,0.10756444372236729,0.10814525708556175,0.14264083121917281,0.6812078734061514,0.6344186236513532,-0.8192801058292388,-0.5262532234191895,0.26146115362644196,0.8223420530557632,0.9403015673160553,0.007364443230861749,0.035170271256327906,0.0327545760236904,-0.042298841848969454,-0.02717007463797927,0.01349905040115118,0.042456925846636295,0.0485470924526453,0.09507929408371756,0.08163429194898578,0.09507929414371973,0.02156854271888733,0.04084579646587372,0.07266715168952942,0.12412361800670624,0.19583818316459659,,,,,
run,V3,Reddit-S,43,visual,2,0.020732328295707703,0.05162927880883217,0.026480859145522118,1.2951296492597093,0.0,0.0,0.10295218324031608,0.0032991468158924675,0.10295218324031608,0.09836029931902886,0.0997132956981659,0.1034741960465908,0.10623847134411335,0.10681124776601791,0.14264083121917281,0.6812078734061514,0.6344186236513532,-0.8192801058292388,-0.5262532234191895,0.26146115362644196,0.8223420530557632,0.9403015673160553,0.007364443230861749,0.035170271256327906,0.0327545760236904,-0.042298841848969454,-0.02717007463797927,0.01349905040115118,0.042456925846636295,0.0485470924526453,0.0953564741700884,0.0831052004447442,0.0953564743200938,0.021122056245803832,0.04032522439956665,0.0721382200717926,0.12410077452659607,0.1980466425418854,,,,,
run,V3,Reddit-S,43,visual,3,-0.05063620209693909,0.05162927880883217,0.026480859145522118,1.2950615132531769,0.0,0.0,0.09654610773272615,0.003115638984110763,0.09654610773272615,0.09221005961298942,0.0934870932251215,0.09703832492232323,0.09964973665773869,0.10019106194376945,0.14264083121917281,0.6812078734061514,0.6344186236513532,-0.8192801058292388,-0.5262532234191895,0.26146115362644196,0.8223420530557632,0.9403015673160553,0.007364443230861749,0.035170271256327906,0.0327545760236904,-0.042298841848969454,-0.02717007463797927,0.01349905040115118,0.042456925846636295,0.0485470924526453,0.09538316270293148,0.08312719387248056,0.0953831628229358,0.021123504638671877,0.040312498807907104,0.07213705778121948,0.12407641112804413,0.19815693497657777,,,,,
run,B,Reddit-S,44,text,1,0.029084620997309685,-0.001018986338749528,0.024818722158670425,2.0051574697938355,0.0,0.0,0.10308313587211927,0.0002114408135745419,0.10308313587211927,0.10282169282436371,0.1029425859451294,0.10306993126869202,0.1032098401337862,0.10335757955908775,-0.9572453472967934,0.9500647149674217,1.136432875270102,-2.1434040546417235,-1.634825974702835,-1.0149400234222412,-0.3239923119544983,0.3388022512197499,0.0009754199318468438,0.0009681029656351051,0.001158009574980339,-0.00034523486683610814,0.0003301437391201034,0.0010342099703848362,0.001665865333052352,0.0021840994711965324,0.15049418747027565,0.07846509666240593,0.15049418756027888,0.0610729455947876,0.09320682287216187,0.13796499371528625,0.1949361115694046,0.256530910730362,,,,,
run,B,Reddit-S,44,text,2,0.006198089569807053,-0.001018986338749528,0.024818722158670425,2.0027167435999256,0.0,0.0,0.10098948679902846,0.00020852818709482293,0.10098948679902846,0.10073093101382255,0.10085093975067139,0.10097741335630417,0.1011150386184454,0.10125984624028206,-0.9572453472967934,0.9500647149674217,1.136432875270102,-2.1434040546417235,-1.634825974702835,-1.0149400234222412,-0.3239923119544983,0.3388022512197499,0.0009754199318468438,0.0009681029656351051,0.001158009574980339,-0.00034523486683610814,0.0003301437391201034,0.0010342099703848362,0.001665865333052352,0.0021840994711965324,0.15192639826978244,0.0787494617225882,0.1519263983597857,0.06181219220161438,0.09432746469974518,0.13969862461090088,0.19641073048114777,0.2583746194839478,,,,,
run,B,Reddit-S,44,text,3,-0.02891864813864231,-0.001018986338749528,0.024818722158670425,2.0031085072349732,0.0,0.0,0.09784561874115484,0.0002027356507902451,0.09784561874115484,0.09759425446391105,0.09771096706390381,0.09783392772078514,0.09796766750514507,0.09810845330357551,-0.9572453472967934,0.9500647149674217,1.136432875270102,-2.1434040546417235,-1.634825974702835,-1.0149400234222412,-0.3239923119544983,0.3388022512197499,0.0009754199318468438,0.0009681029656351051,0.001158009574980339,-0.00034523486683610814,0.0003301437391201034,0.0010342099703848362,0.001665865333052352,0.0021840994711965324,0.15194463465473884,0.0787448202991937,0.151944634714741,0.06182658076286316,0.09434498846530914,0.13973495364189148,0.19643256068229675,0.2583781242370606,,,,,
run,B,Reddit-S,44,visual,1,0.019322676584124565,-0.03857875615358353,0.017021315172314644,1.9153210364524489,0.0,0.0,0.10825642026568023,0.007415133606105148,0.10825642026568023,0.10030983686447144,0.1041732020676136,0.1084437221288681,0.11304603889584541,0.11730416789650917,-1.6935941888690087,2.0387992885998454,2.2035706164893316,-4.090365886688232,-3.010439157485962,-1.8071046471595764,-0.6504507511854172,0.44346979260444774,0.06533675737201172,0.07865434019295704,0.08501101335479207,-0.017108513601124274,0.025093581527471542,0.06971585005521774,0.1161389984190464,0.15780122727155685,0.08701561284287254,0.07782472797259284,0.0870156138029071,0.019254261255264284,0.036273032426834106,0.06490513682365417,0.11233299970626831,0.1824634671211244,,,,,
run,B,Reddit-S,44,visual,2,0.01055189035832882,-0.03857875615358353,0.017021315172314644,1.9154418469739303,0.0,0.0,0.10741305112279975,0.007363299773335859,0.10741305112279975,0.09952120706439019,0.10335726477205753,0.10759799182415009,0.11216836795210838,0.1163983628153801,-1.6935941888690087,2.0387992885998454,2.2035706164893316,-4.090365886688232,-3.010439157485962,-1.8071046471595764,-0.6504507511854172,0.44346979260444774,0.06533675737201172,0.07865434019295704,0.08501101335479207,-0.017108513601124274,0.025093581527471542,0.06971585005521774,0.1161389984190464,0.15780122727155685,0.08701052757363748,0.07833783716129131,0.08701052823366122,0.019101178646087645,0.03594556450843811,0.06462827324867249,0.1120547205209732,0.18353487253189088,,,,,
run,B,Reddit-S,44,visual,3,-0.02718414179980755,-0.03857875615358353,0.017021315172314644,1.9154658050631403,0.0,0.0,0.10385025870671388,0.007145743261029811,0.10385025870671388,0.09619030952453614,0.09991206042468548,0.10402762517333031,0.10846477560698986,0.11257274299860001,-1.6935941888690087,2.0387992885998454,2.2035706164893316,-4.090365886688232,-3.010439157485962,-1.8071046471595764,-0.6504507511854172,0.44346979260444774,0.06533675737201172,0.07865434019295704,0.08501101335479207,-0.017108513601124274,0.025093581527471542,0.06971585005521774,0.1161389984190464,0.15780122727155685,0.08701915397904453,0.07833862381088827,0.0870191567241433,0.019093120098114015,0.035946428775787354,0.06470873951911926,0.11205101013183594,0.18339423537254335,,,,,
run,V3,Reddit-S,44,text,1,0.029011135920882225,0.0038018140476197004,0.01878812536597252,1.9775522028302666,0.0,0.0,0.10292558114152067,0.00019945324298273838,0.10292558114152067,0.10264536738395691,0.10279088281095028,0.10294287651777267,0.10305604338645935,0.10316973626613617,0.08650396249188405,0.5138831664201758,0.4609697418326982,-0.6766162395477295,-0.369949072599411,0.17758819460868835,0.5454460233449936,0.7065883576869966,0.0003288719803499057,0.0019536882414564766,0.0017525212405859266,-0.002572369109839201,-0.0014064775896258652,0.0006751572946086526,0.0020736842998303473,0.002686317567713559,0.1328036940156311,0.0730038094897779,0.13280369404563216,0.04966502189636231,0.07858575880527496,0.12119460105895996,0.1740766167640686,0.23180602192878727,,,,,
run,V3,Reddit-S,44,text,2,0.006445294711738825,0.0038018140476197004,0.01878812536597252,1.976597520607729,0.0,0.0,0.10086241738695656,0.00019583676317801825,0.10086241738695656,0.10058846324682236,0.10073032975196838,0.1008792594075203,0.1009903084486723,0.10110233649611473,0.08650396249188405,0.5138831664201758,0.4609697418326982,-0.6766162395477295,-0.369949072599411,0.17758819460868835,0.5454460233449936,0.7065883576869966,0.0003288719803499057,0.0019536882414564766,0.0017525212405859266,-0.002572369109839201,-0.0014064775896258652,0.0006751572946086526,0.0020736842998303473,0.002686317567713559,0.1338554789386366,0.07342763520908437,0.13385547899863878,0.04970269799232484,0.07925580441951752,0.12243199348449707,0.17542384564876556,0.23325982093811037,,,,,
run,V3,Reddit-S,44,text,3,-0.032011788338422775,0.0038018140476197004,0.01878812536597252,1.976840977168313,0.0,0.0,0.09742793196731879,0.00018987281756897316,0.09742793196731879,0.09716230109333993,0.09729987941682339,0.09744425863027573,0.09755191020667553,0.09766052588820458,0.08650396249188405,0.5138831664201758,0.4609697418326982,-0.6766162395477295,-0.369949072599411,0.17758819460868835,0.5454460233449936,0.7065883576869966,0.0003288719803499057,0.0019536882414564766,0.0017525212405859266,-0.002572369109839201,-0.0014064775896258652,0.0006751572946086526,0.0020736842998303473,0.002686317567713559,0.1338670559202153,0.07342711807198037,0.1338670559202153,0.04970843195915223,0.07926295697689056,0.12244746088981628,0.17544595897197723,0.23327792882919313,,,,,
run,V3,Reddit-S,44,visual,1,0.01586066745221615,-0.033291470259428024,0.014364713802933693,2.3209633144496764,0.0,0.0,0.10312028513403078,0.001685720255231574,0.10312028513403078,0.10014543235301972,0.10243313014507294,0.10389429330825806,0.10430916398763657,0.10449963808059692,-0.5034163928879644,0.5441058740492856,0.6934245852230881,-0.9397164404392242,-0.8907259255647659,-0.761520653963089,-0.2863255515694618,0.4546004265546801,0.016759471847424122,0.018114084589765975,0.02308512398102625,-0.015134316589683292,0.00953219854272902,0.025352141819894314,0.029653575737029314,0.03128454275429249,0.08410924488198791,0.0769128841102675,0.0841092450619944,0.018404114246368408,0.0340515673160553,0.06215134263038635,0.10779392719268799,0.17617567777633675,,,,,
run,V3,Reddit-S,44,visual,2,0.008882049471139908,-0.033291470259428024,0.014364713802933693,2.3208320221978216,0.0,0.0,0.10247772444628823,0.0016767070715664354,0.10247772444628823,0.09951853156089782,0.10179335251450539,0.1032484695315361,0.10365970619022846,0.10385002493858338,-0.5034163928879644,0.5441058740492856,0.6934245852230881,-0.9397164404392242,-0.8907259255647659,-0.761520653963089,-0.2863255515694618,0.4546004265546801,0.016759471847424122,0.018114084589765975,0.02308512398102625,-0.015134316589683292,0.00953219854272902,0.025352141819894314,0.029653575737029314,0.03128454275429249,0.08490238732191786,0.07789615069735091,0.08490238777193405,0.018463361263275146,0.03419052064418793,0.062354207038879395,0.10885225236415863,0.17861033082008362,,,,,
run,V3,Reddit-S,44,visual,3,-0.02292323298752308,-0.033291470259428024,0.014364713802933693,2.3206588174369,0.0,0.0,0.09958926465198711,0.001634533969530124,0.09958926465198711,0.09670441150665283,0.09892198629677296,0.10034061968326569,0.10074160434305668,0.10092712417244912,-0.5034163928879644,0.5441058740492856,0.6934245852230881,-0.9397164404392242,-0.8907259255647659,-0.761520653963089,-0.2863255515694618,0.4546004265546801,0.016759471847424122,0.018114084589765975,0.02308512398102625,-0.015134316589683292,0.00953219854272902,0.025352141819894314,0.029653575737029314,0.03128454275429249,0.08491311717051386,0.07790178192658528,0.0849131172605171,0.018475013971328738,0.03421933948993683,0.062377601861953735,0.10883675515651703,0.17859524488449097,,,,,
cross_seed,V3,Movies,,text,1,,,,,,,,,,,,,,,,,,,,,,,,,,,,,,,,,,,,,,,42,43,alpha,0.9148434142322325,0.885760010361108
cross_seed,V3,Movies,,text,2,,,,,,,,,,,,,,,,,,,,,,,,,,,,,,,,,,,,,,,42,43,alpha,0.9116607888352841,0.8830144297813723
cross_seed,V3,Movies,,text,3,,,,,,,,,,,,,,,,,,,,,,,,,,,,,,,,,,,,,,,42,43,alpha,0.9198507493402287,0.8947065287884856
cross_seed,V3,Movies,,text,all,,,,,,,,,,,,,,,,,,,,,,,,,,,,,,,,,,,,,,,42,43,term_p,0.3196749405182996,0.5197559257485652
cross_seed,V3,Movies,,text,1,,,,,,,,,,,,,,,,,,,,,,,,,,,,,,,,,,,,,,,42,44,alpha,0.942791302016792,0.9366912721002162
cross_seed,V3,Movies,,text,2,,,,,,,,,,,,,,,,,,,,,,,,,,,,,,,,,,,,,,,42,44,alpha,0.9381163853133075,0.9309101852922843
cross_seed,V3,Movies,,text,3,,,,,,,,,,,,,,,,,,,,,,,,,,,,,,,,,,,,,,,42,44,alpha,0.941470389971676,0.933778416905482
cross_seed,V3,Movies,,text,all,,,,,,,,,,,,,,,,,,,,,,,,,,,,,,,,,,,,,,,42,44,term_p,0.23710104833612552,0.4259716607686787
cross_seed,V3,Movies,,text,1,,,,,,,,,,,,,,,,,,,,,,,,,,,,,,,,,,,,,,,43,44,alpha,0.9054335837416851,0.8642945835779648
cross_seed,V3,Movies,,text,2,,,,,,,,,,,,,,,,,,,,,,,,,,,,,,,,,,,,,,,43,44,alpha,0.8996033829024841,0.8575265935755803
cross_seed,V3,Movies,,text,3,,,,,,,,,,,,,,,,,,,,,,,,,,,,,,,,,,,,,,,43,44,alpha,0.9077357540037974,0.869831512268817
cross_seed,V3,Movies,,text,all,,,,,,,,,,,,,,,,,,,,,,,,,,,,,,,,,,,,,,,43,44,term_p,0.3684651594744416,0.4382961718832118
cross_seed,V3,Movies,,visual,1,,,,,,,,,,,,,,,,,,,,,,,,,,,,,,,,,,,,,,,42,43,alpha,0.5286023429966805,0.5330766953079262
cross_seed,V3,Movies,,visual,2,,,,,,,,,,,,,,,,,,,,,,,,,,,,,,,,,,,,,,,42,43,alpha,0.5286454722375429,0.5331240728534375
cross_seed,V3,Movies,,visual,3,,,,,,,,,,,,,,,,,,,,,,,,,,,,,,,,,,,,,,,42,43,alpha,0.5285358755787304,0.5330098134677125
cross_seed,V3,Movies,,visual,all,,,,,,,,,,,,,,,,,,,,,,,,,,,,,,,,,,,,,,,42,43,term_p,0.5302494461683356,0.5347587881696514
cross_seed,V3,Movies,,visual,1,,,,,,,,,,,,,,,,,,,,,,,,,,,,,,,,,,,,,,,42,44,alpha,0.544443290762612,0.5705360315454381
cross_seed,V3,Movies,,visual,2,,,,,,,,,,,,,,,,,,,,,,,,,,,,,,,,,,,,,,,42,44,alpha,0.5442038990142815,0.570307618778776
cross_seed,V3,Movies,,visual,3,,,,,,,,,,,,,,,,,,,,,,,,,,,,,,,,,,,,,,,42,44,alpha,0.5437562360583457,0.5695731889850867
cross_seed,V3,Movies,,visual,all,,,,,,,,,,,,,,,,,,,,,,,,,,,,,,,,,,,,,,,42,44,term_p,0.545644285699719,0.5755432658508502
cross_seed,V3,Movies,,visual,1,,,,,,,,,,,,,,,,,,,,,,,,,,,,,,,,,,,,,,,43,44,alpha,0.44144530420508715,0.46490802210141
cross_seed,V3,Movies,,visual,2,,,,,,,,,,,,,,,,,,,,,,,,,,,,,,,,,,,,,,,43,44,alpha,0.4415033378034114,0.46492383649032903
cross_seed,V3,Movies,,visual,3,,,,,,,,,,,,,,,,,,,,,,,,,,,,,,,,,,,,,,,43,44,alpha,0.4417558696448117,0.46495595879351653
cross_seed,V3,Movies,,visual,all,,,,,,,,,,,,,,,,,,,,,,,,,,,,,,,,,,,,,,,43,44,term_p,0.4405727536313041,0.4653423246208471
cross_seed,B,Movies,,text,1,,,,,,,,,,,,,,,,,,,,,,,,,,,,,,,,,,,,,,,42,43,alpha,0.6933663313311023,0.6602902025373809
cross_seed,B,Movies,,text,2,,,,,,,,,,,,,,,,,,,,,,,,,,,,,,,,,,,,,,,42,43,alpha,0.6937830446243844,0.6604526817692384
cross_seed,B,Movies,,text,3,,,,,,,,,,,,,,,,,,,,,,,,,,,,,,,,,,,,,,,42,43,alpha,0.6943080612999938,0.6603061582327647
cross_seed,B,Movies,,text,all,,,,,,,,,,,,,,,,,,,,,,,,,,,,,,,,,,,,,,,42,43,term_p,0.6839604021507046,0.6596245995341713
cross_seed,B,Movies,,text,1,,,,,,,,,,,,,,,,,,,,,,,,,,,,,,,,,,,,,,,42,44,alpha,0.400975738137176,0.41807397146436975
cross_seed,B,Movies,,text,2,,,,,,,,,,,,,,,,,,,,,,,,,,,,,,,,,,,,,,,42,44,alpha,0.40224293446894116,0.4196182415390056
cross_seed,B,Movies,,text,3,,,,,,,,,,,,,,,,,,,,,,,,,,,,,,,,,,,,,,,42,44,alpha,0.4035602956034358,0.4205810622359467
cross_seed,B,Movies,,text,all,,,,,,,,,,,,,,,,,,,,,,,,,,,,,,,,,,,,,,,42,44,term_p,0.386216409114473,0.41236677564434515
cross_seed,B,Movies,,text,1,,,,,,,,,,,,,,,,,,,,,,,,,,,,,,,,,,,,,,,43,44,alpha,0.4898795262613705,0.4811211944732668
cross_seed,B,Movies,,text,2,,,,,,,,,,,,,,,,,,,,,,,,,,,,,,,,,,,,,,,43,44,alpha,0.4921726756593533,0.48449302271184325
cross_seed,B,Movies,,text,3,,,,,,,,,,,,,,,,,,,,,,,,,,,,,,,,,,,,,,,43,44,alpha,0.4944995846663509,0.48736609810683634
cross_seed,B,Movies,,text,all,,,,,,,,,,,,,,,,,,,,,,,,,,,,,,,,,,,,,,,43,44,term_p,0.4718388167903051,0.4682661240972661
cross_seed,B,Movies,,visual,1,,,,,,,,,,,,,,,,,,,,,,,,,,,,,,,,,,,,,,,42,43,alpha,0.7292652670419029,0.6901797549551303
cross_seed,B,Movies,,visual,2,,,,,,,,,,,,,,,,,,,,,,,,,,,,,,,,,,,,,,,42,43,alpha,0.7292539661891138,0.690174149762446
cross_seed,B,Movies,,visual,3,,,,,,,,,,,,,,,,,,,,,,,,,,,,,,,,,,,,,,,42,43,alpha,0.7292299363807786,0.6901873438704028
cross_seed,B,Movies,,visual,all,,,,,,,,,,,,,,,,,,,,,,,,,,,,,,,,,,,,,,,42,43,term_p,0.7313166797818171,0.6900735934691875
cross_seed,B,Movies,,visual,1,,,,,,,,,,,,,,,,,,,,,,,,,,,,,,,,,,,,,,,42,44,alpha,0.4976714287686111,0.45607819009528183
cross_seed,B,Movies,,visual,2,,,,,,,,,,,,,,,,,,,,,,,,,,,,,,,,,,,,,,,42,44,alpha,0.5004971150352875,0.45900913045033265
cross_seed,B,Movies,,visual,3,,,,,,,,,,,,,,,,,,,,,,,,,,,,,,,,,,,,,,,42,44,alpha,0.5023008548303194,0.4607175148464262
cross_seed,B,Movies,,visual,all,,,,,,,,,,,,,,,,,,,,,,,,,,,,,,,,,,,,,,,42,44,term_p,0.48704073805241926,0.44687022364723283
cross_seed,B,Movies,,visual,1,,,,,,,,,,,,,,,,,,,,,,,,,,,,,,,,,,,,,,,43,44,alpha,0.5860419052259364,0.5708095503463064
cross_seed,B,Movies,,visual,2,,,,,,,,,,,,,,,,,,,,,,,,,,,,,,,,,,,,,,,43,44,alpha,0.5879988189678492,0.5729274299068486
cross_seed,B,Movies,,visual,3,,,,,,,,,,,,,,,,,,,,,,,,,,,,,,,,,,,,,,,43,44,alpha,0.5874193985771126,0.5722869492567227
cross_seed,B,Movies,,visual,all,,,,,,,,,,,,,,,,,,,,,,,,,,,,,,,,,,,,,,,43,44,term_p,0.5898470320381942,0.5718488546315414
cross_seed,V3,Toys,,text,1,,,,,,,,,,,,,,,,,,,,,,,,,,,,,,,,,,,,,,,42,43,alpha,0.3362157311746245,0.3832709375492301
cross_seed,V3,Toys,,text,2,,,,,,,,,,,,,,,,,,,,,,,,,,,,,,,,,,,,,,,42,43,alpha,0.337810060158866,0.37222346017390545
cross_seed,V3,Toys,,text,3,,,,,,,,,,,,,,,,,,,,,,,,,,,,,,,,,,,,,,,42,43,alpha,0.34413846654697156,0.3819198474835352
cross_seed,V3,Toys,,text,all,,,,,,,,,,,,,,,,,,,,,,,,,,,,,,,,,,,,,,,42,43,term_p,0.3024843264443702,0.2544833513902521
cross_seed,V3,Toys,,text,1,,,,,,,,,,,,,,,,,,,,,,,,,,,,,,,,,,,,,,,42,44,alpha,0.7524155771680527,0.8001809232352716
cross_seed,V3,Toys,,text,2,,,,,,,,,,,,,,,,,,,,,,,,,,,,,,,,,,,,,,,42,44,alpha,0.752597532853313,0.8066074582104352
cross_seed,V3,Toys,,text,3,,,,,,,,,,,,,,,,,,,,,,,,,,,,,,,,,,,,,,,42,44,alpha,0.7534377815713071,0.8058703786042709
cross_seed,V3,Toys,,text,all,,,,,,,,,,,,,,,,,,,,,,,,,,,,,,,,,,,,,,,42,44,term_p,0.7468179292046337,0.8086095508983406
cross_seed,V3,Toys,,text,1,,,,,,,,,,,,,,,,,,,,,,,,,,,,,,,,,,,,,,,43,44,alpha,0.37809355633672825,0.3678517158945116
cross_seed,V3,Toys,,text,2,,,,,,,,,,,,,,,,,,,,,,,,,,,,,,,,,,,,,,,43,44,alpha,0.3872761844112917,0.37230190932490925
cross_seed,V3,Toys,,text,3,,,,,,,,,,,,,,,,,,,,,,,,,,,,,,,,,,,,,,,43,44,alpha,0.38971388801329815,0.37339499815492816
cross_seed,V3,Toys,,text,all,,,,,,,,,,,,,,,,,,,,,,,,,,,,,,,,,,,,,,,43,44,term_p,0.3751095229082588,0.3199100621928243
cross_seed,V3,Toys,,visual,1,,,,,,,,,,,,,,,,,,,,,,,,,,,,,,,,,,,,,,,42,43,alpha,0.20565002534491997,0.24484754144489476
cross_seed,V3,Toys,,visual,2,,,,,,,,,,,,,,,,,,,,,,,,,,,,,,,,,,,,,,,42,43,alpha,0.20666848950975086,0.24741806250518109
cross_seed,V3,Toys,,visual,3,,,,,,,,,,,,,,,,,,,,,,,,,,,,,,,,,,,,,,,42,43,alpha,0.2096270653784934,0.2504875607594619
cross_seed,V3,Toys,,visual,all,,,,,,,,,,,,,,,,,,,,,,,,,,,,,,,,,,,,,,,42,43,term_p,0.193105785369956,0.23223213104069124
cross_seed,V3,Toys,,visual,1,,,,,,,,,,,,,,,,,,,,,,,,,,,,,,,,,,,,,,,42,44,alpha,0.19837198258521865,0.24546476158753883
cross_seed,V3,Toys,,visual,2,,,,,,,,,,,,,,,,,,,,,,,,,,,,,,,,,,,,,,,42,44,alpha,0.19848981641374716,0.24721094020656284
cross_seed,V3,Toys,,visual,3,,,,,,,,,,,,,,,,,,,,,,,,,,,,,,,,,,,,,,,42,44,alpha,0.20014256720779877,0.2492617578192689
cross_seed,V3,Toys,,visual,all,,,,,,,,,,,,,,,,,,,,,,,,,,,,,,,,,,,,,,,42,44,term_p,0.18774934644004437,0.2335633115915491
cross_seed,V3,Toys,,visual,1,,,,,,,,,,,,,,,,,,,,,,,,,,,,,,,,,,,,,,,43,44,alpha,0.752279893408237,0.7461764852509813
cross_seed,V3,Toys,,visual,2,,,,,,,,,,,,,,,,,,,,,,,,,,,,,,,,,,,,,,,43,44,alpha,0.7520482871218667,0.7468848018481721
cross_seed,V3,Toys,,visual,3,,,,,,,,,,,,,,,,,,,,,,,,,,,,,,,,,,,,,,,43,44,alpha,0.7525053103579019,0.7479570809232207
cross_seed,V3,Toys,,visual,all,,,,,,,,,,,,,,,,,,,,,,,,,,,,,,,,,,,,,,,43,44,term_p,0.7478464594876097,0.7397315414076595
cross_seed,B,Toys,,text,1,,,,,,,,,,,,,,,,,,,,,,,,,,,,,,,,,,,,,,,42,43,alpha,-0.016288825812170924,0.005026080965096537
cross_seed,B,Toys,,text,2,,,,,,,,,,,,,,,,,,,,,,,,,,,,,,,,,,,,,,,42,43,alpha,-0.015632729641520297,0.005689380606457879
cross_seed,B,Toys,,text,3,,,,,,,,,,,,,,,,,,,,,,,,,,,,,,,,,,,,,,,42,43,alpha,-0.012849192356460105,0.008232188921715256
cross_seed,B,Toys,,text,all,,,,,,,,,,,,,,,,,,,,,,,,,,,,,,,,,,,,,,,42,43,term_p,-0.03165043076541567,-0.009848239254155922
cross_seed,B,Toys,,text,1,,,,,,,,,,,,,,,,,,,,,,,,,,,,,,,,,,,,,,,42,44,alpha,0.10373968016370756,0.11187787333414613
cross_seed,B,Toys,,text,2,,,,,,,,,,,,,,,,,,,,,,,,,,,,,,,,,,,,,,,42,44,alpha,0.10478634810793759,0.11270846376527877
cross_seed,B,Toys,,text,3,,,,,,,,,,,,,,,,,,,,,,,,,,,,,,,,,,,,,,,42,44,alpha,0.10658214501115185,0.11455743931279988
cross_seed,B,Toys,,text,all,,,,,,,,,,,,,,,,,,,,,,,,,,,,,,,,,,,,,,,42,44,term_p,0.09069719337983922,0.10109697672131336
cross_seed,B,Toys,,text,1,,,,,,,,,,,,,,,,,,,,,,,,,,,,,,,,,,,,,,,43,44,alpha,0.7998019580585654,0.7942967697660038
cross_seed,B,Toys,,text,2,,,,,,,,,,,,,,,,,,,,,,,,,,,,,,,,,,,,,,,43,44,alpha,0.8000209006724253,0.7945100722691982
cross_seed,B,Toys,,text,3,,,,,,,,,,,,,,,,,,,,,,,,,,,,,,,,,,,,,,,43,44,alpha,0.7999975091234289,0.7946444401161659
cross_seed,B,Toys,,text,all,,,,,,,,,,,,,,,,,,,,,,,,,,,,,,,,,,,,,,,43,44,term_p,0.8058121667919285,0.7938858542093956
cross_seed,B,Toys,,visual,1,,,,,,,,,,,,,,,,,,,,,,,,,,,,,,,,,,,,,,,42,43,alpha,0.4455569419499073,0.43216944528655854
cross_seed,B,Toys,,visual,2,,,,,,,,,,,,,,,,,,,,,,,,,,,,,,,,,,,,,,,42,43,alpha,0.4465585374275549,0.4331535058528799
cross_seed,B,Toys,,visual,3,,,,,,,,,,,,,,,,,,,,,,,,,,,,,,,,,,,,,,,42,43,alpha,0.4481442836206702,0.43479532220855366
cross_seed,B,Toys,,visual,all,,,,,,,,,,,,,,,,,,,,,,,,,,,,,,,,,,,,,,,42,43,term_p,0.44769430640040175,0.4252656474449036
cross_seed,B,Toys,,visual,1,,,,,,,,,,,,,,,,,,,,,,,,,,,,,,,,,,,,,,,42,44,alpha,0.35653636486786583,0.3553466846684015
cross_seed,B,Toys,,visual,2,,,,,,,,,,,,,,,,,,,,,,,,,,,,,,,,,,,,,,,42,44,alpha,0.3570557589953765,0.35581075314082644
cross_seed,B,Toys,,visual,3,,,,,,,,,,,,,,,,,,,,,,,,,,,,,,,,,,,,,,,42,44,alpha,0.3580079189601164,0.35677840822898826
cross_seed,B,Toys,,visual,all,,,,,,,,,,,,,,,,,,,,,,,,,,,,,,,,,,,,,,,42,44,term_p,0.37019559516713324,0.35190215391643054
cross_seed,B,Toys,,visual,1,,,,,,,,,,,,,,,,,,,,,,,,,,,,,,,,,,,,,,,43,44,alpha,0.5767668729023205,0.5549076205669259
cross_seed,B,Toys,,visual,2,,,,,,,,,,,,,,,,,,,,,,,,,,,,,,,,,,,,,,,43,44,alpha,0.5770080899379861,0.555271165373034
cross_seed,B,Toys,,visual,3,,,,,,,,,,,,,,,,,,,,,,,,,,,,,,,,,,,,,,,43,44,alpha,0.5772735572820293,0.5556628630443152
cross_seed,B,Toys,,visual,all,,,,,,,,,,,,,,,,,,,,,,,,,,,,,,,,,,,,,,,43,44,term_p,0.5822262448528943,0.5537612170830661
cross_seed,V3,Grocery,,text,1,,,,,,,,,,,,,,,,,,,,,,,,,,,,,,,,,,,,,,,42,43,alpha,0.47366646622804154,0.5469169390159939
cross_seed,V3,Grocery,,text,2,,,,,,,,,,,,,,,,,,,,,,,,,,,,,,,,,,,,,,,42,43,alpha,0.48852519128394195,0.5597158347627015
cross_seed,V3,Grocery,,text,3,,,,,,,,,,,,,,,,,,,,,,,,,,,,,,,,,,,,,,,42,43,alpha,0.48177717821622534,0.5549058297159883
cross_seed,V3,Grocery,,text,all,,,,,,,,,,,,,,,,,,,,,,,,,,,,,,,,,,,,,,,42,43,term_p,0.6128407222447848,0.6565043904021838
cross_seed,V3,Grocery,,text,1,,,,,,,,,,,,,,,,,,,,,,,,,,,,,,,,,,,,,,,42,44,alpha,0.5579395298797092,0.5718940913871358
cross_seed,V3,Grocery,,text,2,,,,,,,,,,,,,,,,,,,,,,,,,,,,,,,,,,,,,,,42,44,alpha,0.5060683652941251,0.5252378737766963
cross_seed,V3,Grocery,,text,3,,,,,,,,,,,,,,,,,,,,,,,,,,,,,,,,,,,,,,,42,44,alpha,0.5228774468644454,0.5362138524155867
cross_seed,V3,Grocery,,text,all,,,,,,,,,,,,,,,,,,,,,,,,,,,,,,,,,,,,,,,42,44,term_p,0.12376998592079017,0.1485700333242647
cross_seed,V3,Grocery,,text,1,,,,,,,,,,,,,,,,,,,,,,,,,,,,,,,,,,,,,,,43,44,alpha,0.022025959143103308,0.10971752054381156
cross_seed,V3,Grocery,,text,2,,,,,,,,,,,,,,,,,,,,,,,,,,,,,,,,,,,,,,,43,44,alpha,0.00751314383380861,0.07815698725627745
cross_seed,V3,Grocery,,text,3,,,,,,,,,,,,,,,,,,,,,,,,,,,,,,,,,,,,,,,43,44,alpha,0.007892623449123433,0.07463953192116164
cross_seed,V3,Grocery,,text,all,,,,,,,,,,,,,,,,,,,,,,,,,,,,,,,,,,,,,,,43,44,term_p,-0.003386035227976775,0.008520944003740373
cross_seed,V3,Grocery,,visual,1,,,,,,,,,,,,,,,,,,,,,,,,,,,,,,,,,,,,,,,42,43,alpha,0.6817915131760286,0.7234133869974236
cross_seed,V3,Grocery,,visual,2,,,,,,,,,,,,,,,,,,,,,,,,,,,,,,,,,,,,,,,42,43,alpha,0.680624762920083,0.7229909593205202
cross_seed,V3,Grocery,,visual,3,,,,,,,,,,,,,,,,,,,,,,,,,,,,,,,,,,,,,,,42,43,alpha,0.6801516796830008,0.7225385691938921
cross_seed,V3,Grocery,,visual,all,,,,,,,,,,,,,,,,,,,,,,,,,,,,,,,,,,,,,,,42,43,term_p,0.6796076541203161,0.7230994481787375
cross_seed,V3,Grocery,,visual,1,,,,,,,,,,,,,,,,,,,,,,,,,,,,,,,,,,,,,,,42,44,alpha,0.7606470119797945,0.7954569077901552
cross_seed,V3,Grocery,,visual,2,,,,,,,,,,,,,,,,,,,,,,,,,,,,,,,,,,,,,,,42,44,alpha,0.7597025111945686,0.7943805009654317
cross_seed,V3,Grocery,,visual,3,,,,,,,,,,,,,,,,,,,,,,,,,,,,,,,,,,,,,,,42,44,alpha,0.7594818684797691,0.7935819302568217
cross_seed,V3,Grocery,,visual,all,,,,,,,,,,,,,,,,,,,,,,,,,,,,,,,,,,,,,,,42,44,term_p,0.7561615206027213,0.7866179338721953
cross_seed,V3,Grocery,,visual,1,,,,,,,,,,,,,,,,,,,,,,,,,,,,,,,,,,,,,,,43,44,alpha,0.633161132651428,0.6701758961152215
cross_seed,V3,Grocery,,visual,2,,,,,,,,,,,,,,,,,,,,,,,,,,,,,,,,,,,,,,,43,44,alpha,0.6319683819015043,0.6693156407170686
cross_seed,V3,Grocery,,visual,3,,,,,,,,,,,,,,,,,,,,,,,,,,,,,,,,,,,,,,,43,44,alpha,0.6315483430554203,0.6688699759896186
cross_seed,V3,Grocery,,visual,all,,,,,,,,,,,,,,,,,,,,,,,,,,,,,,,,,,,,,,,43,44,term_p,0.6291559819886067,0.6645790221074794
cross_seed,B,Grocery,,text,1,,,,,,,,,,,,,,,,,,,,,,,,,,,,,,,,,,,,,,,42,43,alpha,-0.20723654746654727,-0.18974301460492846
cross_seed,B,Grocery,,text,2,,,,,,,,,,,,,,,,,,,,,,,,,,,,,,,,,,,,,,,42,43,alpha,-0.23394990963534454,-0.21473142930073666
cross_seed,B,Grocery,,text,3,,,,,,,,,,,,,,,,,,,,,,,,,,,,,,,,,,,,,,,42,43,alpha,-0.22905027104930667,-0.21136275447885627
cross_seed,B,Grocery,,text,all,,,,,,,,,,,,,,,,,,,,,,,,,,,,,,,,,,,,,,,42,43,term_p,-0.37551532906069723,-0.3584991303946565
cross_seed,B,Grocery,,text,1,,,,,,,,,,,,,,,,,,,,,,,,,,,,,,,,,,,,,,,42,44,alpha,0.6150436841988541,0.5984377223571757
cross_seed,B,Grocery,,text,2,,,,,,,,,,,,,,,,,,,,,,,,,,,,,,,,,,,,,,,42,44,alpha,0.6151807251702651,0.5990097427213461
cross_seed,B,Grocery,,text,3,,,,,,,,,,,,,,,,,,,,,,,,,,,,,,,,,,,,,,,42,44,alpha,0.6154361713643267,0.5993010144028332
cross_seed,B,Grocery,,text,all,,,,,,,,,,,,,,,,,,,,,,,,,,,,,,,,,,,,,,,42,44,term_p,0.6120984537087474,0.5985005852505173
cross_seed,B,Grocery,,text,1,,,,,,,,,,,,,,,,,,,,,,,,,,,,,,,,,,,,,,,43,44,alpha,-0.296965171917698,-0.297131912142209
cross_seed,B,Grocery,,text,2,,,,,,,,,,,,,,,,,,,,,,,,,,,,,,,,,,,,,,,43,44,alpha,-0.3059244808097065,-0.2953514264844129
cross_seed,B,Grocery,,text,3,,,,,,,,,,,,,,,,,,,,,,,,,,,,,,,,,,,,,,,43,44,alpha,-0.29305987277166845,-0.28232207540716425
cross_seed,B,Grocery,,text,all,,,,,,,,,,,,,,,,,,,,,,,,,,,,,,,,,,,,,,,43,44,term_p,-0.46875846115867126,-0.45817021067483593
cross_seed,B,Grocery,,visual,1,,,,,,,,,,,,,,,,,,,,,,,,,,,,,,,,,,,,,,,42,43,alpha,0.863808493714814,0.868877246020047
cross_seed,B,Grocery,,visual,2,,,,,,,,,,,,,,,,,,,,,,,,,,,,,,,,,,,,,,,42,43,alpha,0.8636836505178956,0.8687968833818722
cross_seed,B,Grocery,,visual,3,,,,,,,,,,,,,,,,,,,,,,,,,,,,,,,,,,,,,,,42,43,alpha,0.8636740075497116,0.8687948546600655
cross_seed,B,Grocery,,visual,all,,,,,,,,,,,,,,,,,,,,,,,,,,,,,,,,,,,,,,,42,43,term_p,0.8669337352539516,0.8683147771133777
cross_seed,B,Grocery,,visual,1,,,,,,,,,,,,,,,,,,,,,,,,,,,,,,,,,,,,,,,42,44,alpha,0.8986289060653861,0.9018476239155069
cross_seed,B,Grocery,,visual,2,,,,,,,,,,,,,,,,,,,,,,,,,,,,,,,,,,,,,,,42,44,alpha,0.8986160053635787,0.9018408956496328
cross_seed,B,Grocery,,visual,3,,,,,,,,,,,,,,,,,,,,,,,,,,,,,,,,,,,,,,,42,44,alpha,0.8986152444502098,0.9018435809471121
cross_seed,B,Grocery,,visual,all,,,,,,,,,,,,,,,,,,,,,,,,,,,,,,,,,,,,,,,42,44,term_p,0.8995030821873148,0.9016386804684471
cross_seed,B,Grocery,,visual,1,,,,,,,,,,,,,,,,,,,,,,,,,,,,,,,,,,,,,,,43,44,alpha,0.8582004636994718,0.8613269998563328
cross_seed,B,Grocery,,visual,2,,,,,,,,,,,,,,,,,,,,,,,,,,,,,,,,,,,,,,,43,44,alpha,0.8579532292905596,0.8611601215543193
cross_seed,B,Grocery,,visual,3,,,,,,,,,,,,,,,,,,,,,,,,,,,,,,,,,,,,,,,43,44,alpha,0.8578812635893798,0.8610834576911898
cross_seed,B,Grocery,,visual,all,,,,,,,,,,,,,,,,,,,,,,,,,,,,,,,,,,,,,,,43,44,term_p,0.8597292208198546,0.8609402025171107
cross_seed,V3,ele-fashion,,text,1,,,,,,,,,,,,,,,,,,,,,,,,,,,,,,,,,,,,,,,42,43,alpha,0.6698031785435984,0.6775300702457021
cross_seed,V3,ele-fashion,,text,2,,,,,,,,,,,,,,,,,,,,,,,,,,,,,,,,,,,,,,,42,43,alpha,0.672090454539737,0.679001944427105
cross_seed,V3,ele-fashion,,text,3,,,,,,,,,,,,,,,,,,,,,,,,,,,,,,,,,,,,,,,42,43,alpha,0.6728619111611865,0.6795008824864418
cross_seed,V3,ele-fashion,,text,all,,,,,,,,,,,,,,,,,,,,,,,,,,,,,,,,,,,,,,,42,43,term_p,0.6696003715580425,0.6769717408093523
cross_seed,V3,ele-fashion,,text,1,,,,,,,,,,,,,,,,,,,,,,,,,,,,,,,,,,,,,,,42,44,alpha,0.6393565622720626,0.6618680250032446
cross_seed,V3,ele-fashion,,text,2,,,,,,,,,,,,,,,,,,,,,,,,,,,,,,,,,,,,,,,42,44,alpha,0.6425776661942108,0.6632624019934746
cross_seed,V3,ele-fashion,,text,3,,,,,,,,,,,,,,,,,,,,,,,,,,,,,,,,,,,,,,,42,44,alpha,0.6440241062325066,0.6639482912052223
cross_seed,V3,ele-fashion,,text,all,,,,,,,,,,,,,,,,,,,,,,,,,,,,,,,,,,,,,,,42,44,term_p,0.6318757038513105,0.6580014287568756
cross_seed,V3,ele-fashion,,text,1,,,,,,,,,,,,,,,,,,,,,,,,,,,,,,,,,,,,,,,43,44,alpha,0.6269702929618981,0.6362882977995437
cross_seed,V3,ele-fashion,,text,2,,,,,,,,,,,,,,,,,,,,,,,,,,,,,,,,,,,,,,,43,44,alpha,0.6289481909838293,0.6380963418418035
cross_seed,V3,ele-fashion,,text,3,,,,,,,,,,,,,,,,,,,,,,,,,,,,,,,,,,,,,,,43,44,alpha,0.629492386006522,0.6383277792753589
cross_seed,V3,ele-fashion,,text,all,,,,,,,,,,,,,,,,,,,,,,,,,,,,,,,,,,,,,,,43,44,term_p,0.6237744238572341,0.6341001109697562
cross_seed,V3,ele-fashion,,visual,1,,,,,,,,,,,,,,,,,,,,,,,,,,,,,,,,,,,,,,,42,43,alpha,0.8066233621600895,0.7986442197241082
cross_seed,V3,ele-fashion,,visual,2,,,,,,,,,,,,,,,,,,,,,,,,,,,,,,,,,,,,,,,42,43,alpha,0.8098026843897753,0.7963946396351247
cross_seed,V3,ele-fashion,,visual,3,,,,,,,,,,,,,,,,,,,,,,,,,,,,,,,,,,,,,,,42,43,alpha,0.8096251263123896,0.7906393851099518
cross_seed,V3,ele-fashion,,visual,all,,,,,,,,,,,,,,,,,,,,,,,,,,,,,,,,,,,,,,,42,43,term_p,0.8139444988786275,0.8393360154274175
cross_seed,V3,ele-fashion,,visual,1,,,,,,,,,,,,,,,,,,,,,,,,,,,,,,,,,,,,,,,42,44,alpha,0.7809878390872372,0.7437243722454246
cross_seed,V3,ele-fashion,,visual,2,,,,,,,,,,,,,,,,,,,,,,,,,,,,,,,,,,,,,,,42,44,alpha,0.7839740346782136,0.7343282847580312
cross_seed,V3,ele-fashion,,visual,3,,,,,,,,,,,,,,,,,,,,,,,,,,,,,,,,,,,,,,,42,44,alpha,0.7841603963396365,0.7296809029732483
cross_seed,V3,ele-fashion,,visual,all,,,,,,,,,,,,,,,,,,,,,,,,,,,,,,,,,,,,,,,42,44,term_p,0.7869566919461674,0.766872858805093
cross_seed,V3,ele-fashion,,visual,1,,,,,,,,,,,,,,,,,,,,,,,,,,,,,,,,,,,,,,,43,44,alpha,0.7163719240351001,0.7534397375032367
cross_seed,V3,ele-fashion,,visual,2,,,,,,,,,,,,,,,,,,,,,,,,,,,,,,,,,,,,,,,43,44,alpha,0.7208348984375736,0.7577082342576069
cross_seed,V3,ele-fashion,,visual,3,,,,,,,,,,,,,,,,,,,,,,,,,,,,,,,,,,,,,,,43,44,alpha,0.7211426307196104,0.7531329554856074
cross_seed,V3,ele-fashion,,visual,all,,,,,,,,,,,,,,,,,,,,,,,,,,,,,,,,,,,,,,,43,44,term_p,0.7227343982337264,0.7915671743559116
cross_seed,B,ele-fashion,,text,1,,,,,,,,,,,,,,,,,,,,,,,,,,,,,,,,,,,,,,,42,43,alpha,0.7682214189065599,0.7863329446719497
cross_seed,B,ele-fashion,,text,2,,,,,,,,,,,,,,,,,,,,,,,,,,,,,,,,,,,,,,,42,43,alpha,0.7691218004169581,0.787398623985681
cross_seed,B,ele-fashion,,text,3,,,,,,,,,,,,,,,,,,,,,,,,,,,,,,,,,,,,,,,42,43,alpha,0.769464509523979,0.7878607767608452
cross_seed,B,ele-fashion,,text,all,,,,,,,,,,,,,,,,,,,,,,,,,,,,,,,,,,,,,,,42,43,term_p,0.7701045710744705,0.785702224515025
cross_seed,B,ele-fashion,,text,1,,,,,,,,,,,,,,,,,,,,,,,,,,,,,,,,,,,,,,,42,44,alpha,0.7865655096241913,0.8006921706906006
cross_seed,B,ele-fashion,,text,2,,,,,,,,,,,,,,,,,,,,,,,,,,,,,,,,,,,,,,,42,44,alpha,0.787112503120388,0.8014513988791309
cross_seed,B,ele-fashion,,text,3,,,,,,,,,,,,,,,,,,,,,,,,,,,,,,,,,,,,,,,42,44,alpha,0.7873280017903631,0.8017951224728739
cross_seed,B,ele-fashion,,text,all,,,,,,,,,,,,,,,,,,,,,,,,,,,,,,,,,,,,,,,42,44,term_p,0.7858429888864262,0.8002909729298202
cross_seed,B,ele-fashion,,text,1,,,,,,,,,,,,,,,,,,,,,,,,,,,,,,,,,,,,,,,43,44,alpha,0.8907297934941228,0.8855425565752565
cross_seed,B,ele-fashion,,text,2,,,,,,,,,,,,,,,,,,,,,,,,,,,,,,,,,,,,,,,43,44,alpha,0.8910496866226223,0.8855703133271963
cross_seed,B,ele-fashion,,text,3,,,,,,,,,,,,,,,,,,,,,,,,,,,,,,,,,,,,,,,43,44,alpha,0.8908909956535406,0.8855301845480277
cross_seed,B,ele-fashion,,text,all,,,,,,,,,,,,,,,,,,,,,,,,,,,,,,,,,,,,,,,43,44,term_p,0.8958215596031712,0.8853907123383826
cross_seed,B,ele-fashion,,visual,1,,,,,,,,,,,,,,,,,,,,,,,,,,,,,,,,,,,,,,,42,43,alpha,0.8850627537148958,0.8525056143597339
cross_seed,B,ele-fashion,,visual,2,,,,,,,,,,,,,,,,,,,,,,,,,,,,,,,,,,,,,,,42,43,alpha,0.8853728203938349,0.8533272583118556
cross_seed,B,ele-fashion,,visual,3,,,,,,,,,,,,,,,,,,,,,,,,,,,,,,,,,,,,,,,42,43,alpha,0.8856392929244167,0.8535555107784071
cross_seed,B,ele-fashion,,visual,all,,,,,,,,,,,,,,,,,,,,,,,,,,,,,,,,,,,,,,,42,43,term_p,0.8727287149954464,0.8528366985770232
cross_seed,B,ele-fashion,,visual,1,,,,,,,,,,,,,,,,,,,,,,,,,,,,,,,,,,,,,,,42,44,alpha,0.937991859733405,0.8905058319600934
cross_seed,B,ele-fashion,,visual,2,,,,,,,,,,,,,,,,,,,,,,,,,,,,,,,,,,,,,,,42,44,alpha,0.9381984704777823,0.8912939850962868
cross_seed,B,ele-fashion,,visual,3,,,,,,,,,,,,,,,,,,,,,,,,,,,,,,,,,,,,,,,42,44,alpha,0.9384909080878485,0.8915120799766761
cross_seed,B,ele-fashion,,visual,all,,,,,,,,,,,,,,,,,,,,,,,,,,,,,,,,,,,,,,,42,44,term_p,0.9259513895629724,0.8909323147492674
cross_seed,B,ele-fashion,,visual,1,,,,,,,,,,,,,,,,,,,,,,,,,,,,,,,,,,,,,,,43,44,alpha,0.9221348205192418,0.9029315897999247
cross_seed,B,ele-fashion,,visual,2,,,,,,,,,,,,,,,,,,,,,,,,,,,,,,,,,,,,,,,43,44,alpha,0.9223888024250612,0.9033729143476399
cross_seed,B,ele-fashion,,visual,3,,,,,,,,,,,,,,,,,,,,,,,,,,,,,,,,,,,,,,,43,44,alpha,0.9224178910567894,0.9034873855829497
cross_seed,B,ele-fashion,,visual,all,,,,,,,,,,,,,,,,,,,,,,,,,,,,,,,,,,,,,,,43,44,term_p,0.9187381230803003,0.9032130092228164
cross_seed,V3,Reddit-S,,text,1,,,,,,,,,,,,,,,,,,,,,,,,,,,,,,,,,,,,,,,42,43,alpha,0.573176394156371,0.6372392168162282
cross_seed,V3,Reddit-S,,text,2,,,,,,,,,,,,,,,,,,,,,,,,,,,,,,,,,,,,,,,42,43,alpha,0.5724504123096756,0.636168485528534
cross_seed,V3,Reddit-S,,text,3,,,,,,,,,,,,,,,,,,,,,,,,,,,,,,,,,,,,,,,42,43,alpha,0.5724830296071047,0.6361994632275577
cross_seed,V3,Reddit-S,,text,all,,,,,,,,,,,,,,,,,,,,,,,,,,,,,,,,,,,,,,,42,43,term_p,0.5905334953814022,0.6642551470681186
cross_seed,V3,Reddit-S,,text,1,,,,,,,,,,,,,,,,,,,,,,,,,,,,,,,,,,,,,,,42,44,alpha,0.3801586883548792,0.40871834380815114
cross_seed,V3,Reddit-S,,text,2,,,,,,,,,,,,,,,,,,,,,,,,,,,,,,,,,,,,,,,42,44,alpha,0.380635907869424,0.40868956308887155
cross_seed,V3,Reddit-S,,text,3,,,,,,,,,,,,,,,,,,,,,,,,,,,,,,,,,,,,,,,42,44,alpha,0.38065826405568653,0.40868876142464483
cross_seed,V3,Reddit-S,,text,all,,,,,,,,,,,,,,,,,,,,,,,,,,,,,,,,,,,,,,,42,44,term_p,0.3009015879559767,0.3332144841486807
cross_seed,V3,Reddit-S,,text,1,,,,,,,,,,,,,,,,,,,,,,,,,,,,,,,,,,,,,,,43,44,alpha,0.2847031554156925,0.30369977450660623
cross_seed,V3,Reddit-S,,text,2,,,,,,,,,,,,,,,,,,,,,,,,,,,,,,,,,,,,,,,43,44,alpha,0.28318033331380343,0.30263586248903224
cross_seed,V3,Reddit-S,,text,3,,,,,,,,,,,,,,,,,,,,,,,,,,,,,,,,,,,,,,,43,44,alpha,0.28315200078415476,0.3026032884676987
cross_seed,V3,Reddit-S,,text,all,,,,,,,,,,,,,,,,,,,,,,,,,,,,,,,,,,,,,,,43,44,term_p,0.3880267841061823,0.34265301294097195
cross_seed,V3,Reddit-S,,visual,1,,,,,,,,,,,,,,,,,,,,,,,,,,,,,,,,,,,,,,,42,43,alpha,0.7775049607075794,0.7642724285484852
cross_seed,V3,Reddit-S,,visual,2,,,,,,,,,,,,,,,,,,,,,,,,,,,,,,,,,,,,,,,42,43,alpha,0.7775716837979249,0.7644925838687241
cross_seed,V3,Reddit-S,,visual,3,,,,,,,,,,,,,,,,,,,,,,,,,,,,,,,,,,,,,,,42,43,alpha,0.7775577846999546,0.7645011837566983
cross_seed,V3,Reddit-S,,visual,all,,,,,,,,,,,,,,,,,,,,,,,,,,,,,,,,,,,,,,,42,43,term_p,0.7699610680212702,0.7459820405723826
cross_seed,V3,Reddit-S,,visual,1,,,,,,,,,,,,,,,,,,,,,,,,,,,,,,,,,,,,,,,42,44,alpha,0.6099352857735811,0.6469339783698377
cross_seed,V3,Reddit-S,,visual,2,,,,,,,,,,,,,,,,,,,,,,,,,,,,,,,,,,,,,,,42,44,alpha,0.6099963280730633,0.6473263687025017
cross_seed,V3,Reddit-S,,visual,3,,,,,,,,,,,,,,,,,,,,,,,,,,,,,,,,,,,,,,,42,44,alpha,0.6099731099138699,0.6473380874146788
cross_seed,V3,Reddit-S,,visual,all,,,,,,,,,,,,,,,,,,,,,,,,,,,,,,,,,,,,,,,42,44,term_p,0.5968023665051264,0.6151479752535813
cross_seed,V3,Reddit-S,,visual,1,,,,,,,,,,,,,,,,,,,,,,,,,,,,,,,,,,,,,,,43,44,alpha,0.5957732466252564,0.6056322240039896
cross_seed,V3,Reddit-S,,visual,2,,,,,,,,,,,,,,,,,,,,,,,,,,,,,,,,,,,,,,,43,44,alpha,0.5959149122442042,0.6061647555266085
cross_seed,V3,Reddit-S,,visual,3,,,,,,,,,,,,,,,,,,,,,,,,,,,,,,,,,,,,,,,43,44,alpha,0.5958888689371216,0.6061742802877901
cross_seed,V3,Reddit-S,,visual,all,,,,,,,,,,,,,,,,,,,,,,,,,,,,,,,,,,,,,,,43,44,term_p,0.5788796011998764,0.5615216471975044
cross_seed,B,Reddit-S,,text,1,,,,,,,,,,,,,,,,,,,,,,,,,,,,,,,,,,,,,,,42,43,alpha,0.8418038540693343,0.8260043823759023
cross_seed,B,Reddit-S,,text,2,,,,,,,,,,,,,,,,,,,,,,,,,,,,,,,,,,,,,,,42,43,alpha,0.8417955571036432,0.8259769917592492
cross_seed,B,Reddit-S,,text,3,,,,,,,,,,,,,,,,,,,,,,,,,,,,,,,,,,,,,,,42,43,alpha,0.8418774741666484,0.8260080422538514
cross_seed,B,Reddit-S,,text,all,,,,,,,,,,,,,,,,,,,,,,,,,,,,,,,,,,,,,,,42,43,term_p,0.838970771331261,0.8256097100491808
cross_seed,B,Reddit-S,,text,1,,,,,,,,,,,,,,,,,,,,,,,,,,,,,,,,,,,,,,,42,44,alpha,0.13444490659832442,0.13338124453301253
cross_seed,B,Reddit-S,,text,2,,,,,,,,,,,,,,,,,,,,,,,,,,,,,,,,,,,,,,,42,44,alpha,0.134886250243589,0.13325772271944114
cross_seed,B,Reddit-S,,text,3,,,,,,,,,,,,,,,,,,,,,,,,,,,,,,,,,,,,,,,42,44,alpha,0.13466969350683783,0.13326399471354983
cross_seed,B,Reddit-S,,text,all,,,,,,,,,,,,,,,,,,,,,,,,,,,,,,,,,,,,,,,42,44,term_p,0.3016764644238515,0.28744806469747664
cross_seed,B,Reddit-S,,text,1,,,,,,,,,,,,,,,,,,,,,,,,,,,,,,,,,,,,,,,43,44,alpha,0.1752529952784063,0.18018035294763562
cross_seed,B,Reddit-S,,text,2,,,,,,,,,,,,,,,,,,,,,,,,,,,,,,,,,,,,,,,43,44,alpha,0.1756248082586275,0.17993689631342358
cross_seed,B,Reddit-S,,text,3,,,,,,,,,,,,,,,,,,,,,,,,,,,,,,,,,,,,,,,43,44,alpha,0.1754552102401462,0.17995458356691657
cross_seed,B,Reddit-S,,text,all,,,,,,,,,,,,,,,,,,,,,,,,,,,,,,,,,,,,,,,43,44,term_p,0.3267321253578565,0.30902807553340217
cross_seed,B,Reddit-S,,visual,1,,,,,,,,,,,,,,,,,,,,,,,,,,,,,,,,,,,,,,,42,43,alpha,0.7760500004637663,0.7672547564319563
cross_seed,B,Reddit-S,,visual,2,,,,,,,,,,,,,,,,,,,,,,,,,,,,,,,,,,,,,,,42,43,alpha,0.7760553664199104,0.7672747785965234
cross_seed,B,Reddit-S,,visual,3,,,,,,,,,,,,,,,,,,,,,,,,,,,,,,,,,,,,,,,42,43,alpha,0.776088336961296,0.7672856607116413
cross_seed,B,Reddit-S,,visual,all,,,,,,,,,,,,,,,,,,,,,,,,,,,,,,,,,,,,,,,42,43,term_p,0.7718725259313297,0.765128757554534
cross_seed,B,Reddit-S,,visual,1,,,,,,,,,,,,,,,,,,,,,,,,,,,,,,,,,,,,,,,42,44,alpha,0.734101190607566,0.6849376907519203
cross_seed,B,Reddit-S,,visual,2,,,,,,,,,,,,,,,,,,,,,,,,,,,,,,,,,,,,,,,42,44,alpha,0.73407192500756,0.6849573209689868
cross_seed,B,Reddit-S,,visual,3,,,,,,,,,,,,,,,,,,,,,,,,,,,,,,,,,,,,,,,42,44,alpha,0.7340570195186512,0.6849676452151637
cross_seed,B,Reddit-S,,visual,all,,,,,,,,,,,,,,,,,,,,,,,,,,,,,,,,,,,,,,,42,44,term_p,0.7325082566011611,0.6820066636570383
cross_seed,B,Reddit-S,,visual,1,,,,,,,,,,,,,,,,,,,,,,,,,,,,,,,,,,,,,,,43,44,alpha,0.8150784278665828,0.7998485116464763
cross_seed,B,Reddit-S,,visual,2,,,,,,,,,,,,,,,,,,,,,,,,,,,,,,,,,,,,,,,43,44,alpha,0.8150526856567595,0.7998553729451205
cross_seed,B,Reddit-S,,visual,3,,,,,,,,,,,,,,,,,,,,,,,,,,,,,,,,,,,,,,,43,44,alpha,0.8150352699605019,0.7998663951734561
cross_seed,B,Reddit-S,,visual,all,,,,,,,,,,,,,,,,,,,,,,,,,,,,,,,,,,,,,,,43,44,term_p,0.8120128162129769,0.7974317449901058
