variant,dataset,seed,target_modality,intervention,shuffle_seed,validation_acc,validation_macro_f1,normal_validation_acc,normal_validation_macro_f1,acc_drop_pp,macro_f1_drop_pp,prediction_flip_rate,mean_abs_coefficient_change,rho_mean_abs_change,rho_mean_shift,rho_std_shift
cross_soft,Movies,42,Text,cross_shuffle,0,0.565686821937561,0.4813381986705439,0.5650869607925415,0.48046666296222884,-0.059986114501953125,-0.08715357083150521,0.002099580131471157,0.010954484343528748,,,
cross_soft,Movies,42,Text,cross_shuffle,1,0.5647870302200317,0.4810293745666071,0.5650869607925415,0.48046666296222884,0.029993057250976562,-0.05627116043782632,0.002399520017206669,0.010115518234670162,,,
cross_soft,Movies,42,Text,cross_shuffle,2,0.564487099647522,0.47993776154204537,0.5650869607925415,0.48046666296222884,0.059986114501953125,0.052890142018346964,0.0026994599029421806,0.010564420372247696,,,
cross_soft,Movies,42,Text,cross_shuffle,3,0.5653868913650513,0.47779316080750256,0.5650869607925415,0.48046666296222884,-0.029993057250976562,0.26735021547262816,0.002399520017206669,0.010053911246359348,,,
cross_soft,Movies,42,Text,cross_shuffle,4,0.5650869607925415,0.4802050241809255,0.5650869607925415,0.48046666296222884,0.0,0.026163878130336382,0.0011997600086033344,0.010613762773573399,,,
cross_soft,Movies,42,Text,cross_shuffle,5,0.5647870302200317,0.4800484254378793,0.5650869607925415,0.48046666296222884,0.029993057250976562,0.041823752434955175,0.002099580131471157,0.011245446279644966,,,
cross_soft,Movies,42,Text,cross_shuffle,6,0.5647870302200317,0.4769149518875923,0.5650869607925415,0.48046666296222884,0.029993057250976562,0.3551711074636532,0.002399520017206669,0.010856758803129196,,,
cross_soft,Movies,42,Text,cross_shuffle,7,0.5647870302200317,0.48049838707144465,0.5650869607925415,0.48046666296222884,0.029993057250976562,-0.003172410921581381,0.001499700010754168,0.010130630806088448,,,
cross_soft,Movies,42,Text,cross_shuffle,8,0.5638871788978577,0.47633683835680696,0.5650869607925415,0.48046666296222884,0.11997818946838379,0.41298246054218835,0.0017996400129050016,0.009795323014259338,,,
cross_soft,Movies,42,Text,cross_shuffle,9,0.5650869607925415,0.4816330852703995,0.5650869607925415,0.48046666296222884,0.0,-0.1166422308170656,0.001499700010754168,0.010082300752401352,,,
cross_soft,Movies,42,Text,cross_zero,-1,0.5641871690750122,0.47837651166755074,0.5650869607925415,0.48046666296222884,0.08997917175292969,0.20901512946780998,0.0011997600086033344,0.012939135544002056,,,
cross_soft,Movies,42,Visual,cross_shuffle,0,0.5650869607925415,0.48046666296222884,0.5650869607925415,0.48046666296222884,0.0,0.0,0.0,9.309128472523298e-07,,,
cross_soft,Movies,42,Visual,cross_shuffle,1,0.5650869607925415,0.48046666296222884,0.5650869607925415,0.48046666296222884,0.0,0.0,0.0,9.335840900348558e-07,,,
cross_soft,Movies,42,Visual,cross_shuffle,2,0.5650869607925415,0.48046666296222884,0.5650869607925415,0.48046666296222884,0.0,0.0,0.0,8.94813069862721e-07,,,
cross_soft,Movies,42,Visual,cross_shuffle,3,0.5650869607925415,0.48046666296222884,0.5650869607925415,0.48046666296222884,0.0,0.0,0.0,9.368423548039573e-07,,,
cross_soft,Movies,42,Visual,cross_shuffle,4,0.5650869607925415,0.48046666296222884,0.5650869607925415,0.48046666296222884,0.0,0.0,0.0,9.06743537143484e-07,,,
cross_soft,Movies,42,Visual,cross_shuffle,5,0.5650869607925415,0.48046666296222884,0.5650869607925415,0.48046666296222884,0.0,0.0,0.0,9.474960052102688e-07,,,
cross_soft,Movies,42,Visual,cross_shuffle,6,0.5650869607925415,0.48046666296222884,0.5650869607925415,0.48046666296222884,0.0,0.0,0.0,9.080873724087724e-07,,,
cross_soft,Movies,42,Visual,cross_shuffle,7,0.5650869607925415,0.48046666296222884,0.5650869607925415,0.48046666296222884,0.0,0.0,0.0,9.181659947898879e-07,,,
cross_soft,Movies,42,Visual,cross_shuffle,8,0.5650869607925415,0.48046666296222884,0.5650869607925415,0.48046666296222884,0.0,0.0,0.0,9.269037377634959e-07,,,
cross_soft,Movies,42,Visual,cross_shuffle,9,0.5650869607925415,0.48046666296222884,0.5650869607925415,0.48046666296222884,0.0,0.0,0.0,9.187440355162835e-07,,,
cross_soft,Movies,42,Visual,cross_zero,-1,0.5650869607925415,0.48039063275085336,0.5650869607925415,0.48046666296222884,0.0,0.0076030211375477386,0.0002999400021508336,0.0003362792485859245,,,
cross_soft,Movies,43,Text,cross_shuffle,0,0.5629873871803284,0.4659311445449627,0.5626874566078186,0.4652551409434039,-0.029993057250976562,-0.06760036015587834,0.0035992800258100033,0.017807796597480774,,,
cross_soft,Movies,43,Text,cross_shuffle,1,0.5629873871803284,0.4663641941573752,0.5626874566078186,0.4652551409434039,-0.029993057250976562,-0.11090532139712561,0.003899219911545515,0.01784851774573326,,,
cross_soft,Movies,43,Text,cross_shuffle,2,0.5626874566078186,0.4664070684583774,0.5626874566078186,0.4652551409434039,0.0,-0.11519275149735053,0.002999400021508336,0.01784428022801876,,,
cross_soft,Movies,43,Text,cross_shuffle,3,0.5623875260353088,0.46678305486803995,0.5626874566078186,0.4652551409434039,0.029993057250976562,-0.15279139246360263,0.003899219911545515,0.01821105182170868,,,
cross_soft,Movies,43,Text,cross_shuffle,4,0.5626874566078186,0.46694909750295305,0.5626874566078186,0.4652551409434039,0.0,-0.16939565595491257,0.0035992800258100033,0.017871307209134102,,,
cross_soft,Movies,43,Text,cross_shuffle,5,0.5620875358581543,0.4639758120239225,0.5626874566078186,0.4652551409434039,0.059992074966430664,0.1279328919481404,0.004199160262942314,0.017727332189679146,,,
cross_soft,Movies,43,Text,cross_shuffle,6,0.5626874566078186,0.46493032334296824,0.5626874566078186,0.4652551409434039,0.0,0.03248176004356784,0.002999400021508336,0.01776188053190708,,,
cross_soft,Movies,43,Text,cross_shuffle,7,0.5623875260353088,0.46578532730889843,0.5626874566078186,0.4652551409434039,0.029993057250976562,-0.05301863654945116,0.003899219911545515,0.018322860822081566,,,
cross_soft,Movies,43,Text,cross_shuffle,8,0.5626874566078186,0.4652825762442891,0.5626874566078186,0.4652551409434039,0.0,-0.002743530088517021,0.0032993401400744915,0.01711222715675831,,,
cross_soft,Movies,43,Text,cross_shuffle,9,0.5626874566078186,0.46595147260926906,0.5626874566078186,0.4652551409434039,0.0,-0.06963316658651353,0.003899219911545515,0.01852855645120144,,,
cross_soft,Movies,43,Text,cross_zero,-1,0.5617876052856445,0.46665262912254013,0.5626874566078186,0.4652551409434039,0.08998513221740723,-0.13974881791362082,0.006898620165884495,0.04140261560678482,,,
cross_soft,Movies,43,Visual,cross_shuffle,0,0.5626874566078186,0.4652551409434039,0.5626874566078186,0.4652551409434039,0.0,0.0,0.0,3.0073156267462764e-06,,,
cross_soft,Movies,43,Visual,cross_shuffle,1,0.5626874566078186,0.4652551409434039,0.5626874566078186,0.4652551409434039,0.0,0.0,0.0,3.006353153978125e-06,,,
cross_soft,Movies,43,Visual,cross_shuffle,2,0.5626874566078186,0.4652551409434039,0.5626874566078186,0.4652551409434039,0.0,0.0,0.0,2.9896568776166532e-06,,,
cross_soft,Movies,43,Visual,cross_shuffle,3,0.5626874566078186,0.4652551409434039,0.5626874566078186,0.4652551409434039,0.0,0.0,0.0,2.999455318786204e-06,,,
cross_soft,Movies,43,Visual,cross_shuffle,4,0.5626874566078186,0.4652551409434039,0.5626874566078186,0.4652551409434039,0.0,0.0,0.0,2.9164650641178014e-06,,,
cross_soft,Movies,43,Visual,cross_shuffle,5,0.5626874566078186,0.4652551409434039,0.5626874566078186,0.4652551409434039,0.0,0.0,0.0,2.9097429887769977e-06,,,
cross_soft,Movies,43,Visual,cross_shuffle,6,0.5626874566078186,0.4652551409434039,0.5626874566078186,0.4652551409434039,0.0,0.0,0.0,2.965213298011804e-06,,,
cross_soft,Movies,43,Visual,cross_shuffle,7,0.5626874566078186,0.4652551409434039,0.5626874566078186,0.4652551409434039,0.0,0.0,0.0,3.02969419863075e-06,,,
cross_soft,Movies,43,Visual,cross_shuffle,8,0.5626874566078186,0.4652551409434039,0.5626874566078186,0.4652551409434039,0.0,0.0,0.0,3.0510850592690986e-06,,,
cross_soft,Movies,43,Visual,cross_shuffle,9,0.5626874566078186,0.4652551409434039,0.5626874566078186,0.4652551409434039,0.0,0.0,0.0,2.969256684082211e-06,,,
cross_soft,Movies,43,Visual,cross_zero,-1,0.5626874566078186,0.4652551409434039,0.5626874566078186,0.4652551409434039,0.0,0.0,0.0,0.0004417915770318359,,,
cross_soft,Movies,44,Text,cross_shuffle,0,0.5587882399559021,0.45415322902705035,0.5593881011009216,0.45486995900524213,0.059986114501953125,0.07167299781917769,0.002399520017206669,0.01128899771720171,,,
cross_soft,Movies,44,Text,cross_shuffle,1,0.557888388633728,0.45364545739539486,0.5593881011009216,0.45486995900524213,0.14997124671936035,0.12245016098472727,0.002399520017206669,0.011384098790585995,,,
cross_soft,Movies,44,Text,cross_shuffle,2,0.5593881011009216,0.45472691509772145,0.5593881011009216,0.45486995900524213,0.0,0.014304390752067908,0.002099580131471157,0.011644839309155941,,,
cross_soft,Movies,44,Text,cross_shuffle,3,0.5587882399559021,0.45406586239992636,0.5593881011009216,0.45486995900524213,0.059986114501953125,0.08040966053157739,0.002099580131471157,0.011315873824059963,,,
cross_soft,Movies,44,Text,cross_shuffle,4,0.5587882399559021,0.454809591600071,0.5593881011009216,0.45486995900524213,0.059986114501953125,0.006036740517112449,0.002099580131471157,0.011508386582136154,,,
cross_soft,Movies,44,Text,cross_shuffle,5,0.5596880316734314,0.45510731511510977,0.5593881011009216,0.45486995900524213,-0.029993057250976562,-0.02373561098676369,0.0026994599029421806,0.011325875297188759,,,
cross_soft,Movies,44,Text,cross_shuffle,6,0.5584883093833923,0.45198682300832865,0.5593881011009216,0.45486995900524213,0.08997917175292969,0.28831359969134773,0.0026994599029421806,0.011227864772081375,,,
cross_soft,Movies,44,Text,cross_shuffle,7,0.5590881705284119,0.4542558989694062,0.5593881011009216,0.45486995900524213,0.029993057250976562,0.06140600358359172,0.0026994599029421806,0.011645268648862839,,,
cross_soft,Movies,44,Text,cross_shuffle,8,0.5593881011009216,0.454881921902338,0.5593881011009216,0.45486995900524213,0.0,-0.0011962897095874059,0.002399520017206669,0.011231581680476665,,,
cross_soft,Movies,44,Text,cross_shuffle,9,0.5593881011009216,0.4547755841986332,0.5593881011009216,0.45486995900524213,0.0,0.009437480660895448,0.002099580131471157,0.01120587158948183,,,
cross_soft,Movies,44,Text,cross_zero,-1,0.5599879622459412,0.454354265846311,0.5593881011009216,0.45486995900524213,-0.059986114501953125,0.05156931589311298,0.004199160262942314,0.020946400240063667,,,
cross_soft,Movies,44,Visual,cross_shuffle,0,0.5593881011009216,0.45486995900524213,0.5593881011009216,0.45486995900524213,0.0,0.0,0.0,5.165945822227513e-06,,,
cross_soft,Movies,44,Visual,cross_shuffle,1,0.5593881011009216,0.45486995900524213,0.5593881011009216,0.45486995900524213,0.0,0.0,0.0,5.065830009698402e-06,,,
cross_soft,Movies,44,Visual,cross_shuffle,2,0.5593881011009216,0.45486995900524213,0.5593881011009216,0.45486995900524213,0.0,0.0,0.0,4.925106168229831e-06,,,
cross_soft,Movies,44,Visual,cross_shuffle,3,0.5593881011009216,0.45486995900524213,0.5593881011009216,0.45486995900524213,0.0,0.0,0.0,4.937603080179542e-06,,,
cross_soft,Movies,44,Visual,cross_shuffle,4,0.5593881011009216,0.45486995900524213,0.5593881011009216,0.45486995900524213,0.0,0.0,0.0,4.874652404396329e-06,,,
cross_soft,Movies,44,Visual,cross_shuffle,5,0.5593881011009216,0.45486995900524213,0.5593881011009216,0.45486995900524213,0.0,0.0,0.0,5.185647296457319e-06,,,
cross_soft,Movies,44,Visual,cross_shuffle,6,0.5593881011009216,0.45486995900524213,0.5593881011009216,0.45486995900524213,0.0,0.0,0.0,5.167820290807867e-06,,,
cross_soft,Movies,44,Visual,cross_shuffle,7,0.5593881011009216,0.45486995900524213,0.5593881011009216,0.45486995900524213,0.0,0.0,0.0,5.1202769100200385e-06,,,
cross_soft,Movies,44,Visual,cross_shuffle,8,0.5593881011009216,0.45486995900524213,0.5593881011009216,0.45486995900524213,0.0,0.0,0.0,5.266061634756625e-06,,,
cross_soft,Movies,44,Visual,cross_shuffle,9,0.5593881011009216,0.45486995900524213,0.5593881011009216,0.45486995900524213,0.0,0.0,0.0,5.199395218369318e-06,,,
cross_soft,Movies,44,Visual,cross_zero,-1,0.5596880316734314,0.45466197712605433,0.5593881011009216,0.45486995900524213,-0.029993057250976562,0.020798187918780187,0.0008998200064525008,0.0009611208224669099,,,
cross_soft,Toys,42,Text,cross_shuffle,0,0.8047837615013123,0.7705823715467583,0.8064749836921692,0.7720329452011787,0.16912221908569336,0.14505736544203618,0.002416042611002922,0.01625557616353035,,,
cross_soft,Toys,42,Text,cross_shuffle,1,0.8057501912117004,0.7706335449877479,0.8064749836921692,0.7720329452011787,0.072479248046875,0.13994002134307681,0.0028992509469389915,0.01570373773574829,,,
cross_soft,Toys,42,Text,cross_shuffle,2,0.8050253987312317,0.7700888525505794,0.8064749836921692,0.7720329452011787,0.14495849609375,0.19440926505993605,0.002657646778970957,0.01587899774312973,,,
cross_soft,Toys,42,Text,cross_shuffle,3,0.8057501912117004,0.7716678457248252,0.8064749836921692,0.7720329452011787,0.072479248046875,0.036509947635354756,0.0021744382102042437,0.01593453623354435,,,
cross_soft,Toys,42,Text,cross_shuffle,4,0.8052669763565063,0.7708200355123842,0.8064749836921692,0.7720329452011787,0.12080073356628418,0.12129096887945057,0.002416042611002922,0.01566256582736969,,,
cross_soft,Toys,42,Text,cross_shuffle,5,0.8059917688369751,0.7720691734438908,0.8064749836921692,0.7720329452011787,0.04832148551940918,-0.003622824271209968,0.001932834042236209,0.015735222026705742,,,
cross_soft,Toys,42,Text,cross_shuffle,6,0.8057501912117004,0.7712907721650993,0.8064749836921692,0.7720329452011787,0.072479248046875,0.07421730360793743,0.001932834042236209,0.01550392247736454,,,
cross_soft,Toys,42,Text,cross_shuffle,7,0.8055086135864258,0.7716112941485943,0.8064749836921692,0.7720329452011787,0.09663701057434082,0.042165105258440416,0.0016912297578528523,0.015529293566942215,,,
cross_soft,Toys,42,Text,cross_shuffle,8,0.8045421838760376,0.7702415496576861,0.8064749836921692,0.7720329452011787,0.19327998161315918,0.17913955434926132,0.0021744382102042437,0.01619528979063034,,,
cross_soft,Toys,42,Text,cross_shuffle,9,0.8047837615013123,0.7704436197660709,0.8064749836921692,0.7720329452011787,0.16912221908569336,0.15893254351078134,0.002657646778970957,0.016133252531290054,,,
cross_soft,Toys,42,Text,cross_zero,-1,0.8064749836921692,0.7726188483257448,0.8064749836921692,0.7720329452011787,0.0,-0.05859031245660784,0.003624063916504383,0.03373262658715248,,,
cross_soft,Toys,42,Visual,cross_shuffle,0,0.8047837615013123,0.7711170728801293,0.8064749836921692,0.7720329452011787,0.16912221908569336,0.09158723210493935,0.003624063916504383,0.029747936874628067,,,
cross_soft,Toys,42,Visual,cross_shuffle,1,0.8050253987312317,0.7711480708700567,0.8064749836921692,0.7720329452011787,0.14495849609375,0.08848743311220542,0.002416042611002922,0.02931739017367363,,,
cross_soft,Toys,42,Visual,cross_shuffle,2,0.8064749836921692,0.7730302061853941,0.8064749836921692,0.7720329452011787,0.0,-0.09972609842153757,0.003624063916504383,0.029734089970588684,,,
cross_soft,Toys,42,Visual,cross_shuffle,3,0.8057501912117004,0.7723778408756606,0.8064749836921692,0.7720329452011787,0.072479248046875,-0.03448956744819265,0.004590481054037809,0.029865676537156105,,,
cross_soft,Toys,42,Visual,cross_shuffle,4,0.8047837615013123,0.7719735653972398,0.8064749836921692,0.7720329452011787,0.16912221908569336,0.005937980393888598,0.005556897725909948,0.029445931315422058,,,
cross_soft,Toys,42,Visual,cross_shuffle,5,0.8064749836921692,0.7729218878332463,0.8064749836921692,0.7720329452011787,0.0,-0.08889426320676241,0.003865668084472418,0.029616737738251686,,,
cross_soft,Toys,42,Visual,cross_shuffle,6,0.8067166209220886,0.7726579963213175,0.8064749836921692,0.7720329452011787,-0.02416372299194336,-0.06250511201387754,0.002657646778970957,0.029129786416888237,,,
cross_soft,Toys,42,Visual,cross_shuffle,7,0.8057501912117004,0.7727970524244674,0.8064749836921692,0.7720329452011787,0.072479248046875,-0.07641072232886792,0.004348876420408487,0.02941710688173771,,,
cross_soft,Toys,42,Visual,cross_shuffle,8,0.8064749836921692,0.772312599533349,0.8064749836921692,0.7720329452011787,0.0,-0.02796543321702538,0.00314085534773767,0.029562683776021004,,,
cross_soft,Toys,42,Visual,cross_shuffle,9,0.8052669763565063,0.7720065859436547,0.8064749836921692,0.7720329452011787,0.12080073356628418,0.0026359257524033453,0.003865668084472418,0.029745128005743027,,,
cross_soft,Toys,42,Visual,cross_zero,-1,0.8069581985473633,0.7731482600330637,0.8064749836921692,0.7720329452011787,-0.04832148551940918,-0.11153148318849837,0.005556897725909948,0.039936672896146774,,,
cross_soft,Toys,43,Text,cross_shuffle,0,0.7982604503631592,0.77220064670866,0.7989852428436279,0.772202790742095,0.072479248046875,0.00021440334350142365,0.0033824595157057047,0.02117581106722355,,,
cross_soft,Toys,43,Text,cross_shuffle,1,0.7987436652183533,0.7724508576409564,0.7989852428436279,0.772202790742095,0.02415776252746582,-0.024806689886147648,0.004348876420408487,0.021261636167764664,,,
cross_soft,Toys,43,Text,cross_shuffle,2,0.7985020875930786,0.7721638053083713,0.7989852428436279,0.772202790742095,0.04831552505493164,0.003898543372371499,0.0021744382102042437,0.021521681919693947,,,
cross_soft,Toys,43,Text,cross_shuffle,3,0.7985020875930786,0.7727848309519199,0.7989852428436279,0.772202790742095,0.04831552505493164,-0.05820402098248856,0.004348876420408487,0.021566201001405716,,,
cross_soft,Toys,43,Text,cross_shuffle,4,0.7985020875930786,0.7721075701845371,0.7989852428436279,0.772202790742095,0.04831552505493164,0.00952205575578402,0.003865668084472418,0.021343884989619255,,,
cross_soft,Toys,43,Text,cross_shuffle,5,0.7989852428436279,0.7727221121618961,0.7989852428436279,0.772202790742095,0.0,-0.05193214198011553,0.002657646778970957,0.021463770419359207,,,
cross_soft,Toys,43,Text,cross_shuffle,6,0.7989852428436279,0.7727932301838412,0.7989852428436279,0.772202790742095,0.0,-0.059043944174619334,0.003624063916504383,0.021632444113492966,,,
cross_soft,Toys,43,Text,cross_shuffle,7,0.7989852428436279,0.7729954870294222,0.7989852428436279,0.772202790742095,0.0,-0.07926962873272547,0.003624063916504383,0.021617520600557327,,,
cross_soft,Toys,43,Text,cross_shuffle,8,0.7982604503631592,0.7722972752968222,0.7989852428436279,0.772202790742095,0.072479248046875,-0.009448455472726991,0.004107272252440453,0.021414106711745262,,,
cross_soft,Toys,43,Text,cross_shuffle,9,0.7980188727378845,0.772105988915002,0.7989852428436279,0.772202790742095,0.09663701057434082,0.00968018270929294,0.004107272252440453,0.021640371531248093,,,
cross_soft,Toys,43,Text,cross_zero,-1,0.7992268800735474,0.7711498977497766,0.7989852428436279,0.772202790742095,-0.02416372299194336,0.10528929923183661,0.008939357474446297,0.05085868015885353,,,
cross_soft,Toys,43,Visual,cross_shuffle,0,0.799468457698822,0.7730386348733178,0.7989852428436279,0.772202790742095,-0.04832148551940918,-0.08358441312228404,0.00628171069547534,0.03447580337524414,,,
cross_soft,Toys,43,Visual,cross_shuffle,1,0.7989852428436279,0.7721908897179077,0.7989852428436279,0.772202790742095,0.0,0.0011901024187244147,0.005798501893877983,0.03416718915104866,,,
cross_soft,Toys,43,Visual,cross_shuffle,2,0.7982604503631592,0.7721876043477214,0.7989852428436279,0.772202790742095,0.072479248046875,0.0015186394373589707,0.007972940802574158,0.034403759986162186,,,
cross_soft,Toys,43,Visual,cross_shuffle,3,0.799468457698822,0.7728817256046603,0.7989852428436279,0.772202790742095,-0.04832148551940918,-0.06789348625653169,0.005073689389973879,0.03431209921836853,,,
cross_soft,Toys,43,Visual,cross_shuffle,4,0.7992268800735474,0.7729723501006893,0.7989852428436279,0.772202790742095,-0.02416372299194336,-0.07695593585943517,0.005073689389973879,0.03429887816309929,,,
cross_soft,Toys,43,Visual,cross_shuffle,5,0.7997100949287415,0.7739263008695514,0.7989852428436279,0.772202790742095,-0.07248520851135254,-0.1723510127456418,0.006040106527507305,0.034153543412685394,,,
cross_soft,Toys,43,Visual,cross_shuffle,6,0.7987436652183533,0.7720468754805995,0.7989852428436279,0.772202790742095,0.02415776252746582,0.01559152614954984,0.00628171069547534,0.034409672021865845,,,
cross_soft,Toys,43,Visual,cross_shuffle,7,0.7982604503631592,0.7726727536442417,0.7989852428436279,0.772202790742095,0.072479248046875,-0.046996290214673664,0.005315293557941914,0.03380412608385086,,,
cross_soft,Toys,43,Visual,cross_shuffle,8,0.7982604503631592,0.7718458225734166,0.7989852428436279,0.772202790742095,0.072479248046875,0.03569681686783621,0.004590481054037809,0.034199394285678864,,,
cross_soft,Toys,43,Visual,cross_shuffle,9,0.7992268800735474,0.7726993547187732,0.7989852428436279,0.772202790742095,-0.02416372299194336,-0.04965639766781882,0.00628171069547534,0.033714812248945236,,,
cross_soft,Toys,43,Visual,cross_zero,-1,0.8018845319747925,0.776169455142624,0.7989852428436279,0.772202790742095,-0.2899289131164551,-0.3966664400529063,0.009180962108075619,0.04984898492693901,,,
cross_soft,Toys,44,Text,cross_shuffle,0,0.801642894744873,0.7727867956384995,0.8018845319747925,0.7729154407983662,0.02416372299194336,0.012864515986665825,0.00048320851055905223,0.018145689740777016,,,
cross_soft,Toys,44,Text,cross_shuffle,1,0.8014013171195984,0.7726236122579766,0.8018845319747925,0.7729154407983662,0.04832148551940918,0.02918285403895604,0.0014496254734694958,0.018064305186271667,,,
cross_soft,Toys,44,Text,cross_shuffle,2,0.8009181022644043,0.7722805776647341,0.8018845319747925,0.7729154407983662,0.09664297103881836,0.06348631336320354,0.0016912297578528523,0.017767908051609993,,,
cross_soft,Toys,44,Text,cross_shuffle,3,0.8014013171195984,0.7726093747442773,0.8018845319747925,0.7729154407983662,0.04832148551940918,0.030606605408889376,0.0007248127367347479,0.018442779779434204,,,
cross_soft,Toys,44,Text,cross_shuffle,4,0.8011597394943237,0.7724483120966819,0.8018845319747925,0.7729154407983662,0.072479248046875,0.04671287016843051,0.0014496254734694958,0.018106618896126747,,,
cross_soft,Toys,44,Text,cross_shuffle,5,0.8011597394943237,0.7724694451700167,0.8018845319747925,0.7729154407983662,0.072479248046875,0.04459956283494604,0.001208021305501461,0.018162637948989868,,,
cross_soft,Toys,44,Text,cross_shuffle,6,0.8021261096000671,0.7730972917961654,0.8018845319747925,0.7729154407983662,-0.02415776252746582,-0.018185099779921554,0.0009664170211181045,0.017663147300481796,,,
cross_soft,Toys,44,Text,cross_shuffle,7,0.8014013171195984,0.7727683557968786,0.8018845319747925,0.7729154407983662,0.04832148551940918,0.014708500148752357,0.0014496254734694958,0.018085798248648643,,,
cross_soft,Toys,44,Text,cross_shuffle,8,0.8014013171195984,0.7723843700399922,0.8018845319747925,0.7729154407983662,0.04832148551940918,0.05310707583739971,0.0014496254734694958,0.018057024106383324,,,
cross_soft,Toys,44,Text,cross_shuffle,9,0.801642894744873,0.7729519677521745,0.8018845319747925,0.7729154407983662,0.02416372299194336,-0.0036526953808291296,0.001208021305501461,0.01803780347108841,,,
cross_soft,Toys,44,Text,cross_zero,-1,0.8006765246391296,0.7724299619754667,0.8018845319747925,0.7729154407983662,0.12080073356628418,0.048547882289950994,0.00314085534773767,0.04488598182797432,,,
cross_soft,Toys,44,Visual,cross_shuffle,0,0.8014013171195984,0.7719508655869913,0.8018845319747925,0.7729154407983662,0.04832148551940918,0.09645752113748296,0.004107272252440453,0.026479465886950493,,,
cross_soft,Toys,44,Visual,cross_shuffle,1,0.8004348874092102,0.771940690178097,0.8018845319747925,0.7729154407983662,0.14496445655822754,0.09747506202691936,0.004107272252440453,0.027018120512366295,,,
cross_soft,Toys,44,Visual,cross_shuffle,2,0.8014013171195984,0.7725858737965127,0.8018845319747925,0.7729154407983662,0.04832148551940918,0.03295670018534924,0.004107272252440453,0.026991039514541626,,,
cross_soft,Toys,44,Visual,cross_shuffle,3,0.8026093244552612,0.7737302294977545,0.8018845319747925,0.7729154407983662,-0.072479248046875,-0.08147886993883358,0.003624063916504383,0.02751750685274601,,,
cross_soft,Toys,44,Visual,cross_shuffle,4,0.8009181022644043,0.7728331694504573,0.8018845319747925,0.7729154407983662,0.09664297103881836,0.00822713479088355,0.004348876420408487,0.027403969317674637,,,
cross_soft,Toys,44,Visual,cross_shuffle,5,0.8011597394943237,0.772539622444967,0.8018845319747925,0.7729154407983662,0.072479248046875,0.0375818353399171,0.004832085222005844,0.027171988040208817,,,
cross_soft,Toys,44,Visual,cross_shuffle,6,0.8009181022644043,0.7716086519276086,0.8018845319747925,0.7729154407983662,0.09664297103881836,0.13067888707575248,0.003865668084472418,0.02702631987631321,,,
cross_soft,Toys,44,Visual,cross_shuffle,7,0.8011597394943237,0.7719588568907426,0.8018845319747925,0.7729154407983662,0.072479248046875,0.09565839076235427,0.004107272252440453,0.0270529817789793,,,
cross_soft,Toys,44,Visual,cross_shuffle,8,0.8006765246391296,0.7719828344619379,0.8018845319747925,0.7729154407983662,0.12080073356628418,0.09326063364282211,0.0033824595157057047,0.026585886254906654,,,
cross_soft,Toys,44,Visual,cross_shuffle,9,0.8001933097839355,0.7706146154414659,0.8018845319747925,0.7729154407983662,0.16912221908569336,0.2300825356900238,0.00314085534773767,0.027282100170850754,,,
cross_soft,Toys,44,Visual,cross_zero,-1,0.8028509616851807,0.7738837479218655,0.8018845319747925,0.7729154407983662,-0.09664297103881836,-0.0968307123499379,0.004348876420408487,0.030254490673542023,,,
cross_soft,Grocery,42,Text,cross_shuffle,0,0.8281112909317017,0.7507953713951856,0.8284041285514832,0.7510964275929672,0.029283761978149414,0.030105619778164616,0.0008784773526713252,0.005086065735667944,,,
cross_soft,Grocery,42,Text,cross_shuffle,1,0.8281112909317017,0.750822877647124,0.8284041285514832,0.7510964275929672,0.029283761978149414,0.027354994584327663,0.0005856515490449965,0.0048924400471150875,,,
cross_soft,Grocery,42,Text,cross_shuffle,2,0.8281112909317017,0.7509360682442685,0.8284041285514832,0.7510964275929672,0.029283761978149414,0.016035934869873536,0.0005856515490449965,0.005100804381072521,,,
cross_soft,Grocery,42,Text,cross_shuffle,3,0.8278184533119202,0.7504237514362597,0.8284041285514832,0.7510964275929672,0.05856752395629883,0.0672676156707519,0.0008784773526713252,0.004840545821934938,,,
cross_soft,Grocery,42,Text,cross_shuffle,4,0.8281112909317017,0.750822877647124,0.8284041285514832,0.7510964275929672,0.029283761978149414,0.027354994584327663,0.0005856515490449965,0.005134617909789085,,,
cross_soft,Grocery,42,Text,cross_shuffle,5,0.8281112909317017,0.7507847688799848,0.8284041285514832,0.7510964275929672,0.029283761978149414,0.03116587129824433,0.0008784773526713252,0.005050811916589737,,,
cross_soft,Grocery,42,Text,cross_shuffle,6,0.8278184533119202,0.7506658745085862,0.8284041285514832,0.7510964275929672,0.05856752395629883,0.04305530843810024,0.0008784773526713252,0.005314925219863653,,,
cross_soft,Grocery,42,Text,cross_shuffle,7,0.8281112909317017,0.750822877647124,0.8284041285514832,0.7510964275929672,0.029283761978149414,0.027354994584327663,0.0005856515490449965,0.004803935065865517,,,
cross_soft,Grocery,42,Text,cross_shuffle,8,0.8278184533119202,0.7506114959338585,0.8284041285514832,0.7510964275929672,0.05856752395629883,0.04849316591087893,0.0008784773526713252,0.005127915646880865,,,
cross_soft,Grocery,42,Text,cross_shuffle,9,0.8284041285514832,0.7510647797745345,0.8284041285514832,0.7510964275929672,0.0,0.003164781843278952,0.0005856515490449965,0.005150751210749149,,,
cross_soft,Grocery,42,Text,cross_zero,-1,0.8292825818061829,0.7517506708456623,0.8284041285514832,0.7510964275929672,-0.0878453254699707,-0.06542432526950304,0.0014641288435086608,0.01415242999792099,,,
cross_soft,Grocery,42,Visual,cross_shuffle,0,0.8284041285514832,0.7525097905784929,0.8284041285514832,0.7510964275929672,0.0,-0.14133629855256347,0.014348463155329227,0.05556490272283554,,,
cross_soft,Grocery,42,Visual,cross_shuffle,1,0.8284041285514832,0.7521987222974698,0.8284041285514832,0.7510964275929672,0.0,-0.11022947045025155,0.012884333729743958,0.05477017164230347,,,
cross_soft,Grocery,42,Visual,cross_shuffle,2,0.8278184533119202,0.7547857010771561,0.8284041285514832,0.7510964275929672,0.05856752395629883,-0.3689273484188904,0.012884333729743958,0.0537102147936821,,,
cross_soft,Grocery,42,Visual,cross_shuffle,3,0.826647162437439,0.7485617826975548,0.8284041285514832,0.7510964275929672,0.17569661140441895,0.2534644895412441,0.016398243606090546,0.05461663752794266,,,
cross_soft,Grocery,42,Visual,cross_shuffle,4,0.826647162437439,0.7509518177527081,0.8284041285514832,0.7510964275929672,0.17569661140441895,0.014460984025910228,0.014348463155329227,0.05444253981113434,,,
cross_soft,Grocery,42,Visual,cross_shuffle,5,0.826647162437439,0.7527086707341935,0.8284041285514832,0.7510964275929672,0.17569661140441895,-0.16122431412262106,0.014641288667917252,0.055136971175670624,,,
cross_soft,Grocery,42,Visual,cross_shuffle,6,0.8269400000572205,0.7490995977404419,0.8284041285514832,0.7510964275929672,0.14641284942626953,0.19968298525253614,0.015812592580914497,0.05339637026190758,,,
cross_soft,Grocery,42,Visual,cross_shuffle,7,0.8257687091827393,0.7531550711843746,0.8284041285514832,0.7510964275929672,0.26354193687438965,-0.20586435914073942,0.01346998568624258,0.05315219983458519,,,
cross_soft,Grocery,42,Visual,cross_shuffle,8,0.8254758715629578,0.7468622821248377,0.8284041285514832,0.7510964275929672,0.29282569885253906,0.4234145468129502,0.015226940624415874,0.056082893162965775,,,
cross_soft,Grocery,42,Visual,cross_shuffle,9,0.8254758715629578,0.7468604871786911,0.8284041285514832,0.7510964275929672,0.29282569885253906,0.4235940414276107,0.013762811198830605,0.05449962243437767,,,
cross_soft,Grocery,42,Visual,cross_zero,-1,0.8284041285514832,0.7517948386240524,0.8284041285514832,0.7510964275929672,0.0,-0.06984110310851444,0.009370424784719944,0.04182537645101547,,,
cross_soft,Grocery,43,Text,cross_shuffle,0,0.8339678049087524,0.7496329718461365,0.8354319334030151,0.7521944780686944,0.14641284942626953,0.25615062225579077,0.00673499284312129,0.02425932139158249,,,
cross_soft,Grocery,43,Text,cross_shuffle,1,0.8342606425285339,0.7510401771686375,0.8354319334030151,0.7521944780686944,0.11712908744812012,0.11543009000569704,0.004685212392359972,0.02448556013405323,,,
cross_soft,Grocery,43,Text,cross_shuffle,2,0.8348462581634521,0.7502208757482316,0.8354319334030151,0.7521944780686944,0.05856752395629883,0.19736023204628417,0.0043923864141106606,0.024426957592368126,,,
cross_soft,Grocery,43,Text,cross_shuffle,3,0.8348462581634521,0.7510343620768585,0.8354319334030151,0.7521944780686944,0.05856752395629883,0.11601159918359638,0.006149341352283955,0.02510702610015869,,,
cross_soft,Grocery,43,Text,cross_shuffle,4,0.8360176086425781,0.7527693179902423,0.8354319334030151,0.7521944780686944,-0.05856752395629883,-0.05748399215478317,0.0049780383706092834,0.025013517588377,,,
cross_soft,Grocery,43,Text,cross_shuffle,5,0.8345534801483154,0.7511560980190344,0.8354319334030151,0.7521944780686944,0.0878453254699707,0.10383800496600593,0.006442166864871979,0.024984212592244148,,,
cross_soft,Grocery,43,Text,cross_shuffle,6,0.8351390957832336,0.7504765042918914,0.8354319334030151,0.7521944780686944,0.029283761978149414,0.171797377680305,0.005856515374034643,0.024810433387756348,,,
cross_soft,Grocery,43,Text,cross_shuffle,7,0.8354319334030151,0.7501519377837098,0.8354319334030151,0.7521944780686944,0.0,0.20425402849846286,0.005270863883197308,0.024930328130722046,,,
cross_soft,Grocery,43,Text,cross_shuffle,8,0.8348462581634521,0.7501965285179539,0.8354319334030151,0.7521944780686944,0.05856752395629883,0.19979495507405076,0.0049780383706092834,0.025096282362937927,,,
cross_soft,Grocery,43,Text,cross_shuffle,9,0.8348462581634521,0.7521549515068988,0.8354319334030151,0.7521944780686944,0.05856752395629883,0.003952656179562197,0.005856515374034643,0.024951985105872154,,,
cross_soft,Grocery,43,Text,cross_zero,-1,0.8313323855400085,0.743825437129545,0.8354319334030151,0.7521944780686944,0.4099547863006592,0.8369040939149475,0.022254759445786476,0.07637275010347366,,,
cross_soft,Grocery,43,Visual,cross_shuffle,0,0.8342606425285339,0.7498826495199626,0.8354319334030151,0.7521944780686944,0.11712908744812012,0.2311828548731798,0.014055637642741203,0.05705772340297699,,,
cross_soft,Grocery,43,Visual,cross_shuffle,1,0.8325036764144897,0.7517063953624825,0.8354319334030151,0.7521944780686944,0.29282569885253906,0.04880827062119231,0.012591508217155933,0.05966724082827568,,,
cross_soft,Grocery,43,Visual,cross_shuffle,2,0.8342606425285339,0.7533951111845857,0.8354319334030151,0.7521944780686944,0.11712908744812012,-0.12006331158912475,0.011713030748069286,0.05900735780596733,,,
cross_soft,Grocery,43,Visual,cross_shuffle,3,0.833674967288971,0.7513024657954064,0.8354319334030151,0.7521944780686944,0.17569661140441895,0.08920122732880564,0.013762811198830605,0.05920911580324173,,,
cross_soft,Grocery,43,Visual,cross_shuffle,4,0.83162522315979,0.749022316042414,0.8354319334030151,0.7521944780686944,0.38067102432250977,0.3172162026280456,0.014348463155329227,0.057928234338760376,,,
cross_soft,Grocery,43,Visual,cross_shuffle,5,0.8333821296691895,0.7496488604379844,0.8354319334030151,0.7521944780686944,0.20498037338256836,0.254561763071004,0.011420205235481262,0.05859328433871269,,,
cross_soft,Grocery,43,Visual,cross_shuffle,6,0.8322108387947083,0.7468563256952812,0.8354319334030151,0.7521944780686944,0.3221094608306885,0.5338152373413285,0.014348463155329227,0.05938137695193291,,,
cross_soft,Grocery,43,Visual,cross_shuffle,7,0.8327965140342712,0.750562580006515,0.8354319334030151,0.7521944780686944,0.26354193687438965,0.16318980621794488,0.01229868270456791,0.05823314189910889,,,
cross_soft,Grocery,43,Visual,cross_shuffle,8,0.8330893516540527,0.7495916517083282,0.8354319334030151,0.7521944780686944,0.23425817489624023,0.26028263603662394,0.010541727766394615,0.05771647393703461,,,
cross_soft,Grocery,43,Visual,cross_shuffle,9,0.8333821296691895,0.7472613717658034,0.8354319334030151,0.7521944780686944,0.20498037338256836,0.49331063028910105,0.015226940624415874,0.05870376154780388,,,
cross_soft,Grocery,43,Visual,cross_zero,-1,0.8345534801483154,0.7501563137285986,0.8354319334030151,0.7521944780686944,0.0878453254699707,0.20381643400958493,0.01083455327898264,0.05593940615653992,,,
cross_soft,Grocery,44,Text,cross_shuffle,0,0.8257687091827393,0.7166715530908044,0.8269400000572205,0.7182807996483154,0.11712908744812012,0.1609246557510935,0.004099560901522636,0.02871682494878769,,,
cross_soft,Grocery,44,Text,cross_shuffle,1,0.8257687091827393,0.7176466640249045,0.8269400000572205,0.7182807996483154,0.11712908744812012,0.06341356234108586,0.005563689861446619,0.02838972397148609,,,
cross_soft,Grocery,44,Text,cross_shuffle,2,0.8263543248176575,0.7171089504251392,0.8269400000572205,0.7182807996483154,0.05856752395629883,0.11718492231761468,0.0032210834324359894,0.028870029374957085,,,
cross_soft,Grocery,44,Text,cross_shuffle,3,0.8254758715629578,0.7165669563892215,0.8269400000572205,0.7182807996483154,0.14641284942626953,0.17138432590938502,0.0032210834324359894,0.028774641454219818,,,
cross_soft,Grocery,44,Text,cross_shuffle,4,0.826061487197876,0.7151827521536871,0.8269400000572205,0.7182807996483154,0.08785128593444824,0.30980474946282754,0.004685212392359972,0.02888716757297516,,,
cross_soft,Grocery,44,Text,cross_shuffle,5,0.8263543248176575,0.7173396224999675,0.8269400000572205,0.7182807996483154,0.05856752395629883,0.09411771483478493,0.0043923864141106606,0.02834312990307808,,,
cross_soft,Grocery,44,Text,cross_shuffle,6,0.8257687091827393,0.7168280699756202,0.8269400000572205,0.7182807996483154,0.11712908744812012,0.14527296726951633,0.004685212392359972,0.029057350009679794,,,
cross_soft,Grocery,44,Text,cross_shuffle,7,0.8263543248176575,0.7177396104817635,0.8269400000572205,0.7182807996483154,0.05856752395629883,0.05411891665518809,0.0038067351561039686,0.028834857046604156,,,
cross_soft,Grocery,44,Text,cross_shuffle,8,0.8263543248176575,0.7172505223109831,0.8269400000572205,0.7182807996483154,0.05856752395629883,0.10302773373322971,0.006149341352283955,0.02847520262002945,,,
cross_soft,Grocery,44,Text,cross_shuffle,9,0.8263543248176575,0.7173637980057188,0.8269400000572205,0.7182807996483154,0.05856752395629883,0.09170016425965599,0.002635431941598654,0.02892083115875721,,,
cross_soft,Grocery,44,Text,cross_zero,-1,0.826061487197876,0.716242250687541,0.8269400000572205,0.7182807996483154,0.08785128593444824,0.20385489607743779,0.010248902253806591,0.06844515353441238,,,
cross_soft,Grocery,44,Visual,cross_shuffle,0,0.826061487197876,0.7164053607682118,0.8269400000572205,0.7182807996483154,0.08785128593444824,0.18754388801035526,0.005563689861446619,0.0366724394261837,,,
cross_soft,Grocery,44,Visual,cross_shuffle,1,0.8269400000572205,0.7183817135466006,0.8269400000572205,0.7182807996483154,0.0,-0.010091389828525976,0.005563689861446619,0.03553316742181778,,,
cross_soft,Grocery,44,Visual,cross_shuffle,2,0.8257687091827393,0.7189175929755374,0.8269400000572205,0.7182807996483154,0.11712908744812012,-0.06367933272219961,0.007906296290457249,0.036422248929739,,,
cross_soft,Grocery,44,Visual,cross_shuffle,3,0.8263543248176575,0.7180057936124022,0.8269400000572205,0.7182807996483154,0.05856752395629883,0.02750060359131279,0.005270863883197308,0.03556806966662407,,,
cross_soft,Grocery,44,Visual,cross_shuffle,4,0.826647162437439,0.7174911536541125,0.8269400000572205,0.7182807996483154,0.029283761978149414,0.07896459942028367,0.0043923864141106606,0.036332692950963974,,,
cross_soft,Grocery,44,Visual,cross_shuffle,5,0.8257687091827393,0.7166425295220225,0.8269400000572205,0.7182807996483154,0.11712908744812012,0.16382701262929178,0.004099560901522636,0.03508317843079567,,,
cross_soft,Grocery,44,Visual,cross_shuffle,6,0.8257687091827393,0.7138905479903123,0.8269400000572205,0.7182807996483154,0.11712908744812012,0.4390251658003108,0.005856515374034643,0.03664752095937729,,,
cross_soft,Grocery,44,Visual,cross_shuffle,7,0.8257687091827393,0.7166779684474743,0.8269400000572205,0.7182807996483154,0.11712908744812012,0.16028312008410373,0.0049780383706092834,0.03601155802607536,,,
cross_soft,Grocery,44,Visual,cross_shuffle,8,0.826647162437439,0.7179998864746645,0.8269400000572205,0.7182807996483154,0.029283761978149414,0.02809131736508652,0.006442166864871979,0.03612720966339111,,,
cross_soft,Grocery,44,Visual,cross_shuffle,9,0.826061487197876,0.7175627844849963,0.8269400000572205,0.7182807996483154,0.08785128593444824,0.07180151633190412,0.006442166864871979,0.03603586554527283,,,
cross_soft,Grocery,44,Visual,cross_zero,-1,0.8269400000572205,0.7177094777154173,0.8269400000572205,0.7182807996483154,0.0,0.05713219328981056,0.0038067351561039686,0.024902096018195152,,,
cross_soft,ele-fashion,42,Text,cross_shuffle,0,0.8803313970565796,0.7652430765190211,0.8807405233383179,0.7668539507111881,0.040912628173828125,0.1610874192166989,0.0010228086030110717,0.013673989102244377,,,
cross_soft,ele-fashion,42,Text,cross_shuffle,1,0.8804336786270142,0.7661450386144778,0.8807405233383179,0.7668539507111881,0.030684471130371094,0.07089120967103124,0.0018410555785521865,0.014008848927915096,,,
cross_soft,ele-fashion,42,Text,cross_shuffle,2,0.8797177076339722,0.7646864629156082,0.8807405233383179,0.7668539507111881,0.10228157043457031,0.21674877955799587,0.0013296512188389897,0.013932956382632256,,,
cross_soft,ele-fashion,42,Text,cross_shuffle,3,0.880945086479187,0.7669988531085729,0.8807405233383179,0.7668539507111881,-0.020456314086914062,-0.014490239738473853,0.0005114043015055358,0.014286852441728115,,,
cross_soft,ele-fashion,42,Text,cross_shuffle,4,0.8804336786270142,0.7659113059978456,0.8807405233383179,0.7668539507111881,0.030684471130371094,0.09426447133424887,0.0006136851734481752,0.014123380184173584,,,
cross_soft,ele-fashion,42,Text,cross_shuffle,5,0.8804336786270142,0.7665984733443175,0.8807405233383179,0.7668539507111881,0.030684471130371094,0.02554773668705934,0.001125089474953711,0.014179841615259647,,,
cross_soft,ele-fashion,42,Text,cross_shuffle,6,0.8801268339157104,0.7655559850180254,0.8807405233383179,0.7668539507111881,0.06136894226074219,0.12979656931627614,0.001125089474953711,0.013898978941142559,,,
cross_soft,ele-fashion,42,Text,cross_shuffle,7,0.8803313970565796,0.766015657518579,0.8807405233383179,0.7668539507111881,0.040912628173828125,0.08382931926090853,0.0010228086030110717,0.01376534253358841,,,
cross_soft,ele-fashion,42,Text,cross_shuffle,8,0.8803313970565796,0.7659617228730824,0.8807405233383179,0.7668539507111881,0.040912628173828125,0.08922278381057192,0.0010228086030110717,0.013624829240143299,,,
cross_soft,ele-fashion,42,Text,cross_shuffle,9,0.8806382417678833,0.7663347965470559,0.8807405233383179,0.7668539507111881,0.010228157043457031,0.0519154164132174,0.0009205277892760932,0.014012531377375126,,,
cross_soft,ele-fashion,42,Text,cross_zero,-1,0.8808428049087524,0.7666304540807068,0.8807405233383179,0.7668539507111881,-0.010228157043457031,0.0223496630481268,0.0010228086030110717,0.013164463452994823,,,
cross_soft,ele-fashion,42,Visual,cross_shuffle,0,0.8808428049087524,0.7669956656991906,0.8807405233383179,0.7668539507111881,-0.010228157043457031,-0.014171498800252813,0.001431932090781629,0.031239943578839302,,,
cross_soft,ele-fashion,42,Visual,cross_shuffle,1,0.8810473680496216,0.7675923386918752,0.8807405233383179,0.7668539507111881,-0.030684471130371094,-0.07383879806870386,0.0015342129627242684,0.030994504690170288,,,
cross_soft,ele-fashion,42,Visual,cross_shuffle,2,0.8804336786270142,0.7665187436572123,0.8807405233383179,0.7668539507111881,0.030684471130371094,0.033520705397582784,0.0007159660453908145,0.031168440356850624,,,
cross_soft,ele-fashion,42,Visual,cross_shuffle,3,0.8807405233383179,0.7669413610075676,0.8807405233383179,0.7668539507111881,0.0,-0.00874102963794865,0.0007159660453908145,0.031571850180625916,,,
cross_soft,ele-fashion,42,Visual,cross_shuffle,4,0.8813542127609253,0.7675133794596222,0.8807405233383179,0.7668539507111881,-0.06136894226074219,-0.06594287484340544,0.001431932090781629,0.03148501366376877,,,
cross_soft,ele-fashion,42,Visual,cross_shuffle,5,0.8812519311904907,0.7673395853588297,0.8807405233383179,0.7668539507111881,-0.051140785217285156,-0.04856346476416196,0.0010228086030110717,0.03178803622722626,,,
cross_soft,ele-fashion,42,Visual,cross_shuffle,6,0.8807405233383179,0.7669620876073077,0.8807405233383179,0.7668539507111881,0.0,-0.010813689611954835,0.001431932090781629,0.03047754429280758,,,
cross_soft,ele-fashion,42,Visual,cross_shuffle,7,0.8805359601974487,0.7665408158622037,0.8807405233383179,0.7668539507111881,0.020456314086914062,0.0313134848984431,0.0012273703468963504,0.031102020293474197,,,
cross_soft,ele-fashion,42,Visual,cross_shuffle,8,0.880945086479187,0.767284575023269,0.8807405233383179,0.7668539507111881,-0.020456314086914062,-0.04306243120808517,0.0013296512188389897,0.030843460932374,,,
cross_soft,ele-fashion,42,Visual,cross_shuffle,9,0.8810473680496216,0.7671751744239501,0.8807405233383179,0.7668539507111881,-0.030684471130371094,-0.03212237127619977,0.0016364938346669078,0.03123796172440052,,,
cross_soft,ele-fashion,42,Visual,cross_zero,-1,0.8814564943313599,0.7681877632061752,0.8807405233383179,0.7668539507111881,-0.07159709930419922,-0.13338124949870966,0.0016364938346669078,0.035717930644750595,,,
cross_soft,ele-fashion,43,Text,cross_shuffle,0,0.8784903287887573,0.7589766038037641,0.878797173500061,0.7600795334942737,0.030684471130371094,0.11029296905096242,0.0010228086030110717,0.016816508024930954,,,
cross_soft,ele-fashion,43,Text,cross_shuffle,1,0.8779789209365845,0.7583307723881016,0.878797173500061,0.7600795334942737,0.08182525634765625,0.17487611061720587,0.0015342129627242684,0.01648060604929924,,,
cross_soft,ele-fashion,43,Text,cross_shuffle,2,0.878081202507019,0.7589025184947759,0.878797173500061,0.7600795334942737,0.07159709930419922,0.11770149994978496,0.001431932090781629,0.016139524057507515,,,
cross_soft,ele-fashion,43,Text,cross_shuffle,3,0.8785926103591919,0.7594099118384833,0.878797173500061,0.7600795334942737,0.020456314086914062,0.06696216557904311,0.001125089474953711,0.016214830800890923,,,
cross_soft,ele-fashion,43,Text,cross_shuffle,4,0.8783880472183228,0.758653385802916,0.878797173500061,0.7600795334942737,0.040912628173828125,0.14261476913577376,0.001125089474953711,0.016524869948625565,,,
cross_soft,ele-fashion,43,Text,cross_shuffle,5,0.8781834840774536,0.7586065437440535,0.878797173500061,0.7600795334942737,0.06136894226074219,0.1472989750220255,0.0013296512188389897,0.016895122826099396,,,
cross_soft,ele-fashion,43,Text,cross_shuffle,6,0.8782857656478882,0.7589223196903614,0.878797173500061,0.7600795334942737,0.051140785217285156,0.11572138039123159,0.0013296512188389897,0.016949674114584923,,,
cross_soft,ele-fashion,43,Text,cross_shuffle,7,0.8781834840774536,0.7592322244559963,0.878797173500061,0.7600795334942737,0.06136894226074219,0.08473090382774551,0.0013296512188389897,0.016714179888367653,,,
cross_soft,ele-fashion,43,Text,cross_shuffle,8,0.8783880472183228,0.7592670390657712,0.878797173500061,0.7600795334942737,0.040912628173828125,0.08124944285025082,0.001431932090781629,0.01607532799243927,,,
cross_soft,ele-fashion,43,Text,cross_shuffle,9,0.8781834840774536,0.7591018280201008,0.878797173500061,0.7600795334942737,0.06136894226074219,0.0977705474172863,0.0012273703468963504,0.016185395419597626,,,
cross_soft,ele-fashion,43,Text,cross_zero,-1,0.8786948919296265,0.7591364931183269,0.878797173500061,0.7600795334942737,0.010228157043457031,0.09430403759468353,0.0010228086030110717,0.01490864623337984,,,
cross_soft,ele-fashion,43,Visual,cross_shuffle,0,0.8792062997817993,0.7611609452069207,0.878797173500061,0.7600795334942737,-0.040912628173828125,-0.10814117126469736,0.001431932090781629,0.022448375821113586,,,
cross_soft,ele-fashion,43,Visual,cross_shuffle,1,0.8790017366409302,0.7609712283855302,0.878797173500061,0.7600795334942737,-0.020456314086914062,-0.08916948912565115,0.0009205277892760932,0.022461889311671257,,,
cross_soft,ele-fashion,43,Visual,cross_shuffle,2,0.8784903287887573,0.7594650303109038,0.878797173500061,0.7600795334942737,0.030684471130371094,0.06145031833698633,0.0010228086030110717,0.022246940061450005,,,
cross_soft,ele-fashion,43,Visual,cross_shuffle,3,0.8788994550704956,0.760622634426931,0.878797173500061,0.7600795334942737,-0.010228157043457031,-0.05431009326573033,0.0013296512188389897,0.02233939990401268,,,
cross_soft,ele-fashion,43,Visual,cross_shuffle,4,0.8790017366409302,0.7601255841912291,0.878797173500061,0.7600795334942737,-0.020456314086914062,-0.004605069695540198,0.0012273703468963504,0.022791599854826927,,,
cross_soft,ele-fashion,43,Visual,cross_shuffle,5,0.8784903287887573,0.7583763465937043,0.878797173500061,0.7600795334942737,0.030684471130371094,0.17031869005693645,0.0012273703468963504,0.022709455341100693,,,
cross_soft,ele-fashion,43,Visual,cross_shuffle,6,0.8791040182113647,0.7604589556962069,0.878797173500061,0.7600795334942737,-0.030684471130371094,-0.03794222019332105,0.0007159660453908145,0.0226961188018322,,,
cross_soft,ele-fashion,43,Visual,cross_shuffle,7,0.8785926103591919,0.7589539232446948,0.878797173500061,0.7600795334942737,0.020456314086914062,0.11256102495789122,0.0013296512188389897,0.022830257192254066,,,
cross_soft,ele-fashion,43,Visual,cross_shuffle,8,0.8786948919296265,0.7597129820229624,0.878797173500061,0.7600795334942737,0.010228157043457031,0.036655147131126053,0.0010228086030110717,0.0224434956908226,,,
cross_soft,ele-fashion,43,Visual,cross_shuffle,9,0.8786948919296265,0.7596806080646136,0.878797173500061,0.7600795334942737,0.010228157043457031,0.03989254296601352,0.0008182469173334539,0.02245139889419079,,,
cross_soft,ele-fashion,43,Visual,cross_zero,-1,0.8786948919296265,0.7601596771948814,0.878797173500061,0.7600795334942737,0.010228157043457031,-0.008014370060771547,0.0008182469173334539,0.02288947068154812,,,
cross_soft,ele-fashion,44,Text,cross_shuffle,0,0.880229115486145,0.7644737814652559,0.8804336786270142,0.7650717168813926,0.020456314086914062,0.05979354161367301,0.00020456172933336347,0.009750602766871452,,,
cross_soft,ele-fashion,44,Text,cross_shuffle,1,0.8801268339157104,0.7643525003142607,0.8804336786270142,0.7650717168813926,0.030684471130371094,0.07192165671319195,0.0006136851734481752,0.009990429505705833,,,
cross_soft,ele-fashion,44,Text,cross_shuffle,2,0.8803313970565796,0.7647866210357278,0.8804336786270142,0.7650717168813926,0.010228157043457031,0.028509584566482893,0.00010228086466668174,0.009689082391560078,,,
cross_soft,ele-fashion,44,Text,cross_shuffle,3,0.880229115486145,0.7636084384425079,0.8804336786270142,0.7650717168813926,0.020456314086914062,0.14632784388847186,0.0007159660453908145,0.009519269689917564,,,
cross_soft,ele-fashion,44,Text,cross_shuffle,4,0.8804336786270142,0.7650072883705473,0.8804336786270142,0.7650717168813926,0.0,0.006442851084531576,0.0003068425867240876,0.00973096489906311,,,
cross_soft,ele-fashion,44,Text,cross_shuffle,5,0.8803313970565796,0.7649989233585933,0.8804336786270142,0.7650717168813926,0.010228157043457031,0.007279352279931928,0.0005114043015055358,0.009586501866579056,,,
cross_soft,ele-fashion,44,Text,cross_shuffle,6,0.8804336786270142,0.7652111748778533,0.8804336786270142,0.7650717168813926,0.0,-0.013945799646064572,0.0006136851734481752,0.009590094909071922,,,
cross_soft,ele-fashion,44,Text,cross_shuffle,7,0.880229115486145,0.7650248819818991,0.8804336786270142,0.7650717168813926,0.020456314086914062,0.004683489949353081,0.0005114043015055358,0.009214162826538086,,,
cross_soft,ele-fashion,44,Text,cross_shuffle,8,0.8801268339157104,0.7642464426438604,0.8804336786270142,0.7650717168813926,0.030684471130371094,0.08252742375322031,0.0007159660453908145,0.009938076138496399,,,
cross_soft,ele-fashion,44,Text,cross_shuffle,9,0.880229115486145,0.7645424521418955,0.8804336786270142,0.7650717168813926,0.020456314086914062,0.052926473949710395,0.00040912345866672695,0.00950530543923378,,,
cross_soft,ele-fashion,44,Text,cross_zero,-1,0.880229115486145,0.764458815910411,0.8804336786270142,0.7650717168813926,0.020456314086914062,0.061290097098165575,0.00020456172933336347,0.008152171969413757,,,
cross_soft,ele-fashion,44,Visual,cross_shuffle,0,0.8804336786270142,0.7642611363754952,0.8804336786270142,0.7650717168813926,0.0,0.08105805058974402,0.0018410555785521865,0.03165436536073685,,,
cross_soft,ele-fashion,44,Visual,cross_shuffle,1,0.8803313970565796,0.7646005641189748,0.8804336786270142,0.7650717168813926,0.010228157043457031,0.04711527624178258,0.0018410555785521865,0.03196858987212181,,,
cross_soft,ele-fashion,44,Visual,cross_shuffle,2,0.8805359601974487,0.7647987388077351,0.8804336786270142,0.7650717168813926,-0.010228157043457031,0.027297807365755933,0.0019433364504948258,0.031143777072429657,,,
cross_soft,ele-fashion,44,Visual,cross_shuffle,3,0.8801268339157104,0.7633419473672958,0.8804336786270142,0.7650717168813926,0.030684471130371094,0.17297695140968683,0.002250178949907422,0.031231552362442017,,,
cross_soft,ele-fashion,44,Visual,cross_shuffle,4,0.8803313970565796,0.7642824795451303,0.8804336786270142,0.7650717168813926,0.010228157043457031,0.07892373362623495,0.0017387747066095471,0.03163241595029831,,,
cross_soft,ele-fashion,44,Visual,cross_shuffle,5,0.880229115486145,0.7639620916106026,0.8804336786270142,0.7650717168813926,0.020456314086914062,0.110962527079006,0.0018410555785521865,0.03143499046564102,,,
cross_soft,ele-fashion,44,Visual,cross_shuffle,6,0.8800245523452759,0.7619038737802832,0.8804336786270142,0.7650717168813926,0.040912628173828125,0.3167843101109402,0.0021478980779647827,0.03164706006646156,,,
cross_soft,ele-fashion,44,Visual,cross_shuffle,7,0.880229115486145,0.7646918271300044,0.8804336786270142,0.7650717168813926,0.020456314086914062,0.037988975138825154,0.0017387747066095471,0.031189706176519394,,,
cross_soft,ele-fashion,44,Visual,cross_shuffle,8,0.880229115486145,0.7643747524566282,0.8804336786270142,0.7650717168813926,0.020456314086914062,0.06969644247644124,0.0012273703468963504,0.03147824853658676,,,
cross_soft,ele-fashion,44,Visual,cross_shuffle,9,0.8804336786270142,0.7642737558421949,0.8804336786270142,0.7650717168813926,0.0,0.07979610391977143,0.0016364938346669078,0.031251609325408936,,,
cross_soft,ele-fashion,44,Visual,cross_zero,-1,0.8799222707748413,0.7628855077123141,0.8804336786270142,0.7650717168813926,0.051140785217285156,0.21862091690785235,0.0020456172060221434,0.032492537051439285,,,
cross_soft,Reddit-S,42,Text,cross_shuffle,0,0.9625668525695801,0.9246946228174219,0.9625668525695801,0.9240193172378296,0.0,-0.0675305579592278,0.001572821638546884,0.020388519391417503,,,
cross_soft,Reddit-S,42,Text,cross_shuffle,1,0.9619377255439758,0.9236574095998609,0.9625668525695801,0.9240193172378296,0.0629127025604248,0.036190763796872805,0.0025165146216750145,0.020356852561235428,,,
cross_soft,Reddit-S,42,Text,cross_shuffle,2,0.9622522592544556,0.9241080491601721,0.9625668525695801,0.9240193172378296,0.03145933151245117,-0.008873192234248872,0.003145643277093768,0.01989016868174076,,,
cross_soft,Reddit-S,42,Text,cross_shuffle,3,0.9619377255439758,0.9234488491441812,0.9625668525695801,0.9240193172378296,0.0629127025604248,0.05704680936483575,0.0012582573108375072,0.01996987871825695,,,
cross_soft,Reddit-S,42,Text,cross_shuffle,4,0.9619377255439758,0.9226488077402706,0.9625668525695801,0.9240193172378296,0.0629127025604248,0.13705094975590137,0.002201950177550316,0.020062696188688278,,,
cross_soft,Reddit-S,42,Text,cross_shuffle,5,0.9609940052032471,0.9217328886279426,0.9625668525695801,0.9240193172378296,0.15728473663330078,0.22864286098870368,0.002201950177550316,0.01993970014154911,,,
cross_soft,Reddit-S,42,Text,cross_shuffle,6,0.9619377255439758,0.9233492755860826,0.9625668525695801,0.9240193172378296,0.0629127025604248,0.06700416517469998,0.001572821638546884,0.01995587907731533,,,
cross_soft,Reddit-S,42,Text,cross_shuffle,7,0.9616231322288513,0.922255030817779,0.9625668525695801,0.9240193172378296,0.09437203407287598,0.17642864200505537,0.0018873859662562609,0.020327745005488396,,,
cross_soft,Reddit-S,42,Text,cross_shuffle,8,0.9609940052032471,0.9195655754556371,0.9625668525695801,0.9240193172378296,0.15728473663330078,0.44537417821924885,0.003145643277093768,0.02013450860977173,,,
cross_soft,Reddit-S,42,Text,cross_shuffle,9,0.9619377255439758,0.9233005698900103,0.9625668525695801,0.9240193172378296,0.0629127025604248,0.0718747347819293,0.002201950177550316,0.019921690225601196,,,
cross_soft,Reddit-S,42,Text,cross_zero,-1,0.9619377255439758,0.9236156187393855,0.9625668525695801,0.9240193172378296,0.0629127025604248,0.04036984984441272,0.003460207488387823,0.035202886909246445,,,
cross_soft,Reddit-S,42,Visual,cross_shuffle,0,0.9616231322288513,0.9213231095760822,0.9625668525695801,0.9240193172378296,0.09437203407287598,0.2696207661747385,0.002831079065799713,0.02842297963798046,,,
cross_soft,Reddit-S,42,Visual,cross_shuffle,1,0.9606794714927673,0.9192907209970398,0.9625668525695801,0.9240193172378296,0.18873810768127441,0.47285962407898063,0.0018873859662562609,0.028698792681097984,,,
cross_soft,Reddit-S,42,Visual,cross_shuffle,2,0.9613085985183716,0.923248420802345,0.9625668525695801,0.9240193172378296,0.1258254051208496,0.07708964354845582,0.002831079065799713,0.02818617969751358,,,
cross_soft,Reddit-S,42,Visual,cross_shuffle,3,0.9613085985183716,0.9206057132799691,0.9625668525695801,0.9240193172378296,0.1258254051208496,0.34136039578605004,0.0025165146216750145,0.02855868451297283,,,
cross_soft,Reddit-S,42,Visual,cross_shuffle,4,0.9613085985183716,0.9208828771363246,0.9625668525695801,0.9240193172378296,0.1258254051208496,0.31364401015050447,0.0025165146216750145,0.02930796891450882,,,
cross_soft,Reddit-S,42,Visual,cross_shuffle,5,0.9587920904159546,0.9157898264849333,0.9625668525695801,0.9240193172378296,0.37747621536254883,0.8229490752896251,0.0037747719325125217,0.02889270707964897,,,
cross_soft,Reddit-S,42,Visual,cross_shuffle,6,0.9613085985183716,0.9204257525807487,0.9625668525695801,0.9240193172378296,0.1258254051208496,0.3593564657080939,0.0025165146216750145,0.02931682951748371,,,
cross_soft,Reddit-S,42,Visual,cross_shuffle,7,0.9603648781776428,0.919486979655764,0.9625668525695801,0.9240193172378296,0.22019743919372559,0.45323375820656153,0.002831079065799713,0.028178216889500618,,,
cross_soft,Reddit-S,42,Visual,cross_shuffle,8,0.9606794714927673,0.9193717218206757,0.9625668525695801,0.9240193172378296,0.18873810768127441,0.46475954171538714,0.003145643277093768,0.028892850503325462,,,
cross_soft,Reddit-S,42,Visual,cross_shuffle,9,0.9619377255439758,0.9230798551421758,0.9625668525695801,0.9240193172378296,0.0629127025604248,0.09394620956537647,0.003145643277093768,0.028659168630838394,,,
cross_soft,Reddit-S,42,Visual,cross_zero,-1,0.9616231322288513,0.921270353073006,0.9625668525695801,0.9240193172378296,0.09437203407287598,0.27489641648236196,0.002831079065799713,0.037056706845760345,,,
cross_soft,Reddit-S,43,Text,cross_shuffle,0,0.9698018431663513,0.9319802335247486,0.970116376876831,0.93284465613891,0.03145337104797363,0.08644226141614197,0.001572821638546884,0.031251899898052216,,,
cross_soft,Reddit-S,43,Text,cross_shuffle,1,0.9694872498512268,0.9314815903498784,0.970116376876831,0.93284465613891,0.0629127025604248,0.1363065789031559,0.0012582573108375072,0.03132396936416626,,,
cross_soft,Reddit-S,43,Text,cross_shuffle,2,0.9698018431663513,0.9323931148786169,0.970116376876831,0.93284465613891,0.03145337104797363,0.045154126029312014,0.0009436929831281304,0.03186275064945221,,,
cross_soft,Reddit-S,43,Text,cross_shuffle,3,0.9691727161407471,0.931239106346624,0.970116376876831,0.93284465613891,0.09436607360839844,0.16055497922859985,0.0012582573108375072,0.031702592968940735,,,
cross_soft,Reddit-S,43,Text,cross_shuffle,4,0.9694872498512268,0.9310632403090195,0.970116376876831,0.93284465613891,0.0629127025604248,0.17814158298904426,0.0012582573108375072,0.0325545109808445,,,
cross_soft,Reddit-S,43,Text,cross_shuffle,5,0.9691727161407471,0.9305537100432117,0.970116376876831,0.93284465613891,0.09436607360839844,0.2290946095698243,0.001572821638546884,0.030870800837874413,,,
cross_soft,Reddit-S,43,Text,cross_shuffle,6,0.9694872498512268,0.9315628677895129,0.970116376876831,0.93284465613891,0.0629127025604248,0.12817883493970728,0.0012582573108375072,0.03204111382365227,,,
cross_soft,Reddit-S,43,Text,cross_shuffle,7,0.9698018431663513,0.9319877746870645,0.970116376876831,0.93284465613891,0.03145337104797363,0.08568814518454815,0.0009436929831281304,0.031670499593019485,,,
cross_soft,Reddit-S,43,Text,cross_shuffle,8,0.970116376876831,0.9325955076001439,0.970116376876831,0.93284465613891,0.0,0.024914853876611964,0.0006291286554187536,0.03193024545907974,,,
cross_soft,Reddit-S,43,Text,cross_shuffle,9,0.9698018431663513,0.9325573861432686,0.970116376876831,0.93284465613891,0.03145337104797363,0.028726999564143707,0.0006291286554187536,0.03236818313598633,,,
cross_soft,Reddit-S,43,Text,cross_zero,-1,0.9698018431663513,0.9322630786833501,0.970116376876831,0.93284465613891,0.03145337104797363,0.05815774555598674,0.0009436929831281304,0.03256191685795784,,,
cross_soft,Reddit-S,43,Visual,cross_shuffle,0,0.9688581228256226,0.9309896395904629,0.970116376876831,0.93284465613891,0.1258254051208496,0.18550165484471082,0.0025165146216750145,0.03478192538022995,,,
cross_soft,Reddit-S,43,Visual,cross_shuffle,1,0.9688581228256226,0.9289628728628794,0.970116376876831,0.93284465613891,0.1258254051208496,0.3881783276030615,0.003145643277093768,0.033722829073667526,,,
cross_soft,Reddit-S,43,Visual,cross_shuffle,2,0.9694872498512268,0.932488388072264,0.970116376876831,0.93284465613891,0.0629127025604248,0.035626806664601496,0.0025165146216750145,0.03413298726081848,,,
cross_soft,Reddit-S,43,Visual,cross_shuffle,3,0.9685435891151428,0.9303550001847143,0.970116376876831,0.93284465613891,0.15727877616882324,0.2489655954195702,0.003145643277093768,0.03364942595362663,,,
cross_soft,Reddit-S,43,Visual,cross_shuffle,4,0.9688581228256226,0.9314824041235473,0.970116376876831,0.93284465613891,0.1258254051208496,0.13622520153626638,0.0025165146216750145,0.034777648746967316,,,
cross_soft,Reddit-S,43,Visual,cross_shuffle,5,0.9688581228256226,0.9307559896845783,0.970116376876831,0.93284465613891,0.1258254051208496,0.20886664543317002,0.0025165146216750145,0.0340157076716423,,,
cross_soft,Reddit-S,43,Visual,cross_shuffle,6,0.9698018431663513,0.9324298057276046,0.970116376876831,0.93284465613891,0.03145337104797363,0.04148504113054008,0.002201950177550316,0.03390153869986534,,,
cross_soft,Reddit-S,43,Visual,cross_shuffle,7,0.9685435891151428,0.9304919455305519,0.970116376876831,0.93284465613891,0.15727877616882324,0.23527106083580662,0.0025165146216750145,0.0330996997654438,,,
cross_soft,Reddit-S,43,Visual,cross_shuffle,8,0.9698018431663513,0.9329078705926971,0.970116376876831,0.93284465613891,0.03145337104797363,-0.006321445378709711,0.002831079065799713,0.0333726704120636,,,
cross_soft,Reddit-S,43,Visual,cross_shuffle,9,0.9688581228256226,0.9304205845280871,0.970116376876831,0.93284465613891,0.1258254051208496,0.242407161082292,0.0025165146216750145,0.0339621901512146,,,
cross_soft,Reddit-S,43,Visual,cross_zero,-1,0.9679144620895386,0.9308635411781969,0.970116376876831,0.93284465613891,0.22019147872924805,0.19811149607130707,0.005662158131599426,0.04777119308710098,,,
cross_soft,Reddit-S,44,Text,cross_shuffle,0,0.9641396403312683,0.9189041171778216,0.9650833606719971,0.92171376267065,0.09437203407287598,0.2809645492828361,0.0012582573108375072,0.013500598259270191,,,
cross_soft,Reddit-S,44,Text,cross_shuffle,1,0.9650833606719971,0.9221290120769036,0.9650833606719971,0.92171376267065,0.0,-0.041524940625359275,0.0009436929831281304,0.013470698148012161,,,
cross_soft,Reddit-S,44,Text,cross_shuffle,2,0.9644542336463928,0.9193984523832871,0.9650833606719971,0.92171376267065,0.0629127025604248,0.23153102873628706,0.0012582573108375072,0.013619976118206978,,,
cross_soft,Reddit-S,44,Text,cross_shuffle,3,0.9644542336463928,0.9207914928440729,0.9650833606719971,0.92171376267065,0.0629127025604248,0.09222698265770601,0.0009436929831281304,0.013798831962049007,,,
cross_soft,Reddit-S,44,Text,cross_shuffle,4,0.9650833606719971,0.922361256253649,0.9650833606719971,0.92171376267065,0.0,-0.06474935829989814,0.0012582573108375072,0.013682838529348373,,,
cross_soft,Reddit-S,44,Text,cross_shuffle,5,0.9641396403312683,0.9207349074896649,0.9650833606719971,0.92171376267065,0.09437203407287598,0.0978855180985061,0.0012582573108375072,0.013800262473523617,,,
cross_soft,Reddit-S,44,Text,cross_shuffle,6,0.9635105133056641,0.9185676654231759,0.9650833606719971,0.92171376267065,0.15728473663330078,0.31460972474740556,0.002201950177550316,0.013955526985228062,,,
cross_soft,Reddit-S,44,Text,cross_shuffle,7,0.9644542336463928,0.9209537725834316,0.9650833606719971,0.92171376267065,0.0629127025604248,0.07599900872183873,0.001572821638546884,0.013433392159640789,,,
cross_soft,Reddit-S,44,Text,cross_shuffle,8,0.9647687673568726,0.9212661360225038,0.9650833606719971,0.92171376267065,0.03145933151245117,0.04476266481461266,0.0006291286554187536,0.013522221706807613,,,
cross_soft,Reddit-S,44,Text,cross_shuffle,9,0.9644542336463928,0.9215159488180413,0.9650833606719971,0.92171376267065,0.0629127025604248,0.01978138526086415,0.0018873859662562609,0.013753636740148067,,,
cross_soft,Reddit-S,44,Text,cross_zero,-1,0.9641396403312683,0.9180082977841026,0.9650833606719971,0.92171376267065,0.09437203407287598,0.3705464886547327,0.0037747719325125217,0.0356471948325634,,,
cross_soft,Reddit-S,44,Visual,cross_shuffle,0,0.9644542336463928,0.9208016872032573,0.9650833606719971,0.92171376267065,0.0629127025604248,0.09120754673926923,0.001572821638546884,0.01313196960836649,,,
cross_soft,Reddit-S,44,Visual,cross_shuffle,1,0.9653978943824768,0.9217271571132344,0.9650833606719971,0.92171376267065,-0.03145337104797363,-0.0013394442584413468,0.0012582573108375072,0.013092572800815105,,,
cross_soft,Reddit-S,44,Visual,cross_shuffle,2,0.9641396403312683,0.9186244079913326,0.9650833606719971,0.92171376267065,0.09437203407287598,0.3089354679317369,0.0018873859662562609,0.0129857761785388,,,
cross_soft,Reddit-S,44,Visual,cross_shuffle,3,0.9647687673568726,0.9217160771477179,0.9650833606719971,0.92171376267065,0.03145933151245117,-0.0002314477067888454,0.0006291286554187536,0.012962455861270428,,,
cross_soft,Reddit-S,44,Visual,cross_shuffle,4,0.9650833606719971,0.9217224106386055,0.9650833606719971,0.92171376267065,0.0,-0.0008647967955521807,0.0006291286554187536,0.012338590808212757,,,
cross_soft,Reddit-S,44,Visual,cross_shuffle,5,0.9650833606719971,0.921687747083522,0.9650833606719971,0.92171376267065,0.0,0.0026015587128003226,0.001572821638546884,0.012719686143100262,,,
cross_soft,Reddit-S,44,Visual,cross_shuffle,6,0.9647687673568726,0.9192442031623956,0.9650833606719971,0.92171376267065,0.03145933151245117,0.24695595082543376,0.001572821638546884,0.01264229603111744,,,
cross_soft,Reddit-S,44,Visual,cross_shuffle,7,0.9647687673568726,0.9214643434512949,0.9650833606719971,0.92171376267065,0.03145933151245117,0.02494192193550626,0.0012582573108375072,0.01281453762203455,,,
cross_soft,Reddit-S,44,Visual,cross_shuffle,8,0.9647687673568726,0.9193498484534401,0.9650833606719971,0.92171376267065,0.03145933151245117,0.23639142172098282,0.001572821638546884,0.012985062785446644,,,
cross_soft,Reddit-S,44,Visual,cross_shuffle,9,0.9647687673568726,0.9215685966662756,0.9650833606719971,0.92171376267065,0.03145933151245117,0.014516600437441962,0.0006291286554187536,0.012908556498587132,,,
cross_soft,Reddit-S,44,Visual,cross_zero,-1,0.9641396403312683,0.9184429183374725,0.9650833606719971,0.92171376267065,0.09437203407287598,0.32708443331774806,0.003145643277093768,0.033644698560237885,,,
gated_cross_soft,Movies,42,Text,cross_shuffle,0,0.5671865344047546,0.4747392837012554,0.5674864649772644,0.47553637800483745,0.029993057250976562,0.07970943035820466,0.001499700010754168,0.00381285697221756,6.978164310567081e-05,1.3947486877441406e-05,-3.4181925002485514e-05
gated_cross_soft,Movies,42,Text,cross_shuffle,1,0.5677863955497742,0.475690105858789,0.5674864649772644,0.47553637800483745,-0.029993057250976562,-0.015372785395156852,0.0008998200064525008,0.0035657305270433426,6.91942623234354e-05,1.1265277862548828e-05,-3.092283441219479e-05
gated_cross_soft,Movies,42,Text,cross_shuffle,2,0.5674864649772644,0.47482354021456546,0.5674864649772644,0.47553637800483745,0.0,0.07128377902719807,0.0011997600086033344,0.003731701523065567,6.997330638114363e-05,1.239776611328125e-05,-3.292824840173125e-05
gated_cross_soft,Movies,42,Text,cross_shuffle,3,0.5677863955497742,0.4758139585605522,0.5674864649772644,0.47553637800483745,-0.029993057250976562,-0.02775805557147515,0.0011997600086033344,0.003655959852039814,7.009632099652663e-05,1.2516975402832031e-05,-3.278888470958918e-05
gated_cross_soft,Movies,42,Text,cross_shuffle,4,0.5674864649772644,0.47546454811247935,0.5674864649772644,0.47553637800483745,0.0,0.007182989235809956,0.001499700010754168,0.0039322348311543465,6.953069532755762e-05,1.52587890625e-05,-3.945233765989542e-05
gated_cross_soft,Movies,42,Text,cross_shuffle,5,0.5677863955497742,0.475690105858789,0.5674864649772644,0.47553637800483745,-0.029993057250976562,-0.015372785395156852,0.0008998200064525008,0.0039066351018846035,6.937271245988086e-05,1.2874603271484375e-05,-2.9939779778942466e-05
gated_cross_soft,Movies,42,Text,cross_shuffle,6,0.5671865344047546,0.4752213882245502,0.5674864649772644,0.47553637800483745,0.029993057250976562,0.0314989780287267,0.0011997600086033344,0.0038242649752646685,6.850134377600625e-05,1.1801719665527344e-05,-3.211919101886451e-05
gated_cross_soft,Movies,42,Text,cross_shuffle,7,0.5671865344047546,0.4755858563666841,0.5674864649772644,0.47553637800483745,0.029993057250976562,-0.004947836184665544,0.0017996400129050016,0.003714784048497677,6.968223897274584e-05,1.4722347259521484e-05,-3.62448045052588e-05
gated_cross_soft,Movies,42,Text,cross_shuffle,8,0.5677863955497742,0.4756715131399726,0.5674864649772644,0.47553637800483745,-0.029993057250976562,-0.013513513513513375,0.0005998800043016672,0.003303470555692911,6.845789175713435e-05,1.3768672943115234e-05,-3.8082507671788335e-05
gated_cross_soft,Movies,42,Text,cross_shuffle,9,0.5677863955497742,0.47576481379862223,0.5674864649772644,0.47553637800483745,-0.029993057250976562,-0.022843579378478696,0.0005998800043016672,0.0035922143142670393,6.853140075691044e-05,1.043081283569336e-05,-2.5277986424043775e-05
gated_cross_soft,Movies,42,Text,cross_zero,-1,0.5662867426872253,0.47463992666326654,0.5674864649772644,0.47553637800483745,0.11997222900390625,0.0896451341570903,0.002099580131471157,0.010680362582206726,0.014766938984394073,-0.014766931533813477,0.015274238947313279
gated_cross_soft,Movies,42,Visual,cross_shuffle,0,0.5674864649772644,0.47553637800483745,0.5674864649772644,0.47553637800483745,0.0,0.0,0.0,2.3685306587140076e-06,1.8670114513952285e-05,1.6689300537109375e-06,-4.761121090268716e-06
gated_cross_soft,Movies,42,Visual,cross_shuffle,1,0.5674864649772644,0.47553637800483745,0.5674864649772644,0.47553637800483745,0.0,0.0,0.0,2.4182475044653984e-06,1.9062932551605627e-05,1.430511474609375e-06,-4.180754331173375e-06
gated_cross_soft,Movies,42,Visual,cross_shuffle,2,0.5674864649772644,0.47553637800483745,0.5674864649772644,0.47553637800483745,0.0,0.0,0.0,2.4328001018147916e-06,1.917688496178016e-05,2.0265579223632812e-06,-5.5274613259825855e-06
gated_cross_soft,Movies,42,Visual,cross_shuffle,3,0.5674864649772644,0.47553637800483745,0.5674864649772644,0.47553637800483745,0.0,0.0,0.0,2.3979546313057654e-06,1.8901113435276784e-05,2.0265579223632812e-06,-5.386369593907148e-06
gated_cross_soft,Movies,42,Visual,cross_shuffle,4,0.5674864649772644,0.47553637800483745,0.5674864649772644,0.47553637800483745,0.0,0.0,0.0,2.3052418782754103e-06,1.817285556171555e-05,2.3245811462402344e-06,-6.613674486288801e-06
gated_cross_soft,Movies,42,Visual,cross_shuffle,5,0.5674864649772644,0.47553637800483745,0.5674864649772644,0.47553637800483745,0.0,0.0,0.0,2.4292467060149647e-06,1.914635686262045e-05,1.7285346984863281e-06,-4.380974132800475e-06
gated_cross_soft,Movies,42,Visual,cross_shuffle,6,0.5674864649772644,0.47553637800483745,0.5674864649772644,0.47553637800483745,0.0,0.0,0.0,2.379504849159275e-06,1.875848465715535e-05,2.0265579223632812e-06,-5.597066774498671e-06
gated_cross_soft,Movies,42,Visual,cross_shuffle,7,0.5674864649772644,0.47553637800483745,0.5674864649772644,0.47553637800483745,0.0,0.0,0.0,2.3613467874383787e-06,1.8613751308294013e-05,2.205371856689453e-06,-5.89156843489036e-06
gated_cross_soft,Movies,42,Visual,cross_shuffle,8,0.5674864649772644,0.47553637800483745,0.5674864649772644,0.47553637800483745,0.0,0.0,0.0,2.3442898964276537e-06,1.847893508966081e-05,2.0265579223632812e-06,-6.318270607152954e-06
gated_cross_soft,Movies,42,Visual,cross_shuffle,9,0.5674864649772644,0.47553637800483745,0.5674864649772644,0.47553637800483745,0.0,0.0,0.0,2.3553056962555274e-06,1.8571512555354275e-05,2.4437904357910156e-06,-6.836358807049692e-06
gated_cross_soft,Movies,42,Visual,cross_zero,-1,0.5674864649772644,0.47553637800483745,0.5674864649772644,0.47553637800483745,0.0,0.0,0.0,0.00038049559225328267,0.0028857316356152296,-0.0028856396675109863,0.002230670361313969
gated_cross_soft,Movies,43,Text,cross_shuffle,0,0.5665866732597351,0.4602167114991863,0.5671865344047546,0.4594471634403249,0.059986114501953125,-0.07695480588614245,0.002099580131471157,0.007175064645707607,0.0003239700454287231,9.357929229736328e-05,-0.0002146668266505003
gated_cross_soft,Movies,43,Text,cross_shuffle,1,0.5674864649772644,0.4608434305051528,0.5671865344047546,0.4594471634403249,-0.029993057250976562,-0.13962670648279274,0.0011997600086033344,0.007137709762901068,0.0003251607995480299,8.916854858398438e-05,-0.00020847725681960583
gated_cross_soft,Movies,43,Text,cross_shuffle,2,0.5665866732597351,0.45874216717467425,0.5671865344047546,0.4594471634403249,0.059986114501953125,0.07049962656506259,0.0005998800043016672,0.0073546781204640865,0.0003294117923360318,8.809566497802734e-05,-0.00021092360839247704
gated_cross_soft,Movies,43,Text,cross_shuffle,3,0.5671865344047546,0.46074072206280225,0.5671865344047546,0.4594471634403249,0.0,-0.12935586224773754,0.0011997600086033344,0.00740846386179328,0.0003270838351454586,8.749961853027344e-05,-0.00019844272173941135
gated_cross_soft,Movies,43,Text,cross_shuffle,4,0.5668866038322449,0.45935811448944186,0.5671865344047546,0.4594471634403249,0.029993057250976562,0.008904895088301945,0.0008998200064525008,0.0072577050887048244,0.0003250355657655746,8.302927017211914e-05,-0.00020151177886873484
gated_cross_soft,Movies,43,Text,cross_shuffle,5,0.5674864649772644,0.4596746327901677,0.5671865344047546,0.4594471634403249,-0.029993057250976562,-0.022746934984280154,0.0011997600086033344,0.0072005814872682095,0.00032922299578785896,8.654594421386719e-05,-0.0002170392544940114
gated_cross_soft,Movies,43,Text,cross_shuffle,6,0.5671865344047546,0.4595014400950898,0.5671865344047546,0.4594471634403249,0.0,-0.005427665476492871,0.0011997600086033344,0.007250161841511726,0.0003292252076789737,8.493661880493164e-05,-0.00020704767666757107
gated_cross_soft,Movies,43,Text,cross_shuffle,7,0.5674864649772644,0.46059271769598065,0.5671865344047546,0.4594471634403249,-0.029993057250976562,-0.11455542556557674,0.0017996400129050016,0.007362281903624535,0.00032863442902453244,9.453296661376953e-05,-0.00023698958102613688
gated_cross_soft,Movies,43,Text,cross_shuffle,8,0.5674864649772644,0.4596412167306216,0.5671865344047546,0.4594471634403249,-0.029993057250976562,-0.019405329029670293,0.0008998200064525008,0.007090840954333544,0.00033229528344236314,9.393692016601562e-05,-0.00022814469411969185
gated_cross_soft,Movies,43,Text,cross_shuffle,9,0.5668866038322449,0.45942543679711945,0.5671865344047546,0.4594471634403249,0.029993057250976562,0.002172664320543305,0.0011997600086033344,0.0074655646458268166,0.00032912669121287763,8.630752563476562e-05,-0.00019461463671177626
gated_cross_soft,Movies,43,Text,cross_zero,-1,0.5671865344047546,0.46075345500411374,0.5671865344047546,0.4594471634403249,0.0,-0.1306291563788864,0.0011997600086033344,0.009848391637206078,0.03081524185836315,-0.030815303325653076,0.031147433328442276
gated_cross_soft,Movies,43,Visual,cross_shuffle,0,0.5671865344047546,0.4594471634403249,0.5671865344047546,0.4594471634403249,0.0,0.0,0.0,1.0752476555353496e-05,8.044356218306348e-05,1.6629695892333984e-05,-3.555556759238243e-05
gated_cross_soft,Movies,43,Visual,cross_shuffle,1,0.5671865344047546,0.4594471634403249,0.5671865344047546,0.4594471634403249,0.0,0.0,0.0,1.0832425687112845e-05,8.101013372652233e-05,1.5795230865478516e-05,-3.020759322680533e-05
gated_cross_soft,Movies,43,Visual,cross_shuffle,2,0.5671865344047546,0.4594471634403249,0.5671865344047546,0.4594471634403249,0.0,0.0,0.0,1.064238040271448e-05,7.967654528329149e-05,1.621246337890625e-05,-4.039477062178776e-05
gated_cross_soft,Movies,43,Visual,cross_shuffle,3,0.5671865344047546,0.4594471634403249,0.5671865344047546,0.4594471634403249,0.0,0.0,0.0,1.0836051842488814e-05,8.106209861580282e-05,1.4841556549072266e-05,-2.80797976301983e-05
gated_cross_soft,Movies,43,Visual,cross_shuffle,4,0.5671865344047546,0.4594471634403249,0.5671865344047546,0.4594471634403249,0.0,0.0,0.0,1.0529463907005265e-05,7.87543467595242e-05,1.6033649444580078e-05,-3.348483733134344e-05
gated_cross_soft,Movies,43,Visual,cross_shuffle,5,0.5671865344047546,0.4594471634403249,0.5671865344047546,0.4594471634403249,0.0,0.0,0.0,1.0533393833611626e-05,7.878164615249261e-05,1.6629695892333984e-05,-3.404102608328685e-05
gated_cross_soft,Movies,43,Visual,cross_shuffle,6,0.5671865344047546,0.4594471634403249,0.5671865344047546,0.4594471634403249,0.0,0.0,0.0,1.0674188160919584e-05,7.99539775471203e-05,1.621246337890625e-05,-3.8143189158290625e-05
gated_cross_soft,Movies,43,Visual,cross_shuffle,7,0.5671865344047546,0.4594471634403249,0.5671865344047546,0.4594471634403249,0.0,0.0,0.0,1.0921640750893857e-05,8.168507338268682e-05,1.4722347259521484e-05,-2.586841583251953e-05
gated_cross_soft,Movies,43,Visual,cross_shuffle,8,0.5671865344047546,0.4594471634403249,0.5671865344047546,0.4594471634403249,0.0,0.0,0.0,1.0602092515910044e-05,7.935079338494688e-05,1.71661376953125e-05,-3.7183199310675263e-05
gated_cross_soft,Movies,43,Visual,cross_shuffle,9,0.5671865344047546,0.4594471634403249,0.5671865344047546,0.4594471634403249,0.0,0.0,0.0,1.0620323337207083e-05,7.945240940898657e-05,1.6629695892333984e-05,-3.757224476430565e-05
gated_cross_soft,Movies,43,Visual,cross_zero,-1,0.5671865344047546,0.4594471634403249,0.5671865344047546,0.4594471634403249,0.0,0.0,0.0,0.000624287233222276,0.004151577595621347,-0.004151523113250732,0.0026937449001707137
gated_cross_soft,Movies,44,Text,cross_shuffle,0,0.5602879524230957,0.4657927520457599,0.5602879524230957,0.4657927520457599,0.0,0.0,0.0,0.007102052215486765,0.0005916841328144073,4.0411949157714844e-05,-2.7340254746377468e-05
gated_cross_soft,Movies,44,Text,cross_shuffle,1,0.5602879524230957,0.465812567148308,0.5602879524230957,0.4657927520457599,0.0,-0.001981510254811525,0.0002999400021508336,0.007107138633728027,0.0006194941233843565,1.3649463653564453e-05,7.294269744306803e-05
gated_cross_soft,Movies,44,Text,cross_shuffle,2,0.5599879622459412,0.4657403146295357,0.5602879524230957,0.4657927520457599,0.0299990177154541,0.005243741622418252,0.0008998200064525008,0.007153364364057779,0.000592784199398011,3.343820571899414e-05,-1.2406613677740097e-05
gated_cross_soft,Movies,44,Text,cross_shuffle,3,0.5599879622459412,0.46455766518752367,0.5602879524230957,0.4657927520457599,0.0299990177154541,0.12350868582362007,0.0005998800043016672,0.007096623070538044,0.0005951888742856681,4.7206878662109375e-05,-5.589344073086977e-05
gated_cross_soft,Movies,44,Text,cross_shuffle,4,0.5599879622459412,0.46569231944324035,0.5602879524230957,0.4657927520457599,0.0299990177154541,0.010043260251951791,0.0005998800043016672,0.00720521155744791,0.0005947683239355683,5.4955482482910156e-05,-8.90359515324235e-05
gated_cross_soft,Movies,44,Text,cross_shuffle,5,0.5602879524230957,0.465812567148308,0.5602879524230957,0.4657927520457599,0.0,-0.001981510254811525,0.0002999400021508336,0.00688944011926651,0.0005965624586679041,3.7789344787597656e-05,-2.1662795916199684e-05
gated_cross_soft,Movies,44,Text,cross_shuffle,6,0.5599879622459412,0.4656396243151376,0.5602879524230957,0.4657927520457599,0.0299990177154541,0.015312773062226004,0.0005998800043016672,0.006946722511202097,0.0005847540451213717,3.0338764190673828e-05,-5.0355214625597e-05
gated_cross_soft,Movies,44,Text,cross_shuffle,7,0.5599879622459412,0.4656396243151376,0.5602879524230957,0.4657927520457599,0.0299990177154541,0.015312773062226004,0.0005998800043016672,0.007172419689595699,0.0006001958390697837,3.629922866821289e-05,-1.0459334589540958e-05
gated_cross_soft,Movies,44,Text,cross_shuffle,8,0.5596880316734314,0.4654816265378329,0.5602879524230957,0.4657927520457599,0.059992074966430664,0.031112550792694593,0.0008998200064525008,0.007027189247310162,0.0005845025298185647,4.976987838745117e-05,-8.155184332281351e-05
gated_cross_soft,Movies,44,Text,cross_shuffle,9,0.5602879524230957,0.465812567148308,0.5602879524230957,0.4657927520457599,0.0,-0.001981510254811525,0.0002999400021508336,0.007036197930574417,0.0005824438412673771,3.784894943237305e-05,-4.260626155883074e-05
gated_cross_soft,Movies,44,Text,cross_zero,-1,0.5602879524230957,0.4659131303143364,0.5602879524230957,0.4657927520457599,0.0,-0.012037826857652645,0.0005998800043016672,0.007546902168542147,0.02264084853231907,-0.02264082431793213,0.02608786302153021
gated_cross_soft,Movies,44,Visual,cross_shuffle,0,0.5602879524230957,0.4657927520457599,0.5602879524230957,0.4657927520457599,0.0,0.0,0.0,4.418578100739978e-05,0.00034063178463838995,1.1980533599853516e-05,1.8221617210656404e-05
gated_cross_soft,Movies,44,Visual,cross_shuffle,1,0.5602879524230957,0.4657927520457599,0.5602879524230957,0.4657927520457599,0.0,0.0,0.0,4.367797737359069e-05,0.00033584132324904203,2.6524066925048828e-05,8.340051863342524e-06
gated_cross_soft,Movies,44,Visual,cross_shuffle,2,0.5602879524230957,0.4657927520457599,0.5602879524230957,0.4657927520457599,0.0,0.0,0.0,4.385941065265797e-05,0.0003377427929081023,1.4662742614746094e-05,3.108533564954996e-05
gated_cross_soft,Movies,44,Visual,cross_shuffle,3,0.5602879524230957,0.4657927520457599,0.5602879524230957,0.4657927520457599,0.0,0.0,0.0,4.299810461816378e-05,0.00033147496287710965,2.4020671844482422e-05,-8.20384593680501e-06
gated_cross_soft,Movies,44,Visual,cross_shuffle,4,0.5602879524230957,0.4657927520457599,0.5602879524230957,0.4657927520457599,0.0,0.0,0.0,4.214719956507906e-05,0.00032521880348213017,2.2351741790771484e-05,1.235294621437788e-05
gated_cross_soft,Movies,44,Visual,cross_shuffle,5,0.5602879524230957,0.4657927520457599,0.5602879524230957,0.4657927520457599,0.0,0.0,0.0,4.442892168299295e-05,0.00034166802652180195,1.4841556549072266e-05,3.845529863610864e-05
gated_cross_soft,Movies,44,Visual,cross_shuffle,6,0.5602879524230957,0.4657927520457599,0.5602879524230957,0.4657927520457599,0.0,0.0,0.0,4.4510961743071675e-05,0.00034229326411150396,8.761882781982422e-06,4.028028342872858e-05
gated_cross_soft,Movies,44,Visual,cross_shuffle,7,0.5602879524230957,0.4657927520457599,0.5602879524230957,0.4657927520457599,0.0,0.0,0.0,4.3259737140033394e-05,0.0003332913911435753,1.9729137420654297e-05,-1.6446574591100216e-05
gated_cross_soft,Movies,44,Visual,cross_shuffle,8,0.5602879524230957,0.4657927520457599,0.5602879524230957,0.4657927520457599,0.0,0.0,0.0,4.544719558907673e-05,0.000348593428498134,3.337860107421875e-06,8.630886441096663e-05
gated_cross_soft,Movies,44,Visual,cross_shuffle,9,0.5602879524230957,0.4657927520457599,0.5602879524230957,0.4657927520457599,0.0,0.0,0.0,4.421643097884953e-05,0.0003397715336177498,9.953975677490234e-06,6.6616281401366e-05
gated_cross_soft,Movies,44,Visual,cross_zero,-1,0.5602879524230957,0.4657927520457599,0.5602879524230957,0.4657927520457599,0.0,0.0,0.0,0.0027791194152086973,0.018348271027207375,-0.018348276615142822,0.017644702165853232
gated_cross_soft,Toys,42,Text,cross_shuffle,0,0.8074414134025574,0.7716186439141789,0.8074414134025574,0.7716626259137472,0.0,0.0043981999568343255,0.00048320851055905223,0.006805459503084421,0.029971621930599213,0.003409445285797119,0.0014194846153259277
gated_cross_soft,Toys,42,Text,cross_shuffle,1,0.8074414134025574,0.7709257044252037,0.8074414134025574,0.7716626259137472,0.0,0.07369214885435404,0.0009664170211181045,0.0068788896314799786,0.030417323112487793,0.0028228759765625,0.0016033053398132324
gated_cross_soft,Toys,42,Text,cross_shuffle,2,0.8071998357772827,0.7706834534521474,0.8074414134025574,0.7716626259137472,0.02415776252746582,0.0979172461599842,0.0007248127367347479,0.006766770035028458,0.029822397977113724,0.003600895404815674,0.0008586645126342773
gated_cross_soft,Toys,42,Text,cross_shuffle,3,0.8071998357772827,0.7717457585435694,0.8074414134025574,0.7716626259137472,0.02415776252746582,-0.008313262982218017,0.00048320851055905223,0.006901316810399294,0.03042372688651085,0.0035153627395629883,0.0014069080352783203
gated_cross_soft,Toys,42,Text,cross_shuffle,4,0.8071998357772827,0.7714758903812251,0.8074414134025574,0.7716626259137472,0.02415776252746582,0.018673553252213093,0.00024160425527952611,0.006725880783051252,0.029869647696614265,0.0034833550453186035,0.0011162161827087402
gated_cross_soft,Toys,42,Text,cross_shuffle,5,0.8067166209220886,0.7708232451256507,0.8074414134025574,0.7716626259137472,0.072479248046875,0.08393807880965332,0.0009664170211181045,0.006654737982898951,0.029487749561667442,0.003837764263153076,0.0009066760540008545
gated_cross_soft,Toys,42,Text,cross_shuffle,6,0.8069581985473633,0.7716174649057258,0.8074414134025574,0.7716626259137472,0.04832148551940918,0.004516100802143264,0.0007248127367347479,0.006696212105453014,0.02971608377993107,0.0029429197311401367,0.0015484094619750977
gated_cross_soft,Toys,42,Text,cross_shuffle,7,0.8074414134025574,0.7716186439141789,0.8074414134025574,0.7716626259137472,0.0,0.0043981999568343255,0.00048320851055905223,0.006787761114537716,0.03006063401699066,0.003040611743927002,0.001304537057876587
gated_cross_soft,Toys,42,Text,cross_shuffle,8,0.8071998357772827,0.7714758903812251,0.8074414134025574,0.7716626259137472,0.02415776252746582,0.018673553252213093,0.00024160425527952611,0.006803581491112709,0.02991214208304882,0.003152132034301758,0.0013034641742706299
gated_cross_soft,Toys,42,Text,cross_shuffle,9,0.8067166209220886,0.7701085528486807,0.8074414134025574,0.7716626259137472,0.072479248046875,0.1554073065066497,0.0007248127367347479,0.006839294917881489,0.030126182362437248,0.003142833709716797,0.0012485980987548828
gated_cross_soft,Toys,42,Text,cross_zero,-1,0.8074414134025574,0.7717424427409022,0.8074414134025574,0.7716626259137472,0.0,-0.007981682715496596,0.001208021305501461,0.014700728468596935,0.05517791211605072,-0.03833341598510742,-0.026714473962783813
gated_cross_soft,Toys,42,Visual,cross_shuffle,0,0.8067166209220886,0.7710090618741914,0.8074414134025574,0.7716626259137472,0.072479248046875,0.0653564039555854,0.0007248127367347479,0.009194317273795605,0.045117441564798355,0.0008421540260314941,0.0029129981994628906
gated_cross_soft,Toys,42,Visual,cross_shuffle,1,0.8067166209220886,0.7709184601832575,0.8074414134025574,0.7716626259137472,0.072479248046875,0.07441657304897431,0.0007248127367347479,0.009095360524952412,0.044932130724191666,0.0002586841583251953,0.003296792507171631
gated_cross_soft,Toys,42,Visual,cross_shuffle,2,0.8074414134025574,0.7719324940760917,0.8074414134025574,0.7716626259137472,0.0,-0.026986816234442212,0.00024160425527952611,0.009207295253872871,0.045508064329624176,0.0010380744934082031,0.0020440518856048584
gated_cross_soft,Toys,42,Visual,cross_shuffle,3,0.8069581985473633,0.7712813982381437,0.8074414134025574,0.7716626259137472,0.04832148551940918,0.03812276756035571,0.00048320851055905223,0.009293338283896446,0.04502177610993385,0.0002435743808746338,0.003777414560317993
gated_cross_soft,Toys,42,Visual,cross_shuffle,4,0.8067166209220886,0.7710090618741914,0.8074414134025574,0.7716626259137472,0.072479248046875,0.0653564039555854,0.0007248127367347479,0.00905860960483551,0.04511011764407158,0.00014951825141906738,0.003608137369155884
gated_cross_soft,Toys,42,Visual,cross_shuffle,5,0.8069581985473633,0.7712772918232932,0.8074414134025574,0.7716626259137472,0.04832148551940918,0.03853340904540481,0.0009664170211181045,0.009171994403004646,0.04494965448975563,0.001284867525100708,0.002315610647201538
gated_cross_soft,Toys,42,Visual,cross_shuffle,6,0.8069581985473633,0.7712813982381437,0.8074414134025574,0.7716626259137472,0.04832148551940918,0.03812276756035571,0.00048320851055905223,0.008948184549808502,0.0448874868452549,0.00040015578269958496,0.003123641014099121
gated_cross_soft,Toys,42,Visual,cross_shuffle,7,0.8067166209220886,0.7710677683434674,0.8074414134025574,0.7716626259137472,0.072479248046875,0.059485757027988306,0.0007248127367347479,0.009024062193930149,0.04514032229781151,0.0004760324954986572,0.0029642879962921143
gated_cross_soft,Toys,42,Visual,cross_shuffle,8,0.8067166209220886,0.7714229727626443,0.8074414134025574,0.7716626259137472,0.072479248046875,0.02396531511029698,0.0009664170211181045,0.009105915203690529,0.04490376636385918,0.0005309581756591797,0.003617703914642334
gated_cross_soft,Toys,42,Visual,cross_shuffle,9,0.8067166209220886,0.7712789300365358,0.8074414134025574,0.7716626259137472,0.072479248046875,0.038369587721143184,0.0009664170211181045,0.009074355475604534,0.04543597623705864,0.0008159875869750977,0.0026481449604034424
gated_cross_soft,Toys,42,Visual,cross_zero,-1,0.8071998357772827,0.7712407623558257,0.8074414134025574,0.7716626259137472,0.02415776252746582,0.04218635579215091,0.00024160425527952611,0.011521597392857075,0.13831059634685516,0.046517014503479004,-0.13624432682991028
gated_cross_soft,Toys,43,Text,cross_shuffle,0,0.7992268800735474,0.7724919547418438,0.799468457698822,0.773080952467882,0.02415776252746582,0.058899772603815403,0.0007248127367347479,0.008469768799841404,0.03932970389723778,-0.0013532042503356934,0.008377492427825928
gated_cross_soft,Toys,43,Text,cross_shuffle,1,0.8001933097839355,0.7732262159838932,0.799468457698822,0.773080952467882,-0.07248520851135254,-0.014526351601118481,0.001208021305501461,0.00839123036712408,0.03927023336291313,-0.0015056729316711426,0.008275926113128662
gated_cross_soft,Toys,43,Text,cross_shuffle,2,0.799468457698822,0.7726801661352781,0.799468457698822,0.773080952467882,0.0,0.04007863326038752,0.001208021305501461,0.008738419972360134,0.04083987697958946,-0.0018738508224487305,0.00852629542350769
gated_cross_soft,Toys,43,Text,cross_shuffle,3,0.7997100949287415,0.7730682467086368,0.799468457698822,0.773080952467882,-0.02416372299194336,0.001270575924516848,0.0014496254734694958,0.008546336553990841,0.03964927792549133,-0.0018599629402160645,0.008235663175582886
gated_cross_soft,Toys,43,Text,cross_shuffle,4,0.7997100949287415,0.772819952718423,0.799468457698822,0.773080952467882,-0.02416372299194336,0.026099974945903437,0.0014496254734694958,0.008614362217485905,0.04005337879061699,-0.0020246505737304688,0.007544904947280884
gated_cross_soft,Toys,43,Text,cross_shuffle,5,0.7999516725540161,0.773392589705704,0.799468457698822,0.773080952467882,-0.04832148551940918,-0.031163723782201558,0.001208021305501461,0.008653776720166206,0.04054664075374603,-0.0011408329010009766,0.007329434156417847
gated_cross_soft,Toys,43,Text,cross_shuffle,6,0.799468457698822,0.7730093559055775,0.799468457698822,0.773080952467882,0.0,0.007159656230448785,0.0009664170211181045,0.008819859474897385,0.0407438650727272,-0.0015549659729003906,0.007632017135620117
gated_cross_soft,Toys,43,Text,cross_shuffle,7,0.7997100949287415,0.7730995111243114,0.799468457698822,0.773080952467882,-0.02416372299194336,-0.0018558656429412679,0.001208021305501461,0.00876553449779749,0.04041145369410515,-0.0016207695007324219,0.0078074634075164795
gated_cross_soft,Toys,43,Text,cross_shuffle,8,0.7992268800735474,0.7728825078355693,0.799468457698822,0.773080952467882,0.02415776252746582,0.01984446323126665,0.00048320851055905223,0.008605213835835457,0.04037710279226303,-0.0022167563438415527,0.008547455072402954
gated_cross_soft,Toys,43,Text,cross_shuffle,9,0.7999516725540161,0.7734178385340246,0.799468457698822,0.773080952467882,-0.04832148551940918,-0.03368860661425721,0.0007248127367347479,0.008516492322087288,0.03994534909725189,-0.002050638198852539,0.007390350103378296
gated_cross_soft,Toys,43,Text,cross_zero,-1,0.8006765246391296,0.7732467461401551,0.799468457698822,0.773080952467882,-0.12080669403076172,-0.01657936722730957,0.003624063916504383,0.022499699145555496,0.09499192237854004,-0.03674083948135376,-0.07153487205505371
gated_cross_soft,Toys,43,Visual,cross_shuffle,0,0.799468457698822,0.7734374134726261,0.799468457698822,0.773080952467882,0.0,-0.03564610047440686,0.003865668084472418,0.015963954851031303,0.05509532615542412,0.0063651204109191895,0.0007885396480560303
gated_cross_soft,Toys,43,Visual,cross_shuffle,1,0.8009181022644043,0.7745106741176038,0.799468457698822,0.773080952467882,-0.14496445655822754,-0.14297216497217713,0.003624063916504383,0.015839621424674988,0.054711103439331055,0.006792604923248291,0.0005317628383636475
gated_cross_soft,Toys,43,Visual,cross_shuffle,2,0.8004348874092102,0.7754709514584248,0.799468457698822,0.773080952467882,-0.09664297103881836,-0.23899989905428187,0.00314085534773767,0.01609022356569767,0.05536005273461342,0.006221413612365723,4.044175148010254e-05
gated_cross_soft,Toys,43,Visual,cross_shuffle,3,0.8004348874092102,0.7750278206129478,0.799468457698822,0.773080952467882,-0.09664297103881836,-0.19468681450658387,0.002416042611002922,0.015843931585550308,0.054603155702352524,0.006733059883117676,0.0004873424768447876
gated_cross_soft,Toys,43,Visual,cross_shuffle,4,0.8009181022644043,0.7754640840070806,0.799468457698822,0.773080952467882,-0.14496445655822754,-0.23831315391985575,0.0033824595157057047,0.016023263335227966,0.055201753973960876,0.00512242317199707,-0.0008705705404281616
gated_cross_soft,Toys,43,Visual,cross_shuffle,5,0.8009181022644043,0.7750421627008369,0.799468457698822,0.773080952467882,-0.14496445655822754,-0.1961210232954924,0.0028992509469389915,0.015809249132871628,0.05454908311367035,0.005744040012359619,-0.0005070269107818604
gated_cross_soft,Toys,43,Visual,cross_shuffle,6,0.8004348874092102,0.7757443110544511,0.799468457698822,0.773080952467882,-0.09664297103881836,-0.26633585865690756,0.004107272252440453,0.016191666945815086,0.05566384270787239,0.005378842353820801,-0.0006314963102340698
gated_cross_soft,Toys,43,Visual,cross_shuffle,7,0.8006765246391296,0.7745526179023767,0.799468457698822,0.773080952467882,-0.12080669403076172,-0.1471665434494729,0.002657646778970957,0.01618892326951027,0.055578071624040604,0.006280243396759033,0.00026892125606536865
gated_cross_soft,Toys,43,Visual,cross_shuffle,8,0.8001933097839355,0.7749374516576119,0.799468457698822,0.773080952467882,-0.07248520851135254,-0.18564991897298544,0.00314085534773767,0.01609606109559536,0.05546272173523903,0.006240189075469971,0.00012049078941345215
gated_cross_soft,Toys,43,Visual,cross_shuffle,9,0.8004348874092102,0.7750318641245711,0.799468457698822,0.773080952467882,-0.09664297103881836,-0.1950911656689147,0.002657646778970957,0.015676843002438545,0.05433710291981697,0.006224513053894043,0.00018543004989624023
gated_cross_soft,Toys,43,Visual,cross_zero,-1,0.8023677468299866,0.7783735578715727,0.799468457698822,0.773080952467882,-0.2899289131164551,-0.5292605403690698,0.006040106527507305,0.022475535050034523,0.08910305798053741,-0.0670403242111206,-0.06664638221263885
gated_cross_soft,Toys,44,Text,cross_shuffle,0,0.8040589690208435,0.7776441275397743,0.8040589690208435,0.7779282941218219,0.0,0.02841665820475514,0.001208021305501461,0.008506029844284058,0.02983333356678486,0.007246851921081543,-0.01306232064962387
gated_cross_soft,Toys,44,Text,cross_shuffle,1,0.8035757541656494,0.7773653941533731,0.8040589690208435,0.7779282941218219,0.04832148551940918,0.05628999684487157,0.0009664170211181045,0.008758348412811756,0.03067280910909176,0.0073798298835754395,-0.012594364583492279
gated_cross_soft,Toys,44,Text,cross_shuffle,2,0.8040589690208435,0.7779163172830732,0.8040589690208435,0.7779282941218219,0.0,0.0011976838748650742,0.0007248127367347479,0.0084741972386837,0.029831310734152794,0.006943762302398682,-0.012187376618385315
gated_cross_soft,Toys,44,Text,cross_shuffle,3,0.8038173317909241,0.7775116632174597,0.8040589690208435,0.7779282941218219,0.02416372299194336,0.041663090436216965,0.00024160425527952611,0.008850932121276855,0.03090212494134903,0.008000671863555908,-0.013313308358192444
gated_cross_soft,Toys,44,Text,cross_shuffle,4,0.8043005466461182,0.7778132247309424,0.8040589690208435,0.7779282941218219,-0.02415776252746582,0.01150693908794631,0.0009664170211181045,0.008728958666324615,0.03059038147330284,0.006830096244812012,-0.011516273021697998
gated_cross_soft,Toys,44,Text,cross_shuffle,5,0.8040589690208435,0.7776499281429639,0.8040589690208435,0.7779282941218219,0.0,0.02783659788579973,0.0007248127367347479,0.008622819557785988,0.030249308794736862,0.007870733737945557,-0.01373407244682312
gated_cross_soft,Toys,44,Text,cross_shuffle,6,0.8035757541656494,0.7773250507386067,0.8040589690208435,0.7779282941218219,0.04832148551940918,0.060324338321515736,0.0014496254734694958,0.008373202756047249,0.02951807714998722,0.006932735443115234,-0.01239757239818573
gated_cross_soft,Toys,44,Text,cross_shuffle,7,0.8043005466461182,0.7778051836218445,0.8040589690208435,0.7779282941218219,-0.02415776252746582,0.012311049997737467,0.0007248127367347479,0.008582777343690395,0.030088184401392937,0.007298409938812256,-0.01279403269290924
gated_cross_soft,Toys,44,Text,cross_shuffle,8,0.8038173317909241,0.7774729339804203,0.8040589690208435,0.7779282941218219,0.02416372299194336,0.04553601414015729,0.0009664170211181045,0.008514439687132835,0.02983899787068367,0.0071866512298583984,-0.012586325407028198
gated_cross_soft,Toys,44,Text,cross_shuffle,9,0.8038173317909241,0.7777230913727319,0.8040589690208435,0.7779282941218219,0.02416372299194336,0.020520274908997216,0.0007248127367347479,0.008407057262957096,0.02953042834997177,0.006629884243011475,-0.011472292244434357
gated_cross_soft,Toys,44,Text,cross_zero,-1,0.8047837615013123,0.7783194130407733,0.8040589690208435,0.7779282941218219,-0.072479248046875,-0.03911189189514941,0.0028992509469389915,0.025492003187537193,0.10032272338867188,-0.10032272338867188,0.059872813522815704
gated_cross_soft,Toys,44,Visual,cross_shuffle,0,0.8035757541656494,0.7774664538852042,0.8040589690208435,0.7779282941218219,0.04832148551940918,0.046184023661766105,0.001208021305501461,0.008622298948466778,0.061999980360269547,0.003180205821990967,0.0013920068740844727
gated_cross_soft,Toys,44,Visual,cross_shuffle,1,0.8030925393104553,0.7770721207550433,0.8040589690208435,0.7779282941218219,0.09664297103881836,0.08561733667785676,0.001208021305501461,0.008702968247234821,0.06201925128698349,0.003428339958190918,0.0017482340335845947
gated_cross_soft,Toys,44,Visual,cross_shuffle,2,0.8030925393104553,0.777222008370515,0.8040589690208435,0.7779282941218219,0.09664297103881836,0.07062857513068233,0.0009664170211181045,0.008747081272304058,0.06245600804686546,0.0029144883155822754,0.001988708972930908
gated_cross_soft,Toys,44,Visual,cross_shuffle,3,0.8038173317909241,0.7776241006498223,0.8040589690208435,0.7779282941218219,0.02416372299194336,0.03041934719995032,0.001208021305501461,0.008912322111427784,0.0619526244699955,0.0037308931350708008,0.001834094524383545
gated_cross_soft,Toys,44,Visual,cross_shuffle,4,0.8035757541656494,0.777573648973729,0.8040589690208435,0.7779282941218219,0.04832148551940918,0.035464514809280256,0.0014496254734694958,0.00882844440639019,0.06203107535839081,0.003180980682373047,0.0022322237491607666
gated_cross_soft,Toys,44,Visual,cross_shuffle,5,0.8033341765403748,0.7771398019743978,0.8040589690208435,0.7779282941218219,0.072479248046875,0.0788492147424047,0.001208021305501461,0.008681951090693474,0.06173503026366234,0.0031673312187194824,0.0017609596252441406
gated_cross_soft,Toys,44,Visual,cross_shuffle,6,0.8035757541656494,0.7774380917826675,0.8040589690208435,0.7779282941218219,0.04832148551940918,0.04902023391543109,0.0014496254734694958,0.008722848258912563,0.06143636628985405,0.0032719969749450684,0.001619189977645874
gated_cross_soft,Toys,44,Visual,cross_shuffle,7,0.8033341765403748,0.7772982040368284,0.8040589690208435,0.7779282941218219,0.072479248046875,0.06300900849934843,0.0009664170211181045,0.008829868398606777,0.06186738237738609,0.002578258514404297,0.002238363027572632
gated_cross_soft,Toys,44,Visual,cross_shuffle,8,0.8033341765403748,0.7771610881735483,0.8040589690208435,0.7779282941218219,0.072479248046875,0.07672059482735083,0.0007248127367347479,0.008738606236875057,0.0620843879878521,0.003698289394378662,0.0012448132038116455
gated_cross_soft,Toys,44,Visual,cross_shuffle,9,0.8035757541656494,0.7775209551975099,0.8040589690208435,0.7779282941218219,0.04832148551940918,0.040733892431199514,0.0007248127367347479,0.008889995515346527,0.06330186128616333,0.0017947554588317871,0.0030451416969299316
gated_cross_soft,Toys,44,Visual,cross_zero,-1,0.8038173317909241,0.7776543891169122,0.8040589690208435,0.7779282941218219,0.02416372299194336,0.027390500490964698,0.0014496254734694958,0.012952337972819805,0.14870795607566833,0.05297040939331055,-0.1329164355993271
gated_cross_soft,Grocery,42,Text,cross_shuffle,0,0.8234260678291321,0.7357449791737312,0.8231332302093506,0.7352347293228524,-0.029283761978149414,-0.05102498508787745,0.001171303098089993,0.004158792085945606,0.007197675760835409,0.0024443864822387695,-0.004149984568357468
gated_cross_soft,Grocery,42,Text,cross_shuffle,1,0.8231332302093506,0.735265451351204,0.8231332302093506,0.7352347293228524,0.0,-0.00307220283516374,0.0008784773526713252,0.004106779117137194,0.007163988426327705,0.0023058056831359863,-0.004165126942098141
gated_cross_soft,Grocery,42,Text,cross_shuffle,2,0.8231332302093506,0.735265451351204,0.8231332302093506,0.7352347293228524,0.0,-0.00307220283516374,0.0008784773526713252,0.004132571630179882,0.007245604880154133,0.0021834969520568848,-0.003986109048128128
gated_cross_soft,Grocery,42,Text,cross_shuffle,3,0.8234260678291321,0.7357449791737312,0.8231332302093506,0.7352347293228524,-0.029283761978149414,-0.05102498508787745,0.001171303098089993,0.004052302334457636,0.007199769839644432,0.0023694634437561035,-0.003971414640545845
gated_cross_soft,Grocery,42,Text,cross_shuffle,4,0.8231332302093506,0.735265451351204,0.8231332302093506,0.7352347293228524,0.0,-0.00307220283516374,0.0008784773526713252,0.004142321180552244,0.007175304926931858,0.0023573637008666992,-0.004184660501778126
gated_cross_soft,Grocery,42,Text,cross_shuffle,5,0.8234260678291321,0.7357449791737312,0.8231332302093506,0.7352347293228524,-0.029283761978149414,-0.05102498508787745,0.001171303098089993,0.004236661829054356,0.007291231770068407,0.002450287342071533,-0.0041443463414907455
gated_cross_soft,Grocery,42,Text,cross_shuffle,6,0.8237189054489136,0.735903799543131,0.8231332302093506,0.7352347293228524,-0.05856752395629883,-0.06690702202786225,0.0014641288435086608,0.0041632456704974174,0.007205250672996044,0.002292931079864502,-0.003823196515440941
gated_cross_soft,Grocery,42,Text,cross_shuffle,7,0.8228404521942139,0.7350319441253739,0.8231332302093506,0.7352347293228524,0.029277801513671875,0.020278519747851664,0.0005856515490449965,0.004027174320071936,0.006998198572546244,0.002096414566040039,-0.0034212088212370872
gated_cross_soft,Grocery,42,Text,cross_shuffle,8,0.8234260678291321,0.735474508767514,0.8231332302093506,0.7352347293228524,-0.029283761978149414,-0.023977944466158085,0.001171303098089993,0.004080111160874367,0.0073194741271436214,0.00229036808013916,-0.003745218738913536
gated_cross_soft,Grocery,42,Text,cross_shuffle,9,0.8237189054489136,0.7359462982457499,0.8231332302093506,0.7352347293228524,-0.05856752395629883,-0.07115689228974764,0.0008784773526713252,0.004198105074465275,0.007395464926958084,0.0023497343063354492,-0.0040730442851781845
gated_cross_soft,Grocery,42,Text,cross_zero,-1,0.8228404521942139,0.7347658417280348,0.8231332302093506,0.7352347293228524,0.029277801513671875,0.04688875948175575,0.0017569547053426504,0.008337200619280338,0.023432167246937752,-0.023432135581970215,0.019557135179638863
gated_cross_soft,Grocery,42,Visual,cross_shuffle,0,0.8216691017150879,0.7344252520254825,0.8231332302093506,0.7352347293228524,0.14641284942626953,0.08094772973699094,0.004685212392359972,0.026322493329644203,0.057205114513635635,0.01613062620162964,-0.020514443516731262
gated_cross_soft,Grocery,42,Visual,cross_shuffle,1,0.8213763236999512,0.7338558595258063,0.8231332302093506,0.7352347293228524,0.1756906509399414,0.1378869797046045,0.0049780383706092834,0.026275109499692917,0.057421647012233734,0.016685187816619873,-0.0200156569480896
gated_cross_soft,Grocery,42,Visual,cross_shuffle,2,0.8222547769546509,0.7353147094817674,0.8231332302093506,0.7352347293228524,0.0878453254699707,-0.007998015891497179,0.0043923864141106606,0.025414258241653442,0.05583585426211357,0.014607787132263184,-0.017047129571437836
gated_cross_soft,Grocery,42,Visual,cross_shuffle,3,0.8216691017150879,0.7339606096144639,0.8231332302093506,0.7352347293228524,0.14641284942626953,0.12741197083885325,0.0049780383706092834,0.02619604766368866,0.05735453963279724,0.016930818557739258,-0.02011856436729431
gated_cross_soft,Grocery,42,Visual,cross_shuffle,4,0.8219619393348694,0.734980457597277,0.8231332302093506,0.7352347293228524,0.11712908744812012,0.025427172557535016,0.0043923864141106606,0.02594969980418682,0.05712162330746651,0.013758540153503418,-0.016962207853794098
gated_cross_soft,Grocery,42,Visual,cross_shuffle,5,0.8219619393348694,0.7354252294383656,0.8231332302093506,0.7352347293228524,0.11712908744812012,-0.019050011551324797,0.0043923864141106606,0.02630683034658432,0.05689794197678566,0.016271889209747314,-0.01875299960374832
gated_cross_soft,Grocery,42,Visual,cross_shuffle,6,0.8210834860801697,0.7342323465053393,0.8231332302093506,0.7352347293228524,0.20497441291809082,0.10023828175130811,0.0043923864141106606,0.025663558393716812,0.056904472410678864,0.014996170997619629,-0.017947308719158173
gated_cross_soft,Grocery,42,Visual,cross_shuffle,7,0.8219619393348694,0.7345288209099442,0.8231332302093506,0.7352347293228524,0.11712908744812012,0.0705908412908185,0.002342606196179986,0.025667766109108925,0.05601399391889572,0.014797627925872803,-0.018497049808502197
gated_cross_soft,Grocery,42,Visual,cross_shuffle,8,0.8207906484603882,0.7332919044108362,0.8231332302093506,0.7352347293228524,0.23425817489624023,0.1942824912016139,0.004099560901522636,0.02651095949113369,0.0576026551425457,0.016322553157806396,-0.019492916762828827
gated_cross_soft,Grocery,42,Visual,cross_shuffle,9,0.8216691017150879,0.7344061083969894,0.8231332302093506,0.7352347293228524,0.14641284942626953,0.08286209258629995,0.0029282576870173216,0.025528058409690857,0.05593379586935043,0.01496189832687378,-0.018693745136260986
gated_cross_soft,Grocery,42,Visual,cross_zero,-1,0.8222547769546509,0.7345046043256003,0.8231332302093506,0.7352347293228524,0.0878453254699707,0.07301249972521129,0.002635431941598654,0.01714971661567688,0.1260720044374466,-0.11347830295562744,-0.013471081852912903
gated_cross_soft,Grocery,43,Text,cross_shuffle,0,0.8298682570457458,0.7371697471766152,0.831039547920227,0.738721485123719,0.11712908744812012,0.15517379471038373,0.001171303098089993,0.008468301966786385,0.015031135641038418,0.007121384143829346,-0.015634171664714813
gated_cross_soft,Grocery,43,Text,cross_shuffle,1,0.8304538726806641,0.7382155665739792,0.831039547920227,0.738721485123719,0.05856752395629883,0.05059185497398033,0.001171303098089993,0.008400958962738514,0.015352862887084484,0.007130444049835205,-0.014309227466583252
gated_cross_soft,Grocery,43,Text,cross_shuffle,2,0.8298682570457458,0.7378743753771003,0.831039547920227,0.738721485123719,0.11712908744812012,0.08471097466187238,0.002342606196179986,0.008454764261841774,0.01551190298050642,0.00717085599899292,-0.01578788459300995
gated_cross_soft,Grocery,43,Text,cross_shuffle,3,0.8301610946655273,0.737463737106131,0.831039547920227,0.738721485123719,0.0878453254699707,0.1257748017588045,0.0014641288435086608,0.008536694571375847,0.01554156094789505,0.0068743228912353516,-0.015371173620223999
gated_cross_soft,Grocery,43,Text,cross_shuffle,4,0.8301610946655273,0.7380466561097576,0.831039547920227,0.738721485123719,0.0878453254699707,0.0674829013961431,0.0017569547053426504,0.008523155935108662,0.015153322368860245,0.006369292736053467,-0.013071760535240173
gated_cross_soft,Grocery,43,Text,cross_shuffle,5,0.8304538726806641,0.7383757783252465,0.831039547920227,0.738721485123719,0.05856752395629883,0.0345706798472567,0.0014641288435086608,0.008546632714569569,0.015215374529361725,0.007358849048614502,-0.015094548463821411
gated_cross_soft,Grocery,43,Text,cross_shuffle,6,0.8301610946655273,0.7380168623945791,0.831039547920227,0.738721485123719,0.0878453254699707,0.07046227291399587,0.0014641288435086608,0.00839568767696619,0.015447048470377922,0.006677508354187012,-0.014305733144283295
gated_cross_soft,Grocery,43,Text,cross_shuffle,7,0.8298682570457458,0.7377703482801564,0.831039547920227,0.738721485123719,0.11712908744812012,0.09511368435626277,0.001171303098089993,0.008786452934145927,0.01556422933936119,0.007364451885223389,-0.01562458649277687
gated_cross_soft,Grocery,43,Text,cross_shuffle,8,0.8307467103004456,0.7385227322264353,0.831039547920227,0.738721485123719,0.029283761978149414,0.019875289728377155,0.0014641288435086608,0.008611505851149559,0.015658201649785042,0.006892740726470947,-0.01484597846865654
gated_cross_soft,Grocery,43,Text,cross_shuffle,9,0.8298682570457458,0.7378062160446736,0.831039547920227,0.738721485123719,0.11712908744812012,0.09152690790454887,0.001171303098089993,0.008815486915409565,0.01528124138712883,0.006769537925720215,-0.014146804809570312
gated_cross_soft,Grocery,43,Text,cross_zero,-1,0.8304538726806641,0.7385443393514068,0.831039547920227,0.738721485123719,0.05856752395629883,0.017714577231220385,0.004685212392359972,0.01489219069480896,0.041068632155656815,-0.04106557369232178,0.039322465658187866
gated_cross_soft,Grocery,43,Visual,cross_shuffle,0,0.8284041285514832,0.7356059937295962,0.831039547920227,0.738721485123719,0.26354193687438965,0.3115491394122816,0.0043923864141106606,0.02004190720617771,0.09588433057069778,0.0005457401275634766,-0.0030344724655151367
gated_cross_soft,Grocery,43,Visual,cross_shuffle,1,0.8286969661712646,0.7361570760805278,0.831039547920227,0.738721485123719,0.23425817489624023,0.2564409043191218,0.004099560901522636,0.020307639613747597,0.09807142615318298,-0.0013457536697387695,-0.0016609132289886475
gated_cross_soft,Grocery,43,Visual,cross_shuffle,2,0.8292825818061829,0.7374453717426858,0.831039547920227,0.738721485123719,0.17569661140441895,0.12761133810332836,0.004685212392359972,0.020458998158574104,0.09799585491418839,-0.0005105733871459961,-0.0017741918563842773
gated_cross_soft,Grocery,43,Visual,cross_shuffle,3,0.8301610946655273,0.7374652063387523,0.831039547920227,0.738721485123719,0.0878453254699707,0.12562787849667023,0.004685212392359972,0.02065366506576538,0.09944377839565277,-0.00013530254364013672,-0.0012875199317932129
gated_cross_soft,Grocery,43,Visual,cross_shuffle,4,0.8298682570457458,0.7371858799818346,0.831039547920227,0.738721485123719,0.11712908744812012,0.1535605141884444,0.0038067351561039686,0.020349686965346336,0.09767277538776398,0.0003910660743713379,-0.0026418566703796387
gated_cross_soft,Grocery,43,Visual,cross_shuffle,5,0.8289897441864014,0.7367596232436807,0.831039547920227,0.738721485123719,0.20498037338256836,0.19618618800383292,0.0032210834324359894,0.02019224502146244,0.09910757094621658,0.00039005279541015625,-0.003002554178237915
gated_cross_soft,Grocery,43,Visual,cross_shuffle,6,0.8284041285514832,0.7352568127671396,0.831039547920227,0.738721485123719,0.26354193687438965,0.34646723565794346,0.005270863883197308,0.020449412986636162,0.09784175455570221,-0.0009943842887878418,-0.0012675225734710693
gated_cross_soft,Grocery,43,Visual,cross_shuffle,7,0.8289897441864014,0.7336514886816394,0.831039547920227,0.738721485123719,0.20498037338256836,0.5069996442079616,0.0038067351561039686,0.02043050155043602,0.09880199283361435,-0.0012938380241394043,-0.0017835795879364014
gated_cross_soft,Grocery,43,Visual,cross_shuffle,8,0.8298682570457458,0.7377190164139017,0.831039547920227,0.738721485123719,0.11712908744812012,0.10024687098173501,0.003513909410685301,0.020074160769581795,0.09799035638570786,-0.0015771985054016113,-0.001451045274734497
gated_cross_soft,Grocery,43,Visual,cross_shuffle,9,0.8286969661712646,0.7358462413823138,0.831039547920227,0.738721485123719,0.23425817489624023,0.28752437414052423,0.004685212392359972,0.019950509071350098,0.09592116624116898,-0.0014752745628356934,-0.0016510486602783203
gated_cross_soft,Grocery,43,Visual,cross_zero,-1,0.8298682570457458,0.7379118648231938,0.831039547920227,0.738721485123719,0.11712908744812012,0.08096203005252267,0.001171303098089993,0.017298471182584763,0.1332630068063736,0.02790355682373047,-0.12428084015846252
gated_cross_soft,Grocery,44,Text,cross_shuffle,0,0.8240117430686951,0.7359730678479756,0.8257687091827393,0.7376328819471487,0.17569661140441895,0.16598140991731514,0.0032210834324359894,0.010373602621257305,0.018044237047433853,0.006013751029968262,-0.014146879315376282
gated_cross_soft,Grocery,44,Text,cross_shuffle,1,0.8254758715629578,0.7376430659817925,0.8257687091827393,0.7376328819471487,0.029283761978149414,-0.0010184034643812012,0.0043923864141106606,0.010242657735943794,0.017820116132497787,0.006059050559997559,-0.0145028717815876
gated_cross_soft,Grocery,44,Text,cross_shuffle,2,0.8245973587036133,0.7367669998399399,0.8257687091827393,0.7376328819471487,0.11713504791259766,0.08658821072088374,0.0029282576870173216,0.010460346937179565,0.017817554995417595,0.006029903888702393,-0.013690896332263947
gated_cross_soft,Grocery,44,Text,cross_shuffle,3,0.8251830339431763,0.7370627301829819,0.8257687091827393,0.7376328819471487,0.05856752395629883,0.057015176416685964,0.0032210834324359894,0.010412112809717655,0.017808351665735245,0.005882620811462402,-0.013306476175785065
gated_cross_soft,Grocery,44,Text,cross_shuffle,4,0.8245973587036133,0.7363577369129091,0.8257687091827393,0.7376328819471487,0.11713504791259766,0.12751450342396442,0.002342606196179986,0.01034114882349968,0.018128791823983192,0.006125748157501221,-0.014823384582996368
gated_cross_soft,Grocery,44,Text,cross_shuffle,5,0.8248901963233948,0.7366405404950321,0.8257687091827393,0.7376328819471487,0.08785128593444824,0.09923414521165741,0.0032210834324359894,0.010268223471939564,0.017751332372426987,0.0054740309715271,-0.014029838144779205
gated_cross_soft,Grocery,44,Text,cross_shuffle,6,0.8257687091827393,0.7374635563397386,0.8257687091827393,0.7376328819471487,0.0,0.016932560741012015,0.0032210834324359894,0.010590599849820137,0.01842566952109337,0.005671381950378418,-0.012518081814050674
gated_cross_soft,Grocery,44,Text,cross_shuffle,7,0.8248901963233948,0.7365064649633862,0.8257687091827393,0.7376328819471487,0.08785128593444824,0.11264169837624793,0.003513909410685301,0.010318221524357796,0.017325134947896004,0.006444156169891357,-0.013745948672294617
gated_cross_soft,Grocery,44,Text,cross_shuffle,8,0.8251830339431763,0.7362663751728983,0.8257687091827393,0.7376328819471487,0.05856752395629883,0.1366506774250431,0.003513909410685301,0.010251179337501526,0.01784612610936165,0.0058560967445373535,-0.013474676758050919
gated_cross_soft,Grocery,44,Text,cross_shuffle,9,0.8245973587036133,0.7370862627347841,0.8257687091827393,0.7376328819471487,0.11713504791259766,0.05466192123646518,0.002049780450761318,0.010573397390544415,0.01785867102444172,0.005381226539611816,-0.01122288778424263
gated_cross_soft,Grocery,44,Text,cross_zero,-1,0.8248901963233948,0.7368185507308146,0.8257687091827393,0.7376328819471487,0.08785128593444824,0.08143312163341188,0.005856515374034643,0.02368805930018425,0.07739493250846863,-0.07739496231079102,0.06437315419316292
gated_cross_soft,Grocery,44,Visual,cross_shuffle,0,0.8251830339431763,0.737717097078636,0.8257687091827393,0.7376328819471487,0.05856752395629883,-0.008421513148726412,0.002049780450761318,0.009854121133685112,0.05769874528050423,0.0046402812004089355,0.002482384443283081
gated_cross_soft,Grocery,44,Visual,cross_shuffle,1,0.8263543248176575,0.7378538939704511,0.8257687091827393,0.7376328819471487,-0.05856156349182129,-0.022101202330238046,0.002635431941598654,0.009692143648862839,0.05715952068567276,0.004746615886688232,0.0024883151054382324
gated_cross_soft,Grocery,44,Visual,cross_shuffle,2,0.8254758715629578,0.737515955665487,0.8257687091827393,0.7376328819471487,0.029283761978149414,0.011692628166171115,0.0029282576870173216,0.009960398077964783,0.05890407785773277,0.0050637125968933105,0.0026868879795074463
gated_cross_soft,Grocery,44,Visual,cross_shuffle,3,0.8257687091827393,0.7374919892849876,0.8257687091827393,0.7376328819471487,0.0,0.01408926621611073,0.0029282576870173216,0.009662852622568607,0.056806888431310654,0.005188167095184326,0.0028314292430877686
gated_cross_soft,Grocery,44,Visual,cross_shuffle,4,0.8257687091827393,0.7371792325858869,0.8257687091827393,0.7376328819471487,0.0,0.04536493612617987,0.002635431941598654,0.009882746264338493,0.058160264045000076,0.005247712135314941,0.002775818109512329
gated_cross_soft,Grocery,44,Visual,cross_shuffle,5,0.8254758715629578,0.7378470324148801,0.8257687091827393,0.7376328819471487,0.029283761978149414,-0.02141504677314332,0.0032210834324359894,0.009540101513266563,0.056855976581573486,0.004600226879119873,0.0028076767921447754
gated_cross_soft,Grocery,44,Visual,cross_shuffle,6,0.8254758715629578,0.7370934889058463,0.8257687091827393,0.7376328819471487,0.029283761978149414,0.05393930413024606,0.002342606196179986,0.009933382272720337,0.05863722786307335,0.006009101867675781,0.0028938651084899902
gated_cross_soft,Grocery,44,Visual,cross_shuffle,7,0.8248901963233948,0.7374966061114518,0.8257687091827393,0.7376328819471487,0.08785128593444824,0.013627583569686408,0.003513909410685301,0.009908636100590229,0.058719322085380554,0.0041713714599609375,0.0029060840606689453
gated_cross_soft,Grocery,44,Visual,cross_shuffle,8,0.8263543248176575,0.738284021938539,0.8257687091827393,0.7376328819471487,-0.05856156349182129,-0.0651139991390326,0.003513909410685301,0.009881414473056793,0.05810571834445,0.004895210266113281,0.0027579963207244873
gated_cross_soft,Grocery,44,Visual,cross_shuffle,9,0.8245973587036133,0.7364090165202194,0.8257687091827393,0.7376328819471487,0.11713504791259766,0.12238654269293159,0.002635431941598654,0.00983626302331686,0.05747188627719879,0.004088997840881348,0.0035723447799682617
gated_cross_soft,Grocery,44,Visual,cross_zero,-1,0.8248901963233948,0.7371903395487436,0.8257687091827393,0.7376328819471487,0.08785128593444824,0.04425423984051324,0.0008784773526713252,0.009699160233139992,0.07921384274959564,0.032086312770843506,-0.047150492668151855
gated_cross_soft,ele-fashion,42,Text,cross_shuffle,0,0.8820701837539673,0.7735410624383365,0.8820701837539673,0.7735410624383365,0.0,0.0,0.0,0.0007700360147282481,0.006212763953953981,-0.0019568204879760742,0.0004577934741973877
gated_cross_soft,ele-fashion,42,Text,cross_shuffle,1,0.8820701837539673,0.7735410624383365,0.8820701837539673,0.7735410624383365,0.0,0.0,0.0,0.0007700976566411555,0.006211298983544111,-0.001900017261505127,0.0004138052463531494
gated_cross_soft,ele-fashion,42,Text,cross_shuffle,2,0.8820701837539673,0.7735410624383365,0.8820701837539673,0.7735410624383365,0.0,0.0,0.0,0.0007605692953802645,0.006134143564850092,-0.0018857717514038086,0.00037732720375061035
gated_cross_soft,ele-fashion,42,Text,cross_shuffle,3,0.8821724653244019,0.7735996041965404,0.8820701837539673,0.7735410624383365,-0.010228157043457031,-0.00585417582038561,0.00010228086466668174,0.0007480905624106526,0.0060338787734508514,-0.0020850300788879395,0.00044912099838256836
gated_cross_soft,ele-fashion,42,Text,cross_shuffle,4,0.8820701837539673,0.7735410624383365,0.8820701837539673,0.7735410624383365,0.0,0.0,0.0,0.0007770542870275676,0.006266714073717594,-0.0017407536506652832,0.00024133920669555664
gated_cross_soft,ele-fashion,42,Text,cross_shuffle,5,0.8819679021835327,0.773502279818464,0.8820701837539673,0.7735410624383365,0.010228157043457031,0.0038782619872557156,0.00010228086466668174,0.0007928165723569691,0.00639262143522501,-0.0015627145767211914,0.00017386674880981445
gated_cross_soft,ele-fashion,42,Text,cross_shuffle,6,0.8820701837539673,0.7735410624383365,0.8820701837539673,0.7735410624383365,0.0,0.0,0.0,0.0007137160864658654,0.0057611605152487755,-0.002152383327484131,0.000597149133682251
gated_cross_soft,ele-fashion,42,Text,cross_shuffle,7,0.8820701837539673,0.7735410624383365,0.8820701837539673,0.7735410624383365,0.0,0.0,0.0,0.000798309687525034,0.006435423158109188,-0.0017585158348083496,0.0003051459789276123
gated_cross_soft,ele-fashion,42,Text,cross_shuffle,8,0.8821724653244019,0.7735996041965404,0.8820701837539673,0.7735410624383365,-0.010228157043457031,-0.00585417582038561,0.00010228086466668174,0.0007528666756115854,0.006073935888707638,-0.0018532276153564453,0.00043779611587524414
gated_cross_soft,ele-fashion,42,Text,cross_shuffle,9,0.8820701837539673,0.7735410624383365,0.8820701837539673,0.7735410624383365,0.0,0.0,0.0,0.0007526708650402725,0.006070900242775679,-0.0016506314277648926,0.00025266408920288086
gated_cross_soft,ele-fashion,42,Text,cross_zero,-1,0.8819679021835327,0.773273818413345,0.8820701837539673,0.7735410624383365,0.010228157043457031,0.02672440249915642,0.00010228086466668174,0.0024719820357859135,0.02564355358481407,0.01679229736328125,-0.030658870935440063
gated_cross_soft,ele-fashion,42,Visual,cross_shuffle,0,0.8819679021835327,0.7734121891173795,0.8820701837539673,0.7735410624383365,0.010228157043457031,0.012887332095701254,0.00010228086466668174,0.005952412262558937,0.04774359613656998,-0.0006347894668579102,0.0011700689792633057
gated_cross_soft,ele-fashion,42,Visual,cross_shuffle,1,0.8819679021835327,0.7741145541143044,0.8820701837539673,0.7735410624383365,0.010228157043457031,-0.05734916759678743,0.0005114043015055358,0.0060187820345163345,0.04826907068490982,-0.0009452104568481445,0.0009199082851409912
gated_cross_soft,ele-fashion,42,Visual,cross_shuffle,2,0.8821724653244019,0.7735996041965404,0.8820701837539673,0.7735410624383365,-0.010228157043457031,-0.00585417582038561,0.00010228086466668174,0.0059257992543280125,0.04753006249666214,-0.00015163421630859375,0.00017058849334716797
gated_cross_soft,ele-fashion,42,Visual,cross_shuffle,3,0.8819679021835327,0.7734894497938384,0.8820701837539673,0.7735410624383365,0.010228157043457031,0.005161264449815572,0.00010228086466668174,0.006081943865865469,0.04877632111310959,0.0007711648941040039,0.0003565847873687744
gated_cross_soft,ele-fashion,42,Visual,cross_shuffle,4,0.8821724653244019,0.7735996041965404,0.8820701837539673,0.7735410624383365,-0.010228157043457031,-0.00585417582038561,0.00010228086466668174,0.006113310344517231,0.049025651067495346,0.0005657076835632324,0.0003357231616973877
gated_cross_soft,ele-fashion,42,Visual,cross_shuffle,5,0.8820701837539673,0.7734706723641334,0.8820701837539673,0.7735410624383365,0.0,0.007039007420317489,0.00020456172933336347,0.0061247278936207294,0.049118686467409134,0.0010030269622802734,-0.0001448988914489746
gated_cross_soft,ele-fashion,42,Visual,cross_shuffle,6,0.8821724653244019,0.7735996041965404,0.8820701837539673,0.7735410624383365,-0.010228157043457031,-0.00585417582038561,0.00010228086466668174,0.005896443966776133,0.04728976637125015,-0.00043898820877075195,0.0005542337894439697
gated_cross_soft,ele-fashion,42,Visual,cross_shuffle,7,0.8819679021835327,0.7734121891173795,0.8820701837539673,0.7735410624383365,0.010228157043457031,0.012887332095701254,0.00010228086466668174,0.006037409882992506,0.048421405255794525,0.0006234049797058105,-0.0002295076847076416
gated_cross_soft,ele-fashion,42,Visual,cross_shuffle,8,0.8820701837539673,0.7734855359628529,0.8820701837539673,0.7735410624383365,0.0,0.005552647548368039,0.0003068425867240876,0.005927271209657192,0.047538693994283676,0.0008722543716430664,-0.0004888176918029785
gated_cross_soft,ele-fashion,42,Visual,cross_shuffle,9,0.8819679021835327,0.7734894497938384,0.8820701837539673,0.7735410624383365,0.010228157043457031,0.005161264449815572,0.00010228086466668174,0.005962377414107323,0.04782291129231453,0.00013333559036254883,0.0008999407291412354
gated_cross_soft,ele-fashion,42,Visual,cross_zero,-1,0.8819679021835327,0.7734121891173795,0.8820701837539673,0.7735410624383365,0.010228157043457031,0.012887332095701254,0.00010228086466668174,0.005616150330752134,0.046975668519735336,0.01950657367706299,-0.05256032943725586
gated_cross_soft,ele-fashion,43,Text,cross_shuffle,0,0.8786948919296265,0.7574391603513605,0.8786948919296265,0.7574391603513605,0.0,0.0,0.0,0.0011253576958552003,0.009242521598935127,-0.0013919472694396973,0.000902712345123291
gated_cross_soft,ele-fashion,43,Text,cross_shuffle,1,0.8786948919296265,0.7574391603513605,0.8786948919296265,0.7574391603513605,0.0,0.0,0.0,0.0011263485066592693,0.009254170581698418,-0.0014633536338806152,0.000905454158782959
gated_cross_soft,ele-fashion,43,Text,cross_shuffle,2,0.8785926103591919,0.7573814222903958,0.8786948919296265,0.7574391603513605,0.010228157043457031,0.005773806096465162,0.00010228086466668174,0.0010878138709813356,0.00894229207187891,-0.0012961030006408691,0.0008025467395782471
gated_cross_soft,ele-fashion,43,Text,cross_shuffle,3,0.8786948919296265,0.7574391603513605,0.8786948919296265,0.7574391603513605,0.0,0.0,0.0,0.0011241191532462835,0.009241379797458649,-0.001349031925201416,0.0007774531841278076
gated_cross_soft,ele-fashion,43,Text,cross_shuffle,4,0.8785926103591919,0.7573814222903958,0.8786948919296265,0.7574391603513605,0.010228157043457031,0.005773806096465162,0.00010228086466668174,0.0011626972118392587,0.009541814215481281,-0.001058816909790039,0.0005469322204589844
gated_cross_soft,ele-fashion,43,Text,cross_shuffle,5,0.8786948919296265,0.7574391603513605,0.8786948919296265,0.7574391603513605,0.0,0.0,0.0,0.001133180339820683,0.009309988468885422,-0.001578688621520996,0.0010080933570861816
gated_cross_soft,ele-fashion,43,Text,cross_shuffle,6,0.8785926103591919,0.7573814222903958,0.8786948919296265,0.7574391603513605,0.010228157043457031,0.005773806096465162,0.00010228086466668174,0.0011316323652863503,0.009290523827075958,-0.0014497637748718262,0.0007273554801940918
gated_cross_soft,ele-fashion,43,Text,cross_shuffle,7,0.8785926103591919,0.7573814222903958,0.8786948919296265,0.7574391603513605,0.010228157043457031,0.005773806096465162,0.00010228086466668174,0.0011039047967642546,0.009074362926185131,-0.0015971660614013672,0.0009011328220367432
gated_cross_soft,ele-fashion,43,Text,cross_shuffle,8,0.8785926103591919,0.7573814222903958,0.8786948919296265,0.7574391603513605,0.010228157043457031,0.005773806096465162,0.00010228086466668174,0.0011128569021821022,0.009142852388322353,-0.001375436782836914,0.0008920729160308838
gated_cross_soft,ele-fashion,43,Text,cross_shuffle,9,0.8786948919296265,0.7574391603513605,0.8786948919296265,0.7574391603513605,0.0,0.0,0.0,0.0011022427352145314,0.009060993790626526,-0.0014094114303588867,0.0009026229381561279
gated_cross_soft,ele-fashion,43,Text,cross_zero,-1,0.878797173500061,0.7589077623384981,0.8786948919296265,0.7574391603513605,-0.010228157043457031,-0.14686019871376077,0.00010228086466668174,0.0035960550885647535,0.03666044771671295,0.022964060306549072,-0.04411563277244568
gated_cross_soft,ele-fashion,43,Visual,cross_shuffle,0,0.8786948919296265,0.7574391603513605,0.8786948919296265,0.7574391603513605,0.0,0.0,0.0,0.005080011673271656,0.040789492428302765,0.0033922791481018066,-0.0024123191833496094
gated_cross_soft,ele-fashion,43,Visual,cross_shuffle,1,0.8786948919296265,0.7574391603513605,0.8786948919296265,0.7574391603513605,0.0,0.0,0.0,0.005133716855198145,0.04122009128332138,0.0036815404891967773,-0.0030216872692108154
gated_cross_soft,ele-fashion,43,Visual,cross_shuffle,2,0.8786948919296265,0.7574391603513605,0.8786948919296265,0.7574391603513605,0.0,0.0,0.0,0.005079942289739847,0.04079277068376541,0.002995610237121582,-0.0027566254138946533
gated_cross_soft,ele-fashion,43,Visual,cross_shuffle,3,0.8786948919296265,0.7574391603513605,0.8786948919296265,0.7574391603513605,0.0,0.0,0.0,0.00511271134018898,0.04105071723461151,0.0027423501014709473,-0.00216713547706604
gated_cross_soft,ele-fashion,43,Visual,cross_shuffle,4,0.8785926103591919,0.7572302546335002,0.8786948919296265,0.7574391603513605,0.010228157043457031,0.02089057178602527,0.00010228086466668174,0.005232236813753843,0.04201389476656914,0.004250168800354004,-0.0032501816749572754
gated_cross_soft,ele-fashion,43,Visual,cross_shuffle,5,0.8786948919296265,0.7574391603513605,0.8786948919296265,0.7574391603513605,0.0,0.0,0.0,0.005222531966865063,0.04193303734064102,0.0036950111389160156,-0.0030319392681121826
gated_cross_soft,ele-fashion,43,Visual,cross_shuffle,6,0.8785926103591919,0.7573814222903958,0.8786948919296265,0.7574391603513605,0.010228157043457031,0.005773806096465162,0.00010228086466668174,0.005234156269580126,0.04202599450945854,0.004370987415313721,-0.0034458935260772705
gated_cross_soft,ele-fashion,43,Visual,cross_shuffle,7,0.8786948919296265,0.7574391603513605,0.8786948919296265,0.7574391603513605,0.0,0.0,0.0,0.00516940001398325,0.04150628671050072,0.003771960735321045,-0.0030455291271209717
gated_cross_soft,ele-fashion,43,Visual,cross_shuffle,8,0.8786948919296265,0.7574391603513605,0.8786948919296265,0.7574391603513605,0.0,0.0,0.0,0.004952327348291874,0.03977064788341522,0.0017513632774353027,-0.0015198886394500732
gated_cross_soft,ele-fashion,43,Visual,cross_shuffle,9,0.8786948919296265,0.7574391603513605,0.8786948919296265,0.7574391603513605,0.0,0.0,0.0,0.005101025570183992,0.040963105857372284,0.002978503704071045,-0.002269238233566284
gated_cross_soft,ele-fashion,43,Visual,cross_zero,-1,0.8785926103591919,0.7573317690175546,0.8786948919296265,0.7574391603513605,0.010228157043457031,0.010739133380588406,0.00010228086466668174,0.005841410718858242,0.04883485659956932,0.018408000469207764,-0.058248162269592285
gated_cross_soft,ele-fashion,44,Text,cross_shuffle,0,0.879513144493103,0.7615988830760724,0.8794108629226685,0.761577821024562,-0.010228157043457031,-0.0021062051510423174,0.00020456172933336347,0.004431357141584158,0.03590197488665581,0.0001283884048461914,0.0008199512958526611
gated_cross_soft,ele-fashion,44,Text,cross_shuffle,1,0.879513144493103,0.7616142497122559,0.8794108629226685,0.761577821024562,-0.010228157043457031,-0.003642868769393459,0.00010228086466668174,0.004504129756242037,0.03649428114295006,0.0008590817451477051,0.0005040764808654785
gated_cross_soft,ele-fashion,44,Text,cross_shuffle,2,0.879513144493103,0.7616142497122559,0.8794108629226685,0.761577821024562,-0.010228157043457031,-0.003642868769393459,0.00010228086466668174,0.004299696534872055,0.034854792058467865,-0.0006734728813171387,0.0012219250202178955
gated_cross_soft,ele-fashion,44,Text,cross_shuffle,3,0.8794108629226685,0.761241654559634,0.8794108629226685,0.761577821024562,0.0,0.03361664649279561,0.00020456172933336347,0.004239323548972607,0.03437679633498192,-0.0019783973693847656,0.001792222261428833
gated_cross_soft,ele-fashion,44,Text,cross_shuffle,4,0.879513144493103,0.7616142497122559,0.8794108629226685,0.761577821024562,-0.010228157043457031,-0.003642868769393459,0.00010228086466668174,0.004433969035744667,0.03592986613512039,-0.00016450881958007812,0.0012174546718597412
gated_cross_soft,ele-fashion,44,Text,cross_shuffle,5,0.8796154260635376,0.7616712196999224,0.8794108629226685,0.761577821024562,-0.020456314086914062,-0.009339867536040103,0.00020456172933336347,0.004241595976054668,0.03438124060630798,-0.0007055997848510742,0.001465529203414917
gated_cross_soft,ele-fashion,44,Text,cross_shuffle,6,0.8796154260635376,0.7618234687295853,0.8794108629226685,0.761577821024562,-0.020456314086914062,-0.0245647705023333,0.00020456172933336347,0.004312843084335327,0.03495074808597565,-0.0006468296051025391,0.0012426674365997314
gated_cross_soft,ele-fashion,44,Text,cross_shuffle,7,0.879513144493103,0.7615988830760724,0.8794108629226685,0.761577821024562,-0.010228157043457031,-0.0021062051510423174,0.00020456172933336347,0.004248862154781818,0.03443872928619385,-0.0006924271583557129,0.0013369917869567871
gated_cross_soft,ele-fashion,44,Text,cross_shuffle,8,0.8796154260635376,0.7618236418197594,0.8794108629226685,0.761577821024562,-0.020456314086914062,-0.024582079519741562,0.00020456172933336347,0.004517892841249704,0.03660433739423752,0.00041806697845458984,0.0007988512516021729
gated_cross_soft,ele-fashion,44,Text,cross_shuffle,9,0.8794108629226685,0.7614833808979768,0.8794108629226685,0.761577821024562,0.0,0.00944401265851047,0.00020456172933336347,0.004345499910414219,0.035215429961681366,-0.00020587444305419922,0.0007909536361694336
gated_cross_soft,ele-fashion,44,Text,cross_zero,-1,0.8794108629226685,0.7612262879234506,0.8794108629226685,0.761577821024562,0.0,0.03515331011113565,0.0003068425867240876,0.002892718417569995,0.02452578954398632,0.0007289648056030273,-0.019513636827468872
gated_cross_soft,ele-fashion,44,Visual,cross_shuffle,0,0.8794108629226685,0.761577821024562,0.8794108629226685,0.761577821024562,0.0,0.0,0.0,0.003947462886571884,0.0317218154668808,3.898143768310547e-05,0.0009283125400543213
gated_cross_soft,ele-fashion,44,Visual,cross_shuffle,1,0.8794108629226685,0.7612621949183332,0.8794108629226685,0.761577821024562,0.0,0.03156261062287058,0.00020456172933336347,0.003979184664785862,0.031974948942661285,0.0006224513053894043,0.000870048999786377
gated_cross_soft,ele-fashion,44,Visual,cross_shuffle,2,0.8794108629226685,0.761577821024562,0.8794108629226685,0.761577821024562,0.0,0.0,0.0,0.003851959016174078,0.030955607071518898,-0.0006344318389892578,0.0014536380767822266
gated_cross_soft,ele-fashion,44,Visual,cross_shuffle,3,0.8791040182113647,0.760695693710561,0.8794108629226685,0.761577821024562,0.030684471130371094,0.08821273140009467,0.0003068425867240876,0.0037919385358691216,0.030477864667773247,-0.00148773193359375,0.0016911327838897705
gated_cross_soft,ele-fashion,44,Visual,cross_shuffle,4,0.8794108629226685,0.761577821024562,0.8794108629226685,0.761577821024562,0.0,0.0,0.0,0.00396675243973732,0.031874317675828934,-1.901388168334961e-05,0.0006991028785705566
gated_cross_soft,ele-fashion,44,Visual,cross_shuffle,5,0.8794108629226685,0.761577821024562,0.8794108629226685,0.761577821024562,0.0,0.0,0.0,0.0038424136582762003,0.030882153660058975,-0.0002504587173461914,0.0012150108814239502
gated_cross_soft,ele-fashion,44,Visual,cross_shuffle,6,0.8793085813522339,0.7612659073435498,0.8794108629226685,0.761577821024562,0.010228157043457031,0.031191368101213257,0.0003068425867240876,0.0038861348293721676,0.03122914396226406,-8.83936882019043e-05,0.0012745559215545654
gated_cross_soft,ele-fashion,44,Visual,cross_shuffle,7,0.8794108629226685,0.7612621949183332,0.8794108629226685,0.761577821024562,0.0,0.03156261062287058,0.00020456172933336347,0.0037897948641330004,0.030455641448497772,-0.0005695819854736328,0.0011843442916870117
gated_cross_soft,ele-fashion,44,Visual,cross_shuffle,8,0.8794108629226685,0.761577821024562,0.8794108629226685,0.761577821024562,0.0,0.0,0.0,0.004031897988170385,0.03239935263991356,0.0007451772689819336,0.0005133748054504395
gated_cross_soft,ele-fashion,44,Visual,cross_shuffle,9,0.8793085813522339,0.7612052258719402,0.8794108629226685,0.761577821024562,0.010228157043457031,0.03725951526217797,0.00010228086466668174,0.0038242267910391092,0.03073204681277275,0.00024056434631347656,0.0010638236999511719
gated_cross_soft,ele-fashion,44,Visual,cross_zero,-1,0.8793085813522339,0.7612052258719402,0.8794108629226685,0.761577821024562,0.010228157043457031,0.03725951526217797,0.00010228086466668174,0.004041020292788744,0.03255768120288849,0.017936348915100098,-0.04006585478782654
gated_cross_soft,Reddit-S,42,Text,cross_shuffle,0,0.9631959795951843,0.9295891269644848,0.9631959795951843,0.9297407397829087,0.0,0.01516128184239074,0.0012582573108375072,0.008785344660282135,0.01068373303860426,5.352497100830078e-05,0.00035327672958374023
gated_cross_soft,Reddit-S,42,Text,cross_shuffle,1,0.9625668525695801,0.9286814383507359,0.9631959795951843,0.9297407397829087,0.0629127025604248,0.105930143217281,0.0012582573108375072,0.008947168476879597,0.010898607783019543,1.0251998901367188e-05,0.00012627243995666504
gated_cross_soft,Reddit-S,42,Text,cross_shuffle,2,0.9628813862800598,0.9290766468220724,0.9631959795951843,0.9297407397829087,0.03145933151245117,0.066409296083636,0.0009436929831281304,0.008653536438941956,0.010592074133455753,7.420778274536133e-05,0.00021983683109283447
gated_cross_soft,Reddit-S,42,Text,cross_shuffle,3,0.9628813862800598,0.9290065175893464,0.9631959795951843,0.9297407397829087,0.03145933151245117,0.07342221935623394,0.0009436929831281304,0.008786146529018879,0.010649793781340122,5.91278076171875e-05,0.00010940432548522949
gated_cross_soft,Reddit-S,42,Text,cross_shuffle,4,0.9635105133056641,0.9309736414401858,0.9631959795951843,0.9297407397829087,-0.03145337104797363,-0.12329016572770746,0.0009436929831281304,0.008788593113422394,0.010597307235002518,0.00011521577835083008,0.00030513107776641846
gated_cross_soft,Reddit-S,42,Text,cross_shuffle,5,0.9625668525695801,0.9283749031717814,0.9631959795951843,0.9297407397829087,0.0629127025604248,0.13658366111273246,0.0012582573108375072,0.008757663890719414,0.010717358440160751,5.9664249420166016e-05,0.00011165440082550049
gated_cross_soft,Reddit-S,42,Text,cross_shuffle,6,0.9628813862800598,0.9292020870542457,0.9631959795951843,0.9297407397829087,0.03145933151245117,0.053865272866304714,0.0006291286554187536,0.008759478107094765,0.010738590732216835,6.139278411865234e-05,0.00012567639350891113
gated_cross_soft,Reddit-S,42,Text,cross_shuffle,7,0.9628813862800598,0.9290065175893464,0.9631959795951843,0.9297407397829087,0.03145933151245117,0.07342221935623394,0.0009436929831281304,0.008888782002031803,0.010817810893058777,1.6748905181884766e-05,0.00010988116264343262
gated_cross_soft,Reddit-S,42,Text,cross_shuffle,8,0.9631959795951843,0.9294042981565294,0.9631959795951843,0.9297407397829087,0.0,0.03364416263793579,0.0006291286554187536,0.008722441270947456,0.010673629119992256,2.3066997528076172e-05,2.8133392333984375e-05
gated_cross_soft,Reddit-S,42,Text,cross_shuffle,9,0.9625668525695801,0.9287786113148442,0.9631959795951843,0.9297407397829087,0.0629127025604248,0.09621284680645381,0.0012582573108375072,0.008627049624919891,0.0106700100004673,0.00010091066360473633,0.00020705163478851318
gated_cross_soft,Reddit-S,42,Text,cross_zero,-1,0.9628813862800598,0.9292593744074885,0.9631959795951843,0.9297407397829087,0.03145933151245117,0.04813653754202063,0.001572821638546884,0.022344669327139854,0.07968998700380325,-0.04474210739135742,-0.09014810621738434
gated_cross_soft,Reddit-S,42,Visual,cross_shuffle,0,0.9628813862800598,0.9295497822288844,0.9631959795951843,0.9297407397829087,0.03145933151245117,0.019095755402431802,0.0009436929831281304,0.011679797433316708,0.017850246280431747,-0.0003940463066101074,0.0001809149980545044
gated_cross_soft,Reddit-S,42,Visual,cross_shuffle,1,0.9628813862800598,0.929045629414236,0.9631959795951843,0.9297407397829087,0.03145933151245117,0.06951103686727578,0.0003145643277093768,0.011852695606648922,0.017926635220646858,-0.00025397539138793945,0.0001451745629310608
gated_cross_soft,Reddit-S,42,Visual,cross_shuffle,2,0.9628813862800598,0.9289813487552159,0.9631959795951843,0.9297407397829087,0.03145933151245117,0.07593910276928462,0.0012582573108375072,0.011561616323888302,0.01785476878285408,-5.310773849487305e-05,1.582503318786621e-05
gated_cross_soft,Reddit-S,42,Visual,cross_shuffle,3,0.9628813862800598,0.9293293197910995,0.9631959795951843,0.9297407397829087,0.03145933151245117,0.04114199918092698,0.0012582573108375072,0.011859974823892117,0.017805390059947968,-1.8358230590820312e-05,-6.474554538726807e-06
gated_cross_soft,Reddit-S,42,Visual,cross_shuffle,4,0.9625668525695801,0.9277059241250882,0.9631959795951843,0.9297407397829087,0.0629127025604248,0.2034815657820488,0.0009436929831281304,0.011864266358315945,0.01761411502957344,-0.00018596649169921875,3.0368566513061523e-05
gated_cross_soft,Reddit-S,42,Visual,cross_shuffle,5,0.9625668525695801,0.9275730168322023,0.9631959795951843,0.9297407397829087,0.0629127025604248,0.2167722950706441,0.0012582573108375072,0.011722654104232788,0.01766076870262623,3.8683414459228516e-05,-6.102025508880615e-05
gated_cross_soft,Reddit-S,42,Visual,cross_shuffle,6,0.9628813862800598,0.9291152454610827,0.9631959795951843,0.9297407397829087,0.03145933151245117,0.06254943218260145,0.0003145643277093768,0.011887049302458763,0.01778416708111763,-0.0005271434783935547,0.00022003799676895142
gated_cross_soft,Reddit-S,42,Visual,cross_shuffle,7,0.9631959795951843,0.9296106011656482,0.9631959795951843,0.9297407397829087,0.0,0.013013861726052234,0.0003145643277093768,0.0113527225330472,0.017730887979269028,0.00015991926193237305,-0.00010577589273452759
gated_cross_soft,Reddit-S,42,Visual,cross_shuffle,8,0.9622522592544556,0.9271224488242105,0.9631959795951843,0.9297407397829087,0.09437203407287598,0.2618290958698255,0.0018873859662562609,0.01180570013821125,0.017916539683938026,0.00013524293899536133,-0.00010719150304794312
gated_cross_soft,Reddit-S,42,Visual,cross_shuffle,9,0.9625668525695801,0.9290033224697447,0.9631959795951843,0.9297407397829087,0.0629127025604248,0.07374173131640127,0.001572821638546884,0.011604053899645805,0.01792753115296364,-0.00017720460891723633,4.598498344421387e-05
gated_cross_soft,Reddit-S,42,Visual,cross_zero,-1,0.9635105133056641,0.9311709315507789,0.9631959795951843,0.9297407397829087,-0.03145337104797363,-0.14301917678701814,0.003460207488387823,0.02883887104690075,0.07566152513027191,-0.07566148042678833,0.04468967765569687
gated_cross_soft,Reddit-S,43,Text,cross_shuffle,0,0.9672853350639343,0.9303166860799481,0.9666562080383301,0.9286450457077567,-0.0629127025604248,-0.1671640372191363,0.001572821638546884,0.016311457380652428,0.015846675261855125,-0.0007262825965881348,4.252791404724121e-05
gated_cross_soft,Reddit-S,43,Text,cross_shuffle,1,0.9672853350639343,0.9296947058831696,0.9666562080383301,0.9286450457077567,-0.0629127025604248,-0.10496601754128587,0.0009436929831281304,0.016569936648011208,0.015664663165807724,-0.00035858154296875,-0.00019508600234985352
gated_cross_soft,Reddit-S,43,Text,cross_shuffle,2,0.9669707417488098,0.9300081378788485,0.9666562080383301,0.9286450457077567,-0.03145337104797363,-0.1363092171091762,0.0012582573108375072,0.016161715611815453,0.015632841736078262,-0.00043761730194091797,-0.0001449286937713623
gated_cross_soft,Reddit-S,43,Text,cross_shuffle,3,0.9666562080383301,0.9288860022569082,0.9666562080383301,0.9286450457077567,0.0,-0.024095654915146092,0.0003145643277093768,0.016389235854148865,0.015724467113614082,-0.00030297040939331055,-0.00024330615997314453
gated_cross_soft,Reddit-S,43,Text,cross_shuffle,4,0.9675998687744141,0.9305350464686055,0.9666562080383301,0.9286450457077567,-0.09436607360839844,-0.18900007608487757,0.0012582573108375072,0.01641859859228134,0.015959482640028,-0.000561833381652832,-5.918741226196289e-05
gated_cross_soft,Reddit-S,43,Text,cross_shuffle,5,0.9672853350639343,0.9296947058831696,0.9666562080383301,0.9286450457077567,-0.0629127025604248,-0.10496601754128587,0.0009436929831281304,0.01590588688850403,0.015395150519907475,-0.00048667192459106445,-6.958842277526855e-05
gated_cross_soft,Reddit-S,43,Text,cross_shuffle,6,0.9666562080383301,0.9291677972934126,0.9666562080383301,0.9286450457077567,0.0,-0.05227515856558451,0.0009436929831281304,0.01637747325003147,0.01584519073367119,2.3603439331054688e-05,-0.00043702125549316406
gated_cross_soft,Reddit-S,43,Text,cross_shuffle,7,0.9669707417488098,0.9298328471461176,0.9666562080383301,0.9286450457077567,-0.03145337104797363,-0.1187801438360836,0.0012582573108375072,0.01631157100200653,0.015899192541837692,-0.00041043758392333984,-0.00018855929374694824
gated_cross_soft,Reddit-S,43,Text,cross_shuffle,8,0.9675998687744141,0.9305350464686055,0.9666562080383301,0.9286450457077567,-0.09436607360839844,-0.18900007608487757,0.0012582573108375072,0.01661793328821659,0.015956370159983635,-6.443262100219727e-05,-0.0003908872604370117
gated_cross_soft,Reddit-S,43,Text,cross_shuffle,9,0.9675998687744141,0.9305350464686055,0.9666562080383301,0.9286450457077567,-0.09436607360839844,-0.18900007608487757,0.0012582573108375072,0.016947587952017784,0.01614868827164173,-0.0002351999282836914,-0.00028020143508911133
gated_cross_soft,Reddit-S,43,Text,cross_zero,-1,0.9675998687744141,0.9305350464686055,0.9666562080383301,0.9286450457077567,-0.09436607360839844,-0.18900007608487757,0.0012582573108375072,0.015808386728167534,0.05992840975522995,0.05206412076950073,-0.045428335666656494
gated_cross_soft,Reddit-S,43,Visual,cross_shuffle,0,0.9666562080383301,0.9289343125968855,0.9666562080383301,0.9286450457077567,0.0,-0.028926688912878085,0.0006291286554187536,0.009597198106348515,0.02203696221113205,0.0026424527168273926,0.0020946264266967773
gated_cross_soft,Reddit-S,43,Visual,cross_shuffle,1,0.9666562080383301,0.9289822914547765,0.9666562080383301,0.9286450457077567,0.0,-0.03372457470197654,0.0009436929831281304,0.009472863748669624,0.021750522777438164,0.0024029016494750977,0.0018498897552490234
gated_cross_soft,Reddit-S,43,Visual,cross_shuffle,2,0.9666562080383301,0.9289343125968855,0.9666562080383301,0.9286450457077567,0.0,-0.028926688912878085,0.0006291286554187536,0.009526881389319897,0.021852947771549225,0.002300560474395752,0.0019582509994506836
gated_cross_soft,Reddit-S,43,Visual,cross_shuffle,3,0.9666562080383301,0.9289343125968855,0.9666562080383301,0.9286450457077567,0.0,-0.028926688912878085,0.0006291286554187536,0.009577354416251183,0.02197670191526413,0.002476513385772705,0.001992553472518921
gated_cross_soft,Reddit-S,43,Visual,cross_shuffle,4,0.9669707417488098,0.9292510190436506,0.9666562080383301,0.9286450457077567,-0.03145337104797363,-0.060597333589385016,0.0009436929831281304,0.009981888346374035,0.021880993619561195,0.002698659896850586,0.0023088455200195312
gated_cross_soft,Reddit-S,43,Visual,cross_shuffle,5,0.9669707417488098,0.9293505698323713,0.9666562080383301,0.9286450457077567,-0.03145337104797363,-0.07055241246145538,0.0003145643277093768,0.009470842778682709,0.021390896290540695,0.002391993999481201,0.0017576217651367188
gated_cross_soft,Reddit-S,43,Visual,cross_shuffle,6,0.9669707417488098,0.9289617521545219,0.9666562080383301,0.9286450457077567,-0.03145337104797363,-0.031670644676518034,0.0003145643277093768,0.00955122895538807,0.022011030465364456,0.0023373961448669434,0.0015468299388885498
gated_cross_soft,Reddit-S,43,Visual,cross_shuffle,7,0.9663416147232056,0.9279878300273008,0.9666562080383301,0.9286450457077567,0.03145933151245117,0.06572156804559581,0.0006291286554187536,0.009218698367476463,0.02154293656349182,0.002619802951812744,0.0018023252487182617
gated_cross_soft,Reddit-S,43,Visual,cross_shuffle,8,0.9672853350639343,0.9296672762791365,0.9666562080383301,0.9286450457077567,-0.0629127025604248,-0.10222305713797342,0.0006291286554187536,0.009478790685534477,0.021584048867225647,0.0023469924926757812,0.001651763916015625
gated_cross_soft,Reddit-S,43,Visual,cross_shuffle,9,0.9666562080383301,0.9285418501683311,0.9666562080383301,0.9286450457077567,0.0,0.010319553942561566,0.0006291286554187536,0.009473106823861599,0.021929671987891197,0.002440333366394043,0.0019061565399169922
gated_cross_soft,Reddit-S,43,Visual,cross_zero,-1,0.9672853350639343,0.9294206322619267,0.9666562080383301,0.9286450457077567,-0.0629127025604248,-0.07755865541699825,0.0018873859662562609,0.015671435743570328,0.08878804743289948,-0.03812575340270996,-0.06351146101951599
gated_cross_soft,Reddit-S,44,Text,cross_shuffle,0,0.9638251066207886,0.9178936335864945,0.9647687673568726,0.9182739922289542,0.09436607360839844,0.03803586424597771,0.001572821638546884,0.009883935563266277,0.020708659663796425,0.0003413558006286621,-0.0003876984119415283
gated_cross_soft,Reddit-S,44,Text,cross_shuffle,1,0.9641396403312683,0.9175739192449827,0.9647687673568726,0.9182739922289542,0.0629127025604248,0.07000729839715669,0.0018873859662562609,0.009760282933712006,0.020507406443357468,-9.918212890625e-05,-0.0005864650011062622
gated_cross_soft,Reddit-S,44,Text,cross_shuffle,2,0.9644542336463928,0.918415689789134,0.9647687673568726,0.9182739922289542,0.03145337104797363,-0.014169756017978763,0.0018873859662562609,0.009818989783525467,0.02067938819527626,0.00029277801513671875,-0.0005151331424713135
gated_cross_soft,Reddit-S,44,Text,cross_shuffle,3,0.9644542336463928,0.9184003086256596,0.9647687673568726,0.9182739922289542,0.03145337104797363,-0.012631639670535044,0.0012582573108375072,0.009981486946344376,0.02070034295320511,0.00029468536376953125,-0.0005634278059005737
gated_cross_soft,Reddit-S,44,Text,cross_shuffle,4,0.9638251066207886,0.9180116429952964,0.9647687673568726,0.9182739922289542,0.09436607360839844,0.02623492336578659,0.002201950177550316,0.009919552132487297,0.021140022203326225,0.000291287899017334,-0.0003066509962081909
gated_cross_soft,Reddit-S,44,Text,cross_shuffle,5,0.9647687673568726,0.9186882020517384,0.9647687673568726,0.9182739922289542,0.0,-0.041420982278417284,0.001572821638546884,0.010031948797404766,0.02086319774389267,-0.00010704994201660156,-0.0005096197128295898
gated_cross_soft,Reddit-S,44,Text,cross_shuffle,6,0.9644542336463928,0.9183416492331699,0.9647687673568726,0.9182739922289542,0.03145337104797363,-0.006765700421562659,0.0012582573108375072,0.010014784522354603,0.021090658381581306,0.00029861927032470703,-0.00051899254322052
gated_cross_soft,Reddit-S,44,Text,cross_shuffle,7,0.9644542336463928,0.918098717178894,0.9647687673568726,0.9182739922289542,0.03145337104797363,0.01752750500602085,0.001572821638546884,0.009686347097158432,0.020541811361908913,9.632110595703125e-05,-0.0004671066999435425
gated_cross_soft,Reddit-S,44,Text,cross_shuffle,8,0.9641396403312683,0.9179237773628236,0.9647687673568726,0.9182739922289542,0.0629127025604248,0.0350214866130627,0.001572821638546884,0.009680528193712234,0.02061489410698414,-0.0002428293228149414,-0.0005027800798416138
gated_cross_soft,Reddit-S,44,Text,cross_shuffle,9,0.9641396403312683,0.9178231474945898,0.9647687673568726,0.9182739922289542,0.0629127025604248,0.04508447343644084,0.001572821638546884,0.009976985864341259,0.020759792998433113,0.0005636215209960938,-0.0005013793706893921
gated_cross_soft,Reddit-S,44,Text,cross_zero,-1,0.9631959795951843,0.9161915223778678,0.9647687673568726,0.9182739922289542,0.15727877616882324,0.20824698510863993,0.002201950177550316,0.014787235297262669,0.06518881022930145,-0.05233049392700195,-0.07726860046386719
gated_cross_soft,Reddit-S,44,Visual,cross_shuffle,0,0.9650833606719971,0.9202464605864847,0.9647687673568726,0.9182739922289542,-0.03145933151245117,-0.19724683575305102,0.0009436929831281304,0.004318769555538893,0.009617269970476627,-4.750490188598633e-05,-0.00012037158012390137
gated_cross_soft,Reddit-S,44,Visual,cross_shuffle,1,0.9644542336463928,0.9177504161487061,0.9647687673568726,0.9182739922289542,0.03145337104797363,0.05235760802481115,0.0006291286554187536,0.004371069371700287,0.009478563442826271,-0.0002945065498352051,0.00018674135208129883
gated_cross_soft,Reddit-S,44,Visual,cross_shuffle,2,0.9647687673568726,0.9182166171826633,0.9647687673568726,0.9182739922289542,0.0,0.005737504629088619,0.0006291286554187536,0.004227341152727604,0.009588463231921196,-2.2113323211669922e-05,-9.402632713317871e-05
gated_cross_soft,Reddit-S,44,Visual,cross_shuffle,3,0.9647687673568726,0.9182166171826633,0.9647687673568726,0.9182739922289542,0.0,0.005737504629088619,0.0006291286554187536,0.004340344574302435,0.009578828699886799,-0.00013208389282226562,0.00010532140731811523
gated_cross_soft,Reddit-S,44,Visual,cross_shuffle,4,0.9650833606719971,0.9202464605864847,0.9647687673568726,0.9182739922289542,-0.03145933151245117,-0.19724683575305102,0.0009436929831281304,0.004095135722309351,0.0094563327729702,-4.4345855712890625e-05,4.976987838745117e-05
gated_cross_soft,Reddit-S,44,Visual,cross_shuffle,5,0.9647687673568726,0.9182166171826633,0.9647687673568726,0.9182739922289542,0.0,0.005737504629088619,0.0006291286554187536,0.004255377221852541,0.009425927884876728,-0.00019627809524536133,0.00015053153038024902
gated_cross_soft,Reddit-S,44,Visual,cross_shuffle,6,0.9647687673568726,0.9180242383642625,0.9647687673568726,0.9182739922289542,0.0,0.024975386469172633,0.0003145643277093768,0.004254779778420925,0.009381953626871109,-0.00014251470565795898,0.0001665055751800537
gated_cross_soft,Reddit-S,44,Visual,cross_shuffle,7,0.9647687673568726,0.9184663710473551,0.9647687673568726,0.9182739922289542,0.0,-0.019237881840084015,0.0003145643277093768,0.004193075932562351,0.009609670378267765,-0.00010544061660766602,-1.940131187438965e-05
gated_cross_soft,Reddit-S,44,Visual,cross_shuffle,8,0.9644542336463928,0.9177504161487061,0.9647687673568726,0.9182739922289542,0.03145337104797363,0.05235760802481115,0.0006291286554187536,0.004289344884455204,0.00950486771762371,-0.00011366605758666992,1.1652708053588867e-05
gated_cross_soft,Reddit-S,44,Visual,cross_shuffle,9,0.9641396403312683,0.9175015787315127,0.9647687673568726,0.9182739922289542,0.0629127025604248,0.07724134974415042,0.0012582573108375072,0.004287372808903456,0.009596718475222588,-0.00013619661331176758,3.960728645324707e-05
gated_cross_soft,Reddit-S,44,Visual,cross_zero,-1,0.9644542336463928,0.9178200762420425,0.9647687673568726,0.9182739922289542,0.03145337104797363,0.045391598691169044,0.002201950177550316,0.010810764506459236,0.10533361881971359,0.03323394060134888,-0.08596184849739075
