alpha_abs_mean,alpha_adaptive_range,alpha_adaptive_range_mean,alpha_finite,alpha_finite_fraction,alpha_fraction_gt_0_95,alpha_fraction_lt_0_05,alpha_iqr,alpha_max,alpha_mean,alpha_min,alpha_q01,alpha_q10,alpha_q50,alpha_q90,alpha_q99,alpha_saturated,alpha_saturation_fraction,alpha_saturation_fraction_mean,alpha_std,alpha_std_mean,b,corr_d_alpha_pearson,corr_d_alpha_pearson_mean,corr_d_alpha_spearman,corr_d_alpha_spearman_mean,corr_term_d_alpha_pearson,corr_term_d_alpha_pearson_mean,corr_term_d_alpha_spearman,corr_term_d_alpha_spearman_mean,correlation_threshold_applied,d_abs_mean,d_max,d_mean,d_min,d_q01,d_q10,d_q50,d_q90,d_q99,d_std,dataset,hop,modality,p_abs_mean,p_max,p_mean,p_min,p_q01,p_q10,p_q50,p_q90,p_q99,p_std,rho_d,rho_p,row_type,run_hop_count,scope,seed,term_d_abs_mean,term_d_max,term_d_mean,term_d_min,term_d_q01,term_d_q10,term_d_q50,term_d_q90,term_d_q99,term_d_std,term_p_abs_mean,term_p_max,term_p_mean,term_p_min,term_p_q01,term_p_q10,term_p_q50,term_p_q90,term_p_q99,term_p_std
0.15286277651504368,0.1813003322294402,,1,,0.0,0.0,0.013761166483163834,0.18343013525009155,0.15286277651504368,0.11421460658311844,0.12740281477570534,0.13996315747499466,0.15216465294361115,0.16767722964286805,0.17589647680521014,0,0.0,,0.010601034073201059,,0.02766231819987297,0.09651364741730781,,0.10142731954566894,,0.09651364717529835,,0.10142731954566894,,,0.08535604479216798,0.5505397319793701,0.08535604479216798,0.0,0.0022983962297439577,0.01449987888336182,0.06646734476089478,0.18047947883605955,0.3334932756423951,0.07159439040413362,Movies,1,text,8.792818144979153,-2.024118423461914,-8.792818144979153,-13.171003341674805,-12.099809217453004,-10.97304925918579,-8.748802185058594,-6.814912796020508,-4.6908433246612535,1.6005119707328843,0.05272925645112991,-0.0512232631444931,run_hop,,,42,0.004500760775282312,0.029029550030827522,0.004500760775282312,0.0,0.0001211927215626929,0.0007645678240805866,0.003504773718304932,0.00951654864475131,0.017584852147847416,0.0037751189722823237,0.4503968376559053,0.6746617555618286,0.4503968376559053,0.10368195176124573,0.24028029814362525,0.3490820825099945,0.4481422007083893,0.5620753765106201,0.6197917044162751,0.0819834457760319
0.15573133342191506,0.18056721932743436,,1,,0.0,0.0,0.013972364366054535,0.1866988241672516,0.15573133342191506,0.1164063960313797,0.1298137377202511,0.1426510453224182,0.15500948578119278,0.17077101916074752,0.1791573140025139,0,0.0,,0.010763021266850225,,0.04921824857592583,0.09529774327453491,,0.11005238594365084,,0.0952977431714522,,0.11005238594365084,,,0.09384271395240773,0.5227482914924622,0.09384271395240773,0.0,0.006170357465744019,0.024020016193389893,0.07591584324836731,0.1870566964149475,0.3339875036478044,0.0698773727834441,Movies,2,text,8.792818144979153,-2.024118423461914,-8.792818144979153,-13.171003341674805,-12.099809217453004,-10.97304925918579,-8.748802185058594,-6.814912796020508,-4.6908433246612535,1.6005119707328843,0.05272925645112991,-0.0512232631444931,run_hop,,,42,0.004948256529000379,0.02756412886083126,0.004948256529000379,0.0,0.00032535836478928107,0.0012665576068684459,0.004002985777333379,0.00986336078494787,0.01761091217398644,0.003684581906704474,0.4503968376559053,0.6746617555618286,0.4503968376559053,0.10368195176124573,0.24028029814362525,0.3490820825099945,0.4481422007083893,0.5620753765106201,0.6197917044162751,0.0819834457760319
0.14249412862238994,0.1835491701493805,,1,,0.0,0.0,0.012973479926586151,0.1712701916694641,0.14249412862238994,0.1061992272734642,0.1184796392917633,0.13034963756799697,0.14179301261901855,0.15650431662797928,0.16429035693407062,0,0.0,,0.010001851762143407,,-0.05582261085510254,0.09079245044853453,,0.10937102934867937,,0.09079245064094292,,0.10937102934867937,,,0.10453326411316469,0.5346866846084595,0.10453326411316469,0.0,0.008582146167755128,0.030034476518630983,0.08561122417449951,0.20515146851539612,0.3546066665649418,0.0744494229493341,Movies,3,text,8.792818144979153,-2.024118423461914,-8.792818144979153,-13.171003341674805,-12.099809217453004,-10.97304925918579,-8.748802185058594,-6.814912796020508,-4.6908433246612535,1.6005119707328843,0.05272925645112991,-0.0512232631444931,run_hop,,,42,0.005511961289796969,0.028193632140755653,0.005511961289796969,0.0,0.0004525301777175628,0.0015836955630220474,0.004514216212555766,0.010817483998835087,0.01869814617559316,0.003925662711114187,0.4503968376559053,0.6746617555618286,0.4503968376559053,0.10368195176124573,0.24028029814362525,0.3490820825099945,0.4481422007083893,0.5620753765106201,0.6197917044162751,0.0819834457760319
0.10772717971803403,0.3047593330821825,,1,,0.0,0.0,0.01694929599761963,0.15463237464427948,0.10772717971803403,0.06746803224086761,0.07885010614991188,0.09133381322026253,0.1075320728123188,0.12416467666625976,0.13941871091723446,0,0.0,,0.01286741931696015,,0.014565040357410908,-0.07261936356637907,,-0.049122231909247714,,-0.07261936317986013,,-0.049122231909247714,,,0.1467106291977778,0.6072015762329102,0.1467106291977778,0.0,0.007754598259925843,0.03922550678253174,0.13959819078445435,0.2625949144363403,0.36549533009529134,0.08580236576494055,Movies,1,visual,2.049372853377393,7.601171970367432,-1.0343369972722474,-8.264277458190918,-6.192620315551758,-3.905417251586914,-1.1205726265907288,1.9845098137855526,4.732462110519421,2.3149524520017453,0.0063255708664655685,-0.058431703597307205,run_hop,,,42,0.0009280284817636757,0.0038408965338021517,0.0009280284817636757,0.0,4.905225989205064e-05,0.0002481237199390307,0.0008830382430460304,0.0016610627411864697,0.002311966547276826,0.0005427489451643039,0.1197483471654154,0.4828958213329315,0.060438072839429154,-0.4441494345664978,-0.27652583211660386,-0.11595828756690024,0.06547696888446808,0.2282001867890358,0.36184536010026935,0.13526661560975883
0.10632572086231207,0.3050168744551126,,1,,0.0,0.0,0.016747087240219116,0.15269559621810913,0.10632572086231207,0.06659220159053802,0.07780465312302112,0.09012709558010101,0.10612817481160164,0.12255823463201522,0.13765779808163647,0,0.0,,0.01271936105998033,,-0.00018136261496692896,-0.09441094139439934,,-0.06926431896757004,,-0.09441094072849264,,-0.06926431896757004,,,0.1558690003392907,0.582553505897522,0.15586900031068962,-1.1920928955078125e-07,0.02265620231628418,0.0563179612159729,0.1507580578327179,0.2595818042755127,0.35930737257003786,0.07858471150655359,Movies,2,visual,2.049372853377393,7.601171970367432,-1.0343369972722474,-8.264277458190918,-6.192620315551758,-3.905417251586914,-1.1205726265907288,1.9845098137855526,4.732462110519421,2.3149524520017453,0.0063255708664655685,-0.058431703597307205,run_hop,,,42,0.0009859604078834917,0.0036849835887551308,0.0009859604077025734,-7.540668089944802e-10,0.00014331341415527277,0.00035624324227683245,0.0009536307770758867,0.0016420030617155135,0.0022728243027813734,0.000497093162225538,0.1197483471654154,0.4828958213329315,0.060438072839429154,-0.4441494345664978,-0.27652583211660386,-0.11595828756690024,0.06547696888446808,0.2282001867890358,0.36184536010026935,0.13526661560975883
0.1052803217639857,0.30540234250196135,,1,,0.0,0.0,0.016607802361249924,0.15127089619636536,0.1052803217639857,0.06592484563589096,0.07702168278396129,0.08922595083713532,0.10508319362998009,0.12137880772352218,0.13634340688586238,0,0.0,,0.012608241478716784,,-0.011393129825592041,-0.1072795745769638,,-0.08009817332493306,,-0.10727957514423105,,-0.08009817332493306,,,0.17866235966088104,0.6057989001274109,0.17866235966088104,0.0,0.031271542310714724,0.07350555062294006,0.173463374376297,0.2900706052780151,0.3913532805442811,0.08394732092177978,Movies,3,visual,2.049372853377393,7.601171970367432,-1.0343369972722474,-8.264277458190918,-6.192620315551758,-3.905417251586914,-1.1205726265907288,1.9845098137855526,4.732462110519421,2.3149524520017453,0.0063255708664655685,-0.058431703597307205,run_hop,,,42,0.0011301414168584313,0.00383202382363379,0.0011301414168584313,0.0,0.00019781035429332407,0.00046496457944158467,0.0010972548625431955,0.0018348621437326072,0.002475532898679376,0.0005310147274870294,0.1197483471654154,0.4828958213329315,0.060438072839429154,-0.4441494345664978,-0.27652583211660386,-0.11595828756690024,0.06547696888446808,0.2282001867890358,0.36184536010026935,0.13526661560975883
0.14120916012833665,0.12672542666677097,,1,,0.0,0.0,0.009494293481111526,0.16718366742134094,0.14120916012833665,0.1144852340221405,0.12619052559137345,0.132780022919178,0.1407029926776886,0.15067481398582458,0.15805344566702845,0,0.0,,0.006936775924850208,,0.02052260935306549,-0.00220523225507677,,0.006239782333339915,,-0.0022052318632204515,,0.006239782333339915,,,0.09468216224503838,0.5881341695785522,0.09468216220213677,-1.1920928955078125e-07,0.0024767231941223143,0.015560615062713624,0.07150068879127502,0.20493342280387875,0.38802463114261637,0.08256879949020568,Movies,1,text,7.264599635196053,11.259176254272461,7.264599635196053,2.31746244430542,4.67599513053894,5.869561719894409,7.215462923049927,8.792199230194091,9.928512229919436,1.1367741105921205,0.048423174768686295,0.05033521726727486,run_hop,,,43,0.004584810890636591,0.02847932279109955,0.004584810888559159,-5.772492261968409e-09,0.00011993079970125109,0.0007534943753853441,0.0034622903913259506,0.009923526924103497,0.0187893850915134,0.003998243405669784,0.3656652010436529,0.5667330622673035,0.3656652010436529,0.11664997786283493,0.23536723122000694,0.295445653796196,0.3631918877363205,0.4425572693347931,0.4997538310289384,0.05721977184419147
0.14451870948188864,0.12625726808843493,,1,,0.0,0.0,0.009654004126787186,0.1709432601928711,0.14451870948188864,0.11719844490289688,0.12922107696533203,0.1359337955713272,0.14396927505731583,0.15418033301830292,0.1616997154057026,0,0.0,,0.007064683808524356,,0.04710784927010536,-0.018534404324268564,,-0.009301746071532259,,-0.018534404044351045,,-0.009301746071532259,,,0.10409579659148965,0.573777437210083,0.10409579659148965,0.0,0.006710876226425171,0.025409674644470213,0.08181524276733398,0.21579784750938413,0.37748848736286283,0.08102012133625915,Movies,2,text,7.264599635196053,11.259176254272461,7.264599635196053,2.31746244430542,4.67599513053894,5.869561719894409,7.215462923049927,8.792199230194091,9.928512229919436,1.1367741105921205,0.048423174768686295,0.05033521726727486,run_hop,,,43,0.005040648949423778,0.02778412587940693,0.005040648949423778,0.0,0.0003249619371490553,0.001230417110491544,0.003961753798648715,0.010449617169797419,0.018279191143810807,0.003923251492895147,0.3656652010436529,0.5667330622673035,0.3656652010436529,0.11664997786283493,0.23536723122000694,0.295445653796196,0.3631918877363205,0.4425572693347931,0.4997538310289384,0.05721977184419147
0.1326797732237848,0.12792404823353176,,1,,0.0,0.0,0.008976809680461884,0.15724851191043854,0.1326797732237848,0.10740488022565842,0.11854616969823838,0.12471107840538025,0.13214785605669022,0.14168401211500167,0.1486327312886715,0,0.0,,0.006571784144499892,,-0.05273977294564247,-0.02302042400564345,,-0.013660213761851467,,-0.02302042297698771,,-0.013660213761851467,,,0.11641326414746538,0.5759807229042053,0.11641326414746538,0.0,0.008722337484359742,0.03164370656013489,0.09285104274749756,0.23925134539604184,0.40336902976036076,0.08665606842927222,Movies,3,text,7.264599635196053,11.259176254272461,7.264599635196053,2.31746244430542,4.67599513053894,5.869561719894409,7.215462923049927,8.792199230194091,9.928512229919436,1.1367741105921205,0.048423174768686295,0.05033521726727486,run_hop,,,43,0.005637099836199716,0.02789081446826458,0.005637099836199716,0.0,0.0004223632800858468,0.0015322887571528555,0.004496142268180847,0.011585309915244578,0.01953240929171443,0.004196161943765236,0.3656652010436529,0.5667330622673035,0.3656652010436529,0.11664997786283493,0.23536723122000694,0.295445653796196,0.3631918877363205,0.4425572693347931,0.4997538310289384,0.05721977184419147
0.10972777471275225,0.36974929271637,,1,,0.0,0.0,0.02009873278439045,0.16401846706867218,0.10972777471275225,0.06421688944101334,0.072817138209939,0.08894330859184266,0.11004292964935303,0.12951507568359374,0.14380065023899077,0,0.0,,0.01555235006658314,,0.02666611038148403,-0.0299348416787232,,0.024191216188049033,,-0.02993484182038259,,0.024191216188049033,,,0.14603543301218416,0.5527970790863037,0.14603543301218416,0.0,0.007202533483505249,0.03729714155197144,0.13813310861587524,0.26416583061218263,0.3714213585853585,0.08706028648399927,Movies,1,visual,2.235156416578661,7.922364234924316,-1.0054177986605646,-8.344694137573242,-5.960628986358643,-4.089749479293824,-1.2161960005760193,2.4561172246932976,5.83811673164368,2.556053023892963,0.012582595460116863,-0.06445656716823578,run_hop,,,43,0.0018375047764929418,0.0069556222297251225,0.0018375047764929418,0.0,9.062656659807545e-05,0.00046929485397413374,0.0017380730714648962,0.0033238918520510194,0.00467344458680601,0.0010954443654526344,0.14407050973271787,0.5378703474998474,0.06480577987285223,-0.5106484293937683,-0.37630495518445967,-0.15831289142370222,0.07839182019233704,0.2636112153530121,0.3842016839981081,0.1647544034888787
0.10788472426604773,0.3707275079781709,,1,,0.0,0.0,0.019803421571850777,0.1614077389240265,0.10788472426604773,0.06306453794240952,0.0715404660999775,0.08739611431956291,0.10817563533782959,0.12739194929599762,0.14146231397986414,0,0.0,,0.015319195911952238,,0.007466612383723259,-0.057652093633572515,,0.00037688802324606894,,-0.05765209306176255,,0.00037688802324606894,,,0.15784986303572235,0.536033570766449,0.1578498629785202,-1.1920928955078125e-07,0.02270430088043213,0.055198997259140015,0.15351444482803345,0.26433852314949036,0.3618461316823961,0.08053015895149886,Movies,2,visual,2.235156416578661,7.922364234924316,-1.0054177986605646,-8.344694137573242,-5.960628986358643,-4.089749479293824,-1.2161960005760193,2.4561172246932976,5.83811673164368,2.556053023892963,0.012582595460116863,-0.06445656716823578,run_hop,,,43,0.0019861609704978273,0.006744693499058485,0.001986160969778076,-1.4999622655054168e-09,0.00028567903354996814,0.0006945466506294907,0.0019316101097501814,0.003326064790599048,0.004552963548339906,0.0010132784123515937,0.14407050973271787,0.5378703474998474,0.06480577987285223,-0.5106484293937683,-0.37630495518445967,-0.15831289142370222,0.07839182019233704,0.2636112153530121,0.3842016839981081,0.1647544034888787
0.10479481384558549,0.37189670927488366,,1,,0.0,0.0,0.01931900903582573,0.15703345835208893,0.10479481384558549,0.06117174029350281,0.06942382611334325,0.08483077958226204,0.10508110746741295,0.1238036260008812,0.13752842590212822,0,0.0,,0.014927920240338427,,-0.025409845635294914,-0.07663517545207324,,-0.013444902527833492,,-0.07663517535339508,,-0.013444902527833492,,,0.18047159989570016,0.5710412263870239,0.18047159989570016,0.0,0.031132630109786986,0.0728060781955719,0.175763338804245,0.2953776717185974,0.39380972087383276,0.08570875714303094,Movies,3,visual,2.235156416578661,7.922364234924316,-1.0054177986605646,-8.344694137573242,-5.960628986358643,-4.089749479293824,-1.2161960005760193,2.4561172246932976,5.83811673164368,2.556053023892963,0.012582595460116863,-0.06445656716823578,run_hop,,,43,0.0022708011329602793,0.007185180671513081,0.0022708011329602793,0.0,0.0003917293029371649,0.0009160894376691431,0.0022115589817985892,0.003716617659665644,0.004955148342996837,0.0010784386181196695,0.14407050973271787,0.5378703474998474,0.06480577987285223,-0.5106484293937683,-0.37630495518445967,-0.15831289142370222,0.07839182019233704,0.2636112153530121,0.3842016839981081,0.1647544034888787
0.15250851098142365,0.16605836970975463,,1,,0.0,0.0,0.013286229223012924,0.18612666428089142,0.15250851098142365,0.11715006083250046,0.12992132484912872,0.14018106311559678,0.15227337926626205,0.16550637781620026,0.17496213406324387,0,0.0,,0.009761899191052125,,0.02989613637328148,0.09403634282580761,,0.08036743495886717,,0.09403634279951331,,0.08036743495886717,,,0.09250057932354096,0.6236130595207214,0.09250057930924041,-1.1920928955078125e-07,0.002366832494735718,0.014641892910003663,0.06928104162216187,0.2006789147853851,0.39028301715850855,0.08207010657005966,Movies,1,text,7.673335360945873,11.75901985168457,7.673335360945873,2.518373966217041,4.510254898071289,6.00518045425415,7.665231466293335,9.38341646194458,10.52857900619507,1.3011278273089513,0.05915196239948273,0.0579678975045681,run_hop,,,44,0.005471590789701214,0.03688793629407883,0.00547159078885531,-7.051463413176862e-09,0.00014000278431922197,0.0008660967054311186,0.004098109668120742,0.011870551761239766,0.023086006771773113,0.00485460785865651,0.44480711763417224,0.6816456317901611,0.44480711763417224,0.14598484337329865,0.2614499917626381,0.34810768961906435,0.4443373531103134,0.5439369320869446,0.6103195989131929,0.0754236444685844
0.15579193482316686,0.1655370471474457,,1,,0.0,0.0,0.013562321662902832,0.1903555989265442,0.15579193482316686,0.11989195644855499,0.13276392087340355,0.1432449072599411,0.1555551141500473,0.169034244120121,0.17860780969262124,0,0.0,,0.009938504087136459,,0.05454757437109947,0.10248494309999558,,0.09019098167067678,,0.10248494333616624,,0.09019098167067678,,,0.10176325636252675,0.6147474050521851,0.10176325636252675,0.0,0.006305651664733887,0.023651599884033203,0.07877218723297119,0.21174155473709105,0.3856016087532045,0.08132239802030779,Movies,2,text,7.673335360945873,11.75901985168457,7.673335360945873,2.518373966217041,4.510254898071289,6.00518045425415,7.665231466293335,9.38341646194458,10.52857900619507,1.3011278273089513,0.05915196239948273,0.0579678975045681,run_hop,,,44,0.006019496315043363,0.03636351600289345,0.006019496315043363,0.0,0.00037299166375305505,0.001399038510862738,0.004659529542550445,0.012524928804486989,0.022809092495590457,0.004810379429567283,0.44480711763417224,0.6816456317901611,0.44480711763417224,0.14598484337329865,0.2614499917626381,0.34810768961906435,0.4443373531103134,0.5439369320869446,0.6103195989131929,0.0754236444685844
0.1412484932202853,0.1687594182354084,,1,,0.0,0.0,0.01251845434308052,0.17332808673381805,0.1412484932202853,0.10829059779644012,0.1200311092287302,0.1296593427658081,0.14103245735168457,0.15349635630846023,0.1623316138982773,0,0.0,,0.009167875298811676,,-0.061303455382585526,0.1032248875284564,,0.09261498740479884,,0.10322488731563205,,0.09261498740479884,,,0.11335530675475748,0.6299246549606323,0.11335530675475748,0.0,0.007832669019699097,0.030003446340560916,0.08918735384941101,0.23305133581161497,0.4127263194322586,0.08691654078711533,Movies,3,text,7.673335360945873,11.75901985168457,7.673335360945873,2.518373966217041,4.510254898071289,6.00518045425415,7.665231466293335,9.38341646194458,10.52857900619507,1.3011278273089513,0.05915196239948273,0.0579678975045681,run_hop,,,44,0.006705188843532517,0.03726128116250038,0.006705188843532517,0.0,0.0004633177432697266,0.0017747626989148557,0.005275607109069824,0.01378544345498085,0.024413571283221247,0.005141283955705997,0.44480711763417224,0.6816456317901611,0.44480711763417224,0.14598484337329865,0.2614499917626381,0.34810768961906435,0.4443373531103134,0.5439369320869446,0.6103195989131929,0.0754236444685844
0.10289023062455577,0.09811820589940189,,1,,0.0,0.0,0.005196681246161461,0.11538370698690414,0.10289023062455577,0.08747711032629013,0.09206863917410374,0.09781646132469177,0.10304620862007141,0.107911866158247,0.11132889293134213,0,0.0,,0.0040306551646795185,,0.02168969437479973,-0.07207629966612122,,-0.029068283338103924,,-0.0720762997251733,,-0.029068283338103924,,,0.14802596357699319,0.6264886856079102,0.14802596357699319,0.0,0.007112095952033997,0.03730298280715942,0.13986879587173462,0.2695751488208771,0.37888687849044805,0.08944678381097398,Movies,1,visual,1.4334074217430535,5.53280782699585,0.3244737024385154,-6.906099796295166,-4.645120787620544,-1.9158908605575562,0.4291226416826248,2.514079737663269,3.909583654403688,1.7820909140701924,0.008280806243419647,0.024738982319831848,run_hop,,,44,0.0012257743237121942,0.005187831353396177,0.0012257743237121942,0.0,5.889388965442777e-05,0.00030889877525623887,0.001158226397819817,0.002232299535535276,0.003137488914653659,0.0007406914861253774,0.03546104085430284,0.13687603175640106,0.00802714919112248,-0.17084987461566925,-0.1149155606329441,-0.0473971888422966,0.010616057086735964,0.062195774912834165,0.09671912156045441,0.04408711559026106
0.1010701870425084,0.0983387685370096,,1,,0.0,0.0,0.005117196589708328,0.11334722489118576,0.1010701870425084,0.0858984887599945,0.09041058570146561,0.09607845395803452,0.10122927278280258,0.10601757168769836,0.10935945071280004,0,0.0,,0.003967123306602324,,0.0017220453592017293,-0.08370813370673555,,-0.041636877347928,,-0.08370813350061866,,-0.041636877347928,,,0.15888208499439274,0.6322591304779053,0.15888208499439274,0.0,0.02168026089668274,0.05554472804069519,0.1550392508506775,0.26470168232917785,0.3649567335844041,0.08061170638989275,Movies,2,visual,1.4334074217430535,5.53280782699585,0.3244737024385154,-6.906099796295166,-4.645120787620544,-1.9158908605575562,0.4291226416826248,2.514079737663269,3.909583654403688,1.7820909140701924,0.008280806243419647,0.024738982319831848,run_hop,,,44,0.0013156717611226567,0.005235615186393261,0.0013156717611226567,0.0,0.00017953004484297708,0.0004599551379214972,0.0012838499969802797,0.002191943349316716,0.003022135961800815,0.0006675299210981873,0.03546104085430284,0.13687603175640106,0.00802714919112248,-0.17084987461566925,-0.1149155606329441,-0.0473971888422966,0.010616057086735964,0.062195774912834165,0.09671912156045441,0.04408711559026106
0.09960819242992251,0.09848982362004169,,1,,0.0,0.0,0.005052775144577026,0.11171811074018478,0.09960819242992251,0.08463244885206223,0.08909409604966641,0.09468183666467667,0.09976513311266899,0.1044922299683094,0.10779566518962384,0,0.0,,0.003914825588009176,,-0.014669269323348999,-0.09721207878440545,,-0.050887965067252496,,-0.0972120790091289,,-0.050887965067252496,,,0.18220646110597477,0.6594054698944092,0.18220646110597477,5.960464477539063e-08,0.03004308581352234,0.07299432754516602,0.17811742424964905,0.29643725156784057,0.3945821994543078,0.08585030753589408,Movies,3,visual,1.4334074217430535,5.53280782699585,0.3244737024385154,-6.906099796295166,-4.645120787620544,-1.9158908605575562,0.4291226416826248,2.514079737663269,3.909583654403688,1.7820909140701924,0.008280806243419647,0.024738982319831848,run_hop,,,44,0.0015088164001091145,0.005460408981889486,0.0015088164001091145,4.935745145928649e-10,0.00024878096213797106,0.000604451890103519,0.001474955934099853,0.002454739436507225,0.0032674587867222746,0.0007109097625738413,0.03546104085430284,0.13687603175640106,0.00802714919112248,-0.17084987461566925,-0.1149155606329441,-0.0473971888422966,0.010616057086735964,0.062195774912834165,0.09671912156045441,0.04408711559026106
0.09885831184111,0.039390669841030346,,1,,0.0,0.0,0.0021235011518001556,0.10354281216859818,0.09885831184111,0.09453354775905609,0.0956222616136074,0.09684758633375168,0.09891662001609802,0.10074168145656585,0.10186714559793472,0,0.0,,0.001459547310277923,,-0.012080302461981773,0.017734245825292094,,0.018975949750169214,,0.017734245708852535,,0.018975949750169214,,,0.10092876333348214,0.5579979419708252,0.10092876333348214,0.0,0.0015630507469177246,0.017850792407989504,0.08455240726470947,0.2064438939094544,0.3479132318496706,0.07715570246702017,Toys,1,text,1.3592224753673805,5.112588405609131,-0.09655188308648102,-5.084951400756836,-3.806167984008789,-2.390942859649658,-0.020662564784288406,2.036100292205812,3.2849487447738683,1.6589180166128932,0.0017492881743237376,0.009885462000966072,run_hop,,,42,0.0001765534920938464,0.0009760992252267897,0.0001765534920938464,0.0,2.7342261864760075e-06,3.122617999906652e-05,0.00014790652494411916,0.0003611298569012434,0.0006086005154065791,0.0001349675577982051,0.013436542128570345,0.05054029822349548,-0.0009544599708698465,-0.050267092883586884,-0.03762573055922985,-0.02363557480275631,-0.00020425900584086776,0.020127791911363616,0.03247323699295524,0.016399171013899722
0.0998160492494706,0.03934963949190824,,1,,0.0,0.0,0.0021401382982730865,0.10453473031520844,0.0998160492494706,0.09545242786407471,0.09655500397086143,0.09778731614351273,0.09987378865480423,0.1017150416970253,0.10285145670175552,0,0.0,,0.0014721092785439482,,-0.0013873027637600899,0.01756190407851925,,0.0200514620877831,,0.01756190443469674,,0.0200514620877831,,,0.10787161610845956,0.4936995506286621,0.10787161610845956,0.0,0.0026262998580932617,0.03239761590957642,0.09478390216827393,0.2007407426834107,0.3231055915355686,0.06877161678449004,Toys,2,text,1.3592224753673805,5.112588405609131,-0.09655188308648102,-5.084951400756836,-3.806167984008789,-2.390942859649658,-0.020662564784288406,2.036100292205812,3.2849487447738683,1.6589180166128932,0.0017492881743237376,0.009885462000966072,run_hop,,,42,0.00018869854241476298,0.0008636227576062083,0.00018869854241476298,0.0,4.59415514342254e-06,5.6672765640541915e-05,0.0001658043620409444,0.0003511534072458745,0.0005652048008050776,0.00012030137592320145,0.013436542128570345,0.05054029822349548,-0.0009544599708698465,-0.050267092883586884,-0.03762573055922985,-0.02363557480275631,-0.00020425900584086776,0.020127791911363616,0.03247323699295524,0.016399171013899722
0.10135623249642715,0.03928114736724297,,1,,0.0,0.0,0.0021696165204048157,0.10613999515771866,0.10135623249642715,0.09692997485399246,0.09805039033293723,0.09930007755756379,0.10141544044017792,0.10328146666288376,0.10443350598216057,0,0.0,,0.0014922953882814422,,0.01560267060995102,0.018794088968357967,,0.020318075751458886,,0.018794088957772927,,0.020318075751458886,,,0.12803649789153967,0.5479059219360352,0.12803649789153967,0.0,0.004660838842391967,0.04310506582260132,0.1149897575378418,0.23156640529632572,0.35602666258811966,0.07582423744086648,Toys,3,text,1.3592224753673805,5.112588405609131,-0.09655188308648102,-5.084951400756836,-3.806167984008789,-2.390942859649658,-0.020662564784288406,2.036100292205812,3.2849487447738683,1.6589180166128932,0.0017492881743237376,0.009885462000966072,run_hop,,,42,0.00022397273154207273,0.0009584453655406833,0.00022397273154207273,0.0,8.153150247380836e-06,7.540318183600903e-05,0.00020115022198297083,0.00040507637313567105,0.0006227932486217472,0.00013263844176243628,0.013436542128570345,0.05054029822349548,-0.0009544599708698465,-0.050267092883586884,-0.03762573055922985,-0.02363557480275631,-0.00020425900584086776,0.020127791911363616,0.03247323699295524,0.016399171013899722
0.0922238601589007,0.12084321358255536,,1,,0.0,0.0,0.005927249789237976,0.10598070174455643,0.0922238601589007,0.07874695956707001,0.08291848480701447,0.08662912845611573,0.09219835698604584,0.09777375608682633,0.10131535366177559,0,0.0,,0.004198657739479747,,-0.027870792895555496,-0.2072896330542701,,-0.1812364698495658,,0.20728963293386324,,0.1812364698495658,,,0.10554040430478642,0.6013208627700806,0.10554040424718347,-1.1920928955078125e-07,0.005808688402175903,0.023921728134155273,0.0902625322341919,0.20571949481964114,0.3388176023960117,0.07493385818202321,Toys,1,visual,2.14570484661059,3.163282632827759,-1.9847167341682328,-7.694980621337891,-5.7815154266357425,-4.201862049102783,-1.9550528526306152,0.1656047880649568,1.4686733508110057,1.6488150159134516,-0.025054171681404114,0.0302652008831501,run_hop,,,42,0.002644227410627224,2.986690006423487e-09,-0.00264422740918403,-0.01506559643894434,-0.008488794658333063,-0.005154131725430488,-0.0022614530753344297,-0.0005993390805087984,-0.00014553188259014746,0.0018774057500605867,0.06494018823234428,0.09573738276958466,-0.060067850667516166,-0.23289012908935547,-0.17497873157262803,-0.12717020213603974,-0.05917006731033325,0.005012062191963199,0.04444969572126869,0.0499017176766413
0.09234715405006459,0.12116953722128973,,1,,0.0,0.0,0.005948420614004135,0.10617745667695999,0.09234715405006459,0.07887007296085358,0.08303117647767067,0.0867255061864853,0.09232831001281738,0.09791516810655594,0.10145859479904175,0,0.0,,0.004208415661495612,,-0.026230264455080032,-0.2591784834905561,,-0.254918692694578,,0.2591784835998812,,0.254918692694578,,,0.11235451998990582,0.5804768204689026,0.11235451994382348,-1.1920928955078125e-07,0.01320969581604004,0.038931655883789065,0.09937804937362671,0.20176639556884768,0.3256431126594544,0.06754623636181337,Toys,2,visual,2.14570484661059,3.163282632827759,-1.9847167341682328,-7.694980621337891,-5.7815154266357425,-4.201862049102783,-1.9550528526306152,0.1656047880649568,1.4686733508110057,1.6488150159134516,-0.025054171681404114,0.0302652008831501,run_hop,,,42,0.002814949433002999,2.986690006423487e-09,-0.002814949431848444,-0.014543365687131882,-0.008158718086779117,-0.005055089853703976,-0.0024898347910493612,-0.0009754003956913944,-0.0003309579921187826,0.0016923150026936717,0.06494018823234428,0.09573738276958466,-0.060067850667516166,-0.23289012908935547,-0.17497873157262803,-0.12717020213603974,-0.05917006731033325,0.005012062191963199,0.04444969572126869,0.0499017176766413
0.09640674441584818,0.12083002441159443,,1,,0.0,0.0,0.0061960965394973755,0.11078245937824249,0.09640674441584818,0.08240008354187012,0.08670340552926063,0.0905568853020668,0.09638757258653641,0.10220571458339692,0.10588485732674599,0,0.0,,0.004381753984667882,,0.02181401289999485,-0.2856008690295356,,-0.2890227190526201,,0.2856008689402942,,0.2890227190526201,,,0.13366833955776752,0.6136479377746582,0.13366833952320575,-1.1920928955078125e-07,0.01854074001312256,0.05095992088317871,0.1206011176109314,0.233151388168335,0.36679868936538773,0.07490215667186777,Toys,3,visual,2.14570484661059,3.163282632827759,-1.9847167341682328,-7.694980621337891,-5.7815154266357425,-4.201862049102783,-1.9550528526306152,0.1656047880649568,1.4686733508110057,1.6488150159134516,-0.025054171681404114,0.0302652008831501,run_hop,,,42,0.0033489495270316266,2.986690006423487e-09,-0.0033489495261657108,-0.01537444069981575,-0.009189837444573641,-0.005841414816677571,-0.003021561075001955,-0.0012767585925757884,-0.0004645228909794241,0.0018766114921232584,0.06494018823234428,0.09573738276958466,-0.060067850667516166,-0.23289012908935547,-0.17497873157262803,-0.12717020213603974,-0.05917006731033325,0.005012062191963199,0.04444969572126869,0.0499017176766413
0.1099015131679155,0.2424198029723686,,1,,0.0,0.0,0.013138622045516968,0.14099733531475067,0.1099015131679155,0.07834632694721222,0.08535163655877114,0.09585855305194854,0.11051349341869354,0.12250085622072221,0.13177550196647647,0,0.0,,0.010175154314102743,,0.0035224081948399544,0.08401393402928599,,0.09183685820463124,,0.08401393403714778,,0.09183685820463124,,,0.1012303224506226,0.5231165289878845,0.10123032241606085,-1.1920928955078125e-07,0.0017306005954742432,0.018655550479888917,0.08516716957092285,0.20591425895690926,0.3383576285839084,0.0760042302953723,Toys,1,text,3.0517586078608474,6.8151068687438965,-2.377963654265004,-9.512340545654297,-7.627964811325073,-5.564232063293457,-2.638015031814575,1.3269568920135513,4.487459316253666,2.648382720850844,0.024540923535823822,-0.04000256210565567,run_hop,,,43,0.0024842856026818815,0.01283776294440031,0.0024842856018337037,-2.9255060596256044e-09,4.2470538246561774e-05,0.00045782444067299366,0.0020900811068713665,0.005053326115012171,0.008303608708083637,0.0018652140046438524,0.12207816320297264,0.38051798939704895,0.09512463873468564,-0.2726217210292816,-0.17950987726449966,-0.05308167561888694,0.105527363717556,0.2225835382938385,0.30513812661170975,0.10594209421736102
0.11119455951521379,0.2424746334532708,,1,,0.0,0.0,0.013281073421239853,0.14234203100204468,0.11119455951521379,0.07930511236190796,0.08636059269309043,0.09698381721973419,0.11180143058300018,0.12394567728042603,0.13326934099197388,0,0.0,,0.010280013851953793,,0.016516033560037613,0.08816429687835728,,0.10465878241662886,,0.08816429707875452,,0.10465878241662886,,,0.10821927079373322,0.46538245677948,0.10821927075917147,-1.1920928955078125e-07,0.002652252912521362,0.03322333097457886,0.09546530246734619,0.2021434545516968,0.3178563714027408,0.06821921836920472,Toys,2,text,3.0517586078608474,6.8151068687438965,-2.377963654265004,-9.512340545654297,-7.627964811325073,-5.564232063293457,-2.638015031814575,1.3269568920135513,4.487459316253666,2.648382720850844,0.024540923535823822,-0.04000256210565567,run_hop,,,43,0.002655800850068237,0.01142091490328312,0.0026558008492200596,-2.9255060596256044e-09,6.508873455459252e-05,0.0008153312373906374,0.002342806663364172,0.004960787110030652,0.007800488956272609,0.0016741626226427185,0.12207816320297264,0.38051798939704895,0.09512463873468564,-0.2726217210292816,-0.17950987726449966,-0.05308167561888694,0.105527363717556,0.2225835382938385,0.30513812661170975,0.10594209421736102
0.10966370405638727,0.24274061711425812,,1,,0.0,0.0,0.013104762881994247,0.14044588804244995,0.10966370405638727,0.07817155867815018,0.0851538297533989,0.09564759880304337,0.11025312542915344,0.12226743400096893,0.13145597964525224,0,0.0,,0.010156436804721447,,0.00043395848479121923,0.08855186794740331,,0.10529532800568919,,0.08855186783946474,,0.10529532800568919,,,0.12779903349654056,0.5068262815475464,0.1277990334619788,-1.1920928955078125e-07,0.004779123067855835,0.04373774528503418,0.11533188819885254,0.23034844398498552,0.35223422646522523,0.0750428087659333,Toys,3,text,3.0517586078608474,6.8151068687438965,-2.377963654265004,-9.512340545654297,-7.627964811325073,-5.564232063293457,-2.638015031814575,1.3269568920135513,4.487459316253666,2.648382720850844,0.024540923535823822,-0.04000256210565567,run_hop,,,43,0.0031363063080796848,0.01243798527866602,0.0031363063072315073,-2.9255060596256044e-09,0.0001172840956132859,0.001073364680632949,0.0028303510043770075,0.005652963649481539,0.00864415291696787,0.0018416198298356534,0.12207816320297264,0.38051798939704895,0.09512463873468564,-0.2726217210292816,-0.17950987726449966,-0.05308167561888694,0.105527363717556,0.2225835382938385,0.30513812661170975,0.10594209421736102
0.09409859096314141,0.18098204749114352,,1,,0.0,0.0,0.009087778627872467,0.1128992810845375,0.09409859096314141,0.07456189393997192,0.08013775125145912,0.08546306192874908,0.09419193863868713,0.10249321758747101,0.10818941831588746,0,0.0,,0.006400117525716252,,-0.03057089075446129,-0.08535276694652977,,-0.05192399937440584,,0.08535276745336723,,0.05192399937440584,,,0.11566189685919688,0.6103985905647278,0.11566189675551158,-2.384185791015625e-07,0.006287137269973755,0.025920605659484865,0.10087603330612183,0.2246116399765015,0.35942710995674154,0.07994110154939414,Toys,1,visual,1.845383589686585,4.7356061935424805,-1.0152018666565754,-7.8767547607421875,-5.779279708862305,-3.8650666236877442,-0.9213454127311707,1.6597612142562874,3.331772875785829,2.0809993088897105,-0.020351745188236237,0.03619096055626869,run_hop,,,43,0.002353921453092309,4.852234170016345e-09,-0.0023539214509821324,-0.01242267619818449,-0.007314968984574079,-0.004571238905191422,-0.002053003292530775,-0.0005275295465253288,-0.0001279542158590618,0.0016269409296028924,0.06678620465390842,0.17138613760471344,-0.036741130677443605,-0.2850673198699951,-0.20915769040584564,-0.1398804724216461,-0.03334437683224678,0.06006835177540782,0.12058006078004843,0.07531336383904996
0.09452592298248073,0.18089415303627113,,1,,0.0,0.0,0.009147219359874725,0.11352498084306717,0.09452592298248073,0.07482516765594482,0.08052760094404221,0.08586080223321915,0.0946139544248581,0.1029599890112877,0.10868990525603295,0,0.0,,0.006430480976810642,,-0.02543201856315136,-0.12840118506392897,,-0.10331083652356715,,0.12840118479069598,,0.10331083652356715,,,0.12237617662201242,0.5831419229507446,0.12237617659897124,-1.1920928955078125e-07,0.013962924480438232,0.04379085302352905,0.10997021198272705,0.21715602874755865,0.33994171619415314,0.070880324806225,Toys,2,visual,1.845383589686585,4.7356061935424805,-1.0152018666565754,-7.8767547607421875,-5.779279708862305,-3.8650666236877442,-0.9213454127311707,1.6597612142562874,3.331772875785829,2.0809993088897105,-0.020351745188236237,0.03619096055626869,run_hop,,,43,0.0024905687637942105,2.4261170850081726e-09,-0.0024905687633252826,-0.011867956258356571,-0.006918407306075096,-0.004419504199177027,-0.00223808572627604,-0.0008912202785722911,-0.00028416988789103925,0.0014425383096760285,0.06678620465390842,0.17138613760471344,-0.036741130677443605,-0.2850673198699951,-0.20915769040584564,-0.1398804724216461,-0.03334437683224678,0.06006835177540782,0.12058006078004843,0.07531336383904996
0.09971018853892333,0.17997981797101542,,1,,0.0,0.0,0.009608682245016098,0.11960720270872116,0.09971018853892333,0.07898806035518646,0.08501490905880928,0.09061120748519898,0.09980515390634537,0.10855702906847,0.11455152779817582,0,0.0,,0.006748972280568345,,0.03419870138168335,-0.14960727885702868,,-0.12848392209467396,,0.14960727860255982,,0.12848392209467396,,,0.1454178949115529,0.6073195934295654,0.14541789486547058,-1.1920928955078125e-07,0.01914561986923218,0.05805668830871582,0.1322811245918274,0.24990508556365967,0.3806812107563019,0.07822963890771024,Toys,3,visual,1.845383589686585,4.7356061935424805,-1.0152018666565754,-7.8767547607421875,-5.779279708862305,-3.8650666236877442,-0.9213454127311707,1.6597612142562874,3.331772875785829,2.0809993088897105,-0.020351745188236237,0.03619096055626869,run_hop,,,43,0.0029595079428918194,2.4261170850081726e-09,-0.0029595079419539633,-0.012360014021396637,-0.007747527025640011,-0.0050860045477747915,-0.002692151814699173,-0.001181554910726845,-0.000389646766707301,0.0015921096770575164,0.06678620465390842,0.17138613760471344,-0.036741130677443605,-0.2850673198699951,-0.20915769040584564,-0.1398804724216461,-0.03334437683224678,0.06006835177540782,0.12058006078004843,0.07531336383904996
0.09954736880322648,0.10311855141793994,,1,,0.0,0.0,0.0056679993867874146,0.10986940562725067,0.09954736880322648,0.08857482671737671,0.09077006384730339,0.09432919323444366,0.09971302002668381,0.10459437370300292,0.10717612758278847,0,0.0,,0.0038753082208074436,,-0.011027242988348007,-0.008982900017811187,,0.001471321753515359,,-0.008982899731833173,,0.001471321753515359,,,0.10079375035407377,0.5221784710884094,0.100793750319512,-2.384185791015625e-07,0.001652017831802368,0.018255734443664552,0.08506202697753906,0.20496004819869998,0.33703954696655347,0.0756375878052596,Toys,1,text,1.966053239594455,6.2557477951049805,0.20658477413613147,-6.743460655212402,-5.294126033782959,-3.0281552791595456,0.3483555018901825,3.254471635818483,4.7630408382415785,2.376864737501366,0.014478459022939205,0.018275627866387367,run_hop,,,44,0.0014593381845579177,0.007560339756309986,0.0014593381840575163,-3.451933627829362e-09,2.3918672086438162e-05,0.0002643149113282561,0.0012315671192482114,0.0029675056226551536,0.004879813240841042,0.0010951157162420375,0.03593085736676409,0.11432772129774094,0.003775466457654354,-0.12324097752571106,-0.09675347626209259,-0.055341438949108125,0.006366415414959192,0.05947751179337504,0.0870475633442402,0.04343869542419912
0.10108848851634039,0.10287235080431144,,1,,0.0,0.0,0.00574454665184021,0.1116773709654808,0.10108848851634039,0.08995568752288818,0.09219320073723793,0.09580199420452118,0.10125673562288284,0.10620120465755463,0.1088222849369049,0,0.0,,0.0039280089597303605,,0.005956249311566353,-0.020263652639215722,,-0.008512767665888207,,-0.020263653018800187,,-0.008512767665888207,,,0.10737138536420529,0.5287004709243774,0.10737138532964352,-1.1920928955078125e-07,0.002894580364227295,0.033214676380157473,0.09541285037994385,0.19853134155273439,0.31625228047370924,0.06723809259128852,Toys,2,text,1.966053239594455,6.2557477951049805,0.20658477413613147,-6.743460655212402,-5.294126033782959,-3.0281552791595456,0.3483555018901825,3.254471635818483,4.7630408382415785,2.376864737501366,0.014478459022939205,0.018275627866387367,run_hop,,,44,0.0015545722027671973,0.007654767949134111,0.0015545722022667961,-1.725966813914681e-09,4.1909064748324454e-05,0.0004808973404578865,0.001381431007757783,0.0028744279406964783,0.004578845687210562,0.0009735039673553658,0.03593085736676409,0.11432772129774094,0.003775466457654354,-0.12324097752571106,-0.09675347626209259,-0.055341438949108125,0.006366415414959192,0.05947751179337504,0.0870475633442402,0.04343869542419912
0.10134512625164846,0.10275523303872296,,1,,0.0,0.0,0.005753755569458008,0.11197863519191742,0.10134512625164846,0.09017477929592133,0.09242385402321815,0.09605053216218948,0.10151172429323196,0.10646427422761917,0.10908534705638885,0,0.0,,0.003935990125610903,,0.008487377315759659,-0.02473448601765412,,-0.01592827974902943,,-0.024734485941101607,,-0.01592827974902943,,,0.12744058330556166,0.5607362985610962,0.12744058328252048,-1.1920928955078125e-07,0.004704296588897705,0.04397927522659302,0.11530148983001709,0.2277356624603272,0.3508936178684235,0.07422584883961418,Toys,3,text,1.966053239594455,6.2557477951049805,0.20658477413613147,-6.743460655212402,-5.294126033782959,-3.0281552791595456,0.3483555018901825,3.254471635818483,4.7630408382415785,2.376864737501366,0.014478459022939205,0.018275627866387367,run_hop,,,44,0.0018451432634499448,0.00811859779059887,0.001845143263116344,-1.725966813914681e-09,6.811096682213247e-05,0.0006367521360516548,0.0016693879151716828,0.0032972614280879506,0.005080399038270116,0.0010746759118329733,0.03593085736676409,0.11432772129774094,0.003775466457654354,-0.12324097752571106,-0.09675347626209259,-0.055341438949108125,0.006366415414959192,0.05947751179337504,0.0870475633442402,0.04343869542419912
0.09275270074418732,0.15462612446295085,,1,,0.0,0.0,0.0079859159886837,0.11210484057664871,0.09275270074418732,0.07900021225214005,0.08252401873469353,0.08602246791124343,0.09223579615354538,0.1003644585609436,0.10592791736125949,0,0.0,,0.005449897962796243,,-0.02859390154480934,-0.05712305390914756,,-0.03243400412510599,,0.05712305400230331,,0.03243400412510599,,,0.11055445682314116,0.6099861860275269,0.11055445676553823,-1.1920928955078125e-07,0.005907434225082398,0.02450617551803589,0.09374690055847168,0.2174960613250733,0.36123540043830893,0.07955429722874001,Toys,1,visual,2.17735348136305,4.977102279663086,-1.6657129521884204,-7.094450950622559,-5.570308065414428,-4.166488838195801,-1.8019373416900635,1.0955973625183117,2.9475529193878174,1.9931818836271198,-0.02381788194179535,0.032249368727207184,run_hop,,,44,0.002633173000724631,2.8393127848858057e-09,-0.0026331729993526506,-0.014528579078614712,-0.00860386250540614,-0.005180295649915933,-0.0022328526247292757,-0.000583685212768614,-0.00014070257282582931,0.0018948148588905879,0.07021827526165429,0.1605084091424942,-0.05371819119192345,-0.22879156470298767,-0.17963891267776488,-0.13436663150787354,-0.058111343532800674,0.03533232361078266,0.09505672007799149,0.06427885749356617
0.09293544432245092,0.15456842002888696,,1,,0.0,0.0,0.00800354778766632,0.11223877966403961,0.09293544432245092,0.07922684401273727,0.0826371018588543,0.08620216250419617,0.09240584075450897,0.10056704729795457,0.10614273637533188,0,0.0,,0.00545914071575543,,-0.02625701017677784,-0.058232090021699705,,-0.03293104790958925,,0.05823209031597946,,0.03293104790958925,,,0.11753622126423757,0.563973605632782,0.11753622124119639,-1.1920928955078125e-07,0.012789932489395141,0.03990592956542969,0.10360246896743774,0.21274787187576297,0.34231432080268864,0.07163331405720708,Toys,2,visual,2.17735348136305,4.977102279663086,-1.6657129521884204,-7.094450950622559,-5.570308065414428,-4.166488838195801,-1.8019373416900635,1.0955973625183117,2.9475529193878174,1.9931818836271198,-0.02381788194179535,0.032249368727207184,run_hop,,,44,0.002799463841985557,2.8393127848858057e-09,-0.002799463841436765,-0.013432656414806843,-0.008153201788663864,-0.005067203845828772,-0.002467591315507889,-0.0009504747111350283,-0.0003046290925703924,0.0017061538172062803,0.07021827526165429,0.1605084091424942,-0.05371819119192345,-0.22879156470298767,-0.17963891267776488,-0.13436663150787354,-0.058111343532800674,0.03533232361078266,0.09505672007799149,0.06427885749356617
0.09720133062245967,0.15381441024529982,,1,,0.0,0.0,0.008340820670127869,0.11727119982242584,0.09720133062245967,0.08292641490697861,0.0864735472202301,0.09020094871520996,0.09664805233478546,0.10515191406011581,0.11095122709870339,0,0.0,,0.0056852317613908954,,0.023883331567049026,-0.07267223434150469,,-0.04748358213146139,,0.07267223428164168,,0.04748358213146139,,,0.13982511344063134,0.5981048941612244,0.13982511342911078,-1.1920928955078125e-07,0.01840829849243164,0.052281391620635984,0.1256324052810669,0.24607684612274172,0.3868153131008149,0.07946066221995657,Toys,3,visual,2.17735348136305,4.977102279663086,-1.6657129521884204,-7.094450950622559,-5.570308065414428,-4.166488838195801,-1.8019373416900635,1.0955973625183117,2.9475529193878174,1.9931818836271198,-0.02381788194179535,0.032249368727207184,run_hop,,,44,0.0033303380434135817,2.8393127848858057e-09,-0.0033303380431391853,-0.014245592057704926,-0.009213121589273215,-0.005861029215157032,-0.0029922977555543184,-0.0012452320195734498,-0.0004384466737974435,0.0018925846710394502,0.07021827526165429,0.1605084091424942,-0.05371819119192345,-0.22879156470298767,-0.17963891267776488,-0.13436663150787354,-0.058111343532800674,0.03533232361078266,0.09505672007799149,0.06427885749356617
0.12220513184377163,0.1482929880803409,,1,,0.0,0.0,0.009943651035428047,0.14514894783496857,0.12220513184377163,0.09987254440784454,0.10651727959513664,0.11302691027522087,0.12231491133570671,0.13114907443523408,0.1368734183907509,0,0.0,,0.006928260288227803,,0.021829498931765556,0.04692289948378962,,0.07765631054408766,,0.046922899452076255,,0.07765631054408766,,,0.11066428070899487,0.5270165205001831,0.11066428070899487,0.0,0.0017318463325500487,0.012875086069107058,0.09511229395866394,0.22957279086112978,0.3463636100292208,0.0842961849915737,Grocery,1,text,4.265824474340116,0.5843808650970459,-4.265438704641671,-8.546724319458008,-7.1340791559219365,-6.053323554992676,-4.317377090454102,-2.382168126106262,-0.9335939353704442,1.4072809379051745,0.04972274228930473,-0.04608955979347229,run_hop,,,42,0.005502531508159612,0.026204707100987434,0.005502531508159612,0.0,8.61121475463733e-05,0.0006401845777872951,0.0047292441595345736,0.011414988990873098,0.017222148645669233,0.00419143747834453,0.19660997221429136,0.39391475915908813,0.19659219225863248,-0.026933856308460236,0.043028933741152284,0.10979308113455773,0.1989860087633133,0.2789950102567673,0.32880656301975264,0.06486095896078414
0.12333636592536434,0.14782131318047265,,1,,0.0,0.0,0.009955819696187973,0.14647667109966278,0.12333636592536434,0.10083144903182983,0.10767225369811058,0.11409299969673156,0.12344247102737427,0.13232474327087404,0.13803661689162255,0,0.0,,0.006960879353734686,,0.03140289708971977,-0.011855575554479383,,0.014129777887874655,,-0.011855575088379014,,0.014129777887874655,,,0.12968396643739374,0.49820011854171753,0.12968396643739374,0.00012624263763427734,0.007185957431793212,0.04038208723068237,0.12071764469146729,0.23258126974105836,0.33127808630466465,0.07510554641659901,Grocery,2,text,4.265824474340116,0.5843808650970459,-4.265438704641671,-8.546724319458008,-7.1340791559219365,-6.053323554992676,-4.317377090454102,-2.382168126106262,-0.9335939353704442,1.4072809379051745,0.04972274228930473,-0.04608955979347229,run_hop,,,42,0.00644824244192395,0.024771876633167267,0.00644824244192395,6.277130069065606e-06,0.0003573055099695921,0.0020079081412404777,0.006002412177622318,0.011564578488469125,0.016472055558115244,0.003734453727389785,0.19660997221429136,0.39391475915908813,0.19659219225863248,-0.026933856308460236,0.043028933741152284,0.10979308113455773,0.1989860087633133,0.2789950102567673,0.32880656301975264,0.06486095896078414
0.11541586102304909,0.14883005187958923,,1,,0.0,0.0,0.00938495621085167,0.13725991547107697,0.11541586102304909,0.09417863190174103,0.10061998479068279,0.10669858008623123,0.11551190912723541,0.12387592867016792,0.12931892663240432,0,0.0,,0.0065630061953507735,,-0.04509580135345459,-0.0320635899894112,,-0.010560423648446901,,-0.032063589129797704,,-0.010560423648446901,,,0.15185941504597092,0.5172181129455566,0.15185941504597092,0.0001266002655029297,0.011869118809700012,0.05669313073158264,0.14400601387023926,0.2579710125923157,0.3563448125123978,0.07855040587148138,Grocery,3,text,4.265824474340116,0.5843808650970459,-4.265438704641671,-8.546724319458008,-7.1340791559219365,-6.053323554992676,-4.317377090454102,-2.382168126106262,-0.9335939353704442,1.4072809379051745,0.04972274228930473,-0.04608955979347229,run_hop,,,42,0.007550866554712382,0.02571750245988369,0.007550866554712382,6.2949125094746705e-06,0.0005901651183376088,0.0028189379023388027,0.007160373730584979,0.012827026471495629,0.0177184415794909,0.0039057415871383383,0.19660997221429136,0.39391475915908813,0.19659219225863248,-0.026933856308460236,0.043028933741152284,0.10979308113455773,0.1989860087633133,0.2789950102567673,0.32880656301975264,0.06486095896078414
0.0941591852671741,0.32201689551809376,,1,,0.0,0.0,0.016508212313055992,0.13435623049736023,0.0941591852671741,0.0688842386007309,0.07324736431241036,0.07918801754713059,0.09380319714546204,0.10950886607170104,0.12034662552177906,0,0.0,,0.011272287057554373,,-0.02398093231022358,-0.18035510600007323,,-0.15851793442600123,,0.18035510605017427,,0.15851793442600123,,,0.13174114960955,0.608220100402832,0.1317411495397308,-1.1920928955078125e-07,0.0018881142139434814,0.016788744926452638,0.11363661289215088,0.27176331281661986,0.4016068750619892,0.0991413700197903,Grocery,1,visual,2.519385870063577,8.386370658874512,1.0598782666591893,-7.945117950439453,-5.125089001655579,-2.783271145820618,0.9909180700778961,5.067359447479248,6.908636646270755,2.9035958797104033,-0.011878927238285542,-0.045469701290130615,run_hop,,,42,0.001564943530504244,1.4160784767014434e-09,-0.0015649435296748667,-0.007225002162158489,-0.0047706587612628935,-0.003228256665170193,-0.0013498810585588217,-0.00019943228107877065,-2.2428770826081742e-05,0.0011776931208467639,0.1145557229097457,0.36126214265823364,-0.048192348159439416,-0.38132578134536743,-0.3141336393356323,-0.2304113209247589,-0.045056747272610664,0.1265545055270195,0.23303626582026488,0.13202563726772537
0.0943196762824025,0.3218199045529362,,1,,0.0,0.0,0.016536010429263115,0.13463926315307617,0.0943196762824025,0.06901462376117706,0.07335819214582444,0.07933230474591255,0.09397587925195694,0.10968625396490098,0.12052547328174115,0,0.0,,0.01128819869767045,,-0.021833959966897964,-0.18939422553229524,,-0.18073251517358907,,0.18939422507989565,,0.18073251517358907,,,0.1538469507108601,0.5536609888076782,0.15384695069689627,-1.1920928955078125e-07,0.013547337651252746,0.04654244184494019,0.14393842220306396,0.27578147649765017,0.382407597899437,0.088218076936455,Grocery,2,visual,2.519385870063577,8.386370658874512,1.0598782666591893,-7.945117950439453,-5.125089001655579,-2.783271145820618,0.9909180700778961,5.067359447479248,6.908636646270755,2.9035958797104033,-0.011878927238285542,-0.045469701290130615,run_hop,,,42,0.0018275367333371818,1.4160784767014434e-09,-0.0018275367331713063,-0.006576898507773876,-0.004542591981589794,-0.0032759881345555187,-0.0017098340322263539,-0.000552874273853376,-0.00016092784091597422,0.001047936117384797,0.1145557229097457,0.36126214265823364,-0.048192348159439416,-0.38132578134536743,-0.3141336393356323,-0.2304113209247589,-0.045056747272610664,0.1265545055270195,0.23303626582026488,0.13202563726772537
0.09848865071769564,0.32010249408118935,,1,,0.0,0.0,0.017195235937833786,0.1402781456708908,0.09848865071769564,0.07217580080032349,0.07669268004596233,0.08291268795728683,0.09813977032899857,0.11443915069103243,0.12570084497332573,0,0.0,,0.011733044241216661,,0.026435421779751778,-0.19012971344123838,,-0.19182871431030366,,0.19012971318645705,,0.19182871431030366,,,0.18179454071901296,0.5563300848007202,0.18179454071901296,0.0,0.02147420585155487,0.06697463989257812,0.17346566915512085,0.3066234767436981,0.40824826717376717,0.09183527212843458,Grocery,3,visual,2.519385870063577,8.386370658874512,1.0598782666591893,-7.945117950439453,-5.125089001655579,-2.783271145820618,0.9909180700778961,5.067359447479248,6.908636646270755,2.9035958797104033,-0.011878927238285542,-0.045469701290130615,run_hop,,,42,0.0021595241215329464,-0.0,-0.0021595241215329464,-0.0066086044535040855,-0.004849551520310342,-0.003642358025535941,-0.0020605861209332943,-0.0007955868844874202,-0.0002550905290991065,0.0010909045155254801,0.1145557229097457,0.36126214265823364,-0.048192348159439416,-0.38132578134536743,-0.3141336393356323,-0.2304113209247589,-0.045056747272610664,0.1265545055270195,0.23303626582026488,0.13202563726772537
0.10551726432115492,0.023733482350569726,,1,,0.0,0.0,0.0013502761721611023,0.10892195999622345,0.10551726432115492,0.10251232981681824,0.10334827117621899,0.10424743816256524,0.10553823038935661,0.1067517302930355,0.10766341060400009,0,0.0,,0.0009608341371930277,,0.03390897810459137,0.4233675492439103,,0.4128325472451437,,0.4233675498915286,,0.4128325472451437,,,0.09769260354450915,0.5028505921363831,0.09769260354450915,0.0,0.0015364634990692138,0.011615496873855592,0.08366578817367554,0.20231823325157172,0.3139577710628511,0.0749872515983764,Grocery,1,text,2.2624179848783457,1.4120371341705322,-2.253013990807991,-5.607334613800049,-4.4109844303131105,-3.569728136062622,-2.2864573001861572,-0.9006357491016387,0.13614999264478725,1.0187713894825703,0.05625006556510925,-0.0090582724660635,run_hop,,,43,0.005495215352753084,0.028285378590226173,0.005495215352753084,0.0,8.642617183795664e-05,0.0006533724430482835,0.0047062060330063105,0.011380413919687275,0.017660144940018663,0.00421803781485327,0.020493598538548898,0.050792764872312546,0.020408414597956632,-0.012790617533028126,-0.001233283696928993,0.008158204052597285,0.020711353048682213,0.03233557008206844,0.03995589815080169,0.009228308825777288
0.10495557012580814,0.023244748148430083,,1,,0.0,0.0,0.0013265758752822876,0.10831458866596222,0.10495557012580814,0.10188744962215424,0.10281288117170334,0.10370454788208008,0.10498629882931709,0.10614421367645263,0.10701441191136837,0,0.0,,0.0009376135707410975,,0.026923324912786484,0.382310168910296,,0.38429917632868615,,0.38231016930215594,,0.38429917632868615,,,0.11586075960102664,0.4681187868118286,0.11586075960102664,0.00011861324310302734,0.0062890094518661495,0.03611282110214234,0.10735440254211426,0.20795978307724,0.30316905319690707,0.06774936448353147,Grocery,2,text,2.2624179848783457,1.4120371341705322,-2.253013990807991,-5.607334613800049,-4.4109844303131105,-3.569728136062622,-2.2864573001861572,-0.9006357491016387,0.13614999264478725,1.0187713894825703,0.05625006556510925,-0.0090582724660635,run_hop,,,43,0.006517175322390305,0.026331711560487747,0.006517175322390305,6.672002655250253e-06,0.0003537571875494905,0.002031348529271782,0.0060386923141777515,0.011697751190513373,0.017053279429674148,0.00381090619451789,0.020493598538548898,0.050792764872312546,0.020408414597956632,-0.012790617533028126,-0.001233283696928993,0.008158204052597285,0.020711353048682213,0.03233557008206844,0.03995589815080169,0.009228308825777288
0.09965021187443707,0.023543029477511742,,1,,0.0,0.0,0.0012752991169691086,0.10284941643476486,0.09965021187443707,0.0967111736536026,0.0975968824326992,0.09844357818365097,0.0996861383318901,0.10078964605927468,0.10161113440990448,0,0.0,,0.0009017072356108058,,-0.0320298969745636,0.3974530055506748,,0.40154257466463067,,0.39745300561443975,,0.40154257466463067,,,0.1366829901245951,0.48716676235198975,0.1366829901245951,0.0001188516616821289,0.010282765626907348,0.05125299692153931,0.12933820486068726,0.23337322473526004,0.3268886286020282,0.07122936486514465,Grocery,3,text,2.2624179848783457,1.4120371341705322,-2.253013990807991,-5.607334613800049,-4.4109844303131105,-3.569728136062622,-2.2864573001861572,-0.9006357491016387,0.13614999264478725,1.0187713894825703,0.05625006556510925,-0.0090582724660635,run_hop,,,43,0.00768842715505418,0.02740316279232502,0.00768842715505418,6.685413609375246e-06,0.0005784062395105138,0.002882984350435436,0.00727528240531683,0.013127259165048602,0.018387506622821112,0.004006656442803719,0.020493598538548898,0.050792764872312546,0.020408414597956632,-0.012790617533028126,-0.001233283696928993,0.008158204052597285,0.020711353048682213,0.03233557008206844,0.03995589815080169,0.009228308825777288
0.09117382219615663,0.22129972989675348,,1,,0.0,0.0,0.011363761499524117,0.11953011155128479,0.09117382219615663,0.07203695923089981,0.07737372115254403,0.08160217180848121,0.09049805253744125,0.1017789140343666,0.11057715833187104,0,0.0,,0.007739502626495814,,-0.025074200704693794,-0.12800042840866024,,-0.12171787870612612,,0.12800042854777202,,0.12171787870612612,,,0.1306306164857025,0.6300842761993408,0.13063061638795562,-1.1920928955078125e-07,0.001864296197891235,0.016296136379241946,0.11208564043045044,0.2700768649578095,0.40280794918537144,0.09863907972566906,Grocery,1,visual,2.6570430025447633,5.925848484039307,-2.060112479497961,-8.63435173034668,-6.665606498718262,-5.140441560745239,-2.187286138534546,1.2192955493927005,3.6536278152465824,2.419671971594495,-0.015270639210939407,0.038155969232320786,run_hop,,,43,0.001994813014292646,1.8204020513223895e-09,-0.0019948130127999887,-0.009621789678931236,-0.00615113502368331,-0.004124246444553136,-0.0017116193776018918,-0.00024885242455638927,-2.8468994842114432e-05,0.0015062817991983216,0.10138205109227243,0.22610649466514587,-0.07860558840544518,-0.3294520676136017,-0.25433268278837207,-0.1961385279893875,-0.08345802500844002,0.04652340412139894,0.13940771505236627,0.09232492934364946
0.09112490046212136,0.22158180083162854,,1,,0.0,0.0,0.011377254500985146,0.11950608342885971,0.09112490046212136,0.07205453515052795,0.0773247241973877,0.08156485110521317,0.09044916182756424,0.1017564706504345,0.11043248571455479,0,0.0,,0.007727903878919454,,-0.025325533002614975,-0.07674105956360344,,-0.08543588341168629,,0.07674105945151176,,0.08543588341168629,,,0.152440118761047,0.5428569316864014,0.1524401187331193,-1.1920928955078125e-07,0.012769121527671814,0.04651378393173218,0.14228206872940063,0.27271525263786317,0.3779061168432236,0.08750316450032303,Grocery,2,visual,2.6570430025447633,5.925848484039307,-2.060112479497961,-8.63435173034668,-6.665606498718262,-5.140441560745239,-2.187286138534546,1.2192955493927005,3.6536278152465824,2.419671971594495,-0.015270639210939407,0.038155969232320786,run_hop,,,43,0.002327858055576038,1.8204020513223895e-09,-0.0023278580551495645,-0.00828977208584547,-0.0057708679558709265,-0.004164536157622934,-0.002172738080844283,-0.0007102952280547469,-0.0001949926506495102,0.0013362292559892268,0.10138205109227243,0.22610649466514587,-0.07860558840544518,-0.3294520676136017,-0.25433268278837207,-0.1961385279893875,-0.08345802500844002,0.04652340412139894,0.13940771505236627,0.09232492934364946
0.09531365241037189,0.2205354650598688,,1,,0.0,0.0,0.011843999847769737,0.12487156689167023,0.09531365241037189,0.07545959204435349,0.0809520062804222,0.08535214886069298,0.09460458159446716,0.10637218952178956,0.11537140920758247,0,0.0,,0.008042580604658475,,0.024702051654458046,-0.05668551419561019,,-0.07419154027499499,,0.05668551404727458,,0.07419154027499499,,,0.1804649256474382,0.5461536645889282,0.18046492559158286,-1.1920928955078125e-07,0.020367448329925538,0.06698082089424134,0.17169928550720215,0.3042899310588837,0.4024940359592439,0.0913930709703113,Grocery,3,visual,2.6570430025447633,5.925848484039307,-2.060112479497961,-8.63435173034668,-6.665606498718262,-5.140441560745239,-2.187286138534546,1.2192955493927005,3.6536278152465824,2.419671971594495,-0.015270639210939407,0.038155969232320786,run_hop,,,43,0.00275581476951183,1.8204020513223895e-09,-0.0027558147686588827,-0.008340115658938885,-0.0061463413480669265,-0.004646701784804463,-0.0026219579158350825,-0.0010228399420157072,-0.0003110239564557556,0.001395630612383008,0.10138205109227243,0.22610649466514587,-0.07860558840544518,-0.3294520676136017,-0.25433268278837207,-0.1961385279893875,-0.08345802500844002,0.04652340412139894,0.13940771505236627,0.09232492934364946
0.11187135686041237,0.11454091441726869,,1,,0.0,0.0,0.006757879629731178,0.12942969799041748,0.11187135686041237,0.09591564536094666,0.10123040094971657,0.10557670742273331,0.11178603395819664,0.11839055493474007,0.12356979973614217,0,0.0,,0.004926032036228289,,0.014788906089961529,0.07065036937842772,,0.07951055388089825,,0.07065036948095901,,0.07951055388089825,,,0.11497417084643193,0.5254093408584595,0.11497417084643193,0.0,0.0017808294296264649,0.013960498571395875,0.1011347770690918,0.23490267395973205,0.348125741481781,0.085285518723123,Grocery,1,text,2.787470917258558,1.726324439048767,-2.7758821461987773,-7.299288749694824,-5.869957165718079,-4.543990135192871,-2.776198148727417,-1.0356491446495055,0.21472745954990766,1.3429559114216194,0.06514192372560501,-0.03682663291692734,run_hop,,,44,0.0074896386665804894,0.034226175397634506,0.0074896386665804894,0.0,0.00011600665464357007,0.0009094137523788959,0.006588113959878683,0.015302012115716935,0.022677580695599317,0.005555662753899945,0.10265316823583061,0.2688082158565521,0.1022263928178864,-0.06357471644878387,-0.007907689288258557,0.038139470666646955,0.10223802924156189,0.16733985990285874,0.21617075622081758,0.049456544376008785
0.11475622164877737,0.11456738823702271,,1,,0.0,0.0,0.006902236491441727,0.13276273012161255,0.11475622164877737,0.09852442890405655,0.10392154335975647,0.10829844698309898,0.11468156799674034,0.12144576758146286,0.12662951350212098,0,0.0,,0.005032586253442895,,0.042222391813993454,0.05882001502373979,,0.07471197009505989,,0.0588200157135228,,0.07471197009505989,,,0.13475887337584985,0.4557453393936157,0.13475887337584985,0.0001526474952697754,0.007777611613273618,0.043430858850479134,0.12769612669944763,0.23822798132896422,0.3312239754199982,0.07563790449152745,Grocery,2,text,2.787470917258558,1.726324439048767,-2.7758821461987773,-7.299288749694824,-5.869957165718079,-4.543990135192871,-2.776198148727417,-1.0356491446495055,0.21472745954990766,1.3429559114216194,0.06514192372560501,-0.03682663291692734,run_hop,,,44,0.008778452248605862,0.02968812733888626,0.008778452248605862,9.943751138052903e-06,0.0005066485761199145,0.0028291697613894943,0.008318371139466763,0.015518629178404807,0.02157656624913216,0.004927198600553451,0.10265316823583061,0.2688082158565521,0.1022263928178864,-0.06357471644878387,-0.007907689288258557,0.038139470666646955,0.10223802924156189,0.16733985990285874,0.21617075622081758,0.049456544376008785
0.10390248484241889,0.1160526381248169,,1,,0.0,0.0,0.006316715851426125,0.1203911080956459,0.10390248484241889,0.08906638622283936,0.09398355975747108,0.09797786176204681,0.10382192954421043,0.11003601923584938,0.11477812580764293,0,0.0,,0.0046121511464360335,,-0.07089406996965408,0.059867020247477164,,0.07213726998154574,,0.0598670210965534,,0.07213726998154574,,,0.15850000918309498,0.49537456035614014,0.15850000918309498,0.00015342235565185547,0.012256576418876649,0.061593097448348996,0.1522446870803833,0.26513046026229864,0.35726994633674625,0.07897680456341442,Grocery,3,text,2.787470917258558,1.726324439048767,-2.7758821461987773,-7.299288749694824,-5.869957165718079,-4.543990135192871,-2.776198148727417,-1.0356491446495055,0.21472745954990766,1.3429559114216194,0.06514192372560501,-0.03682663291692734,run_hop,,,44,0.010324995513868182,0.03226965293288231,0.010324995513868182,9.994227184506599e-06,0.0007984169811243191,0.00401229290291667,0.009917512070387602,0.01727110799401999,0.023273252472281458,0.005144700982088823,0.10265316823583061,0.2688082158565521,0.1022263928178864,-0.06357471644878387,-0.007907689288258557,0.038139470666646955,0.10223802924156189,0.16733985990285874,0.21617075622081758,0.049456544376008785
0.09414494439786723,0.3921105695745626,,1,,0.0,0.0,0.020450029522180557,0.14171387255191803,0.09414494439786723,0.06491269171237946,0.06916366644203663,0.07590653598308564,0.0935434103012085,0.112821763753891,0.12459264151751995,0,0.0,,0.013675839630717637,,-0.018472544848918915,-0.11086716752279932,,-0.09951571409912091,,0.11086716720322827,,0.09951571409912091,,,0.13572614439703673,0.5848966836929321,0.13572614436910907,-1.1920928955078125e-07,0.00201520562171936,0.017143416404724124,0.11720296740531921,0.2792423129081727,0.4081051599979401,0.10098201870145518,Grocery,1,visual,2.805956521714849,9.026495933532715,1.1715373647290999,-8.287089347839355,-5.320374321937561,-3.073381185531616,1.104742407798767,5.663543844223024,7.6716843557357794,3.218220152546301,-0.0016244894359260798,-0.05002881959080696,run_hop,,,44,0.00022048568778537493,1.9365423153949735e-10,-0.0002204856877400067,-0.0009501584572717547,-0.0006629625090863555,-0.00045362619275692847,-0.00019039498874917626,-2.784929874906082e-05,-3.2736802927502016e-06,0.00016404422257654405,0.1403786926469276,0.41459330916404724,-0.058610631475713,-0.45158493518829346,-0.3838053184747696,-0.2833404153585434,-0.05526895821094513,0.15375763177871704,0.26617204725742344,0.16100375546121637
0.09417173479883009,0.3921903249758903,,1,,0.0,0.0,0.020453667268157005,0.14171098172664642,0.09417173479883009,0.06493484228849411,0.06918534114956856,0.07592579498887062,0.09357275813817978,0.11285903826355934,0.12463194318115711,0,0.0,,0.013678631993668868,,-0.01812274008989334,-0.07532721390590238,,-0.07285307781836234,,0.07532721392910147,,0.07285307781836234,,,0.15667594967352585,0.5312744975090027,0.15667594967352585,0.0,0.013697250485420228,0.04784954190254212,0.14733433723449707,0.27936738729476934,0.3838959324359896,0.08884031474091694,Grocery,2,visual,2.805956521714849,9.026495933532715,1.1715373647290999,-8.287089347839355,-5.320374321937561,-3.073381185531616,1.104742407798767,5.663543844223024,7.6716843557357794,3.218220152546301,-0.0016244894359260798,-0.05002881959080696,run_hop,,,44,0.0002545184250745487,-0.0,-0.0002545184250745487,-0.0008630498195998371,-0.0006236348836682737,-0.0004538293636869639,-0.00023934306955197826,-7.773107427055946e-05,-2.2251039281400148e-05,0.0001443201527455807,0.1403786926469276,0.41459330916404724,-0.058610631475713,-0.45158493518829346,-0.3838053184747696,-0.2833404153585434,-0.05526895821094513,0.15375763177871704,0.26617204725742344,0.16100375546121637
0.09813448365202158,0.39048650156491643,,1,,0.0,0.0,0.02122078277170658,0.14736348390579224,0.09813448365202158,0.06776745617389679,0.0721887518465519,0.07919440791010857,0.09752389416098595,0.11751459911465645,0.1297090992331505,0,0.0,,0.014191121624926705,,0.027629101648926735,-0.06274113744913855,,-0.06754235893027577,,0.0627411373745827,,0.06754235893027577,,,0.18526740676767167,0.5426476001739502,0.18526740676767167,0.0,0.020376098752021787,0.06865102648735047,0.17858541011810303,0.3102837443351746,0.41354444444179544,0.09286992229435949,Grocery,3,visual,2.805956521714849,9.026495933532715,1.1715373647290999,-8.287089347839355,-5.320374321937561,-3.073381185531616,1.104742407798767,5.663543844223024,7.6716843557357794,3.218220152546301,-0.0016244894359260798,-0.05002881959080696,run_hop,,,44,0.0003009649450247505,-0.0,-0.0003009649450247505,-0.0008815252804197371,-0.000671798592666164,-0.0005040526448283345,-0.00029011011065449566,-0.00011152286606375127,-3.310075571789635e-05,0.00015086620762172622,0.1403786926469276,0.41459330916404724,-0.058610631475713,-0.45158493518829346,-0.3838053184747696,-0.2833404153585434,-0.05526895821094513,0.15375763177871704,0.26617204725742344,0.16100375546121637
0.113382530579452,0.2732232126327948,,1,,0.0,0.0,0.016396963968873024,0.16175433993339539,0.113382530579452,0.07581508159637451,0.08887517638504505,0.09935168921947479,0.11162468418478966,0.130330428481102,0.14518545046448714,0,0.0,,0.012221641454187304,,0.03192855045199394,-0.00437234442440122,,-0.03623432668027498,,-0.0043723442850900724,,-0.03623432668027498,,,0.047491446707771195,0.6835627555847168,0.04749144667119121,-2.384185791015625e-07,0.0007265359163284302,0.0032907724380493164,0.02809321880340576,0.1175808310508728,0.2587849438190467,0.05557970104736119,ele-fashion,1,text,1.8690226926389195,7.845702171325684,1.5234808800063646,-5.16287899017334,-2.4831358909606935,-0.6327002346515656,1.3428977131843567,4.005986452102661,5.8994197368621855,1.8202333765908554,0.04680072143673897,0.06616969406604767,run_hop,,,42,0.0022226339682788693,0.031991228461265564,0.0022226339665668998,-1.1158161505875341e-08,3.4002405664068645e-05,0.00015401052223751321,0.0013147828867658973,0.005502867745235562,0.012111322209239038,0.0026011701059959727,0.12367265980229399,0.5191476941108704,0.10080826377115312,-0.3416261374950409,-0.16430834606289862,-0.04186558164656162,0.08885912969708443,0.2650749087333679,0.39036280214786545,0.12044428569391914
0.1151013991604407,0.27291122318284977,,1,,0.0,0.0,0.016654962673783302,0.16401468217372894,0.1151013991604407,0.07663697004318237,0.09033872373402119,0.10084981098771095,0.11329049244523048,0.13226227462291718,0.14727263152599335,0,0.0,,0.012381428671432791,,0.04757128655910492,-0.004386314916364007,,0.013903170385628844,,-0.004386314796518937,,0.013903170385628844,,,0.07675049090688807,0.52447110414505,0.07675049088737874,-1.1920928955078125e-07,0.004075527191162109,0.02170225977897644,0.06349813938140869,0.14936566352844238,0.2661311566829682,0.0551556045617978,ele-fashion,2,text,1.8690226926389195,7.845702171325684,1.5234808800063646,-5.16287899017334,-2.4831358909606935,-0.6327002346515656,1.3428977131843567,4.005986452102661,5.8994197368621855,1.8202333765908554,0.04680072143673897,0.06616969406604767,run_hop,,,42,0.0035919783454750236,0.02454562671482563,0.0035919783445619727,-5.579080752937671e-09,0.00019073761359322816,0.001015681424178183,0.002971758716739714,0.006990420864894986,0.01245513032190502,0.0025813220854573092,0.12367265980229399,0.5191476941108704,0.10080826377115312,-0.3416261374950409,-0.16430834606289862,-0.04186558164656162,0.08885912969708443,0.2650749087333679,0.39036280214786545,0.12044428569391914
0.10505516689779121,0.27591242256128345,,1,,0.0,0.0,0.015386629849672318,0.15028658509254456,0.10505516689779121,0.06974715739488602,0.08230819068849086,0.09191528335213661,0.1033656857907772,0.12090130895376205,0.1347827211022377,0,0.0,,0.011427642659583003,,-0.056097716093063354,-0.024285423212397673,,0.0001939442538767572,,-0.024285423553379346,,0.0001939442538767572,,,0.09619731924036502,0.6005901098251343,0.09619731923061037,-1.1920928955078125e-07,0.006627246737480164,0.029603511095046997,0.08222886919975281,0.18071776628494263,0.31029295921325684,0.06404588450095436,ele-fashion,3,text,1.8690226926389195,7.845702171325684,1.5234808800063646,-5.16287899017334,-2.4831358909606935,-0.6327002346515656,1.3428977131843567,4.005986452102661,5.8994197368621855,1.8202333765908554,0.04680072143673897,0.06616969406604767,run_hop,,,42,0.004502103939579748,0.028108051046729088,0.004502103939123222,-5.579080752937671e-09,0.00031015992135507986,0.001385465671774,0.003848370397463441,0.008457722142338753,0.01452193409204483,0.002997393599313047,0.12367265980229399,0.5191476941108704,0.10080826377115312,-0.3416261374950409,-0.16430834606289862,-0.04186558164656162,0.08885912969708443,0.2650749087333679,0.39036280214786545,0.12044428569391914
0.16506918142207042,0.7017277269658231,,1,,0.0,0.0,0.06171868368983269,0.29567670822143555,0.16506918142207042,0.08624935895204544,0.10287626124918461,0.1162402369081974,0.15722192078828812,0.2320738583803177,0.26691438853740695,0,0.0,,0.042536222136668904,,0.06760011613368988,-0.2566437721043531,,-0.3006492873753094,,-0.2566437721043579,,-0.3006492873753094,,,0.06530925306205144,0.6615153551101685,0.06530925290109951,-1.1920928955078125e-07,5.960464477539063e-08,0.0033479034900665283,0.03573387861251831,0.17061567306518555,0.3368207126855851,0.07608855022008289,ele-fashion,1,visual,5.072654969155665,13.448454856872559,5.049527107234507,-2.5162546634674072,-0.44383186250925066,1.0139834880828857,4.754163026809692,9.92609453201294,11.918843936920167,3.230354422909855,0.0706821084022522,0.09378410130739212,run_hop,,,42,0.004616195704911285,0.046757299453020096,0.004616195693534863,-8.42596392658379e-09,4.212981963291895e-09,0.00023663687898078933,0.002525745891034603,0.012059475760906935,0.023807198181748396,0.005378099155177023,0.47573438760255454,1.2612512111663818,0.4735653618569544,-0.2359846830368042,-0.041624372266232966,0.09509553015232086,0.4458649009466171,0.9309098720550537,1.1177980542182924,0.30295588664977874
0.16564060407513426,0.7019288998580627,,1,,0.0,0.0,0.06197117269039154,0.29658961296081543,0.16564060407513426,0.08638022094964981,0.1032147329300642,0.11660691350698471,0.1578890010714531,0.23287484049797058,0.2677328586578369,0,0.0,,0.04268704314945562,,0.06955590099096298,-0.22901037415352882,,-0.21588470415475022,,-0.22901037425706666,,-0.21588470415475022,,,0.09606918044147629,0.5393075942993164,0.09606918036831631,-1.1920928955078125e-07,0.0037525296211242676,0.027168691158294678,0.07994243502616882,0.18935897946357727,0.3065239101648332,0.06696101160741295,ele-fashion,2,visual,5.072654969155665,13.448454856872559,5.049527107234507,-2.5162546634674072,-0.44383186250925066,1.0139834880828857,4.754163026809692,9.92609453201294,11.918843936920167,3.230354422909855,0.0706821084022522,0.09378410130739212,run_hop,,,42,0.0067903722265675445,0.038119398057460785,0.006790372221396445,-8.42596392658379e-09,0.00026523671112954617,0.0019203404081054032,0.00565049983561039,0.013384291902184486,0.021665755659341823,0.004732945479988057,0.47573438760255454,1.2612512111663818,0.4735653618569544,-0.2359846830368042,-0.041624372266232966,0.09509553015232086,0.4458649009466171,0.9309098720550537,1.1177980542182924,0.30295588664977874
0.14540693284684783,0.7194470499691491,,1,,0.0,0.0,0.05553261190652847,0.26483431458473206,0.14540693284684783,0.07483328878879547,0.08966449275612831,0.10147442668676376,0.138238362967968,0.20608701556921005,0.2380620539188385,0,0.0,,0.03844905974635329,,-0.08799106627702713,-0.2649640879070175,,-0.25219159143285436,,-0.26496408802516414,,-0.25219159143285436,,,0.11590141053944342,0.6021983027458191,0.11590141047847677,-1.1920928955078125e-07,0.006755352020263672,0.037714987993240356,0.10067316889762878,0.2172304391860962,0.34202038645744365,0.07313247986346223,ele-fashion,3,visual,5.072654969155665,13.448454856872559,5.049527107234507,-2.5162546634674072,-0.44383186250925066,1.0139834880828857,4.754163026809692,9.92609453201294,11.918843936920167,3.230354422909855,0.0706821084022522,0.09378410130739212,run_hop,,,42,0.008192156063627136,0.042564645409584045,0.008192156059317885,-8.42596392658379e-09,0.00047748253564350307,0.0026657747803255916,0.007115791784599423,0.015354305505752563,0.024174722097814114,0.005169157869339132,0.47573438760255454,1.2612512111663818,0.4735653618569544,-0.2359846830368042,-0.041624372266232966,0.09509553015232086,0.4458649009466171,0.9309098720550537,1.1177980542182924,0.30295588664977874
0.1067936245021362,0.2741420261074433,,1,,0.0,0.0,0.015261173248291016,0.14775393903255463,0.1067936245021362,0.08070116490125656,0.08794704973697662,0.09376624599099159,0.10531069710850716,0.12304286658763885,0.13474441170692444,0,0.0,,0.011041741371437683,,0.017560457810759544,0.08085832810120032,,0.051674632212509675,,0.08085832818079063,,0.051674632212509675,,,0.045009860817725636,0.7786000370979309,0.04500986077382966,-1.1920928955078125e-07,0.000655597448348999,0.0030878782272338867,0.026001036167144775,0.11147630214691162,0.25827878117561426,0.054302545710276866,ele-fashion,1,text,1.8746403720533307,4.918386459350586,-0.9414311013461664,-8.1692476272583,-6.1348775863647464,-4.11427640914917,-0.7410474419593811,1.7476954460144043,3.106355452537537,2.1911487104429748,0.03990224748849869,-0.051860179752111435,run_hop,,,43,0.0017959946055630786,0.03106789104640484,0.0017959946038115305,-4.756718574583374e-09,2.6159811113757314e-05,0.00012321327812969685,0.0010374998091720045,0.00444815494120121,0.010305904131382737,0.0021667936182064827,0.09721918668273032,0.4236586391925812,0.048822786157824156,-0.2550683915615082,-0.16109614744782447,-0.09063579887151718,0.03843085467815399,0.21336711198091507,0.3181558459997178,0.11363336600072899
0.10916532019908347,0.27328009963220035,,1,,0.0,0.0,0.015599992126226425,0.15093129873275757,0.10916532019908347,0.08272281289100647,0.08992372453212738,0.09585798159241676,0.10766220092773438,0.12569069117307663,0.13760185539722444,0,0.0,,0.011252527329078148,,0.04107043147087097,0.07747803823826603,,0.11213326551402539,,0.07747803849149894,,0.11213326551402539,,,0.07372949929263996,0.5971770882606506,0.0737294992828853,-1.1920928955078125e-07,0.004097282886505127,0.020021647214889526,0.059816449880599976,0.14521047472953796,0.26514116525650067,0.0549277649190957,ele-fashion,2,text,1.8746403720533307,4.918386459350586,-0.9414311013461664,-8.1692476272583,-6.1348775863647464,-4.11427640914917,-0.7410474419593811,1.7476954460144043,3.106355452537537,2.1911487104429748,0.03990224748849869,-0.051860179752111435,run_hop,,,43,0.0029419727272805532,0.02382870763540268,0.00294197272689132,-4.756718574583374e-09,0.00016349079669453204,0.0007989087316673249,0.0023868107236921787,0.005794224329292774,0.010579728195443767,0.0021917412688082045,0.09721918668273032,0.4236586391925812,0.048822786157824156,-0.2550683915615082,-0.16109614744782447,-0.09063579887151718,0.03843085467815399,0.21336711198091507,0.3181558459997178,0.11363336600072899
0.1011172979343849,0.27574678391507706,,1,,0.0,0.0,0.014583854004740715,0.1404453068971634,0.1011172979343849,0.07661215960979462,0.08320078998804092,0.08867814019322395,0.09969314932823181,0.116560909897089,0.12772506922483448,0,0.0,,0.010520320504805145,,-0.04537411406636238,0.06425779266905039,,0.10793547262760836,,0.06425779262246048,,0.10793547262760836,,,0.09282082908807048,0.6900439262390137,0.09282082907831582,-1.1920928955078125e-07,0.006707501411437988,0.027589470148086548,0.07742512226104736,0.1776089072227478,0.3121527433395388,0.0646260631530987,ele-fashion,3,text,1.8746403720533307,4.918386459350586,-0.9414311013461664,-8.1692476272583,-6.1348775863647464,-4.11427640914917,-0.7410474419593811,1.7476954460144043,3.106355452537537,2.1911487104429748,0.03990224748849869,-0.051860179752111435,run_hop,,,43,0.0037037596940116893,0.027534304186701775,0.0037037596936224564,-4.756718574583374e-09,0.0002676443866221234,0.0011008818983100355,0.0030894364463165402,0.007086994592100382,0.012455595843493946,0.00257872516588783,0.09721918668273032,0.4236586391925812,0.048822786157824156,-0.2550683915615082,-0.16109614744782447,-0.09063579887151718,0.03843085467815399,0.21336711198091507,0.3181558459997178,0.11363336600072899
0.16992316826680515,0.8456859898305019,,1,,0.0,0.0,0.07871467247605324,0.29314807057380676,0.16992316826680515,0.08036626130342484,0.09335038289427758,0.10653431713581085,0.16187801957130432,0.2502359598875046,0.2752206325531006,0,0.0,,0.05098479653955924,,0.05309072881937027,-0.29784040618104785,,-0.35850460460832734,,-0.29784040626353253,,-0.35850460460832734,,,0.06135192445366145,0.6934685707092285,0.06135192425125221,-2.384185791015625e-07,5.960464477539063e-08,0.002950906753540039,0.03238573670387268,0.16202408075332642,0.3347569048404694,0.0742663154557188,ele-fashion,1,visual,6.088588237795573,3.5090723037719727,-5.947336961779596,-14.718046188354492,-13.681290626525879,-12.17131233215332,-5.764111757278442,-0.13840635120868683,1.5623220503330262,4.244323581145571,0.0684422105550766,-0.08586002141237259,run_hop,,,43,0.004199061332177291,0.047462522983551025,0.004199061318323955,-1.6317894591111326e-08,4.0794736477778315e-09,0.00020196658442728221,0.0022165513364598155,0.011089286301285028,0.02291150260716677,0.005082950802850295,0.5227663163759048,1.263691782951355,0.5106384787945759,-0.30128902196884155,-0.1341410033404827,0.011883572675287724,0.4949067533016205,1.045029103755951,1.1746759414672852,0.3644177133999989
0.1726893572515477,0.8428029857534282,,1,,0.0,0.0,0.07988331839442253,0.29707959294319153,0.1726893572515477,0.08175773918628693,0.09497022405266761,0.10836642235517502,0.16465099900960922,0.25390952825546265,0.279046893119812,0,0.0,,0.05163982205633744,,0.070982925593853,-0.30018342726794095,,-0.30663408870950853,,-0.30018342730834213,,-0.30663408870950853,,,0.08942011988885083,0.5652425289154053,0.08942011981569087,-1.1920928955078125e-07,0.00431746244430542,0.022506028413772583,0.07172280550003052,0.18190130591392517,0.3069926351308823,0.0669194276313921,ele-fashion,2,visual,6.088588237795573,3.5090723037719727,-5.947336961779596,-14.718046188354492,-13.681290626525879,-12.17131233215332,-5.764111757278442,-0.13840635120868683,1.5623220503330262,4.244323581145571,0.0684422105550766,-0.08586002141237259,run_hop,,,43,0.0061201106720972336,0.038686446845531464,0.006120110667090004,-8.158947295555663e-09,0.00029549666360253465,0.0015403623110614717,0.004908867413178086,0.012449727393686771,0.021011254843324428,0.004580113553529758,0.5227663163759048,1.263691782951355,0.5106384787945759,-0.30128902196884155,-0.1341410033404827,0.011883572675287724,0.4949067533016205,1.045029103755951,1.1746759414672852,0.3644177133999989
0.15131898339146352,0.864329335736541,,1,,0.0,0.0,0.07155220210552216,0.2645445764064789,0.15131898339146352,0.07046108692884445,0.08207641020417214,0.09381868690252304,0.14377717673778534,0.22460812330245972,0.24775554314255716,0,0.0,,0.046438429103211644,,-0.09061907976865768,-0.3421003406588511,,-0.35070080557231276,,-0.3421003405759726,,-0.35070080557231276,,,0.10745231189182596,0.5906770825386047,0.10745231182110465,-1.1920928955078125e-07,0.0065950751304626465,0.030295729637145996,0.09035596251487732,0.20948034524917603,0.34193718731403366,0.07396712290947527,ele-fashion,3,visual,6.088588237795573,3.5090723037719727,-5.947336961779596,-14.718046188354492,-13.681290626525879,-12.17131233215332,-5.764111757278442,-0.13840635120868683,1.5623220503330262,4.244323581145571,0.0684422105550766,-0.08586002141237259,run_hop,,,43,0.007354273755667255,0.04042724519968033,0.0073542737508269325,-8.158947295555663e-09,0.0004513815219979733,0.0020735065918415785,0.006184161640703678,0.01433729799464345,0.023402937315404427,0.005062473403192016,0.5227663163759048,1.263691782951355,0.5106384787945759,-0.30128902196884155,-0.1341410033404827,0.011883572675287724,0.4949067533016205,1.045029103755951,1.1746759414672852,0.3644177133999989
0.1103743031575864,0.259474191108379,,1,,0.0,0.0,0.013521753251552582,0.14784590899944305,0.1103743031575864,0.07559588551521301,0.08681485764682292,0.09659804031252861,0.10990523919463158,0.12523732334375381,0.1352215744554997,0,0.0,,0.010666183147410701,,0.02518208883702755,0.0771968374799823,,0.10026181313061035,,0.0771968375389139,,0.10026181313061035,,,0.04585358183880893,0.6932733058929443,0.04585358182417693,-2.384185791015625e-07,0.0007089376449584961,0.0032510757446289062,0.027139514684677124,0.11285880208015442,0.2535574138164522,0.05395177837867816,ele-fashion,1,text,1.732602209301118,6.564427852630615,1.2448561227114476,-5.270532608032227,-2.8888344764709473,-1.0417009592056274,1.2443444728851318,3.58835768699646,4.978924608230597,1.7271112296035798,0.046251989901065826,0.06296951323747635,run_hop,,,44,0.0021208194042691437,0.032065268605947495,0.002120819403592385,-1.1027333712831933e-08,3.278977601439692e-05,0.00015036872355267406,0.0012552565895020962,0.005219944287091494,0.011727535305544743,0.002495377109067776,0.10910111775687797,0.4133588373661041,0.07838798409397332,-0.33188286423683167,-0.1819085031747818,-0.06559540331363678,0.07835576683282852,0.22595714032649994,0.3135204598307613,0.10875535342834386
0.11265632572775118,0.2581724926038788,,1,,0.0,0.0,0.013782382011413574,0.15040618181228638,0.11265632572775118,0.07728658616542816,0.08872775323688983,0.09867986291646957,0.1121627725660801,0.12776462733745575,0.13788210898637776,0,0.0,,0.01083509329316218,,0.046900421380996704,-0.019477377568297205,,-0.016497664571027793,,-0.019477377947087635,,-0.016497664571027793,,,0.07529672471663859,0.49254822731018066,0.0752967247093226,-1.1920928955078125e-07,0.004214048385620117,0.021262168884277344,0.06209859251976013,0.1460391879081726,0.26394526958465586,0.05442590473192673,ele-fashion,2,text,1.732602209301118,6.564427852630615,1.2448561227114476,-5.270532608032227,-2.8888344764709473,-1.0417009592056274,1.2443444728851318,3.58835768699646,4.978924608230597,1.7271112296035798,0.046251989901065826,0.06296951323747635,run_hop,,,44,0.003482623351926964,0.022781334817409515,0.0034826233515885844,-5.513666856415966e-09,0.00019490811973810196,0.000983417616225779,0.0028721834532916546,0.006754603004083037,0.012207994144409899,0.0025173063966523034,0.10910111775687797,0.4133588373661041,0.07838798409397332,-0.33188286423683167,-0.1819085031747818,-0.06559540331363678,0.07835576683282852,0.22595714032649994,0.3135204598307613,0.10875535342834386
0.10336223022794211,0.2606832774115461,,1,,0.0,0.0,0.012765783816576004,0.13852179050445557,0.10336223022794211,0.07070545852184296,0.0812730297446251,0.09043225646018982,0.10288813337683678,0.11737706139683723,0.12677448987960815,0,0.0,,0.010035379187209871,,-0.05061342939734459,-0.05530541359631838,,-0.04797967393195244,,-0.055305413321358396,,-0.04797967393195244,,,0.0946160738797829,0.5728337168693542,0.0946160738724669,-1.1920928955078125e-07,0.006905868649482727,0.02938675880432129,0.08059990406036377,0.1780293583869934,0.3095725506544116,0.06358268955410001,ele-fashion,3,text,1.732602209301118,6.564427852630615,1.2448561227114476,-5.270532608032227,-2.8888344764709473,-1.0417009592056274,1.2443444728851318,3.58835768699646,4.978924608230597,1.7271112296035798,0.046251989901065826,0.06296951323747635,run_hop,,,44,0.004376181693648064,0.026494698598980904,0.004376181693309685,-5.513666856415966e-09,0.0003194101576809771,0.0013591960887424648,0.0037279059179127216,0.008234211709350348,0.014318346465006484,0.002940825914452408,0.10910111775687797,0.4133588373661041,0.07838798409397332,-0.33188286423683167,-0.1819085031747818,-0.06559540331363678,0.07835576683282852,0.22595714032649994,0.3135204598307613,0.10875535342834386
0.16945887183782693,0.8491586032025727,,1,,0.0,0.0,0.0748865008354187,0.3167647421360016,0.16945887183782693,0.0795380100607872,0.0951317809522152,0.11040925979614258,0.15652570873498917,0.25430671870708466,0.2935211002826692,0,0.0,,0.052582903996657666,,0.06692714989185333,-0.2662164232862122,,-0.30993818457646066,,-0.26621642319312866,,-0.30993818457646066,,,0.061683280364026746,0.6355266571044922,0.06168328020551348,-1.1920928955078125e-07,5.960464477539063e-08,0.0031494498252868652,0.03340908885002136,0.16154161095619202,0.32215730547905,0.07257186281872424,ele-fashion,1,visual,5.150550752779475,3.272268295288086,-5.052999973547159,-13.97168254852295,-12.832187080383301,-10.79488754272461,-4.52174711227417,-0.3834005743265152,1.3081063807010656,3.751103395220536,0.07634152472019196,-0.097446970641613,run_hop,,,44,0.004708995674086371,0.048517074435949326,0.004708995661985226,-9.100618925117487e-09,4.550309462558744e-09,0.00024043380108196288,0.002550500794313848,0.012332332786172628,0.024593980051577116,0.005540246662154725,0.5019055680557213,1.3614981174468994,0.4923995401354445,-0.3188726305961609,-0.1274710051715374,0.03736122325062752,0.44063055515289307,1.0519290566444397,1.2504577755928048,0.3655336625783644
0.17098390288803253,0.8480229994997864,,1,,0.0,0.0,0.07553570345044136,0.31903257966041565,0.17098390288803253,0.08018504083156586,0.09600813575088978,0.11141407489776611,0.15799430012702942,0.2564123570919037,0.29569610953330994,0,0.0,,0.05296728666172927,,0.07565761357545853,-0.2550585390653437,,-0.2430281380876704,,-0.2550585391040339,,-0.2430281380876704,,,0.09079565167661174,0.5412430167198181,0.09079565158638113,-1.1920928955078125e-07,0.0029571056365966797,0.02452564239501953,0.07470703125,0.18093982338905334,0.29327606856822996,0.06441368599953416,ele-fashion,2,visual,5.150550752779475,3.272268295288086,-5.052999973547159,-13.97168254852295,-12.832187080383301,-10.79488754272461,-4.52174711227417,-0.3834005743265152,1.3081063807010656,3.751103395220536,0.07634152472019196,-0.097446970641613,run_hop,,,44,0.006931478487527433,0.04131931811571121,0.006931478480639089,-9.100618925117487e-09,0.00022574995819013566,0.0018723249668255448,0.0057032485492527485,0.013813221827149391,0.02238914240151646,0.0049174390039731794,0.5019055680557213,1.3614981174468994,0.4923995401354445,-0.3188726305961609,-0.1274710051715374,0.03736122325062752,0.44063055515289307,1.0519290566444397,1.2504577755928048,0.3655336625783644
0.14857806227722498,0.8719333924013364,,1,,0.0,0.0,0.06715465895831585,0.28296422958374023,0.14857806227722498,0.0684032216668129,0.08226731903851033,0.09565761685371399,0.13666944205760956,0.22520779073238373,0.2613129064440728,0,0.0,,0.04740255631844622,,-0.09599373489618301,-0.2978394289610497,,-0.2850867018774738,,-0.2978394288906856,,-0.2850867018774738,,,0.10927487742227045,0.5660682916641235,0.10927487732472382,-1.1920928955078125e-07,0.005007505416870117,0.03349578380584717,0.09444069862365723,0.20779281854629517,0.3260368257761004,0.07057309557439405,ele-fashion,3,visual,5.150550752779475,3.272268295288086,-5.052999973547159,-13.97168254852295,-12.832187080383301,-10.79488754272461,-4.52174711227417,-0.3834005743265152,1.3081063807010656,3.751103395220536,0.07634152472019196,-0.097446970641613,run_hop,,,44,0.008342210755906201,0.04321451485157013,0.008342210748459344,-9.100618925117487e-09,0.00038228058838285506,0.002557119238190353,0.007209746865555644,0.01586322020739317,0.024890148453414456,0.005387657721168763,0.5019055680557213,1.3614981174468994,0.4923995401354445,-0.3188726305961609,-0.1274710051715374,0.03736122325062752,0.44063055515289307,1.0519290566444397,1.2504577755928048,0.3655336625783644
0.10422289001867803,0.33139337175231,,1,,0.0,0.0,0.018070900812745094,0.1438758373260498,0.10422289001867803,0.08099765330553055,0.0850106368213892,0.08991248980164528,0.10106180608272552,0.12445126473903656,0.13478291258215905,0,0.0,,0.012715075010318037,,0.01814071089029312,0.03171763150979958,,0.08828887211352483,,0.03171763197485083,,0.08828887211352483,,,0.14859022197294974,0.6163687109947205,0.14859022197294974,0.0,0.01723901689052582,0.06078151464462281,0.13911190629005432,0.24797368049621588,0.3566621327400206,0.07430835093519722,Reddit-S,1,text,2.2993121375277057,8.2537841796875,0.28551008643498627,-5.471243381500244,-4.279216213226318,-2.994803714752197,-0.3113179951906204,4.695181798934937,6.669655842781067,2.8105161117065345,0.049793582409620285,0.047191083431243896,run_hop,,,42,0.0073988394613586925,0.030691206455230713,0.0073988394613586925,0.0,0.0008583923865808174,0.003026529378257692,0.006926880218088627,0.01234749769791961,0.017759484574198715,0.0037000789951655575,0.1085070309540329,0.3895050287246704,0.013473530318974835,-0.2581939101219177,-0.2019408430159092,-0.14132803380489348,-0.014691433403640985,0.22157071828842165,0.31474827975034714,0.13263130036642853
0.10535411176774372,0.33086342454398826,,1,,0.0,0.0,0.01825130358338356,0.14535412192344666,0.10535411176774372,0.08189862966537476,0.0859494149684906,0.09091151431202889,0.10216726362705231,0.12576933652162553,0.136178125590086,0,0.0,,0.012833617554403922,,0.030184822157025337,0.02655602905274223,,0.08231550390606039,,0.026556028939540725,,0.08231550390606039,,,0.14935578456671414,0.6199406385421753,0.14935578453671305,-1.1920928955078125e-07,0.016677742004394532,0.05986533164978028,0.13932880759239197,0.25114773511886596,0.36187680184841153,0.07595526611270423,Reddit-S,2,text,2.2993121375277057,8.2537841796875,0.28551008643498627,-5.471243381500244,-4.279216213226318,-2.994803714752197,-0.3113179951906204,4.695181798934937,6.669655842781067,2.8105161117065345,0.049793582409620285,0.047191083431243896,run_hop,,,42,0.0074369595665980505,0.03086906485259533,0.007436959565104189,-5.9358575832391125e-09,0.0008304445177782328,0.0029809093335643414,0.006937680533155799,0.012505545374006034,0.018019142504781482,0.0037820848000809934,0.1085070309540329,0.3895050287246704,0.013473530318974835,-0.2581939101219177,-0.2019408430159092,-0.14132803380489348,-0.014691433403640985,0.22157071828842165,0.31474827975034714,0.13263130036642853
0.09806319041433342,0.33361905580452134,,1,,0.0,0.0,0.017118604853749275,0.13569362461566925,0.09806319041433342,0.07608342915773392,0.07987446002662182,0.08451630994677543,0.0950636938214302,0.11723205894231796,0.12703667625784873,0,0.0,,0.012048123346056308,,-0.04978390783071518,0.021706584081883362,,0.07741925375574098,,0.021706583720859728,,0.07741925375574098,,,0.14942675243912665,0.6197866201400757,0.14942675240912556,-1.1920928955078125e-07,0.016683186888694763,0.059853094816207895,0.13931477069854736,0.25085694789886476,0.36230737566947935,0.07601084960338628,Reddit-S,3,text,2.2993121375277057,8.2537841796875,0.28551008643498627,-5.471243381500244,-4.279216213226318,-2.994803714752197,-0.3113179951906204,4.695181798934937,6.669655842781067,2.8105161117065345,0.049793582409620285,0.047191083431243896,run_hop,,,42,0.007440493311721159,0.030861396342515945,0.007440493310227296,-5.9358575832391125e-09,0.0008307156281080097,0.0029802999459207064,0.00693698157556355,0.012491066288203002,0.018040582686662674,0.003784852502970774,0.1085070309540329,0.3895050287246704,0.013473530318974835,-0.2581939101219177,-0.2019408430159092,-0.14132803380489348,-0.014691433403640985,0.22157071828842165,0.31474827975034714,0.13263130036642853
0.10789970304932747,0.30556588913459515,,1,,0.0,0.0,0.016229987144470215,0.1596330851316452,0.10789970304932747,0.08132024109363556,0.08132024109363556,0.09398304969072342,0.10602741688489914,0.12695351839065552,0.1452753458917141,0,0.0,,0.013424411347331614,,0.020465150475502014,0.2624237923019128,,0.36597418045620544,,0.26242379225135565,,0.36597418045620544,,,0.09659473417809404,0.7750665545463562,0.09659473414809296,-1.1920928955078125e-07,1.1920928955078125e-07,0.021584761142730714,0.07349464297294617,0.20186830759048463,0.4116933292150495,0.08390389302228912,Reddit-S,1,visual,2.1151859008212672,9.723899841308594,1.0245585793463505,-4.7084479331970215,-4.7084479331970215,-1.7395418643951417,0.7923352718353271,4.6521397113800065,7.626431508064268,2.591996368827386,0.03165503963828087,0.052625250071287155,run_hop,,,42,0.003057710139586855,0.024534761905670166,0.0030577101386371694,-3.773574785981282e-09,3.773574785981282e-09,0.0006832664483226835,0.0023264758056029677,0.006390149146318436,0.01303216876462101,0.0026559810584050303,0.11131218673987486,0.5117226839065552,0.0539176517192037,-0.24778324365615845,-0.24778324365615845,-0.09154382571578026,0.04169684089720249,0.24482001066207892,0.4013428786396979,0.13640445654320743
0.10819934718559279,0.30542193003401674,,1,,0.0,0.0,0.016270417720079422,0.16002991795539856,0.10819934718559279,0.08155803382396698,0.08155803382396698,0.09425054416060448,0.10632036626338959,0.1272969976067543,0.14566848397254942,0,0.0,,0.013454602923440214,,0.02364407293498516,0.25318561486076147,,0.35985413428584434,,0.2531856148965856,,0.35985413428584434,,,0.09466785936516396,0.7746825218200684,0.09466785933516289,-1.1920928955078125e-07,1.1920928955078125e-07,0.02074342966079712,0.07138893008232117,0.19769699573516847,0.41103855252265914,0.08375805098013869,Reddit-S,2,visual,2.1151859008212672,9.723899841308594,1.0245585793463505,-4.7084479331970215,-4.7084479331970215,-1.7395418643951417,0.7923352718353271,4.6521397113800065,7.626431508064268,2.591996368827386,0.03165503963828087,0.052625250071287155,run_hop,,,42,0.0029967148417385293,0.024522606283426285,0.002996714840788844,-3.773574785981282e-09,3.773574785981282e-09,0.0006566340744029731,0.0022598194191232324,0.006258106091991067,0.013011441426351661,0.00265136442445925,0.11131218673987486,0.5117226839065552,0.0539176517192037,-0.24778324365615845,-0.24778324365615845,-0.09154382571578026,0.04169684089720249,0.24482001066207892,0.4013428786396979,0.13640445654320743
0.10324730096042449,0.3071719000855974,,1,,0.0,0.0,0.015604276210069656,0.1530955582857132,0.10324730096042449,0.07771206647157669,0.07771206647157669,0.08986465856432915,0.10143545269966125,0.12157932817935944,0.139257585555315,0,0.0,,0.012913836027396096,,-0.028839079663157463,0.24907218742309772,,0.3581114317230359,,0.24907218681576143,,0.3581114317230359,,,0.09473145575482575,0.7741437554359436,0.09473145572482466,-1.1920928955078125e-07,0.0,0.020761531591415406,0.07144111394882202,0.19958134889602672,0.41106867909431455,0.08379663459990536,Reddit-S,3,visual,2.1151859008212672,9.723899841308594,1.0245585793463505,-4.7084479331970215,-4.7084479331970215,-1.7395418643951417,0.7923352718353271,4.6521397113800065,7.626431508064268,2.591996368827386,0.03165503963828087,0.052625250071287155,run_hop,,,42,0.002998727988371752,0.024505551904439926,0.002998727987422067,-3.773574785981282e-09,0.0,0.0006572070939000696,0.0022614712361246347,0.006317755579948429,0.013012395678088068,0.002652585799658412,0.11131218673987486,0.5117226839065552,0.0539176517192037,-0.24778324365615845,-0.24778324365615845,-0.09154382571578026,0.04169684089720249,0.24482001066207892,0.4013428786396979,0.13640445654320743
0.10667028795068513,0.27804722015855693,,1,,0.0,0.0,0.015452541410923004,0.1396396905183792,0.10667028795068513,0.0860561653971672,0.09044860869646072,0.09445813745260238,0.10412049666047096,0.12411751449108124,0.13332913756370543,0,0.0,,0.010938271634522536,,0.018261071294546127,-0.047036732596787895,,-0.015494935361351481,,-0.047036732821593666,,-0.015494935361351481,,,0.1416690437332015,0.6212301254272461,0.14166904367319935,-1.1920928955078125e-07,0.01920004665851593,0.05889538526535034,0.13052237033843994,0.23874318599700928,0.35619631469249713,0.0720358592188462,Reddit-S,1,text,2.2984901968990776,4.844698905944824,-1.0554040780831062,-8.781843185424805,-7.488419017791748,-5.435886335372924,-0.49986550211906433,2.1584363222122196,3.396950466632843,2.7906823381361514,0.044507868587970734,-0.04022488743066788,run_hop,,,43,0.006305387180640739,0.02764962799847126,0.0063053871779701716,-5.305751393791525e-09,0.0008545531606068835,0.0026213079690933228,0.0058092724066227674,0.01062595034018159,0.015853538997471328,0.0032061625559127844,0.09245650945954625,0.353248655796051,0.04245351025365557,-0.1948774755001068,-0.13664194494485854,-0.08682285696268081,0.020107033662497997,0.2186579182744027,0.301220822930336,0.11225488295135658
0.10792251461860188,0.2776610872530829,,1,,0.0,0.0,0.015623532235622406,0.14121690392494202,0.10792251461860188,0.08709246665239334,0.09152530856430531,0.09558459892868995,0.10534990578889847,0.12555048167705535,0.13483866408467293,0,0.0,,0.011049331582060782,,0.03129101172089577,-0.047689521541386,,-0.016353718552403543,,-0.04768952205183079,,-0.016353718552403543,,,0.14303110320342777,0.6218611598014832,0.14303110320342777,0.0,0.019001039266586306,0.058503031730651855,0.1317576766014099,0.24203080534934998,0.35929533421993226,0.07335632707529893,Reddit-S,2,text,2.2984901968990776,4.844698905944824,-1.0554040780831062,-8.781843185424805,-7.488419017791748,-5.435886335372924,-0.49986550211906433,2.1584363222122196,3.396950466632843,2.7906823381361514,0.044507868587970734,-0.04022488743066788,run_hop,,,43,0.006366009545433218,0.027677714824676514,0.006366009545433218,0.0,0.0008456957526504994,0.002603845181874931,0.005864253267645836,0.010772275552153588,0.015991468783467994,0.003264933765912084,0.09245650945954625,0.353248655796051,0.04245351025365557,-0.1948774755001068,-0.13664194494485854,-0.08682285696268081,0.020107033662497997,0.2186579182744027,0.301220822930336,0.11225488295135658
0.10102118191249389,0.27983784117103944,,1,,0.0,0.0,0.014730706810951233,0.13248823583126068,0.10102118191249389,0.08140222728252411,0.08556573770940304,0.08938641175627708,0.09858782216906548,0.11765596121549607,0.1264485551416874,0,0.0,,0.010426604901066859,,-0.04259037226438522,-0.05192134933939248,,-0.020729618230249734,,-0.051921349230999475,,-0.020729618230249734,,,0.14307146941593973,0.6217769384384155,0.14307146938593865,-1.1920928955078125e-07,0.018992648720741273,0.058471113443374634,0.1318267583847046,0.2421926736831665,0.36047424018383023,0.07341043273019576,Reddit-S,3,text,2.2984901968990776,4.844698905944824,-1.0554040780831062,-8.781843185424805,-7.488419017791748,-5.435886335372924,-0.49986550211906433,2.1584363222122196,3.396950466632843,2.7906823381361514,0.044507868587970734,-0.04022488743066788,run_hop,,,43,0.006367806158355916,0.02767396718263626,0.006367806157020633,-5.305751393791525e-09,0.0008453222888056189,0.0026024247286841272,0.005867328029125929,0.01077947961166501,0.016043939888477327,0.0032673418918403824,0.09245650945954625,0.353248655796051,0.04245351025365557,-0.1948774755001068,-0.13664194494485854,-0.08682285696268081,0.020107033662497997,0.2186579182744027,0.301220822930336,0.11225488295135658
0.10881008473120052,0.3147707007227765,,1,,0.0,0.0,0.020518671721220016,0.15193350613117218,0.10881008473120052,0.07884117215871811,0.08598735772073268,0.09195195883512497,0.10762711241841316,0.12620218545198442,0.14096746772527693,0,0.0,,0.013290668353381305,,0.019558118656277657,0.2700543517501757,,0.3582272247578764,,0.2700543515727,,0.3582272247578764,,,0.09115330335087966,0.757201075553894,0.09115330329087751,-1.1920928955078125e-07,0.0,0.01987186074256897,0.06882980465888977,0.19004859924316406,0.3921084696054458,0.0804489902093215,Reddit-S,1,visual,2.2008661731683734,8.140593528747559,1.1636349267206734,-5.081840991973877,-3.3727198362350466,-2.0564775466918945,1.0766333937644958,4.301402854919434,6.584761309623718,2.437562162039815,0.028537971898913383,0.05571010708808899,run_hop,,,43,0.0026013304097319136,0.021608982235193253,0.0026013304080195736,-3.401991355289624e-09,0.0,0.0005671026185154915,0.001964263035915792,0.005423601670190692,0.011189980693161487,0.002295851023991553,0.12261049020262,0.45351332426071167,0.064826226493382,-0.2831099033355713,-0.18789458468556403,-0.1145665869116783,0.059979360550642014,0.23963160961866384,0.36683776855468747,0.13579684906921638
0.10907906679195384,0.31465528659883346,,1,,0.0,0.0,0.020574653521180153,0.15228424966335297,0.10907906679195384,0.07904120534658432,0.08620303690433502,0.0921862006187439,0.10789180546998978,0.1265085056424141,0.14130766153335572,0,0.0,,0.01331977295907128,,0.022307218983769417,0.26493440074820834,,0.3564010291262895,,0.2649344002251021,,0.3564010291262895,,,0.09208727376827343,0.7627253532409668,0.09208727373827234,-1.1920928955078125e-07,0.0,0.019729489088058473,0.068850576877594,0.19362771511077895,0.40157227635383597,0.08251409700048866,Reddit-S,2,visual,2.2008661731683734,8.140593528747559,1.1636349267206734,-5.081840991973877,-3.3727198362350466,-2.0564775466918945,1.0766333937644958,4.301402854919434,6.584761309623718,2.437562162039815,0.028537971898913383,0.05571010708808899,run_hop,,,43,0.002627984030382522,0.02176663465797901,0.0026279840295263517,-3.401991355289624e-09,0.0,0.0005630395957268775,0.0019648558227345347,0.005525742238387469,0.011460058707743881,0.0023547849807913114,0.12261049020262,0.45351332426071167,0.064826226493382,-0.2831099033355713,-0.18789458468556403,-0.1145665869116783,0.059979360550642014,0.23963160961866384,0.36683776855468747,0.13579684906921638
0.10437577682084012,0.3162940692150986,,1,,0.0,0.0,0.01978905126452446,0.14601002633571625,0.10437577682084012,0.07551759481430054,0.08238814912736415,0.08813227638602257,0.10322403535246849,0.12114571556448936,0.1354084813594818,0,0.0,,0.01281376646406013,,-0.027122315019369125,0.2618054643307168,,0.3547572674754527,,0.2618054647407006,,0.3547572674754527,,,0.09212306420113345,0.7622931003570557,0.09212306417113238,-1.1920928955078125e-07,0.0,0.01971160173416138,0.06888040900230408,0.1935998678207398,0.401293641924858,0.08257061114561222,Reddit-S,3,visual,2.2008661731683734,8.140593528747559,1.1636349267206734,-5.081840991973877,-3.3727198362350466,-2.0564775466918945,1.0766333937644958,4.301402854919434,6.584761309623718,2.437562162039815,0.028537971898913383,0.05571010708808899,run_hop,,,43,0.0026290054167313276,0.021754298359155655,0.0026290054158751575,-3.401991355289624e-09,0.0,0.000562529155286029,0.001965707167983055,0.0055249476805329335,0.011452106246724722,0.002356397775661435,0.12261049020262,0.45351332426071167,0.064826226493382,-0.2831099033355713,-0.18789458468556403,-0.1145665869116783,0.059979360550642014,0.23963160961866384,0.36683776855468747,0.13579684906921638
0.10546376950766015,0.09639680921748259,,1,,0.0,0.0,0.005844457074999809,0.11538343131542206,0.10546376950766015,0.09520808607339859,0.09788089007139206,0.10057584717869758,0.10514429584145546,0.11074221804738045,0.11306880183517933,0,0.0,,0.0037823491513418075,,0.011691711843013763,-0.15844430876600313,,-0.17007061018430752,,-0.15844430823865646,,-0.17007061018430752,,,0.14312089098929398,0.6250885725021362,0.1431208909592929,-1.1920928955078125e-07,0.018610106706619264,0.054855501651763915,0.13170698285102844,0.24633650183677674,0.36152403712272635,0.07596052011500884,Reddit-S,1,text,2.4526160176394134,7.34819221496582,2.1987290193562665,-3.419856548309326,-1.9408586144447326,-0.4435603678226469,2.0590431690216064,5.004349088668823,6.1877354240417475,2.025694918509628,0.021974897012114525,0.019927967339754105,run_hop,,,44,0.0031450668405445976,0.013736257329583168,0.0031450668398853273,-2.619611860765758e-09,0.000408955181192141,0.0012054439750500024,0.00289424741640687,0.005413219379261136,0.007944453535601494,0.0016692246066348922,0.04887565190295428,0.14643453061580658,0.04381620008876919,-0.06815078854560852,-0.03867736786603928,-0.008839256968349215,0.041032545268535614,0.0997265063226223,0.1233089905977249,0.04036798218565551
0.10539772576868452,0.09640526973289604,,1,,0.0,0.0,0.005843533203005791,0.11530936509370804,0.10539772576868452,0.09514494985342026,0.09781769223511219,0.10051202178001403,0.1050783284008503,0.11067291796207428,0.1129962259531021,0,0.0,,0.0037804789443014928,,0.011007389053702354,-0.15548168870914222,,-0.16700913434964826,,-0.15548168876159071,,-0.16700913434964826,,,0.14239623943889637,0.6258713603019714,0.1423962394088953,-1.1920928955078125e-07,0.018017893433570863,0.05382812023162842,0.13068777322769165,0.24645587801933294,0.3628480964899063,0.07657343287677293,Reddit-S,2,text,2.4526160176394134,7.34819221496582,2.1987290193562665,-3.419856548309326,-1.9408586144447326,-0.4435603678226469,2.0590431690216064,5.004349088668823,6.1877354240417475,2.025694918509628,0.021974897012114525,0.019927967339754105,run_hop,,,44,0.003129142696407074,0.013753458857536316,0.003129142695747803,-2.619611860765758e-09,0.00039594134374056013,0.0011828673887066543,0.0028718503890559077,0.0054158424027264136,0.007973549962043762,0.0016826933004103419,0.04887565190295428,0.14643453061580658,0.04381620008876919,-0.06815078854560852,-0.03867736786603928,-0.008839256968349215,0.041032545268535614,0.0997265063226223,0.1233089905977249,0.04036798218565551
0.1033244863114065,0.0966205757869673,,1,,0.0,0.0,0.0057404860854148865,0.11306508630514145,0.1033244863114065,0.09325307607650757,0.09587735712528228,0.09852494224905968,0.10301028564572334,0.10850821360945702,0.11079131789505482,0,0.0,,0.0037144411292587927,,-0.01117788814008236,-0.15728254456552776,,-0.16887374713069342,,-0.15728254441790537,,-0.16887374713069342,,,0.14241269647857596,0.6259392499923706,0.14241269647857596,0.0,0.018043053150177003,0.05384737849235535,0.130690336227417,0.24656130075454719,0.3629288125038146,0.07658955702097364,Reddit-S,3,text,2.4526160176394134,7.34819221496582,2.1987290193562665,-3.419856548309326,-1.9408586144447326,-0.4435603678226469,2.0590431690216064,5.004349088668823,6.1877354240417475,2.025694918509628,0.021974897012114525,0.019927967339754105,run_hop,,,44,0.003129504338065871,0.01375495083630085,0.003129504338065871,0.0,0.000396494225715287,0.0011832905816845597,0.002871906734071672,0.00541815902106464,0.00797532304190099,0.001683047626593225,0.04887565190295428,0.14643453061580658,0.04381620008876919,-0.06815078854560852,-0.03867736786603928,-0.008839256968349215,0.041032545268535614,0.0997265063226223,0.1233089905977249,0.04036798218565551
0.10902896450629276,0.22807826923681407,,1,,0.0,0.0,0.01059185154736042,0.13800589740276337,0.10902896450629276,0.08939005434513092,0.08939005434513092,0.09816803187131881,0.10772183537483215,0.12303516939282418,0.12925833493471145,0,0.0,,0.009129646187343878,,0.011772140860557556,0.2450575840657123,,0.3449654805913391,,0.24505758472304828,,0.3449654805913391,,,0.0859550191753988,0.7864090204238892,0.08595501908539556,-2.384185791015625e-07,0.0,0.01885533928871155,0.06339776515960693,0.18166903853416447,0.38591328561305993,0.07771200849910619,Reddit-S,1,visual,2.481641724503494,3.38196063041687,-1.9890680699294532,-8.740172386169434,-6.8798552942276,-5.467341423034668,-1.7477751970291138,0.834482741355897,3.38196063041687,2.331737102421223,0.01778436079621315,-0.040110666304826736,run_hop,,,44,0.0015286550726034138,0.01398578193038702,0.0015286550710027636,-4.240122031262672e-09,0.0,0.0003353301493916661,0.0011274886783212423,0.003230867721140385,0.006863220916129648,0.0013820583951860625,0.0995403029615188,0.3505741357803345,0.07978284573908974,-0.13565269112586975,-0.13565269112586975,-0.033471660315990436,0.07010442763566971,0.21929870992898942,0.27595558762550354,0.09352752851763793
0.10910519500916613,0.22805492296275903,,1,,0.0,0.0,0.010598290711641312,0.13809731602668762,0.10910519500916613,0.08945291489362717,0.08945291489362717,0.09823744595050812,0.10779648274183273,0.12311942279338836,0.12934416845440863,0,0.0,,0.009135153187804597,,0.012544192373752594,0.2405122049416065,,0.34293155386715174,,0.24051220508549004,,0.34293155386715174,,,0.08670134068180424,0.7908167243003845,0.086701340591801,-2.384185791015625e-07,0.0,0.018852579593658447,0.06370800733566284,0.1844960689544678,0.3909037888050079,0.07893890139137634,Reddit-S,2,visual,2.481641724503494,3.38196063041687,-1.9890680699294532,-8.740172386169434,-6.8798552942276,-5.467341423034668,-1.7477751970291138,0.834482741355897,3.38196063041687,2.331737102421223,0.01778436079621315,-0.040110666304826736,run_hop,,,44,0.001541927924535484,0.014064169488847256,0.0015419279229348338,-4.240122031262672e-09,0.0,0.00033528108033351603,0.00113300618249923,0.0032811447046697142,0.0069519739598035805,0.0014038779031370749,0.0995403029615188,0.3505741357803345,0.07978284573908974,-0.13565269112586975,-0.13565269112586975,-0.033471660315990436,0.07010442763566971,0.21929870992898942,0.27595558762550354,0.09352752851763793
0.10650456944210764,0.22874116428732974,,1,,0.0,0.0,0.010375980287790298,0.1349068135023117,0.10650456944210764,0.0872730016708374,0.0872730016708374,0.09586602970957755,0.10522137954831123,0.12022800892591476,0.12632685989141465,0,0.0,,0.008943424736708639,,-0.014518202282488346,0.23771930961891105,,0.34167570190880453,,0.2377193102563924,,0.34167570190880453,,,0.08671447204556483,0.7906489372253418,0.08671447195556159,-2.384185791015625e-07,0.0,0.01884753704071045,0.063680499792099,0.1846407413482666,0.3909985959529877,0.07894850389694962,Reddit-S,3,visual,2.481641724503494,3.38196063041687,-1.9890680699294532,-8.740172386169434,-6.8798552942276,-5.467341423034668,-1.7477751970291138,0.834482741355897,3.38196063041687,2.331737102421223,0.01778436079621315,-0.040110666304826736,run_hop,,,44,0.0015421614572378797,0.014061185531318188,0.0015421614556372298,-4.240122031262672e-09,0.0,0.0003351914114318788,0.0011325169471092522,0.003283717529848218,0.006953659974969923,0.0014040486769670796,0.0995403029615188,0.3505741357803345,0.07978284573908974,-0.13565269112586975,-0.13565269112586975,-0.033471660315990436,0.07010442763566971,0.21929870992898942,0.27595558762550354,0.09352752851763793
,,0.26969154768697756,,1.0,,,,,,,,,,,,,,0.0,,0.012482309865477676,,,-0.016014780172040263,,0.005153947849268258,,0.03673409013786394,,0.05346685653606888,False,,,,,,,,,,,,,,,,,,,,,,,,,,health_summary,90,all,,,,,,,,,,,,,,,,,,,,,
