content_covariance_contribution,content_covariance_contribution_mean,covariance_identity_asserted,covariance_identity_max_abs_error,covariance_identity_sum,dataset,delta_content_abs_mean,delta_content_max,delta_content_mean,delta_content_min,delta_content_q01,delta_content_q10,delta_content_q50,delta_content_q90,delta_content_q99,delta_content_std,delta_ref_abs_mean,delta_ref_max,delta_ref_mean,delta_ref_min,delta_ref_q01,delta_ref_q10,delta_ref_q50,delta_ref_q90,delta_ref_q99,delta_ref_std,delta_rel_abs_mean,delta_rel_max,delta_rel_mean,delta_rel_min,delta_rel_q01,delta_rel_q10,delta_rel_q50,delta_rel_q90,delta_rel_q99,delta_rel_std,effective_order_abs_mean,effective_order_max,effective_order_mean,effective_order_min,effective_order_q01,effective_order_q10,effective_order_q50,effective_order_q90,effective_order_q99,effective_order_std,eta_abs_mean,eta_max,eta_mean,eta_min,eta_q01,eta_q10,eta_q50,eta_q90,eta_q99,eta_std,eta_variance,formation_abs_ratio,formation_abs_ratio_mean,formation_collapse_candidate,formation_collapse_candidate_count,formation_collapse_candidate_fraction,formation_collapse_majority,formation_covariance_abs_mean,formation_covariance_contribution,formation_covariance_contribution_mean,formation_node_std_ratio,formation_node_std_ratio_mean,gamma_abs_mean,gamma_max,gamma_mean,gamma_min,gamma_plus_delta_gamma,gamma_q01,gamma_q10,gamma_q50,gamma_q90,gamma_q99,gamma_std,hop,modality,negative_eta_fraction,reference_covariance_contribution,relation_covariance_contribution,row_type,run_hop_count,scope,seed
0.13130792540209402,,,,0.9999999035683412,Movies,0.06178986903989684,0.06264536082744598,0.06178986903989684,0.05859806388616562,0.0604437555745244,0.06116556152701378,0.06186250410974026,0.0623168483376503,0.06249090664088726,0.00046332809673833576,0.09429205587891694,0.09851918369531631,0.09429205587891694,0.09095117449760437,0.09176448568701744,0.09267068877816201,0.09437067434191704,0.09570345282554626,0.09708216257393361,0.0011602745193776852,0.023265205955601186,0.023386286571621895,0.023265205955601186,0.021679798141121864,0.02299283353611827,0.023180248402059078,0.023283975198864937,0.023330932296812535,0.023356224615126847,8.004449261948781e-05,1.4568501695232634,1.4616665840148926,1.4568501695232634,1.4476526975631714,1.4516622602939606,1.4544371604919433,1.4569904208183289,1.459161102771759,1.4603796303272247,0.001847909806945695,0.3986375961334743,0.4029214382171631,0.3986375961334743,0.39519596099853516,0.39611169815063474,0.3969509810209274,0.39868010580539703,0.4001644283533096,0.401730999648571,0.0012350765942261898,1.5254141936053642e-06,0.41823367752469337,,0,,,,,0.8686919781662472,,2.6769777573421467,,0.21929046511650085,0.21929046511650085,0.21929046511650085,0.21929046511650085,0.21929046511650085,0.21929046511650085,0.21929046511650085,0.21929046511650085,0.21929046511650085,0.21929046511650085,0.0,0,text,0.0,0.8704753975231937,-0.0017834193569464727,run_hop,,,42
0.6639994029037241,,,,0.9999999991877805,Movies,0.05731645333129312,-0.05246076360344887,-0.05731645333129312,-0.05783749371767044,-0.057836901992559434,-0.057794101536273956,-0.05752829276025295,-0.05653995908796787,-0.055193762965500354,0.0005751925963880486,0.031060750176482108,-0.029878510162234306,-0.031060750176482108,-0.03257964178919792,-0.032043553367257116,-0.03156027309596539,-0.031085846945643425,-0.030490966327488423,-0.03017126629129052,0.00040869800135923324,0.002193207830588839,-0.002043751534074545,-0.002193207830588839,-0.0022046221420168877,-0.002201788134407252,-0.002199403755366802,-0.002194977132603526,-0.002185198897495866,-0.0021675312472507354,7.545784092125619e-06,1.4568501695232634,1.4616665840148926,1.4568501695232634,1.4476526975631714,1.4516622602939606,1.4544371604919433,1.4569904208183289,1.459161102771759,1.4603796303272247,0.001847909806945695,0.018471962468088167,-0.01338864117860794,-0.018471962468088167,-0.020385943353176117,-0.0197445335611701,-0.01921702139079571,-0.018589121289551258,-0.01757488287985325,-0.016231740117073044,0.0007076122866586696,5.007151482303113e-07,0.25695617305672475,,0,,,,,0.33600059628405643,,0.7236598442704638,,0.07209844887256622,0.07209844887256622,0.07209844887256622,0.07209844887256622,0.07209844887256622,0.07209844887256622,0.07209844887256622,0.07209844887256622,0.07209844887256622,0.07209844887256622,0.0,1,text,1.0,0.33542772601994286,0.0005728702641135397,run_hop,,,42
0.7595346466065951,,,,0.9999998112732686,Movies,0.06173374937313668,-0.0568617582321167,-0.06173374937313668,-0.0623832605779171,-0.062381260097026825,-0.06232641339302063,-0.06203505955636501,-0.06066579185426235,-0.05903721023350954,0.0007447693794050877,0.0306362833524071,-0.029394835233688354,-0.0306362833524071,-0.03222816064953804,-0.03167858056724072,-0.031162500008940698,-0.030664606019854546,-0.03003188259899616,-0.029697379879653454,0.0004323990987171939,0.008635969125165652,-0.008047470822930336,-0.008635969125165652,-0.008680913597345352,-0.008669755179435015,-0.008660366851836443,-0.008642936125397682,-0.008604433201253415,-0.008534865221008658,2.97122596169634e-05,1.4568501695232634,1.4616665840148926,1.4568501695232634,1.4476526975631714,1.4516622602939606,1.4544371604919433,1.4569904208183289,1.459161102771759,1.4603796303272247,0.001847909806945695,0.5526671697798538,0.5571668744087219,0.5526671697798538,0.5506880283355713,0.5512617158889771,0.551811158657074,0.5524887144565582,0.553818815946579,0.5554045528173447,0.0008427697438839513,7.10260841206221e-07,0.05489498536343535,,0,,,,,0.24046516466667356,,0.6204757747731388,,0.6536731719970703,0.6536731719970703,0.6536731719970703,0.6536731719970703,0.6536731719970703,0.6536731719970703,0.6536731719970703,0.6536731719970703,0.6536731719970703,0.6536731719970703,0.0,2,text,0.0,0.23731418464024365,0.003150980026429922,run_hop,,,42
0.9226635892990148,,,,1.0000000360319692,Movies,0.05871951275043933,-0.05264277756214142,-0.05871951275043933,-0.05971940606832504,-0.05971735689789057,-0.05963816940784454,-0.05918150767683983,-0.05705825984477997,-0.05473492730408907,0.0011299856085163487,0.03259502239739826,-0.031663425266742706,-0.03259502239739826,-0.03373853489756584,-0.033356656059622763,-0.03298141621053219,-0.03261930122971535,-0.03214334510266781,-0.03189438831061125,0.0003199350175477346,0.012436028588650347,-0.011588574387133121,-0.012436028588650347,-0.01250074990093708,-0.012484680768102408,-0.012471161596477032,-0.012446061708033085,-0.012390615604817867,-0.012290436467155812,4.278645746014198e-05,1.4568501695232634,1.4616665840148926,1.4568501695232634,1.4476526975631714,1.4516622602939606,1.4544371604919433,1.4569904208183289,1.459161102771759,1.4603796303272247,0.001847909806945695,0.1872867565743282,-0.18075628578662872,-0.1872867565743282,-0.18924935162067413,-0.18880149930715562,-0.18835674822330475,-0.1876545026898384,-0.1855623945593834,-0.18331191077828407,0.001178649238363103,1.3892140270939232e-06,0.31655005203113773,,0,,,,,0.0773364467329543,,0.32099654363131847,,0.08353619277477264,-0.08353619277477264,-0.08353619277477264,-0.08353619277477264,-0.08353619277477264,-0.08353619277477264,-0.08353619277477264,-0.08353619277477264,-0.08353619277477264,-0.08353619277477264,0.0,3,text,1.0,0.07349787545724562,0.00383857127570868,run_hop,,,42
0.7880097720229778,,,,1.0000000339973578,Movies,0.008916615486955616,0.0165938101708889,0.00832873873314375,-0.012287981808185577,-0.007762815384194255,0.0016669716220349083,0.009305421262979507,0.013719415292143822,0.015611492209136489,0.004985624513327046,0.06588631045656912,0.06881968677043915,0.06588631045656912,0.06246339529752731,0.06357372358441353,0.06468838527798652,0.06590092182159424,0.06708176359534264,0.06799192287027836,0.00093876940604834,0.00953871542904216,0.01748334802687168,0.00953871542904216,1.798637822503224e-05,0.001435706923948601,0.005776964779943228,0.009858569595962763,0.012917643133550882,0.014737967429682614,0.0028339301200071194,1.50860351286185,1.5415172576904297,1.50860351286185,1.4921497106552124,1.4966758847236634,1.500898039340973,1.5073705315589905,1.5178926229476928,1.5303291857242585,0.007002478223366521,0.25761829301958006,0.27174055576324463,0.25761829301958006,0.2324526309967041,0.2416204671561718,0.250479182600975,0.2584912180900574,0.26355033218860624,0.2663947978615761,0.005296329972201997,2.80511111744452e-05,0.4126521162128039,,0,,,,,0.21199026197437992,,0.7567155358800008,,0.17386452853679657,0.17386452853679657,0.17386452853679657,0.17386452853679657,0.17386452853679657,0.17386452853679657,0.17386452853679657,0.17386452853679657,0.17386452853679657,0.17386452853679657,0.0,0,visual,0.0,-0.10288891267928164,0.31487917465366155,run_hop,,,42
1.0117211035077847,,,,0.9999999837349762,Movies,0.025226249990866596,0.03763776272535324,0.025226249990866596,0.0037539415061473846,0.013865955248475075,0.019006697833538054,0.025282458402216434,0.03148242235183715,0.03518782153725624,0.004799456200175949,0.021835989876062164,-0.020647501572966576,-0.021835989876062164,-0.02286062017083168,-0.022568954806774854,-0.02225168067961931,-0.02184077724814415,-0.021419286914169788,-0.021033266969025133,0.0003262720127222353,0.00020465106708236497,0.00037510143010877073,0.00020465106708236497,3.858938555367786e-07,3.080278125707992e-05,0.00012394351942930372,0.00021151347027625889,0.00027714523312170056,0.0003161998861469329,6.080135513578349e-05,1.50860351286185,1.5415172576904297,1.50860351286185,1.4921497106552124,1.4966758847236634,1.500898039340973,1.5073705315589905,1.5178926229476928,1.5303291857242585,0.007002478223366521,0.1458969922269732,0.15828824043273926,0.1458969922269732,0.12523342669010162,0.13482933580875398,0.13978138715028762,0.14591774344444275,0.15206873416900635,0.15586055546998978,0.004732647943479659,2.239795655692225e-05,0.13156366337629816,,0,,,,,-0.011721119772808408,,0.08064942185808031,,0.14230208098888397,0.14230208098888397,0.14230208098888397,0.14230208098888397,0.14230208098888397,0.14230208098888397,0.14230208098888397,0.14230208098888397,0.14230208098888397,0.14230208098888397,0.0,1,visual,0.0,-0.012460566591404527,0.0007394468185961188,run_hop,,,42
0.8608440200923594,,,,1.0000001163745262,Movies,0.00293469115229618,0.008528608828783035,-0.0023272068873161785,-0.015592589974403381,-0.009312168164178729,-0.005429241899400949,-0.0024981398601084948,0.0011703412979841223,0.004376696669496597,0.0026926207335630455,0.021973771947742603,-0.02083791233599186,-0.021973771947742603,-0.02294672653079033,-0.022672454491257668,-0.022370801866054536,-0.021978837437927723,-0.021575951389968394,-0.021205322444438932,0.00031171360626773754,0.003661559225659331,-6.904303972987691e-06,-0.003661559225659331,-0.006711209192872047,-0.005657359301112592,-0.004958604648709297,-0.0037843392929062247,-0.0022175627294927836,-0.0005511146987555542,0.0010878407122974375,1.50860351286185,1.5415172576904297,1.50860351286185,1.4921497106552124,1.4966758847236634,1.500898039340973,1.5073705315589905,1.5178926229476928,1.5303291857242585,0.007002478223366521,0.6804865870460325,0.6922762393951416,0.6804865870460325,0.6675591468811035,0.6731232857704162,0.6769589185714722,0.6804762780666351,0.6841085433959961,0.6870884901285171,0.0028826514630939212,8.309679457677524e-06,0.0360358650012223,,0,,,,,0.1391560962821668,,0.5197740255804324,,0.708449125289917,0.708449125289917,0.708449125289917,0.708449125289917,0.708449125289917,0.708449125289917,0.708449125289917,0.708449125289917,0.708449125289917,0.708449125289917,0.0,2,visual,0.0,-0.04607471533612348,0.18523081161829028,run_hop,,,42
0.5645057543565307,,,,0.999999993004608,Movies,0.014123406652347749,-0.0069037675857543945,-0.014123406652347749,-0.01800200715661049,-0.01776570586487651,-0.016670389845967293,-0.014402731787413359,-0.011075915861874818,-0.009108965825289481,0.002101983417992782,0.02207654860036469,-0.02097797952592373,-0.02207654860036469,-0.02301233634352684,-0.022749183420091867,-0.022459501400589943,-0.022081557661294937,-0.021692505665123464,-0.021334820315241813,0.0003007902827568848,0.006081807183558514,-1.1467968761280645e-05,-0.006081807183558514,-0.011147240176796913,-0.00939680784009397,-0.008236183878034353,-0.0062857435550540686,-0.003683345625177026,-0.0009153950761537988,0.0018068907394680894,1.50860351286185,1.5415172576904297,1.50860351286185,1.4921497106552124,1.4966758847236634,1.500898039340973,1.5073705315589905,1.5178926229476928,1.5303291857242585,0.007002478223366521,0.08611419116461475,-0.0743267685174942,-0.08611419116461475,-0.09338915348052979,-0.09111993223428726,-0.08959699496626854,-0.08646466210484505,-0.08218443021178246,-0.07782404646277427,0.002927946032892092,8.57286797152854e-06,0.48585885418289404,,0,,,,,0.4354942386480772,,1.0027105842894435,,0.04383242875337601,-0.04383242875337601,-0.04383242875337601,-0.04383242875337601,-0.04383242875337601,-0.04383242875337601,-0.04383242875337601,-0.04383242875337601,-0.04383242875337601,-0.04383242875337601,0.0,3,visual,1.0,0.0031787134749954827,0.4323155251730817,run_hop,,,42
0.0059588773807209665,,,,1.000000106099475,Movies,0.05772035856817933,0.05847955122590065,0.05772035856817933,0.05586589127779007,0.05686251040548086,0.057326306402683255,0.05774610489606857,0.058076485991477966,0.05833376884460449,0.00030200787479023723,0.09440870147516625,0.0973094031214714,0.09440870147516625,0.09159399569034576,0.09258007705211639,0.09338023662567138,0.09446726739406586,0.09532134830951691,0.09603356540203095,0.0007522932947199381,0.02029454330229978,0.02068820409476757,0.02029454330229978,0.017122600227594376,0.019394071009010076,0.02005336619913578,0.0203641289845109,0.020458418130874633,0.0204936396330595,0.00022344964729079295,1.4701740292120804,1.4735110998153687,1.4701740292120804,1.461721420288086,1.4657575690746307,1.468548846244812,1.4703652262687683,1.471609115600586,1.472467725276947,0.0013258238433477361,0.3970072886793948,0.39933907985687256,0.3970072886793948,0.39438629150390625,0.39545750051736833,0.3961239069700241,0.39702296257019043,0.3978679358959198,0.39852496385574343,0.000672591583339681,4.52379437979379e-07,0.40631102256105145,,0,,,,,0.994041228718754,,3.2308526373942765,,0.2245836853981018,0.2245836853981018,0.2245836853981018,0.2245836853981018,0.2245836853981018,0.2245836853981018,0.2245836853981018,0.2245836853981018,0.2245836853981018,0.2245836853981018,0.0,0,text,0.0,0.9703663260614188,0.023674902657335215,run_hop,,,43
0.9224404446257604,,,,0.9999999977918896,Movies,0.058972600275237694,-0.052027102559804916,-0.058972600275237694,-0.05972972884774208,-0.059728441573679444,-0.059655635803937915,-0.059254616498947144,-0.057889246568083766,-0.056119098812341686,0.0007940067233991273,0.031215048227959712,-0.030230209231376648,-0.031215048227959712,-0.032223522663116455,-0.03178166605532169,-0.031535585224628446,-0.03123310673981905,-0.030858057364821435,-0.030579822119325396,0.00026288944771255863,0.0036556379762996568,-0.003084278665482998,-0.0036556379762996568,-0.0037265478167682886,-0.0036915008863434196,-0.003685156675055623,-0.0036681722849607468,-0.00361219507176429,-0.003493436749558896,4.024978386061825e-05,1.4701740292120804,1.4735110998153687,1.4701740292120804,1.461721420288086,1.4657575690746307,1.468548846244812,1.4703652262687683,1.471609115600586,1.472467725276947,0.0013258238433477361,0.017696102700131854,-0.01096260454505682,-0.017696102700131854,-0.019278433173894882,-0.01877545040100813,-0.018485679663717745,-0.017905866727232933,-0.016597349010407925,-0.014866100642830131,0.000817623584661524,6.685083261947603e-07,0.25807239442303737,,0,,,,,0.07755955316612934,,0.3817842119694649,,0.0761471837759018,0.0761471837759018,0.0761471837759018,0.0761471837759018,0.0761471837759018,0.0761471837759018,0.0761471837759018,0.0761471837759018,0.0761471837759018,0.0761471837759018,0.0,1,text,1.0,0.0737368089206026,0.003822744245526745,run_hop,,,43
0.9015817756858208,,,,0.99999969788621,Movies,0.05014372087506517,-0.04481557011604309,-0.05014372087506517,-0.05092321336269379,-0.05091926142573357,-0.05083991885185242,-0.05047193728387356,-0.0489387471228838,-0.04719732813537121,0.0008391280862171909,0.03073092801941044,-0.02968025766313076,-0.03073092801941044,-0.03182663768529892,-0.03134001884609461,-0.03107303623110056,-0.030752403661608696,-0.03034652993083,-0.030049028005450965,0.00028119303179026774,0.005691174386954471,-0.004801670089364052,-0.005691174386954471,-0.0058015682734549046,-0.005747006409801542,-0.005737129831686616,-0.005710687953978777,-0.005623541492968798,-0.005438656299374998,6.266171273169216e-05,1.4701740292120804,1.4735110998153687,1.4701740292120804,1.461721420288086,1.4657575690746307,1.468548846244812,1.4703652262687683,1.471609115600586,1.472467725276947,0.0013258238433477361,0.5610333965651534,0.5661746263504028,0.5610333965651534,0.5594232082366943,0.5598737329244614,0.5601863324642181,0.5607829391956329,0.5622721254825592,0.5640693229436874,0.0008851953377731445,7.835707860153113e-07,0.05219988660327192,,0,,,,,0.09841792220038925,,0.40977623054221546,,0.6475992202758789,0.6475992202758789,0.6475992202758789,0.6475992202758789,0.6475992202758789,0.6475992202758789,0.6475992202758789,0.6475992202758789,0.6475992202758789,0.6475992202758789,0.0,2,text,0.0,0.09301265328258108,0.005405268917808173,run_hop,,,43
0.9619524368949769,,,,1.0000000550096464,Movies,0.05724550393765753,-0.049704134464263916,-0.05724550393765753,-0.05825600028038025,-0.058253585435450075,-0.058176663890481,-0.05773434787988663,-0.055515925586223605,-0.05302453603595495,0.0011911720054757291,0.03246272519684885,-0.03168352320790291,-0.03246272519684885,-0.03325923532247543,-0.03291024133563042,-0.03271697089076042,-0.03248038701713085,-0.032176201418042186,-0.031950741708278656,0.0002093400166843389,0.010947732014267396,-0.0092366524040699,-0.010947732014267396,-0.011160089634358883,-0.011055132644250988,-0.011036133021116256,-0.010985269211232662,-0.01081763133406639,-0.010461979890242218,0.00012053815345950928,1.4701740292120804,1.4735110998153687,1.4701740292120804,1.461721420288086,1.4657575690746307,1.468548846244812,1.4703652262687683,1.471609115600586,1.472467725276947,0.0013258238433477361,0.19266258481435922,-0.18539543449878693,-0.19266258481435922,-0.19432444870471954,-0.19395305693149567,-0.1937015548348427,-0.19309526681900024,-0.19091664403676986,-0.18844888791441916,0.001218348657069597,1.4843734501832905e-06,0.2908531883923005,,0,,,,,0.038047618114669446,,0.2769357979792062,,0.0920066237449646,-0.0920066237449646,-0.0920066237449646,-0.0920066237449646,-0.0920066237449646,-0.0920066237449646,-0.0920066237449646,-0.0920066237449646,-0.0920066237449646,-0.0920066237449646,0.0,3,text,1.0,0.02665535144352024,0.011392266671149207,run_hop,,,43
0.8980214964027827,,,,0.9999999848694884,Movies,0.019590312031679904,0.030002698302268982,0.018392837529474505,-0.02417369931936264,-0.015077749611809849,0.005915648303925991,0.021360326558351517,0.026755129918456078,0.028821746706962588,0.00954933973225327,0.07040793996218471,0.0739302933216095,0.07040793996218471,0.06619932502508163,0.06776796169579029,0.06887455433607101,0.07038423418998718,0.07201815173029899,0.07326458416879178,0.001204306408197395,0.007066364239708845,0.029070476070046425,0.007066364239708845,1.4223571270122193e-05,0.00040053025062661626,0.002274255338124931,0.006347186164930463,0.012796727754175664,0.020693816635757728,0.004297420644019745,1.5376435979385636,1.5918982028961182,1.5376435979385636,1.5084823369979858,1.5186333513259889,1.5264277815818788,1.5350863337516785,1.552551281452179,1.5766531598567963,0.011548388758431165,0.28247013644202684,0.3088734745979309,0.28247013644202684,0.2402995526790619,0.25106501251459123,0.2704226315021515,0.284137025475502,0.29200280010700225,0.29994021624326705,0.009469699387945256,8.967520649805075e-05,0.3757362709397101,,0,,,,,0.10197848846670568,,0.5761369064144511,,0.18660299479961395,0.18660299479961395,0.18660299479961395,0.18660299479961395,0.18660299479961395,0.18660299479961395,0.18660299479961395,0.18660299479961395,0.18660299479961395,0.18660299479961395,0.0,0,visual,0.0,-0.09255836937316725,0.19453685783987293,run_hop,,,43
1.000227263960939,,,,1.0000000018852095,Movies,0.007655656502760526,0.026695044711232185,0.007446276958221801,-0.008714867755770683,-0.0030877786548808217,0.001202018465846777,0.007175948238000274,0.014130871184170246,0.020052680876106028,0.005048800744004313,0.0232317441795781,-0.02173001505434513,-0.0232317441795781,-0.02449626475572586,-0.024257884118705986,-0.023807962983846666,-0.02322283200919628,-0.022682173177599907,-0.022288054525852204,0.00043151402958641494,0.0011618748392832367,-2.3386862721963553e-06,-0.0011618748392832367,-0.00477986317127943,-0.0034025453333742916,-0.002104080142453313,-0.0010436252341605723,-0.00037394056271296,-6.58565014600742e-05,0.0007065960304431416,1.5376435979385636,1.5918982028961182,1.5376435979385636,1.5084823369979858,1.5186333513259889,1.5264277815818788,1.5350863337516785,1.552551281452179,1.5766531598567963,0.011548388758431165,0.11876905150443401,0.13784575462341309,0.11876905150443401,0.1022285521030426,0.1084034252911806,0.11257760152220726,0.11847364529967308,0.125375235080719,0.13121057480573653,0.004979922777911617,2.479963087396296e-05,0.1701420814092652,,0,,,,,-0.0002272620757295899,,0.22542186105397277,,0.13571639358997345,0.13571639358997345,0.13571639358997345,0.13571639358997345,0.13571639358997345,0.13571639358997345,0.13571639358997345,0.13571639358997345,0.13571639358997345,0.13571639358997345,0.0,1,visual,0.0,-0.013714425388383886,0.013487163312654296,run_hop,,,43
0.33815142773793483,,,,1.0000001042860434,Movies,0.008171977170491337,-0.003613147884607315,-0.008171977170491337,-0.011071017012000084,-0.010524358712136745,-0.009651016071438789,-0.008259381167590618,-0.006576981116086245,-0.005330956587567919,0.0011828435713660153,0.023425597985853367,-0.022004613652825356,-0.023425597985853367,-0.024617468938231468,-0.02439133170992136,-0.023970279097557067,-0.023418014869093895,-0.022907198406755924,-0.022533962316811085,0.0004069827008762947,0.002572858930169267,-5.178793344384758e-06,-0.002572858930169267,-0.010584542527794838,-0.007534605856053531,-0.004659280972555279,-0.0023110066540539265,-0.0008280550246126951,-0.00014583282289094962,0.0015646882494938861,1.5376435979385636,1.5918982028961182,1.5376435979385636,1.5084823369979858,1.5186333513259889,1.5264277815818788,1.5350863337516785,1.552551281452179,1.5766531598567963,0.011548388758431165,0.6588333397281433,0.6647102236747742,0.6588333397281433,0.6508733630180359,0.6540938442945481,0.6563728034496308,0.6588482856750488,0.6613295674324036,0.6630491703748703,0.0019261020461338765,3.7098690921211058e-06,0.037078374265092605,,0,,,,,0.6618486765481085,,1.6668907000325428,,0.69300377368927,0.69300377368927,0.69300377368927,0.69300377368927,0.69300377368927,0.69300377368927,0.69300377368927,0.69300377368927,0.69300377368927,0.69300377368927,0.0,2,visual,0.0,0.011627542844586726,0.6502211337035217,run_hop,,,43
0.6198730489514536,,,,0.9999999954542054,Movies,0.03797340344802089,-0.02287944406270981,-0.03797340344802089,-0.040914468467235565,-0.04087811078876257,-0.04046014435589314,-0.03880392760038376,-0.034112393856048584,-0.030242456048727027,0.002572576429561775,0.02375059772703811,-0.022464705631136894,-0.02375059772703811,-0.02481655590236187,-0.024614283312112094,-0.02423999011516571,-0.023744206875562668,-0.02328431773930788,-0.022945971153676508,0.0003658332515141068,0.003331630965881884,-6.706091880914755e-06,-0.003331630965881884,-0.013706072233617306,-0.009756666542962193,-0.006033368036150932,-0.0029925548005849123,-0.0010722599807195367,-0.00018884096265537326,0.0020261366701381884,1.5376435979385636,1.5918982028961182,1.5376435979385636,1.5084823369979858,1.5186333513259889,1.5264277815818788,1.5350863337516785,1.552551281452179,1.5766531598567963,0.011548388758431165,0.13230329114790013,-0.11500083655118942,-0.13230329114790013,-0.14328411221504211,-0.138579510897398,-0.13581061363220215,-0.13276752829551697,-0.12790286540985107,-0.12318055413663387,0.0031622823201175746,1.0000029472128191e-05,0.2573841022968643,,0,,,,,0.38012694650275175,,0.9297954739987877,,0.0672476589679718,-0.0672476589679718,-0.0672476589679718,-0.0672476589679718,-0.0672476589679718,-0.0672476589679718,-0.0672476589679718,-0.0672476589679718,-0.0672476589679718,-0.0672476589679718,0.0,3,visual,1.0,-0.005203574320559046,0.3853305208233108,run_hop,,,43
-0.003157848229339192,,,,0.999999872541227,Movies,0.06352097011817487,0.06403285264968872,0.06352097011817487,0.062348272651433945,0.06294090434908867,0.06324830949306488,0.06353327259421349,0.06378587335348129,0.0639269120246172,0.0002140528527856847,0.09760858485789795,0.10159705579280853,0.09760858485789795,0.09377146512269974,0.09507146000862121,0.09613779932260513,0.09763600304722786,0.09900414943695068,0.10016754239797593,0.0011047387320431276,0.023402035438242028,0.023992221802473068,0.023402035438242028,0.014189855195581913,0.0214213677123189,0.022998064197599886,0.023535476997494698,0.02369859628379345,0.023748729676008225,0.0004749038175797148,1.447962088192207,1.4558464288711548,1.447962088192207,1.4394922256469727,1.443394035100937,1.445909023284912,1.448034644126892,1.4499702453613281,1.4513303983211518,0.001631660407125727,0.41065459537736343,0.41468778252601624,0.41065459537736343,0.40010228753089905,0.40812028050422666,0.4091807007789612,0.4106683284044266,0.41208027899265287,0.4132340320944786,0.0011334932403951803,1.2848069260215662e-06,0.41779091100704085,,0,,,,,1.0031577207705662,,7.379684604459522,,0.22612300515174866,0.22612300515174866,0.22612300515174866,0.22612300515174866,0.22612300515174866,0.22612300515174866,0.22612300515174866,0.22612300515174866,0.22612300515174866,0.22612300515174866,0.0,0,text,0.0,0.8794074815310338,0.12375023923953232,run_hop,,,44
0.6855181931730434,,,,0.9999999997924662,Movies,0.05810378348962502,-0.05337284505367279,-0.05810378348962502,-0.058589138090610504,-0.05858869165182114,-0.05855286382138729,-0.0583097618073225,-0.05736215524375439,-0.05607113722711801,0.0005535836669195918,0.03212916420787419,-0.030819866806268692,-0.03212916420787419,-0.03355351835489273,-0.033030033484101294,-0.03262263834476471,-0.03213893808424473,-0.03160998076200485,-0.031225492637604473,0.0003902118188495318,0.00010464687698039041,0.00010728601046139374,0.00010464687698039041,6.34527750662528e-05,9.578992932802067e-05,0.00010284044547006487,0.00010524358731345274,0.00010597300570225343,0.00010619718850648496,2.1236273099259567e-06,1.447962088192207,1.4558464288711548,1.447962088192207,1.4394922256469727,1.443394035100937,1.445909023284912,1.448034644126892,1.4499702453613281,1.4513303983211518,0.001631660407125727,0.002776590757220361,0.0014985626330599189,-0.002774460349965203,-0.004370348062366247,-0.003907583812251687,-0.0034870175644755364,-0.0028670643223449588,-0.00194468901026994,-0.0007576164114288951,0.0006442378953890245,4.150424658552797e-07,0.22160276104544782,,0,,,,,0.3144818066194229,,0.7087193298781433,,0.08735384047031403,0.08735384047031403,0.08735384047031403,0.08735384047031403,0.08735384047031403,0.08735384047031403,0.08735384047031403,0.08735384047031403,0.08735384047031403,0.08735384047031403,0.0,1,text,0.9977207293666027,0.3146719625263472,-0.00019015590692432306,run_hop,,,44
0.8064040437398082,,,,1.000000047197982,Movies,0.04824052152497383,-0.042463742196559906,-0.04824052152497383,-0.049138717353343964,-0.04913261879235506,-0.049024641141295434,-0.04858461208641529,-0.046915137022733686,-0.045218740366399286,0.000900216029724849,0.031626523147925245,-0.030172482132911682,-0.031626523147925245,-0.03313377872109413,-0.03259347427636385,-0.03215271830558777,-0.03163565695285797,-0.03107060082256794,-0.03066980071365833,0.0004167693586533192,0.009377148957449797,-0.005685846786946058,-0.009377148957449797,-0.009613635018467903,-0.009516068613156676,-0.009495980106294155,-0.009430618956685066,-0.009215279016643763,-0.008583499584347,0.0001902930116453199,1.447962088192207,1.4558464288711548,1.447962088192207,1.4394922256469727,1.443394035100937,1.445909023284912,1.448034644126892,1.4499702453613281,1.4513303983211518,0.001631660407125727,0.5676888157568887,0.5734448432922363,0.5676888157568887,0.5657342672348022,0.5661639726161957,0.5666207075119019,0.5674747228622437,0.5691089451313018,0.57086157143116,0.0010031895602471135,1.0063892937887971e-06,0.0581469245427854,,0,,,,,0.19359600345817382,,0.674351877304202,,0.6569330096244812,0.6569330096244812,0.6569330096244812,0.6569330096244812,0.6569330096244812,0.6569330096244812,0.6569330096244812,0.6569330096244812,0.6569330096244812,0.6569330096244812,0.0,2,text,0.0,0.14444188762396296,0.04915411583421087,run_hop,,,44
0.8685815710116475,,,,0.9999999769554615,Movies,0.04969079527179863,-0.04356619715690613,-0.04969079527179863,-0.050753675401210785,-0.05074740272015333,-0.05062917098402977,-0.05011448450386524,-0.04806114360690117,-0.045991036072373384,0.0010923172578130146,0.033852897575053595,-0.03277912735939026,-0.033852897575053595,-0.03490976616740227,-0.03454045157879591,-0.03423027433454991,-0.03386078029870987,-0.03345178030431271,-0.033160064294934274,0.00029910239159213316,0.01412953479270694,-0.008567462675273418,-0.01412953479270694,-0.014485873281955719,-0.01433885977603495,-0.01430858951061964,-0.014210103545337915,-0.013885628338903189,-0.012933660019189103,0.0002867344649644562,1.447962088192207,1.4558464288711548,1.447962088192207,1.4394922256469727,1.443394035100937,1.445909023284912,1.448034644126892,1.4499702453613281,1.4513303983211518,0.001631660407125727,0.18199883914515091,-0.17427614331245422,-0.18199883914515091,-0.18381118774414062,-0.18349376693367958,-0.18314286917448044,-0.18235069513320923,-0.18027891516685485,-0.17811346381902696,0.0011856055741536135,1.4056605774641196e-06,0.3580340160619576,,0,,,,,0.13141840594381404,,0.5363248193965177,,0.08432561159133911,-0.08432561159133911,-0.08432561159133911,-0.08432561159133911,-0.08432561159133911,-0.08432561159133911,-0.08432561159133911,-0.08432561159133911,-0.08432561159133911,-0.08432561159133911,0.0,3,text,1.0,0.04833223101398276,0.08308617492983127,run_hop,,,44
1.0004010771589305,,,,0.9999999976027851,Movies,0.01725513954996973,0.02306229993700981,0.017172473151884284,-0.009130802936851978,-0.001385981785133481,0.010707831848412752,0.01871039904654026,0.02150575425475836,0.02242455326020718,0.004966700590911564,0.06915163268887523,0.07032006233930588,0.06915163268887523,0.0682058110833168,0.06851299859583378,0.0687707856297493,0.06913943216204643,0.06953630745410919,0.06997206561267376,0.00030550390952219177,0.003397388145443574,0.00849592499434948,0.003397388145443574,2.465714715071954e-06,0.0004539031151216477,0.001976586016826332,0.003463585628196597,0.004699208820238709,0.00592195502948016,0.0011020598766019762,1.5261267631702597,1.5604459047317505,1.5261267631702597,1.5103100538253784,1.515915206670761,1.5200661659240722,1.5248379707336426,1.5338449954986573,1.547995649576187,0.006175092835625879,0.2644373259029839,0.27309471368789673,0.2644373259029839,0.23857535421848297,0.2471356911957264,0.25809483230113983,0.26579223573207855,0.26890852451324465,0.27033145785331725,0.004829680508170824,2.3325813811005192e-05,0.37791662090949685,,0,,,,,-0.00040107955614533675,,0.28340016879947066,,0.1747158318758011,0.1747158318758011,0.1747158318758011,0.1747158318758011,0.1747158318758011,0.1747158318758011,0.1747158318758011,0.1747158318758011,0.1747158318758011,0.1747158318758011,0.0,0,visual,0.0,-0.047777391791422076,0.04737631223527674,run_hop,,,44
0.9838759339898778,,,,0.9999999853523657,Movies,0.02141001425704614,0.03579201549291611,0.02141001425704614,0.0014822585508227348,0.00883977722376585,0.01418105522170663,0.021539485082030296,0.02833865452557802,0.03332066345959902,0.005399959080999452,0.02287608289842238,-0.022540293633937836,-0.02287608289842238,-0.023288767784833908,-0.023165961001068353,-0.023012707382440566,-0.022871856577694416,-0.022741448134183884,-0.02264978123828769,0.00010798421051036793,0.0031262115646805604,0.007817787118256092,0.0031262115646805604,2.268903472213424e-06,0.0004176729510072619,0.0018188167014159262,0.0031871251994743943,0.004324121959507465,0.005449269595555962,0.0010140944107928777,1.5261267631702597,1.5604459047317505,1.5261267631702597,1.5103100538253784,1.515915206670761,1.5200661659240722,1.5248379707336426,1.5338449954986573,1.547995649576187,0.006175092835625879,0.15139744152545556,0.16644884645938873,0.15139744152545556,0.13173459470272064,0.13909017771482468,0.14426260441541672,0.15153368562459946,0.15830689817667007,0.1632567895948887,0.005390876531236765,2.906154977503933e-05,0.15192931776610624,,0,,,,,0.016124051362487846,,0.20779391181752652,,0.14973729848861694,0.14973729848861694,0.14973729848861694,0.14973729848861694,0.14973729848861694,0.14973729848861694,0.14973729848861694,0.14973729848861694,0.14973729848861694,0.14973729848861694,0.0,1,visual,0.0,-0.00042217301204349654,0.01654622437453134,run_hop,,,44
0.970280801297239,,,,0.99999979573561,Movies,0.007086806642775327,-0.003189783776178956,-0.007086806642775327,-0.010409221053123474,-0.00918291644193232,-0.008217691630125045,-0.0071408802177757025,-0.005852800700813532,-0.004841724685393269,0.0009293555785425594,0.0230627874034902,-0.022749200463294983,-0.0230627874034902,-0.023450708016753197,-0.023335787001997232,-0.023190438002347945,-0.023058666847646236,-0.02293614950031042,-0.02285061890259385,0.0001014555911629046,0.0005716254939786934,-4.1486734403406444e-07,-0.0005716254939786934,-0.0014294766588136554,-0.000996394994435832,-0.0007906625629402697,-0.0005827635177411139,-0.0003325692989164963,-7.637119575520041e-05,0.00018542642017196762,1.5261267631702597,1.5604459047317505,1.5261267631702597,1.5103100538253784,1.515915206670761,1.5200661659240722,1.5248379707336426,1.5338449954986573,1.547995649576187,0.006175092835625879,0.6703425327283751,0.6744077801704407,0.6703425327283751,0.6668748259544373,0.6682584160566329,0.6692184329032898,0.670278012752533,0.6715973556041718,0.672634339928627,0.0009326584715977943,8.698518246431337e-07,0.03337484183718341,,0,,,,,0.029718994438370987,,0.3086891795238149,,0.7010637521743774,0.7010637521743774,0.7010637521743774,0.7010637521743774,0.7010637521743774,0.7010637521743774,0.7010637521743774,0.7010637521743774,0.7010637521743774,0.7010637521743774,0.0,2,visual,0.0,-0.006626457879842121,0.03634545231821311,run_hop,,,44
0.674269668444624,,,,1.000000005098772,Movies,0.024001442397821288,-0.0125189907848835,-0.024001442397821288,-0.027963995933532715,-0.027831677962094546,-0.027078513987362385,-0.02467321790754795,-0.019758382439613344,-0.01664639981463551,0.0028181104646726814,0.02321276239545358,-0.022916318848729134,-0.02321276239545358,-0.023580580949783325,-0.023470667526125907,-0.023333735764026642,-0.023209016770124435,-0.023092813417315484,-0.02301146736368537,9.609681611904035e-05,0.005951973993000758,-4.319751042203279e-06,-0.005951973993000758,-0.01488423440605402,-0.010374829014763236,-0.008232667949050665,-0.006067947251722217,-0.0034628332825377586,-0.0007952048309380184,0.0019307277970201122,1.5261267631702597,1.5604459047317505,1.5261267631702597,1.5103100538253784,1.515915206670761,1.5200661659240722,1.5248379707336426,1.5338449954986573,1.547995649576187,0.006175092835625879,0.11231750410475595,-0.09767437726259232,-0.11231750410475595,-0.12176482379436493,-0.118101122751832,-0.11626847237348556,-0.11291299387812614,-0.10747072398662567,-0.10259845875203603,0.0034695486101290244,1.2037767558048245e-05,0.3507368085189787,,0,,,,,0.3257303366541481,,0.7192140399845364,,0.05915132537484169,-0.05915132537484169,-0.05915132537484169,-0.05915132537484169,-0.05915132537484169,-0.05915132537484169,-0.05915132537484169,-0.05915132537484169,-0.05915132537484169,-0.05915132537484169,0.0,3,visual,1.0,-0.0030313854163679685,0.32876172207051607,run_hop,,,44
1.0113937872126049,,,,0.9999999839494705,Toys,0.0032376160762609394,0.013136685825884342,0.002097239576502991,-0.004762665834277868,-0.0032243886310607196,-0.002203574450686574,0.001501791994087398,0.007344110868871213,0.01052592866122723,0.003622452440647585,0.06693502815773764,0.06726015359163284,0.06693502815773764,0.06658332049846649,0.0667088894546032,0.06679353266954421,0.06693071126937866,0.0670861154794693,0.06717805728316308,0.00010967412575879424,0.0008197476346199731,0.0016170302405953407,0.0008197476346199731,0.0,7.517574777011759e-05,0.000429936486762017,0.0008495526271872222,0.0011637116549536586,0.0013224068679846825,0.00028251775884206897,1.5812081563585074,1.599413514137268,1.5812081563585074,1.553736925125122,1.564391851425171,1.5718157529830932,1.581982970237732,1.5894056797027587,1.5940015387535096,0.006731360620504456,0.19713472423777542,0.20792432129383087,0.19713472423777542,0.19027870893478394,0.19177861303091048,0.19294101595878602,0.19653846323490143,0.20230455696582794,0.20553799599409103,0.003568677688961593,1.2735460447692258e-05,0.5191128340573657,,0,,,,,-0.011393803263134347,,0.1082669519941259,,0.12728270888328552,0.12728270888328552,0.12728270888328552,0.12728270888328552,0.12728270888328552,0.12728270888328552,0.12728270888328552,0.12728270888328552,0.12728270888328552,0.12728270888328552,0.0,0,text,0.0,-0.020536478970037682,0.009142675706903336,run_hop,,,42
0.9307887369455574,,,,1.0000000119024706,Toys,0.020898148782621494,-0.0037227864377200603,-0.020898148782621494,-0.028019770979881287,-0.027312659844756126,-0.02510940805077553,-0.02128687873482704,-0.016289427131414406,-0.010670717805624008,0.0035493020402666505,0.022425901832198083,-0.022313077002763748,-0.022425901832198083,-0.022529639303684235,-0.022503460831940172,-0.022474215552210807,-0.022424517199397087,-0.022380707785487175,-0.022353590056300162,3.506233747692382e-05,0.0033881760941589082,-0.0,-0.0033881760941589082,-0.006683499552309513,-0.005465764598920941,-0.004809846263378858,-0.003511365968734026,-0.001777010946534574,-0.0003107159462524575,0.0011677007371309093,1.5812081563585074,1.599413514137268,1.5812081563585074,1.553736925125122,1.564391851425171,1.5718157529830932,1.581982970237732,1.5894056797027587,1.5940015387535096,0.006731360620504456,0.06503044116749773,0.08158094435930252,0.06503044116749773,0.05695478990674019,0.058563524782657625,0.060647252947092056,0.06465327739715576,0.06982462257146836,0.07499807968735696,0.0036097738061123645,1.3030466931294947e-05,0.19461639773309325,,0,,,,,0.06921127495691319,,0.3388731250887285,,0.11174266785383224,0.11174266785383224,0.11174266785383224,0.11174266785383224,0.11174266785383224,0.11174266785383224,0.11174266785383224,0.11174266785383224,0.11174266785383224,0.11174266785383224,0.0,1,text,0.0,-0.003939831237351559,0.07315110619426475,run_hop,,,42
0.852348115922038,,,,1.0000001103290965,Toys,0.000404996920914681,0.0027004594448953867,0.00020153900488545498,-0.0016668321331962943,-0.0009090808453038335,-0.000373558746650815,0.00015418301336467266,0.0008566829608753325,0.0015414702729322043,0.0004999540693704069,0.0223309286373462,-0.02221471443772316,-0.0223309286373462,-0.022438518702983856,-0.022411438934504986,-0.02238096743822098,-0.022329483181238174,-0.022284070402383803,-0.022256045639514922,3.6306620968661346e-05,0.0006338121065946397,-0.0,-0.0006338121065946397,-0.00125025468878448,-0.001022457927465439,-0.0008997580735012889,-0.0006568567478097975,-0.0003324181016068905,-5.8124349670833854e-05,0.00021843695347901446,1.5812081563585074,1.599413514137268,1.5812081563585074,1.553736925125122,1.564391851425171,1.5718157529830932,1.581982970237732,1.5894056797027587,1.5940015387535096,0.006731360620504456,0.7352299011885529,0.737535297870636,0.7352299011885529,0.7330414652824402,0.733922039270401,0.73455411195755,0.7352432012557983,0.7358928442001342,0.7365075349807739,0.0005323959882440033,2.8344548829830886e-07,0.03028058848559239,,0,,,,,0.14765199440705867,,0.5095339543069245,,0.7579931020736694,0.7579931020736694,0.7579931020736694,0.7579931020736694,0.7579931020736694,0.7579931020736694,0.7579931020736694,0.7579931020736694,0.7579931020736694,0.7579931020736694,0.0,2,text,0.0,-0.02350451308220255,0.17115650748926123,run_hop,,,42
0.7013282426221146,,,,1.000000001478711,Toys,0.012137766480270352,0.016127880662679672,0.012137766480270352,0.005790540482848883,0.007812433773651719,0.00974917970597744,0.012257931753993034,0.014331560023128987,0.01546599615365267,0.0017496368185222315,0.022178197695753746,-0.022055530920624733,-0.022178197695753746,-0.0222920011729002,-0.022263158038258554,-0.022230997681617737,-0.02217666432261467,-0.02212877422571182,-0.022099300771951675,3.830884254706587e-05,0.0032022407804351734,0.006316724698990583,0.0032022407804351734,0.0,0.00029366457660216837,0.0016794926719740032,0.003318670205771923,0.004545892868191004,0.00516581578180194,0.001103620004942757,1.5812081563585074,1.599413514137268,1.5812081563585074,1.553736925125122,1.564391851425171,1.5718157529830932,1.581982970237732,1.5894056797027587,1.5940015387535096,0.006731360620504456,0.029309441271100998,0.034452132880687714,0.029309441271100998,0.0209174994379282,0.023641807436943055,0.02639046460390091,0.029513973742723465,0.031932015717029576,0.033210893720388414,0.0021424772055003982,4.5902085760887965e-06,0.5256338236743999,,0,,,,,0.2986717588565964,,0.6526662189251631,,0.03614763170480728,0.03614763170480728,0.03614763170480728,0.03614763170480728,0.03614763170480728,0.03614763170480728,0.03614763170480728,0.03614763170480728,0.03614763170480728,0.03614763170480728,0.0,3,text,0.0,-0.0051543534147904715,0.3038261122713869,run_hop,,,42
0.6444157748462016,,,,0.999999938417545,Toys,0.034999099870552816,-0.031224148347973824,-0.034999099870552816,-0.03550149127840996,-0.03540081150829792,-0.0352926068007946,-0.035065412521362305,-0.03465460017323494,-0.033752252385020255,0.0003174754354205489,0.05037168168480139,0.0511305071413517,0.05037168168480139,0.04959428682923317,0.049859056696295735,0.05005811154842377,0.05037267878651619,0.05068811625242233,0.05089658588171005,0.00023691103297647617,0.0012351289044226462,0.001449387171305716,0.0012351289044226462,0.0,0.0009439275204204023,0.001098459307104349,0.0012503841426223516,0.0013569648377597331,0.001409955816343427,0.00010698874818995709,1.7636388459796635,1.7715686559677124,1.7636388459796635,1.7531691789627075,1.7568614983558655,1.7602315664291381,1.7638051509857178,1.7668163299560546,1.7691290378570557,0.002597473840416941,0.11777502445458617,0.12103129923343658,0.11777502445458617,0.11624239385128021,0.11710210964083671,0.11736942082643509,0.11774922162294388,0.11819828003644943,0.11878247082233429,0.0003473326973345033,1.2064000263766168e-07,0.3789980892860049,,0,,,,,0.35558416357134337,,1.0832327220140614,,0.10116731375455856,0.10116731375455856,0.10116731375455856,0.10116731375455856,0.10116731375455856,0.10116731375455856,0.10116731375455856,0.10116731375455856,0.10116731375455856,0.10116731375455856,0.0,0,visual,0.0,0.24773235637022406,0.10785180720111932,run_hop,,,42
0.9658690665191628,,,,1.0000000029996647,Toys,0.009202563200917974,-0.0008955299854278564,-0.009202563200917974,-0.018457867205142975,-0.015232137441635131,-0.01247830931097269,-0.009124383330345154,-0.006016040593385696,-0.0037786116404458837,0.0025063880099996947,0.016896926941348752,-0.016654901206493378,-0.016896926941348752,-0.017136776819825172,-0.01706168759614229,-0.01699596531689167,-0.016897328197956085,-0.016798968985676767,-0.01673554763197899,7.430057074593632e-05,0.003578632492837583,-0.0,-0.003578632492837583,-0.004199419170618057,-0.004085171483457089,-0.003931636922061443,-0.0036228327080607414,-0.0031826492864638566,-0.0027349126804620013,0.00030998660058430223,1.7636388459796635,1.7715686559677124,1.7636388459796635,1.7531691789627075,1.7568614983558655,1.7602315664291381,1.7638051509857178,1.7668163299560546,1.7691290378570557,0.002597473840416941,0.08832433681271738,0.09652133285999298,0.08832433681271738,0.07878326624631882,0.08219259276986123,0.08497320711612702,0.08840130269527435,0.09161713719367981,0.09391923964023591,0.0025757466012852424,6.634470554032477e-06,0.16096502334786392,,0,,,,,0.034130936480501875,,0.15332309668085362,,0.11800245940685272,0.11800245940685272,0.11800245940685272,0.11800245940685272,0.11800245940685272,0.11800245940685272,0.11800245940685272,0.11800245940685272,0.11800245940685272,0.11800245940685272,0.0,1,visual,0.0,0.0060315626679508065,0.02809937381255107,run_hop,,,42
0.9946361503546154,,,,0.9999999631618559,Toys,0.036106701171838826,0.037086594849824905,0.036106701171838826,0.031651586294174194,0.03346794754266739,0.03483209311962128,0.03637717664241791,0.03693703263998031,0.037076026648283,0.0008527252293448521,0.01688779053071482,-0.016640320420265198,-0.01688779053071482,-0.01712765358388424,-0.017054225653409957,-0.01698748655617237,-0.016888204962015152,-0.016788455098867415,-0.016725692600011825,7.495586215450204e-05,0.0003890860813397906,-0.0,-0.0003890860813397906,-0.00045658100862056017,-0.00044415945652872326,-0.00042746641556732354,-0.0003938917361665517,-0.00034603289095684885,-0.00029735281190369263,3.370322931622012e-05,1.7636388459796635,1.7715686559677124,1.7636388459796635,1.7531691789627075,1.7568614983558655,1.7602315664291381,1.7638051509857178,1.7668163299560546,1.7691290378570557,0.002597473840416941,0.79167157620674,0.7928973436355591,0.79167157620674,0.7871745228767395,0.7890515625476837,0.7903838276863098,0.7919384837150574,0.7925055384635925,0.7926957154273987,0.0008534347356890872,7.283508480807021e-07,0.02135720335870403,,0,,,,,0.005363812807240562,,0.12742567899249227,,0.77284175157547,0.77284175157547,0.77284175157547,0.77284175157547,0.77284175157547,0.77284175157547,0.77284175157547,0.77284175157547,0.77284175157547,0.77284175157547,0.0,2,visual,0.0,0.00796987139229579,-0.002606058585055228,run_hop,,,42
0.8738889868647967,,,,0.9999999523081511,Toys,0.03433697471130971,0.03513389825820923,0.03433697471130971,0.029961029067635536,0.031684453934431075,0.03314105868339538,0.034636277705430984,0.03505358025431633,0.03513119108974934,0.0008078548998264504,0.01658696417187573,-0.01629907637834549,-0.01658696417187573,-0.01686607114970684,-0.016781238950788976,-0.016704138740897177,-0.016587326303124428,-0.01647058464586735,-0.016397198401391505,8.782315095593967e-05,0.00273258991587687,0.0032066134735941887,0.00273258991587687,0.0,0.002088338122703135,0.002430223161354661,0.0027663405053317547,0.0030021388083696365,0.0031193754915148026,0.00023670110405901783,1.7636388459796635,1.7715686559677124,1.7636388459796635,1.7531691789627075,1.7568614983558655,1.7602315664291381,1.7638051509857178,1.7668163299560546,1.7691290378570557,0.002597473840416941,0.07120683488421868,0.07250738888978958,0.07120683488421868,0.06636525690555573,0.06831113070249557,0.06991956233978272,0.07148046791553497,0.07204375863075256,0.07233665809035301,0.0008862119663617981,7.853716493228448e-07,0.22712531695828936,,0,,,,,0.12611096544335437,,0.40171106801848105,,0.05072423443198204,0.05072423443198204,0.05072423443198204,0.05072423443198204,0.05072423443198204,0.05072423443198204,0.05072423443198204,0.05072423443198204,0.05072423443198204,0.05072423443198204,0.0,3,visual,0.0,0.022936564273820317,0.10317440116953407,run_hop,,,42
0.6974614978441586,,,,0.9999999619364763,Toys,0.021023827874243232,0.024484235793352127,0.021023827874243232,0.00450672535225749,0.011497808657586574,0.017228181287646294,0.021962860599160194,0.023284800350666046,0.02392569534480572,0.0026667994987733187,0.07753802771210008,0.08029581606388092,0.07753802771210008,0.07483575493097305,0.07562782406806946,0.07643515318632126,0.0774853304028511,0.07876609265804291,0.07968532189726829,0.0008892196428286391,0.005349784315795411,0.012247954495251179,0.005349784315795411,0.0,0.0004208905156701803,0.0028692613355815414,0.005555254407227039,0.0074820340611040596,0.008751275464892396,0.0018112326013606712,1.4923476997047382,1.514032006263733,1.4923476997047382,1.4738202095031738,1.4810303378105163,1.4863664388656617,1.492380976676941,1.498262357711792,1.5031084442138671,0.0046914641727453,0.25173367740927066,0.2601511776447296,0.25173367740927066,0.2362077683210373,0.24355610460042953,0.2480548232793808,0.25210967659950256,0.2548804998397827,0.25683016657829283,0.002767780793643516,7.66061052166193e-06,0.49090815414768024,,0,,,,,0.3025384640923177,,1.012619150565632,,0.1478220373392105,0.1478220373392105,0.1478220373392105,0.1478220373392105,0.1478220373392105,0.1478220373392105,0.1478220373392105,0.1478220373392105,0.1478220373392105,0.1478220373392105,0.0,0,text,0.0,-0.11698075970566829,0.419519223797986,run_hop,,,43
0.6958645964824023,,,,0.9999999963869337,Toys,0.0232770571215148,-0.011606542393565178,-0.0232770571215148,-0.02733139880001545,-0.026556048952043058,-0.025638647750020026,-0.023680804297327995,-0.020298366621136665,-0.016482512541115248,0.0021535362080468746,0.025886880326048564,-0.0249759741127491,-0.025886880326048564,-0.0267956405878067,-0.026593156158924103,-0.026291877776384354,-0.025868944823741913,-0.02552400417625904,-0.025256728529930113,0.00029314308005860075,0.004266297194204358,-0.0,-0.004266297194204358,-0.009767387062311172,-0.006978887803852558,-0.005966704245656729,-0.004430153872817755,-0.0022881525103002755,-0.00033564792829565704,0.0014444052521118767,1.4923476997047382,1.514032006263733,1.4923476997047382,1.4738202095031738,1.4810303378105163,1.4863664388656617,1.492380976676941,1.498262357711792,1.5031084442138671,0.0046914641727453,0.028690303133237647,0.03983427211642265,0.028690303133237647,0.021942496299743652,0.024308653585612773,0.02575375437736511,0.02832077629864216,0.032159754633903505,0.03554355874657631,0.002507339865573853,6.286753201495907e-06,0.28608980645594995,,0,,,,,0.3041353999045314,,0.8068349744346729,,0.08212053775787354,0.08212053775787354,0.08212053775787354,0.08212053775787354,0.08212053775787354,0.08212053775787354,0.08212053775787354,0.08212053775787354,0.08212053775787354,0.08212053775787354,0.0,1,text,0.0,-0.02852776062209768,0.3326631605266291,run_hop,,,43
0.5417204749046368,,,,0.9999999515468728,Toys,0.01498626386488001,-0.011014082469046116,-0.01498626386488001,-0.018343517556786537,-0.017250281162559986,-0.016362230107188225,-0.01505475863814354,-0.01351703740656376,-0.01238635718822479,0.0010910290277185517,0.02573663493792528,-0.02481972798705101,-0.02573663493792528,-0.02668423391878605,-0.026473637484014035,-0.02615911103785038,-0.025718431919813156,-0.025358108803629875,-0.0250823637843132,0.0003052759970841221,0.0028169603339556156,-0.0,-0.0028169603339556156,-0.006449232343584299,-0.0046080357208848,-0.003939708787947893,-0.0029251519590616226,-0.0015108264517039042,-0.00022162236564327031,0.0009537151573606683,1.4923476997047382,1.514032006263733,1.4923476997047382,1.4738202095031738,1.4810303378105163,1.4863664388656617,1.492380976676941,1.498262357711792,1.5031084442138671,0.0046914641727453,0.6914216504577393,0.6976415514945984,0.6914216504577393,0.6865914463996887,0.688549861907959,0.6896137237548828,0.691264271736145,0.6934569120407105,0.6953597855567932,0.0014905476065578934,2.2217321674154643e-06,0.03807411166238741,,0,,,,,0.458279476642236,,1.1539483563728048,,0.7349615097045898,0.7349615097045898,0.7349615097045898,0.7349615097045898,0.7349615097045898,0.7349615097045898,0.7349615097045898,0.7349615097045898,0.7349615097045898,0.7349615097045898,0.0,2,text,0.0,0.028938194454730885,0.4293412821875051,run_hop,,,43
0.9868787229495973,,,,1.0000000067694115,Toys,0.01701155801932142,-0.00875408947467804,-0.01701155801932142,-0.021591423079371452,-0.020953868739306925,-0.019604635983705522,-0.017284758388996124,-0.01397576779127121,-0.010962148085236541,0.0022088792612953234,0.025914512532820563,-0.025040049105882645,-0.025914512532820563,-0.026815949007868767,-0.026615268960595132,-0.026315896958112716,-0.025897888466715813,-0.02555273361504078,-0.02528911765664816,0.0002909370968414287,0.001733473098677197,0.0039686644449830055,0.001733473098677197,0.0,0.00013637977826874703,0.0009297173819504678,0.0018000509589910507,0.0024243789725005628,0.002835647170431915,0.0005868877705822989,1.4923476997047382,1.514032006263733,1.4923476997047382,1.4738202095031738,1.4810303378105163,1.4863664388656617,1.492380976676941,1.498262357711792,1.5031084442138671,0.0046914641727453,0.025733850643895592,-0.017278648912906647,-0.025733850643895592,-0.03093838505446911,-0.029688288904726506,-0.028324152529239654,-0.025959258899092674,-0.02282352074980735,-0.02003015015274286,0.0021383416487580254,4.57250500681319e-06,0.8514852500837224,,0,,,,,0.013121283819814158,,0.39740735603246563,,0.015458746813237667,0.015458746813237667,0.015458746813237667,0.015458746813237667,0.015458746813237667,0.015458746813237667,0.015458746813237667,0.015458746813237667,0.015458746813237667,0.015458746813237667,0.0,3,text,1.0,-0.05680787561225226,0.06992915943206642,run_hop,,,43
0.007292446280380063,,,,1.0000000019720834,Toys,0.0317496254653149,-0.02895047329366207,-0.0317496254653149,-0.03241951763629913,-0.03229886651039124,-0.03215910345315933,-0.031842492520809174,-0.031215277314186097,-0.030420554876327513,0.0004012361890523605,0.05061273490296783,0.05173187330365181,0.05061273490296783,0.0495358370244503,0.04980722807347775,0.050133537501096725,0.050607435405254364,0.051105381548404695,0.051408348381519316,0.0003654438091768018,0.0030263127239197863,0.013246215879917145,0.0030263127239197863,0.0,0.0003912970738019794,0.0010109860450029373,0.0026987213641405106,0.0054840587079524996,0.008733210265636476,0.0018363807554954766,1.7875887304148428,1.793621301651001,1.7875887304148428,1.769741177558899,1.7780741000175475,1.783101487159729,1.7882293462753296,1.791082739830017,1.7924797129631043,0.0031995746152993507,0.127819705823102,0.13828310370445251,0.127819705823102,0.12427912652492523,0.12494940966367722,0.12573084831237794,0.12749312818050385,0.1303659975528717,0.13355541884899141,0.0018900622561199966,3.5723353320094117e-06,0.389592410142226,,0,,,,,0.9927075556917032,,5.487602113819656,,0.10593028366565704,0.10593028366565704,0.10593028366565704,0.10593028366565704,0.10593028366565704,0.10593028366565704,0.10593028366565704,0.10593028366565704,0.10593028366565704,0.10593028366565704,0.0,0,visual,0.0,0.0368732237163524,0.9558343319753508,run_hop,,,43
0.7003343018409381,,,,0.9999999982588539,Toys,0.036746872310697905,-0.024071579799056053,-0.036746872310697905,-0.040055740624666214,-0.03997812435030937,-0.039278678596019745,-0.03728193789720535,-0.03341364711523056,-0.0293873643502593,0.0023741798897989434,0.017021198981779298,-0.016690989956259727,-0.017021198981779298,-0.017360659316182137,-0.0172658896073699,-0.017172927781939507,-0.01701958104968071,-0.016873952373862265,-0.01677271109074354,0.0001124256218303138,0.002561411060753397,-0.0,-0.002561411060753397,-0.011211334727704525,-0.007391615491360426,-0.004641598463058472,-0.0022841442842036486,-0.0008556785294786089,-0.00033118608407676174,0.0015542762474419437,1.7875887304148428,1.793621301651001,1.7875887304148428,1.769741177558899,1.7780741000175475,1.783101487159729,1.7882293462753296,1.791082739830017,1.7924797129631043,0.0031995746152993507,0.02767187251814482,0.041516125202178955,0.02767187251814482,0.01898808963596821,0.02217535812407732,0.024427790194749832,0.02736854925751686,0.031374441832304,0.03574228450655938,0.002810137787557929,7.896874385060972e-06,0.16217720540567152,,0,,,,,0.2996656964179157,,0.7020116191412058,,0.08400135487318039,0.08400135487318039,0.08400135487318039,0.08400135487318039,0.08400135487318039,0.08400135487318039,0.08400135487318039,0.08400135487318039,0.08400135487318039,0.08400135487318039,0.0,1,visual,0.0,0.0016586679693609621,0.2980070284485547,run_hop,,,43
0.35319424587037457,,,,1.0000001837006003,Toys,0.033131068447205606,0.03402548283338547,0.033131068447205606,0.028381071984767914,0.03052408240735531,0.031991423666477205,0.03337358310818672,0.03389501273632049,0.03401735693216324,0.0007983163255077622,0.016989294688146913,-0.016647737473249435,-0.016989294688146913,-0.017341002821922302,-0.01723845437169075,-0.01714395619928837,-0.016987768933176994,-0.016838759556412695,-0.01673695892095566,0.00011465765943977661,0.0017231404775868626,-0.0,-0.0017231404775868626,-0.007542211562395096,-0.004972568601369858,-0.0031225469429045916,-0.0015366144943982363,-0.0005756414378993209,-0.00022279912285739527,0.001045609725193563,1.7875887304148428,1.793621301651001,1.7875887304148428,1.769741177558899,1.7780741000175475,1.783101487159729,1.7882293462753296,1.791082739830017,1.7924797129631043,0.0031995746152993507,0.7890830353654851,0.7914337515830994,0.7890830353654851,0.7802852392196655,0.7848946070671081,0.7873913884162903,0.7893249988555908,0.7904931902885437,0.7910375738143921,0.0013049703307522191,1.7029475641435562e-06,0.023164818137893922,,0,,,,,0.6468059378302258,,1.4533930299395652,,0.7746644020080566,0.7746644020080566,0.7746644020080566,0.7746644020080566,0.7746644020080566,0.7746644020080566,0.7746644020080566,0.7746644020080566,0.7746644020080566,0.7746644020080566,0.0,2,visual,0.0,0.009069841879351944,0.6377360959508739,run_hop,,,43
0.5544871789169136,,,,0.9999999986136427,Toys,0.02980899286361226,0.03074563480913639,0.02980899286361226,0.025071073323488235,0.02700703777372837,0.02859669141471386,0.03008679300546646,0.030606621503829957,0.03073672190308571,0.0008475830310126452,0.01660224122152103,-0.01619364321231842,-0.01660224122152103,-0.017030205577611923,-0.01690307766199112,-0.016789409145712853,-0.016600390896201134,-0.016420917212963106,-0.01629873037338257,0.0001384464593150467,0.001258239080954768,0.005507331341505051,0.001258239080954768,0.0,0.0001626881622360088,0.00042033400386571885,0.0011220375308766961,0.002280087256804109,0.0036309749493375555,0.0007635053768969757,1.7875887304148428,1.793621301651001,1.7875887304148428,1.769741177558899,1.7780741000175475,1.783101487159729,1.7882293462753296,1.791082739830017,1.7924797129631043,0.0031995746152993507,0.06818679860444511,0.07258862257003784,0.06818679860444511,0.06243191286921501,0.06489558592438698,0.06667832136154175,0.06830456852912903,0.0695110246539116,0.0705465467274189,0.001153158810332715,1.3297752418479628e-06,0.2138190959455568,,0,,,,,0.4455128196967291,,1.0641456968177792,,0.05372180789709091,0.05372180789709091,0.05372180789709091,0.05372180789709091,0.05372180789709091,0.05372180789709091,0.05372180789709091,0.05372180789709091,0.05372180789709091,0.05372180789709091,0.0,3,visual,0.0,0.008981451081661608,0.4365313686150675,run_hop,,,43
0.992641452595567,,,,1.0000000145710544,Toys,0.016123767980269148,0.023220190778374672,0.016051369134513514,-0.006891944911330938,-0.0013569953828118742,0.007206239830702544,0.01816285215318203,0.021241221576929092,0.022275530882179737,0.005715840912057133,0.07163783888809346,0.07252137362957001,0.07163783888809346,0.07080026715993881,0.07102416455745697,0.0712322324514389,0.07162468135356903,0.07205744534730911,0.0723439557850361,0.0003116960432858721,0.00348807401962425,0.005867965519428253,0.00348807401962425,0.0,0.000418193246005103,0.0019725941121578215,0.0036452808417379856,0.004789334069937468,0.005198631267994643,0.0010948982187749443,1.5094179191633135,1.547330617904663,1.5094179191633135,1.4925559759140015,1.497235689163208,1.5008266925811768,1.5070949792861938,1.5221756219863891,1.5349753260612489,0.008479454472347039,0.2226965847446539,0.23105749487876892,0.2226965847446539,0.1997281312942505,0.20573754757642745,0.2140612632036209,0.22462956607341766,0.22808141112327576,0.22955807209014892,0.005641401316965245,3.1825408819057194e-05,0.5088346682844004,,0,,,,,0.007358561975487329,,0.24608702086995202,,0.13151930272579193,0.13151930272579193,0.13151930272579193,0.13151930272579193,0.13151930272579193,0.13151930272579193,0.13151930272579193,0.13151930272579193,0.13151930272579193,0.13151930272579193,0.0,0,text,0.0,-0.04096786775437127,0.0483264297298586,run_hop,,,44
0.5803790230467811,,,,1.000000014414374,Toys,0.03324479178029807,-0.022534038871526718,-0.03324479178029807,-0.03634830564260483,-0.03628163374960423,-0.03559128791093826,-0.033697109669446945,-0.030308732390403745,-0.02671688489615917,0.002141413267328828,0.023997484832753678,-0.023734601214528084,-0.023997484832753678,-0.02427932247519493,-0.024222798459231854,-0.024132052436470985,-0.023993460461497307,-0.023867576196789742,-0.023800702653825282,9.993923624961992e-05,0.005761145506553281,-0.0,-0.005761145506553281,-0.009691939689218998,-0.008586420603096485,-0.00791039727628231,-0.006020799279212952,-0.003258073702454567,-0.0006907170126214621,0.0018084100010548015,1.5094179191633135,1.547330617904663,1.5094179191633135,1.4925559759140015,1.497235689163208,1.5008266925811768,1.5070949792861938,1.5221756219863891,1.5349753260612489,0.008479454472347039,0.027317135215190823,0.039261363446712494,0.027317135215190823,0.022005584090948105,0.022767477259039878,0.023996976763010026,0.02684606984257698,0.031359300762414936,0.03498558215796948,0.0028408241246871465,8.070281707404492e-06,0.2408331344272718,,0,,,,,0.41962099136759284,,0.8911634505719248,,0.09032055735588074,0.09032055735588074,0.09032055735588074,0.09032055735588074,0.09032055735588074,0.09032055735588074,0.09032055735588074,0.09032055735588074,0.09032055735588074,0.09032055735588074,0.0,1,text,0.0,-0.002789051299267615,0.42241004266686044,run_hop,,,44
0.920009601475437,,,,1.000000234840104,Toys,0.01244989590990256,-0.007626887410879135,-0.01244989590990256,-0.015403125435113907,-0.014774149954319001,-0.013898050785064698,-0.012531071901321411,-0.010920616239309308,-0.009339934810996054,0.001172439417917416,0.02383380549464588,-0.023546747863292694,-0.02383380549464588,-0.024132663384079933,-0.02407247044146061,-0.023975975066423415,-0.023829391226172447,-0.02369680628180504,-0.023625749982893466,0.0001054978968079294,0.0011759721295881624,-0.0,-0.0011759721295881624,-0.0019783307798206806,-0.001752670870628208,-0.0016146800946444273,-0.0012289730366319418,-0.0006650420255027711,-0.00014099001215072342,0.0003691348811948296,1.5094179191633135,1.547330617904663,1.5094179191633135,1.4925559759140015,1.497235689163208,1.5008266925811768,1.5070949792861938,1.5221756219863891,1.5349753260612489,0.008479454472347039,0.7044854144912954,0.7097600698471069,0.7044854144912954,0.7010799646377563,0.7021388041973115,0.7030128479003906,0.7043850421905518,0.7061257123947143,0.7076192164421081,0.0012077603701257556,1.458685111646302e-06,0.03315209957729716,,0,,,,,0.07999063336466695,,0.40482499167506336,,0.7419450879096985,0.7419450879096985,0.7419450879096985,0.7419450879096985,0.7419450879096985,0.7419450879096985,0.7419450879096985,0.7419450879096985,0.7419450879096985,0.7419450879096985,0.0,2,text,0.0,0.011533947708588168,0.06845668565607879,run_hop,,,44
0.606157926341667,,,,1.0000000029809857,Toys,0.008276318052752557,-0.00425312714651227,-0.008276318052752557,-0.012110017240047455,-0.011022233255207538,-0.009972574934363366,-0.00834519974887371,-0.006448408029973505,-0.0051383577845990624,0.0013343058270300666,0.023806548507321165,-0.023514753207564354,-0.023806548507321165,-0.02410939522087574,-0.024048009626567363,-0.023949677869677544,-0.023801911622285843,-0.023668373376131056,-0.0235974982380867,0.0001063592887930139,0.003449043389914081,0.005802304483950138,0.003449043389914081,0.0,0.0004135137761477381,0.0019505213713273406,0.003604491241276264,0.004735742788761855,0.005140459835529329,0.0010826465952478324,1.5094179191633135,1.547330617904663,1.5094179191633135,1.4925559759140015,1.497235689163208,1.5008266925811768,1.5070949792861938,1.5221756219863891,1.5349753260612489,0.008479454472347039,0.002957821511655621,0.00232486380264163,-0.0028896755775367905,-0.00838354043662548,-0.006491935905069112,-0.005046971514821053,-0.002927999710664153,-0.0006706589367240659,0.0011708563892170857,0.0016870088161160266,2.8459987456531974e-06,0.8011528171201141,,0,,,,,0.3938420766393186,,0.8911044672541547,,0.02574414759874344,0.02574414759874344,0.02574414759874344,0.02574414759874344,0.02574414759874344,0.02574414759874344,0.02574414759874344,0.02574414759874344,0.02574414759874344,0.02574414759874344,0.0,3,text,0.9496013529838125,-0.026643150954215197,0.4204852275935338,run_hop,,,44
0.11851447244720421,,,,0.9999999364885942,Toys,0.034127780702932646,-0.03221605345606804,-0.034127780702932646,-0.03457548841834068,-0.03448917344212532,-0.034389159828424457,-0.034178297966718674,-0.03379828035831452,-0.03336351573467255,0.0002461744233495493,0.05029551965202736,0.05106785148382187,0.05029551965202736,0.04920847713947296,0.0495527508854866,0.04986653700470924,0.05032511427998543,0.05067456811666489,0.050875039473176,0.0003071627052404595,0.0010758715030885955,0.003459027037024498,0.0010758715030885955,0.0,0.0006422886461950839,0.0007337164250202477,0.0009959444869309664,0.0015194753184914588,0.0022003748640418075,0.00033745564451880314,1.7866031295465772,1.7941819429397583,1.7866031295465772,1.7741873264312744,1.7786311650276183,1.7824291706085205,1.7870194911956787,1.7902171850204467,1.792097933292389,0.00302114541905448,0.11726206702277636,0.11978377401828766,0.11726206702277636,0.11594980955123901,0.11637304306030273,0.11670428514480591,0.11721070110797882,0.11788166016340255,0.11860219657421112,0.00047109448687533933,2.2193001556433928e-07,0.3829506678376086,,0,,,,,0.8814854640413899,,2.618543138518535,,0.1000184565782547,0.1000184565782547,0.1000184565782547,0.1000184565782547,0.1000184565782547,0.1000184565782547,0.1000184565782547,0.1000184565782547,0.1000184565782547,0.1000184565782547,0.0,0,visual,0.0,0.3319179248077405,0.5495675392336494,run_hop,,,44
0.9003846676545874,,,,0.999999997732184,Toys,0.0220650763145357,-0.009566233493387699,-0.0220650763145357,-0.02741951309144497,-0.027030841559171678,-0.025373509153723717,-0.02241717092692852,-0.018249064311385153,-0.014375861659646032,0.0027883724294133247,0.016879479612999418,-0.016533641144633293,-0.016879479612999418,-0.01712542027235031,-0.017060973420739173,-0.0169986005872488,-0.016888577491044998,-0.016744760796427727,-0.016645601727068426,9.642506936515925e-05,0.002572548777005863,-0.0,-0.002572548777005863,-0.008270983584225178,-0.005261383075267076,-0.0036332633346319197,-0.0023814330343157053,-0.0017544114729389547,-0.0015357958106324073,0.0008069003615621785,1.7866031295465772,1.7941819429397583,1.7866031295465772,1.7741873264312744,1.7786311650276183,1.7824291706085205,1.7870194911956787,1.7902171850204467,1.792097933292389,0.00302114541905448,0.058942932922660396,0.0724121630191803,0.058942932922660396,0.050882987678050995,0.05344025269150734,0.05536444932222366,0.05858832597732544,0.06293265074491501,0.0671726043522358,0.002977548425644192,8.865794627056208e-06,0.15875952096767304,,0,,,,,0.09961533007759658,,0.3239615415339035,,0.10046003758907318,0.10046003758907318,0.10046003758907318,0.10046003758907318,0.10046003758907318,0.10046003758907318,0.10046003758907318,0.10046003758907318,0.10046003758907318,0.10046003758907318,0.0,1,visual,0.0,0.00995391984921719,0.0896614102283794,run_hop,,,44
0.9594819323032949,,,,0.999999485744691,Toys,0.03220715407065203,0.03316636383533478,0.03220715407065203,0.028079921379685402,0.029748528674244882,0.031032868847250938,0.03245481103658676,0.03299003541469574,0.03314733073115349,0.000794788577552479,0.016865948789986356,-0.016523724421858788,-0.016865948789986356,-0.017110109329223633,-0.017048697285354138,-0.01698565259575844,-0.01687527820467949,-0.01673017628490925,-0.01663145925849676,9.705640986007456e-05,0.00046800963592168334,-0.0,-0.00046800963592168334,-0.001504694577306509,-0.0009571744373533874,-0.0006609795964322984,-0.0004332409880589694,-0.0003191704105120152,-0.0002793988701887428,0.00014679494045971247,1.7866031295465772,1.7941819429397583,1.7866031295465772,1.7741873264312744,1.7786311650276183,1.7824291706085205,1.7870194911956787,1.7902171850204467,1.792097933292389,0.00302114541905448,0.7879121788978346,0.7892066240310669,0.7879121788978346,0.7836455702781677,0.7854589700698853,0.7867285013198853,0.7881497740745544,0.7887107849121093,0.7889608645439148,0.0008065441759991669,6.505135078381751e-07,0.021526285716212488,,0,,,,,0.040517553441396105,,0.3068128517446804,,0.7730389833450317,0.7730389833450317,0.7730389833450317,0.7730389833450317,0.7730389833450317,0.7730389833450317,0.7730389833450317,0.7730389833450317,0.7730389833450317,0.7730389833450317,0.0,2,visual,0.0,0.010827458595987305,0.0296900948454088,run_hop,,,44
0.613369246004289,,,,0.999999964504603,Toys,0.03386925032403294,0.03468327596783638,0.03386925032403294,0.029728297144174576,0.03133869767189026,0.03272945433855057,0.03414104878902435,0.03458698913455009,0.03467993967235088,0.0007776682381255179,0.016550091235810905,-0.01615110971033573,-0.016550091235810905,-0.016834711655974388,-0.016764931082725525,-0.016690528392791747,-0.016560792922973633,-0.016391373053193093,-0.01627570394426584,0.00011381453037432124,0.0019646867060727604,0.0063166506588459015,0.0019646867060727604,0.0,0.0011729058343917132,0.0013398653594776989,0.0018187292153015733,0.002774767344817519,0.004018181851133708,0.0006162395946066946,1.7866031295465772,1.7941819429397583,1.7866031295465772,1.7741873264312744,1.7786311650276183,1.7824291706085205,1.7870194911956787,1.7902171850204467,1.792097933292389,0.00302114541905448,0.07229580707122635,0.07657543569803238,0.07229580707122635,0.06782270967960358,0.06948044434189797,0.07094069719314575,0.07241158932447433,0.07343468964099883,0.07436741262674332,0.0010024201911655944,1.0048462396564666e-06,0.21310450901370917,,0,,,,,0.38663071850031405,,0.9387732303455728,,0.05301196128129959,0.05301196128129959,0.05301196128129959,0.05301196128129959,0.05301196128129959,0.05301196128129959,0.05301196128129959,0.05301196128129959,0.05301196128129959,0.05301196128129959,0.0,3,visual,0.0,0.004599495420034057,0.38203122308028,run_hop,,,44
0.5957623560139039,,,,0.9999999841284197,Grocery,0.0417927912624283,0.04639362543821335,0.0417927912624283,0.00918041542172432,0.025510538592934607,0.03618278652429581,0.04308167099952698,0.04561508037149906,0.046137048564851284,0.0043353363403865405,0.08739991803968052,0.08958818018436432,0.08739991803968052,0.08515027165412903,0.08596381306648254,0.08652543649077415,0.08738838881254196,0.0882989376783371,0.0889282900094986,0.0006772297219128777,0.011086234366956722,0.025976307690143585,0.011086234366956722,7.816198603904922e-07,0.0014324214064981786,0.006386253843083977,0.011477092746645212,0.0148544704541564,0.019564290884882228,0.0035423063677381262,1.5060014518276092,1.5479487180709839,1.5060014518276092,1.478134274482727,1.489818079471588,1.4968870759010315,1.505447506904602,1.5154127836227418,1.5288790154457093,0.0076437059111859424,0.3035244725725753,0.32201266288757324,0.3035244725725753,0.27058708667755127,0.28599430739879605,0.2962652832269669,0.3043394535779953,0.3096821874380112,0.31449830055236816,0.005671516791819941,3.2166102719895554e-05,0.4803304685224708,,0,,,,,0.4042376281145158,,0.9732892115820242,,0.1632455289363861,0.1632455289363861,0.1632455289363861,0.1632455289363861,0.1632455289363861,0.1632455289363861,0.1632455289363861,0.1632455289363861,0.1632455289363861,0.1632455289363861,0.0,0,text,0.0,-0.043507719840096215,0.447745347954612,run_hop,,,42
0.6655108548922558,,,,0.9999999925956764,Grocery,0.01166262123028476,-0.005734261125326157,-0.01166262123028476,-0.01605430245399475,-0.014860971281304956,-0.013527554832398892,-0.011733736377209425,-0.009687793627381324,-0.008109152913093566,0.0014914824574841412,0.02888346193230664,-0.028093693777918816,-0.02888346193230664,-0.029664842411875725,-0.029430290292948483,-0.029202238470315934,-0.028879478573799133,-0.028573080152273177,-0.028373877163976432,0.000241309662787304,0.003341156169056568,-2.3556366102184256e-07,-0.003341156169056568,-0.007828708738088608,-0.005896262754686177,-0.004476822819560767,-0.0034589525312185287,-0.0019246816518716514,-0.0004317014795378757,0.0010675760932534401,1.5060014518276092,1.5479487180709839,1.5060014518276092,1.478134274482727,1.489818079471588,1.4968870759010315,1.505447506904602,1.5154127836227418,1.5288790154457093,0.0076437059111859424,0.05744019485669706,0.06451966613531113,0.05744019485669706,0.05118456110358238,0.05359711557626724,0.055206223577260974,0.05736466683447361,0.05981124453246594,0.06181180372834206,0.0017945709247293284,3.2204848038838767e-06,0.2851987104833897,,0,,,,,0.33448913770342054,,0.8775736842195395,,0.10132743418216705,0.10132743418216705,0.10132743418216705,0.10132743418216705,0.10132743418216705,0.10132743418216705,0.10132743418216705,0.10132743418216705,0.10132743418216705,0.10132743418216705,0.0,1,text,0.0,-0.01897524414552043,0.35346438184894097,run_hop,,,42
0.8396455557000063,,,,1.0000000150551747,Grocery,0.052283028506996676,-0.03211395442485809,-0.052283028506996676,-0.05643242225050926,-0.05638581916689873,-0.0557640690356493,-0.05330706015229225,-0.04720845595002174,-0.040290875174105165,0.0036026636326645135,0.028733604902891827,-0.027917807921767235,-0.028733604902891827,-0.029526615515351295,-0.029284911062568426,-0.029059438221156596,-0.028730294667184353,-0.028417410887777807,-0.028215570002794264,0.00024503373071104795,0.004649558025612114,-3.2781076697574463e-07,-0.004649558025612114,-0.010894442908465862,-0.008205248322337867,-0.006229953560978174,-0.0048134836833924055,-0.0026783898938447237,-0.0006007564236642759,0.0014856405230913678,1.5060014518276092,1.5479487180709839,1.5060014518276092,1.478134274482727,1.489818079471588,1.4968870759010315,1.505447506904602,1.5154127836227418,1.5288790154457093,0.0076437059111859424,0.6330855969272845,0.6543295383453369,0.6330855969272845,0.6247590780258179,0.6273472744226456,0.6289403200149536,0.6321626007556915,0.6386660277843476,0.6456269872188568,0.003981667916031906,1.585367939355786e-05,0.04329657002217179,,0,,,,,0.16035445935516834,,0.48038741047884886,,0.7187517881393433,0.7187517881393433,0.7187517881393433,0.7187517881393433,0.7187517881393433,0.7187517881393433,0.7187517881393433,0.7187517881393433,0.7187517881393433,0.7187517881393433,0.0,2,text,0.0,-0.012571508924829332,0.17292596827999768,run_hop,,,42
0.9366620292925661,,,,0.9999998891609945,Grocery,0.06341286806379434,-0.042905934154987335,-0.06341286806379434,-0.06829462945461273,-0.06827165387570858,-0.06764252930879593,-0.06462355330586433,-0.05745653770864009,-0.05016223724931478,0.004223703127842972,0.029782851284337754,-0.029138771817088127,-0.029782851284337754,-0.030407927930355072,-0.030215717442333697,-0.030037959665060045,-0.029780414886772633,-0.029534500651061536,-0.02937405923381448,0.0001925640446404568,0.003095521132510226,-2.1824550344717863e-07,-0.003095521132510226,-0.007253157906234264,-0.005462781456299126,-0.0041476957965642216,-0.0032046573469415307,-0.0017831829260103404,-0.00039996366220293336,0.0009890900602731083,1.5060014518276092,1.5479487180709839,1.5060014518276092,1.478134274482727,1.489818079471588,1.4968870759010315,1.505447506904602,1.5154127836227418,1.5288790154457093,0.0076437059111859424,0.11606602718220378,-0.0950566977262497,-0.11606602718220378,-0.12362294644117355,-0.1217340861260891,-0.12055574133992195,-0.11722556129097939,-0.10981491133570671,-0.1023393278568983,0.004392958205643832,1.9298081796533472e-05,0.3952313967359298,,0,,,,,0.06333785986842833,,0.2797673200193082,,0.0197747852653265,-0.0197747852653265,-0.0197747852653265,-0.0197747852653265,-0.0197747852653265,-0.0197747852653265,-0.0197747852653265,-0.0197747852653265,-0.0197747852653265,-0.0197747852653265,0.0,3,text,1.0,-0.005951683550883006,0.06928954341931133,run_hop,,,42
0.8527520525701007,,,,0.9999999974498353,Grocery,0.021011579321250404,0.0006249442230910063,-0.02101150611705419,-0.023116460070014,-0.022917601615190505,-0.02259727120399475,-0.021702837198972702,-0.018680736422538757,-0.011775984698906523,0.00219737759692215,0.052817549345508884,0.0543145053088665,0.052817549345508884,0.05043648183345795,0.05126730896532536,0.05190882161259651,0.05283777229487896,0.05370433181524277,0.05405759286135435,0.0006676273074159833,0.0028343307027870242,0.006536644883453846,0.0028343307027870242,2.670990397746209e-07,0.00022518657977343534,0.0014462515828199685,0.0028778621926903725,0.004148991452530027,0.004914867519401014,0.0010317628451309451,1.7042755443736766,1.715526819229126,1.7042755443736766,1.6717363595962524,1.6890464413166046,1.6983877778053285,1.7049132585525513,1.709417462348938,1.7123082208633422,0.004648300828408217,0.1447295642751252,0.1644006371498108,0.1447295642751252,0.13960133492946625,0.1411236260831356,0.14256999641656876,0.1443808749318123,0.14721148163080217,0.15322303488850594,0.0022061215807091528,4.8669724288706504e-06,0.42449697440246087,,0,,,,,0.14724794487973458,,0.7733719294098016,,0.11008919030427933,0.11008919030427933,0.11008919030427933,0.11008919030427933,0.11008919030427933,0.11008919030427933,0.11008919030427933,0.11008919030427933,0.11008919030427933,0.11008919030427933,0.0,0,visual,0.0,-0.07657839351675817,0.22382633839649277,run_hop,,,42
1.0092248844945761,,,,0.999999993762926,Grocery,0.012376459105511613,-0.000795466941781342,-0.012376459105511613,-0.020292269065976143,-0.019072954691946507,-0.01617055796086788,-0.012361973989754915,-0.008626037091016768,-0.0059734894009307,0.0029070104598358086,0.017722397587108602,-0.0169732253998518,-0.017722397587108602,-0.01819366030395031,-0.018112782891839742,-0.018001713789999485,-0.01772922184318304,-0.01743565369397402,-0.017233982495963574,0.00021018846043823622,0.00028165412368441514,-2.6542259945472324e-08,-0.00028165412368441514,-0.0006495618144981563,-0.0004884019837481901,-0.00041229505150113254,-0.0002859799569705501,-0.00014371743309311567,-2.2377320838131625e-05,0.00010252870621059854,1.7042755443736766,1.715526819229126,1.7042755443736766,1.6717363595962524,1.6890464413166046,1.6983877778053285,1.7049132585525513,1.709417462348938,1.7123082208633422,0.004648300828408217,0.0856403772473419,0.09700081497430801,0.0856403772473419,0.07755406200885773,0.07897707924246788,0.08189075365662575,0.08567037805914879,0.08936296701431275,0.0919195295125246,0.0028718279037339874,8.247395508665148e-06,0.14022136830614693,,0,,,,,-0.00922489073165007,,0.10757345763349058,,0.11602088809013367,0.11602088809013367,0.11602088809013367,0.11602088809013367,0.11602088809013367,0.11602088809013367,0.11602088809013367,0.11602088809013367,0.11602088809013367,0.11602088809013367,0.0,1,visual,0.0,-0.010211698752060322,0.0009868080204102512,run_hop,,,42
0.3592228098740937,,,,1.0000000454862596,Grocery,0.036755351432512615,0.03799706697463989,0.036755351432512615,0.027070624753832817,0.03278471671044827,0.03502104952931404,0.03718441165983677,0.03787448480725288,0.03799333442002535,0.0012414665428320342,0.01770989978209241,-0.01695118471980095,-0.01770989978209241,-0.018183507025241852,-0.018101705852895975,-0.01799044627696276,-0.017716296948492527,-0.01742285117506981,-0.01721892137080431,0.00021141386054446848,0.004539449524149611,-4.2778444253599446e-07,-0.004539449524149611,-0.01046905666589737,-0.007871626745909452,-0.006645003380253911,-0.004609169438481331,-0.002316309162415564,-0.000360657668788916,0.001652466084484048,1.7042755443736766,1.715526819229126,1.7042755443736766,1.6717363595962524,1.6890464413166046,1.6983877778053285,1.7049132585525513,1.709417462348938,1.7123082208633422,0.004648300828408217,0.7887937027934397,0.794435977935791,0.7887937027934397,0.7762607932090759,0.783068106174469,0.7861745476722717,0.78897425532341,0.7911262691020966,0.7929587459564209,0.0020433279383151514,4.175189063499247e-06,0.027433006483442053,,0,,,,,0.6407772356121658,,1.5013533423746397,,0.7742877006530762,0.7742877006530762,0.7742877006530762,0.7742877006530762,0.7742877006530762,0.7742877006530762,0.7742877006530762,0.7742877006530762,0.7742877006530762,0.7742877006530762,0.0,2,visual,0.0,0.011837060654383464,0.6289401749577823,run_hop,,,42
0.6212498023854086,,,,0.9999999936645996,Grocery,0.028818243601674377,0.029792286455631256,0.028818243601674377,0.020566130056977272,0.025710886623710395,0.02735259719192982,0.0292052049189806,0.029727889597415923,0.029791679736226796,0.0010312707479572748,0.017385251976526062,-0.0165120717138052,-0.017385251976526062,-0.017937351018190384,-0.017842512801289557,-0.01771232336759567,-0.017392071895301342,-0.01705167442560196,-0.016815708298236132,0.00024605852164368084,0.0019867728182337047,0.004581973422318697,0.0019867728182337047,1.8722765560141852e-07,0.00015784840041305868,0.0010137749020941555,0.0020172870717942715,0.0029083067551255227,0.00344516096636653,0.0007232318984820895,1.7042755443736766,1.715526819229126,1.7042755443736766,1.6717363595962524,1.6890464413166046,1.6983877778053285,1.7049132585525513,1.709417462348938,1.7123082208633422,0.004648300828408217,0.05687919480223643,0.05994807928800583,0.05687919480223643,0.04911104217171669,0.05282461404800415,0.054974692314863204,0.057176459580659866,0.05834175869822502,0.058996791429817674,0.0013615833490987547,1.853909216542981e-06,0.26802225000961133,,0,,,,,0.37875019127919096,,0.9398990721940158,,0.04345943033695221,0.04345943033695221,0.04345943033695221,0.04345943033695221,0.04345943033695221,0.04345943033695221,0.04345943033695221,0.04345943033695221,0.04345943033695221,0.04345943033695221,0.0,3,visual,0.0,0.060584383592009156,0.3181658076871818,run_hop,,,42
0.9076380418945831,,,,0.9999999965834784,Grocery,0.03912627499731974,0.05002964287996292,0.0390432618152351,-0.015064612030982971,0.0025955218309536556,0.02319164723157883,0.04299383796751499,0.04843644313514233,0.049510504081845284,0.010846792964704716,0.0853334820537073,0.08561906218528748,0.0853334820537073,0.08503095805644989,0.0851396481692791,0.08522092998027801,0.08533027395606041,0.08545114994049072,0.0855342622846365,8.81673166288414e-05,0.010987608913816874,0.02330738678574562,0.010987608913816874,5.672353381669382e-06,0.0015778260200750083,0.00685691460967064,0.011538249906152487,0.014077694155275822,0.017662588227540257,0.003085665760153649,1.4870029899922357,1.5666254758834839,1.4870029899922357,1.4516750574111938,1.4645370972156524,1.4722287893295287,1.482960045337677,1.508126711845398,1.5378809309005737,0.015280398525478227,0.28976282386439345,0.31282034516334534,0.28976282386439345,0.22999098896980286,0.2514496651291847,0.27351564466953276,0.29303543269634247,0.30068962275981903,0.3045966884493828,0.011515055289059412,0.00013259649831009513,0.4977197640146624,,0,,,,,0.09236195468889531,,0.2926056657315655,,0.15439847111701965,0.15439847111701965,0.15439847111701965,0.15439847111701965,0.15439847111701965,0.15439847111701965,0.15439847111701965,0.15439847111701965,0.15439847111701965,0.15439847111701965,0.0,0,text,0.0,-0.0007077796404406534,0.09306973432933596,run_hop,,,43
0.6399123036914061,,,,0.9999999683938081,Grocery,0.0078755150535559,-0.003354007378220558,-0.0078755150535559,-0.00970225315541029,-0.009656730657443404,-0.009171229880303144,-0.008037431165575981,-0.006314863217994571,-0.004902837290428577,0.0011026513711489038,0.028172567154030912,-0.028029048815369606,-0.028172567154030912,-0.028333613649010658,-0.02826341995969415,-0.028220647387206553,-0.02817208133637905,-0.028124468587338924,-0.028086987044662236,3.781218534212591e-05,0.0029028318877914313,-1.498587039350241e-06,-0.0029028318877914313,-0.006157611031085253,-0.004666304006241262,-0.0037192057352513075,-0.003048306447453797,-0.0018115378799848252,-0.0004168480876251119,0.0008152063868919844,1.4870029899922357,1.5666254758834839,1.4870029899922357,1.4516750574111938,1.4645370972156524,1.4722287893295287,1.482960045337677,1.508126711845398,1.5378809309005737,0.015280398525478227,0.10015632813217992,0.1063331887125969,0.10015632813217992,0.09624092280864716,0.09776149854063988,0.09850729927420616,0.09996926784515381,0.10211414024233818,0.1039090996235609,0.001399767520863119,1.9593491124632824e-06,0.21142207165415763,,0,,,,,0.3600876647024021,,0.7736067752509153,,0.13910724222660065,0.13910724222660065,0.13910724222660065,0.13910724222660065,0.13910724222660065,0.13910724222660065,0.13910724222660065,0.13910724222660065,0.13910724222660065,0.13910724222660065,0.0,1,text,0.0,-0.004597401259634612,0.3646850659620367,run_hop,,,43
0.6669800184563175,,,,0.9999999404021538,Grocery,0.029334332352017364,-0.01932568848133087,-0.029334332352017364,-0.03337101638317108,-0.03321045186370611,-0.032190846279263496,-0.029759149067103863,-0.02585959620773792,-0.022406598199158904,0.002480787284109446,0.028243843748374832,-0.0281201284378767,-0.028243843748374832,-0.028347594663500786,-0.028315663933753968,-0.02828565053641796,-0.028243047185242176,-0.028203452378511427,-0.02817290911450982,3.167976783265885e-05,0.006067906576013706,-3.132556912532891e-06,-0.006067906576013706,-0.01287150289863348,-0.009754163231700658,-0.007774405647069216,-0.006371998228132725,-0.003786730743013321,-0.000871354362461715,0.0017040587892130647,1.4870029899922357,1.5666254758834839,1.4870029899922357,1.4516750574111938,1.4645370972156524,1.4722287893295287,1.482960045337677,1.508126711845398,1.5378809309005737,0.015280398525478227,0.6509093597585428,0.6660314798355103,0.6509093597585428,0.6425934433937073,0.6457220429182052,0.6473479211330414,0.6504093706607819,0.6552791237831116,0.6595549857616425,0.003117943406528353,9.721571086313629e-06,0.0461247774764221,,0,,,,,0.33301992194583635,,0.6996724658596222,,0.7145554423332214,0.7145554423332214,0.7145554423332214,0.7145554423332214,0.7145554423332214,0.7145554423332214,0.7145554423332214,0.7145554423332214,0.7145554423332214,0.7145554423332214,0.0,2,text,0.0,-0.0005561655772305151,0.3335760875230669,run_hop,,,43
0.9607190252474683,,,,0.9999999891750866,Grocery,0.053688012524309936,-0.039677537977695465,-0.053688012524309936,-0.05821090564131737,-0.05818955272436142,-0.057535938918590546,-0.054661478847265244,-0.04844167865812778,-0.043351882807910434,0.0036215043351381384,0.028917071113882843,-0.02880973182618618,-0.028917071113882843,-0.02901099994778633,-0.02898133223876357,-0.028955180011689664,-0.028916340321302414,-0.02888110335916281,-0.028852717466652394,2.852610187981982e-05,0.002016869672130044,-1.0412090887257364e-06,-0.002016869672130044,-0.004278270062059164,-0.0032421192713081837,-0.002584081143140793,-0.002117944648489356,-0.001258645323105156,-0.00028962346928892627,0.0005664003640406153,1.4870029899922357,1.5666254758834839,1.4870029899922357,1.4516750574111938,1.4645370972156524,1.4722287893295287,1.482960045337677,1.508126711845398,1.5378809309005737,0.015280398525478227,0.09622090656161518,-0.0813823714852333,-0.09622090656161518,-0.10183867812156677,-0.10100378483533859,-0.10017374530434608,-0.09721643850207329,-0.09077247306704521,-0.08552865751087665,0.0037259211532817103,1.388248844047211e-05,0.47381495025980025,,0,,,,,0.039280963927618255,,0.164276060636958,,0.011598953977227211,-0.011598953977227211,-0.011598953977227211,-0.011598953977227211,-0.011598953977227211,-0.011598953977227211,-0.011598953977227211,-0.011598953977227211,-0.011598953977227211,-0.011598953977227211,0.0,3,text,1.0,0.0008643637064066566,0.0384166002212116,run_hop,,,43
1.0193578313908065,,,,1.0000000392798194,Grocery,0.023918450111277814,-0.011705714277923107,-0.023918450111277814,-0.02527700364589691,-0.02508933763951063,-0.024873850494623186,-0.024344313889741898,-0.0223848856985569,-0.01858692795038223,0.0012932658381219272,0.05073149840900459,0.05181346461176872,0.05073149840900459,0.04912338778376579,0.04963618073612452,0.05012884400784969,0.050770023837685585,0.051273470371961595,0.05151363447308541,0.0004381023383938795,0.0012102313838312081,0.002222764305770397,0.0012102313838312081,1.6573568473177147e-07,0.00013001714323763737,0.0006723183381836861,0.0012509431689977646,0.0017009149305522442,0.0018950141966342926,0.0003988492881431942,1.6814923689504186,1.6897599697113037,1.6814923689504186,1.6645509004592896,1.674629304409027,1.6783345699310304,1.681690275669098,1.6844462990760802,1.6865359115600587,0.0024886550118448586,0.13044907845259132,0.14195573329925537,0.13044907845259132,0.12795525789260864,0.1287241454422474,0.1294110283255577,0.1302448734641075,0.13158683627843856,0.1349523328244686,0.001130721470864033,1.2785310446729222e-06,0.41111273564723,,0,,,,,-0.01935779211098712,,0.6471613192113143,,0.10242579877376556,0.10242579877376556,0.10242579877376556,0.10242579877376556,0.10242579877376556,0.10242579877376556,0.10242579877376556,0.10242579877376556,0.10242579877376556,0.10242579877376556,0.0,0,visual,0.0,-0.14923667156464213,0.129878879453655,run_hop,,,43
0.9883667724089761,,,,0.9999999770925284,Grocery,0.011610742404641203,0.02478535659611225,0.011610742404641203,0.00013148901052773,0.002881835743319243,0.006627552816644311,0.011517398990690708,0.016726203449070456,0.02105336099863053,0.003929589681147661,0.017012144536778368,-0.016506582498550415,-0.017012144536778368,-0.01735663414001465,-0.017259777039289475,-0.017183833569288254,-0.01702451892197132,-0.01682240702211857,-0.016663193181157113,0.0001388339734000052,0.0008769684687067351,0.0016106789698824286,0.0008769684687067351,1.200968426928739e-07,9.421416543773375e-05,0.00048718119214754554,0.0009064694168046117,0.0012325318530201912,0.0013731818180531263,0.00028901766548473625,1.6814923689504186,1.6897599697113037,1.6814923689504186,1.6645509004592896,1.674629304409027,1.6783345699310304,1.681690275669098,1.6844462990760802,1.6865359115600587,0.0024886550118448586,0.1413271038593279,0.15439994633197784,0.1413271038593279,0.12924468517303467,0.13251882314682006,0.13628495186567308,0.14121787250041962,0.1464933454990387,0.15075112134218216,0.003962715207507902,1.570311181581439e-05,0.11360887830735704,,0,,,,,0.011633204683552284,,0.10887946923020861,,0.14585153758525848,0.14585153758525848,0.14585153758525848,0.14585153758525848,0.14585153758525848,0.14585153758525848,0.14585153758525848,0.14585153758525848,0.14585153758525848,0.14585153758525848,0.0,1,visual,0.0,0.0017353832640617964,0.009897821419490487,run_hop,,,43
0.4979955557770333,,,,1.0000001456547272,Grocery,0.034281600903358786,0.03571603447198868,0.034281600903358786,0.02533944882452488,0.030293807107955217,0.032411611080169676,0.03469197452068329,0.03554240390658379,0.03570942357182503,0.0013021767846201266,0.017015791149465005,-0.016508372500538826,-0.017015791149465005,-0.01735532283782959,-0.017261768523603678,-0.017186614498496056,-0.017027911730110645,-0.016826409846544266,-0.01667112436145544,0.00013793945591021592,0.003952370432674609,-5.412591690401314e-07,-0.003952370432674609,-0.007259097881615162,-0.006188732571899891,-0.005554843228310347,-0.004085327032953501,-0.0021956553449854256,-0.00042460965429199835,0.0013025609438310059,1.6814923689504186,1.6897599697113037,1.6814923689504186,1.6645509004592896,1.674629304409027,1.6783345699310304,1.681690275669098,1.6844462990760802,1.6865359115600587,0.0024886550118448586,0.7844122912574599,0.7893295288085938,0.7844122912574599,0.7733311653137207,0.7793539714813232,0.782028329372406,0.7846181690692902,0.7865262627601624,0.7878071081638336,0.0018185908230337598,3.3072725816226074e-06,0.026035101177861217,,0,,,,,0.5020045898776939,,1.1062249117390173,,0.7710988521575928,0.7710988521575928,0.7710988521575928,0.7710988521575928,0.7710988521575928,0.7710988521575928,0.7710988521575928,0.7710988521575928,0.7710988521575928,0.7710988521575928,0.0,2,visual,0.0,0.006465274734723512,0.49553931514297045,run_hop,,,43
0.6816687360829699,,,,1.0000000124386057,Grocery,0.018337587158853395,0.019430838525295258,0.018337587158853395,0.0114003149792552,0.015661864802241326,0.016958972439169884,0.018636073917150497,0.01928748618811369,0.01942606471478939,0.0009646061600080575,0.01670356278047114,-0.016108430922031403,-0.01670356278047114,-0.017101509496569633,-0.01699233055114746,-0.016903691180050372,-0.016717723570764065,-0.016481586173176764,-0.01630224647000432,0.00016140270280230474,0.0018651704414935476,0.0034256542567163706,0.0018651704414935476,2.554266131937766e-07,0.00020037832044181414,0.0010361558059230446,0.00192791415611282,0.0026213964447379112,0.0029205360915511847,0.0006146939439488372,1.6814923689504186,1.6897599697113037,1.6814923689504186,1.6645509004592896,1.674629304409027,1.6783345699310304,1.681690275669098,1.6844462990760802,1.6865359115600587,0.0024886550118448586,0.0499154961560717,0.05218608304858208,0.0499154961560717,0.0437302403151989,0.046338245272636414,0.04821225926280022,0.05016414262354374,0.05121721141040325,0.05174956414848566,0.0011987277493980767,1.4369482171769783e-06,0.2867585819056667,,0,,,,,0.31833127635563574,,0.8045735950308316,,0.046416301280260086,0.046416301280260086,0.046416301280260086,0.046416301280260086,0.046416301280260086,0.046416301280260086,0.046416301280260086,0.046416301280260086,0.046416301280260086,0.046416301280260086,0.0,3,visual,0.0,0.027932209158455568,0.29039906719718017,run_hop,,,43
0.6550610047901356,,,,0.9999999937308306,Grocery,0.047019489298491604,0.056313131004571915,0.04701855060890124,-0.003813258372247219,0.015779597144573925,0.03413941077888012,0.05021693743765354,0.05490411855280399,0.05587953567504883,0.009096052904465168,0.09718946397219007,0.09890148788690567,0.09718946397219007,0.09529431164264679,0.09593882799148559,0.09648458436131477,0.0971977636218071,0.09787062853574753,0.09833237543702125,0.0005302197868925757,0.021144303313248507,0.04865023493766785,0.021144303313248507,9.736807442095596e-06,0.002413903947453946,0.012575154379010202,0.02204016037285328,0.027773725800216198,0.03670132387429476,0.0065166650692007645,1.5389140064115614,1.6223756074905396,1.5389140064115614,1.4922274351119995,1.5098713254928589,1.5231300592422485,1.5372723937034607,1.5568727493286132,1.5808324646949767,0.01398672097288434,0.3435921700791535,0.37941449880599976,0.3435921700791535,0.282853901386261,0.31040077567100527,0.32787067294120786,0.34567105770111084,0.3556141346693039,0.3651667156815529,0.011423099334465845,0.00013048719840507404,0.5253223529065033,,0,,,,,0.3449389889406949,,0.7747189829842975,,0.1782398521900177,0.1782398521900177,0.1782398521900177,0.1782398521900177,0.1782398521900177,0.1782398521900177,0.1782398521900177,0.1782398521900177,0.1782398521900177,0.1782398521900177,0.0,0,text,0.0,-0.02014261334790761,0.36508160228860254,run_hop,,,44
0.9809890818642628,,,,1.0000000010343593,Grocery,0.0428096861997712,-0.0005657803267240524,-0.0428096861997712,-0.06697231531143188,-0.06539430633187295,-0.05943697057664395,-0.04360748641192913,-0.024987440928816794,-0.01403987399302423,0.012843987505478882,0.03214969146196871,-0.031469736248254776,-0.03214969146196871,-0.03276131674647331,-0.03255855109542608,-0.032391123846173285,-0.0321537796407938,-0.031900015845894816,-0.03169313441962004,0.00018906433069485826,0.004931601919787425,-2.2709691620548256e-06,-0.004931601919787425,-0.011346961371600628,-0.008560051145032048,-0.006477818544954062,-0.005140547640621662,-0.002932972181588411,-0.000563008056487888,0.0015199175613790426,1.5389140064115614,1.6223756074905396,1.5389140064115614,1.4922274351119995,1.5098713254928589,1.5231300592422485,1.5372723937034607,1.5568727493286132,1.5808324646949767,0.01398672097288434,0.011448138545441177,0.037691324949264526,-0.004002927009877997,-0.031087156385183334,-0.027160485703498126,-0.020904071070253848,-0.004685425432398915,0.014089521486312153,0.025094526894390585,0.013003461691926918,0.00016909001597341085,0.31240100916654534,,0,,,,,0.0190109191700965,,0.1330569569000157,,0.07588805258274078,0.07588805258274078,0.07588805258274078,0.07588805258274078,0.07588805258274078,0.07588805258274078,0.07588805258274078,0.07588805258274078,0.07588805258274078,0.07588805258274078,0.0,1,text,0.6201241653976807,-0.006458426872792819,0.025469346042889317,run_hop,,,44
0.9518620007279062,,,,0.9999999194427649,Grocery,0.0681303802079544,-0.02304290607571602,-0.0681303802079544,-0.07865142077207565,-0.07837236054241657,-0.07635363787412644,-0.07014594227075577,-0.05687265172600746,-0.04189247995615005,0.008109545735619464,0.03172956539497532,-0.031002407893538475,-0.03172956539497532,-0.03238139674067497,-0.03216549105942249,-0.03199003078043461,-0.03173375129699707,-0.03145853616297245,-0.031249179877340792,0.00020303115638674055,0.005203889066283365,-2.396355512246373e-06,-0.005203889066283365,-0.011973457410931587,-0.009032675065100193,-0.006835476541891694,-0.005424371222034097,-0.0030949096195399756,-0.0005940932861994951,0.0016038363416777204,1.5389140064115614,1.6223756074905396,1.5389140064115614,1.4922274351119995,1.5098713254928589,1.5231300592422485,1.5372723937034607,1.5568727493286132,1.5808324646949767,0.01398672097288434,0.583217641812822,0.6297235488891602,0.583217641812822,0.5691403746604919,0.572014850974083,0.5745619058609008,0.5812180638313293,0.5948063254356384,0.6096513015031815,0.008362402190620892,6.99297703977011e-05,0.048827175478271694,,0,,,,,0.04813791871485874,,0.22280748598597455,,0.6882814764976501,0.6882814764976501,0.6882814764976501,0.6882814764976501,0.6882814764976501,0.6882814764976501,0.6882814764976501,0.6882814764976501,0.6882814764976501,0.6882814764976501,0.0,2,text,0.0,-0.008569971825837722,0.056707890540696464,run_hop,,,44
0.8792744963285999,,,,0.9999999924274516,Grocery,0.08568824116366207,-0.03833047300577164,-0.08568824116366207,-0.09940162301063538,-0.09925476118922233,-0.09696048423647881,-0.08791578933596611,-0.07081444561481476,-0.055053153447806834,0.010392885725692616,0.033310207098554895,-0.032765138894319534,-0.033310207098554895,-0.03377090021967888,-0.03361700292676687,-0.033492817729711535,-0.03331330977380276,-0.033121296763420106,-0.03297671392560005,0.0001424611893352229,0.011008812326665373,-5.069482995168073e-06,-0.011008812326665373,-0.025329815223813057,-0.01910859927535057,-0.014460430294275285,-0.011475241743028164,-0.006547272577881812,-0.0012568026315420862,0.00339291115910802,1.5389140064115614,1.6223756074905396,1.5389140064115614,1.4922274351119995,1.5098713254928589,1.5231300592422485,1.5372723937034607,1.5568727493286132,1.5808324646949767,0.01398672097288434,0.18198612952774856,-0.1291055977344513,-0.18198612952774856,-0.20448672771453857,-0.19843518048524855,-0.19450500905513762,-0.18421617150306702,-0.16593138575553895,-0.14927480444312094,0.01128162211813395,0.00012727499761636915,0.3219288895857233,,0,,,,,0.12072549609885172,,0.3401723487984817,,0.05197886750102043,-0.05197886750102043,-0.05197886750102043,-0.05197886750102043,-0.05197886750102043,-0.05197886750102043,-0.05197886750102043,-0.05197886750102043,-0.05197886750102043,-0.05197886750102043,0.0,3,text,1.0,-0.004104498211764672,0.1248299943106164,run_hop,,,44
0.8539510203075983,,,,0.9999999958883908,Grocery,0.010548792868802623,0.023259002715349197,-0.00955623264580546,-0.01710693910717964,-0.01550972499884665,-0.01457294039428234,-0.01180572109296918,-0.0009230237221345293,0.011903930511325617,0.006026566653355337,0.05459562331526211,0.05638297647237778,0.05459562331526211,0.05169161409139633,0.05273490939289331,0.05345407649874687,0.0546320416033268,0.05571067929267883,0.05612297382205725,0.0008358822695881313,0.014245531248147252,0.024587998166680336,0.014245531248147252,0.0019389325752854347,0.006642332002520561,0.010486735962331295,0.0144770466722548,0.017652692273259163,0.020059210322797304,0.002847080913445094,1.5920526671426363,1.6240084171295166,1.5920526671426363,1.5443085432052612,1.5613668859004974,1.579548168182373,1.593321144580841,1.602774703502655,1.6101733112335206,0.009668576210936893,0.1782389546328774,0.21105849742889404,0.1782389546328774,0.16145291924476624,0.1675090952217579,0.17178302109241486,0.17710571736097336,0.18655397891998293,0.19917296662926676,0.006265165831230781,3.925230289282168e-05,0.5315803287073175,,0,,,,,0.14604897558079255,,0.6111212891624762,,0.11895403265953064,0.11895403265953064,0.11895403265953064,0.11895403265953064,0.11895403265953064,0.11895403265953064,0.11895403265953064,0.11895403265953064,0.11895403265953064,0.11895403265953064,0.0,0,visual,0.0,-0.078102842806793,0.22415181838758555,run_hop,,,44
0.872026908682763,,,,0.9999999863782397,Grocery,0.002334198439771501,0.012230159714818,0.001594985119118682,-0.010826246812939644,-0.004430710491724312,-0.0014628247939981519,0.001710802665911615,0.004504142049700023,0.006807673894800251,0.0023579941103511245,0.0183062839295719,-0.01738201640546322,-0.0183062839295719,-0.018871499225497246,-0.01878950184211135,-0.018659015744924547,-0.018318169750273228,-0.017944782227277755,-0.01771661074832082,0.00026472999133066784,0.005190550698404408,-0.0007064761593937874,-0.005190550698404408,-0.0089589674025774,-0.007308842903003096,-0.006431995891034603,-0.00527490652166307,-0.003820983064360917,-0.00242022288730368,0.0010373721812385523,1.5920526671426363,1.6240084171295166,1.5920526671426363,1.5443085432052612,1.5613668859004974,1.579548168182373,1.593321144580841,1.602774703502655,1.6101733112335206,0.009668576210936893,0.09734782214243001,0.10734135657548904,0.09734782214243001,0.08564114570617676,0.09099510490894318,0.0942380152642727,0.09741786867380142,0.10037023425102234,0.10280677042901516,0.0024442142715950617,5.974183405468978e-06,0.19325618275871592,,0,,,,,0.12797307769547675,,0.5522075590863621,,0.11924967169761658,0.11924967169761658,0.11924967169761658,0.11924967169761658,0.11924967169761658,0.11924967169761658,0.11924967169761658,0.11924967169761658,0.11924967169761658,0.11924967169761658,0.0,1,visual,0.0,-0.030210888776658312,0.15818396647213506,run_hop,,,44
0.5536471281659587,,,,0.999999942081574,Grocery,0.02157127524574345,0.024894574657082558,0.02157127524574345,0.015953965485095978,0.01890258537605405,0.0203537767753005,0.02181054186075926,0.02240527290850878,0.023052178006619215,0.0008777768156305897,0.018304127869047324,-0.017382249236106873,-0.018304127869047324,-0.018869716674089432,-0.018787648268043994,-0.01865741889923811,-0.0183158777654171,-0.017941910587251187,-0.017713682185858486,0.0002649544394171221,0.0038243446320838505,-0.0005205243942327797,-0.0038243446320838505,-0.006600875407457352,-0.005385080510750413,-0.004739028681069612,-0.003886496997438371,-0.002815261180512607,-0.0017831953975837676,0.0007643252060381621,1.5920526671426363,1.6240084171295166,1.5920526671426363,1.5443085432052612,1.5613668859004974,1.579548168182373,1.593321144580841,1.602774703502655,1.6101733112335206,0.009668576210936893,0.7569966183915774,0.7611692547798157,0.7569966183915774,0.7497684359550476,0.7536205005645752,0.7555138409137726,0.7571488320827484,0.7582382500171662,0.7592132133245468,0.0011391009326226576,1.2975509347018085e-06,0.02840169409795063,,0,,,,,0.4463528139156152,,1.1725983484118994,,0.7575538158416748,0.7575538158416748,0.7575538158416748,0.7575538158416748,0.7575538158416748,0.7575538158416748,0.7575538158416748,0.7575538158416748,0.7575538158416748,0.7575538158416748,0.0,2,visual,0.0,0.018347914045574547,0.42800489987004064,run_hop,,,44
0.25211914680802083,,,,1.0000000035557446,Grocery,0.016639199898205895,0.017290271818637848,0.016639199898205895,0.012313645333051682,0.014715535137802362,0.01567790489643812,0.01686895079910755,0.01723631452769041,0.017289484925568102,0.0006437455409962508,0.017985211565298136,-0.016927342861890793,-0.017985211565298136,-0.018641753122210503,-0.01854593899101019,-0.01839431170374155,-0.017997941002249718,-0.017567078769207,-0.0173051224835217,0.000306199205601353,0.005230636652485541,-0.0007119321380741894,-0.005230636652485541,-0.009028156287968159,-0.007365288054570556,-0.0064816692844033245,-0.005315643735229969,-0.003850492089986801,-0.0024389138654805718,0.0010453836728234523,1.5920526671426363,1.6240084171295166,1.5920526671426363,1.5443085432052612,1.5613668859004974,1.579548168182373,1.593321144580841,1.602774703502655,1.6101733112335206,0.009668576210936893,0.02311340126031031,0.02792942523956299,0.02311340126031031,0.016799867153167725,0.019700886383652687,0.02158258706331253,0.023185545578598976,0.024549043364822866,0.025764169953763485,0.0012179597230378405,1.4834258869424135e-06,0.5011056400525976,,0,,,,,0.7478808567477236,,2.09956075848472,,0.029690049588680267,0.029690049588680267,0.029690049588680267,0.029690049588680267,0.029690049588680267,0.029690049588680267,0.029690049588680267,0.029690049588680267,0.029690049588680267,0.029690049588680267,0.0,3,visual,0.0,0.06175249181689262,0.6861283649308311,run_hop,,,44
0.012215383999237947,,,,0.999999985549439,ele-fashion,0.06135910769051441,0.06282820552587509,0.06135910769051441,0.05151888728141785,0.05768453069031239,0.059519313275814056,0.06181878224015236,0.06245865486562252,0.06266557238996029,0.0012042334221985232,0.09681645972191297,0.10085894912481308,0.09681645972191297,0.09164182841777802,0.09341459013521672,0.09500296041369438,0.09700857475399971,0.0983213484287262,0.09943082295358181,0.001308176614307947,0.01927232101877477,0.10625168681144714,0.01927232101877477,0.0,0.000736695365048945,0.005937106907367706,0.016366860829293728,0.03709380514919758,0.0717720165848733,0.01380064217398202,1.4180086419781022,1.4510661363601685,1.4180086419781022,1.3508927822113037,1.384656661748886,1.4027538895606995,1.4180424213409424,1.4342081546783447,1.4425071477890015,0.012523617169922051,0.4190648825657367,0.5054179430007935,0.4190648825657367,0.3961591422557831,0.4003833502531052,0.40580137073993683,0.41595225036144257,0.4372045695781708,0.47208890169858936,0.01394771338470031,0.0001945387086617482,0.3831615102245742,,0,,,,,0.9877846015502011,,12.5464204009219,,0.24161699414253235,0.24161699414253235,0.24161699414253235,0.24161699414253235,0.24161699414253235,0.24161699414253235,0.24161699414253235,0.24161699414253235,0.24161699414253235,0.24161699414253235,0.0,0,text,0.0,0.0016401406737095263,0.9861444608764915,run_hop,,,42
1.0050586207393668,,,,1.0000000065628316,ele-fashion,0.04019140988857857,0.10332843661308289,0.006246938557593293,-0.10340556502342224,-0.09210796989500522,-0.05973318964242935,0.00801183097064495,0.06856552511453629,0.08822459727525717,0.04706017360954915,0.03195222299986868,-0.03009874001145363,-0.03195222299986868,-0.03342492878437042,-0.03289910964667797,-0.03248654678463936,-0.032018791884183884,-0.03130511939525604,-0.030731542501598597,0.0004672682664331032,0.0056012403342087435,0.030880620703101158,0.0056012403342087435,0.0,0.00021411056804936378,0.0017255401471629739,0.00475680734962225,0.010780814103782177,0.020859570149332315,0.004010970634461771,1.4180086419781022,1.4510661363601685,1.4180086419781022,1.3508927822113037,1.384656661748886,1.4027538895606995,1.4180424213409424,1.4342081546783447,1.4425071477890015,0.012523617169922051,0.04346655398283387,0.12534961104393005,0.022391210103631824,-0.09045137465000153,-0.07611301057040691,-0.043422868475317955,0.024919556453824043,0.08346769586205482,0.10360051952302463,0.0466507357837616,0.0021762911491663354,0.4541659002013899,,0,,,,,-0.005058614176535292,,0.09515984658184556,,0.042495254427194595,0.042495254427194595,0.042495254427194595,0.042495254427194595,0.042495254427194595,0.042495254427194595,0.042495254427194595,0.042495254427194595,0.042495254427194595,0.042495254427194595,0.0,1,text,0.3331424012437862,-0.004203522100359388,-0.0008550920761759042,run_hop,,,42
0.006627632157195622,,,,0.9999999995153814,ele-fashion,0.05989894490776907,-0.05209431052207947,-0.05989894490776907,-0.06134290620684624,-0.061340774223208425,-0.06109344959259033,-0.06006477773189545,-0.058505456894636154,-0.05669976249337196,0.001048148545392405,0.03170258157347562,-0.029773246496915817,-0.03170258157347562,-0.03324650600552559,-0.032684059254825114,-0.032267551869153976,-0.03177366964519024,-0.031023435294628143,-0.030432086437940598,0.0004901318257257602,0.01240337662071004,-0.0,-0.01240337662071004,-0.06838199496269226,-0.04619139209389687,-0.023873016238212585,-0.010533465538173914,-0.0038210328202694654,-0.00047412606218131235,0.008881886225352988,1.4180086419781022,1.4510661363601685,1.4180086419781022,1.3508927822113037,1.384656661748886,1.4027538895606995,1.4180424213409424,1.4342081546783447,1.4425071477890015,0.012523617169922051,0.513242916845652,0.529958188533783,0.513242916845652,0.4584951400756836,0.48015138506889343,0.5018373727798462,0.5148658752441406,0.5222322642803192,0.5260006427764893,0.008878179295932412,7.882206761072295e-05,0.06513500541733828,,0,,,,,0.9933723673581858,,8.941497923491907,,0.6172478199005127,0.6172478199005127,0.6172478199005127,0.6172478199005127,0.6172478199005127,0.6172478199005127,0.6172478199005127,0.6172478199005127,0.6172478199005127,0.6172478199005127,0.0,2,text,0.0,0.0003485973592850314,0.9930237699989007,run_hop,,,42
0.036684612592492824,,,,0.999999995891239,ele-fashion,0.05566311821740389,-0.0445965975522995,-0.05566311821740389,-0.058354999870061874,-0.05835418403148651,-0.05788137950003147,-0.05603000521659851,-0.05295528471469879,-0.0498719934374094,0.0019511861982244901,0.03316165512098125,-0.031752146780490875,-0.03316165512098125,-0.034247156232595444,-0.03385826423764229,-0.03356603533029556,-0.033214226365089417,-0.03267231956124306,-0.03224626090377569,0.00035176853236999723,0.012470184745147791,-0.0,-0.012470184745147791,-0.06875031441450119,-0.046440192870795725,-0.02400160301476717,-0.010590201709419489,-0.003841614117845893,-0.00047667984181316543,0.008929726596522952,1.4180086419781022,1.4510661363601685,1.4180086419781022,1.3508927822113037,1.384656661748886,1.4027538895606995,1.4180424213409424,1.4342081546783447,1.4425071477890015,0.012523617169922051,0.19808230647771566,-0.17536263167858124,-0.19808230647771566,-0.2533603608608246,-0.23098098933696748,-0.20946868509054184,-0.19656852632761002,-0.18880996853113174,-0.18414399027824402,0.009044770222250744,8.180786837331379e-05,0.29932240209834593,,0,,,,,0.9633153832987462,,4.756847466726615,,0.09678734838962555,-0.09678734838962555,-0.09678734838962555,-0.09678734838962555,-0.09678734838962555,-0.09678734838962555,-0.09678734838962555,-0.09678734838962555,-0.09678734838962555,-0.09678734838962555,0.0,3,text,1.0,-0.00210132056893281,0.9654167038676791,run_hop,,,42
0.9295489738142841,,,,0.9999999986749837,ele-fashion,0.06351358868263787,0.08193325251340866,0.060458707665287624,-0.07129855453968048,-0.03518293797969818,0.005309238098561764,0.07579519227147102,0.08047790825366974,0.08143435530364514,0.030782067256219195,0.10512655769539143,0.11465061455965042,0.10512655769539143,0.08925755321979523,0.0927678406238556,0.09701011329889297,0.10607582330703735,0.11103291064500809,0.11263634264469147,0.005151193716948155,0.03571858198502866,0.07733380794525146,0.03571858198502866,0.0,0.002668348839506507,0.018787331879138947,0.038593124598264694,0.046960677951574326,0.05628392584621912,0.011540346601512168,1.417180117112614,1.5992591381072998,1.417180117112614,1.3667099475860596,1.3789006769657135,1.3878341317176819,1.402903974056244,1.4801825284957886,1.5402498900890351,0.03750359228092474,0.4643626289236305,0.524437427520752,0.4643626289236305,0.3211623430252075,0.3675080448389053,0.41413234174251556,0.4766046106815338,0.48996344208717346,0.5012891232967377,0.030813567440726726,0.0009494759384242142,0.43128308603636595,,0,,,,,0.0704510248606996,,0.5422488418007638,,0.26305878162384033,0.26305878162384033,0.26305878162384033,0.26305878162384033,0.26305878162384033,0.26305878162384033,0.26305878162384033,0.26305878162384033,0.26305878162384033,0.26305878162384033,0.0,0,visual,0.0,-0.08589350931112297,0.15634453417182256,run_hop,,,42
0.9541923962185306,,,,0.9999999993681379,ele-fashion,0.02696523976826292,0.08101162314414978,-0.01748374558522281,-0.08284223079681396,-0.07136423587799072,-0.05169417895376682,-0.019423136487603188,0.02009688690304756,0.0457296244800091,0.02718545089894778,0.03398193992170843,-0.028090322390198708,-0.03398193992170843,-0.03759012371301651,-0.03683180771768093,-0.03620919957756996,-0.03433308005332947,-0.03093451540917158,-0.029357837885618205,0.001936311789914611,0.010600976926535768,0.02295202761888504,0.010600976926535768,0.0,0.0007919436320662498,0.005575923249125481,0.011454117018729448,0.013937537558376789,0.016704599093645828,0.0034250785226887905,1.417180117112614,1.5992591381072998,1.417180117112614,1.3667099475860596,1.3789006769657135,1.3878341317176819,1.402903974056244,1.4801825284957886,1.5402498900890351,0.03750359228092474,0.024945184982326816,0.0896403044462204,-0.010626575650755145,-0.0823470875620842,-0.06518375799059868,-0.04587322287261486,-0.012821664102375507,0.028493579477071762,0.05613803043961525,0.028161554878621924,0.0007930731731816343,0.7793756687639934,,0,,,,,0.04580760314960727,,0.19721542719064114,,0.030238132923841476,0.030238132923841476,0.030238132923841476,0.030238132923841476,0.030238132923841476,0.030238132923841476,0.030238132923841476,0.030238132923841476,0.030238132923841476,0.030238132923841476,0.0,1,visual,0.6639833889082094,0.017253342530508305,0.028554260619098968,run_hop,,,42
0.012126358135566215,,,,0.9999999674964707,ele-fashion,0.08361103892380616,-0.07597380131483078,-0.08361103892380616,-0.08436840027570724,-0.08436813950538635,-0.08426209539175034,-0.08385281637310982,-0.08267651125788689,-0.08062278479337692,0.0007660896217960314,0.033886734735993955,-0.027938222512602806,-0.033886734735993955,-0.03756832331418991,-0.036774882860481736,-0.03615148924291134,-0.034233734011650085,-0.030803575180470943,-0.029232610017061234,0.0019610918699844507,0.022827919049245027,-0.0,-0.022827919049245027,-0.04942440986633301,-0.035971331596374514,-0.030012797564268112,-0.024665053002536297,-0.012007075361907482,-0.001705354661680758,0.0073754915059271045,1.417180117112614,1.5992591381072998,1.417180117112614,1.3667099475860596,1.3789006769657135,1.3878341317176819,1.402903974056244,1.4801825284957886,1.5402498900890351,0.03750359228092474,0.4488789165131924,0.47612088918685913,0.4488789165131924,0.4210076332092285,0.4354022815823555,0.4415266215801239,0.4471800774335861,0.4593433290719986,0.4701728269457817,0.007223059364939606,5.217258658944175e-05,0.08429449274396066,,0,,,,,0.9878736093609045,,12.187325213772523,,0.5892046093940735,0.5892046093940735,0.5892046093940735,0.5892046093940735,0.5892046093940735,0.5892046093940735,0.5892046093940735,0.5892046093940735,0.5892046093940735,0.5892046093940735,0.0,2,visual,0.0,-0.0023945073240174523,0.990268116684922,run_hop,,,42
0.014159669150960884,,,,0.9999999933784659,ele-fashion,0.07376914208080568,-0.06743008643388748,-0.07376914208080568,-0.0744161307811737,-0.07441612333059311,-0.07435803860425949,-0.07399806380271912,-0.07291440665721893,-0.07088473178446293,0.0007172292271182818,0.0372578830266579,-0.03322899714112282,-0.0372578830266579,-0.0394921638071537,-0.039037154987454414,-0.03867347911000252,-0.03750817850232124,-0.03526891767978668,-0.034179188311100006,0.0012553147255128661,0.023491640597460645,-0.0,-0.023491640597460645,-0.0508614256978035,-0.03701719641685486,-0.03088541980832815,-0.025382189080119133,-0.01235618069767952,-0.0017549379263073206,0.00758993385627077,1.417180117112614,1.5992591381072998,1.417180117112614,1.3667099475860596,1.3789006769657135,1.3878341317176819,1.402903974056244,1.4801825284957886,1.5402498900890351,0.03750359228092474,0.2562293534808804,-0.2297423630952835,-0.2562293534808804,-0.2843276858329773,-0.2697756886482239,-0.2635207772254944,-0.25820837914943695,-0.24528945237398148,-0.23420628309249877,0.0074733880931804626,5.585152959129151e-05,0.31077131403945735,,0,,,,,0.985840324227505,,12.332526666530274,,0.12171068787574768,-0.12171068787574768,-0.12171068787574768,-0.12171068787574768,-0.12171068787574768,-0.12171068787574768,-0.12171068787574768,-0.12171068787574768,-0.12171068787574768,-0.12171068787574768,0.0,3,visual,1.0,-0.016700285600272383,1.0025406098277774,run_hop,,,42
0.002353141518584183,,,,1.0000000065255614,ele-fashion,0.052068355218268914,0.05320742353796959,0.052068355218268914,0.04249750077724457,0.04817850887775421,0.050591347739100456,0.05246242135763168,0.05285969004034996,0.05302671901881695,0.001046290612364883,0.0936576623870523,0.09634704142808914,0.0936576623870523,0.0893968939781189,0.09075988307595254,0.09197370335459709,0.09381038695573807,0.09501076117157936,0.09560946598649026,0.001145474660077015,0.01470801789782831,0.07710589468479156,0.01470801789782831,0.0,0.0004208126847515814,0.003464083536528051,0.010248089209198952,0.0330862682312727,0.05768249072134505,0.012544876321861492,1.4289352169496896,1.4593901634216309,1.4289352169496896,1.3727608919143677,1.3970542550086975,1.4131661653518677,1.4281566143035889,1.4458894729614258,1.4526020407676696,0.012701364125881128,0.3923290948956273,0.45457470417022705,0.3923290948956273,0.37160587310791016,0.37768568843603134,0.38100749254226685,0.38783207535743713,0.4108124226331711,0.4357219621539116,0.012659399901166874,0.00016026040585766384,0.38161845761131635,,0,,,,,0.9976468650069772,,13.084654308338077,,0.2318950593471527,0.2318950593471527,0.2318950593471527,0.2318950593471527,0.2318950593471527,0.2318950593471527,0.2318950593471527,0.2318950593471527,0.2318950593471527,0.2318950593471527,0.0,0,text,0.0,0.010637700722876188,0.987009164284101,run_hop,,,43
1.0012031313763166,,,,0.9999999923457572,ele-fashion,0.045098654975335536,0.09526947140693665,0.002049160298553071,-0.09526947140693665,-0.08959556557238102,-0.06931575387716293,-0.001947479322552681,0.07959295436739922,0.09286567009985455,0.05317691721367402,0.03106540649296895,-0.02960667386651039,-0.03106540649296895,-0.03201945498585701,-0.03174328319728374,-0.03153122588992119,-0.031119894236326218,-0.030480521731078625,-0.03005724623799324,0.00039665029103203383,0.0035168167149689225,0.018436698243021965,0.0035168167149689225,0.0,0.00010062002475024201,0.0008282928902190179,0.002450408530421555,0.007911218330264091,0.013792392052710082,0.0029995904997873702,1.4289352169496896,1.4593901634216309,1.4289352169496896,1.3727608919143677,1.3970542550086975,1.4131661653518677,1.4281566143035889,1.4458894729614258,1.4526020407676696,0.012701364125881128,0.04489912115955204,0.10642658919095993,0.003074258955730637,-0.09683680534362793,-0.08886265531182289,-0.06820984557271004,-0.0007531614974141121,0.08007680997252464,0.09526521749794492,0.05302877305353072,0.002812050771562866,0.4694057736548675,,0,,,,,-0.0012031390305592992,,0.06386682359018399,,0.028573688119649887,0.028573688119649887,0.028573688119649887,0.028573688119649887,0.028573688119649887,0.028573688119649887,0.028573688119649887,0.028573688119649887,0.028573688119649887,0.028573688119649887,0.0,1,text,0.5050631098745986,-0.00390867692780731,0.0027055378972480107,run_hop,,,43
0.0507277293489376,,,,1.000000041146478,ele-fashion,0.05765839768510198,-0.04688689857721329,-0.05765839768510198,-0.06022072955965996,-0.060209442116320136,-0.05962923541665077,-0.058054955676198006,-0.05514024756848812,-0.05165764223784208,0.0018420083600545138,0.03073423424348108,-0.029163002967834473,-0.03073423424348108,-0.03173715993762016,-0.03146554622799158,-0.03123909793794155,-0.030790183693170547,-0.030109952203929424,-0.029662007931619883,0.0004258292503549355,0.008714941454122679,-0.0,-0.008714941454122679,-0.04568755254149437,-0.03417860697954893,-0.019604606553912163,-0.006072300020605326,-0.0020525732543319464,-0.00024934412067523096,0.007433215234388475,1.4289352169496896,1.4593901634216309,1.4289352169496896,1.3727608919143677,1.3970542550086975,1.4131661653518677,1.4281566143035889,1.4458894729614258,1.4526020407676696,0.012701364125881128,0.5294636647114228,0.5479835867881775,0.5294636647114228,0.4925168752670288,0.5047939360141754,0.5184466540813446,0.5316188037395477,0.5369568169116974,0.5404911041259766,0.00764004190501273,5.837024031035054e-05,0.05765487730692513,,0,,,,,0.9492723117975403,,4.2665628728439975,,0.6265712380409241,0.6265712380409241,0.6265712380409241,0.6265712380409241,0.6265712380409241,0.6265712380409241,0.6265712380409241,0.6265712380409241,0.6265712380409241,0.6265712380409241,0.0,2,text,0.0,0.0028831048225612704,0.9463892069749791,run_hop,,,43
0.048352974974275896,,,,1.0000000038373071,ele-fashion,0.048892441831293355,-0.03942286968231201,-0.048892441831293355,-0.05220302566885948,-0.0521972956135869,-0.05146108381450176,-0.0491052120923996,-0.046026693657040596,-0.04345302395522594,0.002072509482541796,0.03185802160899254,-0.030627217143774033,-0.03185802160899254,-0.03259042277932167,-0.03240865096449852,-0.032241204753518105,-0.03190205618739128,-0.03138348460197449,-0.03103964840993285,0.0003236965311886248,0.009509893159491632,-0.0,-0.009509893159491632,-0.04985503852367401,-0.037296277657151225,-0.0213928809389472,-0.006626197602599859,-0.002239803085103631,-0.0002720885866438024,0.00811125158752527,1.4289352169496896,1.4593901634216309,1.4289352169496896,1.3727608919143677,1.3970542550086975,1.4131661653518677,1.4281566143035889,1.4458894729614258,1.4526020407676696,0.012701364125881128,0.17640504227150258,-0.1595044583082199,-0.17640504227150258,-0.2174447625875473,-0.2030708059668541,-0.18841391801834106,-0.17418906837701797,-0.16815026104450226,-0.16432152390480043,0.008277310282680249,6.851386551576417e-05,0.3063447476304801,,0,,,,,0.9516470288630313,,4.069920155105426,,0.08614468574523926,-0.08614468574523926,-0.08614468574523926,-0.08614468574523926,-0.08614468574523926,-0.08614468574523926,-0.08614468574523926,-0.08614468574523926,-0.08614468574523926,-0.08614468574523926,0.0,3,text,1.0,0.0018725155016938962,0.9497745133613374,run_hop,,,43
0.15964050600584806,,,,0.9999999991608639,ele-fashion,0.07185098079290189,0.0751558169722557,0.07185098079290189,0.03419629856944084,0.051206579245626924,0.06407027319073677,0.07419101148843765,0.0748746506869793,0.07503102719783783,0.00532063803503728,0.104476406825758,0.11537177860736847,0.104476406825758,0.08943319320678711,0.09163543358445167,0.09468504786491394,0.10546015948057175,0.11219773069024086,0.11379497200250625,0.006214264788836747,0.03466497500055654,0.06395132094621658,0.03466497500055654,0.0,0.003599390690214932,0.021241018548607826,0.037583963945508,0.042960572987794876,0.04814727790653707,0.00945953987695345,1.39073450016931,1.4333672523498535,1.39073450016931,1.2987239360809326,1.3309815585613252,1.3761627674102783,1.3925371170043945,1.4053474068641663,1.4137985169887544,0.014114991198839027,0.4645743334969851,0.49825507402420044,0.4645743334969851,0.4141034781932831,0.4338833257555962,0.45166099071502686,0.4658250957727432,0.47520239651203156,0.4826348602771759,0.009700134330067146,9.409260602134719e-05,0.4275577537222472,,0,,,,,0.8403594931550159,,2.945850584014502,,0.2535819709300995,0.2535819709300995,0.2535819709300995,0.2535819709300995,0.2535819709300995,0.2535819709300995,0.2535819709300995,0.2535819709300995,0.2535819709300995,0.2535819709300995,0.0,0,visual,0.0,0.015115168290282768,0.8252443248647331,run_hop,,,43
0.9063357238724518,,,,1.0000000001774427,ele-fashion,0.03852938324535756,0.028443221002817154,-0.03844091730022326,-0.07330550253391266,-0.06978757306933403,-0.05852775275707245,-0.03938384726643562,-0.017007404007017612,-0.0004877036437392126,0.01579112794778496,0.033945100915257036,-0.02843964844942093,-0.033945100915257036,-0.03798401728272438,-0.03739610817283392,-0.03679258935153484,-0.03430170752108097,-0.030344288796186447,-0.029229870066046715,0.0022881954819097836,0.006755096739206016,0.01246207021176815,0.006755096739206016,0.0,0.000701406309963204,0.004139196127653122,0.007323913974687457,0.008371644653379917,0.009382366714999082,0.0018433622685424483,1.39073450016931,1.4333672523498535,1.39073450016931,1.2987239360809326,1.3309815585613252,1.3761627674102783,1.3925371170043945,1.4053474068641663,1.4137985169887544,0.014114991198839027,0.03125022139567466,0.03723546117544174,-0.03083802138383679,-0.07230077683925629,-0.06456495784223079,-0.05317758768796921,-0.03148026205599308,-0.008109632413834333,0.007884201873093858,0.017118204596735548,0.00029303292861569805,0.5550863367181522,,0,,,,,0.09366427630499097,,0.26163791236775663,,0.03479290008544922,0.03479290008544922,0.03479290008544922,0.03479290008544922,0.03479290008544922,0.03479290008544922,0.03479290008544922,0.03479290008544922,0.03479290008544922,0.03479290008544922,0.0,1,visual,0.9643127467626782,0.06975686016375038,0.023907416141240596,run_hop,,,43
0.06763866816855628,,,,0.9999999682859477,ele-fashion,0.06806651267139212,-0.054661478847265244,-0.06806651267139212,-0.06943704187870026,-0.06943612061440944,-0.069247305393219,-0.06865303590893745,-0.06606066226959229,-0.06144800391048193,0.0016420502771120275,0.03348381824378687,-0.027784038335084915,-0.03348381824378687,-0.037751976400613785,-0.03712482918053865,-0.03648943640291691,-0.03384191915392876,-0.02972891367971897,-0.028591609001159667,0.0023972337993002054,0.019141536773216037,-0.0,-0.019141536773216037,-0.035313066095113754,-0.026586284395307302,-0.023722256533801556,-0.020753362216055393,-0.011729007121175528,-0.001987535564694552,0.005223431736235434,1.39073450016931,1.4333672523498535,1.39073450016931,1.2987239360809326,1.3309815585613252,1.3761627674102783,1.3925371170043945,1.4053474068641663,1.4137985169887544,0.014114991198839027,0.4873767177991634,0.5116162300109863,0.4873767177991634,0.47070997953414917,0.47921103835105894,0.482357382774353,0.48616281151771545,0.49438895285129547,0.5047559022903443,0.005129358021517358,2.6310313712904464e-05,0.07783260352459079,,0,,,,,0.9323613001173915,,4.640945309115392,,0.608068585395813,0.608068585395813,0.608068585395813,0.608068585395813,0.608068585395813,0.608068585395813,0.608068585395813,0.608068585395813,0.608068585395813,0.608068585395813,0.0,2,visual,0.0,-0.005178238690206181,0.9375395388075977,run_hop,,,43
0.64040844951451,,,,0.9999999986961399,ele-fashion,0.06046998097609673,-0.0033684559166431427,-0.06046998097609673,-0.06604831665754318,-0.06604647636413574,-0.0655655600130558,-0.0632503554224968,-0.051926277577877045,-0.021749144326895415,0.007931198480622046,0.03704748759730738,-0.03320949524641037,-0.03704748759730738,-0.03963577747344971,-0.039276094920933244,-0.038914820179343224,-0.03732199966907501,-0.034612102434039116,-0.033804557658731936,0.001530160220082029,0.0222785329186027,-0.0,-0.0222785329186027,-0.04110032320022583,-0.030943357106298208,-0.027609960176050663,-0.024154511280357838,-0.013651206623762846,-0.0023132613743655365,0.006079469858873616,1.39073450016931,1.4333672523498535,1.39073450016931,1.2987239360809326,1.3309815585613252,1.3761627674102783,1.3925371170043945,1.4053474068641663,1.4137985169887544,0.014114991198839027,0.22450213245004205,-0.15563175082206726,-0.22450213245004205,-0.24531270563602448,-0.2352996751666069,-0.2326393872499466,-0.22797943651676178,-0.2116546705365181,-0.18355312198400495,0.010199918064149245,0.00010403832851535809,0.35916828307599685,,0,,,,,0.3595915491816299,,0.9594552571831948,,0.10470613092184067,-0.10470613092184067,-0.10470613092184067,-0.10470613092184067,-0.10470613092184067,-0.10470613092184067,-0.10470613092184067,-0.10470613092184067,-0.10470613092184067,-0.10470613092184067,0.0,3,visual,1.0,-0.054829872373460334,0.4144214215550902,run_hop,,,43
0.0024007340647507936,,,,0.9999999867780605,ele-fashion,0.059839026246391265,0.060517244040966034,0.059839026246391265,0.054717063903808594,0.057941030338406564,0.059103693813085556,0.060025693848729134,0.060291605070233345,0.06040138378739357,0.0005347841927813284,0.09696717938947468,0.10069573670625687,0.09696717938947468,0.09296385198831558,0.09430251121520997,0.09537210687994957,0.09701966866850853,0.09844192117452621,0.09949066899716855,0.0011437164373306178,0.01959830205246761,0.10570261627435684,0.01959830205246761,0.0,0.0006403712264727801,0.005138571606948972,0.015547629445791245,0.040423717349767685,0.07402703613042833,0.015092831385428686,1.4167418648772638,1.4475748538970947,1.4167418648772638,1.3504271507263184,1.3818566799163818,1.399102807044983,1.4173601865768433,1.4335116744041443,1.4412798643112184,0.013411430177117038,0.4176136719186877,0.504402220249176,0.4176136719186877,0.3949739634990692,0.39838616698980334,0.4031689763069153,0.4135085642337799,0.438453733921051,0.47259775251150143,0.015205033065570547,0.00023119303052509366,0.38719874464210235,,0,,,,,0.9975992527133096,,30.36093439477828,,0.24120916426181793,0.24120916426181793,0.24120916426181793,0.24120916426181793,0.24120916426181793,0.24120916426181793,0.24120916426181793,0.24120916426181793,0.24120916426181793,0.24120916426181793,0.0,0,text,0.0,0.007895277696848049,0.9897039750164616,run_hop,,,44
0.9991656154474402,,,,0.9999999931664534,ele-fashion,0.046730733403628495,0.11278223991394043,-0.0035077929008070488,-0.11278226971626282,-0.10216838903725148,-0.07536681368947029,-0.0074186313431710005,0.07678714767098427,0.10138586461544037,0.055090498433078956,0.03209365862348055,-0.03066086210310459,-0.03209365862348055,-0.033413924276828766,-0.03298657760024071,-0.03261464461684227,-0.03210989385843277,-0.03153211623430252,-0.031153512932360173,0.0004041082558964424,0.005448879035145638,0.029388299211859703,0.005448879035145638,0.0,0.00017804120070650243,0.0014286673977039754,0.004322678316384554,0.011238929815590382,0.02058159746229649,0.004196231508649982,1.4167418648772638,1.4475748538970947,1.4167418648772638,1.3504271507263184,1.3818566799163818,1.399102807044983,1.4173601865768433,1.4335116744041443,1.4412798643112184,0.013411430177117038,0.04636931921568737,0.13141842186450958,0.008370040089834139,-0.10510310530662537,-0.09061940796673298,-0.06389083713293076,0.005096977110952139,0.08812155202031136,0.11405715309083464,0.05497640814751526,0.003022405452802182,0.4403643909431781,,0,,,,,0.0008343777190131913,,0.08350513963948195,,0.03852261230349541,0.03852261230349541,0.03852261230349541,0.03852261230349541,0.03852261230349541,0.03852261230349541,0.03852261230349541,0.03852261230349541,0.03852261230349541,0.03852261230349541,0.0,1,text,0.4674426692306119,-0.0014576482440764715,0.0022920259630896628,run_hop,,,44
0.037442676101876377,,,,1.0000000043921495,ele-fashion,0.04930982033334031,-0.036933545023202896,-0.04930982033334031,-0.05246516317129135,-0.052446665987372396,-0.05173925682902336,-0.049631623551249504,-0.04651634395122528,-0.04288316667079924,0.0021002808430825243,0.03176259833610159,-0.030289433896541595,-0.03176259833610159,-0.03316523879766464,-0.03270964324474335,-0.032315121963620186,-0.031781649217009544,-0.031165813095867634,-0.03076642109081149,0.0004282468398886407,0.012128879026922446,-0.0,-0.012128879026922446,-0.0654165968298912,-0.04581340588629246,-0.025017186999320984,-0.009622023440897465,-0.0031801281729713082,-0.00039630906539968997,0.009340560506080788,1.4167418648772638,1.4475748538970947,1.4167418648772638,1.3504271507263184,1.3818566799163818,1.399102807044983,1.4173601865768433,1.4335116744041443,1.4412798643112184,0.013411430177117038,0.5300686774585284,0.5551784634590149,0.5300686774585284,0.47946181893348694,0.49784916937351226,0.5172619223594666,0.5320477485656738,0.5399043560028076,0.5443925261497498,0.009488546304647925,9.00325109754478e-05,0.06525839410490615,,0,,,,,0.9625573282902732,,4.651190993572474,,0.6232699751853943,0.6232699751853943,0.6232699751853943,0.6232699751853943,0.6232699751853943,0.6232699751853943,0.6232699751853943,0.6232699751853943,0.6232699751853943,0.6232699751853943,0.0,2,text,0.0,0.00209272162977224,0.9604646066605009,run_hop,,,44
0.009626564439413468,,,,1.0000000026220324,ele-fashion,0.05412080635914162,-0.045635804533958435,-0.05412080635914162,-0.055932141840457916,-0.05593187119811773,-0.055681150406599045,-0.0543191060423851,-0.05226420983672142,-0.050317294895648956,0.001339454946030852,0.03311092242072849,-0.03201353922486305,-0.03311092242072849,-0.034122906625270844,-0.033794638514518735,-0.03351260535418987,-0.03312705270946026,-0.03267396241426468,-0.03237874563783407,0.00031239948998428875,0.012918304077339128,-0.0,-0.012918304077339128,-0.06967432796955109,-0.048795237019658086,-0.026645464822649956,-0.010248286183923483,-0.003387111355550587,-0.00042210340034216486,0.009948503945979875,1.4167418648772638,1.4475748538970947,1.4167418648772638,1.3504271507263184,1.3818566799163818,1.399102807044983,1.4173601865768433,1.4335116744041443,1.4412798643112184,0.013411430177117038,0.1903561344422639,-0.17108701169490814,-0.1903561344422639,-0.24615196883678436,-0.22526500299572944,-0.20400436222553253,-0.187978096306324,-0.18038634955883026,-0.1767066739499569,0.009966450764991273,9.933014085099513e-05,0.31892338836047834,,0,,,,,0.9903734381826188,,7.66050658046345,,0.0902061015367508,-0.0902061015367508,-0.0902061015367508,-0.0902061015367508,-0.0902061015367508,-0.0902061015367508,-0.0902061015367508,-0.0902061015367508,-0.0902061015367508,-0.0902061015367508,0.0,3,text,1.0,0.0009750642576814339,0.9893983739249373,run_hop,,,44
0.9148221085474688,,,,1.0000000053592204,ele-fashion,0.06580375346663003,0.08413733541965485,0.06577054622159353,-0.005240503698587418,-0.0002891205251216889,0.015085381921380758,0.07995108142495155,0.08382764831185341,0.08404037356376648,0.02625842031585633,0.10670933802425892,0.11779659986495972,0.10670933802425892,0.08844660222530365,0.09134450517594814,0.09621567651629448,0.1083165630698204,0.11399875581264496,0.11587303429841996,0.006499945279878,0.04050538025993112,0.07348589599132538,0.04050538025993112,0.0,0.004950857907533646,0.024077264592051506,0.043526507914066315,0.05135106109082699,0.0575562883168459,0.011375287515024845,1.3860774420495485,1.4963469505310059,1.3860774420495485,1.3313506841659546,1.3487062096595763,1.3598058819770813,1.3777328133583069,1.4340611100196838,1.4623954474925995,0.02740608844238613,0.4767235390977764,0.5284086465835571,0.4767235390977764,0.37446892261505127,0.4043566852807999,0.432530015707016,0.4878312200307846,0.4999649226665497,0.5087738245725631,0.026060948126463916,0.0006791730172502432,0.44672516934764955,,0,,,,,0.08517789681175161,,0.6807428847282189,,0.2637382745742798,0.2637382745742798,0.2637382745742798,0.2637382745742798,0.2637382745742798,0.2637382745742798,0.2637382745742798,0.2637382745742798,0.2637382745742798,0.2637382745742798,0.0,0,visual,0.0,-0.13459358485993747,0.21977148167168908,run_hop,,,44
0.9687903384773945,,,,0.9999999996213138,ele-fashion,0.046106195422879706,0.12045006453990936,-0.02823994283296595,-0.12067867815494537,-0.10417108535766602,-0.07993632555007935,-0.03655068017542362,0.03995625488460064,0.0838341221213341,0.044994722071841235,0.03447302669289624,-0.027695469558238983,-0.03447302669289624,-0.03867126628756523,-0.03794374465942383,-0.0372226033359766,-0.035062242299318314,-0.030541296117007732,-0.02875003581866622,0.0024390018839901494,0.008833675248868755,0.01602628082036972,0.008833675248868755,0.0,0.0010797151131555437,0.005250925663858652,0.00949254259467125,0.011198971420526505,0.012552247662097216,0.002480796257436682,1.3860774420495485,1.4963469505310059,1.3860774420495485,1.3313506841659546,1.3487062096595763,1.3598058819770813,1.3777328133583069,1.4340611100196838,1.4623954474925995,0.02740608844238613,0.03831416393925923,0.1488645225763321,-0.00475549297691967,-0.10230274498462677,-0.08212053030729294,-0.05801653303205967,-0.013225170783698559,0.06546962261199951,0.11057314537465587,0.04628583442710901,0.00214237846861375,0.45475904059338634,,0,,,,,0.031209661143919286,,0.10934167197348724,,0.04912380129098892,0.04912380129098892,0.04912380129098892,0.04912380129098892,0.04912380129098892,0.04912380129098892,0.04912380129098892,0.04912380129098892,0.04912380129098892,0.04912380129098892,0.0,1,visual,0.6061411942802201,0.022955872057339767,0.008253789086579517,run_hop,,,44
0.010078391213737157,,,,0.9999999981767129,ele-fashion,0.07910353938100896,-0.0732499435544014,-0.07910353938100896,-0.07978399842977524,-0.07978373765945435,-0.0796874612569809,-0.07928277552127838,-0.07829957455396652,-0.07677174732089043,0.0006260486577112566,0.03421378909056311,-0.027279876172542572,-0.03421378909056311,-0.03856128081679344,-0.03779242672026158,-0.03705012425780296,-0.034813906997442245,-0.03018222562968731,-0.028379033785313368,0.002504083964908548,0.022874650062475823,-0.0,-0.022874650062475823,-0.041499774903059006,-0.032503829710185526,-0.028999543748795986,-0.02458077482879162,-0.013597181998193264,-0.0027959038154222004,0.006423979225280282,1.3860774420495485,1.4963469505310059,1.3860774420495485,1.3313506841659546,1.3487062096595763,1.3598058819770813,1.3777328133583069,1.4340611100196838,1.4623954474925995,0.02740608844238613,0.46495609039349034,0.49419105052948,0.46495609039349034,0.4444921910762787,0.45413681864738464,0.4584856331348419,0.46376654505729675,0.47347111999988556,0.4846329092979431,0.006165740545211417,3.8016356470863986e-05,0.08392253462922025,,0,,,,,0.9899216069629758,,14.260973274134258,,0.6011480689048767,0.6011480689048767,0.6011480689048767,0.6011480689048767,0.6011480689048767,0.6011480689048767,0.6011480689048767,0.6011480689048767,0.6011480689048767,0.6011480689048767,0.0,2,visual,0.0,0.021913435823124616,0.9680081711398512,run_hop,,,44
0.09645011673339304,,,,1.0000000031667655,ele-fashion,0.065202050951456,-0.05115371197462082,-0.065202050951456,-0.06737366318702698,-0.06737299263477325,-0.06709318980574608,-0.06594600528478622,-0.06220399774610996,-0.057795449346303936,0.002133616126864905,0.038022522286581706,-0.0334121473133564,-0.038022522286581706,-0.04056405648589134,-0.04013882707804441,-0.03972999192774296,-0.03843977861106396,-0.03549215756356716,-0.034222689084708685,0.0015586096986285201,0.026464407060110468,-0.0,-0.026464407060110468,-0.04801240563392639,-0.037604708410799506,-0.03355049155652523,-0.02843827661126852,-0.015731009654700756,-0.003234669589437537,0.007432104995481168,1.3860774420495485,1.4963469505310059,1.3860774420495485,1.3313506841659546,1.3487062096595763,1.3598058819770813,1.3777328133583069,1.4340611100196838,1.4623954474925995,0.02740608844238613,0.24118901998898384,-0.20670682191848755,-0.24118901998898384,-0.26355740427970886,-0.25216717422008517,-0.24820714443922043,-0.2434571236371994,-0.2303622141480446,-0.21692978888750075,0.007553737111090464,5.7058944343465305e-05,0.3649471780995172,,0,,,,,0.9035498864333724,,4.213838926642645,,0.11150003969669342,-0.11150003969669342,-0.11150003969669342,-0.11150003969669342,-0.11150003969669342,-0.11150003969669342,-0.11150003969669342,-0.11150003969669342,-0.11150003969669342,-0.11150003969669342,0.0,3,visual,1.0,-0.04841453355113305,0.9519644199845054,run_hop,,,44
0.98837328632052,,,,0.999999999906174,Reddit-S,0.0228339568254971,0.052506692707538605,0.0022720592156270656,-0.049789734184741974,-0.04040373899042606,-0.03005356155335903,-0.0016951514407992363,0.041639968380331994,0.048647926189005375,0.026400686520441283,0.08709116997854716,0.08931216597557068,0.08709116997854716,0.08329734206199646,0.08416831500828266,0.08515629917383194,0.08739353716373444,0.08845957964658738,0.08892878197133541,0.0012161634096922536,0.008677843866117484,0.04088909924030304,0.008677843866117484,6.86634211888304e-06,0.0004731563487439417,0.0036236379062756898,0.008317309897392988,0.014109417609870435,0.023374462723731993,0.004432296301973624,1.4769054652010403,1.594007968902588,1.4769054652010403,1.3623378276824951,1.4064460837841033,1.4258405923843385,1.4808189272880554,1.5202898740768434,1.5561342990398408,0.03589520143412254,0.3013875638362715,0.37161195278167725,0.3013875638362715,0.24544811248779297,0.2575923100113869,0.269039523601532,0.29769203066825867,0.33968026638031007,0.34896442741155625,0.026340415741535075,0.0006938175014369088,0.4234186236000992,,0,,,,,0.011626713585654008,,0.21395124354355285,,0.20334649085998535,0.20334649085998535,0.20334649085998535,0.20334649085998535,0.20334649085998535,0.20334649085998535,0.20334649085998535,0.20334649085998535,0.20334649085998535,0.20334649085998535,0.0,0,text,0.0,-0.04208929551170023,0.05371600909735424,run_hop,,,42
1.002934882654229,,,,0.9999999999325211,Reddit-S,0.031205015853356152,0.05775376036763191,-0.00012680744521213264,-0.05897126346826553,-0.05611393038183451,-0.049695318564772606,0.0042505266610533,0.04759385101497174,0.055921916104853156,0.03545472708949597,0.02881351156879558,-0.027476642280817032,-0.02881351156879558,-0.029597634449601173,-0.029462034665048122,-0.029296281561255456,-0.028919775038957596,-0.028131096437573434,-0.02778219735249877,0.0004290434499991136,0.0022929693026043207,-1.8143115312341251e-06,-0.0022929693026043207,-0.010804233141243458,-0.0061762951128184794,-0.003728168085217476,-0.0021977043943479657,-0.0009574832802172746,-0.00012502333978773144,0.0011711572029504092,1.4769054652010403,1.594007968902588,1.4769054652010403,1.3623378276824951,1.4064460837841033,1.4258405923843385,1.4808189272880554,1.5202898740768434,1.5561342990398408,0.03589520143412254,0.05139568617795475,0.10973243415355682,0.05103523285458862,-0.009239600971341133,-0.004579741763882339,0.0018031378043815503,0.055269232019782066,0.09888127967715266,0.10670560680329799,0.03533159137424863,0.00124832134903688,0.27412982517082934,,0,,,,,-0.0029348827217079406,,0.0451336333478216,,0.08226852118968964,0.08226852118968964,0.08226852118968964,0.08226852118968964,0.08226852118968964,0.08226852118968964,0.08226852118968964,0.08226852118968964,0.08226852118968964,0.08226852118968964,0.0,1,text,0.06971184094626903,-0.009970966617124434,0.007036083895416494,run_hop,,,42
0.9992271412901735,,,,1.000000005148447,Reddit-S,0.02904863068372761,0.056306127458810806,0.0017038408797763272,-0.05861769616603851,-0.05421235468238592,-0.04533383287489414,0.005882837809622288,0.045685101300478,0.05370885208249092,0.03319826281905086,0.028667142691834402,-0.027285367250442505,-0.028667142691834402,-0.029481057077646255,-0.029340308122336865,-0.029167835786938667,-0.028776833787560463,-0.027960458770394325,-0.027601559981703758,0.00044438035587231916,0.0032813363385969705,-2.5963565803976962e-06,-0.0032813363385969705,-0.015461315400898457,-0.008838540418073535,-0.0053351665381342174,-0.003145008347928524,-0.0013701992225833232,-0.00017891369323479083,0.0016759756352681583,1.4769054652010403,1.594007968902588,1.4769054652010403,1.3623378276824951,1.4064460837841033,1.4258405923843385,1.4808189272880554,1.5202898740768434,1.5561342990398408,0.03589520143412254,0.6440292103186754,0.7007036209106445,0.6440292103186754,0.5801872611045837,0.5880770862102509,0.5971100330352783,0.6479893028736115,0.6883919954299926,0.6960174578428269,0.03318240898077651,0.0011010722657675176,0.04542507878596106,,0,,,,,0.0007728638582735117,,0.06386948626299323,,0.6742738485336304,0.6742738485336304,0.6742738485336304,0.6742738485336304,0.6742738485336304,0.6742738485336304,0.6742738485336304,0.6742738485336304,0.6742738485336304,0.6742738485336304,0.0,2,text,0.0,-0.011200622070338059,0.01197348592861157,run_hop,,,42
0.9984354360228599,,,,1.0000000004042335,Reddit-S,0.036227005084968414,0.06582960486412048,-0.005745011742208842,-0.06694280356168747,-0.06492735117673874,-0.06091304756700992,-0.002653217175975442,0.05041829310357572,0.06421840466558933,0.04109614927673932,0.029610515665884053,-0.02853533998131752,-0.029610515665884053,-0.030233487486839294,-0.030126202274113893,-0.029994949884712695,-0.029696212150156498,-0.029064700938761234,-0.028783980794250964,0.00034274623043997873,0.003103537925711106,-2.4556736661907053e-06,-0.003103537925711106,-0.014623547904193401,-0.008359625861048698,-0.005046081822365522,-0.002974596689455211,-0.0012959552812390025,-0.00016921930015087195,0.0015851633033505683,1.4769054652010403,1.594007968902588,1.4769054652010403,1.3623378276824951,1.4064460837841033,1.4258405923843385,1.4808189272880554,1.5202898740768434,1.5561342990398408,0.03589520143412254,0.0869324979712413,-0.014979591593146324,-0.0869324979712413,-0.15403872728347778,-0.1460350714623928,-0.1419517457485199,-0.08384175226092339,-0.030228439345955836,-0.017285508401691917,0.04113077834910559,0.0016917409276032533,0.3862324028320925,,0,,,,,0.0015645643813737087,,0.046912169818179146,,0.048473432660102844,-0.048473432660102844,-0.048473432660102844,-0.048473432660102844,-0.048473432660102844,-0.048473432660102844,-0.048473432660102844,-0.048473432660102844,-0.048473432660102844,-0.048473432660102844,0.0,3,text,1.0,-0.006801575449361997,0.008366139830735706,run_hop,,,42
0.9019017078043929,,,,1.0000002402073374,Reddit-S,0.02417547976176268,0.028451725840568542,0.02411777083122929,-0.0007044744561426342,-0.0007044744561426342,0.019563986361026763,0.025919643230736256,0.027507322281599043,0.028025352749973535,0.005739835156829582,0.08218693272323747,0.08460153639316559,0.08218693272323747,0.07748342305421829,0.07878818988800049,0.08045511096715927,0.08235744386911392,0.0834515355527401,0.08460153639316559,0.0012200202614697476,0.015360377150747628,0.018025752156972885,0.015360377150747628,5.061589399701916e-05,0.004737926488742232,0.012333669699728489,0.01630149967968464,0.01711702551692724,0.017304654661566016,0.002502532756994281,1.46386338352062,1.5114812850952148,1.46386338352062,1.452712893486023,1.4564999437332153,1.4588902354240418,1.462428092956543,1.470363473892212,1.4899989664554596,0.005696477991618003,0.31834869637074703,0.3246825635433197,0.31834869637074703,0.2815268337726593,0.2965749204158783,0.31367174088954924,0.3201756179332733,0.32238454520702364,0.323265392780304,0.005662355805775682,3.206227327120157e-05,0.4416721429640033,,0,,,,,0.09809853240294442,,0.648547025498838,,0.1966836154460907,0.1966836154460907,0.1966836154460907,0.1966836154460907,0.1966836154460907,0.1966836154460907,0.1966836154460907,0.1966836154460907,0.1966836154460907,0.1966836154460907,0.0,0,visual,0.0,-0.08706336232312761,0.18516189472607203,run_hop,,,42
0.86466029391123,,,,0.9999998823240517,Reddit-S,0.027660484211497093,-0.01870942860841751,-0.027660484211497093,-0.029702724888920784,-0.02939961452037096,-0.0291438702493906,-0.02820888441056013,-0.025981763377785683,-0.01870942860841751,0.0019591943197225063,0.02721770758664078,-0.02557678148150444,-0.02721770758664078,-0.0280627328902483,-0.0280627328902483,-0.02765959594398737,-0.027276852168142796,-0.02661304771900177,-0.02603280257433653,0.00042631218963271896,0.005443174866179706,-1.7936483345692977e-05,-0.005443174866179706,-0.006387689616531134,-0.006132158041000366,-0.006065669190138579,-0.005776675418019295,-0.004370616748929024,-0.0016789537819568087,0.0008868091735169926,1.46386338352062,1.5114812850952148,1.46386338352062,1.452712893486023,1.4564999437332153,1.4588902354240418,1.462428092956543,1.470363473892212,1.4899989664554596,0.005696477991618003,0.022203514151691424,0.032814424484968185,0.022203514151691424,0.019602671265602112,0.019919516555964946,0.020406716503202915,0.021760222502052784,0.024431317672133447,0.02965896762907505,0.0020082744730572323,4.033166359133305e-06,0.2964176091710261,,0,,,,,0.13533958841282173,,0.6702353866896992,,0.08252488076686859,0.08252488076686859,0.08252488076686859,0.08252488076686859,0.08252488076686859,0.08252488076686859,0.08252488076686859,0.08252488076686859,0.08252488076686859,0.08252488076686859,0.0,1,visual,0.0,-0.074517002287653,0.20985659070047474,run_hop,,,42
0.5804171965108667,,,,0.9999965857030355,Reddit-S,0.020557786906997076,-0.01604631170630455,-0.020557786906997076,-0.021847005933523178,-0.02174426192417741,-0.021585640124976636,-0.02078397572040558,-0.01938435938209295,-0.0160463135689497,0.0010890315169322176,0.02718096011641364,-0.025528114289045334,-0.02718096011641364,-0.02803357131779194,-0.02803357131779194,-0.027626987919211386,-0.027240869589149952,-0.026570548489689826,-0.02598458968102932,0.0004300142590898718,0.005558123711465305,-1.831526606110856e-05,-0.005558123711465305,-0.006522584706544876,-0.00626165653578937,-0.006193763762712479,-0.005898667266592383,-0.004462915472686291,-0.001714409942505883,0.0009055367893619159,1.46386338352062,1.5114812850952148,1.46386338352062,1.452712893486023,1.4564999437332153,1.4588902354240418,1.462428092956543,1.470363473892212,1.4899989664554596,0.005696477991618003,0.6235035009896873,0.6324002742767334,0.6235035009896873,0.621143102645874,0.6213171952962875,0.62231724858284,0.6232471466064453,0.6251262307167054,0.6275266140699387,0.0012585275130751062,1.5838915011670116e-06,0.04694730174646866,,0,,,,,0.4195793891921688,,1.2263658364889616,,0.6768003702163696,0.6768003702163696,0.6768003702163696,0.6768003702163696,0.6768003702163696,0.6768003702163696,0.6768003702163696,0.6768003702163696,0.6768003702163696,0.6768003702163696,0.0,2,visual,0.0,-0.051651502631027676,0.4712308918231965,run_hop,,,42
0.983415323219432,,,,1.0000001530566258,Reddit-S,0.014496253807166464,-0.003105145413428545,-0.014496253807166464,-0.016193009912967682,-0.01608242779970169,-0.015931415557861327,-0.015154856257140636,-0.012858669646084309,-0.003105146111920476,0.00228508981970381,0.02778826496498576,-0.02637852542102337,-0.02778826496498576,-0.0285052303224802,-0.0285052303224802,-0.028164846822619438,-0.027839841321110725,-0.027271913737058638,-0.026770803090184928,0.00036369746494161934,0.004359078029949793,-1.4364141861733515e-05,-0.004359078029949793,-0.005115477368235588,-0.004910838752985001,-0.004857592424377799,-0.0046261565294116735,-0.003500137245282531,-0.0013445628643967227,0.000710186696440592,1.46386338352062,1.5114812850952148,1.46386338352062,1.452712893486023,1.4564999437332153,1.4588902354240418,1.462428092956543,1.470363473892212,1.4899989664554596,0.005696477991618003,0.09244660732908355,-0.08229346573352814,-0.09244660732908355,-0.09454455226659775,-0.09417833410203456,-0.09391822963953018,-0.0930778980255127,-0.09058981463313102,-0.08229347318410873,0.0021892879444139275,4.792981703556161e-06,0.5331299375393308,,0,,,,,0.016584829837193726,,0.4699527133036082,,0.0458030104637146,-0.0458030104637146,-0.0458030104637146,-0.0458030104637146,-0.0458030104637146,-0.0458030104637146,-0.0458030104637146,-0.0458030104637146,-0.0458030104637146,-0.0458030104637146,0.0,3,visual,1.0,-0.07475190659155138,0.09133673642874511,run_hop,,,42
0.9708884171099297,,,,0.9999999992168932,Reddit-S,0.022399055352008965,0.048800185322761536,0.0100869708796804,-0.04072912409901619,-0.0334821368008852,-0.023382805846631525,0.009944739751517773,0.04289227798581124,0.04724566109478474,0.024294863934726636,0.08781189897826697,0.08980940282344818,0.08781189897826697,0.08461491763591766,0.08522757232189178,0.08612044900655746,0.08805913105607033,0.08899542540311814,0.08938452914357185,0.0010603365204593328,0.00592533960445237,0.04041820764541626,0.00592533960445237,3.4811473597073928e-06,0.0002373469174199272,0.001828255516011268,0.004298059968277812,0.012241329252719887,0.023650589529424896,0.004729915052604026,1.478918881368019,1.5650123357772827,1.478918881368019,1.3883271217346191,1.4245812606811523,1.4493149042129516,1.4815050959587097,1.5044843912124635,1.5339242994785307,0.022142220478220703,0.30482701573024473,0.36908572912216187,0.30482701573024473,0.25217363238334656,0.26048111081123354,0.27057873010635375,0.30537572503089905,0.33613614141941073,0.34781757205724717,0.024560972957754237,0.0006032413926315349,0.41959023007527535,,0,,,,,0.029111582106963477,,0.23833233182049424,,0.2010028064250946,0.2010028064250946,0.2010028064250946,0.2010028064250946,0.2010028064250946,0.2010028064250946,0.2010028064250946,0.2010028064250946,0.2010028064250946,0.2010028064250946,0.0,0,text,0.0,-0.037614264810569426,0.0667258469175329,run_hop,,,43
1.0016979279646137,,,,0.9999999997542215,Reddit-S,0.028468750964954555,0.05271725729107857,-0.005761105961100981,-0.05853534862399101,-0.05698932878673077,-0.053426111862063405,0.0010912219295278192,0.03330594301223755,0.043907280415296554,0.032313682872979865,0.029078858133653424,-0.027961846441030502,-0.029078858133653424,-0.029778677970170975,-0.029629211351275445,-0.029493172653019428,-0.02916494943201542,-0.02848704420030117,-0.028175429534167053,0.0003709201099377789,0.00173048318241184,-1.0166619404117228e-06,-0.00173048318241184,-0.01180405355989933,-0.006907105897553265,-0.003575054975226521,-0.0012552395928651094,-0.0005339382274542002,-6.931667783646862e-05,0.0013813619141319464,1.478918881368019,1.5650123357772827,1.478918881368019,1.3883271217346191,1.4245812606811523,1.4493149042129516,1.4815050959587097,1.5044843912124635,1.5339242994785307,0.022142220478220703,0.04091506605501808,0.09631500393152237,0.03728385013163775,-0.02002033032476902,-0.013002129662781954,-0.009603829123079777,0.04398265480995178,0.07637739405035975,0.08749765910208225,0.03222947166987136,0.0010387388441190407,0.3010987437162845,,0,,,,,-0.0016979282103922102,,0.054227245804925744,,0.07385429739952087,0.07385429739952087,0.07385429739952087,0.07385429739952087,0.07385429739952087,0.07385429739952087,0.07385429739952087,0.07385429739952087,0.07385429739952087,0.07385429739952087,0.0,1,text,0.2178809613690701,-0.009491358579726765,0.007793430369334555,run_hop,,,43
1.0015470568072458,,,,1.0000000028028506,Reddit-S,0.020189530718935537,0.03554920852184296,-0.013051610612174087,-0.04585333913564682,-0.04472781714051962,-0.0424666665494442,-0.010748375672847033,0.013481882959604263,0.02408745979890227,0.021193751524089643,0.028915006276424,-0.02775547094643116,-0.028915006276424,-0.02964308112859726,-0.02948791105300188,-0.029345881752669813,-0.029004571959376335,-0.028300279192626475,-0.02797740340232849,0.0003854513274353812,0.0016772263030547818,-9.853733899944928e-07,-0.0016772263030547818,-0.011440775357186794,-0.006694534458220005,-0.0034650300163775677,-0.001216608623508364,-0.00051750591956079,-6.718340533552709e-05,0.0013388494960762084,1.478918881368019,1.5650123357772827,1.478918881368019,1.3883271217346191,1.4245812606811523,1.4493149042129516,1.4815050959587097,1.5044843912124635,1.5339242994785307,0.022142220478220703,0.6233606229297047,0.6722078919410706,0.6233606229297047,0.5846028327941895,0.5922692960500717,0.5946884095668793,0.6254247725009918,0.649959671497345,0.6608307498693466,0.0211186390835949,0.000445996916743142,0.04451760743395569,,0,,,,,-0.0015470540043952073,,0.08135892418434382,,0.6670044660568237,0.6670044660568237,0.6670044660568237,0.6670044660568237,0.6670044660568237,0.6670044660568237,0.6670044660568237,0.6670044660568237,0.6670044660568237,0.6670044660568237,0.0,2,text,0.0,-0.014628847837043638,0.01308179383264843,run_hop,,,43
0.9915575090572513,,,,1.000000000956167,Reddit-S,0.022925350873929197,0.04132074862718582,-0.007510624157076304,-0.04910110682249069,-0.047493251599371435,-0.043990001827478406,-0.00458923727273941,0.024123198725283148,0.033687312379479396,0.025659097973629346,0.029818034566314478,-0.0288976039737463,-0.029818034566314478,-0.0303876381367445,-0.030267681069672106,-0.030156784877181052,-0.02988932654261589,-0.029333035089075567,-0.029075529649853705,0.0003039690397872937,0.002517630527891682,-1.4791123703616904e-06,-0.002517630527891682,-0.01717337965965271,-0.010048950603231788,-0.00520124528557062,-0.001826212159357965,-0.000776811485411599,-0.00010084685505717088,0.0020097039727434685,1.478918881368019,1.5650123357772827,1.478918881368019,1.3883271217346191,1.4245812606811523,1.4493149042129516,1.4815050959587097,1.5044843912124635,1.5339242994785307,0.022142220478220703,0.09550950234929083,-0.04559578001499176,-0.09550950234929083,-0.14702153205871582,-0.13488139182329179,-0.1313801184296608,-0.09270472824573517,-0.06341885775327682,-0.053237914144992834,0.025800519902002054,0.000665666827213604,0.41145509530635493,,0,,,,,0.008442491898915643,,0.09016969399385849,,0.05566321313381195,-0.05566321313381195,-0.05566321313381195,-0.05566321313381195,-0.05566321313381195,-0.05566321313381195,-0.05566321313381195,-0.05566321313381195,-0.05566321313381195,-0.05566321313381195,0.0,3,text,1.0,-0.009646206181779055,0.018088698080694698,run_hop,,,43
0.40475050191865386,,,,1.000000265123032,Reddit-S,0.023097950087810303,0.024810029193758965,0.023097950087810303,0.009069540537893772,0.009069540537893772,0.02261082399636507,0.023793863132596016,0.024354698322713374,0.024609625078737735,0.0029645436551576808,0.0812899921629899,0.08398773521184921,0.0812899921629899,0.07740533351898193,0.0783937394618988,0.07972372770309448,0.08139683678746223,0.08280762061476707,0.08334479719400406,0.0011968296366585314,0.003788419036352588,0.03575035557150841,0.003788419036352588,8.620796506875195e-06,0.00033206038642674685,0.0015591403585858644,0.002917264588177204,0.007177233928814531,0.018405525907874108,0.003419112997587859,1.4886898523128842,1.5070682764053345,1.4886898523128842,1.460422158241272,1.4759215700626374,1.4852388501167297,1.4891427755355835,1.4916609168052672,1.4943718910217285,0.0034311747539747754,0.3035258612397093,0.335404634475708,0.3035258612397093,0.2882976830005646,0.29115045070648193,0.3009440541267395,0.3032374531030655,0.30656380355358126,0.3174494853615761,0.003921268334482515,1.5376345351015278e-05,0.3894685487382293,,0,,,,,0.5952497632043781,,1.5570499778806002,,0.19534949958324432,0.19534949958324432,0.19534949958324432,0.19534949958324432,0.19534949958324432,0.19534949958324432,0.19534949958324432,0.19534949958324432,0.19534949958324432,0.19534949958324432,0.0,0,visual,0.0,-0.047310150390390514,0.6425599135947686,run_hop,,,43
0.9293735139483713,,,,0.9999997828812303,Reddit-S,0.027875064875369435,-0.013676129281520844,-0.027875064875369435,-0.029503703117370605,-0.0292926487326622,-0.029088219814002513,-0.02851407788693905,-0.027021638117730618,-0.013676130212843418,0.0026202928854274937,0.026928064262777347,-0.025576211512088776,-0.026928064262777347,-0.02786947786808014,-0.027644673716276883,-0.02745722308754921,-0.02696486283093691,-0.026382213830947875,-0.025919441860169173,0.0004170697659267248,0.001065818820981651,-2.4253406536445254e-06,-0.001065818820981651,-0.010057863779366016,-0.005178138092160225,-0.002019214630126953,-0.0008207316568586975,-0.0004386423854157326,-9.342055273009464e-05,0.0009619197228807674,1.4886898523128842,1.5070682764053345,1.4886898523128842,1.460422158241272,1.4759215700626374,1.4852388501167297,1.4891427755355835,1.4916609168052672,1.4943718910217285,0.0034311747539747754,0.02493504996101999,0.038542892783880234,0.02493504996101999,0.016123458743095398,0.0202338395267725,0.023540362343192102,0.024632763117551804,0.025772854685783386,0.038542892783880234,0.0026218477707551733,6.874085733013872e-06,0.2575830375290021,,0,,,,,0.07062626893285895,,0.5262730345719505,,0.0808039978146553,0.0808039978146553,0.0808039978146553,0.0808039978146553,0.0808039978146553,0.0808039978146553,0.0808039978146553,0.0808039978146553,0.0808039978146553,0.0808039978146553,0.0,1,visual,0.0,-0.05468161745201563,0.12530788638487458,run_hop,,,43
0.5476356840551925,,,,1.0000010442807536,Reddit-S,0.029006871485402257,-0.02503831684589386,-0.029006871485402257,-0.031148290261626244,-0.03092796390876174,-0.030526364035904408,-0.029323533177375793,-0.027182970196008682,-0.025473952293395996,0.0012984084199188523,0.02689540153093907,-0.02553362026810646,-0.02689540153093907,-0.027845188975334167,-0.027618453036993743,-0.027429132163524626,-0.026932687498629093,-0.02634505107998848,-0.02587803576141596,0.0004206034668346314,0.0013151057994014617,-2.992609552165959e-06,-0.0013151057994014617,-0.012410322204232216,-0.006389265395700932,-0.0024914936861023308,-0.0010126946726813912,-0.0005412375205196437,-0.00011527091555763036,0.0011869054869240577,1.4886898523128842,1.5070682764053345,1.4886898523128842,1.460422158241272,1.4759215700626374,1.4852388501167297,1.4891427755355835,1.4916609168052672,1.4943718910217285,0.0034311747539747754,0.617404142775535,0.6216644644737244,0.617404142775535,0.6062204241752625,0.6114743977785111,0.615702098608017,0.6174557209014893,0.6194016396999359,0.6203597676753998,0.0016906038400940526,2.858141344140757e-06,0.040092906389773,,0,,,,,0.4523653602255612,,1.2380610968473955,,0.6746215224266052,0.6746215224266052,0.6746215224266052,0.6746215224266052,0.6746215224266052,0.6746215224266052,0.6746215224266052,0.6746215224266052,0.6746215224266052,0.6746215224266052,0.0,2,visual,0.0,-0.09147496693631574,0.5438403271618769,run_hop,,,43
0.4149763254633968,,,,0.9999997648658779,Reddit-S,0.021310764962927536,-0.01597101241350174,-0.021310764962927536,-0.022188620641827583,-0.022096424885094165,-0.021970045939087867,-0.021593057550489902,-0.020562412217259407,-0.01597101427614689,0.0010819229296532736,0.027466526588070417,-0.026295505464076996,-0.027466526588070417,-0.028273064643144608,-0.028081699069589378,-0.027921403758227825,-0.027499179355800152,-0.02699632793664932,-0.02659374937415123,0.00035915926740321373,0.0014074941524828976,-3.2028453915700084e-06,-0.0014074941524828976,-0.013282167725265026,-0.006838121954351664,-0.002666525146923959,-0.0010838380549103022,-0.0005792603536974635,-0.000123368896311149,0.0012702875568854127,1.4886898523128842,1.5070682764053345,1.4886898523128842,1.460422158241272,1.4759215700626374,1.4852388501167297,1.4891427755355835,1.4916609168052672,1.4943718910217285,0.0034311747539747754,0.09815901441927809,-0.09329859167337418,-0.09815901441927809,-0.11017937958240509,-0.10373282454907894,-0.09947011172771454,-0.0980297103524208,-0.09703718945384025,-0.09329859167337418,0.0015610115548554315,2.4367570743921716e-06,0.41674277714982205,,0,,,,,0.5850234394024811,,1.5060655228970456,,0.047974228858947754,-0.047974228858947754,-0.047974228858947754,-0.047974228858947754,-0.047974228858947754,-0.047974228858947754,-0.047974228858947754,-0.047974228858947754,-0.047974228858947754,-0.047974228858947754,0.0,3,visual,1.0,-0.058972295798596065,0.6439957352010772,run_hop,,,43
1.0165845273067646,,,,1.0000000074139022,Reddit-S,0.02293038922873535,0.03394230455160141,0.02292099470032732,-0.006838574074208736,0.004348753616213799,0.01367894858121872,0.024072913452982903,0.0303776191547513,0.03245358794927597,0.006597161617892258,0.07446160703068697,0.0753094032406807,0.07446160703068697,0.07364175468683243,0.07383309140801429,0.07402529492974282,0.07448804378509521,0.07486567050218582,0.07508845247328282,0.00031265146538224625,0.0017483927921680578,0.00403094757348299,0.0017483927921680578,5.474274757943931e-07,0.00016753321717260407,0.0009165831725113094,0.0018129305681213737,0.0024650706443935634,0.0026393269654363394,0.0005973205511151513,1.4819176421610083,1.521422266960144,1.4819176421610083,1.4657399654388428,1.4714261925220489,1.474871289730072,1.480304479598999,1.4914709687232972,1.5036735832691193,0.006898750600913583,0.27252484020255896,0.28347188234329224,0.27252484020255896,0.24254028499126434,0.2542251363396645,0.26349093914031985,0.27360931038856506,0.27986236214637755,0.2819555500149727,0.006462302387909203,4.1761352152776986e-05,0.38818437216978435,,0,,,,,-0.016584519892862387,,0.13793386748196607,,0.1733938455581665,0.1733938455581665,0.1733938455581665,0.1733938455581665,0.1733938455581665,0.1733938455581665,0.1733938455581665,0.1733938455581665,0.1733938455581665,0.1733938455581665,0.0,0,text,0.0,-0.03941261511842547,0.022828095225563082,run_hop,,,44
0.9370523979002705,,,,1.0000000068670367,Reddit-S,0.01567557079959254,0.0010518352501094341,-0.015675273399975088,-0.02304520457983017,-0.022470579519867896,-0.02100064102560282,-0.015904505737125874,-0.009703563433140515,-0.005167987430468202,0.00433436799318739,0.024739014949990364,-0.024458814412355423,-0.024739014949990364,-0.02502853237092495,-0.024953134190291167,-0.024877005070447922,-0.024748029187321663,-0.024590019695460798,-0.024524419102817774,0.00010679674010417964,0.0027151178772735515,-8.501122579218645e-07,-0.0027151178772735515,-0.00625974778085947,-0.004098669160157442,-0.003828062838874757,-0.002815340063534677,-0.0014233823283575475,-0.00026016602379968465,0.0009275923101940096,1.4819176421610083,1.521422266960144,1.4819176421610083,1.4657399654388428,1.4714261925220489,1.474871289730072,1.480304479598999,1.4914709687232972,1.5036735832691193,0.006898750600913583,0.05843816760060689,0.07522807270288467,0.05843816760060689,0.049369845539331436,0.050954541228711604,0.05261805020272732,0.05828176252543926,0.06464804783463478,0.06904245845973492,0.004532426850247841,2.0542893152847563e-05,0.23416407765386116,,0,,,,,0.06294760896676613,,0.2386481839302426,,0.1015675738453865,0.1015675738453865,0.1015675738453865,0.1015675738453865,0.1015675738453865,0.1015675738453865,0.1015675738453865,0.1015675738453865,0.1015675738453865,0.1015675738453865,0.0,1,text,0.0,-0.015881283125009124,0.07882889209177525,run_hop,,,44
0.9576668584471202,,,,0.999999957832635,Reddit-S,0.011943806740162936,-0.002923862310126424,-0.011943806740162936,-0.01677030511200428,-0.015799186173826456,-0.015116822626441716,-0.011954680550843477,-0.008561649732291699,-0.0062088876916095645,0.002472518046848221,0.024746338940446214,-0.02446702867746353,-0.024746338940446214,-0.02503553219139576,-0.02496007241308689,-0.02488406766206026,-0.024755324237048626,-0.02459762115031481,-0.02453218987211585,0.0001065891812513568,0.0013448133078761957,-4.2106543673980923e-07,-0.0013448133078761957,-0.0031004888005554676,-0.0020300941541790962,-0.001896061224397272,-0.001394453865941614,-0.0007050093554425985,-0.00012886171709396914,0.00045944174002697665,1.4819176421610083,1.521422266960144,1.4819176421610083,1.4657399654388428,1.4714261925220489,1.474871289730072,1.480304479598999,1.4914709687232972,1.5036735832691193,0.006898750600913583,0.6580859587277138,0.6664824485778809,0.6580859587277138,0.6529590487480164,0.6538646495342255,0.6546981513500214,0.6580303907394409,0.6615277469158173,0.6637723487615586,0.0025413123060938204,6.4582682371038915e-06,0.03684854130438028,,0,,,,,0.042333099385514786,,0.22892893411675516,,0.6961209177970886,0.6961209177970886,0.6961209177970886,0.6961209177970886,0.6961209177970886,0.6961209177970886,0.6961209177970886,0.6961209177970886,0.6961209177970886,0.6961209177970886,0.0,2,text,0.0,-0.028669078154403668,0.07100217753991846,run_hop,,,44
0.9988096493089248,,,,0.999999994183508,Reddit-S,0.010963358419709397,-0.0005771706928499043,-0.010963358419709397,-0.01614391803741455,-0.015463026901707054,-0.014477728679776192,-0.01083337003365159,-0.007488328777253626,-0.004532697065733373,0.0027219265192378636,0.024976253205994937,-0.024715909734368324,-0.024976253205994937,-0.025245334953069687,-0.02517516748979688,-0.025104507990181445,-0.024984649382531643,-0.024837690964341165,-0.024776695296168327,9.926586296410463e-05,0.0023115382683352986,0.00532928854227066,0.0023115382683352986,7.237501336021523e-07,0.00022149452270241456,0.0012118083541281521,0.0023968631867319345,0.003259053220972419,0.003489436348900199,0.0007897134566245281,1.4819176421610083,1.521422266960144,1.4819176421610083,1.4657399654388428,1.4714261925220489,1.474871289730072,1.480304479598999,1.4914709687232972,1.5036735832691193,0.006898750600913583,0.05997867028791341,-0.04896325245499611,-0.05997867028791341,-0.0669037327170372,-0.06472055248916149,-0.0631923533976078,-0.060119492933154106,-0.05670470222830772,-0.05354707270860672,0.0025997165457678855,6.758526118339305e-06,0.7313025709930853,,0,,,,,0.0011903448745832212,,0.32659930860695924,,0.0263505969196558,-0.0263505969196558,-0.0263505969196558,-0.0263505969196558,-0.0263505969196558,-0.0263505969196558,-0.0263505969196558,-0.0263505969196558,-0.0263505969196558,-0.0263505969196558,0.0,3,text,1.0,-0.027015522597779486,0.028205867472362707,run_hop,,,44
0.5746262705949117,,,,1.000000123329154,Reddit-S,0.014266593392104674,0.01744205877184868,0.014266593392104674,0.004986777901649475,0.004986777901649475,0.011876139789819717,0.015014267526566982,0.01642874199897051,0.01708133952692151,0.0024727249770571487,0.07507897031330471,0.07672130316495895,0.07507897031330471,0.07265511900186539,0.07338704861700535,0.07390757128596306,0.07518841326236725,0.07598727494478226,0.07672130316495895,0.0007635476092844382,0.0017472252135049622,0.020602313801646233,0.0017472252135049622,9.84060307018808e-07,3.561841731425375e-05,0.0002844718343112618,0.0008447495347354561,0.004469536896795036,0.010010873898863792,0.002161330500606574,1.500676648623091,1.5122127532958984,1.500676648623091,1.4800783395767212,1.491837351322174,1.4969463348388672,1.5008128881454468,1.5046223044395446,1.5073197293281555,0.0031495033984493097,0.26571094398567835,0.28591594099998474,0.26571094398567835,0.2567357122898102,0.2570658326148987,0.2629926562309265,0.26573994755744934,0.26884453892707827,0.274226488173008,0.002902972026498022,8.42724658663003e-06,0.40673583376270395,,0,,,,,0.42537385273424244,,1.1828562156512554,,0.17461815476417542,0.17461815476417542,0.17461815476417542,0.17461815476417542,0.17461815476417542,0.17461815476417542,0.17461815476417542,0.17461815476417542,0.17461815476417542,0.17461815476417542,0.0,0,visual,0.0,-0.09303856892794228,0.5184124216621847,run_hop,,,44
0.9315079706794824,,,,1.0000000966843523,Reddit-S,0.01490549903936174,-0.0063062203116714954,-0.01490549903936174,-0.016920151188969612,-0.016652743965387344,-0.016358772292733192,-0.015343091450631618,-0.013154312968254088,-0.006306221708655357,0.0018790507357850331,0.024934719182594035,-0.02410583570599556,-0.024934719182594035,-0.02549690194427967,-0.02549690194427967,-0.025245561823248865,-0.024972088634967804,-0.0245338374748826,-0.024355756305158138,0.0002612777102789348,0.0005574323031760603,-3.13953222530472e-07,-0.0005574323031760603,-0.006572933867573738,-0.0031938552856445312,-0.001425954815931618,-0.00026950771280098706,-9.075749840121716e-05,-1.1363650628481992e-05,0.0006895478786537006,1.500676648623091,1.5122127532958984,1.500676648623091,1.4800783395767212,1.491837351322174,1.4969463348388672,1.5008128881454468,1.5046223044395446,1.5073197293281555,0.0031495033984493097,0.057339289231380305,0.06569785624742508,0.057339289231380305,0.05071847885847092,0.053937218263745305,0.05584692694246769,0.0570808257907629,0.05875142067670822,0.06569785624742508,0.0018738168952084939,3.5111897567687993e-06,0.22631036535567411,,0,,,,,0.06849212600486988,,0.5060137921339224,,0.09773693978786469,0.09773693978786469,0.09773693978786469,0.09773693978786469,0.09773693978786469,0.09773693978786469,0.09773693978786469,0.09773693978786469,0.09773693978786469,0.09773693978786469,0.0,1,visual,0.0,-0.07738657574761522,0.1458787017524851,run_hop,,,44
0.8132805238835799,,,,1.0000004340741817,Reddit-S,0.019606259214474193,-0.014452261850237846,-0.019606259214474193,-0.02210143208503723,-0.021793830692768097,-0.021513346768915653,-0.019654270261526108,-0.017757248133420944,-0.015957624819129705,0.001488176425546687,0.024926162136635892,-0.024095572531223297,-0.024926162136635892,-0.025489846244454384,-0.025489846244454384,-0.0252377899363637,-0.024963609874248505,-0.02452440019696951,-0.02434620736166835,0.0002618958108879188,0.0006156275889820772,-3.4672956417125533e-07,-0.0006156275889820772,-0.007259140256792307,-0.0035272901877760887,-0.0015748228062875567,-0.0002976440009661019,-0.00010023247450590134,-1.2550001883937512e-05,0.0007615358768577954,1.500676648623091,1.5122127532958984,1.500676648623091,1.4800783395767212,1.491837351322174,1.4969463348388672,1.5008128881454468,1.5046223044395446,1.5073197293281555,0.0031495033984493097,0.6472547896158565,0.6525967121124268,0.6472547896158565,0.6392476558685303,0.6433220928907395,0.6455000221729279,0.647152304649353,0.649258953332901,0.6510590952634812,0.0016051616637382247,2.5765439667348653e-06,0.03587284174589171,,0,,,,,0.1867199101906019,,0.6877085737210521,,0.6924028396606445,0.6924028396606445,0.6924028396606445,0.6924028396606445,0.6924028396606445,0.6924028396606445,0.6924028396606445,0.6924028396606445,0.6924028396606445,0.6924028396606445,0.0,2,visual,0.0,-0.0917474364944234,0.2784673466850253,run_hop,,,44
0.6628097266750225,,,,1.0000000108868452,Reddit-S,0.013653859690713484,-0.010061053559184074,-0.013653859690713484,-0.015492094680666924,-0.015039132935926318,-0.014699901081621647,-0.0138059020973742,-0.012667260691523552,-0.010061053559184074,0.0009674980159210315,0.025218088783598464,-0.02445371448993683,-0.025218088783598464,-0.025734547525644302,-0.025734547525644302,-0.0255039868876338,-0.025252639316022396,-0.02484903335571289,-0.024684908520430326,0.00024037396811700114,0.0005741653828628057,-3.233775203170808e-07,-0.0005741653828628057,-0.0067702410742640495,-0.0032897288911044598,-0.0014687593560665845,-0.0002775978355202824,-9.348187086288817e-05,-1.1704765711328946e-05,0.0007102468210787675,1.500676648623091,1.5122127532958984,1.500676648623091,1.4800783395767212,1.491837351322174,1.4969463348388672,1.5008128881454468,1.5046223044395446,1.5073197293281555,0.0031495033984493097,0.06953850601675211,-0.06613103300333023,-0.06953850601675211,-0.07628054916858673,-0.07267428979277611,-0.07073879688978195,-0.06952416524291039,-0.0684281699359417,-0.06613103300333023,0.0011291358256195767,1.274947712697603e-06,0.5895877498115311,,0,,,,,0.3371902842118228,,0.9825558012212025,,0.03009239211678505,-0.03009239211678505,-0.03009239211678505,-0.03009239211678505,-0.03009239211678505,-0.03009239211678505,-0.03009239211678505,-0.03009239211678505,-0.03009239211678505,-0.03009239211678505,0.0,3,visual,1.0,-0.07767221093233123,0.414862495144154,run_hop,,,44
,0.6845132261498114,True,3.4142969644879173e-06,,,,,,,,,,,,,,,,,,,,,,,,,,,,,,,,,,,,,,,,,,,,,,,,,,,,,,,0.28982187411461463,,0,0.0,False,0.31684261976208516,,0.3154867516696367,,1.838411461163111,,,,,,,,,,,,,,,,,health_summary,120,all,
