dataset,delta_content_abs_mean,delta_content_max,delta_content_mean,delta_content_min,delta_content_q10,delta_content_q25,delta_content_q50,delta_content_q75,delta_content_q90,delta_content_std,delta_gamma_abs_mean,delta_gamma_max,delta_gamma_mean,delta_gamma_min,delta_gamma_q10,delta_gamma_q25,delta_gamma_q50,delta_gamma_q75,delta_gamma_q90,delta_gamma_std,effective_order_abs_mean,effective_order_max,effective_order_mean,effective_order_min,effective_order_q10,effective_order_q25,effective_order_q50,effective_order_q75,effective_order_q90,effective_order_std,effective_radius_abs_mean,effective_radius_max,effective_radius_mean,effective_radius_min,effective_radius_q10,effective_radius_q25,effective_radius_q50,effective_radius_q75,effective_radius_q90,effective_radius_std,eta_abs_mean,eta_max,eta_mean,eta_min,eta_q10,eta_q25,eta_q50,eta_q75,eta_q90,eta_std,gamma_global_abs_mean,gamma_global_max,gamma_global_mean,gamma_global_min,gamma_global_q10,gamma_global_q25,gamma_global_q50,gamma_global_q75,gamma_global_q90,gamma_global_std,hop,modality,negative_eta_fraction,reference_residual_abs_mean,reference_residual_max,reference_residual_mean,reference_residual_min,reference_residual_q10,reference_residual_q25,reference_residual_q50,reference_residual_q75,reference_residual_q90,reference_residual_std,relation_filter_residual_abs_mean,relation_filter_residual_max,relation_filter_residual_mean,relation_filter_residual_min,relation_filter_residual_q10,relation_filter_residual_q25,relation_filter_residual_q50,relation_filter_residual_q75,relation_filter_residual_q90,relation_filter_residual_std,seed
Movies,0.06263231521677011,0.0633031576871872,0.06263231521677011,0.06036776304244995,0.06218676045536995,0.06243548821657896,0.06267742812633514,0.06288091279566288,0.06301258206367492,0.00033019538538673384,0.05209380388259888,0.05209380388259888,0.05209380388259888,0.05209380388259888,0.05209380388259888,0.05209380388259888,0.05209380388259888,0.05209380388259888,0.05209380388259888,0.0,1.4574273543042666,1.4691684246063232,1.4574273543042666,1.4450764656066895,1.4545451760292054,1.4564869105815887,1.457444667816162,1.4581934213638306,1.4601273775100707,0.002458171841621762,1.4574273543042666,1.4691684246063232,1.4574273543042666,1.4450764656066895,1.4545451760292054,1.4564869105815887,1.457444667816162,1.4581934213638306,1.4601273775100707,0.002458171841621762,0.4062992481554138,0.4079063832759857,0.4062992481554138,0.3930908441543579,0.403558561205864,0.4064231440424919,0.4071492552757263,0.407427541911602,0.4075782775878906,0.0021842882160514744,0.1747145801782608,0.1747145801782608,0.1747145801782608,0.1747145801782608,0.1747145801782608,0.1747145801782608,0.1747145801782608,0.1747145801782608,0.1747145801782608,0.0,0,text,0.0,0.1041585289294011,0.10446348041296005,0.1041585289294011,0.10385969281196594,0.10409275889396667,0.10413677804172039,0.10417007654905319,0.10419158637523651,0.10420571267604828,4.862393289600487e-05,0.01270002080723569,0.0136165926232934,0.01270002080723569,0.00012404867447912693,0.010166685562580826,0.013079381082206964,0.013597611803561449,0.013616185635328293,0.013616565614938736,0.0020548254480880906,42
Movies,0.057980701868733366,-0.048858847469091415,-0.057980701868733366,-0.05881398171186447,-0.05872929915785789,-0.058583129197359085,-0.05828384310007095,-0.057655492797493935,-0.05679766349494457,0.0008708429389925181,0.0526379831135273,-0.0526379831135273,-0.0526379831135273,-0.0526379831135273,-0.0526379831135273,-0.0526379831135273,-0.0526379831135273,-0.0526379831135273,-0.0526379831135273,0.0,,,,,,,,,,,,,,,,,,,,,0.03641542865711062,-0.02749698795378208,-0.03641542865711062,-0.03739869222044945,-0.037244534492492674,-0.03708446491509676,-0.03671529144048691,-0.0360213927924633,-0.03517567366361618,0.0009283220943182158,0.1105891689658165,0.1105891689658165,0.1105891689658165,0.1105891689658165,0.1105891689658165,0.1105891689658165,0.1105891689658165,0.1105891689658165,0.1105891689658165,0.0,1,text,1.0,0.034400802279059235,-0.03424474224448204,-0.034400802279059235,-0.03452729433774948,-0.03442543372511864,-0.034414734691381454,-0.03440430015325546,-0.034389927983284,-0.03437034264206886,2.373761746719255e-05,0.0019851104005169217,-1.9389757653698325e-05,-0.0019851104005169217,-0.0021283775568008423,-0.0021283733658492565,-0.0021283139940351248,-0.0021254108287394047,-0.002044407359790057,-0.001589130726642907,0.0003211849348014345,42
Movies,0.0665300662440271,-0.058672450482845306,-0.0665300662440271,-0.06752334535121918,-0.06743896678090096,-0.0673021525144577,-0.0670001208782196,-0.06616838276386261,-0.06488321125507354,0.001158421962967565,0.0554983913898468,-0.0554983913898468,-0.0554983913898468,-0.0554983913898468,-0.0554983913898468,-0.0554983913898468,-0.0554983913898468,-0.0554983913898468,-0.0554983913898468,0.0,,,,,,,,,,,,,,,,,,,,,0.5372550257279639,0.5466476678848267,0.5372550257279639,0.5359436869621277,0.5361147046089172,0.536284789443016,0.5367538332939148,0.5378560125827789,0.5391084790229798,0.0013258120802523198,0.6975539326667786,0.6975539326667786,0.6975539326667786,0.6975539326667786,0.6975539326667786,0.6975539326667786,0.6975539326667786,0.6975539326667786,0.6975539326667786,0.0,2,text,0.0,0.034030203918002246,-0.03390013426542282,-0.034030203918002246,-0.034148965030908585,-0.03404791243374348,-0.03404299262911081,-0.03403511270880699,-0.03402199503034353,-0.03400485664606094,1.8874208506588994e-05,0.0042402152957762215,-4.141671161050908e-05,-0.0042402152957762215,-0.00454623531550169,-0.004546226467937231,-0.004546099342405796,-0.004539898131042719,-0.0043668742291629314,-0.003394398884847761,0.0006860541732104643,42
Movies,0.06948269409643247,-0.057977087795734406,-0.06948269409643247,-0.0710502490401268,-0.07092902585864067,-0.07073448412120342,-0.07022139057517052,-0.068897295743227,-0.06683155074715615,0.0018240331312549844,0.056262873113155365,-0.056262873113155365,-0.056262873113155365,-0.056262873113155365,-0.056262873113155365,-0.056262873113155365,-0.056262873113155365,-0.056262873113155365,-0.056262873113155365,0.0,,,,,,,,,,,,,,,,,,,,,0.2056992591953981,-0.19044525921344757,-0.2056992591953981,-0.2077515423297882,-0.20752559453248978,-0.20725511386990547,-0.2064659148454666,-0.20472214743494987,-0.20275606513023375,0.0020903683447031874,0.03775147721171379,-0.03775147721171379,-0.03775147721171379,-0.03775147721171379,-0.03775147721171379,-0.03775147721171379,-0.03775147721171379,-0.03775147721171379,-0.03775147721171379,0.0,3,text,1.0,0.03572752270195097,-0.03560231998562813,-0.03572752270195097,-0.03579575568437576,-0.03574645482003689,-0.035741403698921204,-0.035733116790652275,-0.03571898862719536,-0.035699798911809924,1.9899998686585493e-05,0.006474695561928195,-6.324221612885594e-05,-0.006474695561928195,-0.006941979750990868,-0.006941966246813536,-0.006941772531718016,-0.0069323035422712564,-0.006668100017122924,-0.0051831562072038664,0.001047586410885568,42
Movies,0.013347751644390613,0.018705643713474274,0.013347452994652322,-0.002489544218406081,0.009625249821692706,0.011874392861500382,0.01384790614247322,0.015338386641815305,0.01635334622114897,0.002701982692388611,0.0033069809433072805,0.0033069809433072805,0.0033069809433072805,0.0033069809433072805,0.0033069809433072805,0.0033069809433072805,0.0033069809433072805,0.0033069809433072805,0.0033069809433072805,0.0,1.540397682068101,1.559407114982605,1.540397682068101,1.5242966413497925,1.5347640752792358,1.5374861657619476,1.5401635766029358,1.5431508719921112,1.5464413046836853,0.004609155319980348,1.540397682068101,1.559407114982605,1.540397682068101,1.5242966413497925,1.5347640752792358,1.5374861657619476,1.5401635766029358,1.5431508719921112,1.5464413046836853,0.004609155319980348,0.26674574647177435,0.27553823590278625,0.26674574647177435,0.25112074613571167,0.26138485968112946,0.26407165825366974,0.267085462808609,0.2698156610131264,0.27164911925792695,0.003917411621831486,0.1747145801782608,0.1747145801782608,0.1747145801782608,0.1747145801782608,0.1747145801782608,0.1747145801782608,0.1747145801782608,0.1747145801782608,0.1747145801782608,0.0,0,visual,0.0,0.06891085740604265,0.06934325397014618,0.06891085740604265,0.068629689514637,0.06865670531988144,0.06870589777827263,0.0688529759645462,0.06910509802401066,0.06927118450403214,0.0002251414853068559,0.006465870966140182,0.010757256299257278,0.006465870966140182,6.935728833923349e-06,0.0030296267941594124,0.00454667117446661,0.0064350091852247715,0.008470008615404367,0.010334271378815174,0.002611857241311548,42
Movies,0.004831948520802707,0.016390766948461533,0.00477833906706897,-0.0039062295109033585,0.001103155838791281,0.002437302900943905,0.004411041969433427,0.006905372254550457,0.0089656637981534,0.003059419593438676,0.01419768761843443,0.01419768761843443,0.01419768761843443,0.01419768761843443,0.01419768761843443,0.01419768761843443,0.01419768761843443,0.01419768761843443,0.01419768761843443,0.0,,,,,,,,,,,,,,,,,,,,,0.10553785030696104,0.11752700805664062,0.10553785030696104,0.09629219770431519,0.10165630578994751,0.10303198173642159,0.10518094524741173,0.10787071101367474,0.1099824771285057,0.003236545705732124,0.1105891689658165,0.1105891689658165,0.1105891689658165,0.1105891689658165,0.1105891689658165,0.1105891689658165,0.1105891689658165,0.1105891689658165,0.1105891689658165,0.0,1,visual,0.0,0.022662635469534783,-0.02255881391465664,-0.022662635469534783,-0.02282267063856125,-0.022795704752206804,-0.022734275087714195,-0.02264128252863884,-0.022586919832974672,-0.02256881631910801,8.31218521053935e-05,0.001364707064279686,-1.4638767424912658e-06,-0.001364707064279686,-0.0022704603616148233,-0.002181183872744441,-0.001787706627510488,-0.0013581932871602476,-0.0009596346935722977,-0.0006394425872713327,0.0005512668045865289,42
Movies,0.002521471548129259,-0.0002442204568069428,-0.002521471548129259,-0.0037348386831581593,-0.0031826192513108253,-0.002934552088845521,-0.0025868519442155957,-0.0021625837543979287,-0.0017633615643717349,0.0005489312972834262,0.0029834634624421597,0.0029834634624421597,0.0029834634624421597,0.0029834634624421597,0.0029834634624421597,0.0029834634624421597,0.0029834634624421597,0.0029834634624421597,0.0029834634624421597,0.0,,,,,,,,,,,,,,,,,,,,,0.6730460014387307,0.6770206689834595,0.6730460014387307,0.6704559326171875,0.6718030333518982,0.6722970455884933,0.6729710698127747,0.6737242490053177,0.6744004309177398,0.0010029027071284734,0.6975539326667786,0.6975539326667786,0.6975539326667786,0.6975539326667786,0.6975539326667786,0.6975539326667786,0.6975539326667786,0.6975539326667786,0.6975539326667786,0.0,2,visual,0.0,0.02286939230642948,-0.02277233824133873,-0.02286939230642948,-0.02301877550780773,-0.022993792966008186,-0.02293646289035678,-0.02284941077232361,-0.02279862528666854,-0.022781664691865443,7.772196176625752e-05,0.002100518228451331,-2.253157390441629e-06,-0.002100518228451331,-0.003494628006592393,-0.003357215947471559,-0.0027515870751813054,-0.002090492518618703,-0.0014770423586014658,-0.000984211836475879,0.0008484941581951658,42
Movies,0.032063261015901984,-0.02205875888466835,-0.032063261015901984,-0.035201992839574814,-0.03439403288066387,-0.03377890679985285,-0.03271453455090523,-0.030840016901493073,-0.028612209483981133,0.0022732842021767007,0.01245572604238987,-0.01245572604238987,-0.01245572604238987,-0.01245572604238987,-0.01245572604238987,-0.01245572604238987,-0.01245572604238987,-0.01245572604238987,-0.01245572604238987,0.0,,,,,,,,,,,,,,,,,,,,,0.10864994221057693,-0.09723545610904694,-0.10864994221057693,-0.1138460710644722,-0.11146709695458412,-0.11043768376111984,-0.10911615565419197,-0.10725106112658978,-0.10514198765158653,0.002511930717141914,0.03775147721171379,-0.03775147721171379,-0.03775147721171379,-0.03775147721171379,-0.03775147721171379,-0.03775147721171379,-0.03775147721171379,-0.03775147721171379,-0.03775147721171379,0.0,3,visual,1.0,0.02337882969018533,-0.023298505693674088,-0.02337882969018533,-0.023502308875322342,-0.02348172143101692,-0.023434330709278584,-0.023362385109066963,-0.023320262786000967,-0.0233062282204628,6.42981482808398e-05,0.0030006464605518922,-3.218695610485156e-06,-0.0030006464605518922,-0.004992169328033924,-0.004795872746035457,-0.003930715727619827,-0.0029863242525607347,-0.0021099945879541337,-0.0014059728826396167,0.0012120965951420606,42
Movies,0.05796123177774837,0.05921753868460655,0.05796123177774837,0.054292064160108566,0.057009468972682956,0.057505435310304165,0.058027442544698715,0.0585009902715683,0.05885270647704601,0.0007104400768264496,0.03957968205213547,0.03957968205213547,0.03957968205213547,0.03957968205213547,0.03957968205213547,0.03957968205213547,0.03957968205213547,0.03957968205213547,0.03957968205213547,0.0,1.473867234235876,1.4855087995529175,1.473867234235876,1.4607229232788086,1.4692288875579833,1.4714495837688446,1.4733914732933044,1.4769029915332794,1.4787986040115357,0.0037557191545184716,1.473867234235876,1.4855087995529175,1.473867234235876,1.4607229232788086,1.4692288875579833,1.4714495837688446,1.4733914732933044,1.4769029915332794,1.4787986040115357,0.0037557191545184716,0.364767390802045,0.36845138669013977,0.364767390802045,0.3540973961353302,0.36067686080932615,0.3624527081847191,0.36541061103343964,0.36754096299409866,0.3680714339017868,0.002972001226994513,0.1651635617017746,0.1651635617017746,0.1651635617017746,0.1651635617017746,0.1651635617017746,0.1651635617017746,0.1651635617017746,0.1651635617017746,0.1651635617017746,0.0,0,text,0.0,0.0931449464469569,0.09333793818950653,0.0931449464469569,0.09296964854001999,0.09310947135090827,0.09313400834798813,0.09315144270658493,0.0931628942489624,0.09317152127623558,2.76378092098558e-05,0.008917976273732371,0.011366612277925014,0.008917976273732371,3.5009952625841834e-07,0.005301882093772292,0.007163546630181372,0.009633730631321669,0.011273396899923682,0.011364043317735195,0.0025209692963771234,43
Movies,0.042750562075302076,-0.03323771804571152,-0.042750562075302076,-0.044412270188331604,-0.04412902370095253,-0.04381174501031637,-0.043186310678720474,-0.04202267527580261,-0.040721670165657996,0.0014224103393756537,0.03769418224692345,-0.03769418224692345,-0.03769418224692345,-0.03769418224692345,-0.03769418224692345,-0.03769418224692345,-0.03769418224692345,-0.03769418224692345,-0.03769418224692345,0.0,,,,,,,,,,,,,,,,,,,,,0.004370002716593355,0.015317089855670929,0.004370002716593355,0.00178965600207448,0.002368389395996928,0.0029706598725169897,0.00403403234668076,0.005358863156288862,0.0068329284898936745,0.0017857065038227847,0.11907156556844711,0.11907156556844711,0.11907156556844711,0.11907156556844711,0.11907156556844711,0.11907156556844711,0.11907156556844711,0.11907156556844711,0.11907156556844711,0.0,1,text,0.0,0.030886359222102804,-0.030793655663728714,-0.030886359222102804,-0.03097456693649292,-0.030899571254849434,-0.030893793795257807,-0.030888190492987633,-0.030880735721439123,-0.03087059147655964,1.3008630147236615e-05,0.003370463033548963,-1.323167424516214e-07,-0.003370463033548963,-0.004295901395380497,-0.004294930351898074,-0.004260671325027943,-0.00364097545389086,-0.0027073933742940426,-0.002003795257769525,0.0009527760063549315,43
Movies,0.04191282601274493,-0.03387026488780975,-0.04191282601274493,-0.04334235563874245,-0.043121183291077614,-0.042893932200968266,-0.04241956025362015,-0.0413194028660655,-0.03987543173134327,0.001366022239901928,0.037904150784015656,-0.037904150784015656,-0.037904150784015656,-0.037904150784015656,-0.037904150784015656,-0.037904150784015656,-0.037904150784015656,-0.037904150784015656,-0.037904150784015656,0.0,,,,,,,,,,,,,,,,,,,,,0.595295192931212,0.6039907932281494,0.595295192931212,0.5929492115974426,0.5934233903884888,0.5939775556325912,0.5949587821960449,0.5961823463439941,0.5976414978504181,0.0016957004611164964,0.7090907096862793,0.7090907096862793,0.7090907096862793,0.7090907096862793,0.7090907096862793,0.7090907096862793,0.7090907096862793,0.7090907096862793,0.7090907096862793,0.0,2,text,0.0,0.030625751888694066,-0.03055928461253643,-0.030625751888694066,-0.030691612511873245,-0.030635444447398186,-0.030632363632321358,-0.030628272332251072,-0.03062174003571272,-0.030612336471676826,1.0338245069580492e-05,0.0033527962075313553,-1.3162318168724596e-07,-0.0033527962075313553,-0.004273383412510157,-0.004272417956963181,-0.004238338558934629,-0.0036218907916918397,-0.0026932020555250347,-0.001993292011320591,0.0009477818779748701,43
Movies,0.049104950994953885,-0.04079992696642876,-0.049104950994953885,-0.050634950399398804,-0.05046085678040981,-0.0502340504899621,-0.04972553625702858,-0.04848509654402733,-0.04670869633555412,0.0015972664012373686,0.03786410018801689,-0.03786410018801689,-0.03786410018801689,-0.03786410018801689,-0.03786410018801689,-0.03786410018801689,-0.03786410018801689,-0.03786410018801689,-0.03786410018801689,0.0,,,,,,,,,,,,,,,,,,,,,0.14840030895041983,-0.1399586796760559,-0.14840030895041983,-0.15053251385688782,-0.15010049790143967,-0.14964931830763817,-0.1488804668188095,-0.14764554426074028,-0.1459161639213562,0.0017154848160780148,0.02760370634496212,-0.02760370634496212,-0.02760370634496212,-0.02760370634496212,-0.02760370634496212,-0.02760370634496212,-0.02760370634496212,-0.02760370634496212,-0.02760370634496212,0.0,3,text,1.0,0.03163283532565806,-0.03155437856912613,-0.03163283532565806,-0.03167915344238281,-0.031643517315387726,-0.03164068982005119,-0.03163621574640274,-0.031628633849322796,-0.031616754829883575,1.1731526504700735e-05,0.0021947181126160033,-8.615965896296984e-08,-0.0021947181126160033,-0.0027973284013569355,-0.002796696382574737,-0.002774388180114329,-0.002370865549892187,-0.0017629521898925304,-0.001304795709438622,0.000620411717500203,43
Movies,0.00684183176630276,0.021738028153777122,0.003738960723147568,-0.01983330212533474,-0.0063482500612735745,-0.000846986033138819,0.004261046648025513,0.00907594570890069,0.012867679260671139,0.007385362554984643,0.005814499221742153,-0.005814499221742153,-0.005814499221742153,-0.005814499221742153,-0.005814499221742153,-0.005814499221742153,-0.005814499221742153,-0.005814499221742153,-0.005814499221742153,0.0,1.550285874982141,1.5845383405685425,1.550285874982141,1.5177308320999146,1.536592674255371,1.5427031219005585,1.5498086810112,1.5574328899383545,1.5645880699157715,0.010736471156116494,1.550285874982141,1.5845383405685425,1.550285874982141,1.5177308320999146,1.536592674255371,1.5427031219005585,1.5498086810112,1.5574328899383545,1.5645880699157715,0.010736471156116494,0.22935461052452105,0.24972905218601227,0.22935461052452105,0.20667286217212677,0.2192324236035347,0.22449807822704315,0.229816235601902,0.2347973771393299,0.23859555870294571,0.007462062418613101,0.1651635617017746,0.1651635617017746,0.1651635617017746,0.1651635617017746,0.1651635617017746,0.1651635617017746,0.1651635617017746,0.1651635617017746,0.1651635617017746,0.0,0,visual,0.0,0.06435719964893502,0.06460829079151154,0.06435719964893502,0.06410191208124161,0.06416535452008247,0.0642356127500534,0.06435467675328255,0.06447764858603477,0.0645558439195156,0.00014075495057825393,0.0019093811134166972,0.00618335884064436,0.0019093811134166972,2.3983614028111333e-07,0.0007234919408801943,0.0011791990837082267,0.0017896500648930669,0.0025178456562571228,0.003261403040960431,0.0009913796557358833,43
Movies,0.008885236247670299,0.01804906129837036,0.008885233455378418,-2.3276545107364655e-05,0.0058877862524241206,0.007378958165645599,0.0089190355502069,0.010393637232482433,0.01179214809089899,0.002309616263345406,0.013588561676442623,0.013588561676442623,0.013588561676442623,0.013588561676442623,0.013588561676442623,0.013588561676442623,0.013588561676442623,0.013588561676442623,0.013588561676442623,0.0,,,,,,,,,,,,,,,,,,,,,0.12102322887375436,0.13028958439826965,0.12102322887375436,0.11179482191801071,0.11813467592000962,0.11951827630400658,0.1210099533200264,0.12246455252170563,0.1238987497985363,0.00227167705751732,0.11907156556844711,0.11907156556844711,0.11907156556844711,0.11907156556844711,0.11907156556844711,0.11907156556844711,0.11907156556844711,0.11907156556844711,0.11907156556844711,0.0,1,visual,0.0,0.021286463269100466,-0.02119557373225689,-0.021286463269100466,-0.021376771852374077,-0.021356757171452044,-0.02132925670593977,-0.02128557860851288,-0.021243319381028414,-0.021218462102115154,4.985387385761763e-05,0.000764337906950924,0.0024752395693212748,0.000764337906950924,9.60079873379982e-08,0.00028961863135918976,0.0004720412034657784,0.0007164087728597224,0.0010079102939926088,0.0013055612449534237,0.000396855842325761,43
Movies,0.001633833565273455,0.004877353087067604,-0.0008853244814186329,-0.007399619556963444,-0.003705800324678421,-0.002130689099431038,-0.0006155087321531028,0.0005614023102680221,0.0013488855096511541,0.0019449476955335579,0.00878082774579525,0.00878082774579525,0.00878082774579525,0.00878082774579525,0.00878082774579525,0.00878082774579525,0.00878082774579525,0.00878082774579525,0.00878082774579525,0.0,,,,,,,,,,,,,,,,,,,,,0.6945254754832805,0.700722336769104,0.6945254754832805,0.6876246929168701,0.69183429479599,0.6933072358369827,0.6947111785411835,0.6959252804517746,0.6968730032444,0.0019422060522179315,0.7090907096862793,0.7090907096862793,0.7090907096862793,0.7090907096862793,0.7090907096862793,0.7090907096862793,0.7090907096862793,0.7090907096862793,0.7090907096862793,0.0,2,visual,0.0,0.021475183379218776,-0.02139090746641159,-0.021475183379218776,-0.021557992324233055,-0.0215408431366086,-0.021515015978366137,-0.02147434838116169,-0.021435024682432413,-0.021411784179508685,4.6515444728565814e-05,0.000985563408213541,-1.2379598501865985e-07,-0.000985563408213541,-0.003191658528521657,-0.0016834352631121875,-0.0012996339064557105,-0.0009237619524355978,-0.0006086660432629287,-0.0003734441532287747,0.0005117194807920065,43
Movies,0.019377627464962296,-0.005037293769419193,-0.019377627464962296,-0.025982912629842758,-0.02393671851605177,-0.02241210825741291,-0.01983347348868847,-0.016762640327215195,-0.014096606057137251,0.0037377404290293717,0.005453260149806738,-0.005453260149806738,-0.005453260149806738,-0.005453260149806738,-0.005453260149806738,-0.005453260149806738,-0.005453260149806738,-0.005453260149806738,-0.005453260149806738,0.0,,,,,,,,,,,,,,,,,,,,,0.07571830326734172,-0.06019832566380501,-0.07571830326734172,-0.08373589813709259,-0.08029081597924233,-0.07862477004528046,-0.07614745199680328,-0.07312663644552231,-0.07051076889038085,0.003724312602027815,0.02760370634496212,-0.02760370634496212,-0.02760370634496212,-0.02760370634496212,-0.02760370634496212,-0.02760370634496212,-0.02760370634496212,-0.02760370634496212,-0.02760370634496212,0.0,3,visual,1.0,0.021595553073906044,-0.021514687687158585,-0.021595553073906044,-0.021674884483218193,-0.02165815681219101,-0.021633457858115435,-0.021594670601189137,-0.021557244937866926,-0.021535117551684378,4.43963246950619e-05,0.0016881557813549066,-2.1204814970587904e-07,-0.0016881557813549066,-0.005466940812766552,-0.002883529360406101,-0.0022261221893131733,-0.0015822970890440047,-0.0010425743530504405,-0.0006396664772182703,0.0008765161054964312,43
Movies,0.06916743446000263,0.06979695707559586,0.06916743446000263,0.06501305103302002,0.06857136934995652,0.06893506646156311,0.0692702904343605,0.06950244680047035,0.06964481249451637,0.000452985195969611,0.05488094314932823,0.05488094314932823,0.05488094314932823,0.05488094314932823,0.05488094314932823,0.05488094314932823,0.05488094314932823,0.05488094314932823,0.05488094314932823,0.0,1.4398374532469174,1.4504238367080688,1.4398374532469174,1.4278942346572876,1.4370781421661376,1.4387526512145996,1.4396550059318542,1.4410787224769592,1.4426467418670654,0.0023038834771370196,1.4398374532469174,1.4504238367080688,1.4398374532469174,1.4278942346572876,1.4370781421661376,1.4387526512145996,1.4396550059318542,1.4410787224769592,1.4426467418670654,0.0023038834771370196,0.40497888847220254,0.40697237849235535,0.40497888847220254,0.39225107431411743,0.40191795229911803,0.40418843924999237,0.4058503955602646,0.406552791595459,0.4067303776741028,0.0022420832877859576,0.16666154563426971,0.16666154563426971,0.16666154563426971,0.16666154563426971,0.16666154563426971,0.16666154563426971,0.16666154563426971,0.16666154563426971,0.16666154563426971,0.0,0,text,0.0,0.10267169962256374,0.10289072245359421,0.10267169962256374,0.10239124298095703,0.10260962396860122,0.10265005566179752,0.10268213599920273,0.10270483791828156,0.10271911323070526,4.69710075461399e-05,0.01159726200581529,0.012912815436720848,0.01159726200581529,3.971753812948009e-06,0.008741362858563662,0.011053311172872782,0.012659937143325806,0.012903940165415406,0.012911986373364926,0.002096775711965064,44
Movies,0.06289967513891677,-0.05247528478503227,-0.06289967513891677,-0.06423288583755493,-0.06406448483467102,-0.0638177040964365,-0.06333492696285248,-0.06235291808843613,-0.06112224273383617,0.0012906235550189983,0.044975221157073975,-0.044975221157073975,-0.044975221157073975,-0.044975221157073975,-0.044975221157073975,-0.044975221157073975,-0.044975221157073975,-0.044975221157073975,-0.044975221157073975,0.0,,,,,,,,,,,,,,,,,,,,,0.019698963163044276,-0.009431899525225163,-0.019698963163044276,-0.021119972690939903,-0.020853639207780363,-0.02060643397271633,-0.020115326158702374,-0.019160254392772913,-0.01795139629393816,0.0012783404646944225,0.1228802502155304,0.1228802502155304,0.1228802502155304,0.1228802502155304,0.1228802502155304,0.1228802502155304,0.1228802502155304,0.1228802502155304,0.1228802502155304,0.0,1,text,1.0,0.033938698888883255,-0.03377736732363701,-0.033938698888883255,-0.034067776054143906,-0.03396290764212608,-0.03395272046327591,-0.03394242562353611,-0.03392795380204916,-0.03390881530940533,2.3556277829083252e-05,0.0007656181885847694,-2.622038550725847e-07,-0.0007656181885847694,-0.0008524672593921423,-0.0008524125325493515,-0.0008518813701812178,-0.0008357729821000248,-0.0007297081174328923,-0.0005770798423327506,0.00013842315740311944,44
Movies,0.06224614172600095,-0.05263601988554001,-0.06224614172600095,-0.06348573416471481,-0.06335450783371925,-0.06317570433020592,-0.06278397142887115,-0.06178609002381563,-0.06033913232386112,0.0013716421249979575,0.046853259205818176,-0.046853259205818176,-0.046853259205818176,-0.046853259205818176,-0.046853259205818176,-0.046853259205818176,-0.046853259205818176,-0.046853259205818176,-0.046853259205818176,0.0,,,,,,,,,,,,,,,,,,,,,0.5619618671368843,0.5741842985153198,0.5619618671368843,0.5602100491523743,0.5604926347732544,0.5607844442129135,0.5614637732505798,0.5626730918884277,0.5641113936901092,0.001598540302566589,0.7090891599655151,0.7090891599655151,0.7090891599655151,0.7090891599655151,0.7090891599655151,0.7090891599655151,0.7090891599655151,0.7090891599655151,0.7090891599655151,0.0,2,text,0.0,0.033570493203891716,-0.03345196694135666,-0.033570493203891716,-0.03365287557244301,-0.033588289842009546,-0.03358322009444237,-0.03357491455972195,-0.033562563359737396,-0.0335463959723711,1.8169890053516293e-05,0.0044574134077013826,-1.526545588603767e-06,-0.0044574134077013826,-0.004963046871125698,-0.004962728312239051,-0.004959635785780847,-0.004865853115916252,-0.004248345852829516,-0.003359746956266463,0.0008058967860911802,44
Movies,0.056934696210605484,-0.04612535610795021,-0.056934696210605484,-0.058618687093257904,-0.05842310450971126,-0.05817434377968311,-0.05761286988854408,-0.056266119703650475,-0.05431884489953518,0.0017594103388158219,0.04883505776524544,-0.04883505776524544,-0.04883505776524544,-0.04883505776524544,-0.04883505776524544,-0.04883505776524544,-0.04883505776524544,-0.04883505776524544,-0.04883505776524544,0.0,,,,,,,,,,,,,,,,,,,,,0.1775298200685338,-0.165431410074234,-0.1775298200685338,-0.179941326379776,-0.1795112282037735,-0.17909321188926697,-0.1781446859240532,-0.17651508748531342,-0.17465158998966218,0.002061137694391695,0.03022332675755024,-0.03022332675755024,-0.03022332675755024,-0.03022332675755024,-0.03022332675755024,-0.03022332675755024,-0.03022332675755024,-0.03022332675755024,-0.03022332675755024,0.0,3,text,1.0,0.0351625076379366,-0.035022225230932236,-0.0351625076379366,-0.03520568460226059,-0.035181529447436334,-0.035175904631614685,-0.035167185589671135,-0.03515434172004461,-0.035136974230408666,1.928613559369356e-05,0.006374229786962649,-2.1830041987414006e-06,-0.006374229786962649,-0.007097300142049789,-0.007096844632178545,-0.0070924225728958845,-0.006958310259506106,-0.006075256853364408,-0.004804535349830986,0.0011524556576305842,44
Movies,0.013138478383165326,0.01667186990380287,0.013135362337161565,-0.0027636238373816013,0.009616865124553443,0.012600572546944022,0.013988430611789227,0.014746160944923759,0.015296194050461055,0.002671997264586068,0.0008648306829854846,-0.0008648306829854846,-0.0008648306829854846,-0.0008648306829854846,-0.0008648306829854846,-0.0008648306829854846,-0.0008648306829854846,-0.0008648306829854846,-0.0008648306829854846,0.0,1.5356647401704897,1.5578179359436035,1.5356647401704897,1.523838758468628,1.5312722086906434,1.5331670343875885,1.5352739095687866,1.5376231372356415,1.5402000308036805,0.003850873642343509,1.5356647401704897,1.5578179359436035,1.5356647401704897,1.523838758468628,1.5312722086906434,1.5331670343875885,1.5352739095687866,1.5376231372356415,1.5402000308036805,0.003850873642343509,0.24925111000910544,0.25516751408576965,0.24925111000910544,0.23174326121807098,0.24518743008375168,0.24783523380756378,0.2498389333486557,0.25148528814315796,0.25263406038284303,0.00319697172880711,0.16666154563426971,0.16666154563426971,0.16666154563426971,0.16666154563426971,0.16666154563426971,0.16666154563426971,0.16666154563426971,0.16666154563426971,0.16666154563426971,0.0,0,visual,0.0,0.06632029574637921,0.06676232814788818,0.06632029574637921,0.06605800986289978,0.06607584059238433,0.06610558182001114,0.06623788923025131,0.0665348656475544,0.06669668555259704,0.0002337106417830444,0.003998739737810333,0.007587200030684471,0.003998739737810333,6.1584978539031e-07,0.0017291255644522607,0.0027229706174694,0.0040157148614525795,0.005314056412316859,0.006248589418828487,0.0016786240591101322,44
Movies,0.010815256280674646,0.026895487681031227,0.010622226300269263,-0.009473219513893127,0.00255107672419399,0.006722057005390525,0.011004396248608828,0.01485192310065031,0.018016419373452663,0.0058912215495420745,0.021017231047153473,0.021017231047153473,0.021017231047153473,0.021017231047153473,0.021017231047153473,0.021017231047153473,0.021017231047153473,0.021017231047153473,0.021017231047153473,0.0,,,,,,,,,,,,,,,,,,,,,0.13350948871733645,0.14986677467823029,0.13350948871733645,0.11347904056310654,0.12550634145736694,0.12964139506220818,0.13385827094316483,0.13769029825925827,0.14081066250801086,0.005812166518341813,0.1228802502155304,0.1228802502155304,0.1228802502155304,0.1228802502155304,0.1228802502155304,0.1228802502155304,0.1228802502155304,0.1228802502155304,0.1228802502155304,0.0,1,visual,0.0,0.02182139574720805,-0.02172205224633217,-0.02182139574720805,-0.02198651432991028,-0.021959340199828148,-0.021900389343500137,-0.021791032515466213,-0.021742483600974083,-0.021731680259108543,8.58557180504356e-05,0.0008111843082308283,0.0015391393098980188,0.0008111843082308283,1.2493127599100262e-07,0.000350770415388979,0.0005523817817447707,0.0008146278560161591,0.001078009430784732,0.0012675888487137855,0.00034052566193538524,44
Movies,0.004825229677973658,-0.00031996265170164406,-0.004825229677973658,-0.0068883877247571945,-0.005884458683431149,-0.005487482529133558,-0.004923032829537988,-0.0042502518044784665,-0.0036250750534236433,0.000880823643551112,0.007021030876785517,0.007021030876785517,0.007021030876785517,0.007021030876785517,0.007021030876785517,0.007021030876785517,0.007021030876785517,0.007021030876785517,0.007021030876785517,0.0,,,,,,,,,,,,,,,,,,,,,0.6881594697867954,0.6933236122131348,0.6881594697867954,0.685598611831665,0.6870004117488862,0.6874822080135345,0.6880845427513123,0.6887715309858322,0.6894436776638031,0.0009498246650094475,0.7090891599655151,0.7090891599655151,0.7090891599655151,0.7090891599655151,0.7090891599655151,0.7090891599655151,0.7090891599655151,0.7090891599655151,0.7090891599655151,0.0,2,visual,0.0,0.022057241157448945,-0.02196839451789856,-0.022057241157448945,-0.022207124158740044,-0.022185029275715352,-0.02212999016046524,-0.0220292741432786,-0.021984345745295286,-0.02197430655360222,7.930048452132427e-05,0.0010682292808453576,-1.6451902240532945e-07,-0.0010682292808453576,-0.002026855945587158,-0.0016692574485205115,-0.0014196049596648663,-0.001072763989213854,-0.000727418388123624,-0.000461921191890724,0.0004484301278310812,44
Movies,0.024864599358285073,-0.014897668734192848,-0.024864599358285073,-0.028188815340399742,-0.027191980741918087,-0.026554817333817482,-0.025448337197303772,-0.023616551887243986,-0.021555530093610286,0.002215708101551908,0.010739324614405632,-0.010739324614405632,-0.010739324614405632,-0.010739324614405632,-0.010739324614405632,-0.010739324614405632,-0.010739324614405632,-0.010739324614405632,-0.010739324614405632,0.0,,,,,,,,,,,,,,,,,,,,,0.09201060406883353,-0.08120826631784439,-0.09201060406883353,-0.09784039855003357,-0.0951155848801136,-0.09390903636813164,-0.09234579280018806,-0.09048796631395817,-0.08843111917376519,0.002622406500425006,0.03022332675755024,-0.03022332675755024,-0.03022332675755024,-0.03022332675755024,-0.03022332675755024,-0.03022332675755024,-0.03022332675755024,-0.03022332675755024,-0.03022332675755024,0.0,3,visual,1.0,0.022441658841387054,-0.022363925352692604,-0.022441658841387054,-0.022573892027139664,-0.022552194073796272,-0.022504514548927546,-0.022417612373828888,-0.022378768306225538,-0.02236995715647936,6.857476104513403e-05,0.0037416945154272294,-5.762619821325643e-07,-0.0037416945154272294,-0.007099483162164688,-0.005846920236945152,-0.004972460679709911,-0.003757578320801258,-0.002547933778259903,-0.0016179747181013227,0.0015707194886309401,44
Toys,0.03106089629328288,0.03448336571455002,0.03106089629328288,0.012069324031472206,0.026825734600424766,0.030022642575204372,0.03208127245306969,0.03321870602667332,0.03376753032207489,0.003111822247770262,0.021326128393411636,0.021326128393411636,0.021326128393411636,0.021326128393411636,0.021326128393411636,0.021326128393411636,0.021326128393411636,0.021326128393411636,0.021326128393411636,0.0,1.504241398205127,1.537759780883789,1.504241398205127,1.4882959127426147,1.4950965166091919,1.498350441455841,1.503819227218628,1.5090736746788025,1.5138678073883056,0.007262651913648308,1.504241398205127,1.537759780883789,1.504241398205127,1.4882959127426147,1.4950965166091919,1.498350441455841,1.503819227218628,1.5090736746788025,1.5138678073883056,0.007262651913648308,0.2673987226948182,0.2728726267814636,0.2673987226948182,0.24746005237102509,0.2621549189090729,0.26562097668647766,0.26807570457458496,0.2702496498823166,0.27153310775756834,0.003796299562863515,0.12977008521556854,0.12977008521556854,0.12977008521556854,0.12977008521556854,0.12977008521556854,0.12977008521556854,0.12977008521556854,0.12977008521556854,0.12977008521556854,0.0,0,text,0.0,0.08212458575245665,0.08279802650213242,0.08212458575245665,0.08192570507526398,0.08198343068361283,0.08200138434767723,0.08203448355197906,0.0821499302983284,0.08245518803596497,0.00020271621081218629,0.0031170306871819127,0.005379352252930403,0.0031170306871819127,0.0,0.0010739139048382641,0.001933086256030947,0.003143776673823595,0.0044399339240044355,0.005107490811496973,0.0014728472432170505,42
Toys,0.04670388748737443,-0.020519256591796875,-0.04670388748737443,-0.051290079951286316,-0.05056792125105858,-0.04970084875822067,-0.048027027398347855,-0.04523440822958946,-0.0410265140235424,0.004357803850174291,0.031389620155096054,-0.031389620155096054,-0.031389620155096054,-0.031389620155096054,-0.031389620155096054,-0.031389620155096054,-0.031389620155096054,-0.031389620155096054,-0.031389620155096054,0.0,,,,,,,,,,,,,,,,,,,,,0.005321789352848735,0.0233319029211998,-0.003490747105281292,-0.010556438937783241,-0.008487652614712715,-0.006973423762246966,-0.004638756159693003,-0.001528463326394558,0.0030538720544427632,0.005045317573601638,0.10552114248275757,0.10552114248275757,0.10552114248275757,0.10552114248275757,0.10552114248275757,0.10552114248275757,0.10552114248275757,0.10552114248275757,0.10552114248275757,0.0,1,text,0.8202947378158569,0.027324227038631407,-0.02723045088350773,-0.027324227038631407,-0.02755477838218212,-0.02743690200150013,-0.02733397763222456,-0.02729538083076477,-0.027282911352813244,-0.02727389857172966,6.883052866316026e-05,0.0035941511789974504,-0.0,-0.0035941511789974504,-0.006202763877809048,-0.005889288894832134,-0.005119549809023738,-0.003624991048127413,-0.0022289816988632083,-0.0012382967630401244,0.001698294365587364,42
Toys,0.019407661873545732,-0.009451000019907951,-0.019407661873545732,-0.02244090847671032,-0.021546272188425065,-0.020911678671836853,-0.019882773980498314,-0.018390974029898643,-0.016598441824316978,0.0020505076351356767,0.019997110590338707,-0.019997110590338707,-0.019997110590338707,-0.019997110590338707,-0.019997110590338707,-0.019997110590338707,-0.019997110590338707,-0.019997110590338707,-0.019997110590338707,0.0,,,,,,,,,,,,,,,,,,,,,0.6752564378422969,0.6861890554428101,0.6752564378422969,0.6711390614509583,0.672656238079071,0.6735705435276031,0.6748360395431519,0.6764535903930664,0.67843998670578,0.002333865900996004,0.7434345483779907,0.7434345483779907,0.7434345483779907,0.7434345483779907,0.7434345483779907,0.7434345483779907,0.7434345483779907,0.7434345483779907,0.7434345483779907,0.0,2,text,0.0,0.027143754665457445,-0.027067463845014572,-0.027143754665457445,-0.027381684631109238,-0.027261260151863097,-0.027152659371495247,-0.027111802250146866,-0.02709999866783619,-0.02709396444261074,7.187281690570257e-05,0.001629574089407742,-0.0,-0.001629574089407742,-0.002812308957800269,-0.002670180518180132,-0.002321183797903359,-0.001643556752242148,-0.00101061153691262,-0.0005614388850517566,0.0007700000238609828,42
Toys,0.02685155774043447,-0.018660277128219604,-0.02685155774043447,-0.029635297134518623,-0.02889799028635025,-0.028284108266234398,-0.027270451188087463,-0.025785966776311398,-0.02417483404278755,0.001867100695026543,0.01678246632218361,-0.01678246632218361,-0.01678246632218361,-0.01678246632218361,-0.01678246632218361,-0.01678246632218361,-0.01678246632218361,-0.01678246632218361,-0.01678246632218361,0.0,,,,,,,,,,,,,,,,,,,,,0.04688613965646545,-0.03861714527010918,-0.04688613965646545,-0.05104713514447212,-0.049067453294992444,-0.04822673834860325,-0.04717930778861046,-0.04576790891587734,-0.04422586411237717,0.0018791052926038425,0.022297793999314308,0.022297793999314308,0.022297793999314308,0.022297793999314308,0.022297793999314308,0.022297793999314308,0.022297793999314308,0.022297793999314308,0.022297793999314308,0.0,3,text,1.0,0.027656604023796546,-0.027580836787819862,-0.027656604023796546,-0.027866851538419724,-0.027758028358221054,-0.027664712630212307,-0.02763000689446926,-0.027618599124252796,-0.027611923217773438,6.270403285883772e-05,0.0021066944192810674,0.0036357203498482704,0.0021066944192810674,0.0,0.0007258216734044254,0.0013065068633295596,0.002124771010130644,0.0030007994500920177,0.0034519784152507783,0.0009954470703615647,42
Toys,0.032951161357087914,-0.026935923844575882,-0.032951161357087914,-0.03359495475888252,-0.033340449631214145,-0.0332343727350235,-0.03307786583900452,-0.03282558359205723,-0.03244057297706604,0.0004671947579454732,0.0238029807806015,-0.0238029807806015,-0.0238029807806015,-0.0238029807806015,-0.0238029807806015,-0.0238029807806015,-0.0238029807806015,-0.0238029807806015,-0.0238029807806015,0.0,1.7580441846338324,1.7626051902770996,1.7580441846338324,1.7459385395050049,1.7553224325180055,1.7568875551223755,1.7583929300308228,1.7595115900039673,1.7603420734405517,0.0020562117334616374,1.7580441846338324,1.7626051902770996,1.7580441846338324,1.7459385395050049,1.7553224325180055,1.7568875551223755,1.7583929300308228,1.7595115900039673,1.7603420734405517,0.0020562117334616374,0.12639380269874032,0.13298630714416504,0.12639380269874032,0.12369389086961746,0.12526952624320983,0.12580814957618713,0.1264674812555313,0.12698634713888168,0.1273263394832611,0.000850256064390352,0.12977008521556854,0.12977008521556854,0.12977008521556854,0.12977008521556854,0.12977008521556854,0.12977008521556854,0.12977008521556854,0.12977008521556854,0.12977008521556854,0.0,0,visual,0.0,0.05130929388420885,0.05148375779390335,0.05130929388420885,0.051072947680950165,0.051163573563098905,0.05123344995081425,0.05132289230823517,0.05139431543648243,0.05142979025840759,9.792598468823199e-05,0.002068565755852787,0.0032278564758598804,0.002068565755852787,0.0,0.001000056602060795,0.0015064493054524064,0.002154730027541518,0.0027272700099274516,0.0029961925465613604,0.0007506591493246932,42
Toys,0.005423451051079763,-0.0012476857518777251,-0.005423451051079763,-0.007853398099541664,-0.00658051110804081,-0.006093555595725775,-0.005476424470543861,-0.00480945291928947,-0.004189789202064275,0.0009296789388471939,0.011598472483456135,-0.011598472483456135,-0.011598472483456135,-0.011598472483456135,-0.011598472483456135,-0.011598472483456135,-0.011598472483456135,-0.011598472483456135,-0.011598472483456135,0.0,,,,,,,,,,,,,,,,,,,,,0.06817123333370666,0.07457102090120316,0.06817123333370666,0.06418584287166595,0.06642212569713593,0.06715730205178261,0.06808722019195557,0.06906861439347267,0.07007053941488267,0.0014125763822077613,0.10552114248275757,0.10552114248275757,0.10552114248275757,0.10552114248275757,0.10552114248275757,0.10552114248275757,0.10552114248275757,0.10552114248275757,0.10552114248275757,0.0,1,visual,0.0,0.017162167492873227,-0.017075547948479652,-0.017162167492873227,-0.017231931909918785,-0.017200777307152748,-0.017189305275678635,-0.017166538164019585,-0.017138004302978516,-0.017114853858947753,3.181877644561279e-05,0.00316581533559355,-0.0,-0.00316581533559355,-0.004940039943903685,-0.004585492145270109,-0.004173922585323453,-0.003297684481367469,-0.0023055298952385783,-0.001530526438727973,0.0011488386284951068,42
Toys,0.03730177060363661,0.038228269666433334,0.03730177060363661,0.03190702572464943,0.036080300062894824,0.03694849647581577,0.03759382665157318,0.03793593682348728,0.03811009898781777,0.0008942757588459761,0.02946559712290764,0.02946559712290764,0.02946559712290764,0.02946559712290764,0.02946559712290764,0.02946559712290764,0.02946559712290764,0.02946559712290764,0.02946559712290764,0.0,,,,,,,,,,,,,,,,,,,,,0.7913062142991708,0.7936844229698181,0.7913062142991708,0.7856860160827637,0.7899395108222962,0.7907615303993225,0.7913912534713745,0.7920285761356354,0.7925511360168457,0.0010405271917427422,0.7434345483779907,0.7434345483779907,0.7434345483779907,0.7434345483779907,0.7434345483779907,0.7434345483779907,0.7434345483779907,0.7434345483779907,0.7434345483779907,0.0,2,visual,0.0,0.017152595033364672,-0.017075544223189354,-0.017152595033364672,-0.01721440628170967,-0.01719175763428211,-0.01718035712838173,-0.017157021909952164,-0.0171278128400445,-0.017105009779334067,3.192161591898869e-05,0.0017431251890762391,-0.0,-0.0017431251890762391,-0.002720028627663851,-0.0025248115882277487,-0.0022981977090239525,-0.0018157334998250008,-0.001269444648642093,-0.0008427210501395154,0.0006325604437361627,42
Toys,0.028308093185102516,0.02934281900525093,0.028308093185102516,0.023173265159130096,0.026978837326169014,0.027883351780474186,0.02861383929848671,0.028992868028581142,0.029189928993582727,0.0009399513602920593,0.0299138892441988,0.0299138892441988,0.0299138892441988,0.0299138892441988,0.0299138892441988,0.0299138892441988,0.0299138892441988,0.0299138892441988,0.0299138892441988,0.0,,,,,,,,,,,,,,,,,,,,,0.06636561967880722,0.06886766105890274,0.06636561967880722,0.059200480580329895,0.06448138505220413,0.06555622816085815,0.06653051823377609,0.06744927912950516,0.06805520057678223,0.0014264719207545495,0.022297793999314308,0.022297793999314308,0.022297793999314308,0.022297793999314308,0.022297793999314308,0.022297793999314308,0.022297793999314308,0.022297793999314308,0.022297793999314308,0.0,3,visual,0.0,0.016994531364091268,-0.016909101977944374,-0.016994531364091268,-0.017065685242414474,-0.017036916688084602,-0.01702440157532692,-0.01699923537671566,-0.01696750335395336,-0.016943542286753654,3.4631612593449025e-05,0.002840374619153274,0.004432212095707655,0.002840374619153274,0.0,0.001373190782032907,0.002068525180220604,0.0029586879536509514,0.00374485005158931,0.004114111047238112,0.001030739869242089,42
Toys,0.02522837500598468,0.029367787763476372,0.02522837500598468,0.005921053700149059,0.021034957095980644,0.023819874972105026,0.026059182360768318,0.027478432282805443,0.02817608043551445,0.003028032101607111,0.020044146105647087,0.020044146105647087,0.020044146105647087,0.020044146105647087,0.020044146105647087,0.020044146105647087,0.020044146105647087,0.020044146105647087,0.020044146105647087,0.0,1.4604490964359118,1.4799352884292603,1.4604490964359118,1.4490654468536377,1.4556471109390259,1.4576764702796936,1.4602638483047485,1.4628891348838806,1.4654735326766968,0.0038724457578965857,1.4604490964359118,1.4799352884292603,1.4604490964359118,1.4490654468536377,1.4556471109390259,1.4576764702796936,1.4602638483047485,1.4628891348838806,1.4654735326766968,0.0038724457578965857,0.25859855696843365,0.2633014917373657,0.25859855696843365,0.24015210568904877,0.254861044883728,0.25727999210357666,0.2591537833213806,0.2605285495519638,0.26174131631851194,0.0028379893531621813,0.131319060921669,0.131319060921669,0.131319060921669,0.131319060921669,0.131319060921669,0.131319060921669,0.131319060921669,0.131319060921669,0.131319060921669,0.0,0,text,0.0,0.07961248173917311,0.0798337310552597,0.07961248173917311,0.07951858639717102,0.07958168387413025,0.07959399744868279,0.0796067863702774,0.07962354272603989,0.07964867353439331,3.167133879527138e-05,0.002394491273823284,0.0031608031131327152,0.002394491273823284,0.0,0.0012960613006725908,0.001935506530571729,0.002616247395053506,0.0030188648961484432,0.0031362896785140037,0.0007315901971883151,43
Toys,0.006535802285652327,0.0007027979008853436,-0.006535507703664941,-0.012560820206999779,-0.008881433680653573,-0.007920379284769297,-0.006750754080712795,-0.005408524069935083,-0.0037383263930678354,0.00200480288978727,0.007228147238492966,-0.007228147238492966,-0.007228147238492966,-0.007228147238492966,-0.007228147238492966,-0.007228147238492966,-0.007228147238492966,-0.007228147238492966,-0.007228147238492966,0.0,,,,,,,,,,,,,,,,,,,,,0.07290712913602237,0.08081335574388504,0.07290712913602237,0.06609862297773361,0.07025041729211808,0.0714017003774643,0.07280751317739487,0.07434259355068207,0.07571863234043122,0.0020904611051076856,0.11764045059680939,0.11764045059680939,0.11764045059680939,0.11764045059680939,0.11764045059680939,0.11764045059680939,0.11764045059680939,0.11764045059680939,0.11764045059680939,0.0,1,text,0.0,0.02643918603007043,-0.0263846293091774,-0.02643918603007043,-0.02651679515838623,-0.02645297273993492,-0.02644508332014084,-0.026438547298312187,-0.02643184456974268,-0.026425161957740785,1.2399224162523285e-05,0.00453047673826894,-0.0,-0.00453047673826894,-0.005980370566248894,-0.005933989956974983,-0.0057118176482617855,-0.004950048867613077,-0.0036620585015043616,-0.0024522018153220414,0.0013841989775263647,43
Toys,0.01633480970729093,-0.00994243286550045,-0.01633480970729093,-0.019635053351521492,-0.017864437773823738,-0.017261994071304798,-0.016462650150060654,-0.01554072368890047,-0.014618538692593575,0.00127240584733026,0.011534449644386768,-0.011534449644386768,-0.011534449644386768,-0.011534449644386768,-0.011534449644386768,-0.011534449644386768,-0.011534449644386768,-0.011534449644386768,-0.011534449644386768,0.0,,,,,,,,,,,,,,,,,,,,,0.6866589068444808,0.6926150321960449,0.6866589068444808,0.6829833984375,0.685145092010498,0.6857439577579498,0.686519980430603,0.6874672174453735,0.6883842825889588,0.0012603485917474474,0.7422536015510559,0.7422536015510559,0.7422536015510559,0.7422536015510559,0.7422536015510559,0.7422536015510559,0.7422536015510559,0.7422536015510559,0.7422536015510559,0.0,2,text,0.0,0.026401634132262302,-0.026361621916294098,-0.026401634132262302,-0.026479950174689293,-0.026414081826806067,-0.026405329816043377,-0.02639961428940296,-0.02639542892575264,-0.026391282305121423,1.0908913280567628e-05,0.0013237985376007796,-0.0,-0.0013237985376007796,-0.0017474554479122162,-0.0017339030047878623,-0.0016689845360815525,-0.0014463968109339476,-0.0010700480197556317,-0.0007165296818129718,0.00040446087393091915,43
Toys,0.011697129867984444,-0.005882482975721359,-0.011697129867984444,-0.01733533851802349,-0.013916234858334065,-0.01288346853107214,-0.01168316975235939,-0.010465052910149097,-0.00949702113866806,0.0017294465587303492,0.011892914772033691,-0.011892914772033691,-0.011892914772033691,-0.011892914772033691,-0.011892914772033691,-0.011892914772033691,-0.011892914772033691,-0.011892914772033691,-0.011892914772033691,0.0,,,,,,,,,,,,,,,,,,,,,0.02646798353599923,-0.019616354256868362,-0.02646798353599923,-0.03291149437427521,-0.029257815703749655,-0.028019294142723083,-0.02654965966939926,-0.02492960263043642,-0.02359069362282753,0.0021600869261696374,0.02043393813073635,0.02043393813073635,0.02043393813073635,0.02043393813073635,0.02043393813073635,0.02043393813073635,0.02043393813073635,0.02043393813073635,0.02043393813073635,0.0,3,text,1.0,0.026771661509066912,-0.02672412432730198,-0.026771661509066912,-0.02684391289949417,-0.026784638687968255,-0.026776446029543877,-0.026770327240228653,-0.026764994487166405,-0.026759742572903634,1.1227637890169794e-05,0.003459784472969279,0.004567023366689682,0.003459784472969279,0.0,0.0018726703710854053,0.00279660033993423,0.0037801985163241625,0.004361937753856182,0.0045316038653254506,0.00105706979725655,43
Toys,0.03182424490829904,-0.027192218229174614,-0.03182424490829904,-0.032869286835193634,-0.03253689259290695,-0.03234349004924297,-0.031980060040950775,-0.03144633583724499,-0.030899249017238613,0.0006750793901490842,0.02530253678560257,-0.02530253678560257,-0.02530253678560257,-0.02530253678560257,-0.02530253678560257,-0.02530253678560257,-0.02530253678560257,-0.02530253678560257,-0.02530253678560257,0.0,1.7441400552089734,1.7528233528137207,1.7441400552089734,1.727773904800415,1.7389346599578857,1.7418723106384277,1.7446353435516357,1.7469235062599182,1.7486218214035034,0.0038030964910626816,1.7441400552089734,1.7528233528137207,1.7441400552089734,1.727773904800415,1.7389346599578857,1.7418723106384277,1.7446353435516357,1.7469235062599182,1.7486218214035034,0.0038030964910626816,0.12653168067174075,0.13068611919879913,0.12653168067174075,0.12390032410621643,0.12566195726394652,0.12607253342866898,0.12650194764137268,0.12689846754074097,0.12744614481925964,0.0007271018483055622,0.131319060921669,0.131319060921669,0.131319060921669,0.131319060921669,0.131319060921669,0.131319060921669,0.131319060921669,0.131319060921669,0.131319060921669,0.0,0,visual,0.0,0.050606524831259644,0.05077465623617172,0.050606524831259644,0.05038266256451607,0.050459223985672,0.050529927015304565,0.05062589421868324,0.05069096013903618,0.05071898475289345,9.608086545560128e-05,0.001732876685686686,0.0024955931585282087,0.001732876685686686,0.0,0.0008305847644805908,0.0013237628736533225,0.0018548768712207675,0.0022236731601879,0.0024173525162041187,0.0005807956455074322,43
Toys,0.014109297101072,-0.0026728175580501556,-0.014109297101072,-0.01920492574572563,-0.017035647854208948,-0.01593909878283739,-0.014407128095626831,-0.012557041365653276,-0.010656124353408812,0.0024523067906311396,0.009470652788877487,-0.009470652788877487,-0.009470652788877487,-0.009470652788877487,-0.009470652788877487,-0.009470652788877487,-0.009470652788877487,-0.009470652788877487,-0.009470652788877487,0.0,,,,,,,,,,,,,,,,,,,,,0.07257843528552227,0.08648450672626495,0.07257843528552227,0.06554609537124634,0.06896211504936219,0.07029345631599426,0.07215936481952667,0.07454312965273857,0.0767917811870575,0.0030604705125386513,0.11764045059680939,0.11764045059680939,0.11764045059680939,0.11764045059680939,0.11764045059680939,0.11764045059680939,0.11764045059680939,0.11764045059680939,0.11764045059680939,0.0,1,visual,0.0,0.01692123727994024,-0.01684366911649704,-0.01692123727994024,-0.016988512128591537,-0.016957661882042886,-0.016948186792433262,-0.01692747138440609,-0.016896377317607403,-0.016873469576239586,3.135929052902952e-05,0.004560824387958154,-0.0,-0.004560824387958154,-0.006568246986716986,-0.006362322345376014,-0.005852570058777928,-0.004881921224296093,-0.0034840621519833803,-0.0021860477980226267,0.0015286182574171532,43
Toys,0.03572429043730695,0.037395376712083817,0.03572429043730695,0.027390632778406143,0.03375314474105835,0.03506050631403923,0.03615083545446396,0.03675989620387554,0.0370842844247818,0.001419112965519621,0.02441033162176609,0.02441033162176609,0.02441033162176609,0.02441033162176609,0.02441033162176609,0.02441033162176609,0.02441033162176609,0.02441033162176609,0.02441033162176609,0.0,,,,,,,,,,,,,,,,,,,,,0.7851077955078463,0.7870911359786987,0.7851077955078463,0.77698814868927,0.7831605792045593,0.7844507396221161,0.7855215668678284,0.7861171066761017,0.7864504814147949,0.0013949403644235362,0.7422536015510559,0.7422536015510559,0.7422536015510559,0.7422536015510559,0.7422536015510559,0.7422536015510559,0.7422536015510559,0.7422536015510559,0.7422536015510559,0.0,2,visual,0.0,0.01691413318734291,-0.016841739416122437,-0.01691413318734291,-0.016972023993730545,-0.016950710117816924,-0.016941679641604424,-0.01692040078341961,-0.01688922941684723,-0.016866129636764527,3.129089459180331e-05,0.00036627073460695066,-0.0,-0.00036627073460695066,-0.0005274828290566802,-0.0005109454737976194,-0.0004700082790805027,-0.0003920573799405247,-0.0002797980996547267,-0.00017555714875925325,0.00012276029177365306,43
Toys,0.024971123644643343,0.026319487020373344,0.024971123644643343,0.019243188202381134,0.02332434430718422,0.024415205232799053,0.025280393660068512,0.025784854777157307,0.026078271493315697,0.0010779513625720142,0.026950810104608536,0.026950810104608536,0.026950810104608536,0.026950810104608536,0.026950810104608536,0.026950810104608536,0.026950810104608536,0.026950810104608536,0.026950810104608536,0.0,,,,,,,,,,,,,,,,,,,,,0.05877893373233364,0.06145656853914261,0.05877893373233364,0.05259978026151657,0.05668407902121544,0.05784609541296959,0.05901145190000534,0.05996556952595711,0.06053691357374191,0.001511872373090044,0.02043393813073635,0.02043393813073635,0.02043393813073635,0.02043393813073635,0.02043393813073635,0.02043393813073635,0.02043393813073635,0.02043393813073635,0.02043393813073635,0.0,3,visual,0.0,0.01677115440591864,-0.01669139601290226,-0.01677115440591864,-0.016839345917105675,-0.016810733079910278,-0.016800384037196636,-0.016777683049440384,-0.01674401108175516,-0.01671956665813923,3.3835235672230236e-05,0.0031942181317427924,0.004600136540830135,0.0031942181317427924,0.0,0.0015310201095417141,0.0024400970432907343,0.003419101471081376,0.0040989050175994635,0.004455914907157421,0.0010705828035607455,43
Toys,0.010677852060871506,0.014033494517207146,0.010677852060871506,0.0019281265558674932,0.008320832438766957,0.00964000029489398,0.010982964187860489,0.011956602334976196,0.012562155909836293,0.0016564595117637235,0.015613995492458344,0.015613995492458344,0.015613995492458344,0.015613995492458344,0.015613995492458344,0.015613995492458344,0.015613995492458344,0.015613995492458344,0.015613995492458344,0.0,1.490413065992366,1.504357933998108,1.490413065992366,1.4753848314285278,1.484810471534729,1.4874383211135864,1.4905086755752563,1.4934866428375244,1.495961809158325,0.004336805434695304,1.490413065992366,1.504357933998108,1.490413065992366,1.4753848314285278,1.484810471534729,1.4874383211135864,1.4905086755752563,1.4934866428375244,1.495961809158325,0.004336805434695304,0.24017063772499805,0.24488064646720886,0.24017063772499805,0.23200729489326477,0.2377108782529831,0.2389226257801056,0.2402707189321518,0.24152499437332153,0.24251398742198943,0.0018478752282932575,0.13267357647418976,0.13267357647418976,0.13267357647418976,0.13267357647418976,0.13267357647418976,0.13267357647418976,0.13267357647418976,0.13267357647418976,0.13267357647418976,0.0,0,text,0.0,0.07727357479873041,0.07779750227928162,0.07727357479873041,0.0769806057214737,0.07703367620706558,0.07706251367926598,0.0771903395652771,0.07745592296123505,0.07766101509332657,0.00023660803567159686,0.003931646443466681,0.006401807069778442,0.003931646443466681,0.0,0.0017268088413402438,0.002798058441840112,0.00404189620167017,0.005224606487900019,0.005995675828307867,0.0015655550745617437,44
Toys,0.024041168444402253,-0.009578956291079521,-0.024041168444402253,-0.029954951256513596,-0.028042449057102202,-0.02665517758578062,-0.024632733315229416,-0.022039873525500298,-0.01915390715003013,0.0034894416339798333,0.024492034688591957,-0.024492034688591957,-0.024492034688591957,-0.024492034688591957,-0.024492034688591957,-0.024492034688591957,-0.024492034688591957,-0.024492034688591957,-0.024492034688591957,0.0,,,,,,,,,,,,,,,,,,,,,0.03154253882638827,0.04497634619474411,0.03154253882638827,0.022325269877910614,0.027400854229927062,0.02908057626336813,0.03128618746995926,0.03370202146470547,0.03611259832978249,0.0033472617983249372,0.111129529774189,0.111129529774189,0.111129529774189,0.111129529774189,0.111129529774189,0.111129529774189,0.111129529774189,0.111129529774189,0.111129529774189,0.0,1,text,0.0,0.025775512794447165,-0.02566184476017952,-0.025775512794447165,-0.02595861628651619,-0.025904259458184243,-0.025836745277047157,-0.02574794739484787,-0.025707313790917397,-0.025695640966296195,7.848800766634487e-05,0.005278276878890566,-0.0,-0.005278276878890566,-0.008594493381679058,-0.008049258217215537,-0.00701408926397562,-0.005426288116723299,-0.0037564230151474476,-0.002318259095773101,0.002101774224256316,44
Toys,0.011467805211923929,-0.0054255761206150055,-0.011467805211923929,-0.01586700975894928,-0.013466571271419526,-0.012553131207823753,-0.011479277163743973,-0.010398376733064651,-0.00948497075587511,0.0015361016536098043,0.006486144848167896,-0.006486144848167896,-0.006486144848167896,-0.006486144848167896,-0.006486144848167896,-0.006486144848167896,-0.006486144848167896,-0.006486144848167896,-0.006486144848167896,0.0,,,,,,,,,,,,,,,,,,,,,0.6998525751215964,0.7057367563247681,0.6998525751215964,0.6952189803123474,0.6979077100753784,0.6988158226013184,0.6998475193977356,0.7008746266365051,0.7017885208129883,0.001508971669351041,0.7446088790893555,0.7446088790893555,0.7446088790893555,0.7446088790893555,0.7446088790893555,0.7446088790893555,0.7446088790893555,0.7446088790893555,0.7446088790893555,0.0,2,text,0.0,0.025615296942614132,-0.025509312748908997,-0.025615296942614132,-0.025797491893172264,-0.02575024776160717,-0.025678755715489388,-0.025586329400539398,-0.025541866198182106,-0.02553187422454357,8.228831123681812e-05,0.001187084228229468,-0.0,-0.001187084228229468,-0.001932901213876903,-0.0018102778820320963,-0.0015774683561176062,-0.0012203719234094024,-0.0008448193548247218,-0.0005213763797655702,0.0004726889269958571,44
Toys,0.009881053242979129,-0.004399052821099758,-0.009881053242979129,-0.011936850845813751,-0.01096242107450962,-0.010570235084742308,-0.010035664774477482,-0.009369693230837584,-0.00860308315604925,0.0009815039295278628,0.0008302723290398717,-0.0008302723290398717,-0.0008302723290398717,-0.0008302723290398717,-0.0008302723290398717,-0.0008302723290398717,-0.0008302723290398717,-0.0008302723290398717,-0.0008302723290398717,0.0,,,,,,,,,,,,,,,,,,,,,0.01111856703060326,-0.0044702342711389065,-0.01111856703060326,-0.015307389199733734,-0.012950001657009125,-0.012184540275484324,-0.011254220269620419,-0.010238176211714745,-0.009122474677860736,0.0015357181006551248,0.02294180914759636,0.02294180914759636,0.02294180914759636,0.02294180914759636,0.02294180914759636,0.02294180914759636,0.02294180914759636,0.02294180914759636,0.02294180914759636,0.0,3,text,1.0,0.025882764962304038,-0.025775637477636337,-0.025882764962304038,-0.026054827496409416,-0.026006994768977165,-0.02594149112701416,-0.025856420397758484,-0.025815246626734734,-0.025805176794528963,7.625554210505447e-05,0.002533714238345065,0.004125587176531553,0.002533714238345065,0.0,0.0011128265177831054,0.0018031836370937526,0.002604763489216566,0.0033669506665319204,0.0038638596422970297,0.0010089079073333123,44
Toys,0.031234209026261988,-0.028030168265104294,-0.031234209026261988,-0.031988486647605896,-0.03167626187205315,-0.03154050372540951,-0.03133046627044678,-0.031032415106892586,-0.03067239373922348,0.0004312847913815752,0.022218158468604088,-0.022218158468604088,-0.022218158468604088,-0.022218158468604088,-0.022218158468604088,-0.022218158468604088,-0.022218158468604088,-0.022218158468604088,-0.022218158468604088,0.0,1.7594522454191965,1.7652676105499268,1.7594522454191965,1.7464853525161743,1.7554025411605836,1.7577030658721924,1.759925127029419,1.7616078853607178,1.7627201080322266,0.002824490461695105,1.7594522454191965,1.7652676105499268,1.7594522454191965,1.7464853525161743,1.7554025411605836,1.7577030658721924,1.759925127029419,1.7616078853607178,1.7627201080322266,0.002824490461695105,0.13437427739412722,0.138202965259552,0.13437427739412722,0.13072757422924042,0.1328771412372589,0.13366897404193878,0.13458192348480225,0.13519271463155746,0.1355043828487396,0.0010249069318610951,0.13267357647418976,0.13267357647418976,0.13267357647418976,0.13267357647418976,0.13267357647418976,0.13267357647418976,0.13267357647418976,0.13267357647418976,0.13267357647418976,0.0,0,visual,0.0,0.052142000348491924,0.05229954048991203,0.052142000348491924,0.051943663507699966,0.05198832750320435,0.05205349624156952,0.052164532244205475,0.05223319120705128,0.05225686356425285,9.950717554626308e-05,0.0030110698899090786,0.004463369492441416,0.0030110698899090786,0.0,0.0014867221470922232,0.0022219205275177956,0.003195495344698429,0.00393344322219491,0.004246986471116543,0.001048561778782331,44
Toys,0.024039644196109298,-0.01180045772343874,-0.024039644196109298,-0.02858697809278965,-0.02688959240913391,-0.025775416754186153,-0.024270417168736458,-0.022544206120073795,-0.0208264946937561,0.0023422438500709645,0.015063545666635036,-0.015063545666635036,-0.015063545666635036,-0.015063545666635036,-0.015063545666635036,-0.015063545666635036,-0.015063545666635036,-0.015063545666635036,-0.015063545666635036,0.0,,,,,,,,,,,,,,,,,,,,,0.050729173783138196,0.06380986422300339,0.050729173783138196,0.04442940652370453,0.047458086907863614,0.04871965944766998,0.05044182389974594,0.052424049004912376,0.054469825327396394,0.002707376788525804,0.111129529774189,0.111129529774189,0.111129529774189,0.111129529774189,0.111129529774189,0.111129529774189,0.111129529774189,0.111129529774189,0.111129529774189,0.0,1,visual,0.0,0.01746881252267664,-0.017397437244653702,-0.01746881252267664,-0.017526250332593918,-0.01750578507781029,-0.017497519962489605,-0.017475822940468788,-0.017440509982407093,-0.017419904470443726,3.196939179159544e-05,0.003828352627326721,-0.0,-0.003828352627326721,-0.005674844142049551,-0.005399729125201702,-0.005001081852242351,-0.004062836058437824,-0.002825007541105151,-0.0018902572337538002,0.0013331687375445136,44
Toys,0.04046028860941202,0.041634440422058105,0.04046028860941202,0.03450809419155121,0.0389370933175087,0.039979251101613045,0.04079868644475937,0.041232237592339516,0.04145096614956856,0.0010461680159525397,0.029597988352179527,0.029597988352179527,0.029597988352179527,0.029597988352179527,0.029597988352179527,0.029597988352179527,0.029597988352179527,0.029597988352179527,0.029597988352179527,0.0,,,,,,,,,,,,,,,,,,,,,0.7953536975179268,0.7980719804763794,0.7953536975179268,0.7894712090492249,0.7938226938247681,0.7947599291801453,0.795477032661438,0.7960939705371857,0.7967024683952332,0.0011211812601918153,0.7446088790893555,0.7446088790893555,0.7446088790893555,0.7446088790893555,0.7446088790893555,0.7446088790893555,0.7446088790893555,0.7446088790893555,0.7446088790893555,0.0,2,visual,0.0,0.01745118652413032,-0.01738726906478405,-0.01745118652413032,-0.01751295104622841,-0.017488160356879234,-0.017480531707406044,-0.017458468675613403,-0.017422704957425594,-0.01740161031484604,3.203934362867272e-05,0.0018622812642367403,-0.0,-0.0018622812642367403,-0.0027604971546679735,-0.002626668894663453,-0.00243274902459234,-0.001976344268769026,-0.0013742095325142145,-0.0009195053135044872,0.0006485126643288116,44
Toys,0.03048620094788423,0.031404029577970505,0.03048620094788423,0.025819720700383186,0.029182548820972442,0.030112367123365402,0.03079448640346527,0.031131614930927753,0.031297747045755386,0.0008926681062849313,0.02852780371904373,0.02852780371904373,0.02852780371904373,0.02852780371904373,0.02852780371904373,0.02852780371904373,0.02852780371904373,0.02852780371904373,0.02852780371904373,0.0,,,,,,,,,,,,,,,,,,,,,0.06741337700724227,0.06954708695411682,0.06741337700724227,0.061250701546669006,0.0655643805861473,0.0666440986096859,0.06764507293701172,0.0684768557548523,0.06896529197692872,0.0013696621497287767,0.02294180914759636,0.02294180914759636,0.02294180914759636,0.02294180914759636,0.02294180914759636,0.02294180914759636,0.02294180914759636,0.02294180914759636,0.02294180914759636,0.0,3,visual,0.0,0.017222001304925134,-0.017149543389678,-0.017222001304925134,-0.017290228977799416,-0.01726318709552288,-0.01725442335009575,-0.017230015248060226,-0.01719032321125269,-0.017166751995682718,3.581764869045705e-05,0.0026795645243022923,0.00397197250276804,0.0026795645243022923,0.0,0.0013230406679213048,0.0019772970117628574,0.0028436854481697083,0.003500388585962355,0.0037794122472405434,0.0009331198035061741,44
Grocery,0.04260182499603446,0.04872845485806465,0.04260182499603446,0.005432671867311001,0.03491164445877075,0.04038988519459963,0.04459540545940399,0.04675322212278843,0.04768472723662853,0.005912975124396053,0.028789881616830826,0.028789881616830826,0.028789881616830826,0.028789881616830826,0.028789881616830826,0.028789881616830826,0.028789881616830826,0.028789881616830826,0.028789881616830826,0.0,1.4908326372855076,1.5396496057510376,1.4908326372855076,1.4583938121795654,1.4804471731185913,1.4857664704322815,1.490755558013916,1.495402455329895,1.500828206539154,0.008652366262309676,1.4908326372855076,1.5396496057510376,1.4908326372855076,1.4583938121795654,1.4804471731185913,1.4857664704322815,1.490755558013916,1.495402455329895,1.500828206539154,0.008652366262309676,0.29942510698304403,0.3072170317173004,0.29942510698304403,0.2627717852592468,0.2919898808002472,0.2972567453980446,0.3010658025741577,0.3034185841679573,0.3048952132463455,0.005888285098343325,0.13587535917758942,0.13587535917758942,0.13587535917758942,0.13587535917758942,0.13587535917758942,0.13587535917758942,0.13587535917758942,0.13587535917758942,0.13587535917758942,0.0,0,text,0.0,0.08723144603093949,0.08735068887472153,0.08723144603093949,0.08704319596290588,0.08716749623417855,0.08719744719564915,0.08723137155175209,0.0872674360871315,0.08729593008756638,4.8605885505742055e-05,0.004926598997545751,0.00690966984257102,0.004926598997545751,2.694061095098732e-06,0.0028282058192417026,0.004016751074232161,0.005169458221644163,0.006171801476739347,0.006713711051270366,0.0015165322297585808,42
Grocery,0.009840331619534008,0.009331347420811653,-0.009511803011102911,-0.01866990514099598,-0.015862410701811314,-0.013786548748612404,-0.010524061508476734,-0.0059613308403640985,-0.001459601882379499,0.005464636339461237,0.0029856807086616755,0.0029856807086616755,0.0029856807086616755,0.0029856807086616755,0.0029856807086616755,0.0029856807086616755,0.0029856807086616755,0.0029856807086616755,0.0029856807086616755,0.0,,,,,,,,,,,,,,,,,,,,,0.0926039230056204,0.11313223093748093,0.0926039230056204,0.08258263766765594,0.08615593910217285,0.0883301179856062,0.09157044440507889,0.09615576453506947,0.10069033205509187,0.005535586156865552,0.13100901246070862,0.13100901246070862,0.13100901246070862,0.13100901246070862,0.13100901246070862,0.13100901246070862,0.13100901246070862,0.13100901246070862,0.13100901246070862,0.0,1,text,0.0,0.028685351667553274,-0.028583334758877754,-0.028685351667553274,-0.028800494968891144,-0.028719236515462397,-0.02870348561555147,-0.02868575882166624,-0.028667335398495197,-0.028650523349642753,2.7099214776513688e-05,0.003193620863715543,-1.7463994481659029e-06,-0.003193620863715543,-0.00447912747040391,-0.004352099401876331,-0.004000811371952295,-0.0033510519424453378,-0.002603820466902107,-0.0018333574407733975,0.0009830775684605433,42
Grocery,0.04588145632665533,-0.02843579091131687,-0.04588145632665533,-0.04977796599268913,-0.049150034040212634,-0.04840826615691185,-0.04681737720966339,-0.044193447567522526,-0.04117594957351685,0.003273308921460194,0.030500950291752815,-0.030500950291752815,-0.030500950291752815,-0.030500950291752815,-0.030500950291752815,-0.030500950291752815,-0.030500950291752815,-0.030500950291752815,-0.030500950291752815,0.0,,,,,,,,,,,,,,,,,,,,,0.6338736392183215,0.6523585915565491,0.6338736392183215,0.6287363767623901,0.6302497148513794,0.6312597990036011,0.6330243349075317,0.6356661766767502,0.6387420535087586,0.0034516032402422277,0.7424635291099548,0.7424635291099548,0.7424635291099548,0.7424635291099548,0.7424635291099548,0.7424635291099548,0.7424635291099548,0.7424635291099548,0.7424635291099548,0.0,2,text,0.0,0.028768195232854937,-0.028665965422987938,-0.028768195232854937,-0.028813006356358528,-0.02879217769950628,-0.028782138600945473,-0.02876874152570963,-0.028755932115018368,-0.0287441436201334,1.875153921684081e-05,0.003439289876988613,-1.8807410242516198e-06,-0.003439289876988613,-0.004823684226721525,-0.00468688402324915,-0.004308573552407324,-0.003608831437304616,-0.002804119256325066,-0.0019743883516639468,0.0010587007285782174,42
Grocery,0.061057311160795595,-0.03484058752655983,-0.061057311160795595,-0.06671877950429916,-0.06606394499540329,-0.06502608954906464,-0.06261852383613586,-0.05841363314539194,-0.053802390769124034,0.00512503110274525,0.03950107842683792,-0.03950107842683792,-0.03950107842683792,-0.03950107842683792,-0.03950107842683792,-0.03950107842683792,-0.03950107842683792,-0.03950107842683792,-0.03950107842683792,0.0,,,,,,,,,,,,,,,,,,,,,0.11203371103177923,-0.08521745353937149,-0.11203371103177923,-0.11859741061925888,-0.11701964437961579,-0.11593765206634998,-0.11358072608709335,-0.10941773094236851,-0.10474941730499268,0.00512338782978828,0.016596266999840736,0.016596266999840736,0.016596266999840736,0.016596266999840736,0.016596266999840736,0.016596266999840736,0.016596266999840736,0.016596266999840736,0.016596266999840736,0.0,3,text,1.0,0.02977789899056562,-0.02969139814376831,-0.02977789899056562,-0.029821831732988358,-0.029800451919436456,-0.02979020681232214,-0.029778648167848587,-0.0297669586725533,-0.029755009897053243,1.7742339021998565e-05,0.0017063119526703528,0.0023931420873850584,0.0017063119526703528,9.330795478490472e-07,0.0009795400896109641,0.0013911889982409775,0.0017904254491440952,0.002137583855073899,0.0023252725135535003,0.000525246132092805,42
Grocery,0.01212946273159976,0.00321161188185215,-0.012126365018153987,-0.015028035268187523,-0.014203980844467879,-0.013749692123383284,-0.01301536662504077,-0.011296414770185947,-0.008761804178357122,0.0024383795077955895,0.018334373831748962,-0.018334373831748962,-0.018334373831748962,-0.018334373831748962,-0.018334373831748962,-0.018334373831748962,-0.018334373831748962,-0.018334373831748962,-0.018334373831748962,0.0,1.6296272657927715,1.6375616788864136,1.6296272657927715,1.6096346378326416,1.6256531715393066,1.6279881298542023,1.6300526857376099,1.631756991147995,1.6331746339797975,0.0031785204630033937,1.6296272657927715,1.6375616788864136,1.6296272657927715,1.6096346378326416,1.6256531715393066,1.6279881298542023,1.6300526857376099,1.631756991147995,1.6331746339797975,0.0031785204630033937,0.16128032562362515,0.17594020068645477,0.16128032562362515,0.15821652114391327,0.15945566594600677,0.15990077331662178,0.16058814525604248,0.16190120205283165,0.1641556277871132,0.0021617645726967273,0.13587535917758942,0.13587535917758942,0.13587535917758942,0.13587535917758942,0.13587535917758942,0.13587535917758942,0.13587535917758942,0.13587535917758942,0.13587535917758942,0.0,0,visual,0.0,0.05497796969793504,0.05516381934285164,0.05497796969793504,0.05468886345624924,0.05473055057227612,0.054832033812999725,0.05503261275589466,0.05512219574302435,0.0551382340490818,0.00015477702561596008,0.0008877356995372909,0.0014769748086109757,0.0008877356995372909,7.189733963741674e-08,0.0003770814655581489,0.0006012633384671062,0.0009013323578983545,0.001207187568070367,0.0013743431307375433,0.0003684391876254934,42
Grocery,0.0024838070409499324,0.008835856802761555,-0.000984158969265921,-0.00928394217044115,-0.0044516262132674456,-0.003030769294127822,-0.0012442092411220074,0.0010135904303751886,0.00298404332716018,0.0028162491152247727,0.004360874183475971,0.004360874183475971,0.004360874183475971,0.004360874183475971,0.004360874183475971,0.004360874183475971,0.004360874183475971,0.004360874183475971,0.004360874183475971,0.0,,,,,,,,,,,,,,,,,,,,,0.11777395745583338,0.1267581582069397,0.11777395745583338,0.10843953490257263,0.11393406540155411,0.11563753895461559,0.11758552491664886,0.11990309320390224,0.12192789688706399,0.0030122536240714914,0.13100901246070862,0.13100901246070862,0.13100901246070862,0.13100901246070862,0.13100901246070862,0.13100901246070862,0.13100901246070862,0.13100901246070862,0.13100901246070862,0.0,1,visual,0.0,0.01832314632105139,-0.018215907737612724,-0.01832314632105139,-0.018393106758594513,-0.018377111293375492,-0.01837106980383396,-0.01834132708609104,-0.01827442366629839,-0.01824046839028597,5.21557373577028e-05,0.0017113807274065545,0.0028473183047026396,0.0017113807274065545,1.3860400827070407e-07,0.0007269392954185605,0.0011591180227696896,0.0017375923926010728,0.00232722150394693,0.002649464597925544,0.0007102786620425843,42
Grocery,0.0335561851214295,0.03496465086936951,0.0335561851214295,0.024822484701871872,0.03171786367893219,0.03287010360509157,0.033970071002840996,0.03455677628517151,0.03480363264679909,0.0012999901142114782,0.026815181598067284,0.026815181598067284,0.026815181598067284,0.026815181598067284,0.026815181598067284,0.026815181598067284,0.026815181598067284,0.026815181598067284,0.026815181598067284,0.0,,,,,,,,,,,,,,,,,,,,,0.7804164995846374,0.785338819026947,0.7804164995846374,0.7690039873123169,0.777525681257248,0.7790455967187881,0.780571460723877,0.7820874452590942,0.7831831634044647,0.002250473280558086,0.7424635291099548,0.7424635291099548,0.7424635291099548,0.7424635291099548,0.7424635291099548,0.7424635291099548,0.7424635291099548,0.7424635291099548,0.7424635291099548,0.0,2,visual,0.0,0.018320707559561136,-0.018223732709884644,-0.018320707559561136,-0.018383389338850975,-0.018374186754226685,-0.018368719145655632,-0.01833883672952652,-0.01827211957424879,-0.018238328211009503,5.160650750116551e-05,0.004097683478350653,-3.318696428777912e-07,-0.004097683478350653,-0.006817541550844908,-0.006343806069344282,-0.0055722357938066125,-0.004160444252192974,-0.002775360713712871,-0.0017405636725015938,0.001700671914138043,42
Grocery,0.012750515921563486,0.013656102120876312,0.012750515921563486,0.008411229588091373,0.011629128083586692,0.012288955738767982,0.012978100683540106,0.013347474159672856,0.01351560140028596,0.0007535803817838842,0.022465934976935387,0.022465934976935387,0.022465934976935387,0.022465934976935387,0.022465934976935387,0.022465934976935387,0.022465934976935387,0.022465934976935387,0.022465934976935387,0.0,,,,,,,,,,,,,,,,,,,,,0.03497716937959456,0.036749303340911865,0.03497716937959456,0.0310963187366724,0.0336523350328207,0.0343859838321805,0.035093847662210464,0.035684263333678246,0.036116857454180716,0.0009305194061966667,0.016596266999840736,0.016596266999840736,0.016596266999840736,0.016596266999840736,0.016596266999840736,0.016596266999840736,0.016596266999840736,0.016596266999840736,0.016596266999840736,0.0,3,visual,0.0,0.018334115762230808,-0.018236175179481506,-0.018334115762230808,-0.018399229273200035,-0.018387206085026263,-0.01838168641552329,-0.018352307379245758,-0.018285795580595732,-0.0182526383548975,5.1172237968494584e-05,0.0014985672637830858,0.002493248786777258,0.0014985672637830858,1.2136833049680718e-07,0.0006365430308505893,0.0010149794397875667,0.0015215195016935468,0.0020378271001391113,0.002319998573511839,0.0006219541531338257,42
Grocery,0.04661252214975875,0.05546188727021217,0.04661252214975875,0.0011101108975708485,0.03566957414150238,0.04335625842213631,0.04918677918612957,0.05221475660800934,0.05358858034014702,0.007694322035923749,0.03233001381158829,0.03233001381158829,0.03233001381158829,0.03233001381158829,0.03233001381158829,0.03233001381158829,0.03233001381158829,0.03233001381158829,0.03233001381158829,0.0,1.4561695167174087,1.5243786573410034,1.4561695167174087,1.4159016609191895,1.4418024897575379,1.4490650296211243,1.4567133784294128,1.463254600763321,1.468919277191162,0.01119728468022675,1.4561695167174087,1.5243786573410034,1.4561695167174087,1.4159016609191895,1.4418024897575379,1.4490650296211243,1.4567133784294128,1.463254600763321,1.468919277191162,0.01119728468022675,0.3035171601030689,0.3122497797012329,0.3035171601030689,0.25931692123413086,0.2934995204210281,0.3006587103009224,0.30592741072177887,0.3086419031023979,0.30993728935718534,0.007187652987984077,0.13437744975090027,0.13437744975090027,0.13437744975090027,0.13437744975090027,0.13437744975090027,0.13437744975090027,0.13437744975090027,0.13437744975090027,0.13437744975090027,0.0,0,text,0.0,0.08874127896247556,0.08964892476797104,0.08874127896247556,0.08813554048538208,0.0883163757622242,0.08836809173226357,0.08854765072464943,0.08912028931081295,0.08947385773062706,0.00043993010470480136,0.0014559028178077512,0.0020215841941535473,0.0014559028178077512,6.638165928052331e-07,0.0007901763310655951,0.0011367433471605182,0.0015391189372166991,0.0018718494393397123,0.0019937356701120734,0.0004697865712158654,43
Grocery,0.007485544807627261,0.029590005055069923,0.005366734737481041,-0.007526176981627941,-0.004534527659416199,-0.0013322323793545365,0.004409845918416977,0.011452371021732688,0.01673955898731947,0.007934740225758588,0.009652836248278618,0.009652836248278618,0.009652836248278618,0.009652836248278618,0.009652836248278618,0.009652836248278618,0.009652836248278618,0.009652836248278618,0.009652836248278618,0.0,,,,,,,,,,,,,,,,,,,,,0.11846877926064066,0.14354993402957916,0.11846877926064066,0.1042255088686943,0.1084978923201561,0.1118595264852047,0.11765053495764732,0.12457807548344135,0.12965807914733887,0.007906713712797376,0.13551928102970123,0.13551928102970123,0.13551928102970123,0.13551928102970123,0.13551928102970123,0.13551928102970123,0.13551928102970123,0.13551928102970123,0.13551928102970123,0.0,1,text,0.0,0.029138817884446,-0.028867656365036964,-0.029138817884446,-0.02955387905240059,-0.029408652894198896,-0.029279413633048534,-0.02907129842787981,-0.029001218266785145,-0.028972303867340087,0.00016534708039608263,0.0029312566793852734,-1.3365017821342917e-06,-0.0029312566793852734,-0.004070177208632231,-0.004014108097180724,-0.003768706927075982,-0.0030988006619736552,-0.002288673655129969,-0.001590909471269697,0.0009458495492033378,43
Grocery,0.05307942230040154,-0.024442536756396294,-0.05307942230040154,-0.05929650366306305,-0.05832553468644619,-0.05710809398442507,-0.05471721850335598,-0.05070415511727333,-0.04541288875043392,0.005485030908484769,0.03436234965920448,-0.03436234965920448,-0.03436234965920448,-0.03436234965920448,-0.03436234965920448,-0.03436234965920448,-0.03436234965920448,-0.03436234965920448,-0.03436234965920448,0.0,,,,,,,,,,,,,,,,,,,,,0.6231888572051484,0.6508913040161133,0.6231888572051484,0.6159601807594299,0.6180825173854828,0.6193183958530426,0.6215932071208954,0.6255034953355789,0.6306854009628295,0.005334255947057515,0.7417237162590027,0.7417237162590027,0.7417237162590027,0.7417237162590027,0.7417237162590027,0.7417237162590027,0.7417237162590027,0.7417237162590027,0.7417237162590027,0.0,2,text,0.0,0.02917619640928574,-0.02890969067811966,-0.02917619640928574,-0.029512178152799606,-0.02944587878882885,-0.029316024854779243,-0.029105158522725105,-0.029039211571216583,-0.02901935875415802,0.00016275313289475463,0.0019168641455223692,-8.739911550037505e-07,-0.0019168641455223692,-0.002661649137735367,-0.0026249830843880773,-0.0024645058438181877,-0.0020264277700334787,-0.0014966538874432445,-0.0010403583524748682,0.0006185282581832013,43
Grocery,0.060097416855536226,-0.018968917429447174,-0.060097416855536226,-0.07180402427911758,-0.06984376683831214,-0.06726592779159546,-0.06223355792462826,-0.055186391808092594,-0.046907070279121395,0.009120492606283882,0.03273483365774155,-0.03273483365774155,-0.03273483365774155,-0.03273483365774155,-0.03273483365774155,-0.03273483365774155,-0.03273483365774155,-0.03273483365774155,-0.03273483365774155,0.0,,,,,,,,,,,,,,,,,,,,,0.1017477815525463,-0.05951990932226181,-0.1017477815525463,-0.11546549201011658,-0.11179878190159798,-0.1090929489582777,-0.10388356447219849,-0.09666511788964272,-0.08831985667347908,0.009360902496185762,0.018118515610694885,0.018118515610694885,0.018118515610694885,0.018118515610694885,0.018118515610694885,0.018118515610694885,0.018118515610694885,0.018118515610694885,0.018118515610694885,0.0,3,text,1.0,0.030426264679107605,-0.03021656535565853,-0.030426264679107605,-0.030676135793328285,-0.030615579336881638,-0.030526599381119013,-0.030377465300261974,-0.03033132804557681,-0.03031160607933998,0.00011522902762744454,0.0033922180070330666,0.00471024215221405,0.0033922180070330666,1.546676344332809e-06,0.0018410915741696953,0.0026485841954126954,0.003586109378375113,0.004361363360658288,0.004645355278626084,0.001094591235692071,43
Grocery,0.021469459095832477,0.0038578747771680355,-0.021464623122076244,-0.0267343707382679,-0.025301033072173594,-0.024441351648420095,-0.022832777351140976,-0.020116095431149006,-0.015448359306901692,0.004357060033637417,0.019569404423236847,-0.019569404423236847,-0.019569404423236847,-0.019569404423236847,-0.019569404423236847,-0.019569404423236847,-0.019569404423236847,-0.019569404423236847,-0.019569404423236847,0.0,1.6281358317174328,1.6473462581634521,1.6281358317174328,1.592085361480713,1.6202834367752075,1.6255994141101837,1.6294685006141663,1.63210991024971,1.6341392040252685,0.006174212604901497,1.6281358317174328,1.6473462581634521,1.6281358317174328,1.592085361480713,1.6202834367752075,1.6255994141101837,1.6294685006141663,1.63210991024971,1.6341392040252685,0.006174212604901497,0.15506888397410643,0.17981672286987305,0.15506888397410643,0.1435352861881256,0.15164413899183274,0.1526937633752823,0.15399817377328873,0.15632453933358192,0.16006388813257216,0.003998001979213572,0.13437744975090027,0.13437744975090027,0.13437744975090027,0.13437744975090027,0.13437744975090027,0.13437744975090027,0.13437744975090027,0.13437744975090027,0.13437744975090027,0.0,0,visual,0.0,0.05395107842825595,0.0541786253452301,0.05395107842825595,0.053748968988657,0.05376533791422844,0.05380174983292818,0.05394282750785351,0.05410060938447714,0.05414974465966225,0.00014656665749579315,0.007774383419903803,0.009345784783363342,0.007774383419903803,4.473216540645808e-05,0.005067473137751222,0.007032851572148502,0.008458114229142666,0.0091345205437392,0.00932441335171461,0.0018019125985720722,43
Grocery,0.002223505987142428,0.009304804727435112,-0.000612223145928502,-0.012172728776931763,-0.004273781133815646,-0.002390570123679936,-0.0004122932441532612,0.001253102847840637,0.0027762409998103982,0.0027876420826970774,0.005535618867725134,0.005535618867725134,0.005535618867725134,0.005535618867725134,0.005535618867725134,0.005535618867725134,0.005535618867725134,0.005535618867725134,0.005535618867725134,0.0,,,,,,,,,,,,,,,,,,,,,0.11954277201952875,0.12930718064308167,0.11954277201952875,0.10799365490674973,0.11573550626635551,0.11764833144843578,0.1196558065712452,0.12146236933767796,0.12321006283164024,0.002932764092511675,0.13551928102970123,0.13551928102970123,0.13551928102970123,0.13551928102970123,0.13551928102970123,0.13551928102970123,0.13551928102970123,0.13551928102970123,0.13551928102970123,0.0,1,visual,0.0,0.017982813974767593,-0.01790793612599373,-0.017982813974767593,-0.018063053488731384,-0.018049198016524316,-0.018032818101346493,-0.01798035390675068,-0.017932870890945196,-0.017920774035155775,4.91056612475446e-05,0.002917089400155992,-1.67843190865824e-05,-0.002917089400155992,-0.0035067074932157993,-0.0034986887127161025,-0.0034274373902007937,-0.0031736374367028475,-0.0026388532132841647,-0.0019014076679013665,0.0006761102276583252,43
Grocery,0.022986573036125172,0.024218911305069923,0.022986573036125172,0.016045864671468735,0.021533631905913352,0.02240966074168682,0.023275324143469334,0.023786338977515697,0.024028925597667693,0.0010325003670280182,0.021839244291186333,0.021839244291186333,0.021839244291186333,0.021839244291186333,0.021839244291186333,0.021839244291186333,0.021839244291186333,0.021839244291186333,0.021839244291186333,0.0,,,,,,,,,,,,,,,,,,,,,0.764906654250249,0.7694674730300903,0.764906654250249,0.7571643590927124,0.7631361842155456,0.7641464620828629,0.7650347650051117,0.7656977623701096,0.7665152847766876,0.0013637965668734677,0.7417237162590027,0.7417237162590027,0.7417237162590027,0.7417237162590027,0.7417237162590027,0.7417237162590027,0.7417237162590027,0.7417237162590027,0.7417237162590027,0.0,2,visual,0.0,0.017991301507504803,-0.0179242342710495,-0.017991301507504803,-0.018069744110107422,-0.01805730685591698,-0.01804095646366477,-0.017988423816859722,-0.017941745929419994,-0.017929848842322828,4.86421382783867e-05,0.0036515947818393305,-2.1010508135077544e-05,-0.0036515947818393305,-0.004389674868434668,-0.004379637353122234,-0.004290445242077112,-0.0039727401454001665,-0.0033033002982847393,-0.002380170463584363,0.0008463506744631227,43
Grocery,0.013238608285774249,0.014812855049967766,0.013238608285774249,0.008404253050684929,0.011814692709594964,0.01265535713173449,0.013548872899264097,0.01399742066860199,0.014158777240663768,0.0009379655552798197,0.01924450322985649,0.01924450322985649,0.01924450322985649,0.01924450322985649,0.01924450322985649,0.01924450322985649,0.01924450322985649,0.01924450322985649,0.01924450322985649,0.0,,,,,,,,,,,,,,,,,,,,,0.03141896516864464,0.03346112743020058,0.03141896516864464,0.02627645991742611,0.029949758388102054,0.030853948555886745,0.03171137906610966,0.032139561139047146,0.0323957983404398,0.0009804377218314989,0.018118515610694885,0.018118515610694885,0.018118515610694885,0.018118515610694885,0.018118515610694885,0.018118515610694885,0.018118515610694885,0.018118515610694885,0.018118515610694885,0.0,3,visual,0.0,0.017976962970529364,-0.01790791191160679,-0.017976962970529364,-0.018057947978377342,-0.018043104000389575,-0.01802696194499731,-0.017974087968468666,-0.01792724058032036,-0.01791534125804901,4.88957447807786e-05,0.0012056989668418245,-6.937338184798136e-06,-0.0012056989668418245,-0.0014494014903903008,-0.0014460871228948236,-0.001416637300280854,-0.0013117360649630427,-0.0010906976531259716,-0.0007858947559725492,0.00027945163494480854,43
Grocery,0.02943345268624713,0.03195060044527054,0.02943345268624713,0.021689917892217636,0.02736213430762291,0.02870640903711319,0.02977749053388834,0.03050352493301034,0.030961654894053937,0.0014714958932340698,0.0326649434864521,0.0326649434864521,0.0326649434864521,0.0326649434864521,0.0326649434864521,0.0326649434864521,0.0326649434864521,0.0326649434864521,0.0326649434864521,0.0,1.5002141729637821,1.522258996963501,1.5002141729637821,1.4672435522079468,1.48980313539505,1.4956775903701782,1.5016193389892578,1.5055619180202484,1.508869457244873,0.007730302745630783,1.5002141729637821,1.522258996963501,1.5002141729637821,1.4672435522079468,1.48980313539505,1.4956775903701782,1.5016193389892578,1.5055619180202484,1.508869457244873,0.007730302745630783,0.2954463422720838,0.30012625455856323,0.2954463422720838,0.28043970465660095,0.2909962356090546,0.2935643866658211,0.2961896061897278,0.2978603169322014,0.29878770709037783,0.00307946355430121,0.13506828248500824,0.13506828248500824,0.13506828248500824,0.13506828248500824,0.13506828248500824,0.13506828248500824,0.13506828248500824,0.13506828248500824,0.13506828248500824,0.0,0,text,0.0,0.08879240417757651,0.08900274336338043,0.08879240417757651,0.08861058205366135,0.08873501867055893,0.08876057341694832,0.08879003673791885,0.08881850913167,0.08885267674922943,4.799280825821436e-05,0.009487263294151492,0.011873201467096806,0.009487263294151492,1.5222624369926052e-06,0.005702462093904614,0.008145753992721438,0.010351123288273811,0.01157876756042242,0.01184133132919669,0.002528143331492136,44
Grocery,0.010926592369844572,-0.00550950039178133,-0.010926592369844572,-0.012291999533772469,-0.012020276580005883,-0.011707064462825656,-0.011170085053890944,-0.010377006605267525,-0.009477558452636002,0.0010255308127797742,0.005168380681425333,-0.005168380681425333,-0.005168380681425333,-0.005168380681425333,-0.005168380681425333,-0.005168380681425333,-0.005168380681425333,-0.005168380681425333,-0.005168380681425333,0.0,,,,,,,,,,,,,,,,,,,,,0.08785218937821923,0.09357744455337524,0.08785218937821923,0.08568455278873444,0.08641989380121232,0.0868853759020567,0.08763566240668297,0.08860454335808754,0.08958993032574654,0.0012452630873152144,0.13655142486095428,0.13655142486095428,0.13655142486095428,0.13655142486095428,0.13655142486095428,0.13655142486095428,0.13655142486095428,0.13655142486095428,0.13655142486095428,0.0,1,text,0.0,0.029286146688457113,-0.029178936034440994,-0.029286146688457113,-0.029411589726805687,-0.02931988928467035,-0.029303470626473427,-0.029286736622452736,-0.029268127866089344,-0.029250751435756683,2.763842847999689e-05,0.0033181180649844155,-5.324029075381986e-07,-0.0033181180649844155,-0.004152586683630943,-0.004141440475359559,-0.004049609997309744,-0.0036202481715008616,-0.00284893240313977,-0.001994404685683548,0.0008842042009621035,44
Grocery,0.03599419520629612,-0.021880287677049637,-0.03599419520629612,-0.040864281356334686,-0.03964402936398983,-0.038527343422174454,-0.036606015637516975,-0.034004597924649715,-0.031404999643564226,0.0032075211209893653,0.02212953381240368,-0.02212953381240368,-0.02212953381240368,-0.02212953381240368,-0.02212953381240368,-0.02212953381240368,-0.02212953381240368,-0.02212953381240368,-0.02212953381240368,0.0,,,,,,,,,,,,,,,,,,,,,0.651742195774468,0.6684606075286865,0.651742195774468,0.645937442779541,0.6477922260761261,0.649093821644783,0.6511092483997345,0.6538033187389374,0.6566897094249725,0.0034370373962347143,0.7431995868682861,0.7431995868682861,0.7431995868682861,0.7431995868682861,0.7431995868682861,0.7431995868682861,0.7431995868682861,0.7431995868682861,0.7431995868682861,0.0,2,text,0.0,0.029234680117177638,-0.029148723930120468,-0.029234680117177638,-0.029311353340744972,-0.029257740639150143,-0.029244964011013508,-0.029234619811177254,-0.02922328421846032,-0.029212014004588126,1.909289804331245e-05,0.0040989802610461226,-6.576947839675995e-07,-0.0040989802610461226,-0.005129826720803976,-0.005116057442501187,-0.005002616322599351,-0.004472211468964815,-0.0035193798830732703,-0.002463753707706928,0.0010922864996168048,44
Grocery,0.06179565790383049,-0.03302263841032982,-0.06179565790383049,-0.06963184475898743,-0.06844348460435867,-0.0669154766947031,-0.06358246505260468,-0.05821536295115948,-0.05258691236376762,0.006513156049136028,0.031198650598526,-0.031198650598526,-0.031198650598526,-0.031198650598526,-0.031198650598526,-0.031198650598526,-0.031198650598526,-0.031198650598526,-0.031198650598526,0.0,,,,,,,,,,,,,,,,,,,,,0.10765743941152432,-0.07939671725034714,-0.10765743941152432,-0.11600470542907715,-0.11442584544420242,-0.1128066461533308,-0.10942906141281128,-0.10407511331140995,-0.09837676286697387,0.006572196604230974,0.01767861098051071,0.01767861098051071,0.01767861098051071,0.01767861098051071,0.01767861098051071,0.01767861098051071,0.01767861098051071,0.01767861098051071,0.01767861098051071,0.0,3,text,1.0,0.03027157722652147,-0.030192652717232704,-0.03027157722652147,-0.030337881296873093,-0.030294099263846873,-0.03028275677934289,-0.030271591618657112,-0.030260704923421144,-0.030249415524303915,1.8255242235432167e-05,0.002070164639716364,-3.321646886433882e-07,-0.002070164639716364,-0.0025907873641699553,-0.002583833108656108,-0.0025265405420213938,-0.0022586628329008818,-0.0017774410371202976,-0.0012443034909665584,0.0005516525434099535,44
Grocery,0.0184471543881051,0.004010069649666548,-0.018445238513239755,-0.021830547600984573,-0.0209717009216547,-0.02046482777222991,-0.01949870865792036,-0.01796508627012372,-0.014320236071944237,0.0032913393223622674,0.01825699396431446,-0.01825699396431446,-0.01825699396431446,-0.01825699396431446,-0.01825699396431446,-0.01825699396431446,-0.01825699396431446,-0.01825699396431446,-0.01825699396431446,0.0,1.645623251643912,1.6563618183135986,1.645623251643912,1.6165950298309326,1.6402636885643005,1.6439951360225677,1.6464715600013733,1.6484605371952057,1.6500731706619263,0.004546395819781826,1.645623251643912,1.6563618183135986,1.645623251643912,1.6165950298309326,1.6402636885643005,1.6439951360225677,1.6464715600013733,1.6484605371952057,1.6500731706619263,0.004546395819781826,0.15327263862432217,0.17621606588363647,0.15327263862432217,0.14863525331020355,0.15093034356832505,0.15159167349338531,0.15243373066186905,0.15373436734080315,0.15670218765735627,0.002974760906542391,0.13506828248500824,0.13506828248500824,0.13506828248500824,0.13506828248500824,0.13506828248500824,0.13506828248500824,0.13506828248500824,0.13506828248500824,0.13506828248500824,0.0,0,visual,0.0,0.0532911000652218,0.053449902683496475,0.0532911000652218,0.053023967891931534,0.053068685531616214,0.05316907726228237,0.05334106460213661,0.053415607661008835,0.05342988818883896,0.00013626391180435884,0.0016154866714746033,0.0026452522724866867,0.0016154866714746033,1.841817720560357e-06,0.0006100055121351034,0.0010234542714897543,0.001691788958851248,0.0022585467668250203,0.002517210436053574,0.0007116896049407406,44
Grocery,0.012782316120926483,0.026111388579010963,0.012781386073261234,-0.004369620233774185,0.007589289639145136,0.009953137254342437,0.012659865897148848,0.01545908092521131,0.018104622699320318,0.004079377179579084,0.013848794624209404,0.013848794624209404,0.013848794624209404,0.013848794624209404,0.013848794624209404,0.013848794624209404,0.013848794624209404,0.013848794624209404,0.013848794624209404,0.0,,,,,,,,,,,,,,,,,,,,,0.14642388756397082,0.15985116362571716,0.14642388756397082,0.12948796153068542,0.1410870745778084,0.1435963474214077,0.14634933322668076,0.1491447612643242,0.1518107295036316,0.004157740116863719,0.13655142486095428,0.13655142486095428,0.13655142486095428,0.13655142486095428,0.13655142486095428,0.13655142486095428,0.13655142486095428,0.13655142486095428,0.13655142486095428,0.0,1,visual,0.0,0.017770118152298783,-0.017671693116426468,-0.017770118152298783,-0.01782696694135666,-0.017816610634326935,-0.017811357509344816,-0.01778669934719801,-0.017729329876601696,-0.017695703729987144,4.567384190221265e-05,0.0010123982586504967,0.0016577349742874503,0.0010123982586504967,1.1542360880412161e-06,0.00038228016928769647,0.0006413815717678517,0.0010602155816741288,0.0014153932279441506,0.001577493327204138,0.00044600387541297767,44
Grocery,0.03126409578404267,0.03264470398426056,0.03126409578404267,0.022455010563135147,0.029485216550529002,0.030608619563281536,0.031645968556404114,0.03222902584820986,0.03247705586254597,0.0012530589870778188,0.027597328647971153,0.027597328647971153,0.027597328647971153,0.027597328647971153,0.027597328647971153,0.027597328647971153,0.027597328647971153,0.027597328647971153,0.027597328647971153,0.0,,,,,,,,,,,,,,,,,,,,,0.7801884681150479,0.785325825214386,0.7801884681150479,0.7704253196716309,0.7772875785827636,0.7787741422653198,0.7802073061466217,0.7818928807973862,0.7830854237079621,0.0022445205354995647,0.7431995868682861,0.7431995868682861,0.7431995868682861,0.7431995868682861,0.7431995868682861,0.7431995868682861,0.7431995868682861,0.7431995868682861,0.7431995868682861,0.0,2,visual,0.0,0.017786804154642687,-0.017698640003800392,-0.017786804154642687,-0.017840128391981125,-0.01783248782157898,-0.017827823758125305,-0.017803332768380642,-0.01774675352498889,-0.01771345976740122,4.487038258137987e-05,0.004085718446630205,-4.6581312744820025e-06,-0.004085718446630205,-0.006690092850476503,-0.006366263143718243,-0.005712078418582678,-0.004278694279491901,-0.0025884125498123467,-0.0015427615609951316,0.0017999302605331594,44
Grocery,0.026173547880554544,0.02756141498684883,0.026173547880554544,0.01867489516735077,0.024313406459987162,0.025429808534681797,0.026586715131998062,0.027178718242794275,0.027416954562067986,0.0012640807655798295,0.02430802211165428,0.02430802211165428,0.02430802211165428,0.02430802211165428,0.02430802211165428,0.02430802211165428,0.02430802211165428,0.02430802211165428,0.02430802211165428,0.0,,,,,,,,,,,,,,,,,,,,,0.05188383684487383,0.05413567274808884,0.05188383684487383,0.04459870234131813,0.04986608065664768,0.05102534778416157,0.05216165818274021,0.0529849911108613,0.05351153276860714,0.001424873210682643,0.01767861098051071,0.01767861098051071,0.01767861098051071,0.01767861098051071,0.01767861098051071,0.01767861098051071,0.01767861098051071,0.01767861098051071,0.01767861098051071,0.0,3,visual,0.0,0.017734177715625167,-0.017642736434936523,-0.017734177715625167,-0.017788803204894066,-0.017780851759016513,-0.01777593418955803,-0.017751066014170647,-0.017693253699690104,-0.017659297212958336,4.5827237061739725e-05,0.0014578335873673355,0.002387105720117688,0.0014578335873673355,1.6620773521935917e-06,0.0005504759261384607,0.0009235768229700625,0.0015266896225512028,0.0020381383365020156,0.002271559275686741,0.0006422368118984126,44
ele-fashion,0.05411745263517166,0.05540936067700386,0.05411745263517166,0.04608595371246338,0.05258920229971409,0.053615158423781395,0.054501522332429886,0.054869670420885086,0.055068887770175934,0.001057331885788103,0.03879773989319801,0.03879773989319801,0.03879773989319801,0.03879773989319801,0.03879773989319801,0.03879773989319801,0.03879773989319801,0.03879773989319801,0.03879773989319801,0.0,1.4403276547941686,1.4567371606826782,1.4403276547941686,1.4213310480117798,1.433872103691101,1.4367648363113403,1.440302550792694,1.443863958120346,1.44688880443573,0.004981321089555373,1.4403276547941686,1.4567371606826782,1.4403276547941686,1.4213310480117798,1.433872103691101,1.4367648363113403,1.440302550792694,1.443863958120346,1.44688880443573,0.004981321089555373,0.387815403293998,0.39662066102027893,0.387815403293998,0.37428566813468933,0.38241782784461975,0.3844217360019684,0.38753800094127655,0.3911134973168373,0.393791064620018,0.0041554196050960805,0.19318480789661407,0.19318480789661407,0.19318480789661407,0.19318480789661407,0.19318480789661407,0.19318480789661407,0.19318480789661407,0.19318480789661407,0.19318480789661407,0.0,0,text,0.0,0.09454049977421312,0.09504769742488861,0.09454049977421312,0.09390154480934143,0.09408632293343544,0.09418977051973343,0.09452471509575844,0.09491794556379318,0.09498638287186623,0.00035000315475332153,0.007174906901914217,0.014573762193322182,0.007174906901914217,0.0,0.0019221450784243643,0.003984198323450983,0.006979033583775163,0.010223540710285306,0.012821614276617765,0.0039071869399716725,42
ele-fashion,0.018264880224793834,0.021706467494368553,-0.016568821937077587,-0.05433012917637825,-0.03898502513766289,-0.029021678492426872,-0.01564396545290947,-0.002555335289798677,0.0031845191260799766,0.01595824670886417,0.03380955755710602,-0.03380955755710602,-0.03380955755710602,-0.03380955755710602,-0.03380955755710602,-0.03380955755710602,-0.03380955755710602,-0.03380955755710602,-0.03380955755710602,0.0,,,,,,,,,,,,,,,,,,,,,0.01689442789870313,0.05185679718852043,0.01225811042580171,-0.026670940220355988,-0.010246043559163809,-0.0003610032144933939,0.013113704975694418,0.02627047710120678,0.032227203249931335,0.016120707665681605,0.0952005609869957,0.0952005609869957,0.0952005609869957,0.0952005609869957,0.0952005609869957,0.0952005609869957,0.0952005609869957,0.0952005609869957,0.0952005609869957,0.0,1,text,0.25683775544166565,0.03121914211178987,-0.030903954058885574,-0.03121914211178987,-0.03146490454673767,-0.03137500584125519,-0.03135061636567116,-0.03121550753712654,-0.031096460297703743,-0.031056592240929604,0.00012449994529831765,0.0013449289533125517,-0.0,-0.0013449289533125517,-0.0027318368665874004,-0.002403398393653333,-0.0019163922406733036,-0.0013082127552479506,-0.0007468338735634461,-0.0003603041259339079,0.000732398192008848,42
ele-fashion,0.04933152871689449,-0.035730890929698944,-0.04933152871689449,-0.05229676142334938,-0.05165840871632099,-0.05092436820268631,-0.04989553056657314,-0.04857765510678291,-0.04600184224545956,0.0023598265534759202,0.038476258516311646,-0.038476258516311646,-0.038476258516311646,-0.038476258516311646,-0.038476258516311646,-0.038476258516311646,-0.038476258516311646,-0.038476258516311646,-0.038476258516311646,0.0,,,,,,,,,,,,,,,,,,,,,0.556521415486092,0.5717356204986572,0.556521415486092,0.5507481098175049,0.5531450510025024,0.5543456375598907,0.5560736060142517,0.5581201016902924,0.5605099201202393,0.002972997558125478,0.6783202290534973,0.6783202290534973,0.6783202290534973,0.6783202290534973,0.6783202290534973,0.6783202290534973,0.6783202290534973,0.6783202290534973,0.6783202290534973,0.0,2,text,0.0,0.03105114189518446,-0.030793242156505585,-0.03105114189518446,-0.03126581385731697,-0.03121868707239628,-0.031192449387162924,-0.03104404639452696,-0.030919949058443308,-0.03088252805173397,0.00013096960657044067,0.002939854682247251,-0.0,-0.002939854682247251,-0.005971470382064581,-0.005253543145954609,-0.004189005587249994,-0.0028595973271876574,-0.001632490020710975,-0.0007875819283071905,0.0016009353115294142,42
ele-fashion,0.046675414015389945,-0.03573696315288544,-0.046675414015389945,-0.04954987019300461,-0.048992108553647995,-0.04817531257867813,-0.04698028601706028,-0.04558283742517233,-0.0439751036465168,0.001996934539952196,0.03855600953102112,-0.03855600953102112,-0.03855600953102112,-0.03855600953102112,-0.03855600953102112,-0.03855600953102112,-0.03855600953102112,-0.03855600953102112,-0.03855600953102112,0.0,,,,,,,,,,,,,,,,,,,,,0.16318475356874168,-0.15123404562473297,-0.16318475356874168,-0.16886404156684875,-0.16617397964000702,-0.16503704711794853,-0.1634819209575653,-0.161653533577919,-0.15970881283283234,0.0025302077391280904,0.04279298707842827,-0.04279298707842827,-0.04279298707842827,-0.04279298707842827,-0.04279298707842827,-0.04279298707842827,-0.04279298707842827,-0.04279298707842827,-0.04279298707842827,0.0,3,text,1.0,0.03227021569303096,-0.032060638070106506,-0.03227021569303096,-0.03241552412509918,-0.032394248992204666,-0.032372694462537766,-0.03226383775472641,-0.032175205647945404,-0.032149193808436394,9.601047004831381e-05,0.0028901235149759253,-0.0,-0.0028901235149759253,-0.005870455875992775,-0.005164673086255789,-0.004118143464438617,-0.0028112238505855203,-0.0016048745310399681,-0.0007742590678390115,0.00157385357080607,42
ele-fashion,0.05581708323467528,0.05634722486138344,0.05581708323467528,0.05174468830227852,0.055430641397833824,0.055668619461357594,0.055871330201625824,0.05603310279548168,0.056140679866075516,0.0003032560189852332,0.045410361140966415,0.045410361140966415,0.045410361140966415,0.045410361140966415,0.045410361140966415,0.045410361140966415,0.045410361140966415,0.045410361140966415,0.045410361140966415,0.0,1.4300803049002386,1.447345495223999,1.4300803049002386,1.408822774887085,1.4224153757095337,1.4268648624420166,1.4304656982421875,1.4334015846252441,1.4368294477462769,0.005474596596724571,1.4300803049002386,1.447345495223999,1.4300803049002386,1.408822774887085,1.4224153757095337,1.4268648624420166,1.4304656982421875,1.4334015846252441,1.4368294477462769,0.005474596596724571,0.40818789106429293,0.41246742010116577,0.40818789106429293,0.39500927925109863,0.4021109342575073,0.4059588611125946,0.40972214937210083,0.4111211225390434,0.4118974655866623,0.0038669824584334654,0.19318480789661407,0.19318480789661407,0.19318480789661407,0.19318480789661407,0.19318480789661407,0.19318480789661407,0.19318480789661407,0.19318480789661407,0.19318480789661407,0.0,0,visual,0.0,0.10200172299655785,0.10277152806520462,0.10200172299655785,0.10138887166976929,0.10162544250488281,0.10164760798215866,0.10172664001584053,0.10251349024474621,0.10271593183279037,0.00044314680315555167,0.011773912040393426,0.01495182141661644,0.011773912040393426,0.0,0.005859174067154527,0.009685339871793985,0.013432293199002743,0.014786571962758899,0.014944217167794704,0.0037355237321759173,42
ele-fashion,0.02854940022723906,0.025554189458489418,-0.027981292188748497,-0.06424783915281296,-0.05000787973403931,-0.041694735176861286,-0.028987817466259003,-0.01463816687464714,-0.004924962064251304,0.01705022756341117,0.02419443055987358,-0.02419443055987358,-0.02419443055987358,-0.02419443055987358,-0.02419443055987358,-0.02419443055987358,-0.02419443055987358,-0.02419443055987358,-0.02419443055987358,0.0,,,,,,,,,,,,,,,,,,,,,0.015970873030120507,0.06374509632587433,0.009967674172564688,-0.02643280103802681,-0.012136179953813553,-0.0038191936328075826,0.008929051924496889,0.02337203361093998,0.03316222131252289,0.01712463983275,0.0952005609869957,0.0952005609869957,0.0952005609869957,0.0952005609869957,0.0952005609869957,0.0952005609869957,0.0952005609869957,0.0952005609869957,0.0952005609869957,0.0,1,visual,0.32630977034568787,0.03352544910449325,-0.03322203829884529,-0.03352544910449325,-0.033882591873407364,-0.03378299064934254,-0.03370845224708319,-0.033433832228183746,-0.03339656442403793,-0.03338264301419258,0.00016145680934954646,0.0004682813055302025,0.0005946755991317332,0.0004682813055302025,0.0,0.00023303568741539493,0.00038521298120031133,0.0005342397489584982,0.0005881031975150108,0.0005943732103332877,0.00014857219280408696,42
ele-fashion,0.06034410160841255,-0.04983421787619591,-0.06034410160841255,-0.061510685831308365,-0.06135297380387783,-0.06110323499888182,-0.060713429003953934,-0.06009855680167675,-0.05893709510564804,0.001258664226005369,0.05066489800810814,-0.05066489800810814,-0.05066489800810814,-0.05066489800810814,-0.05066489800810814,-0.05066489800810814,-0.05066489800810814,-0.05066489800810814,-0.05066489800810814,0.0,,,,,,,,,,,,,,,,,,,,,0.5276941047570657,0.5383167266845703,0.5276941047570657,0.5245540142059326,0.5254716575145721,0.5260195136070251,0.527140736579895,0.5289583653211594,0.5308522582054138,0.0021229243793047673,0.6783202290534973,0.6783202290534973,0.6783202290534973,0.6783202290534973,0.6783202290534973,0.6783202290534973,0.6783202290534973,0.6783202290534973,0.6783202290534973,0.0,2,visual,0.0,0.03335709678868363,-0.033068712800741196,-0.03335709678868363,-0.03370744362473488,-0.03363436087965965,-0.033553702756762505,-0.033252641558647156,-0.03322113677859306,-0.03320834040641785,0.00017195866950184746,0.006260024134363369,-0.0,-0.006260024134363369,-0.00794967357069254,-0.007945630699396133,-0.007861813763156533,-0.007141762180253863,-0.005149559699930251,-0.003115240717306733,0.001986125651374411,42
ele-fashion,0.05359905030568239,-0.04828382655978203,-0.05359905030568239,-0.05443643778562546,-0.05437340959906578,-0.0541968597099185,-0.0538061186671257,-0.053232756443321705,-0.052532367408275604,0.0007764314941118946,0.047104451805353165,-0.047104451805353165,-0.047104451805353165,-0.047104451805353165,-0.047104451805353165,-0.047104451805353165,-0.047104451805353165,-0.047104451805353165,-0.047104451805353165,0.0,,,,,,,,,,,,,,,,,,,,,0.18459783485342748,-0.17436133325099945,-0.18459783485342748,-0.18724602460861206,-0.18677759170532227,-0.1861983984708786,-0.18514975160360336,-0.1834191307425499,-0.1815194934606552,0.0020591752798592836,0.04279298707842827,-0.04279298707842827,-0.04279298707842827,-0.04279298707842827,-0.04279298707842827,-0.04279298707842827,-0.04279298707842827,-0.04279298707842827,-0.04279298707842827,0.0,3,visual,1.0,0.035119177122280625,-0.034897465258836746,-0.035119177122280625,-0.035323914140462875,-0.03530197963118553,-0.03524363413453102,-0.03505394794046879,-0.03503342345356941,-0.035017866641283035,0.00011261528951537004,0.005982168613192109,-0.0,-0.005982168613192109,-0.007596821989864111,-0.007592958863824606,-0.0075128612807020545,-0.0068247702438384295,-0.004920993000268936,-0.002976968651637435,0.0018979700836967714,42
ele-fashion,0.05922832538875238,0.06000570207834244,0.05922832538875238,0.05330614000558853,0.05868765152990818,0.05902490485459566,0.059310272336006165,0.05953119229525328,0.059700069949030876,0.00045092024664953543,0.0406380333006382,0.0406380333006382,0.0406380333006382,0.0406380333006382,0.0406380333006382,0.0406380333006382,0.0406380333006382,0.0406380333006382,0.0406380333006382,0.0,1.4390431180368641,1.463844895362854,1.4390431180368641,1.4178937673568726,1.4280266761779785,1.4325383603572845,1.4391992092132568,1.445431888103485,1.4495792984962463,0.008066160683354282,1.4390431180368641,1.463844895362854,1.4390431180368641,1.4178937673568726,1.4280266761779785,1.4325383603572845,1.4391992092132568,1.445431888103485,1.4495792984962463,0.008066160683354282,0.40367665385763674,0.4083307087421417,0.40367665385763674,0.3912174701690674,0.39799898862838745,0.40123625099658966,0.4048846811056137,0.40680714696645737,0.4073472172021866,0.003688551001257878,0.19629371166229248,0.19629371166229248,0.19629371166229248,0.19629371166229248,0.19629371166229248,0.19629371166229248,0.19629371166229248,0.19629371166229248,0.19629371166229248,0.0,0,text,0.0,0.09699824881986391,0.09752500802278519,0.09699824881986391,0.09635269641876221,0.0965350791811943,0.09669984132051468,0.0970229022204876,0.0972982905805111,0.09741710126399994,0.00032334731274061274,0.010518338431294051,0.014158559031784534,0.010518338431294051,0.0,0.004870277596637607,0.008098813239485025,0.011786881368607283,0.013701342977583408,0.014099348336458206,0.00365609028079283,43
ele-fashion,0.03275829965723613,0.08065205067396164,-0.010937391114362642,-0.08066666126251221,-0.059869326651096344,-0.04118288401514292,-0.013257496990263462,0.01814749976620078,0.04313329979777336,0.037067721700123145,0.04659939557313919,-0.04659939557313919,-0.04659939557313919,-0.04659939557313919,-0.04659939557313919,-0.04659939557313919,-0.04659939557313919,-0.04659939557313919,-0.04659939557313919,0.0,,,,,,,,,,,,,,,,,,,,,0.03143548571521316,0.08668112009763718,-0.004803325037767824,-0.07463551312685013,-0.05365377850830555,-0.03503179643303156,-0.007106390781700611,0.024260468780994415,0.04916461743414402,0.03701292443497681,0.08468703180551529,0.08468703180551529,0.08468703180551529,0.08468703180551529,0.08468703180551529,0.08468703180551529,0.08468703180551529,0.08468703180551529,0.08468703180551529,0.0,1,text,0.574985146522522,0.032054569718072995,-0.03175915405154228,-0.032054569718072995,-0.0322977714240551,-0.032202329486608505,-0.03216017410159111,-0.03206281363964081,-0.03194962348788977,-0.031891319900751114,0.00011522617156505743,0.0001009995557055164,0.00013595381460618228,0.0001009995557055164,0.0,4.6765548177063465e-05,7.776670645398553e-05,0.00011318040560581721,0.00013156351997167803,0.00013538525672629476,3.510663765302185e-05,43
ele-fashion,0.05486543413484912,-0.04527193307876587,-0.05486543413484912,-0.05765502527356148,-0.057015396654605865,-0.05626922659575939,-0.055096618831157684,-0.05382555164396763,-0.05241289176046848,0.001831733732819268,0.0426185168325901,-0.0426185168325901,-0.0426185168325901,-0.0426185168325901,-0.0426185168325901,-0.0426185168325901,-0.0426185168325901,-0.0426185168325901,-0.0426185168325901,0.0,,,,,,,,,,,,,,,,,,,,,0.5350689597085975,0.5485499501228333,0.5350689597085975,0.5303395390510559,0.5321063995361328,0.5331756621599197,0.534622073173523,0.5365466326475143,0.5387101769447327,0.0025721545663321436,0.6693714261054993,0.6693714261054993,0.6693714261054993,0.6693714261054993,0.6693714261054993,0.6693714261054993,0.6693714261054993,0.6693714261054993,0.6693714261054993,0.0,2,text,0.0,0.03173193523535206,-0.03146109730005264,-0.03173193523535206,-0.03194063901901245,-0.03189324401319027,-0.0318470923230052,-0.03174131363630295,-0.03161731082946062,-0.03155415132641792,0.0001245052186355797,0.005086583669246289,-0.0,-0.005086583669246289,-0.006846965290606022,-0.006818331079557538,-0.0066258590668439865,-0.005700040841475129,-0.003916521091014147,-0.002355226897634566,0.0017680557838406106,43
ele-fashion,0.055491399294382675,-0.04058533534407616,-0.055491399294382675,-0.05887050926685333,-0.05830109678208828,-0.05736717954277992,-0.055714718997478485,-0.05400342494249344,-0.05240742303431034,0.0022959747348867336,0.04348320513963699,-0.04348320513963699,-0.04348320513963699,-0.04348320513963699,-0.04348320513963699,-0.04348320513963699,-0.04348320513963699,-0.04348320513963699,-0.04348320513963699,0.0,,,,,,,,,,,,,,,,,,,,,0.18860397610894236,-0.17324180901050568,-0.18860397610894236,-0.19402574002742767,-0.19215838611125946,-0.19076740369200706,-0.18898771703243256,-0.18684934824705124,-0.18455098569393158,0.0029349952733189765,0.05088487267494202,-0.05088487267494202,-0.05088487267494202,-0.05088487267494202,-0.05088487267494202,-0.05088487267494202,-0.05088487267494202,-0.05088487267494202,-0.05088487267494202,0.0,3,text,1.0,0.03321174382448618,-0.03300806134939194,-0.03321174382448618,-0.03335738927125931,-0.03332208842039108,-0.033290243707597256,-0.03321797028183937,-0.03313338477164507,-0.03309112973511219,8.524626117986816e-05,0.005532755059041657,-0.0,-0.005532755059041657,-0.007447549141943455,-0.007416403386741877,-0.0072070484748110175,-0.00620002206414938,-0.004260059678927064,-0.002561816480010748,0.0019231413899711575,43
ele-fashion,0.06895977672409487,0.06935428082942963,0.06895977672409487,0.06666786968708038,0.06868210807442665,0.06886646337807178,0.06900908425450325,0.06911010295152664,0.0691797323524952,0.00022325964781989746,0.05595439299941063,0.05595439299941063,0.05595439299941063,0.05595439299941063,0.05595439299941063,0.05595439299941063,0.05595439299941063,0.05595439299941063,0.05595439299941063,0.0,1.4195085836835182,1.4437388181686401,1.4195085836835182,1.270946979522705,1.4090951681137085,1.4152674078941345,1.4215141534805298,1.427050143480301,1.4318069219589233,0.014438099717588465,1.4195085836835182,1.4437388181686401,1.4195085836835182,1.270946979522705,1.4090951681137085,1.4152674078941345,1.4215141534805298,1.427050143480301,1.4318069219589233,0.014438099717588465,0.4420213476608348,0.44603121280670166,0.4420213476608348,0.42992693185806274,0.4364944249391556,0.4400216042995453,0.44369710981845856,0.44437380880117416,0.44533778727054596,0.0035216171324335475,0.19629371166229248,0.19629371166229248,0.19629371166229248,0.19629371166229248,0.19629371166229248,0.19629371166229248,0.19629371166229248,0.19629371166229248,0.19629371166229248,0.0,0,visual,0.0,0.10969137595390514,0.11066469550132751,0.10969137595390514,0.1087665855884552,0.10902071744203568,0.10904477722942829,0.10941451042890549,0.1104876697063446,0.11059257388114929,0.0006599420660680168,0.011122086752171514,0.013959266245365143,0.011122086752171514,0.0,0.005616203881800175,0.00913851149380207,0.01283246697857976,0.013854876160621643,0.013954316265881062,0.003486166484408455,43
ele-fashion,0.025321915072871553,0.08056458830833435,-0.006927182345097423,-0.08164438605308533,-0.048062218353152275,-0.03036136832088232,-0.005543551174923778,0.014827010221779346,0.033843955025076866,0.030154875303028246,0.025552771985530853,-0.025552771985530853,-0.025552771985530853,-0.025552771985530853,-0.025552771985530853,-0.025552771985530853,-0.025552771985530853,-0.025552771985530853,-0.025552771985530853,0.0,,,,,,,,,,,,,,,,,,,,,0.029674179732935287,0.10547742247581482,0.01944266394552026,-0.055428069084882736,-0.021616113372147083,-0.004161028889939189,0.020822144113481045,0.041286319494247437,0.06054878421127796,0.030179329811223416,0.08468703180551529,0.08468703180551529,0.08468703180551529,0.08468703180551529,0.08468703180551529,0.08468703180551529,0.08468703180551529,0.08468703180551529,0.08468703180551529,0.0,1,visual,0.2870323061943054,0.03593633763980298,-0.03549656644463539,-0.03593633763980298,-0.036400772631168365,-0.03627176396548748,-0.03622755408287048,-0.0358380526304245,-0.03570040129125118,-0.03567953407764435,0.0002466996830142784,0.0031719241039224835,0.003981063142418861,0.0031719241039224835,0.0,0.0016016933950595558,0.002606225199997425,0.003659709938801825,0.003951292484998703,0.003979651723057032,0.0009942248922907386,43
ele-fashion,0.07847636022459997,-0.05566352233290672,-0.07847636022459997,-0.08068481087684631,-0.08039246872067451,-0.07999366894364357,-0.07923498004674911,-0.07782858610153198,-0.07558621093630791,0.002346022682834365,0.06687819212675095,-0.06687819212675095,-0.06687819212675095,-0.06687819212675095,-0.06687819212675095,-0.06687819212675095,-0.06687819212675095,-0.06687819212675095,-0.06687819212675095,0.0,,,,,,,,,,,,,,,,,,,,,0.48172275014630905,0.5055906772613525,0.48172275014630905,0.4775161147117615,0.4786131829023361,0.4792266860604286,0.480992391705513,0.4834543243050575,0.48602232336997986,0.003040239213547924,0.6693714261054993,0.6693714261054993,0.6693714261054993,0.6693714261054993,0.6693714261054993,0.6693714261054993,0.6693714261054993,0.6693714261054993,0.6693714261054993,0.0,2,visual,0.0,0.03577663350803171,-0.03539662808179855,-0.03577663350803171,-0.03622014820575714,-0.0361325703561306,-0.03609044849872589,-0.035667676478624344,-0.035524655133485794,-0.03551127947866917,0.00026028884535981406,0.006517482496122279,-0.0,-0.006517482496122279,-0.008180053904652596,-0.008177153766155243,-0.008118882775306702,-0.007519755978137255,-0.005355117842555046,-0.0032910649897530675,0.0020428746466170473,43
ele-fashion,0.06889919166413716,0.03625141456723213,-0.06879245993991029,-0.0746762752532959,-0.07416687533259392,-0.07339346408843994,-0.07145772501826286,-0.06770935468375683,-0.06289083883166313,0.00988455952640686,0.06250142306089401,-0.06250142306089401,-0.06250142306089401,-0.06250142306089401,-0.06250142306089401,-0.06250142306089401,-0.06250142306089401,-0.06250142306089401,-0.06250142306089401,0.0,,,,,,,,,,,,,,,,,,,,,0.22793368819788645,-0.12423642724752426,-0.22793368819788645,-0.23600372672080994,-0.23476025462150574,-0.23353799059987068,-0.2301422879099846,-0.22576675564050674,-0.22122003138065338,0.010212091035800218,0.05088487267494202,-0.05088487267494202,-0.05088487267494202,-0.05088487267494202,-0.05088487267494202,-0.05088487267494202,-0.05088487267494202,-0.05088487267494202,-0.05088487267494202,0.0,3,visual,1.0,0.03797840480016431,-0.03772902861237526,-0.03797840480016431,-0.03821819648146629,-0.03819344751536846,-0.03816048242151737,-0.03791274502873421,-0.037834532558918,-0.037818701937794685,0.00015525973285092568,0.0077765276727023306,-0.0,-0.0077765276727023306,-0.009760274551808834,-0.009756813757121563,-0.00968728493899107,-0.00897242035716772,-0.006389617919921875,-0.003926831763237715,0.00243751651612379,43
ele-fashion,0.05987035779118717,0.06050000712275505,0.05987035779118717,0.05635756254196167,0.05941743403673172,0.059680054895579815,0.059925634413957596,0.060131313279271126,0.060261813923716545,0.00034930096035515465,0.04548003524541855,0.04548003524541855,0.04548003524541855,0.04548003524541855,0.04548003524541855,0.04548003524541855,0.04548003524541855,0.04548003524541855,0.04548003524541855,0.0,1.4306319047485658,1.4514166116714478,1.4306319047485658,1.4038137197494507,1.4220412969589233,1.4264771938323975,1.430736243724823,1.4351140558719635,1.4387276768684387,0.006397249538575151,1.4306319047485658,1.4514166116714478,1.4306319047485658,1.4038137197494507,1.4220412969589233,1.4264771938323975,1.430736243724823,1.4351140558719635,1.4387276768684387,0.006397249538575151,0.41216028788094483,0.41879647970199585,0.41216028788094483,0.40126484632492065,0.4057687520980835,0.408631406724453,0.41279539465904236,0.416144423186779,0.4173399955034256,0.004341558948443398,0.19878101348876953,0.19878101348876953,0.19878101348876953,0.19878101348876953,0.19878101348876953,0.19878101348876953,0.19878101348876953,0.19878101348876953,0.19878101348876953,0.0,0,text,0.0,0.09845809508275472,0.09908536821603775,0.09845809508275472,0.09793347865343094,0.09809942170977592,0.09819860570132732,0.09843014925718307,0.09869111143052578,0.0988726019859314,0.000285275928276954,0.00957077880481497,0.01510792039334774,0.00957077880481497,0.0,0.003232504823245108,0.006086646928451955,0.010228513740003109,0.013577810488641262,0.0147610604763031,0.004294219798639366,44
ele-fashion,0.023672526538710395,0.06123223900794983,-0.002584509577896611,-0.06129955127835274,-0.04171397164463997,-0.026978880167007446,0.0005664170603267848,0.019451769534498453,0.0334673710167408,0.02782771596757677,0.040726546198129654,-0.040726546198129654,-0.040726546198129654,-0.040726546198129654,-0.040726546198129654,-0.040726546198129654,-0.040726546198129654,-0.040726546198129654,-0.040726546198129654,0.0,,,,,,,,,,,,,,,,,,,,,0.026652701949675582,0.07790245860815048,0.014248611265752376,-0.0449080690741539,-0.024728620424866676,-0.010034871520474553,0.017442967742681503,0.03612073604017496,0.05009667947888374,0.027702276788158398,0.08931206911802292,0.08931206911802292,0.08931206911802292,0.08931206911802292,0.08931206911802292,0.08931206911802292,0.08931206911802292,0.08931206911802292,0.08931206911802292,0.0,1,text,0.33530062437057495,0.03243291010053277,-0.0321853868663311,-0.03243291010053277,-0.032722946256399155,-0.03258252516388893,-0.03251646086573601,-0.03242217004299164,-0.03233989700675011,-0.03230302222073078,0.0001046430047259961,0.0006805080057758329,0.001074213651008904,0.0006805080057758329,0.0,0.0002298397448612377,0.0004327769056544639,0.0007272747170645744,0.0009654187015257776,0.001049550890456885,0.00030533052849669875,44
ele-fashion,0.05890194603721121,-0.04439997673034668,-0.05890194603721121,-0.06216442584991455,-0.0614144429564476,-0.06063600163906813,-0.059487657621502876,-0.05770476534962654,-0.05547984503209591,0.002385283423674254,0.04614579677581787,-0.04614579677581787,-0.04614579677581787,-0.04614579677581787,-0.04614579677581787,-0.04614579677581787,-0.04614579677581787,-0.04614579677581787,-0.04614579677581787,0.0,,,,,,,,,,,,,,,,,,,,,0.5285840361131925,0.545432448387146,0.5285840361131925,0.5223246216773987,0.5245908200740814,0.5258887708187103,0.5280472636222839,0.5306972116231918,0.5333695113658905,0.0034534605514910536,0.6708483695983887,0.6708483695983887,0.6708483695983887,0.6708483695983887,0.6708483695983887,0.6708483695983887,0.6708483695983887,0.6708483695983887,0.6708483695983887,0.0,2,text,0.0,0.03224433169759286,-0.03202056139707565,-0.03224433169759286,-0.032502785325050354,-0.032401859760284424,-0.0323329521343112,-0.03223402053117752,-0.03214595094323158,-0.032107941806316376,0.00010862858434413523,0.004972259004496903,-0.0,-0.004972259004496903,-0.007848942652344704,-0.00766874011605978,-0.007054012268781662,-0.005313968984410167,-0.003162165347021073,-0.0016793671529740095,0.002230954608019724,44
ele-fashion,0.05622202354222045,-0.032974496483802795,-0.05622202354222045,-0.060019705444574356,-0.059381045401096344,-0.05847775936126709,-0.05704005807638168,-0.054844651371240616,-0.051985492929816246,0.0031826257069541646,0.0460362546145916,-0.0460362546145916,-0.0460362546145916,-0.0460362546145916,-0.0460362546145916,-0.0460362546145916,-0.0460362546145916,-0.0460362546145916,-0.0460362546145916,0.0,,,,,,,,,,,,,,,,,,,,,0.1912169366377813,-0.16809982061386108,-0.1912169366377813,-0.1981271356344223,-0.1957717165350914,-0.1942543387413025,-0.19186030328273773,-0.1888650804758072,-0.18575504422187805,0.003969426266299306,0.04989878088235855,-0.04989878088235855,-0.04989878088235855,-0.04989878088235855,-0.04989878088235855,-0.04989878088235855,-0.04989878088235855,-0.04989878088235855,-0.04989878088235855,0.0,3,text,1.0,0.03378085326953984,-0.033607516437768936,-0.03378085326953984,-0.033948373049497604,-0.03388745151460171,-0.033841817639768124,-0.0337743628770113,-0.03371466789394617,-0.033688636496663094,7.39801221989446e-05,0.005279028075909095,-0.0,-0.005279028075909095,-0.008333192206919193,-0.00814187154173851,-0.007489217445254326,-0.0056418199092149734,-0.003357258625328541,-0.0017829775460995734,0.0023685958433245814,44
ele-fashion,0.07177399221179838,0.07327315956354141,0.07177399221179838,0.04983729124069214,0.06963739171624184,0.07164946012198925,0.07251851633191109,0.07283253222703934,0.07297445088624954,0.001992602783006968,0.0550241656601429,0.0550241656601429,0.0550241656601429,0.0550241656601429,0.0550241656601429,0.0550241656601429,0.0550241656601429,0.0550241656601429,0.0550241656601429,0.0,1.4074777059629384,1.4345240592956543,1.4074777059629384,1.3720927238464355,1.397662878036499,1.4027566313743591,1.4083182215690613,1.412884682416916,1.4161404371261597,0.007310653584433405,1.4074777059629384,1.4345240592956543,1.4074777059629384,1.3720927238464355,1.397662878036499,1.4027566313743591,1.4083182215690613,1.412884682416916,1.4161404371261597,0.007310653584433405,0.4443792575892598,0.4498036205768585,0.4443792575892598,0.41981661319732666,0.4383120983839035,0.44174277782440186,0.445550337433815,0.44796764105558395,0.4483882486820221,0.004045608759977262,0.19878101348876953,0.19878101348876953,0.19878101348876953,0.19878101348876953,0.19878101348876953,0.19878101348876953,0.19878101348876953,0.19878101348876953,0.19878101348876953,0.0,0,visual,0.0,0.10735081436068208,0.10847747325897217,0.10735081436068208,0.10658835619688034,0.10680801421403885,0.10683705471456051,0.10708250850439072,0.10789008624851704,0.10830404236912727,0.0005773483983321274,0.011449260687263547,0.014852435328066349,0.011449260687263547,0.0,0.005697916494682431,0.009170196484774351,0.01283043809235096,0.01464740838855505,0.014848328195512295,0.0037200650043813627,44
ele-fashion,0.024050164454054158,0.062325190752744675,-0.011807514869719428,-0.07093629240989685,-0.045731933787465096,-0.032646460458636284,-0.013129087164998055,0.00839935033582151,0.024871712550520897,0.026117311473952326,0.03235498443245888,-0.03235498443245888,-0.03235498443245888,-0.03235498443245888,-0.03235498443245888,-0.03235498443245888,-0.03235498443245888,-0.03235498443245888,-0.03235498443245888,0.0,,,,,,,,,,,,,,,,,,,,,0.02412775641727373,0.08599516749382019,0.013356073997015898,-0.047669507563114166,-0.02112643141299486,-0.007853686576709151,0.012241708114743233,0.033834884874522686,0.05042500048875809,0.026474093858640843,0.08931206911802292,0.08931206911802292,0.08931206911802292,0.08931206911802292,0.08931206911802292,0.08931206911802292,0.08931206911802292,0.08931206911802292,0.08931206911802292,0.0,1,visual,0.34619396924972534,0.03529781347313167,-0.03491947799921036,-0.03529781347313167,-0.03577137738466263,-0.03564119525253773,-0.0354942986741662,-0.03520418517291546,-0.035114883445203304,-0.03509463556110859,0.00021091217526618194,0.003504317655904854,0.004545940086245537,0.003504317655904854,0.0,0.0017439824296161532,0.0028067559469491243,0.0039270599372684956,0.004483186639845371,0.004544682800769806,0.001138614084742468,44
ele-fashion,0.06753392020278949,-0.029002465307712555,-0.06753392020278949,-0.07303419709205627,-0.07241810858249664,-0.07176477275788784,-0.07037721946835518,-0.06635060161352158,-0.057303858920931816,0.006710376147653483,0.06243139132857323,-0.06243139132857323,-0.06243139132857323,-0.06243139132857323,-0.06243139132857323,-0.06243139132857323,-0.06243139132857323,-0.06243139132857323,-0.06243139132857323,0.0,,,,,,,,,,,,,,,,,,,,,0.4990857802141689,0.5358643531799316,0.4990857802141689,0.49127957224845886,0.4928000569343567,0.49384963512420654,0.4968341290950775,0.5018265396356583,0.5095483660697937,0.006949633088414002,0.6708483695983887,0.6708483695983887,0.6708483695983887,0.6708483695983887,0.6708483695983887,0.6708483695983887,0.6708483695983887,0.6708483695983887,0.6708483695983887,0.0,2,visual,0.0,0.034919723964049576,-0.0345880426466465,-0.034919723964049576,-0.03538355603814125,-0.03529983200132847,-0.03513474389910698,-0.034813614562153816,-0.0347164124250412,-0.034702083095908165,0.0002306063085805874,0.0068775502793399605,-0.0,-0.0068775502793399605,-0.008921830914914608,-0.008919363841414452,-0.008798671886324883,-0.00770722096785903,-0.005508520291186869,-0.0034227281576022506,0.0022346363488362424,44
ele-fashion,0.059000894396377984,-0.031074760481715202,-0.059000894396377984,-0.06407095491886139,-0.06344017386436462,-0.06261895596981049,-0.060911428183317184,-0.05740928929299116,-0.0511509757488966,0.005273191821792638,0.059046801179647446,-0.059046801179647446,-0.059046801179647446,-0.059046801179647446,-0.059046801179647446,-0.059046801179647446,-0.059046801179647446,-0.059046801179647446,-0.059046801179647446,0.0,,,,,,,,,,,,,,,,,,,,,0.21315577733712518,-0.1821281462907791,-0.21315577733712518,-0.22074516117572784,-0.21929901093244553,-0.21795852109789848,-0.21451963484287262,-0.20996829122304916,-0.20477230101823807,0.005908001468096116,0.04989878088235855,-0.04989878088235855,-0.04989878088235855,-0.04989878088235855,-0.04989878088235855,-0.04989878088235855,-0.04989878088235855,-0.04989878088235855,-0.04989878088235855,0.0,3,visual,1.0,0.037133276890121594,-0.0369066447019577,-0.037133276890121594,-0.03741130605340004,-0.037360552698373795,-0.03726121783256531,-0.03707022964954376,-0.03701667208224535,-0.03700036182999611,0.00013818868646193615,0.00807602782534761,-0.0,-0.00807602782534761,-0.010476543568074703,-0.010473646223545074,-0.010331923142075539,-0.009050276130437851,-0.006468431791290641,-0.00401917053386569,0.0026240426612720484,44
Reddit-S,0.016320334731541253,0.03577016666531563,0.00878594884079375,-0.03363446518778801,-0.014987111277878284,-0.004927779547870159,0.0088514294475317,0.025361582171171904,0.03110675998032093,0.017303621637273028,0.006100417580455542,0.006100417580455542,0.006100417580455542,0.006100417580455542,0.006100417580455542,0.006100417580455542,0.006100417580455542,0.006100417580455542,0.006100417580455542,0.0,1.4878307080229858,1.5408596992492676,1.4878307080229858,1.4374557733535767,1.4726458549499513,1.478707730770111,1.4862995743751526,1.4966432452201843,1.5057478427886963,0.013268656855290448,1.4878307080229858,1.5408596992492676,1.4878307080229858,1.4374557733535767,1.4726458549499513,1.478707730770111,1.4862995743751526,1.4966432452201843,1.5057478427886963,0.013268656855290448,0.2511385862260956,0.2787918150424957,0.2511385862260956,0.208240807056427,0.22762946039438248,0.23741564899683,0.25135351717472076,0.26756501942873,0.27323204278945923,0.01721501492313363,0.1632816344499588,0.1632816344499588,0.1632816344499588,0.1632816344499588,0.1632816344499588,0.1632816344499588,0.1632816344499588,0.1632816344499588,0.1632816344499588,0.0,0,text,0.0,0.07153166471698666,0.07175704091787338,0.07153166471698666,0.07134586572647095,0.07142267376184464,0.07143890857696533,0.07150247320532799,0.07161880657076836,0.07169293612241745,0.00010206136548940184,0.0014389220582755346,0.0025940833147615194,0.0014389220582755346,9.160627314486192e-07,0.0005255400901660324,0.0010231054329779,0.0015126402140595019,0.0019126235856674612,0.0021892653312534094,0.0006076253457875001,42
Reddit-S,0.012956160808825631,0.02262374758720398,-0.010186479675193127,-0.027324499562382698,-0.023955633863806725,-0.021032958291471004,-0.010847153142094612,-0.0015414365916512907,0.005525489663705234,0.011395226115897921,0.0017066969303414226,-0.0017066969303414226,-0.0017066969303414226,-0.0017066969303414226,-0.0017066969303414226,-0.0017066969303414226,-0.0017066969303414226,-0.0017066969303414226,-0.0017066969303414226,0.0,,,,,,,,,,,,,,,,,,,,,0.07428229869427366,0.10838469117879868,0.07428229869427366,0.05561894178390503,0.06076725572347641,0.06380409002304077,0.07300418615341187,0.08287764899432659,0.09056089743971825,0.011480569376748679,0.11292529851198196,0.11292529851198196,0.11292529851198196,0.11292529851198196,0.11292529851198196,0.11292529851198196,0.11292529851198196,0.11292529851198196,0.11292529851198196,0.0,1,text,0.0,0.023520310652305514,-0.023451942950487137,-0.023520310652305514,-0.02360316552221775,-0.023579890467226507,-0.023552595637738705,-0.0235096774995327,-0.023485836572945118,-0.023479999229311942,3.7685798413999224e-05,0.0032295123613278113,-2.056008497675066e-06,-0.0032295123613278113,-0.005822152830660343,-0.0049135806038975716,-0.004292686702683568,-0.0033949651988223195,-0.0022962548537179828,-0.001179520599544047,0.0013637525064405791,42
Reddit-S,0.01134833506022913,0.016186032444238663,-0.009421911475522769,-0.023914992809295654,-0.020982629247009756,-0.018571130465716124,-0.010129413567483425,-0.001978596847038716,0.004166372772306206,0.009559675591669974,0.0015986236976459622,-0.0015986236976459622,-0.0015986236976459622,-0.0015986236976459622,-0.0015986236976459622,-0.0015986236976459622,-0.0015986236976459622,-0.0015986236976459622,-0.0015986236976459622,0.0,,,,,,,,,,,,,,,,,,,,,0.6716247606242964,0.6982196569442749,0.6716247606242964,0.6566042304039001,0.6602461695671081,0.6626610606908798,0.6706412434577942,0.6789246499538422,0.6854826807975769,0.009576714406722302,0.7076399326324463,0.7076399326324463,0.7076399326324463,0.7076399326324463,0.7076399326324463,0.7076399326324463,0.7076399326324463,0.7076399326324463,0.7076399326324463,0.0,2,text,0.0,0.02371204655809201,-0.023647306486964226,-0.02371204655809201,-0.023790642619132996,-0.023768280632793903,-0.023742328863590956,-0.02370184101164341,-0.023679858073592186,-0.023674142174422742,3.550998311035944e-05,0.001282617822245211,-8.165545750671299e-07,-0.001282617822245211,-0.002312298631295562,-0.0019514544401317835,-0.0017048630979843438,-0.001348328310996294,-0.0009119696769630536,-0.0004684528132202099,0.0005416214819179803,42
Reddit-S,0.01130204956397145,0.020929532125592232,-0.005672202895349608,-0.02404475212097168,-0.0210051653906703,-0.01813991228118539,-0.005109157180413604,0.004578213789500296,0.010475941561162473,0.012093696397115104,0.0016689718468114734,-0.0016689718468114734,-0.0016689718468114734,-0.0016689718468114734,-0.0016689718468114734,-0.0016689718468114734,-0.0016689718468114734,-0.0016689718468114734,-0.0016689718468114734,0.0,,,,,,,,,,,,,,,,,,,,,0.04350878659502652,-0.01709478348493576,-0.04350878659502652,-0.06395824253559113,-0.05933703221380711,-0.0560582485049963,-0.04241699166595936,-0.03322450816631317,-0.027374261617660524,0.012182850499799416,0.014941512607038021,-0.014941512607038021,-0.014941512607038021,-0.014941512607038021,-0.014941512607038021,-0.014941512607038021,-0.014941512607038021,-0.014941512607038021,-0.014941512607038021,0.0,3,text,1.0,0.02429930755674719,-0.024246621876955032,-0.02429930755674719,-0.024363229051232338,-0.024345042183995247,-0.02432390907779336,-0.024291014298796654,-0.024273145012557507,-0.024268490448594093,2.886839516881125e-05,0.00307320841473967,0.00554036907851696,0.00307320841473967,1.9565004549804144e-06,0.0011224334361031655,0.002185119257774204,0.0032306534703820944,0.0040849263314157724,0.004675770178437233,0.001297748765227499,42
Reddit-S,0.01116588412038349,0.013058518059551716,0.01116588412038349,0.0028931577689945698,0.009852160792797804,0.010843801312148571,0.011564888525754213,0.012222267454490066,0.012587432563304902,0.001821353646965681,0.015236417762935162,0.015236417762935162,0.015236417762935162,0.015236417762935162,0.015236417762935162,0.015236417762935162,0.015236417762935162,0.015236417762935162,0.015236417762935162,0.0,1.519578494222506,1.5314234495162964,1.519578494222506,1.5040644407272339,1.515693187713623,1.5178980827331543,1.5199147462844849,1.5216900408267975,1.52321959733963,0.003252272209313006,1.519578494222506,1.5314234495162964,1.519578494222506,1.5040644407272339,1.515693187713623,1.5178980827331543,1.5199147462844849,1.5216900408267975,1.52321959733963,0.003252272209313006,0.2715075517433521,0.2800212502479553,0.2715075517433521,0.2602446377277374,0.26793578565120696,0.2693774774670601,0.2713826149702072,0.27357855439186096,0.27575608491897585,0.0031583666446289176,0.1632816344499588,0.1632816344499588,0.1632816344499588,0.1632816344499588,0.1632816344499588,0.1632816344499588,0.1632816344499588,0.1632816344499588,0.1632816344499588,0.0,0,visual,0.0,0.07754504143004824,0.07798194140195847,0.07754504143004824,0.07725141197443008,0.07736085578799248,0.07739444822072983,0.07749870792031288,0.07765505276620388,0.07781180441379547,0.00017488811908611952,0.004278570176687629,0.011051143519580364,0.004278570176687629,2.3824922834592144e-07,0.0010844292584806681,0.0021103464532643557,0.003738577477633953,0.00592938344925642,0.008531174622476101,0.002717528559936256,42
Reddit-S,0.026783228792087027,-0.012130441144108772,-0.026783228792087027,-0.029809806495904922,-0.029172784090042113,-0.028512398712337017,-0.0275694839656353,-0.026005585677921772,-0.02436185162514448,0.003106532408480959,0.01456944365054369,-0.01456944365054369,-0.01456944365054369,-0.01456944365054369,-0.01456944365054369,-0.01456944365054369,-0.01456944365054369,-0.01456944365054369,-0.01456944365054369,0.0,,,,,,,,,,,,,,,,,,,,,0.04469085190990361,0.05935696139931679,0.04469085190990361,0.04003229737281799,0.04157685376703739,0.0428001107648015,0.04407557286322117,0.04580559395253658,0.04755894690752029,0.0033098028139311995,0.11292529851198196,0.11292529851198196,0.11292529851198196,0.11292529851198196,0.11292529851198196,0.11292529851198196,0.11292529851198196,0.11292529851198196,0.11292529851198196,0.0,1,visual,0.0,0.025627793384427857,-0.025524964556097984,-0.025627793384427857,-0.025783073157072067,-0.025722522288560867,-0.02566686552017927,-0.02561128418892622,-0.02557422686368227,-0.025562266260385512,6.216408847902921e-05,0.0012539779725368487,-6.982689626511274e-08,-0.0012539779725368487,-0.0032389068510383368,-0.002500345930457115,-0.0017378040356561542,-0.0010957150370813906,-0.0006185075617395341,-0.00031782824371475723,0.0007964625601820593,42
Reddit-S,0.0068160935504841536,-0.002420498989522457,-0.0068160935504841536,-0.009435520507395267,-0.008150444366037846,-0.00757006905041635,-0.006996799726039171,-0.006148656946606934,-0.005307082086801529,0.0011283333982590514,0.014875577762722969,-0.014875577762722969,-0.014875577762722969,-0.014875577762722969,-0.014875577762722969,-0.014875577762722969,-0.014875577762722969,-0.014875577762722969,-0.014875577762722969,0.0,,,,,,,,,,,,,,,,,,,,,0.6587571181582853,0.664079487323761,0.6587571181582853,0.6545886397361755,0.6569801270961761,0.6576520055532455,0.6585766971111298,0.6597820669412613,0.6608144044876099,0.0014728532839779855,0.7076399326324463,0.7076399326324463,0.7076399326324463,0.7076399326324463,0.7076399326324463,0.7076399326324463,0.7076399326324463,0.7076399326324463,0.7076399326324463,0.0,2,visual,0.0,0.025690845429228847,-0.025587501004338264,-0.025690845429228847,-0.025843532755970955,-0.02578408718109131,-0.02572931069880724,-0.025674698874354362,-0.025638213846832514,-0.025626514479517935,6.110772839043524e-05,0.0015002846641089835,-8.354231795237865e-08,-0.0015002846641089835,-0.003875094000250101,-0.0029914644546806812,-0.002079143887385726,-0.0013109357096254826,-0.0007399949827231467,-0.0003802561433985829,0.0009529039507175075,42
Reddit-S,0.022940090115974202,-0.012848434038460255,-0.022940090115974202,-0.024819400161504745,-0.02414140272885561,-0.023828081786632538,-0.02331585343927145,-0.022716272622346878,-0.022100297547876836,0.0019402439156586233,0.014960939064621925,-0.014960939064621925,-0.014960939064621925,-0.014960939064621925,-0.014960939064621925,-0.014960939064621925,-0.014960939064621925,-0.014960939064621925,-0.014960939064621925,0.0,,,,,,,,,,,,,,,,,,,,,0.08059325125487972,-0.07042558491230011,-0.08059325125487972,-0.08463018387556076,-0.0827131800353527,-0.08180721662938595,-0.08070437237620354,-0.07985994592308998,-0.07914767488837242,0.002232006326470861,0.014941512607038021,-0.014941512607038021,-0.014941512607038021,-0.014941512607038021,-0.014941512607038021,-0.014941512607038021,-0.014941512607038021,-0.014941512607038021,-0.014941512607038021,0.0,3,visual,1.0,0.026226402783858502,-0.02613893337547779,-0.026226402783858502,-0.026355339214205742,-0.026305180229246616,-0.02625891426578164,-0.02621277142316103,-0.02618192881345749,-0.026172030344605447,5.161815552451726e-05,0.001524307539580769,-8.488001412843005e-08,-0.001524307539580769,-0.00393714290112257,-0.003039364470168948,-0.002112435642629862,-0.001331926672719419,-0.0007518439670093358,-0.0003863449004711583,0.0009681620499884503,42
Reddit-S,0.02868032656049409,0.057930730283260345,0.0068411684033180984,-0.05283648520708084,-0.03723189458250999,-0.0217212182469666,0.00562505004927516,0.03779971320182085,0.05175758227705956,0.032408792705743684,0.025394735857844353,0.025394735857844353,0.025394735857844353,0.025394735857844353,0.025394735857844353,0.025394735857844353,0.025394735857844353,0.025394735857844353,0.025394735857844353,0.0,1.4859715645472569,1.607964277267456,1.4859715645472569,1.396795392036438,1.4538360595703126,1.4702886641025543,1.4859637022018433,1.499215304851532,1.5181814551353454,0.026393220056,1.4859715645472569,1.607964277267456,1.4859715645472569,1.396795392036438,1.4538360595703126,1.4702886641025543,1.4859637022018433,1.499215304851532,1.5181814551353454,0.026393220056,0.29854545439262425,0.3557499945163727,0.29854545439262425,0.232787624001503,0.2506874203681946,0.26710011065006256,0.29621782898902893,0.3328617811203003,0.34915490746498107,0.035835947378413224,0.1709604412317276,0.1709604412317276,0.1709604412317276,0.1709604412317276,0.1709604412317276,0.1709604412317276,0.1709604412317276,0.1709604412317276,0.1709604412317276,0.0,0,text,0.0,0.08711668835069018,0.08761341869831085,0.08711668835069018,0.08646101504564285,0.086615189909935,0.08673610724508762,0.08718029409646988,0.08746374025940895,0.08754229173064232,0.00035789555998456284,0.008232418822619958,0.014907889999449253,0.008232418822619958,3.587640549085336e-07,0.0020792530849575996,0.0038885396788828075,0.007571847178041935,0.013526932336390018,0.014802582748234271,0.004817969212970641,43
Reddit-S,0.03419289536446004,0.06390681862831116,-0.005959684609969895,-0.06621605157852173,-0.061136751994490625,-0.045862157829105854,0.0009288166183978319,0.026526841334998608,0.04469735063612462,0.0390422204899469,0.031232113018631935,-0.031232113018631935,-0.031232113018631935,-0.031232113018631935,-0.031232113018631935,-0.031232113018631935,-0.031232113018631935,-0.031232113018631935,-0.031232113018631935,0.0,,,,,,,,,,,,,,,,,,,,,0.04564967087020462,0.10887621343135834,0.03737178781854106,-0.024680860340595245,-0.01947213467210531,-0.003755234822165221,0.0448025818914175,0.070741206407547,0.0889673985540867,0.0401212480636023,0.1053985133767128,0.1053985133767128,0.1053985133767128,0.1053985133767128,0.1053985133767128,0.1053985133767128,0.1053985133767128,0.1053985133767128,0.1053985133767128,0.0,1,text,0.27217817306518555,0.028370624188508598,-0.028113048523664474,-0.028370624188508598,-0.02856581285595894,-0.028537827916443347,-0.028507194481790066,-0.028395643457770348,-0.028221176005899906,-0.028173452615737914,0.00014066917639331505,0.0024643055940299138,-1.0739302069850964e-07,-0.0024643055940299138,-0.004462551791220903,-0.0044310289900749925,-0.0040491740219295025,-0.0022665690630674362,-0.0011640017328318208,-0.0006224069511517882,0.0014422187127611733,43
Reddit-S,0.02422402319835918,0.042231328785419464,-0.01028333474260624,-0.05378038063645363,-0.049286984652280805,-0.03813836816698313,-0.005295138573274016,0.012101411819458008,0.025018440000712874,0.02734079939183383,0.03306207060813904,-0.03306207060813904,-0.03306207060813904,-0.03306207060813904,-0.03306207060813904,-0.03306207060813904,-0.03306207060813904,-0.03306207060813904,-0.03306207060813904,0.0,,,,,,,,,,,,,,,,,,,,,0.6251994777628802,0.6790498495101929,0.6251994777628802,0.5799095034599304,0.5844780564308166,0.5960467010736465,0.6307477056980133,0.6485065817832947,0.6617109775543213,0.028420987835127795,0.6996731162071228,0.6996731162071228,0.6996731162071228,0.6996731162071228,0.6996731162071228,0.6996731162071228,0.6996731162071228,0.6996731162071228,0.6996731162071228,0.0,2,text,0.0,0.028684392761417054,-0.02844446897506714,-0.028684392761417054,-0.028866339474916458,-0.02884025815874338,-0.028811408672481775,-0.028707566671073437,-0.028545068576931953,-0.028500902652740478,0.00013101781723333047,0.0024438703795732824,-1.0650246196064472e-07,-0.0024438703795732824,-0.004425546154379845,-0.004394284728914499,-0.004015596234239638,-0.002247773576527834,-0.0011543492728378624,-0.0006172456778585911,0.0014302591380538014,43
Reddit-S,0.03327491605580294,0.06163904443383217,-0.005480769013945443,-0.06626630574464798,-0.06096620820462704,-0.04450713470578194,0.0033756543416529894,0.026394431479275227,0.041318032518029214,0.03808667812083184,0.033363912254571915,-0.033363912254571915,-0.033363912254571915,-0.033363912254571915,-0.033363912254571915,-0.033363912254571915,-0.033363912254571915,-0.033363912254571915,-0.033363912254571915,0.0,,,,,,,,,,,,,,,,,,,,,0.09523007249005155,-0.025628045201301575,-0.09523007249005155,-0.15858212113380432,-0.15318691581487656,-0.13587475568056107,-0.08561399579048157,-0.062036486342549324,-0.04702025465667247,0.03964810013300413,0.0229994785040617,-0.0229994785040617,-0.0229994785040617,-0.0229994785040617,-0.0229994785040617,-0.0229994785040617,-0.0229994785040617,-0.0229994785040617,-0.0229994785040617,0.0,3,text,1.0,0.030061671462641753,-0.029903491958975792,-0.030061671462641753,-0.030181284993886948,-0.03016413953155279,-0.03014511428773403,-0.030077126808464527,-0.029970020055770874,-0.029940779879689218,8.621138947280408e-05,0.0033242431336967335,-1.4486859356566129e-07,-0.0033242431336967335,-0.006019792053848505,-0.005977269168943167,-0.005462162895128131,-0.0030575047712773085,-0.0015701887314207852,-0.0008396004559472203,0.0019454915276173037,43
Reddit-S,0.008288826885966083,0.013882897794246674,0.0077858992399551675,-0.006609649863094091,0.0031657972373068336,0.006690433481708169,0.008570556528866291,0.010302739450708032,0.011506364867091178,0.003931195398649685,0.018130235373973846,0.018130235373973846,0.018130235373973846,0.018130235373973846,0.018130235373973846,0.018130235373973846,0.018130235373973846,0.018130235373973846,0.018130235373973846,0.0,1.508784257917115,1.5319782495498657,1.508784257917115,1.4891928434371948,1.5023507237434388,1.5052131116390228,1.5087556838989258,1.5125357508659363,1.5163413643836976,0.006087897689652057,1.508784257917115,1.5319782495498657,1.508784257917115,1.4891928434371948,1.5023507237434388,1.5052131116390228,1.5087556838989258,1.5125357508659363,1.5163413643836976,0.006087897689652057,0.28393208337787174,0.2946416437625885,0.28393208337787174,0.2632395327091217,0.27499361932277677,0.2803972288966179,0.2848087549209595,0.28876660019159317,0.29113061130046847,0.006167739160827167,0.1709604412317276,0.1709604412317276,0.1709604412317276,0.1709604412317276,0.1709604412317276,0.1709604412317276,0.1709604412317276,0.1709604412317276,0.1709604412317276,0.0,0,visual,0.0,0.07945812977751997,0.07994434237480164,0.07945812977751997,0.07897922396659851,0.07912204042077065,0.0791719313710928,0.07941263541579247,0.07974023371934891,0.07985809668898583,0.00028734413768799434,0.007597385491405629,0.012781364843249321,0.007597385491405629,9.819160368351731e-06,0.0023648097645491365,0.0046250851592049,0.007433214224874973,0.011246135924011469,0.012772916723042727,0.003791559876722033,43
Reddit-S,0.011320220542516465,0.00817895121872425,-0.010585065259121404,-0.01709391362965107,-0.01583294980227947,-0.01503736525774002,-0.012866698671132326,-0.0077493577264249325,-0.0011306460597552347,0.006070574753039683,0.019818663597106934,-0.019818663597106934,-0.019818663597106934,-0.019818663597106934,-0.019818663597106934,-0.019818663597106934,-0.019818663597106934,-0.019818663597106934,-0.019818663597106934,0.0,,,,,,,,,,,,,,,,,,,,,0.04652107116788892,0.06668458133935928,0.04652107116788892,0.03868082910776138,0.040235302224755284,0.0416187709197402,0.04438753239810467,0.04980329517275095,0.057047991454601286,0.00665664456986747,0.1053985133767128,0.1053985133767128,0.1053985133767128,0.1053985133767128,0.1053985133767128,0.1053985133767128,0.1053985133767128,0.1053985133767128,0.1053985133767128,0.0,1,visual,0.0,0.02613294817440702,-0.02595672197639942,-0.02613294817440702,-0.026312079280614853,-0.02628029156476259,-0.026236900594085455,-0.026116179302334785,-0.026027452666312456,-0.02600899450480938,0.00010586445590224444,0.0023407652018647375,-3.025297246495029e-06,-0.0023407652018647375,-0.003937956411391497,-0.003935353737324477,-0.003464950481429696,-0.00229018391110003,-0.0014249952509999275,-0.0007286012230906632,0.0011681849519227477,43
Reddit-S,0.025175176943670847,-0.003026583231985569,-0.025175176943670847,-0.030965523794293404,-0.02983422912657261,-0.029070099350064993,-0.02732578944414854,-0.024015079718083143,-0.015818177349865434,0.0059898635764825394,0.020331580191850662,-0.020331580191850662,-0.020331580191850662,-0.020331580191850662,-0.020331580191850662,-0.020331580191850662,-0.020331580191850662,-0.020331580191850662,-0.020331580191850662,0.0,,,,,,,,,,,,,,,,,,,,,0.6252774924463605,0.6491873264312744,0.6252774924463605,0.6179326176643372,0.6192580342292786,0.6205130815505981,0.6235539615154266,0.6269256472587585,0.6359944224357605,0.006641535684976137,0.6996731162071228,0.6996731162071228,0.6996731162071228,0.6996731162071228,0.6996731162071228,0.6996731162071228,0.6996731162071228,0.6996731162071228,0.6996731162071228,0.0,2,visual,0.0,0.026285019676841263,-0.026115741580724716,-0.026285019676841263,-0.026456905528903008,-0.02642634715884924,-0.026384722907096148,-0.02626899816095829,-0.026183859445154667,-0.026166270673274993,0.00010155665553218484,0.0026038658424500575,-3.365338898220216e-06,-0.0026038658424500575,-0.0043805805034935474,-0.004377685254439712,-0.003854408860206604,-0.0025475991424173117,-0.0015851638454478234,-0.0008104955661110576,0.0012994882599906164,43
Reddit-S,0.02433882021765682,0.0054734814912080765,-0.024015798454678123,-0.027629075571894646,-0.026715125143527984,-0.026340944226831198,-0.02578834816813469,-0.023963693995028734,-0.020942347310483455,0.00558558503097959,0.02047252468764782,-0.02047252468764782,-0.02047252468764782,-0.02047252468764782,-0.02047252468764782,-0.02047252468764782,-0.02047252468764782,-0.02047252468764782,-0.02047252468764782,0.0,,,,,,,,,,,,,,,,,,,,,0.09718071788594425,-0.0668644830584526,-0.09718071788594425,-0.10269962251186371,-0.10121979787945748,-0.10024881362915039,-0.09847619384527206,-0.0966401919722557,-0.0926984891295433,0.006049821914036047,0.0229994785040617,-0.0229994785040617,-0.0229994785040617,-0.0229994785040617,-0.0229994785040617,-0.0229994785040617,-0.0229994785040617,-0.0229994785040617,-0.0229994785040617,0.0,3,visual,1.0,0.027040161875879237,-0.026906751096248627,-0.027040161875879237,-0.027175353839993477,-0.0271513557061553,-0.027118653990328312,-0.02702766191214323,-0.026960553135722876,-0.026946692913770675,7.992519171798818e-05,0.0026527544352647993,-3.428524451010162e-06,-0.0026527544352647993,-0.004462827928364277,-0.004459877870976925,-0.0039267768152058125,-0.0025954311713576317,-0.0016149258881341666,-0.0008257129346020516,0.0013238866554049905,43
Reddit-S,0.012314789222741042,0.02691248245537281,0.01036761582942411,-0.02051226608455181,-0.003962382534518838,0.0031566082034260035,0.012406943365931511,0.01848757266998291,0.02161712758243084,0.009729959043367018,0.005468526855111122,0.005468526855111122,0.005468526855111122,0.005468526855111122,0.005468526855111122,0.005468526855111122,0.005468526855111122,0.005468526855111122,0.005468526855111122,0.0,1.488725378676242,1.5297938585281372,1.488725378676242,1.4625520706176758,1.4763535141944886,1.4809842109680176,1.487152338027954,1.4953401982784271,1.5039474964141846,0.010498501594561269,1.488725378676242,1.5297938585281372,1.488725378676242,1.4625520706176758,1.4763535141944886,1.4809842109680176,1.487152338027954,1.4953401982784271,1.5039474964141846,0.010498501594561269,0.24748914644011494,0.264724999666214,0.24748914644011494,0.21712538599967957,0.23338644057512284,0.24052691459655762,0.24947881698608398,0.25534581393003464,0.25844436287879946,0.00949476979995316,0.15917421877384186,0.15917421877384186,0.15917421877384186,0.15917421877384186,0.15917421877384186,0.15917421877384186,0.15917421877384186,0.15917421877384186,0.15917421877384186,0.0,0,text,0.0,0.07076223232756775,0.07080638408660889,0.07076223232756775,0.0706995278596878,0.07074342146515847,0.07075220346450806,0.07076091691851616,0.0707725789397955,0.07078372463583946,1.5342797569095596e-05,0.0017165471725671775,0.004458962939679623,0.0017165471725671775,2.0476870759011945e-06,0.0006683928077109158,0.0010626155126374215,0.001656901033129543,0.0023156366078183055,0.002850097860209644,0.0008327363342496424,44
Reddit-S,0.01096397173230785,0.006057833321392536,-0.010911897125576083,-0.021476171910762787,-0.018284338898956774,-0.01529896236024797,-0.01086759241297841,-0.006886728690005839,-0.003637519315816461,0.005371553042761254,0.0027240016497671604,-0.0027240016497671604,-0.0027240016497671604,-0.0027240016497671604,-0.0027240016497671604,-0.0027240016497671604,-0.0027240016497671604,-0.0027240016497671604,-0.0027240016497671604,0.0,,,,,,,,,,,,,,,,,,,,,0.08096296578360695,0.09789644926786423,0.08096296578360695,0.06833436340093613,0.07410518899559974,0.07670648954808712,0.08100600913167,0.08486736379563808,0.08782201111316681,0.005120619339053311,0.12004794925451279,0.12004794925451279,0.12004794925451279,0.12004794925451279,0.12004794925451279,0.12004794925451279,0.12004794925451279,0.12004794925451279,0.12004794925451279,0.0,1,text,0.0,0.023323084322431673,-0.023300182074308395,-0.023323084322431673,-0.023338990285992622,-0.023330947570502757,-0.02332686772570014,-0.02332257851958275,-0.023319412022829056,-0.02331629451364279,5.5773943065269185e-06,0.002126002698681426,-2.5361307507409947e-06,-0.002126002698681426,-0.005522578954696655,-0.003529944224283099,-0.0028679955867119133,-0.002052128897048533,-0.0013160858361516148,-0.0008278274326585233,0.0010313725842739626,44
Reddit-S,0.0071637961987972044,0.0041348254308104515,-0.007132760360323226,-0.014305324293673038,-0.01167128374800086,-0.009909684536978602,-0.007347521372139454,-0.004474784363992512,-0.00250411129090935,0.0034141399048213906,0.0028259428218007088,-0.0028259428218007088,-0.0028259428218007088,-0.0028259428218007088,-0.0028259428218007088,-0.0028259428218007088,-0.0028259428218007088,-0.0028259428218007088,-0.0028259428218007088,0.0,,,,,,,,,,,,,,,,,,,,,0.6802645471203442,0.6915975213050842,0.6802645471203442,0.6725472807884216,0.6759881615638733,0.6776086241006851,0.680170327425003,0.6827546656131744,0.6847010374069213,0.0032671054155397243,0.7149431109428406,0.7149431109428406,0.7149431109428406,0.7149431109428406,0.7149431109428406,0.7149431109428406,0.7149431109428406,0.7149431109428406,0.7149431109428406,0.0,2,text,0.0,0.023539469304549757,-0.02351829595863819,-0.023539469304549757,-0.023554490879178047,-0.023546734265983103,-0.023542985320091248,-0.023539036512374878,-0.02353608049452305,-0.023533089086413383,5.197007452224974e-06,0.0011804183594504275,-1.408133357472252e-06,-0.0011804183594504275,-0.0030662959907203913,-0.0019599274499341847,-0.001592394255567342,-0.0011394014582037926,-0.0007307289924938232,-0.00045963379670865834,0.0005726479719994257,44
Reddit-S,0.007089661611298522,0.004433303605765104,-0.007045145173302793,-0.014775740914046764,-0.012355450075119734,-0.010720908408984542,-0.0067019297275692225,-0.003759809653274715,-0.0020541938487440344,0.0039042522895583634,0.0028596902266144753,-0.0028596902266144753,-0.0028596902266144753,-0.0028596902266144753,-0.0028596902266144753,-0.0028596902266144753,-0.0028596902266144753,-0.0028596902266144753,-0.0028596902266144753,0.0,,,,,,,,,,,,,,,,,,,,,0.03979309254288542,-0.026789365336298943,-0.03979309254288542,-0.04831124469637871,-0.04551733508706093,-0.04357810504734516,-0.03950324468314648,-0.03637520968914032,-0.034505830705165864,0.004149279363408608,0.007578452583402395,-0.007578452583402395,-0.007578452583402395,-0.007578452583402395,-0.007578452583402395,-0.007578452583402395,-0.007578452583402395,-0.007578452583402395,-0.007578452583402395,0.0,3,text,1.0,0.023899678707969396,-0.023881057277321815,-0.023899678707969396,-0.023912904784083366,-0.023906059563159943,-0.02390276826918125,-0.023899300955235958,-0.02389669604599476,-0.023894064128398895,4.571578589515716e-06,0.0015898736842360726,0.004129911307245493,0.0015898736842360726,1.8965769186252146e-06,0.0006190683925524354,0.0009841991995926946,0.0015346291474997997,0.0021447528852149844,0.002639773348346353,0.0007712841247969808,44
Reddit-S,0.015109550528947635,0.021444419398903847,0.015108770622202328,-0.0015293341130018234,0.007659423863515259,0.012775628827512264,0.016626507975161076,0.018847239203751087,0.01966360379010439,0.004823614185198402,0.008741231635212898,0.008741231635212898,0.008741231635212898,0.008741231635212898,0.008741231635212898,0.008741231635212898,0.008741231635212898,0.008741231635212898,0.008741231635212898,0.0,1.4952564342105645,1.5173051357269287,1.4952564342105645,1.4809142351150513,1.4879655361175537,1.4903428554534912,1.4940598607063293,1.4995863139629364,1.5043227672576904,0.0063012187503586215,1.4952564342105645,1.5173051357269287,1.4952564342105645,1.4809142351150513,1.4879655361175537,1.4903428554534912,1.4940598607063293,1.4995863139629364,1.5043227672576904,0.0063012187503586215,0.2589761154011044,0.27093926072120667,0.2589761154011044,0.24029076099395752,0.24971054792404174,0.2555958479642868,0.2602580487728119,0.26323720812797546,0.2662161409854889,0.0061074093443414315,0.15917421877384186,0.15917421877384186,0.15917421877384186,0.15917421877384186,0.15917421877384186,0.15917421877384186,0.15917421877384186,0.15917421877384186,0.15917421877384186,0.0,0,visual,0.0,0.07285906026113839,0.07321770489215851,0.07285906026113839,0.07268320769071579,0.07274849191308022,0.07276380062103271,0.07279696688055992,0.07291418686509132,0.0730974942445755,0.0001351020245004664,0.0030928359131223034,0.009905745275318623,0.0030928359131223034,5.627587597700767e-06,0.000589903153013438,0.001046183257130906,0.002442367491312325,0.004738402087241411,0.006962258322164417,0.0024011809520659688,44
Reddit-S,0.017233317756348697,-0.009090973064303398,-0.017233317756348697,-0.021695004776120186,-0.020211637392640112,-0.01962687401100993,-0.017651138827204704,-0.01535451877862215,-0.013894851505756377,0.002666232091990634,0.010509362444281578,-0.010509362444281578,-0.010509362444281578,-0.010509362444281578,-0.010509362444281578,-0.010509362444281578,-0.010509362444281578,-0.010509362444281578,-0.010509362444281578,0.0,,,,,,,,,,,,,,,,,,,,,0.06744714461691698,0.07594025880098343,0.06744714461691698,0.06193968653678894,0.06400777921080589,0.06482147425413132,0.06704839691519737,0.06969274207949638,0.07122926488518715,0.002970479519182249,0.12004794925451279,0.12004794925451279,0.12004794925451279,0.12004794925451279,0.12004794925451279,0.12004794925451279,0.12004794925451279,0.12004794925451279,0.12004794925451279,0.0,1,visual,0.0,0.02413589976952033,-0.024075286462903023,-0.02413589976952033,-0.024261202663183212,-0.024219198897480965,-0.02415509894490242,-0.024114204570651054,-0.02410260494798422,-0.024097266234457494,4.720433652373502e-05,0.0007222228775719822,-1.3141249155523838e-06,-0.0007222228775719822,-0.0023131377529352903,-0.00162579013267532,-0.0011064869177062064,-0.000570328877074644,-0.00024429926270386204,-0.00013775110710412264,0.0005607112259074777,44
Reddit-S,0.00644492906014151,-0.0008499156101606786,-0.00644492906014151,-0.008672967553138733,-0.007650222582742572,-0.007186124799773097,-0.006669421913102269,-0.005917168688029051,-0.00491699823178351,0.0011138271044964128,0.010610618628561497,-0.010610618628561497,-0.010610618628561497,-0.010610618628561497,-0.010610618628561497,-0.010610618628561497,-0.010610618628561497,-0.010610618628561497,-0.010610618628561497,0.0,,,,,,,,,,,,,,,,,,,,,0.6727285706443398,0.6790440678596497,0.6727285706443398,0.668891429901123,0.6706484138965607,0.6716439425945282,0.6727182865142822,0.6736391633749008,0.6746620655059814,0.0015400365857021698,0.7149431109428406,0.7149431109428406,0.7149431109428406,0.7149431109428406,0.7149431109428406,0.7149431109428406,0.7149431109428406,0.7149431109428406,0.7149431109428406,0.0,2,visual,0.0,0.024205390836683043,-0.024144811555743217,-0.024205390836683043,-0.024328118190169334,-0.024286973103880883,-0.024224274791777134,-0.02418414130806923,-0.024172814562916756,-0.024167541414499283,4.622932151722151e-05,0.0009535810536204911,-1.7350939742755145e-06,-0.0009535810536204911,-0.0030541326850652695,-0.0021465987665578723,-0.0014609409554395825,-0.000753029074985534,-0.00032255852420348674,-0.00018187853856943548,0.0007403304692179006,44
Reddit-S,0.009709109532516401,-0.0039910548366606236,-0.009709109532516401,-0.0117840226739645,-0.011054378654807805,-0.010637462604790926,-0.010064116213470697,-0.009171549696475267,-0.008101029973477124,0.0014291398984380317,0.010644153691828251,-0.010644153691828251,-0.010644153691828251,-0.010644153691828251,-0.010644153691828251,-0.010644153691828251,-0.010644153691828251,-0.010644153691828251,-0.010644153691828251,0.0,,,,,,,,,,,,,,,,,,,,,0.05386651630817014,-0.04723522439599037,-0.05386651630817014,-0.0586252436041832,-0.056592604517936705,-0.05545588489621878,-0.053945817053318024,-0.05253077019006014,-0.0514143880456686,0.002138326466794748,0.007578452583402395,-0.007578452583402395,-0.007578452583402395,-0.007578452583402395,-0.007578452583402395,-0.007578452583402395,-0.007578452583402395,-0.007578452583402395,-0.007578452583402395,0.0,3,visual,1.0,0.0245177694669595,-0.0244631115347147,-0.0245177694669595,-0.024628380313515663,-0.024591310508549215,-0.024534798227250576,-0.024498621933162212,-0.024488399270921946,-0.024483649618923665,4.1668517625814066e-05,0.0014170315516314725,-2.5783681394386804e-06,-0.0014170315516314725,-0.004538473207503557,-0.0031898684566840528,-0.002170973632019013,-0.0011190091609023511,-0.00047932538291206583,-0.00027027344913221896,0.0011001389216892523,44
