alpha_abs_mean,alpha_fraction_gt_0.95,alpha_fraction_lt_0.05,alpha_iqr,alpha_max,alpha_mean,alpha_min,alpha_q10,alpha_q25,alpha_q50,alpha_q75,alpha_q90,alpha_q90_q10,alpha_range_ratio,alpha_std,d_abs_mean,d_max,d_mean,d_min,d_q10,d_q25,d_q50,d_q75,d_q90,d_std,dataset,hop,local_adaptation_abs_mean,local_adaptation_max,local_adaptation_mean,local_adaptation_min,local_adaptation_q10,local_adaptation_q25,local_adaptation_q50,local_adaptation_q75,local_adaptation_q90,local_adaptation_std,metric,modality,node_ordering_verified,p_abs_mean,p_fraction_abs_gt_0.9,p_fraction_abs_gt_0.95,p_fraction_abs_gt_0.99,p_max,p_mean,p_min,p_q10,p_q25,p_q50,p_q75,p_q90,p_sign_balance,p_std,pearson,rho_c,rho_d,rho_p,row_type,seed,seed_a,seed_b,semantic_bias,spearman,term_p_abs_mean,term_p_max,term_p_mean,term_p_min,term_p_q10,term_p_q25,term_p_q50,term_p_q75,term_p_q90,term_p_std
0.10827349204947231,0.0,0.0,0.00048308074474334717,0.1108221560716629,0.10827349204947231,0.105496846139431,0.10786537751555443,0.10797885246574879,0.10816872492432594,0.10846193321049213,0.10884532630443573,0.0009799487888813019,0.009050680552766258,0.0004293043108797493,0.09422849718974671,0.55936598777771,0.09422849718974671,0.0,0.016101592779159547,0.037057891488075256,0.07396110892295837,0.12911419570446014,0.2007812440395355,0.07848878485578623,Movies,1,0.0496444785168877,0.053227365016937256,0.0496444785168877,0.0004849072138313204,0.03974165245890618,0.05112740211188793,0.05315316654741764,0.05322577152401209,0.0532272607088089,0.008032328420668977,,text,,0.9900628194506075,0.9917826295585412,0.9671305182341651,0.7716530710172744,-0.5209075212478638,-0.9900628194506075,-0.9998968839645386,-0.9986589610576629,-0.9977461397647858,-0.9958824515342712,-0.9909269660711288,-0.977672004699707,-1.0,0.019276308831800603,,0.04844263195991516,0.05507611110806465,-0.05196281149983406,run_hop,42,,,0.02967669628560543,,0.05144644765737028,0.05195745453238487,0.05144644765737028,0.027067819610238075,0.0508025873452425,0.05149135086685419,0.0517488531768322,0.051845693960785866,0.051893127337098124,0.0010016511994566078
0.11065855239707469,0.0,0.0,0.0004847068339586258,0.11341883987188339,0.11065855239707469,0.10793168097734451,0.11024356856942177,0.11036704666912556,0.11055641993880272,0.11085175350308418,0.11124015226960182,0.0009965837001800482,0.009005934729699096,0.00042849672563883244,0.10336904751490837,0.5981621742248535,0.10336904751490837,0.0,0.026520395278930665,0.04825654625892639,0.08358520269393921,0.13772158324718475,0.2097862422466278,0.07674964811239886,Movies,2,0.0496444785168877,0.053227365016937256,0.0496444785168877,0.0004849072138313204,0.03974165245890618,0.05112740211188793,0.05315316654741764,0.05322577152401209,0.0532272607088089,0.008032328420668977,,text,,0.9900628194506075,0.9917826295585412,0.9671305182341651,0.7716530710172744,-0.5209075212478638,-0.9900628194506075,-0.9998968839645386,-0.9986589610576629,-0.9977461397647858,-0.9958824515342712,-0.9909269660711288,-0.977672004699707,-1.0,0.019276308831800603,,0.04844263195991516,0.05507611110806465,-0.05196281149983406,run_hop,42,,,0.053640738129615784,,0.05144644765737028,0.05195745453238487,0.05144644765737028,0.027067819610238075,0.0508025873452425,0.05149135086685419,0.0517488531768322,0.051845693960785866,0.051893127337098124,0.0010016511994566078
0.09973511521144987,0.0,0.0,0.0004749000072479248,0.1022600531578064,0.09973511521144987,0.09738828241825104,0.09932131692767143,0.09944568946957588,0.09963363781571388,0.0999205894768238,0.10031995922327042,0.0009986422955989838,0.010012945726003671,0.0004197691229479801,0.11695593492898397,0.6129207611083984,0.11695593492898397,0.0,0.03346729278564453,0.05731068551540375,0.09564101696014404,0.1537467986345291,0.2332328975200653,0.08276550623900665,Movies,3,0.0496444785168877,0.053227365016937256,0.0496444785168877,0.0004849072138313204,0.03974165245890618,0.05112740211188793,0.05315316654741764,0.05322577152401209,0.0532272607088089,0.008032328420668977,,text,,0.9900628194506075,0.9917826295585412,0.9671305182341651,0.7716530710172744,-0.5209075212478638,-0.9900628194506075,-0.9998968839645386,-0.9986589610576629,-0.9977461397647858,-0.9958824515342712,-0.9909269660711288,-0.977672004699707,-1.0,0.019276308831800603,,0.04844263195991516,0.05507611110806465,-0.05196281149983406,run_hop,42,,,-0.06324806064367294,,0.05144644765737028,0.05195745453238487,0.05144644765737028,0.027067819610238075,0.0508025873452425,0.05149135086685419,0.0517488531768322,0.051845693960785866,0.051893127337098124,0.0010016511994566078
0.10280076472710768,0.0,0.0,0.005356615409255028,0.10657228529453278,0.10280076472710768,0.09699765592813492,0.09796650931239129,0.10019480623304844,0.10357856750488281,0.10555142164230347,0.10620966032147408,0.008243151009082794,0.08018569736212244,0.003020235376845672,0.14388477264218846,0.6245781183242798,0.14388477262788793,-1.1920928955078125e-07,0.036296975612640385,0.07490785419940948,0.1361910104751587,0.20146265625953674,0.26002079248428345,0.08624277309008736,Movies,1,0.03140813661234234,0.05225365236401558,0.03140813661234234,3.369048499735072e-05,0.014716491661965847,0.022085574455559254,0.031258225440979004,0.04114328604191542,0.05019899345934391,0.012687164571705222,,visual,,0.6012311107125538,0.18444097888675623,0.0838531669865643,0.007437619961612284,0.998593270778656,0.2263603343708487,-0.995235800743103,-0.7868841648101806,-0.3106740191578865,0.39430123567581177,0.7963414192199707,0.9286353826522826,0.3065019193857965,0.6285066516505411,,0.01377781294286251,0.0008788238628767431,0.05247518792748451,run_hop,42,,,0.017871571704745293,,0.031549715515323935,0.05240137130022049,0.011878301078269437,-0.05222518742084503,-0.04129189476370811,-0.016302678268402815,0.02069103065878153,0.041788166388869286,0.048730315268039705,0.032981004652765315
0.10077504677235036,0.0,0.0,0.005261814221739769,0.10448064655065536,0.10077504677235036,0.09507498145103455,0.09602614343166352,0.09821535088121891,0.10153790935873985,0.10347716510295868,0.1041245512664318,0.008098407834768284,0.08036124114119371,0.00296733101005551,0.1548468059111179,0.6573237180709839,0.1548468059111179,0.0,0.054174172878265384,0.09120573103427887,0.15018397569656372,0.20790384709835052,0.25891627073287965,0.07910143568706797,Movies,2,0.03140813661234234,0.05225365236401558,0.03140813661234234,3.369048499735072e-05,0.014716491661965847,0.022085574455559254,0.031258225440979004,0.04114328604191542,0.05019899345934391,0.012687164571705222,,visual,,0.6012311107125538,0.18444097888675623,0.0838531669865643,0.007437619961612284,0.998593270778656,0.2263603343708487,-0.995235800743103,-0.7868841648101806,-0.3106740191578865,0.39430123567581177,0.7963414192199707,0.9286353826522826,0.3065019193857965,0.6285066516505411,,0.01377781294286251,0.0008788238628767431,0.05247518792748451,run_hop,42,,,-0.004297610372304916,,0.031549715515323935,0.05240137130022049,0.011878301078269437,-0.05222518742084503,-0.04129189476370811,-0.016302678268402815,0.02069103065878153,0.041788166388869286,0.048730315268039705,0.032981004652765315
0.09578378975879394,0.0,0.0,0.0050315409898757935,0.09932548552751541,0.09578378975879394,0.09033750742673874,0.091245636343956,0.09333573654294014,0.09651242569088936,0.09836727753281593,0.0989849753677845,0.0077393390238285065,0.08080009199090137,0.0028358090223666583,0.17750146460581764,0.6817589402198792,0.17750146460581764,0.0,0.07204355597496033,0.1095220297574997,0.17277085781097412,0.23501278460025787,0.28816750049591067,0.08415329894905056,Movies,3,0.03140813661234234,0.05225365236401558,0.03140813661234234,3.369048499735072e-05,0.014716491661965847,0.022085574455559254,0.031258225440979004,0.04114328604191542,0.05019899345934391,0.012687164571705222,,visual,,0.6012311107125538,0.18444097888675623,0.0838531669865643,0.007437619961612284,0.998593270778656,0.2263603343708487,-0.995235800743103,-0.7868841648101806,-0.3106740191578865,0.39430123567581177,0.7963414192199707,0.9286353826522826,0.3065019193857965,0.6285066516505411,,0.01377781294286251,0.0008788238628767431,0.05247518792748451,run_hop,42,,,-0.06065534055233002,,0.031549715515323935,0.05240137130022049,0.011878301078269437,-0.05222518742084503,-0.04129189476370811,-0.016302678268402815,0.02069103065878153,0.041788166388869286,0.048730315268039705,0.032981004652765315
0.10562799912037224,0.0,0.0,0.0002816207706928253,0.10746363550424576,0.10562799912037224,0.10365360230207443,0.10537119209766388,0.10545529052615166,0.10556535795331001,0.10573691129684448,0.10596684217453003,0.0005956500768661555,0.0056391305508089904,0.0002703880876592375,0.07478666691656534,0.529087483882904,0.07478666691656534,5.960464477539063e-08,0.011867564916610718,0.027672916650772095,0.05636969208717346,0.10083766281604767,0.16261385083198543,0.06635230846022334,Movies,1,0.040427044966673056,0.051527220755815506,0.040427044966673056,1.5870741663093213e-06,0.02403453756123781,0.03247384913265705,0.043671708554029465,0.0511046564206481,0.05151557736098766,0.011428079192461733,,text,,0.9774822986107355,0.9857845489443378,0.916686660268714,0.3040427063339731,0.9996239542961121,0.9774822986107355,0.39689669013023376,0.9544338643550873,0.9719274491071701,0.9837674796581268,0.9915765970945358,0.9953016102313995,1.0,0.024122422841106744,,0.03540867567062378,0.04020905867218971,0.03894711285829544,run_hop,43,,,0.018514318391680717,,0.038070113393107174,0.03893246874213219,0.038070113393107174,0.015457980334758759,0.03717244379222393,0.03785376623272896,0.038314903154969215,0.03861904703080654,0.038764125853776935,0.0009394987152148021
0.10750720129999013,0.0,0.0,0.00028082728385925293,0.10911671072244644,0.10750720129999013,0.10564064234495163,0.10724789351224899,0.10733262449502945,0.10744321718811989,0.1076134517788887,0.10785836577415467,0.0006104722619056785,0.0056784313470920585,0.00027016045994098,0.0822604007289643,0.48858964443206787,0.0822604007289643,5.960464477539063e-08,0.019637548923492433,0.03621937334537506,0.06478792428970337,0.10842350125312805,0.1706832408905029,0.06499136036204359,Movies,2,0.040427044966673056,0.051527220755815506,0.040427044966673056,1.5870741663093213e-06,0.02403453756123781,0.03247384913265705,0.043671708554029465,0.0511046564206481,0.05151557736098766,0.011428079192461733,,text,,0.9774822986107355,0.9857845489443378,0.916686660268714,0.3040427063339731,0.9996239542961121,0.9774822986107355,0.39689669013023376,0.9544338643550873,0.9719274491071701,0.9837674796581268,0.9915765970945358,0.9953016102313995,1.0,0.024122422841106744,,0.03540867567062378,0.04020905867218971,0.03894711285829544,run_hop,43,,,0.03795165568590164,,0.038070113393107174,0.03893246874213219,0.038070113393107174,0.015457980334758759,0.03717244379222393,0.03785376623272896,0.038314903154969215,0.03861904703080654,0.038764125853776935,0.0009394987152148021
0.1002452668332586,0.0,0.0,0.00028467364609241486,0.10185634344816208,0.1002452668332586,0.09851962327957153,0.09998517856001854,0.1000665370374918,0.10017848387360573,0.10035121068358421,0.10060773715376854,0.0006225585937500028,0.006210353998850794,0.00027203519395283535,0.0931469651257294,0.5089636445045471,0.0931469651257294,1.1920928955078125e-07,0.024924767017364506,0.043503910303115845,0.07438409328460693,0.12118421494960785,0.19084388613700864,0.0702360757199052,Movies,3,0.040427044966673056,0.051527220755815506,0.040427044966673056,1.5870741663093213e-06,0.02403453756123781,0.03247384913265705,0.043671708554029465,0.0511046564206481,0.05151557736098766,0.011428079192461733,,text,,0.9774822986107355,0.9857845489443378,0.916686660268714,0.3040427063339731,0.9996239542961121,0.9774822986107355,0.39689669013023376,0.9544338643550873,0.9719274491071701,0.9837674796581268,0.9915765970945358,0.9953016102313995,1.0,0.024122422841106744,,0.03540867567062378,0.04020905867218971,0.03894711285829544,run_hop,43,,,-0.04052826389670372,,0.038070113393107174,0.03893246874213219,0.038070113393107174,0.015457980334758759,0.03717244379222393,0.03785376623272896,0.038314903154969215,0.03861904703080654,0.038764125853776935,0.0009394987152148021
0.10099418190014754,0.0,0.0,0.003442825749516487,0.1046200841665268,0.10099418190014754,0.09741055965423584,0.09817079454660416,0.0992799624800682,0.10103033855557442,0.1027227882295847,0.1037222184240818,0.005551423877477646,0.05496775926073983,0.002000783457835012,0.13687022947733096,0.5967775583267212,0.13687022946303043,-1.1920928955078125e-07,0.03464968204498291,0.07060422003269196,0.12840068340301514,0.1905800998210907,0.24880163669586178,0.08339397937099832,Movies,1,0.014716180134773209,0.04765702784061432,0.014716180134773209,1.848489887379401e-06,0.005576172517612577,0.009088445687666535,0.01379337627440691,0.019405800849199295,0.025136624462902546,0.007640864098604011,,visual,,0.4856896533302232,0.08793186180422265,0.039587332053742805,0.0014395393474088292,0.9950622320175171,0.014302453091173822,-0.990484893321991,-0.7483074903488159,-0.47321391850709915,-0.0013438641326501966,0.49539610743522644,0.8134197294712066,-0.001079654510556638,0.5624418258815809,,-0.0059113469906151295,-0.0036773113533854485,-0.039180297404527664,run_hop,43,,,0.011954812332987785,,0.019029465063581164,0.03880749270319939,-0.0005603743711849955,-0.03898683562874794,-0.031870026141405106,-0.019409766886383295,5.2652996600954793e-05,0.018540662247687578,0.029318910278379916,0.02203663801222428
0.09901317740761945,0.0,0.0,0.0033801309764385223,0.1025775671005249,0.09901317740761945,0.0955163836479187,0.09623821005225182,0.09733102656900883,0.09904835745692253,0.10071115754544735,0.10169412195682526,0.005455911904573438,0.05510288678099205,0.0019657790935820514,0.14667234644508292,0.5489075779914856,0.1466723463592797,-1.1920928955078125e-07,0.05118537545204163,0.08622537553310394,0.1404763162136078,0.1964690089225769,0.24562795758247374,0.0763852198748857,Movies,2,0.014716180134773209,0.04765702784061432,0.014716180134773209,1.848489887379401e-06,0.005576172517612577,0.009088445687666535,0.01379337627440691,0.019405800849199295,0.025136624462902546,0.007640864098604011,,visual,,0.4856896533302232,0.08793186180422265,0.039587332053742805,0.0014395393474088292,0.9950622320175171,0.014302453091173822,-0.990484893321991,-0.7483074903488159,-0.47321391850709915,-0.0013438641326501966,0.49539610743522644,0.8134197294712066,-0.001079654510556638,0.5624418258815809,,-0.0059113469906151295,-0.0036773113533854485,-0.039180297404527664,run_hop,43,,,-0.010021284222602844,,0.019029465063581164,0.03880749270319939,-0.0005603743711849955,-0.03898683562874794,-0.031870026141405106,-0.019409766886383295,5.2652996600954793e-05,0.018540662247687578,0.029318910278379916,0.02203663801222428
0.09774965073577273,0.0,0.0,0.003340955823659897,0.10127824544906616,0.09774965073577273,0.09428750723600388,0.09500508531928062,0.09608763083815575,0.09778596833348274,0.09942858666181564,0.10040059015154838,0.005395504832267764,0.05519717760217033,0.001943513336898977,0.1683500052828363,0.5777825117111206,0.1683500052828363,0.0,0.06685996055603027,0.1041325181722641,0.16215765476226807,0.2222353219985962,0.27650601863861085,0.08157207820644491,Movies,3,0.014716180134773209,0.04765702784061432,0.014716180134773209,1.848489887379401e-06,0.005576172517612577,0.009088445687666535,0.01379337627440691,0.019405800849199295,0.025136624462902546,0.007640864098604011,,visual,,0.4856896533302232,0.08793186180422265,0.039587332053742805,0.0014395393474088292,0.9950622320175171,0.014302453091173822,-0.990484893321991,-0.7483074903488159,-0.47321391850709915,-0.0013438641326501966,0.49539610743522644,0.8134197294712066,-0.001079654510556638,0.5624418258815809,,-0.0059113469906151295,-0.0036773113533854485,-0.039180297404527664,run_hop,43,,,-0.024186955764889717,,0.019029465063581164,0.03880749270319939,-0.0005603743711849955,-0.03898683562874794,-0.031870026141405106,-0.019409766886383295,5.2652996600954793e-05,0.018540662247687578,0.029318910278379916,0.02203663801222428
0.10759567820660113,0.0,0.0,0.000492144376039505,0.11025967448949814,0.10759567820660113,0.10555092990398407,0.10718243718147277,0.10729468800127506,0.10749463364481926,0.10778683237731457,0.10815788805484772,0.0009754508733749445,0.00906589269777969,0.00042396135033122897,0.09434401154904241,0.5991784334182739,0.09434401154904241,0.0,0.01662237048149109,0.038450613617897034,0.07444670796394348,0.12848873436450958,0.19738517999649044,0.07753264789902922,Movies,1,0.04707685940889758,0.0524170957505703,0.04707685940889758,1.612257256056182e-05,0.035483884066343306,0.04486879613250494,0.05139058642089367,0.05238106939941645,0.05241373106837273,0.008511458599644955,,text,,0.9887042679536137,0.9945417466410749,0.9709093090211133,0.6809620921305183,0.9996565580368042,0.9887042679536137,0.5663830637931824,0.9768429696559906,0.9878322333097458,0.9932675659656525,0.9962784051895142,0.997805517911911,1.0,0.016600093759844423,,0.05085676163434982,0.055229686200618744,0.04693557694554329,run_hop,44,,,0.027668017894029617,,0.04640540524375591,0.046919457614421844,0.04640540524375591,0.026583515107631683,0.04584868773818016,0.04636447690427303,0.046619586646556854,0.04676090180873871,0.04683257900178432,0.0007791349783816586
0.11000097342033918,0.0,0.0,0.000488894060254097,0.11254420131444931,0.11000097342033918,0.10803201049566269,0.10957693234086037,0.10970509238541126,0.10990675166249275,0.11019398644566536,0.1105516456067562,0.0009747132658958352,0.008860951276879789,0.0004190256775267521,0.10353032145613443,0.5570449829101562,0.10353032145613443,1.1920928955078125e-07,0.027109730243682864,0.049758315086364746,0.08553686738014221,0.13776995241641998,0.20320285558700563,0.07498356754685978,Movies,2,0.04707685940889758,0.0524170957505703,0.04707685940889758,1.612257256056182e-05,0.035483884066343306,0.04486879613250494,0.05139058642089367,0.05238106939941645,0.05241373106837273,0.008511458599644955,,text,,0.9887042679536137,0.9945417466410749,0.9709093090211133,0.6809620921305183,0.9996565580368042,0.9887042679536137,0.5663830637931824,0.9768429696559906,0.9878322333097458,0.9932675659656525,0.9962784051895142,0.997805517911911,1.0,0.016600093759844423,,0.05085676163434982,0.055229686200618744,0.04693557694554329,run_hop,44,,,0.051968902349472046,,0.04640540524375591,0.046919457614421844,0.04640540524375591,0.026583515107631683,0.04584868773818016,0.04636447690427303,0.046619586646556854,0.04676090180873871,0.04683257900178432,0.0007791349783816586
0.09960117556812553,0.0,0.0,0.0004752501845359802,0.10193315893411636,0.09960117556812553,0.09789179265499115,0.09917993694543839,0.09931012615561485,0.09951170906424522,0.09978537634015083,0.10014649331569672,0.0009665563702583313,0.009704266688976162,0.0004111679164716145,0.11725917451026457,0.5784807205200195,0.11725917451026457,1.1920928955078125e-07,0.03491976857185364,0.05974447727203369,0.09832876920700073,0.15305575728416443,0.22569137811660764,0.08052685175967193,Movies,3,0.04707685940889758,0.0524170957505703,0.04707685940889758,1.612257256056182e-05,0.035483884066343306,0.04486879613250494,0.05139058642089367,0.05238106939941645,0.05241373106837273,0.008511458599644955,,text,,0.9887042679536137,0.9945417466410749,0.9709093090211133,0.6809620921305183,0.9996565580368042,0.9887042679536137,0.5663830637931824,0.9768429696559906,0.9878322333097458,0.9932675659656525,0.9962784051895142,0.997805517911911,1.0,0.016600093759844423,,0.05085676163434982,0.055229686200618744,0.04693557694554329,run_hop,44,,,-0.05972333624958992,,0.04640540524375591,0.046919457614421844,0.04640540524375591,0.026583515107631683,0.04584868773818016,0.04636447690427303,0.046619586646556854,0.04676090180873871,0.04683257900178432,0.0007791349783816586
0.10296634822188307,0.0,0.0,0.005970507860183716,0.10660970956087112,0.10296634822188307,0.0967872366309166,0.09773354232311249,0.09998309426009655,0.10411476716399193,0.10595360212028027,0.10636746436357498,0.008633922040462497,0.08385188160478733,0.003252200014812389,0.14105758473148386,0.6158499717712402,0.14105758473148386,0.0,0.03546377420425416,0.07173818349838257,0.13182693719863892,0.19747303426265717,0.2589037179946899,0.08634672429805622,Movies,1,0.026991476067088068,0.051213569939136505,0.026991476067088068,4.156983322900487e-06,0.011671590059995652,0.018380039371550083,0.027106056921184063,0.03586985915899277,0.04217795394361019,0.011330705194960527,,visual,,0.6621679287627698,0.2883877159309021,0.1636876199616123,0.02411228406909789,0.9988331198692322,-0.26528327398688734,-0.9994175434112549,-0.9629252433776856,-0.8812323957681656,-0.5095934271812439,0.34658607095479965,0.8240490019321441,-0.32245681381957775,0.6727573788382089,,0.0027116781566292048,-0.006222179625183344,-0.05265547335147858,run_hop,44,,,0.018870752304792404,,0.03486676572109792,0.05262480303645134,0.013968616349655035,-0.052594032138586044,-0.04339069128036499,-0.01824965327978134,0.026832883246243,0.04640170745551586,0.05070328414440155,0.0354243582292143
0.1005661076479082,0.0,0.0,0.00585230253636837,0.10413967818021774,0.1005661076479082,0.09455467015504837,0.09543433561921119,0.09764056466519833,0.10169047862291336,0.1034928672015667,0.10389750599861144,0.008463170379400253,0.08415529423636924,0.0031855550826474974,0.15210214190385277,0.6353275775909424,0.15210214190385277,0.0,0.05331167578697205,0.08905825018882751,0.1461610198020935,0.20414747297763824,0.2575599431991577,0.07924652754899388,Movies,2,0.026991476067088068,0.051213569939136505,0.026991476067088068,4.156983322900487e-06,0.011671590059995652,0.018380039371550083,0.027106056921184063,0.03586985915899277,0.04217795394361019,0.011330705194960527,,visual,,0.6621679287627698,0.2883877159309021,0.1636876199616123,0.02411228406909789,0.9988331198692322,-0.26528327398688734,-0.9994175434112549,-0.9629252433776856,-0.8812323957681656,-0.5095934271812439,0.34658607095479965,0.8240490019321441,-0.32245681381957775,0.6727573788382089,,0.0027116781566292048,-0.006222179625183344,-0.05265547335147858,run_hop,44,,,-0.0073227048851549625,,0.03486676572109792,0.05262480303645134,0.013968616349655035,-0.052594032138586044,-0.04339069128036499,-0.01824965327978134,0.026832883246243,0.04640170745551586,0.05070328414440155,0.0354243582292143
0.09665382058527713,0.0,0.0,0.0056524332612752914,0.10011429339647293,0.09665382058527713,0.09084977954626083,0.09169525802135467,0.09382760524749756,0.09773870557546616,0.09948003850877285,0.09987163841724396,0.00817638039588929,0.08459448727731068,0.0030763547441199153,0.17441571546064227,0.6630876660346985,0.17441571546064227,0.0,0.0693051278591156,0.10717323422431946,0.1680397093296051,0.231194868683815,0.28768054842948915,0.0845603094127671,Movies,3,0.026991476067088068,0.051213569939136505,0.026991476067088068,4.156983322900487e-06,0.011671590059995652,0.018380039371550083,0.027106056921184063,0.03586985915899277,0.04217795394361019,0.011330705194960527,,visual,,0.6621679287627698,0.2883877159309021,0.1636876199616123,0.02411228406909789,0.9988331198692322,-0.26528327398688734,-0.9994175434112549,-0.9629252433776856,-0.8812323957681656,-0.5095934271812439,0.34658607095479965,0.8240490019321441,-0.32245681381957775,0.6727573788382089,,0.0027116781566292048,-0.006222179625183344,-0.05265547335147858,run_hop,44,,,-0.05120931193232536,,0.03486676572109792,0.05262480303645134,0.013968616349655035,-0.052594032138586044,-0.04339069128036499,-0.01824965327978134,0.026832883246243,0.04640170745551586,0.05070328414440155,0.0354243582292143
0.10379162856665002,0.0,0.0,0.0016230903565883636,0.10610801726579666,0.10379162856665002,0.09640950709581375,0.10014578253030777,0.10350839793682098,0.10477711260318756,0.10513148829340935,0.10534504055976868,0.005199258029460904,0.05009323103618223,0.0022210521146229178,0.09986240399520332,0.493042528629303,0.09986240396064155,-2.384185791015625e-07,0.017516493797302246,0.04127633571624756,0.08397066593170166,0.14175641536712646,0.20428009033203132,0.07521274377079588,Toys,1,0.02991925707590734,0.051634471863508224,0.02991925707590734,0.0,0.01030811369419098,0.018554999493062496,0.030175982043147087,0.04261733032763004,0.04902496859431267,0.014137331222267803,,text,,0.7877874082392106,0.49780140130466294,0.3514375453007973,0.09480550857695096,0.9865315556526184,-0.6593115560609865,-0.9995676875114441,-0.9895409941673279,-0.9703176021575928,-0.8889878988265991,-0.6036616861820221,0.1523269623517993,-0.7667069340420392,0.49855374640085043,,0.01863793469965458,0.027057740837335587,-0.0480324886739254,run_hop,42,,,0.006276524625718594,,0.037839389760566465,0.04801172390580177,0.031668374845283995,-0.0473855659365654,-0.0073166429996490475,0.028995373286306858,0.042700301855802536,0.046606769785284996,0.047530116885900496,0.023946777174183236
0.10526940482455943,0.0,0.0,0.0016486048698425293,0.1074858233332634,0.10526940482455943,0.09780977666378021,0.10160378366708755,0.10498969256877899,0.10627013444900513,0.10663829743862152,0.10683374851942062,0.005229964852333069,0.04968171769375514,0.002248018788727126,0.10768874101979803,0.48346996307373047,0.10768874098523627,-2.384185791015625e-07,0.032423663139343264,0.05770412087440491,0.09569007158279419,0.14582672715187073,0.2005672097206116,0.0671890351570746,Toys,2,0.02991925707590734,0.051634471863508224,0.02991925707590734,0.0,0.01030811369419098,0.018554999493062496,0.030175982043147087,0.04261733032763004,0.04902496859431267,0.014137331222267803,,text,,0.7877874082392106,0.49780140130466294,0.3514375453007973,0.09480550857695096,0.9865315556526184,-0.6593115560609865,-0.9995676875114441,-0.9895409941673279,-0.9703176021575928,-0.8889878988265991,-0.6036616861820221,0.1523269623517993,-0.7667069340420392,0.49855374640085043,,0.01863793469965458,0.027057740837335587,-0.0480324886739254,run_hop,42,,,0.021853594109416008,,0.037839389760566465,0.04801172390580177,0.031668374845283995,-0.0473855659365654,-0.0073166429996490475,0.028995373286306858,0.042700301855802536,0.046606769785284996,0.047530116885900496,0.023946777174183236
0.10106999989284873,0.0,0.0,0.0015910789370536804,0.10317794233560562,0.10106999989284873,0.09384724497795105,0.09753711819648743,0.10080191120505333,0.10202910751104355,0.10239299014210701,0.10258937627077103,0.005052258074283597,0.04998771227456076,0.002172005943514768,0.12731661251934004,0.5254443287849426,0.12731661248477827,-1.1920928955078125e-07,0.04261406660079956,0.07265618443489075,0.11595654487609863,0.17027196288108826,0.22897129058837892,0.07372519699812861,Toys,3,0.02991925707590734,0.051634471863508224,0.02991925707590734,0.0,0.01030811369419098,0.018554999493062496,0.030175982043147087,0.04261733032763004,0.04902496859431267,0.014137331222267803,,text,,0.7877874082392106,0.49780140130466294,0.3514375453007973,0.09480550857695096,0.9865315556526184,-0.6593115560609865,-0.9995676875114441,-0.9895409941673279,-0.9703176021575928,-0.8889878988265991,-0.6036616861820221,0.1523269623517993,-0.7667069340420392,0.49855374640085043,,0.01863793469965458,0.027057740837335587,-0.0480324886739254,run_hop,42,,,-0.02407255582511425,,0.037839389760566465,0.04801172390580177,0.031668374845283995,-0.0473855659365654,-0.0073166429996490475,0.028995373286306858,0.042700301855802536,0.046606769785284996,0.047530116885900496,0.023946777174183236
0.09651110209389624,0.0,0.0,0.002798527479171753,0.10065804421901703,0.09651110209389624,0.09333498030900955,0.09441526532173157,0.09503014385700226,0.09627211093902588,0.09782867133617401,0.09906372427940369,0.004648458957672116,0.04816501787640387,0.0017092839402161007,0.11469805039884849,0.5886319279670715,0.11469805020299849,-1.1920928955078125e-07,0.02616887092590332,0.0539763867855072,0.09883642196655273,0.1593223512172699,0.22351565361022982,0.07977168537859271,Toys,1,0.032246622280220655,0.05031866580247879,0.032246622280220655,0.0,0.01558976210653782,0.023483856581151485,0.03358982503414154,0.04251508414745331,0.04670728445053101,0.011701935018603287,,visual,,0.48481520894509367,0.07016187484899734,0.02169606185068857,9.664170089393573e-05,0.9928659200668335,0.21174477248832563,-0.9888520240783691,-0.5613730072975158,-0.1909201815724373,0.2835296094417572,0.6641197800636292,0.8514400601387024,0.314327132157526,0.517754364011499,,-0.02793753892183304,-0.0232644435018301,-0.03741196542978287,run_hop,42,,,-0.028044359758496284,,0.01813788983411073,0.036994896829128265,-0.007921788103296778,-0.037145067006349564,-0.03185404688119888,-0.024846025742590427,-0.010607399977743626,0.0071426990907639265,0.021002067998051654,0.019370208361803358
0.09663741189872162,0.0,0.0,0.0028171315789222717,0.10077272355556488,0.09663741189872162,0.09361381083726883,0.09453053027391434,0.0951479971408844,0.09639990329742432,0.09796512871980667,0.09918641895055771,0.004655888676643377,0.04817894628091534,0.0017129226722022392,0.12138898316199263,0.564889669418335,0.1213889830813485,-1.1920928955078125e-07,0.04364982843399048,0.06818735599517822,0.1082162857055664,0.1597902774810791,0.216763997077942,0.07132344425564385,Toys,2,0.032246622280220655,0.05031866580247879,0.032246622280220655,0.0,0.01558976210653782,0.023483856581151485,0.03358982503414154,0.04251508414745331,0.04670728445053101,0.011701935018603287,,visual,,0.48481520894509367,0.07016187484899734,0.02169606185068857,9.664170089393573e-05,0.9928659200668335,0.21174477248832563,-0.9888520240783691,-0.5613730072975158,-0.1909201815724373,0.2835296094417572,0.6641197800636292,0.8514400601387024,0.314327132157526,0.517754364011499,,-0.02793753892183304,-0.0232644435018301,-0.03741196542978287,run_hop,42,,,-0.02644139900803566,,0.01813788983411073,0.036994896829128265,-0.007921788103296778,-0.037145067006349564,-0.03185404688119888,-0.024846025742590427,-0.010607399977743626,0.0071426990907639265,0.021002067998051654,0.019370208361803358
0.09872308023729368,0.0,0.0,0.0028737112879753113,0.1029689610004425,0.09872308023729368,0.09557462483644485,0.09656937718391419,0.09720718860626221,0.09848392754793167,0.10008089989423752,0.10131715536117554,0.0047477781772613525,0.0480918764467373,0.0017478425832030853,0.14414025321908838,0.5998448133468628,0.14414025313844425,-2.384185791015625e-07,0.05688576698303223,0.0857347846031189,0.1307607889175415,0.18706879019737244,0.25000636577606206,0.07862164097509833,Toys,3,0.032246622280220655,0.05031866580247879,0.032246622280220655,0.0,0.01558976210653782,0.023483856581151485,0.03358982503414154,0.04251508414745331,0.04670728445053101,0.011701935018603287,,visual,,0.48481520894509367,0.07016187484899734,0.02169606185068857,9.664170089393573e-05,0.9928659200668335,0.21174477248832563,-0.9888520240783691,-0.5613730072975158,-0.1909201815724373,0.2835296094417572,0.6641197800636292,0.8514400601387024,0.314327132157526,0.517754364011499,,-0.02793753892183304,-0.0232644435018301,-0.03741196542978287,run_hop,42,,,-0.0022473917342722416,,0.01813788983411073,0.036994896829128265,-0.007921788103296778,-0.037145067006349564,-0.03185404688119888,-0.024846025742590427,-0.010607399977743626,0.0071426990907639265,0.021002067998051654,0.019370208361803358
0.10331989282260168,0.0,0.0,0.0003334805369377136,0.10434850305318832,0.10331989282260168,0.10080049932003021,0.10291147083044053,0.10319305583834648,0.10337339341640472,0.1035265363752842,0.1036821112036705,0.0007706403732299777,0.007458780222949843,0.0003622376076174348,0.09291685144519368,0.47410136461257935,0.09291685143367309,-1.1920928955078125e-07,0.016362178325653075,0.03892400860786438,0.07848912477493286,0.13076037168502808,0.1888182520866394,0.0700937589061559,Toys,1,0.03915108120011551,0.05168065056204796,0.03915108120011551,0.0,0.021191224828362464,0.03164646029472351,0.04277690127491951,0.049359891563653946,0.051279839128255844,0.011961850732955356,,text,,0.8616357752234097,0.5389224450350326,0.24522831601836192,0.0030442135781589756,0.9959747195243835,0.861042419119365,-0.366457998752594,0.6994472146034241,0.8284335732460022,0.908173680305481,0.9493492543697357,0.9698436856269836,0.9952645566561971,0.14400122851119423,,0.005917432252317667,0.024853786453604698,0.02315818890929222,run_hop,43,,,0.013868121430277824,,0.019953924053997395,0.02306497097015381,0.019940183001201133,-0.00848650373518467,0.01619793102145195,0.019185020588338375,0.021031657233834267,0.021985209546983242,0.02245982326567173,0.0033348076503131813
0.10363739867966715,0.0,0.0,0.00033242255449295044,0.10472828894853592,0.10363739867966715,0.10110452771186829,0.10322538018226624,0.10351449996232986,0.10370492190122604,0.10384692251682281,0.10398078560829163,0.0007554054260253962,0.00728892692832816,0.0003579821732676509,0.0994846719824539,0.47468918561935425,0.09948467197093332,-1.1920928955078125e-07,0.03020002841949463,0.05389663577079773,0.08870899677276611,0.13323327898979187,0.18471745252609253,0.06215450313106217,Toys,2,0.03915108120011551,0.05168065056204796,0.03915108120011551,0.0,0.021191224828362464,0.03164646029472351,0.04277690127491951,0.049359891563653946,0.051279839128255844,0.011961850732955356,,text,,0.8616357752234097,0.5389224450350326,0.24522831601836192,0.0030442135781589756,0.9959747195243835,0.861042419119365,-0.366457998752594,0.6994472146034241,0.8284335732460022,0.908173680305481,0.9493492543697357,0.9698436856269836,0.9952645566561971,0.14400122851119423,,0.005917432252317667,0.024853786453604698,0.02315818890929222,run_hop,43,,,0.01712755672633648,,0.019953924053997395,0.02306497097015381,0.019940183001201133,-0.00848650373518467,0.01619793102145195,0.019185020588338375,0.021031657233834267,0.021985209546983242,0.02245982326567173,0.0033348076503131813
0.1005087710778389,0.0,0.0,0.0003390870988368988,0.10162603110074997,0.1005087710778389,0.09804700314998627,0.10009459406137466,0.10038121044635773,0.10057327896356583,0.10072029754519463,0.10085573494434356,0.0007611408829688998,0.007572880205368965,0.00035733339743297205,0.11767543598660296,0.5173859000205994,0.11767543596356178,-1.1920928955078125e-07,0.03994975090026855,0.06826218962669373,0.10719424486160278,0.1552506685256958,0.21095937490463265,0.06819587877998716,Toys,3,0.03915108120011551,0.05168065056204796,0.03915108120011551,0.0,0.021191224828362464,0.03164646029472351,0.04277690127491951,0.049359891563653946,0.051279839128255844,0.011961850732955356,,text,,0.8616357752234097,0.5389224450350326,0.24522831601836192,0.0030442135781589756,0.9959747195243835,0.861042419119365,-0.366457998752594,0.6994472146034241,0.8284335732460022,0.908173680305481,0.9493492543697357,0.9698436856269836,0.9952645566561971,0.14400122851119423,,0.005917432252317667,0.024853786453604698,0.02315818890929222,run_hop,43,,,-0.017462585121393204,,0.019953924053997395,0.02306497097015381,0.019940183001201133,-0.00848650373518467,0.01619793102145195,0.019185020588338375,0.021031657233834267,0.021985209546983242,0.02245982326567173,0.0033348076503131813
0.09648040489179555,0.0,0.0,0.002850741147994995,0.10047193616628647,0.09648040489179555,0.09341225773096085,0.09449050575494766,0.09498648345470428,0.09613871574401855,0.09783722460269928,0.09909376502037048,0.004603259265422821,0.047711856832874454,0.0017026597621825424,0.11128518747286856,0.6325591802597046,0.11128518733462149,-1.1920928955078125e-07,0.025253605842590333,0.0515306293964386,0.09560823440551758,0.15487220883369446,0.21632766723632815,0.07817701898923805,Toys,1,0.035712811041302264,0.05143161490559578,0.035712811041302264,0.0,0.01711750067770481,0.02728139515966177,0.03822711110115051,0.04582762159407139,0.04981915503740311,0.011969602508754814,,visual,,0.5249057168255623,0.08460980913264074,0.026673109446726264,0.00024160425223483932,0.9932934045791626,0.2369254127105774,-0.9796842932701111,-0.6075216054916381,-0.20085858553647995,0.3477104604244232,0.7227125763893127,0.8759098172187805,0.33529838125151,0.5459292148768856,,-0.03073611482977867,-0.022697925567626953,-0.03506875038146973,run_hop,43,,,-0.027954114601016045,,0.018407787552422998,0.03435630351305008,-0.008308678152651173,-0.03483355790376663,-0.030717062950134277,-0.02534462697803974,-0.012193771079182625,0.007043859688565135,0.02130502350628379,0.019145055358920745
0.09657545729366354,0.0,0.0,0.00285923108458519,0.10053499788045883,0.09657545729366354,0.09363916516304016,0.09457968026399613,0.09507427364587784,0.09623052924871445,0.09793350473046303,0.099186871945858,0.004607191681861869,0.047705616011786134,0.0017038322819828595,0.11775718196690096,0.5834766626358032,0.1177571819438598,-1.1920928955078125e-07,0.041409969329833984,0.06555262207984924,0.10428202152252197,0.1555444598197937,0.2113541126251221,0.07018635028304292,Toys,2,0.035712811041302264,0.05143161490559578,0.035712811041302264,0.0,0.01711750067770481,0.02728139515966177,0.03822711110115051,0.04582762159407139,0.04981915503740311,0.011969602508754814,,visual,,0.5249057168255623,0.08460980913264074,0.026673109446726264,0.00024160425223483932,0.9932934045791626,0.2369254127105774,-0.9796842932701111,-0.6075216054916381,-0.20085858553647995,0.3477104604244232,0.7227125763893127,0.8759098172187805,0.33529838125151,0.5459292148768856,,-0.03073611482977867,-0.022697925567626953,-0.03506875038146973,run_hop,43,,,-0.026717279106378555,,0.018407787552422998,0.03435630351305008,-0.008308678152651173,-0.03483355790376663,-0.030717062950134277,-0.02534462697803974,-0.012193771079182625,0.007043859688565135,0.02130502350628379,0.019145055358920745
0.09848850952503214,0.0,0.0,0.002916906028985977,0.10254574567079544,0.09848850952503214,0.09545888751745224,0.09645010828971863,0.096964530646801,0.09814107418060303,0.09988143667578697,0.1011487752199173,0.004698666930198672,0.047707767665594904,0.001737097272441932,0.13986769495277654,0.6091712713241577,0.13986769494125595,-1.1920928955078125e-07,0.05405080318450928,0.08251497149467468,0.12608444690704346,0.18271061778068542,0.24259456396102907,0.07759878220977405,Toys,3,0.035712811041302264,0.05143161490559578,0.035712811041302264,0.0,0.01711750067770481,0.02728139515966177,0.03822711110115051,0.04582762159407139,0.04981915503740311,0.011969602508754814,,visual,,0.5249057168255623,0.08460980913264074,0.026673109446726264,0.00024160425223483932,0.9932934045791626,0.2369254127105774,-0.9796842932701111,-0.6075216054916381,-0.20085858553647995,0.3477104604244232,0.7227125763893127,0.8759098172187805,0.33529838125151,0.5459292148768856,,-0.03073611482977867,-0.022697925567626953,-0.03506875038146973,run_hop,43,,,-0.0044800941832363605,,0.018407787552422998,0.03435630351305008,-0.008308678152651173,-0.03483355790376663,-0.030717062950134277,-0.02534462697803974,-0.012193771079182625,0.007043859688565135,0.02130502350628379,0.019145055358920745
0.10187634972377975,0.0,0.0,0.004561960697174072,0.10537789016962051,0.10187634972377975,0.09581166505813599,0.09737478196620941,0.09975526109337807,0.1028522402048111,0.10431722179055214,0.1046530082821846,0.007278226315975189,0.07144176578408443,0.0027445602770409883,0.10386073244283325,0.533203661441803,0.10386073240827148,-1.1920928955078125e-07,0.018695545196533204,0.04306700825691223,0.08773744106292725,0.14677634835243225,0.21049188375473027,0.07773459867730326,Toys,1,0.031720289493167714,0.05164939910173416,0.031720289493167714,0.0,0.013931791298091412,0.02257456909865141,0.03260977566242218,0.042151812463998795,0.048372757434844975,0.012630805157328777,,text,,0.6441006843629403,0.2905049528871708,0.18748489973423532,0.047161150036240634,0.9991190433502197,0.36032130962805053,-0.9834961891174316,-0.6570285320281982,-0.10876088589429855,0.5856441855430603,0.9094407558441162,0.9780122756958008,0.4334863493597487,0.6143403142407253,,0.00967224221676588,0.0235169418156147,0.0490790419280529,run_hop,44,,,-0.00012000013521173969,,0.031611844494389515,0.04903580620884895,0.017684224660740693,-0.04826905205845833,-0.03224633038043976,-0.005337879993021488,0.028742855414748192,0.04463448002934456,0.047999905049800874,0.03015123403988382
0.10327270979839813,0.0,0.0,0.004619944840669632,0.10671209543943405,0.10327270979839813,0.09712743759155273,0.098716701567173,0.10113270953297615,0.10425101220607758,0.10575265437364578,0.10609155893325806,0.00737485736608505,0.07141148305695015,0.002779052177771558,0.1107112887430433,0.4825820326805115,0.11071128872000212,-1.1920928955078125e-07,0.03381868600845337,0.05992835760116577,0.09871315956115723,0.14884868264198303,0.2042409896850586,0.06875441001393752,Toys,2,0.031720289493167714,0.05164939910173416,0.031720289493167714,0.0,0.013931791298091412,0.02257456909865141,0.03260977566242218,0.042151812463998795,0.048372757434844975,0.012630805157328777,,text,,0.6441006843629403,0.2905049528871708,0.18748489973423532,0.047161150036240634,0.9991190433502197,0.36032130962805053,-0.9834961891174316,-0.6570285320281982,-0.10876088589429855,0.5856441855430603,0.9094407558441162,0.9780122756958008,0.4334863493597487,0.6143403142407253,,0.00967224221676588,0.0235169418156147,0.0490790419280529,run_hop,44,,,0.014889219775795937,,0.031611844494389515,0.04903580620884895,0.017684224660740693,-0.04826905205845833,-0.03224633038043976,-0.005337879993021488,0.028742855414748192,0.04463448002934456,0.047999905049800874,0.03015123403988382
0.1009415940879537,0.0,0.0,0.004532564431428909,0.10430009663105011,0.1009415940879537,0.09488381445407867,0.09648122042417526,0.09883952140808105,0.10189855098724365,0.10337208583950996,0.10371331125497818,0.007232090830802923,0.0716462910663935,0.0027259287846770745,0.1312141947223242,0.5307607650756836,0.13121419469928303,-1.1920928955078125e-07,0.044579279422760014,0.07593941688537598,0.11988294124603271,0.17473259568214417,0.23464820384979276,0.07555452093828424,Toys,3,0.031720289493167714,0.05164939910173416,0.031720289493167714,0.0,0.013931791298091412,0.02257456909865141,0.03260977566242218,0.042151812463998795,0.048372757434844975,0.012630805157328777,,text,,0.6441006843629403,0.2905049528871708,0.18748489973423532,0.047161150036240634,0.9991190433502197,0.36032130962805053,-0.9834961891174316,-0.6570285320281982,-0.10876088589429855,0.5856441855430603,0.9094407558441162,0.9780122756958008,0.4334863493597487,0.6143403142407253,,0.00967224221676588,0.0235169418156147,0.0490790419280529,run_hop,44,,,-0.0110231414437294,,0.031611844494389515,0.04903580620884895,0.017684224660740693,-0.04826905205845833,-0.03224633038043976,-0.005337879993021488,0.028742855414748192,0.04463448002934456,0.047999905049800874,0.03015123403988382
0.09678917569896972,0.0,0.0,0.003072299063205719,0.10021688789129257,0.09678917569896972,0.09405547380447388,0.0948280543088913,0.09522688388824463,0.09640106558799744,0.09829918295145035,0.09941971302032471,0.004591658711433411,0.04743979559932182,0.001704002116581054,0.110773168482277,0.6263939142227173,0.110773168286427,-2.384185791015625e-07,0.025124049186706545,0.05126252770423889,0.09470665454864502,0.15307319164276123,0.21598594188690187,0.07837831067994347,Toys,1,0.03402265462320394,0.050432465970516205,0.03402265462320394,0.0,0.016798757761716843,0.025105904787778854,0.03610651195049286,0.04444472678005695,0.04798751324415207,0.011847900108205495,,visual,,0.5787215893836586,0.14897318192800194,0.05677699927518724,0.001063058709833293,0.9944643974304199,0.1803285154111441,-0.9913673996925354,-0.7797661304473877,-0.3763853907585144,0.32265767455101013,0.7514684200286865,0.9041906237602235,0.2513167431746799,0.6200937576089385,,-0.021967966109514236,-0.019724193960428238,-0.03106025420129299,run_hop,44,,,-0.02781529352068901,,0.017975239683385096,0.030792122706770897,-0.005601049536004859,-0.03088831715285778,-0.028084390982985496,-0.0233407998457551,-0.010021829046308994,0.011690625920891762,0.024219733849167823,0.019260269745240557
0.09701787560537374,0.0,0.0,0.003079582005739212,0.10042068362236023,0.09701787560537374,0.0943014994263649,0.09504594504833222,0.09545553475618362,0.09663207828998566,0.09853511676192284,0.09965698421001434,0.004611039161682123,0.04752772757455837,0.0017065333720505747,0.11724955445471867,0.5653645396232605,0.1172495543279922,-2.384185791015625e-07,0.04148070812225342,0.0652289092540741,0.10375392436981201,0.15378329157829285,0.2108641982078553,0.0704632902666248,Toys,2,0.03402265462320394,0.050432465970516205,0.03402265462320394,0.0,0.016798757761716843,0.025105904787778854,0.03610651195049286,0.04444472678005695,0.04798751324415207,0.011847900108205495,,visual,,0.5787215893836586,0.14897318192800194,0.05677699927518724,0.001063058709833293,0.9944643974304199,0.1803285154111441,-0.9913673996925354,-0.7797661304473877,-0.3763853907585144,0.32265767455101013,0.7514684200286865,0.9041906237602235,0.2513167431746799,0.6200937576089385,,-0.021967966109514236,-0.019724193960428238,-0.03106025420129299,run_hop,44,,,-0.02507401630282402,,0.017975239683385096,0.030792122706770897,-0.005601049536004859,-0.03088831715285778,-0.028084390982985496,-0.0233407998457551,-0.010021829046308994,0.011690625920891762,0.024219733849167823,0.019260269745240557
0.0999915885339183,0.0,0.0,0.003164514899253845,0.10346998274326324,0.0999915885339183,0.09715414047241211,0.09796413630247117,0.09838549792766571,0.09959553927183151,0.10155001282691956,0.10270322859287262,0.004739092290401453,0.047394909510278485,0.001754979978773441,0.1391726567826429,0.5941876173019409,0.13917265671351936,-2.384185791015625e-07,0.05408192873001099,0.08184239268302917,0.1253032684326172,0.18015307188034058,0.2427476167678833,0.07791404303282573,Toys,3,0.03402265462320394,0.050432465970516205,0.03402265462320394,0.0,0.016798757761716843,0.025105904787778854,0.03610651195049286,0.04444472678005695,0.04798751324415207,0.011847900108205495,,visual,,0.5787215893836586,0.14897318192800194,0.05677699927518724,0.001063058709833293,0.9944643974304199,0.1803285154111441,-0.9913673996925354,-0.7797661304473877,-0.3763853907585144,0.32265767455101013,0.7514684200286865,0.9041906237602235,0.2513167431746799,0.6200937576089385,,-0.021967966109514236,-0.019724193960428238,-0.03106025420129299,run_hop,44,,,0.008848592638969421,,0.017975239683385096,0.030792122706770897,-0.005601049536004859,-0.03088831715285778,-0.028084390982985496,-0.0233407998457551,-0.010021829046308994,0.011690625920891762,0.024219733849167823,0.019260269745240557
0.10384657020350384,0.0,0.0,0.000776093453168869,0.10609062761068344,0.10384657020350384,0.10259775817394257,0.10313514918088913,0.10344190523028374,0.10383858904242516,0.1042179986834526,0.10456273555755616,0.0014275863766670255,0.013747072954414347,0.0005434618338405058,0.11000886677131728,0.504518985748291,0.11000886677131728,0.0,0.012449061870574952,0.03974512219429016,0.09313243627548218,0.16350795328617096,0.23006334304809573,0.08464556574800876,Grocery,1,0.03754499797322075,0.052657730877399445,0.03754499797322075,2.0531104382826015e-05,0.02155340388417244,0.030611158814281225,0.03939579799771309,0.04703452903777361,0.051164358481764795,0.011557303415003347,,text,,0.41765387748847194,0.01347077427667799,0.0011713716762328688,0.0,0.963126540184021,0.05076284140150609,-0.9652183055877686,-0.63308966755867,-0.3450576663017273,0.0767139196395874,0.4587002620100975,0.6917097091674805,0.08972707039943773,0.4838534713579279,,0.023147771134972572,0.05053706094622612,-0.008848731406033039,run_hop,42,,,0.03603466972708702,,0.0036957069818942057,0.008540957234799862,-0.0004491867489387831,-0.008522448129951954,-0.006120753474533558,-0.004058915423229337,-0.0006788208847865462,0.0030533226090483367,0.005602040328085424,0.004281489407498299
0.10320610616387117,0.0,0.0,0.0007390473037958145,0.10501652210950851,0.10320610616387117,0.10195116698741913,0.10252691507339477,0.10282771475613117,0.1032070517539978,0.10356676205992699,0.10387600511312485,0.0013490900397300776,0.013071804468380134,0.0005097024795313512,0.13013254327197063,0.4846265912055969,0.13013254327197063,0.00012999773025512695,0.039850759506225596,0.06899760663509369,0.12178623676300049,0.18088190257549286,0.23422011733055115,0.07544672042889694,Grocery,2,0.03754499797322075,0.052657730877399445,0.03754499797322075,2.0531104382826015e-05,0.02155340388417244,0.030611158814281225,0.03939579799771309,0.04703452903777361,0.051164358481764795,0.011557303415003347,,text,,0.41765387748847194,0.01347077427667799,0.0011713716762328688,0.0,0.963126540184021,0.05076284140150609,-0.9652183055877686,-0.63308966755867,-0.3450576663017273,0.0767139196395874,0.4587002620100975,0.6917097091674805,0.08972707039943773,0.4838534713579279,,0.023147771134972572,0.05053706094622612,-0.008848731406033039,run_hop,42,,,0.02811809629201889,,0.0036957069818942057,0.008540957234799862,-0.0004491867489387831,-0.008522448129951954,-0.006120753474533558,-0.004058915423229337,-0.0006788208847865462,0.0030533226090483367,0.005602040328085424,0.004281489407498299
0.09540008057091685,0.0,0.0,0.0006965268403291702,0.09716713428497314,0.09540008057091685,0.09415650367736816,0.09475565999746323,0.0950451921671629,0.09540123492479324,0.09574171900749207,0.09603702872991562,0.0012813687324523954,0.013431526732164991,0.00048435399953935827,0.15368832194499338,0.5015047788619995,0.15368832194499338,0.00013017654418945312,0.057539510726928714,0.09169544279575348,0.14672937989234924,0.2077046036720276,0.2617592513561249,0.07897948919957115,Grocery,3,0.03754499797322075,0.052657730877399445,0.03754499797322075,2.0531104382826015e-05,0.02155340388417244,0.030611158814281225,0.03939579799771309,0.04703452903777361,0.051164358481764795,0.011557303415003347,,text,,0.41765387748847194,0.01347077427667799,0.0011713716762328688,0.0,0.963126540184021,0.05076284140150609,-0.9652183055877686,-0.63308966755867,-0.3450576663017273,0.0767139196395874,0.4587002620100975,0.6917097091674805,0.08972707039943773,0.4838534713579279,,0.023147771134972572,0.05053706094622612,-0.008848731406033039,run_hop,42,,,-0.06038838252425194,,0.0036957069818942057,0.008540957234799862,-0.0004491867489387831,-0.008522448129951954,-0.006120753474533558,-0.004058915423229337,-0.0006788208847865462,0.0030533226090483367,0.005602040328085424,0.004281489407498299
0.09696323239775037,0.0,0.0,0.004769772291183472,0.10173670202493668,0.09696323239775037,0.09381569921970367,0.09433010816574097,0.09459309838712215,0.0960632860660553,0.09936287067830563,0.10103576034307479,0.006705652177333821,0.06915664846812843,0.002548419113576584,0.12697977196964988,0.584004282951355,0.12697977180208384,-1.1920928955078125e-07,0.015688270330429077,0.04648482799530029,0.10902398824691772,0.18941806256771088,0.2630538105964661,0.09590427653267591,Grocery,1,0.030106612775360583,0.05009002611041069,0.030106612775360583,2.4383218715229305e-06,0.012788317538797856,0.02039120579138398,0.03056772891432047,0.040940484032034874,0.046609384939074516,0.012495223460886294,,visual,,0.6739181630223825,0.32060442778493614,0.20463863183788217,0.031509898090664165,0.9987527132034302,0.2511783744757707,-0.9967057704925537,-0.8481812596321106,-0.40573301911354065,0.4914928674697876,0.9000691771507263,0.9743475317955017,0.2892116668618953,0.6911724907533648,,-0.025229280814528465,-0.012303530238568783,-0.04137429967522621,run_hop,42,,,-0.021830933168530464,,0.027882892043538204,0.041238002479076385,-0.010392329337868373,-0.04132269322872162,-0.04031294733285904,-0.037239731289446354,-0.02033517323434353,0.01678691990673542,0.035092906653881074,0.02859677777144429
0.09699327691680823,0.0,0.0,0.004768336191773415,0.10174962878227234,0.09699327691680823,0.09395810216665268,0.09435869753360748,0.09462473168969154,0.09609489515423775,0.09939306788146496,0.1010525107383728,0.006693813204765323,0.06901316686555127,0.0025423938806974256,0.14784031494085217,0.5230038166046143,0.14784031485706914,-1.1920928955078125e-07,0.04443518519401551,0.07921670377254486,0.13783156871795654,0.20698139071464539,0.26368510723114014,0.08489095049963423,Grocery,2,0.030106612775360583,0.05009002611041069,0.030106612775360583,2.4383218715229305e-06,0.012788317538797856,0.02039120579138398,0.03056772891432047,0.040940484032034874,0.046609384939074516,0.012495223460886294,,visual,,0.6739181630223825,0.32060442778493614,0.20463863183788217,0.031509898090664165,0.9987527132034302,0.2511783744757707,-0.9967057704925537,-0.8481812596321106,-0.40573301911354065,0.4914928674697876,0.9000691771507263,0.9743475317955017,0.2892116668618953,0.6911724907533648,,-0.025229280814528465,-0.012303530238568783,-0.04137429967522621,run_hop,42,,,-0.021229460835456848,,0.027882892043538204,0.041238002479076385,-0.010392329337868373,-0.04132269322872162,-0.04031294733285904,-0.037239731289446354,-0.02033517323434353,0.01678691990673542,0.035092906653881074,0.02859677777144429
0.09682809394317683,0.0,0.0,0.004753598943352699,0.101583331823349,0.09682809394317683,0.0938211977481842,0.09419627711176873,0.09446380287408829,0.09593286365270615,0.09921740181744099,0.10088103786110877,0.006684760749340046,0.06903740925845274,0.0025368053106341903,0.1745621729116327,0.562071681022644,0.17456217277199432,-1.1920928955078125e-07,0.06370961070060731,0.10529789328575134,0.16639530658721924,0.23781387507915497,0.29402927160263065,0.08891987449781279,Grocery,3,0.030106612775360583,0.05009002611041069,0.030106612775360583,2.4383218715229305e-06,0.012788317538797856,0.02039120579138398,0.03056772891432047,0.040940484032034874,0.046609384939074516,0.012495223460886294,,visual,,0.6739181630223825,0.32060442778493614,0.20463863183788217,0.031509898090664165,0.9987527132034302,0.2511783744757707,-0.9967057704925537,-0.8481812596321106,-0.40573301911354065,0.4914928674697876,0.9000691771507263,0.9743475317955017,0.2892116668618953,0.6911724907533648,,-0.025229280814528465,-0.012303530238568783,-0.04137429967522621,run_hop,42,,,-0.022787844762206078,,0.027882892043538204,0.041238002479076385,-0.010392329337868373,-0.04132269322872162,-0.04031294733285904,-0.037239731289446354,-0.02033517323434353,0.01678691990673542,0.035092906653881074,0.02859677777144429
0.10628482796791999,0.0,0.0,0.007798198610544205,0.11280503123998642,0.10628482796791999,0.09692861884832382,0.09867071062326431,0.10233655385673046,0.10829386487603188,0.11013475246727467,0.11071889698505402,0.012048186361789712,0.11335753740235496,0.004578251785961136,0.10911122435385105,0.5195236206054688,0.10911122435385105,0.0,0.012532234191894531,0.04055631160736084,0.09431928396224976,0.1622634083032608,0.22598923444747926,0.08241830922780942,Grocery,1,0.038127748649385465,0.05294203385710716,0.038127748649385465,1.7384285456500947e-05,0.02069344390183687,0.029769476503133774,0.04030704312026501,0.04902071878314018,0.052212723344564435,0.012302953244908672,,text,,0.7101970721092672,0.40406465971652805,0.29243293897153566,0.10132364999414314,0.9999295473098755,0.34536601171711845,-0.9985411763191223,-0.8211675822734833,-0.2430509477853775,0.6646343767642975,0.9507423341274261,0.989279717206955,0.39041817968841513,0.6876949101763881,,-0.001361711067147553,0.06321150064468384,0.0709172934293747,run_hop,43,,,0.03568786382675171,,0.05036525414552369,0.07091229408979416,0.024492422792895208,-0.07081383466720581,-0.05823498219251633,-0.017236515413969755,0.047134071588516235,0.06742407195270061,0.07015703916549683,0.048769461720892096
0.10600144040597481,0.0,0.0,0.00782182440161705,0.11239956319332123,0.10600144040597481,0.09658090770244598,0.0983935348689556,0.10205493681132793,0.10800467431545258,0.10987676121294498,0.11041582971811295,0.012022294849157344,0.11341633474978974,0.004567203383120463,0.1290361904645533,0.4754735827445984,0.1290361904645533,0.00013005733489990234,0.0405506432056427,0.06949329376220703,0.12165707349777222,0.1786816418170929,0.22958898544311526,0.0731762694174759,Grocery,2,0.038127748649385465,0.05294203385710716,0.038127748649385465,1.7384285456500947e-05,0.02069344390183687,0.029769476503133774,0.04030704312026501,0.04902071878314018,0.052212723344564435,0.012302953244908672,,text,,0.7101970721092672,0.40406465971652805,0.29243293897153566,0.10132364999414314,0.9999295473098755,0.34536601171711845,-0.9985411763191223,-0.8211675822734833,-0.2430509477853775,0.6646343767642975,0.9507423341274261,0.989279717206955,0.39041817968841513,0.6876949101763881,,-0.001361711067147553,0.06321150064468384,0.0709172934293747,run_hop,43,,,0.031440891325473785,,0.05036525414552369,0.07091229408979416,0.024492422792895208,-0.07081383466720581,-0.05823498219251633,-0.017236515413969755,0.047134071588516235,0.06742407195270061,0.07015703916549683,0.048769461720892096
0.0965239711889544,0.0,0.0,0.007199982181191444,0.10231057554483414,0.0965239711889544,0.08776417374610901,0.08953285291790962,0.09289004094898701,0.09836461395025253,0.10009002313017845,0.10060456544160842,0.011071712523698804,0.11470427902215317,0.004202446259926095,0.15235914375305287,0.49090975522994995,0.15235914375305287,0.00013023614883422852,0.05773530006408691,0.09235243499279022,0.14682918787002563,0.20539981126785278,0.25601837038993835,0.07657008719337983,Grocery,3,0.038127748649385465,0.05294203385710716,0.038127748649385465,1.7384285456500947e-05,0.02069344390183687,0.029769476503133774,0.04030704312026501,0.04902071878314018,0.052212723344564435,0.012302953244908672,,text,,0.7101970721092672,0.40406465971652805,0.29243293897153566,0.10132364999414314,0.9999295473098755,0.34536601171711845,-0.9985411763191223,-0.8211675822734833,-0.2430509477853775,0.6646343767642975,0.9507423341274261,0.989279717206955,0.39041817968841513,0.6876949101763881,,-0.001361711067147553,0.06321150064468384,0.0709172934293747,run_hop,43,,,-0.0742623507976532,,0.05036525414552369,0.07091229408979416,0.024492422792895208,-0.07081383466720581,-0.05823498219251633,-0.017236515413969755,0.047134071588516235,0.06742407195270061,0.07015703916549683,0.048769461720892096
0.09819938808843656,0.0,0.0,0.0050070621073246,0.10156605392694473,0.09819938808843656,0.0943499505519867,0.09487260058522225,0.09569634310901165,0.09833123162388802,0.10070340521633625,0.10130889117717742,0.006436290591955177,0.06554308246903971,0.0024525999975827687,0.13010338814208025,0.6009033918380737,0.13010338787676734,-1.1920928955078125e-07,0.01646159291267395,0.04876278340816498,0.11228558421134949,0.1928505152463913,0.2678974330425263,0.09738609214298918,Grocery,1,0.04380011400497245,0.0526532307267189,0.04380011400497245,0.00025201664539054036,0.028549647331237795,0.03962239436805248,0.04765218496322632,0.05146299209445715,0.052532832697033884,0.010151798923094984,,visual,,0.6428958115301564,0.26396860723907695,0.14624575377767365,0.02471594236851353,0.9995587468147278,0.06310428108117792,-0.9955348968505859,-0.9015805006027222,-0.6611157655715942,0.10910575836896896,0.7813129723072052,0.9527607023715973,0.06430830502518448,0.7047173907012482,,-0.0029287724755704403,-0.008356223814189434,0.03920091688632965,run_hop,43,,,-0.021735820919275284,,0.0252021052857674,0.03918362036347389,0.0024737456770464595,-0.03902588039636612,-0.035342782735824585,-0.025916343554854393,0.004277045838534832,0.03062818432226777,0.037349093705415726,0.027625567876785696
0.09809298381162246,0.0,0.0,0.004991587251424789,0.10146721452474594,0.09809298381162246,0.0942915752530098,0.09477426409721375,0.09559633396565914,0.0982310064136982,0.10058792121708393,0.10119259357452393,0.006418329477310178,0.06543107598368597,0.0024471581992277524,0.15059527746405327,0.5328154563903809,0.15059527735234257,-1.1920928955078125e-07,0.04615275263786316,0.0813719779253006,0.14113429188728333,0.20994478464126587,0.26756583452224736,0.08553187443048979,Grocery,2,0.04380011400497245,0.0526532307267189,0.04380011400497245,0.00025201664539054036,0.028549647331237795,0.03962239436805248,0.04765218496322632,0.05146299209445715,0.052532832697033884,0.010151798923094984,,visual,,0.6428958115301564,0.26396860723907695,0.14624575377767365,0.02471594236851353,0.9995587468147278,0.06310428108117792,-0.9955348968505859,-0.9015805006027222,-0.6611157655715942,0.10910575836896896,0.7813129723072052,0.9527607023715973,0.06430830502518448,0.7047173907012482,,-0.0029287724755704403,-0.008356223814189434,0.03920091688632965,run_hop,43,,,-0.022766223177313805,,0.0252021052857674,0.03918362036347389,0.0024737456770464595,-0.03902588039636612,-0.035342782735824585,-0.025916343554854393,0.004277045838534832,0.03062818432226777,0.037349093705415726,0.027625567876785696
0.09827273930401689,0.0,0.0,0.004997655749320984,0.10167215764522552,0.09827273930401689,0.0944785624742508,0.09495290219783784,0.095772510394454,0.09841049835085869,0.10077016614377499,0.10137436389923096,0.0064214617013931274,0.06534326555671077,0.0024502262723117567,0.17759718165138474,0.5641511082649231,0.1775971815955294,-1.1920928955078125e-07,0.06608443260192873,0.10780894756317139,0.17053967714309692,0.2410157471895218,0.29757006764411925,0.08921578793222791,Grocery,3,0.04380011400497245,0.0526532307267189,0.04380011400497245,0.00025201664539054036,0.028549647331237795,0.03962239436805248,0.04765218496322632,0.05146299209445715,0.052532832697033884,0.010151798923094984,,visual,,0.6428958115301564,0.26396860723907695,0.14624575377767365,0.02471594236851353,0.9995587468147278,0.06310428108117792,-0.9955348968505859,-0.9015805006027222,-0.6611157655715942,0.10910575836896896,0.7813129723072052,0.9527607023715973,0.06430830502518448,0.7047173907012482,,-0.0029287724755704403,-0.008356223814189434,0.03920091688632965,run_hop,43,,,-0.020510075613856316,,0.0252021052857674,0.03918362036347389,0.0024737456770464595,-0.03902588039636612,-0.035342782735824585,-0.025916343554854393,0.004277045838534832,0.03062818432226777,0.037349093705415726,0.027625567876785696
0.10391559461418605,0.0,0.0,0.0006449725478887558,0.10605210810899734,0.10391559461418605,0.1016002669930458,0.10327508673071861,0.10361429676413536,0.10390080511569977,0.10425926931202412,0.10458827167749404,0.0013131849467754309,0.01263703442816584,0.0005271851821437804,0.10673786036664099,0.5051133632659912,0.10673786035267716,-1.1920928955078125e-07,0.012607502937316896,0.03986386954784393,0.09287476539611816,0.15780599415302277,0.22012816667556764,0.08028555384841361,Grocery,1,0.04261643802280758,0.053333982825279236,0.04261643802280758,6.837946784798987e-06,0.025615250132977965,0.03659042622894049,0.04649686440825462,0.05201139859855175,0.05319082625210285,0.011356326931468305,,text,,0.7259961758099144,0.2643200187419468,0.08609581820311585,0.0005271172543047909,0.9940040111541748,0.70771260475828,-0.8098364472389221,0.31910714209079755,0.6168646663427353,0.8087093234062195,0.9043983668088913,0.9461503803730011,0.9218695091952676,0.2867205698949237,,0.028878115117549896,0.05452807620167732,0.013073625974357128,run_hop,44,,,0.026453007012605667,,0.009491402458034837,0.012995236553251743,0.009252369888533896,-0.010587498545646667,0.004171887459233405,0.008064658148214221,0.010572763159871101,0.011823766166344285,0.012369616329669953,0.0037484774878566766
0.10430616848463126,0.0,0.0,0.0006067585200071335,0.10624028742313385,0.10430616848463126,0.10216093808412552,0.10368271619081497,0.10403772816061974,0.10433220863342285,0.10464448668062687,0.10489777475595474,0.0012150585651397733,0.011648961732374957,0.0004965111888403778,0.12577932128390146,0.49017441272735596,0.12577932128390146,0.00011712312698364258,0.040624755620956424,0.06869722902774811,0.11809223890304565,0.17350736260414124,0.22168146967887878,0.07105972653019012,Grocery,2,0.04261643802280758,0.053333982825279236,0.04261643802280758,6.837946784798987e-06,0.025615250132977965,0.03659042622894049,0.04649686440825462,0.05201139859855175,0.05319082625210285,0.011356326931468305,,text,,0.7259961758099144,0.2643200187419468,0.08609581820311585,0.0005271172543047909,0.9940040111541748,0.70771260475828,-0.8098364472389221,0.31910714209079755,0.6168646663427353,0.8087093234062195,0.9043983668088913,0.9461503803730011,0.9218695091952676,0.2867205698949237,,0.028878115117549896,0.05452807620167732,0.013073625974357128,run_hop,44,,,0.029603727161884308,,0.009491402458034837,0.012995236553251743,0.009252369888533896,-0.010587498545646667,0.004171887459233405,0.008064658148214221,0.010572763159871101,0.011823766166344285,0.012369616329669953,0.0037484774878566766
0.09643727676419082,0.0,0.0,0.000587688758969307,0.09815869480371475,0.09643727676419082,0.09437187761068344,0.09583573341369629,0.09617483429610729,0.09646681696176529,0.0967625230550766,0.09700086489319801,0.001165131479501716,0.012081754261255455,0.00047221255673950396,0.14837385623463706,0.5243422985076904,0.14837385623463706,0.00011724233627319336,0.057732635736465455,0.09142196178436279,0.14189457893371582,0.1984756886959076,0.24764308929443365,0.07414178327939598,Grocery,3,0.04261643802280758,0.053333982825279236,0.04261643802280758,6.837946784798987e-06,0.025615250132977965,0.03659042622894049,0.04649686440825462,0.05201139859855175,0.05319082625210285,0.011356326931468305,,text,,0.7259961758099144,0.2643200187419468,0.08609581820311585,0.0005271172543047909,0.9940040111541748,0.70771260475828,-0.8098364472389221,0.31910714209079755,0.6168646663427353,0.8087093234062195,0.9043983668088913,0.9461503803730011,0.9218695091952676,0.2867205698949237,,0.028878115117549896,0.05452807620167732,0.013073625974357128,run_hop,44,,,-0.05881354957818985,,0.009491402458034837,0.012995236553251743,0.009252369888533896,-0.010587498545646667,0.004171887459233405,0.008064658148214221,0.010572763159871101,0.011823766166344285,0.012369616329669953,0.0037484774878566766
0.09684073256674089,0.0,0.0,0.004176642745733261,0.1013929694890976,0.09684073256674089,0.09410113096237183,0.0944887176156044,0.09473302401602268,0.09599724411964417,0.09890966676175594,0.10061217918992042,0.006123461574316022,0.06323229298201156,0.002311718360655083,0.12271183642246858,0.604744553565979,0.12271183614319181,-2.384185791015625e-07,0.015304422378540041,0.04527641832828522,0.10459676384925842,0.1833209991455078,0.25499129891395567,0.09325605758438296,Grocery,1,0.03106647729480562,0.05086929723620415,0.03106647729480562,3.541891783243045e-05,0.01173065835610032,0.0196814495138824,0.03253380209207535,0.043432789854705334,0.04840699806809425,0.013686085641340752,,visual,,0.6620656454136594,0.30145250087852876,0.16375776033735504,0.007789621646948576,0.9978167414665222,-0.27904585199182264,-0.9974200129508972,-0.9620674133300782,-0.895589292049408,-0.5240102410316467,0.32457058131694794,0.8099586308002473,-0.3331381047206279,0.6687580300842704,,-0.028473934158682823,-0.01005355641245842,0.03878907486796379,run_hop,44,,,-0.022943392395973206,,0.02568091388887653,0.038704387843608856,-0.010823930446472651,-0.03868899866938591,-0.037317704781889914,-0.034739081747829914,-0.020325872115790844,0.012589792720973492,0.03141754567623139,0.025940505296434064
0.09662866038391933,0.0,0.0,0.004163363948464394,0.1011405810713768,0.09662866038391933,0.09395940601825714,0.09428393766283989,0.09452461078763008,0.09578227996826172,0.09868797473609447,0.10038845613598824,0.006104518473148343,0.06317502952882771,0.0023020317821058614,0.14306801158524207,0.5449368953704834,0.1430680114874952,-1.1920928955078125e-07,0.04254468679428101,0.07605233788490295,0.13330680131912231,0.19899335503578186,0.2569652020931244,0.08283713834176222,Grocery,2,0.03106647729480562,0.05086929723620415,0.03106647729480562,3.541891783243045e-05,0.01173065835610032,0.0196814495138824,0.03253380209207535,0.043432789854705334,0.04840699806809425,0.013686085641340752,,visual,,0.6620656454136594,0.30145250087852876,0.16375776033735504,0.007789621646948576,0.9978167414665222,-0.27904585199182264,-0.9974200129508972,-0.9620674133300782,-0.895589292049408,-0.5240102410316467,0.32457058131694794,0.8099586308002473,-0.3331381047206279,0.6687580300842704,,-0.028473934158682823,-0.01005355641245842,0.03878907486796379,run_hop,44,,,-0.025164857506752014,,0.02568091388887653,0.038704387843608856,-0.010823930446472651,-0.03868899866938591,-0.037317704781889914,-0.034739081747829914,-0.020325872115790844,0.012589792720973492,0.03141754567623139,0.025940505296434064
0.09729752101155108,0.0,0.0,0.0041878316551446915,0.10184714198112488,0.09729752101155108,0.09463293850421906,0.09494010806083679,0.0951828844845295,0.09644556045532227,0.09937071613967419,0.10107517912983895,0.006135071069002157,0.0630547521165596,0.0023140290429770824,0.1687365890708254,0.556175172328949,0.16873658894515084,-1.1920928955078125e-07,0.06137612462043762,0.10110773146152496,0.16072195768356323,0.2292712926864624,0.2857631087303162,0.08686378016142444,Grocery,3,0.03106647729480562,0.05086929723620415,0.03106647729480562,3.541891783243045e-05,0.01173065835610032,0.0196814495138824,0.03253380209207535,0.043432789854705334,0.04840699806809425,0.013686085641340752,,visual,,0.6620656454136594,0.30145250087852876,0.16375776033735504,0.007789621646948576,0.9978167414665222,-0.27904585199182264,-0.9974200129508972,-0.9620674133300782,-0.895589292049408,-0.5240102410316467,0.32457058131694794,0.8099586308002473,-0.3331381047206279,0.6687580300842704,,-0.028473934158682823,-0.01005355641245842,0.03878907486796379,run_hop,44,,,-0.017267052084207535,,0.02568091388887653,0.038704387843608856,-0.010823930446472651,-0.03868899866938591,-0.037317704781889914,-0.034739081747829914,-0.020325872115790844,0.012589792720973492,0.03141754567623139,0.025940505296434064
0.10244547706051259,0.0,0.0,0.007033703848719597,0.10925527662038803,0.10244547706051259,0.09755439311265945,0.0981479175388813,0.09880491718649864,0.10257665067911148,0.10583862103521824,0.10684395581483841,0.008696038275957108,0.08488455054717192,0.003382049471006556,0.040846775434334355,0.7410555481910706,0.040846775334349064,-2.384185791015625e-07,0.002762526273727417,0.007930710911750793,0.023000270128250122,0.05356641113758087,0.09993207454681396,0.052044854918622735,ele-fashion,1,0.026421362853245357,0.05366741120815277,0.026421362853245357,0.0,0.0070782373659312725,0.014671681681647897,0.02570006623864174,0.03764785919338465,0.04721517860889435,0.014388089665319119,,text,,0.6512742878631256,0.22744103266984433,0.10684696111122476,0.012979972587607143,0.9981099963188171,0.005883369733043829,-0.9989309310913086,-0.9038626253604889,-0.7645875811576843,0.04940032586455345,0.7222581505775452,0.9229539334774017,0.02636908536710103,0.7106543021543706,,0.040703438222408295,0.03330656886100769,0.0514826700091362,run_hop,42,,,0.02360437996685505,,0.03352933925366273,0.05138536915183067,0.0003028915766650964,-0.051427632570266724,-0.046533260494470596,-0.039363009855151176,0.0025432605762034655,0.037183779291808605,0.04751613177359104,0.03658638093446553
0.1036445052524483,0.0,0.0,0.007142098620533943,0.10958844423294067,0.1036445052524483,0.09866311401128769,0.09926813840866089,0.09994263015687466,0.10380587726831436,0.1070847287774086,0.10809070989489555,0.008822571486234665,0.08512338849667223,0.003431964178381257,0.06814027563814441,0.5598804950714111,0.06814027559424843,-1.1920928955078125e-07,0.016766071319580078,0.02999216318130493,0.05306783318519592,0.08920884132385254,0.13913491368293762,0.05543024354880397,ele-fashion,2,0.026421362853245357,0.05366741120815277,0.026421362853245357,0.0,0.0070782373659312725,0.014671681681647897,0.02570006623864174,0.03764785919338465,0.04721517860889435,0.014388089665319119,,text,,0.6512742878631256,0.22744103266984433,0.10684696111122476,0.012979972587607143,0.9981099963188171,0.005883369733043829,-0.9989309310913086,-0.9038626253604889,-0.7645875811576843,0.04940032586455345,0.7222581505775452,0.9229539334774017,0.02636908536710103,0.7106543021543706,,0.040703438222408295,0.03330656886100769,0.0514826700091362,run_hop,42,,,0.035665079951286316,,0.03352933925366273,0.05138536915183067,0.0003028915766650964,-0.051427632570266724,-0.046533260494470596,-0.039363009855151176,0.0025432605762034655,0.037183779291808605,0.04751613177359104,0.03658638093446553
0.09494389842634708,0.0,0.0,0.006614925339818001,0.10063637793064117,0.09494389842634708,0.09030016511678696,0.09088246896862984,0.0915143322199583,0.09509586542844772,0.0981292575597763,0.09905758127570152,0.008175112307071686,0.08610466225301924,0.0031805786076531195,0.08602390707684107,0.6495655179023743,0.08602390703538376,-1.1920928955078125e-07,0.02305087447166443,0.039802610874176025,0.06844061613082886,0.11251941323280334,0.17318999767303467,0.06637083508148298,ele-fashion,3,0.026421362853245357,0.05366741120815277,0.026421362853245357,0.0,0.0070782373659312725,0.014671681681647897,0.02570006623864174,0.03764785919338465,0.04721517860889435,0.014388089665319119,,text,,0.6512742878631256,0.22744103266984433,0.10684696111122476,0.012979972587607143,0.9981099963188171,0.005883369733043829,-0.9989309310913086,-0.9038626253604889,-0.7645875811576843,0.04940032586455345,0.7222581505775452,0.9229539334774017,0.02636908536710103,0.7106543021543706,,0.040703438222408295,0.03330656886100769,0.0514826700091362,run_hop,42,,,-0.0622851736843586,,0.03352933925366273,0.05138536915183067,0.0003028915766650964,-0.051427632570266724,-0.046533260494470596,-0.039363009855151176,0.0025432605762034655,0.037183779291808605,0.04751613177359104,0.03658638093446553
0.10558112219589955,0.0,0.0,0.007800700142979622,0.1116141602396965,0.10558112219589955,0.09864114969968796,0.09916646406054497,0.10097825340926647,0.10804512351751328,0.1087789535522461,0.10893263667821884,0.009766172617673874,0.09249923106008304,0.003982105617448856,0.059594425535084,0.6905500888824463,0.059594425154652166,-2.384185791015625e-07,0.003002077341079712,0.009615853428840637,0.03276684880256653,0.08567465841770172,0.15442919731140137,0.07022926106427499,ele-fashion,1,0.0422804102235865,0.05369235947728157,0.0422804102235865,0.0,0.02104043960571289,0.03478029742836952,0.0482356995344162,0.05309894774109125,0.053665053099393845,0.013414358393506458,,visual,,0.8233930840484359,0.6218419491438741,0.5031401509727308,0.19014790417936706,0.999789297580719,0.3099100838287749,-0.9998330473899841,-0.9855116903781891,-0.6290508061647415,0.8083493709564209,0.9732351452112198,0.9909330308437347,0.35302661456948226,0.8033119953437503,,0.05515797436237335,0.04784809798002243,0.05424736812710762,run_hop,42,,,0.037819720804691315,,0.044666907744572604,0.05423593893647194,0.016811806407708782,-0.05423831194639206,-0.05346141569316387,-0.03412435203790665,0.04385082609951496,0.052795445546507835,0.05375550873577595,0.04357756153039532
0.10669217236652348,0.0,0.0,0.007927879691123962,0.11219125241041183,0.10669217236652348,0.09965197741985321,0.10015371441841125,0.10200271755456924,0.1092044934630394,0.1099305972456932,0.11015194654464722,0.009998232126235962,0.09371101838469426,0.004057796924540364,0.08877374523022492,0.5625741481781006,0.08877374506927299,-2.384185791015625e-07,0.025110095739364624,0.04246646165847778,0.07305699586868286,0.11922968924045563,0.17523473501205444,0.0631650975264691,ele-fashion,2,0.0422804102235865,0.05369235947728157,0.0422804102235865,0.0,0.02104043960571289,0.03478029742836952,0.0482356995344162,0.05309894774109125,0.053665053099393845,0.013414358393506458,,visual,,0.8233930840484359,0.6218419491438741,0.5031401509727308,0.19014790417936706,0.999789297580719,0.3099100838287749,-0.9998330473899841,-0.9855116903781891,-0.6290508061647415,0.8083493709564209,0.9732351452112198,0.9909330308437347,0.35302661456948226,0.8033119953437503,,0.05515797436237335,0.04784809798002243,0.05424736812710762,run_hop,42,,,0.048122718930244446,,0.044666907744572604,0.05423593893647194,0.016811806407708782,-0.05423831194639206,-0.05346141569316387,-0.03412435203790665,0.04385082609951496,0.052795445546507835,0.05375550873577595,0.04357756153039532
0.0950632282226337,0.0,0.0,0.007106294855475426,0.10006175190210342,0.0950632282226337,0.08863170444965363,0.08915011212229729,0.09085616655647755,0.09732778370380402,0.09796246141195297,0.09819968789815903,0.00904957577586174,0.09519533414721468,0.0036631038739877693,0.10964478065492361,0.6106525659561157,0.10964478044032104,-2.384185791015625e-07,0.034546464681625366,0.05704903602600098,0.09437984228134155,0.14609889686107635,0.20667672157287598,0.07104514753463571,ele-fashion,3,0.0422804102235865,0.05369235947728157,0.0422804102235865,0.0,0.02104043960571289,0.03478029742836952,0.0482356995344162,0.05309894774109125,0.053665053099393845,0.013414358393506458,,visual,,0.8233930840484359,0.6218419491438741,0.5031401509727308,0.19014790417936706,0.999789297580719,0.3099100838287749,-0.9998330473899841,-0.9855116903781891,-0.6290508061647415,0.8083493709564209,0.9732351452112198,0.9909330308437347,0.35302661456948226,0.8033119953437503,,0.05515797436237335,0.04784809798002243,0.05424736812710762,run_hop,42,,,-0.0812373086810112,,0.044666907744572604,0.05423593893647194,0.016811806407708782,-0.05423831194639206,-0.05346141569316387,-0.03412435203790665,0.04385082609951496,0.052795445546507835,0.05375550873577595,0.04357756153039532
0.10181770571539617,0.0,0.0,0.005639031529426575,0.10836659371852875,0.10181770571539617,0.09678546339273453,0.09787513315677643,0.09899014234542847,0.10159015282988548,0.10462917387485504,0.1061793640255928,0.008304230868816376,0.08155979169229215,0.0030475567166627342,0.04395153424127879,0.7265266180038452,0.0439515341339775,-2.384185791015625e-07,0.0029898881912231445,0.008532524108886719,0.02506306767463684,0.059039488434791565,0.10874617099761963,0.05402093919533713,ele-fashion,1,0.040631009056174054,0.054692719131708145,0.040631009056174054,0.0,0.01881326548755169,0.03128468990325928,0.04553123004734516,0.05292655248194933,0.05446399562060833,0.014123013658566004,,text,,0.5342186755601576,0.09739582267864083,0.032291389644661744,0.0005114252398584375,0.9957880973815918,-0.025284955972885412,-0.9965274930000305,-0.8149295449256897,-0.5879652500152588,-0.06215766444802284,0.5343885719776154,0.8315543532371521,-0.052063089417588915,0.6042408759765615,,0.037412963807582855,0.03247160091996193,0.054997049272060394,run_hop,43,,,0.018037443980574608,,0.029380450826088794,0.054765406996011734,-0.0013905979674186197,-0.054806072264909744,-0.04481871984899044,-0.032336353324353695,-0.00341848807875067,0.02938979398459196,0.04573303647339344,0.03323146523354425
0.10406317831413608,0.0,0.0,0.0057684555649757385,0.11023519188165665,0.10406317831413608,0.09898088127374649,0.10002746433019638,0.10117116570472717,0.10382464528083801,0.10693962126970291,0.10852848365902901,0.008501019328832626,0.0816909445441774,0.003116127102832684,0.07223391205629029,0.5248733162879944,0.07223391200995563,-1.1920928955078125e-07,0.018607646226882935,0.03299255669116974,0.05759352445602417,0.09574423730373383,0.14448213577270508,0.055915787180301,ele-fashion,2,0.040631009056174054,0.054692719131708145,0.040631009056174054,0.0,0.01881326548755169,0.03128468990325928,0.04553123004734516,0.05292655248194933,0.05446399562060833,0.014123013658566004,,text,,0.5342186755601576,0.09739582267864083,0.032291389644661744,0.0005114252398584375,0.9957880973815918,-0.025284955972885412,-0.9965274930000305,-0.8149295449256897,-0.5879652500152588,-0.06215766444802284,0.5343885719776154,0.8315543532371521,-0.052063089417588915,0.6042408759765615,,0.037412963807582855,0.03247160091996193,0.054997049272060394,run_hop,43,,,0.041436534374952316,,0.029380450826088794,0.054765406996011734,-0.0013905979674186197,-0.054806072264909744,-0.04481871984899044,-0.032336353324353695,-0.00341848807875067,0.02938979398459196,0.04573303647339344,0.03323146523354425
0.09376400087742127,0.0,0.0,0.005262887105345726,0.09943502396345139,0.09376400087742127,0.089085653424263,0.09008719772100449,0.09112625755369663,0.09354813769459724,0.09638914465904236,0.09783007949590683,0.007742881774902344,0.08257840644984978,0.00284084930604377,0.09085988258521949,0.5970581769943237,0.09085988256571016,-1.1920928955078125e-07,0.02547350525856018,0.044095173478126526,0.07427588105201721,0.11952657997608185,0.17793872952461243,0.06630184381288577,ele-fashion,3,0.040631009056174054,0.054692719131708145,0.040631009056174054,0.0,0.01881326548755169,0.03128468990325928,0.04553123004734516,0.05292655248194933,0.05446399562060833,0.014123013658566004,,text,,0.5342186755601576,0.09739582267864083,0.032291389644661744,0.0005114252398584375,0.9957880973815918,-0.025284955972885412,-0.9965274930000305,-0.8149295449256897,-0.5879652500152588,-0.06215766444802284,0.5343885719776154,0.8315543532371521,-0.052063089417588915,0.6042408759765615,,0.037412963807582855,0.03247160091996193,0.054997049272060394,run_hop,43,,,-0.07482722401618958,,0.029380450826088794,0.054765406996011734,-0.0013905979674186197,-0.054806072264909744,-0.04481871984899044,-0.032336353324353695,-0.00341848807875067,0.02938979398459196,0.04573303647339344,0.03323146523354425
0.1051798753868366,0.0,0.0,0.012163965031504631,0.11346948146820068,0.1051798753868366,0.09703228622674942,0.09758157283067703,0.098478639498353,0.10750264301896095,0.11064260452985764,0.11082213371992111,0.01324056088924408,0.12588492656433845,0.005565173384330453,0.06506474207751946,0.6587172746658325,0.06506474157027702,-1.1920928955078125e-07,0.0033288896083831787,0.010672912001609802,0.03606632351875305,0.09344561398029327,0.16843223571777344,0.07608953458323216,ele-fashion,1,0.042887958927852216,0.05382842570543289,0.042887958927852216,0.0,0.021656684577465057,0.035239078104496,0.049483370035886765,0.05342588946223259,0.05380933918058872,0.013443031719481935,,visual,,0.7983200222463382,0.5644395802221631,0.45595605834339137,0.23235071497248533,0.9999536871910095,0.15240069951068044,-0.9999637007713318,-0.9826318621635437,-0.8615610003471375,0.5124395191669464,0.9660414904356003,0.9961263537406921,0.17427326473416116,0.8279054549358253,,0.05013420060276985,0.045252248644828796,0.07291127741336823,run_hop,43,,,0.038669195026159286,,0.058206532615090685,0.07290790230035782,0.011111729695586646,-0.07290863245725632,-0.07164494693279266,-0.06281751580536366,0.03736261837184429,0.07043531723320484,0.07262884452939034,0.060363644305584295
0.10616118911322785,0.0,0.0,0.012356819584965706,0.11386357247829437,0.10616118911322785,0.09782829135656357,0.09844306856393814,0.099332295358181,0.10853664204478264,0.1116891149431467,0.11191318929195404,0.0134701207280159,0.12688366474043777,0.005653211043712207,0.09703989687602044,0.5581399202346802,0.09703989664922454,-2.384185791015625e-07,0.028148919343948364,0.04750356078147888,0.08061179518699646,0.13012564182281494,0.18966659903526306,0.0676306034888001,ele-fashion,2,0.042887958927852216,0.05382842570543289,0.042887958927852216,0.0,0.021656684577465057,0.035239078104496,0.049483370035886765,0.05342588946223259,0.05380933918058872,0.013443031719481935,,visual,,0.7983200222463382,0.5644395802221631,0.45595605834339137,0.23235071497248533,0.9999536871910095,0.15240069951068044,-0.9999637007713318,-0.9826318621635437,-0.8615610003471375,0.5124395191669464,0.9660414904356003,0.9961263537406921,0.17427326473416116,0.8279054549358253,,0.05013420060276985,0.045252248644828796,0.07291127741336823,run_hop,43,,,0.04758822172880173,,0.058206532615090685,0.07290790230035782,0.011111729695586646,-0.07290863245725632,-0.07164494693279266,-0.06281751580536366,0.03736261837184429,0.07043531723320484,0.07262884452939034,0.060363644305584295
0.09263224441955091,0.0,0.0,0.010889565572142601,0.09955520182847977,0.09263224441955091,0.08519010245800018,0.08578711003065109,0.08660504035651684,0.0947464108467102,0.09749460592865944,0.09771986678242683,0.011932756751775742,0.12881860767187026,0.005005360475216089,0.1202590259746666,0.6055464148521423,0.12025902575762536,-2.384185791015625e-07,0.03937852382659912,0.06428702175617218,0.10470765829086304,0.15936191380023956,0.22466546297073364,0.07587481479943498,ele-fashion,3,0.042887958927852216,0.05382842570543289,0.042887958927852216,0.0,0.021656684577465057,0.035239078104496,0.049483370035886765,0.05342588946223259,0.05380933918058872,0.013443031719481935,,visual,,0.7983200222463382,0.5644395802221631,0.45595605834339137,0.23235071497248533,0.9999536871910095,0.15240069951068044,-0.9999637007713318,-0.9826318621635437,-0.8615610003471375,0.5124395191669464,0.9660414904356003,0.9961263537406921,0.17427326473416116,0.8279054549358253,,0.05013420060276985,0.045252248644828796,0.07291127741336823,run_hop,43,,,-0.10485413670539856,,0.058206532615090685,0.07290790230035782,0.011111729695586646,-0.07290863245725632,-0.07164494693279266,-0.06281751580536366,0.03736261837184429,0.07043531723320484,0.07262884452939034,0.060363644305584295
0.10405703600865435,0.0,0.0,0.004573492333292961,0.10930515080690384,0.10405703600865435,0.09814464300870895,0.10019807144999504,0.10189677216112614,0.10431820154190063,0.1064702644944191,0.10740065574645996,0.00720258429646492,0.06921765766801842,0.00266336547256845,0.043845639042775005,0.6938042044639587,0.04384563895498304,-1.1920928955078125e-07,0.002957463264465332,0.008469343185424805,0.025083839893341064,0.059025660157203674,0.10837888717651367,0.05379282805559303,ele-fashion,1,0.03460751670164792,0.054629575461149216,0.03460751670164792,0.0,0.0116885956376791,0.022009048610925674,0.03698585741221905,0.04909676965326071,0.05337534844875336,0.015527710591436443,,text,,0.5017509217312156,0.09143260438189145,0.03407114947936911,0.0012581060900517561,0.9965614080429077,0.20541888218817633,-0.9902418851852417,-0.5857690870761871,-0.22794920951128006,0.26926378905773163,0.6979680061340332,0.8776193559169769,0.2768856248593581,0.5407791771005036,,0.047123558819293976,0.03283561021089554,0.05269967392086983,run_hop,44,,,0.03006593883037567,,0.026442109965004887,0.052518460899591446,0.010825508102488241,-0.05218542367219925,-0.03086983971297741,-0.012012848630547523,0.014190114103257656,0.03678268659859896,0.04625025391578674,0.028498886301460573
0.10534784667037053,0.0,0.0,0.004656506702303886,0.11018133908510208,0.10534784667037053,0.09938409179449081,0.10143229365348816,0.10314661264419556,0.10560834780335426,0.10780311934649944,0.10873587056994438,0.0073035769164562225,0.06932820315957204,0.002695253257248514,0.07231356406178688,0.5242078304290771,0.07231356400813622,-1.1920928955078125e-07,0.01888883113861084,0.03309518098831177,0.05812749266624451,0.09549492597579956,0.14450401067733765,0.05542799624882185,ele-fashion,2,0.03460751670164792,0.054629575461149216,0.03460751670164792,0.0,0.0116885956376791,0.022009048610925674,0.03698585741221905,0.04909676965326071,0.05337534844875336,0.015527710591436443,,text,,0.5017509217312156,0.09143260438189145,0.03407114947936911,0.0012581060900517561,0.9965614080429077,0.20541888218817633,-0.9902418851852417,-0.5857690870761871,-0.22794920951128006,0.26926378905773163,0.6979680061340332,0.8776193559169769,0.2768856248593581,0.5407791771005036,,0.047123558819293976,0.03283561021089554,0.05269967392086983,run_hop,44,,,0.04290210083127022,,0.026442109965004887,0.052518460899591446,0.010825508102488241,-0.05218542367219925,-0.03086983971297741,-0.012012848630547523,0.014190114103257656,0.03678268659859896,0.04625025391578674,0.028498886301460573
0.0948304264756428,0.0,0.0,0.004243345931172371,0.09933024644851685,0.0948304264756428,0.08939453214406967,0.09125705063343048,0.09282073937356472,0.09506607800722122,0.09706408530473709,0.09791293740272522,0.006655886769294739,0.07018724914133036,0.0024555359378168546,0.09111736468382295,0.5647188425064087,0.09111736465699763,-1.1920928955078125e-07,0.025928735733032227,0.044340580701828,0.0751088559627533,0.11996865272521973,0.17812323570251465,0.06565451801725841,ele-fashion,3,0.03460751670164792,0.054629575461149216,0.03460751670164792,0.0,0.0116885956376791,0.022009048610925674,0.03698585741221905,0.04909676965326071,0.05337534844875336,0.015527710591436443,,text,,0.5017509217312156,0.09143260438189145,0.03407114947936911,0.0012581060900517561,0.9965614080429077,0.20541888218817633,-0.9902418851852417,-0.5857690870761871,-0.22794920951128006,0.26926378905773163,0.6979680061340332,0.8776193559169769,0.2768856248593581,0.5407791771005036,,0.047123558819293976,0.03283561021089554,0.05269967392086983,run_hop,44,,,-0.07458901405334473,,0.026442109965004887,0.052518460899591446,0.010825508102488241,-0.05218542367219925,-0.03086983971297741,-0.012012848630547523,0.014190114103257656,0.03678268659859896,0.04625025391578674,0.028498886301460573
0.10580554935678257,0.0,0.0,0.009005213156342506,0.11284339427947998,0.10580554935678257,0.0961785614490509,0.09767279773950577,0.10118872486054897,0.10808860510587692,0.11019393801689148,0.11042636632919312,0.012753568589687347,0.12053780418039342,0.004935051582294738,0.06432465165887032,0.648085355758667,0.06432465129794782,-1.1920928955078125e-07,0.003433912992477417,0.010932788252830505,0.036356449127197266,0.09221957623958588,0.16519871354103088,0.07446642431462323,ele-fashion,1,0.04210206853755616,0.054616473615169525,0.04210206853755616,0.0,0.020952800288796425,0.03372132405638695,0.047181036323308945,0.05386253446340561,0.05460137128829956,0.013679698284908056,,visual,,0.7241313052192204,0.4127303970705562,0.30188409058363846,0.15258883456416342,0.9991170763969421,-0.32973756535307475,-0.9999151825904846,-0.996274322271347,-0.9558898657560349,-0.6627340614795685,0.32475440949201584,0.8447054922580719,-0.3640938567600189,0.7066204111302047,,0.06551917642354965,0.04310036823153496,-0.07534429430961609,run_hop,44,,,0.0314326211810112,,0.05455916217107674,0.07533790171146393,0.024843844158544397,-0.07527776807546616,-0.06364374235272408,-0.02446839166805148,0.04993323050439358,0.07202084921300411,0.07506358250975609,0.05323981621297422
0.10817560750183375,0.0,0.0,0.009223992004990578,0.11479616910219193,0.10817560750183375,0.09830682724714279,0.09981630742549896,0.10345527343451977,0.11051272600889206,0.11267926543951035,0.11294253170490265,0.013126224279403687,0.12134181246969039,0.005063410672938419,0.09721021709664447,0.5451594591140747,0.09721021693813121,-1.1920928955078125e-07,0.029516160488128662,0.04879012703895569,0.08159592747688293,0.1298629492521286,0.18795624375343323,0.06624502512409898,ele-fashion,2,0.04210206853755616,0.054616473615169525,0.04210206853755616,0.0,0.020952800288796425,0.03372132405638695,0.047181036323308945,0.05386253446340561,0.05460137128829956,0.013679698284908056,,visual,,0.7241313052192204,0.4127303970705562,0.30188409058363846,0.15258883456416342,0.9991170763969421,-0.32973756535307475,-0.9999151825904846,-0.996274322271347,-0.9558898657560349,-0.6627340614795685,0.32475440949201584,0.8447054922580719,-0.3640938567600189,0.7066204111302047,,0.06551917642354965,0.04310036823153496,-0.07534429430961609,run_hop,44,,,0.054815106093883514,,0.05455916217107674,0.07533790171146393,0.024843844158544397,-0.07527776807546616,-0.06364374235272408,-0.02446839166805148,0.04993323050439358,0.07202084921300411,0.07506358250975609,0.05323981621297422
0.09429992731095367,0.0,0.0,0.008138274773955345,0.10025642812252045,0.09429992731095367,0.08552518486976624,0.08690480515360832,0.09013140387833118,0.09637660533189774,0.09826967865228653,0.09851932525634766,0.011614520102739334,0.12316573759720227,0.004481635596203852,0.12024844595268705,0.5776795744895935,0.1202484457795418,-1.1920928955078125e-07,0.040888845920562744,0.0661393254995346,0.10555490851402283,0.15855906903743744,0.2211768627166748,0.07387901956965512,ele-fashion,3,0.04210206853755616,0.054616473615169525,0.04210206853755616,0.0,0.020952800288796425,0.03372132405638695,0.047181036323308945,0.05386253446340561,0.05460137128829956,0.013679698284908056,,visual,,0.7241313052192204,0.4127303970705562,0.30188409058363846,0.15258883456416342,0.9991170763969421,-0.32973756535307475,-0.9999151825904846,-0.996274322271347,-0.9558898657560349,-0.6627340614795685,0.32475440949201584,0.8447054922580719,-0.3640938567600189,0.7066204111302047,,0.06551917642354965,0.04310036823153496,-0.07534429430961609,run_hop,44,,,-0.09893140941858292,,0.05455916217107674,0.07533790171146393,0.024843844158544397,-0.07527776807546616,-0.06364374235272408,-0.02446839166805148,0.04993323050439358,0.07202084921300411,0.07506358250975609,0.05323981621297422
0.10428818010240962,0.0,0.0,0.002323620021343231,0.10668328404426575,0.10428818010240962,0.10138364881277084,0.10220756232738495,0.10316316597163677,0.10466397926211357,0.10548678599298,0.10569492802023887,0.0034873656928539193,0.033439702269192274,0.0013168797823729782,0.14005696917159222,0.5563151836395264,0.14005696908158896,-1.1920928955078125e-07,0.05296313762664795,0.08427496254444122,0.12785470485687256,0.183915376663208,0.24358975887298584,0.07602553278663061,Reddit-S,1,0.028236160686932497,0.0509040467441082,0.028236160686932497,1.7976022718357854e-05,0.010312743764370682,0.020076535176485777,0.02968274336308241,0.03753166925162077,0.04296024888753891,0.0119235137033437,,text,,0.5988532441801122,0.1952309047439285,0.08474896187240469,0.00044041776771108597,0.975117564201355,-0.25051207901742717,-0.9921631217002869,-0.9437164902687073,-0.8427820205688477,-0.4052598178386688,0.3054485619068146,0.6930209636688233,-0.2852648798288662,0.6175344532883679,,0.010041204281151295,0.027686506509780884,-0.02260478213429451,run_hop,42,,,0.03686102107167244,,0.01353694711671687,0.0224276315420866,0.005662770969183771,-0.022042319178581238,-0.015665587969124317,-0.0069045983254909515,0.009160810150206089,0.019050903152674437,0.02133250627666712,0.013959231777874807
0.10248137793978446,0.0,0.0,0.002283429726958275,0.10484229028224945,0.10248137793978446,0.09961698949337006,0.1004316858947277,0.10137519240379333,0.10285405069589615,0.10365862213075161,0.1038659743964672,0.0034342885017395047,0.033511341970088426,0.0012963851768997183,0.14189101434795004,0.5573168396949768,0.1418910142879479,-1.1920928955078125e-07,0.05331286191940308,0.08531828224658966,0.12995284795761108,0.18668028712272644,0.2459804713726044,0.07670383151605836,Reddit-S,2,0.028236160686932497,0.0509040467441082,0.028236160686932497,1.7976022718357854e-05,0.010312743764370682,0.020076535176485777,0.02968274336308241,0.03753166925162077,0.04296024888753891,0.0119235137033437,,text,,0.5988532441801122,0.1952309047439285,0.08474896187240469,0.00044041776771108597,0.975117564201355,-0.25051207901742717,-0.9921631217002869,-0.9437164902687073,-0.8427820205688477,-0.4052598178386688,0.3054485619068146,0.6930209636688233,-0.2852648798288662,0.6175344532883679,,0.010041204281151295,0.027686506509780884,-0.02260478213429451,run_hop,42,,,0.01731773093342781,,0.01353694711671687,0.0224276315420866,0.005662770969183771,-0.022042319178581238,-0.015665587969124317,-0.0069045983254909515,0.009160810150206089,0.019050903152674437,0.02133250627666712,0.013959231777874807
0.09694738849825014,0.0,0.0,0.0021731704473495483,0.0991947129368782,0.09694738849825014,0.09422127902507782,0.09499659836292267,0.09589467570185661,0.09730174019932747,0.09806784614920616,0.09826520904898643,0.0032686106860637665,0.03371530411145678,0.0012337979424416445,0.14191935603777928,0.5572261214256287,0.1419193559777771,-2.384185791015625e-07,0.05330833792686463,0.08536732196807861,0.1300838589668274,0.18666353821754456,0.24603445529937748,0.07670723483601682,Reddit-S,3,0.028236160686932497,0.0509040467441082,0.028236160686932497,1.7976022718357854e-05,0.010312743764370682,0.020076535176485777,0.02968274336308241,0.03753166925162077,0.04296024888753891,0.0119235137033437,,text,,0.5988532441801122,0.1952309047439285,0.08474896187240469,0.00044041776771108597,0.975117564201355,-0.25051207901742717,-0.9921631217002869,-0.9437164902687073,-0.8427820205688477,-0.4052598178386688,0.3054485619068146,0.6930209636688233,-0.2852648798288662,0.6175344532883679,,0.010041204281151295,0.027686506509780884,-0.02260478213429451,run_hop,42,,,-0.04434359446167946,,0.01353694711671687,0.0224276315420866,0.005662770969183771,-0.022042319178581238,-0.015665587969124317,-0.0069045983254909515,0.009160810150206089,0.019050903152674437,0.02133250627666712,0.013959231777874807
0.10384570686511083,0.0,0.0,0.003069242462515831,0.10728936642408371,0.10384570686511083,0.09870206564664841,0.10070591345429421,0.10255055502057076,0.10439000278711319,0.10561979748308659,0.10601492300629616,0.005309009552001948,0.051124015736605265,0.002059016848442096,0.08935041525565829,0.7382975816726685,0.08935041069549421,-2.384185791015625e-07,0.020111060142517092,0.037541016936302185,0.0679173469543457,0.11569255590438843,0.18482235670089722,0.07872662967193331,Reddit-S,1,0.019847230936004965,0.05126352608203888,0.019847230936004965,1.105179308069637e-06,0.005030399700626731,0.009789376519620419,0.0173423383384943,0.027504947036504745,0.03957401588559151,0.012605944200649007,,visual,,0.5837527127064873,0.18321379136781174,0.08204353844217945,0.002579589782307789,0.9244467616081238,-0.3997847673656208,-0.9962450265884399,-0.9432080566883088,-0.8399170637130737,-0.5501091182231903,-0.08739364333450794,0.3981611728668217,-0.5614697370076758,0.5188403844586216,,0.024106593802571297,0.02187172695994377,-0.04210350289940834,run_hop,42,,,0.02255699224770069,,0.024578034086882132,0.041945405304431915,0.016832339071430443,-0.038922447711229324,-0.01676398012787103,0.003679578599985689,0.02316152025014162,0.03536344971507788,0.03971236161887646,0.02184499775655686
0.10329804019806774,0.0,0.0,0.003055378794670105,0.10674620419740677,0.10329804019806774,0.09817693382501602,0.10017105340957641,0.10200828686356544,0.1038411594927311,0.10506366565823555,0.10545685440301895,0.005285800993442544,0.05117038990532802,0.0020498452554362162,0.09017199931901342,0.740837812423706,0.09017199460884393,-1.1920928955078125e-07,0.019991546869277954,0.03747205436229706,0.06789949536323547,0.11675672233104706,0.18788397312164307,0.0801448937910595,Reddit-S,2,0.019847230936004965,0.05126352608203888,0.019847230936004965,1.105179308069637e-06,0.005030399700626731,0.009789376519620419,0.0173423383384943,0.027504947036504745,0.03957401588559151,0.012605944200649007,,visual,,0.5837527127064873,0.18321379136781174,0.08204353844217945,0.002579589782307789,0.9244467616081238,-0.3997847673656208,-0.9962450265884399,-0.9432080566883088,-0.8399170637130737,-0.5501091182231903,-0.08739364333450794,0.3981611728668217,-0.5614697370076758,0.5188403844586216,,0.024106593802571297,0.02187172695994377,-0.04210350289940834,run_hop,42,,,0.0166398324072361,,0.024578034086882132,0.041945405304431915,0.016832339071430443,-0.038922447711229324,-0.01676398012787103,0.003679578599985689,0.02316152025014162,0.03536344971507788,0.03971236161887646,0.02184499775655686
0.09864621434552469,0.0,0.0,0.0029331818222999573,0.10195647180080414,0.09864621434552469,0.09373139590024948,0.09564486593008041,0.09740794636309147,0.09916738420724869,0.10034112818539143,0.10071856006979943,0.005073694139719018,0.05143323718329556,0.0019674194426060228,0.090188487428561,0.7407301664352417,0.09018848171335535,-2.384185791015625e-07,0.019990897178649908,0.03748247027397156,0.06790503859519958,0.11682255566120148,0.18818759322166445,0.08015274312184793,Reddit-S,3,0.019847230936004965,0.05126352608203888,0.019847230936004965,1.105179308069637e-06,0.005030399700626731,0.009789376519620419,0.0173423383384943,0.027504947036504745,0.03957401588559151,0.012605944200649007,,visual,,0.5837527127064873,0.18321379136781174,0.08204353844217945,0.002579589782307789,0.9244467616081238,-0.3997847673656208,-0.9962450265884399,-0.9432080566883088,-0.8399170637130737,-0.5501091182231903,-0.08739364333450794,0.3981611728668217,-0.5614697370076758,0.5188403844586216,,0.024106593802571297,0.02187172695994377,-0.04210350289940834,run_hop,42,,,-0.03461553528904915,,0.024578034086882132,0.041945405304431915,0.016832339071430443,-0.038922447711229324,-0.01676398012787103,0.003679578599985689,0.02316152025014162,0.03536344971507788,0.03971236161887646,0.02184499775655686
0.10661249732540301,0.0,0.0,0.007842674851417542,0.1136772483587265,0.10661249732540301,0.10125990957021713,0.10202679857611656,0.10287134163081646,0.10592503845691681,0.110714016482234,0.11201788932085037,0.00999109074473381,0.09371406725559815,0.0038567912722189336,0.14445666655873718,0.6263148784637451,0.14445666649873504,-1.1920928955078125e-07,0.05965193510055542,0.09202207624912262,0.13333866000175476,0.1863594949245453,0.24365042448043828,0.07310614002873222,Reddit-S,1,0.029315344670145616,0.053086452186107635,0.029315344670145616,1.2775458344549406e-06,0.0074041448533535,0.013846948277205229,0.026963071897625923,0.0481689153239131,0.05271145850419998,0.017156613525620132,,text,,0.6687598017162941,0.3112495281238203,0.20108216937209009,0.036680508367937584,0.9993428587913513,-0.08244840678884623,-0.9985783100128174,-0.9543949723243713,-0.8077915906906128,-0.21125656366348267,0.6883411705493927,0.9459037840366363,-0.11551528878822198,0.7265645290291803,,0.05637712404131889,0.04090968146920204,0.05495564267039299,run_hop,43,,,0.06773123145103455,,0.03675212468480923,0.0549195297062397,-0.004531005167806469,-0.05487751215696335,-0.052449389919638635,-0.04439270589500666,-0.01160974008962512,0.037828232161700726,0.05198275037109852,0.03992882062414302
0.10418524436874856,0.0,0.0,0.007687447592616081,0.11111344397068024,0.10418524436874856,0.09893510490655899,0.09968727007508278,0.10051828436553478,0.10351371020078659,0.10820573195815086,0.1094856582581997,0.009798388183116916,0.09404775352201405,0.003782136754566518,0.14593295342174883,0.626624345779419,0.1459329533617467,-1.1920928955078125e-07,0.06044245958328247,0.093433678150177,0.13507041335105896,0.18790803849697113,0.24559792280197143,0.0733316097293934,Reddit-S,2,0.029315344670145616,0.053086452186107635,0.029315344670145616,1.2775458344549406e-06,0.0074041448533535,0.013846948277205229,0.026963071897625923,0.0481689153239131,0.05271145850419998,0.017156613525620132,,text,,0.6687598017162941,0.3112495281238203,0.20108216937209009,0.036680508367937584,0.9993428587913513,-0.08244840678884623,-0.9985783100128174,-0.9543949723243713,-0.8077915906906128,-0.21125656366348267,0.6883411705493927,0.9459037840366363,-0.11551528878822198,0.7265645290291803,,0.05637712404131889,0.04090968146920204,0.05495564267039299,run_hop,43,,,0.04192234203219414,,0.03675212468480923,0.0549195297062397,-0.004531005167806469,-0.05487751215696335,-0.052449389919638635,-0.04439270589500666,-0.01160974008962512,0.037828232161700726,0.05198275037109852,0.03992882062414302
0.09353088283058426,0.0,0.0,0.006982773542404175,0.09982673078775406,0.09353088283058426,0.08876294642686844,0.089446821808815,0.09020043909549713,0.09291897341609001,0.0971832126379013,0.09834654852747918,0.00889972671866418,0.09515281422810272,0.003435520727809409,0.14596300279552626,0.6265283226966858,0.14596300267552195,-1.1920928955078125e-07,0.06047663688659668,0.09353569149971008,0.13509681820869446,0.18776923418045044,0.2456116795539856,0.07333460674989101,Reddit-S,3,0.029315344670145616,0.053086452186107635,0.029315344670145616,1.2775458344549406e-06,0.0074041448533535,0.013846948277205229,0.026963071897625923,0.0481689153239131,0.05271145850419998,0.017156613525620132,,text,,0.6687598017162941,0.3112495281238203,0.20108216937209009,0.036680508367937584,0.9993428587913513,-0.08244840678884623,-0.9985783100128174,-0.9543949723243713,-0.8077915906906128,-0.21125656366348267,0.6883411705493927,0.9459037840366363,-0.11551528878822198,0.7265645290291803,,0.05637712404131889,0.04090968146920204,0.05495564267039299,run_hop,43,,,-0.07779841870069504,,0.03675212468480923,0.0549195297062397,-0.004531005167806469,-0.05487751215696335,-0.052449389919638635,-0.04439270589500666,-0.01160974008962512,0.037828232161700726,0.05198275037109852,0.03992882062414302
0.10424224706583463,0.0,0.0,0.00659920834004879,0.10979991406202316,0.10424224706583463,0.09859799593687057,0.09959962293505668,0.1009652353823185,0.10477166995406151,0.10756444372236729,0.10814525708556175,0.008545634150505063,0.08197860647637471,0.0033356843449275243,0.09507929414371973,0.760500967502594,0.09507929408371756,-1.1920928955078125e-07,0.02156854271888733,0.04084579646587372,0.07266715168952942,0.12412361800670624,0.19583818316459659,0.08163429194898578,Reddit-S,1,0.031085735597745,0.05229669436812401,0.031085735597745,4.017643004772253e-05,0.009675940684974195,0.01892416412010789,0.030414005741477013,0.04601509589701891,0.05226212702691555,0.015513682679613918,,visual,,0.6344186236513532,0.2287655719139298,0.1257707310934944,0.008305020762551907,0.9984270930290222,0.14264083121917281,-0.9898464679718018,-0.8192801058292388,-0.5262532234191895,0.26146115362644196,0.8223420530557632,0.9403015673160553,0.14105951931546495,0.6812078734061514,,0.040166717022657394,0.026480859145522118,0.05162927880883217,run_hop,43,,,0.03463331609964371,,0.0327545760236904,0.051548071205616,0.007364443230861749,-0.051105059683322906,-0.042298841848969454,-0.02717007463797927,0.01349905040115118,0.042456925846636295,0.0485470924526453,0.035170271256327906
0.10295218324031608,0.0,0.0,0.006525175645947456,0.10845092684030533,0.10295218324031608,0.09736939519643784,0.09836029931902886,0.0997132956981659,0.1034741960465908,0.10623847134411335,0.10681124776601791,0.008450948446989057,0.08208615088016491,0.0032991468158924675,0.0953564743200938,0.7633038759231567,0.0953564741700884,-1.1920928955078125e-07,0.021122056245803832,0.04032522439956665,0.0721382200717926,0.12410077452659607,0.1980466425418854,0.0831052004447442,Reddit-S,2,0.031085735597745,0.05229669436812401,0.031085735597745,4.017643004772253e-05,0.009675940684974195,0.01892416412010789,0.030414005741477013,0.04601509589701891,0.05226212702691555,0.015513682679613918,,visual,,0.6344186236513532,0.2287655719139298,0.1257707310934944,0.008305020762551907,0.9984270930290222,0.14264083121917281,-0.9898464679718018,-0.8192801058292388,-0.5262532234191895,0.26146115362644196,0.8223420530557632,0.9403015673160553,0.14105951931546495,0.6812078734061514,,0.040166717022657394,0.026480859145522118,0.05162927880883217,run_hop,43,,,0.020732328295707703,,0.0327545760236904,0.051548071205616,0.007364443230861749,-0.051105059683322906,-0.042298841848969454,-0.02717007463797927,0.01349905040115118,0.042456925846636295,0.0485470924526453,0.035170271256327906
0.09654610773272615,0.0,0.0,0.0061626434326171875,0.10174056142568588,0.09654610773272615,0.09127462655305862,0.09221005961298942,0.0934870932251215,0.09703832492232323,0.09964973665773869,0.10019106194376945,0.00798100233078003,0.08266518990896668,0.003115638984110763,0.0953831628229358,0.7631884217262268,0.09538316270293148,-1.1920928955078125e-07,0.021123504638671877,0.040312498807907104,0.07213705778121948,0.12407641112804413,0.19815693497657777,0.08312719387248056,Reddit-S,3,0.031085735597745,0.05229669436812401,0.031085735597745,4.017643004772253e-05,0.009675940684974195,0.01892416412010789,0.030414005741477013,0.04601509589701891,0.05226212702691555,0.015513682679613918,,visual,,0.6344186236513532,0.2287655719139298,0.1257707310934944,0.008305020762551907,0.9984270930290222,0.14264083121917281,-0.9898464679718018,-0.8192801058292388,-0.5262532234191895,0.26146115362644196,0.8223420530557632,0.9403015673160553,0.14105951931546495,0.6812078734061514,,0.040166717022657394,0.026480859145522118,0.05162927880883217,run_hop,43,,,-0.05063620209693909,,0.0327545760236904,0.051548071205616,0.007364443230861749,-0.051105059683322906,-0.042298841848969454,-0.02717007463797927,0.01349905040115118,0.042456925846636295,0.0485470924526453,0.035170271256327906
0.10292558114152067,0.0,0.0,0.00026516057550907135,0.10374182462692261,0.10292558114152067,0.10235293209552765,0.10264536738395691,0.10279088281095028,0.10294287651777267,0.10305604338645935,0.10316973626613617,0.0005243688821792575,0.00509464096640043,0.00019945324298273838,0.13280369404563216,0.5903506278991699,0.1328036940156311,-1.1920928955078125e-07,0.04966502189636231,0.07858575880527496,0.12119460105895996,0.1740766167640686,0.23180602192878727,0.0730038094897779,Reddit-S,1,0.01694429177154345,0.04401508346199989,0.01694429177154345,2.0213023162796162e-05,0.006597804371267557,0.01048923539929092,0.016355515457689762,0.02285799104720354,0.02813373897224665,0.008220063885882551,,text,,0.4609697418326982,0.009500440417767712,6.291682395872656e-05,0.0,0.9380735158920288,0.08650396249188405,-0.9530577063560486,-0.6766162395477295,-0.369949072599411,0.17758819460868835,0.5454460233449936,0.7065883576869966,0.17880961369070092,0.5138831664201758,,0.015043651685118675,0.01878812536597252,0.0038018140476197004,run_hop,44,,,0.029011135920882225,,0.0017525212405859266,0.0035663810558617115,0.0003288719803499057,-0.003623348195105791,-0.002572369109839201,-0.0014064775896258652,0.0006751572946086526,0.0020736842998303473,0.002686317567713559,0.0019536882414564766
0.10086241738695656,0.0,0.0,0.00025997869670391083,0.10166219621896744,0.10086241738695656,0.1002981886267662,0.10058846324682236,0.10073032975196838,0.1008792594075203,0.1009903084486723,0.10110233649611473,0.0005138732492923764,0.005094794102701481,0.00019583676317801825,0.13385547899863878,0.5913472175598145,0.1338554789386366,-1.1920928955078125e-07,0.04970269799232484,0.07925580441951752,0.12243199348449707,0.17542384564876556,0.23325982093811037,0.07342763520908437,Reddit-S,2,0.01694429177154345,0.04401508346199989,0.01694429177154345,2.0213023162796162e-05,0.006597804371267557,0.01048923539929092,0.016355515457689762,0.02285799104720354,0.02813373897224665,0.008220063885882551,,text,,0.4609697418326982,0.009500440417767712,6.291682395872656e-05,0.0,0.9380735158920288,0.08650396249188405,-0.9530577063560486,-0.6766162395477295,-0.369949072599411,0.17758819460868835,0.5454460233449936,0.7065883576869966,0.17880961369070092,0.5138831664201758,,0.015043651685118675,0.01878812536597252,0.0038018140476197004,run_hop,44,,,0.006445294711738825,,0.0017525212405859266,0.0035663810558617115,0.0003288719803499057,-0.003623348195105791,-0.002572369109839201,-0.0014064775896258652,0.0006751572946086526,0.0020736842998303473,0.002686317567713559,0.0019536882414564766
0.09742793196731879,0.0,0.0,0.00025203078985214233,0.09820336103439331,0.09742793196731879,0.09688082337379456,0.09716230109333993,0.09729987941682339,0.09744425863027573,0.09755191020667553,0.09766052588820458,0.0004982247948646518,0.005113777792457531,0.00018987281756897316,0.1338670559202153,0.591346263885498,0.1338670559202153,0.0,0.04970843195915223,0.07926295697689056,0.12244746088981628,0.17544595897197723,0.23327792882919313,0.07342711807198037,Reddit-S,3,0.01694429177154345,0.04401508346199989,0.01694429177154345,2.0213023162796162e-05,0.006597804371267557,0.01048923539929092,0.016355515457689762,0.02285799104720354,0.02813373897224665,0.008220063885882551,,text,,0.4609697418326982,0.009500440417767712,6.291682395872656e-05,0.0,0.9380735158920288,0.08650396249188405,-0.9530577063560486,-0.6766162395477295,-0.369949072599411,0.17758819460868835,0.5454460233449936,0.7065883576869966,0.17880961369070092,0.5138831664201758,,0.015043651685118675,0.01878812536597252,0.0038018140476197004,run_hop,44,,,-0.032011788338422775,,0.0017525212405859266,0.0035663810558617115,0.0003288719803499057,-0.003623348195105791,-0.002572369109839201,-0.0014064775896258652,0.0006751572946086526,0.0020736842998303473,0.002686317567713559,0.0019536882414564766
0.10312028513403078,0.0,0.0,0.0018760338425636292,0.10530681908130646,0.10312028513403078,0.09864542633295059,0.10014543235301972,0.10243313014507294,0.10389429330825806,0.10430916398763657,0.10449963808059692,0.004354205727577207,0.04222453149616096,0.001685720255231574,0.0841092450619944,0.7255614995956421,0.08410924488198791,-1.1920928955078125e-07,0.018404114246368408,0.0340515673160553,0.06215134263038635,0.10779392719268799,0.17617567777633675,0.0769128841102675,Reddit-S,1,0.01577287495748421,0.05051741749048233,0.01577287495748421,2.8699627364403568e-05,0.0030083940364420414,0.0053353357361629605,0.01245561009272933,0.024164950475096703,0.035506194084882745,0.012245566183739029,,visual,,0.6934245852230881,0.26412482697873413,0.0696489241223103,0.0005033345916698125,0.9355201721191406,-0.5034163928879644,-0.9942882657051086,-0.9397164404392242,-0.8907259255647659,-0.761520653963089,-0.2863255515694618,0.4546004265546801,-0.6131873663017491,0.5441058740492856,,0.015023109503090382,0.014364713802933693,-0.033291470259428024,run_hop,44,,,0.01586066745221615,,0.02308512398102625,0.033101316541433334,0.016759471847424122,-0.031144842505455017,-0.015134316589683292,0.00953219854272902,0.025352141819894314,0.029653575737029314,0.03128454275429249,0.018114084589765975
0.10247772444628823,0.0,0.0,0.0018663536757230759,0.10466393083333969,0.10247772444628823,0.09802667051553726,0.09951853156089782,0.10179335251450539,0.1032484695315361,0.10365970619022846,0.10385002493858338,0.004331493377685555,0.042267657688999115,0.0016767070715664354,0.08490238777193405,0.7275826930999756,0.08490238732191786,-1.1920928955078125e-07,0.018463361263275146,0.03419052064418793,0.062354207038879395,0.10885225236415863,0.17861033082008362,0.07789615069735091,Reddit-S,2,0.01577287495748421,0.05051741749048233,0.01577287495748421,2.8699627364403568e-05,0.0030083940364420414,0.0053353357361629605,0.01245561009272933,0.024164950475096703,0.035506194084882745,0.012245566183739029,,visual,,0.6934245852230881,0.26412482697873413,0.0696489241223103,0.0005033345916698125,0.9355201721191406,-0.5034163928879644,-0.9942882657051086,-0.9397164404392242,-0.8907259255647659,-0.761520653963089,-0.2863255515694618,0.4546004265546801,-0.6131873663017491,0.5441058740492856,,0.015023109503090382,0.014364713802933693,-0.033291470259428024,run_hop,44,,,0.008882049471139908,,0.02308512398102625,0.033101316541433334,0.016759471847424122,-0.031144842505455017,-0.015134316589683292,0.00953219854272902,0.025352141819894314,0.029653575737029314,0.03128454275429249,0.018114084589765975
0.09958926465198711,0.0,0.0,0.001819618046283722,0.10172073543071747,0.09958926465198711,0.09525025635957718,0.09670441150665283,0.09892198629677296,0.10034061968326569,0.10074160434305668,0.10092712417244912,0.004222712665796283,0.04240128371777896,0.001634533969530124,0.0849131172605171,0.7275620698928833,0.08491311717051386,-1.1920928955078125e-07,0.018475013971328738,0.03421933948993683,0.062377601861953735,0.10883675515651703,0.17859524488449097,0.07790178192658528,Reddit-S,3,0.01577287495748421,0.05051741749048233,0.01577287495748421,2.8699627364403568e-05,0.0030083940364420414,0.0053353357361629605,0.01245561009272933,0.024164950475096703,0.035506194084882745,0.012245566183739029,,visual,,0.6934245852230881,0.26412482697873413,0.0696489241223103,0.0005033345916698125,0.9355201721191406,-0.5034163928879644,-0.9942882657051086,-0.9397164404392242,-0.8907259255647659,-0.761520653963089,-0.2863255515694618,0.4546004265546801,-0.6131873663017491,0.5441058740492856,,0.015023109503090382,0.014364713802933693,-0.033291470259428024,run_hop,44,,,-0.02292323298752308,,0.02308512398102625,0.033101316541433334,0.016759471847424122,-0.031144842505455017,-0.015134316589683292,0.00953219854272902,0.025352141819894314,0.029653575737029314,0.03128454275429249,0.018114084589765975
,,,,,,,,,,,,,,,,,,,,,,,,,Movies,,,,,,,,,,,,term_p,text,True,,,,,,,,,,,,,,,0.3196749405182996,,,,cross_seed_correlation,,42,43,,0.5197559257485652,,,,,,,,,,
,,,,,,,,,,,,,,,,,,,,,,,,,Movies,1,,,,,,,,,,,alpha,text,True,,,,,,,,,,,,,,,0.9148434142322325,,,,cross_seed_correlation,,42,43,,0.885760010361108,,,,,,,,,,
,,,,,,,,,,,,,,,,,,,,,,,,,Movies,2,,,,,,,,,,,alpha,text,True,,,,,,,,,,,,,,,0.9116607888352841,,,,cross_seed_correlation,,42,43,,0.8830144297813723,,,,,,,,,,
,,,,,,,,,,,,,,,,,,,,,,,,,Movies,3,,,,,,,,,,,alpha,text,True,,,,,,,,,,,,,,,0.9198507493402287,,,,cross_seed_correlation,,42,43,,0.8947065287884856,,,,,,,,,,
,,,,,,,,,,,,,,,,,,,,,,,,,Movies,,,,,,,,,,,,term_p,text,True,,,,,,,,,,,,,,,0.23710104833612552,,,,cross_seed_correlation,,42,44,,0.4259716607686787,,,,,,,,,,
,,,,,,,,,,,,,,,,,,,,,,,,,Movies,1,,,,,,,,,,,alpha,text,True,,,,,,,,,,,,,,,0.942791302016792,,,,cross_seed_correlation,,42,44,,0.9366912721002162,,,,,,,,,,
,,,,,,,,,,,,,,,,,,,,,,,,,Movies,2,,,,,,,,,,,alpha,text,True,,,,,,,,,,,,,,,0.9381163853133075,,,,cross_seed_correlation,,42,44,,0.9309101852922843,,,,,,,,,,
,,,,,,,,,,,,,,,,,,,,,,,,,Movies,3,,,,,,,,,,,alpha,text,True,,,,,,,,,,,,,,,0.941470389971676,,,,cross_seed_correlation,,42,44,,0.933778416905482,,,,,,,,,,
,,,,,,,,,,,,,,,,,,,,,,,,,Movies,,,,,,,,,,,,term_p,text,True,,,,,,,,,,,,,,,0.3684651594744416,,,,cross_seed_correlation,,43,44,,0.4382961718832118,,,,,,,,,,
,,,,,,,,,,,,,,,,,,,,,,,,,Movies,1,,,,,,,,,,,alpha,text,True,,,,,,,,,,,,,,,0.9054335837416851,,,,cross_seed_correlation,,43,44,,0.8642945835779648,,,,,,,,,,
,,,,,,,,,,,,,,,,,,,,,,,,,Movies,2,,,,,,,,,,,alpha,text,True,,,,,,,,,,,,,,,0.8996033829024841,,,,cross_seed_correlation,,43,44,,0.8575265935755803,,,,,,,,,,
,,,,,,,,,,,,,,,,,,,,,,,,,Movies,3,,,,,,,,,,,alpha,text,True,,,,,,,,,,,,,,,0.9077357540037974,,,,cross_seed_correlation,,43,44,,0.869831512268817,,,,,,,,,,
,,,,,,,,,,,,,,,,,,,,,,,,,Movies,,,,,,,,,,,,term_p,visual,True,,,,,,,,,,,,,,,0.5302494461683356,,,,cross_seed_correlation,,42,43,,0.5347587881696514,,,,,,,,,,
,,,,,,,,,,,,,,,,,,,,,,,,,Movies,1,,,,,,,,,,,alpha,visual,True,,,,,,,,,,,,,,,0.5286023429966805,,,,cross_seed_correlation,,42,43,,0.5330766953079262,,,,,,,,,,
,,,,,,,,,,,,,,,,,,,,,,,,,Movies,2,,,,,,,,,,,alpha,visual,True,,,,,,,,,,,,,,,0.5286454722375429,,,,cross_seed_correlation,,42,43,,0.5331240728534375,,,,,,,,,,
,,,,,,,,,,,,,,,,,,,,,,,,,Movies,3,,,,,,,,,,,alpha,visual,True,,,,,,,,,,,,,,,0.5285358755787304,,,,cross_seed_correlation,,42,43,,0.5330098134677125,,,,,,,,,,
,,,,,,,,,,,,,,,,,,,,,,,,,Movies,,,,,,,,,,,,term_p,visual,True,,,,,,,,,,,,,,,0.545644285699719,,,,cross_seed_correlation,,42,44,,0.5755432658508502,,,,,,,,,,
,,,,,,,,,,,,,,,,,,,,,,,,,Movies,1,,,,,,,,,,,alpha,visual,True,,,,,,,,,,,,,,,0.544443290762612,,,,cross_seed_correlation,,42,44,,0.5705360315454381,,,,,,,,,,
,,,,,,,,,,,,,,,,,,,,,,,,,Movies,2,,,,,,,,,,,alpha,visual,True,,,,,,,,,,,,,,,0.5442038990142815,,,,cross_seed_correlation,,42,44,,0.570307618778776,,,,,,,,,,
,,,,,,,,,,,,,,,,,,,,,,,,,Movies,3,,,,,,,,,,,alpha,visual,True,,,,,,,,,,,,,,,0.5437562360583457,,,,cross_seed_correlation,,42,44,,0.5695731889850867,,,,,,,,,,
,,,,,,,,,,,,,,,,,,,,,,,,,Movies,,,,,,,,,,,,term_p,visual,True,,,,,,,,,,,,,,,0.4405727536313041,,,,cross_seed_correlation,,43,44,,0.4653423246208471,,,,,,,,,,
,,,,,,,,,,,,,,,,,,,,,,,,,Movies,1,,,,,,,,,,,alpha,visual,True,,,,,,,,,,,,,,,0.44144530420508715,,,,cross_seed_correlation,,43,44,,0.46490802210141,,,,,,,,,,
,,,,,,,,,,,,,,,,,,,,,,,,,Movies,2,,,,,,,,,,,alpha,visual,True,,,,,,,,,,,,,,,0.4415033378034114,,,,cross_seed_correlation,,43,44,,0.46492383649032903,,,,,,,,,,
,,,,,,,,,,,,,,,,,,,,,,,,,Movies,3,,,,,,,,,,,alpha,visual,True,,,,,,,,,,,,,,,0.4417558696448117,,,,cross_seed_correlation,,43,44,,0.46495595879351653,,,,,,,,,,
,,,,,,,,,,,,,,,,,,,,,,,,,Toys,,,,,,,,,,,,term_p,text,True,,,,,,,,,,,,,,,0.3024843264443702,,,,cross_seed_correlation,,42,43,,0.2544833513902521,,,,,,,,,,
,,,,,,,,,,,,,,,,,,,,,,,,,Toys,1,,,,,,,,,,,alpha,text,True,,,,,,,,,,,,,,,0.3362157311746245,,,,cross_seed_correlation,,42,43,,0.3832709375492301,,,,,,,,,,
,,,,,,,,,,,,,,,,,,,,,,,,,Toys,2,,,,,,,,,,,alpha,text,True,,,,,,,,,,,,,,,0.337810060158866,,,,cross_seed_correlation,,42,43,,0.37222346017390545,,,,,,,,,,
,,,,,,,,,,,,,,,,,,,,,,,,,Toys,3,,,,,,,,,,,alpha,text,True,,,,,,,,,,,,,,,0.34413846654697156,,,,cross_seed_correlation,,42,43,,0.3819198474835352,,,,,,,,,,
,,,,,,,,,,,,,,,,,,,,,,,,,Toys,,,,,,,,,,,,term_p,text,True,,,,,,,,,,,,,,,0.7468179292046337,,,,cross_seed_correlation,,42,44,,0.8086095508983406,,,,,,,,,,
,,,,,,,,,,,,,,,,,,,,,,,,,Toys,1,,,,,,,,,,,alpha,text,True,,,,,,,,,,,,,,,0.7524155771680527,,,,cross_seed_correlation,,42,44,,0.8001809232352716,,,,,,,,,,
,,,,,,,,,,,,,,,,,,,,,,,,,Toys,2,,,,,,,,,,,alpha,text,True,,,,,,,,,,,,,,,0.752597532853313,,,,cross_seed_correlation,,42,44,,0.8066074582104352,,,,,,,,,,
,,,,,,,,,,,,,,,,,,,,,,,,,Toys,3,,,,,,,,,,,alpha,text,True,,,,,,,,,,,,,,,0.7534377815713071,,,,cross_seed_correlation,,42,44,,0.8058703786042709,,,,,,,,,,
,,,,,,,,,,,,,,,,,,,,,,,,,Toys,,,,,,,,,,,,term_p,text,True,,,,,,,,,,,,,,,0.3751095229082588,,,,cross_seed_correlation,,43,44,,0.3199100621928243,,,,,,,,,,
,,,,,,,,,,,,,,,,,,,,,,,,,Toys,1,,,,,,,,,,,alpha,text,True,,,,,,,,,,,,,,,0.37809355633672825,,,,cross_seed_correlation,,43,44,,0.3678517158945116,,,,,,,,,,
,,,,,,,,,,,,,,,,,,,,,,,,,Toys,2,,,,,,,,,,,alpha,text,True,,,,,,,,,,,,,,,0.3872761844112917,,,,cross_seed_correlation,,43,44,,0.37230190932490925,,,,,,,,,,
,,,,,,,,,,,,,,,,,,,,,,,,,Toys,3,,,,,,,,,,,alpha,text,True,,,,,,,,,,,,,,,0.38971388801329815,,,,cross_seed_correlation,,43,44,,0.37339499815492816,,,,,,,,,,
,,,,,,,,,,,,,,,,,,,,,,,,,Toys,,,,,,,,,,,,term_p,visual,True,,,,,,,,,,,,,,,0.193105785369956,,,,cross_seed_correlation,,42,43,,0.23223213104069124,,,,,,,,,,
,,,,,,,,,,,,,,,,,,,,,,,,,Toys,1,,,,,,,,,,,alpha,visual,True,,,,,,,,,,,,,,,0.20565002534491997,,,,cross_seed_correlation,,42,43,,0.24484754144489476,,,,,,,,,,
,,,,,,,,,,,,,,,,,,,,,,,,,Toys,2,,,,,,,,,,,alpha,visual,True,,,,,,,,,,,,,,,0.20666848950975086,,,,cross_seed_correlation,,42,43,,0.24741806250518109,,,,,,,,,,
,,,,,,,,,,,,,,,,,,,,,,,,,Toys,3,,,,,,,,,,,alpha,visual,True,,,,,,,,,,,,,,,0.2096270653784934,,,,cross_seed_correlation,,42,43,,0.2504875607594619,,,,,,,,,,
,,,,,,,,,,,,,,,,,,,,,,,,,Toys,,,,,,,,,,,,term_p,visual,True,,,,,,,,,,,,,,,0.18774934644004437,,,,cross_seed_correlation,,42,44,,0.2335633115915491,,,,,,,,,,
,,,,,,,,,,,,,,,,,,,,,,,,,Toys,1,,,,,,,,,,,alpha,visual,True,,,,,,,,,,,,,,,0.19837198258521865,,,,cross_seed_correlation,,42,44,,0.24546476158753883,,,,,,,,,,
,,,,,,,,,,,,,,,,,,,,,,,,,Toys,2,,,,,,,,,,,alpha,visual,True,,,,,,,,,,,,,,,0.19848981641374716,,,,cross_seed_correlation,,42,44,,0.24721094020656284,,,,,,,,,,
,,,,,,,,,,,,,,,,,,,,,,,,,Toys,3,,,,,,,,,,,alpha,visual,True,,,,,,,,,,,,,,,0.20014256720779877,,,,cross_seed_correlation,,42,44,,0.2492617578192689,,,,,,,,,,
,,,,,,,,,,,,,,,,,,,,,,,,,Toys,,,,,,,,,,,,term_p,visual,True,,,,,,,,,,,,,,,0.7478464594876097,,,,cross_seed_correlation,,43,44,,0.7397315414076595,,,,,,,,,,
,,,,,,,,,,,,,,,,,,,,,,,,,Toys,1,,,,,,,,,,,alpha,visual,True,,,,,,,,,,,,,,,0.752279893408237,,,,cross_seed_correlation,,43,44,,0.7461764852509813,,,,,,,,,,
,,,,,,,,,,,,,,,,,,,,,,,,,Toys,2,,,,,,,,,,,alpha,visual,True,,,,,,,,,,,,,,,0.7520482871218667,,,,cross_seed_correlation,,43,44,,0.7468848018481721,,,,,,,,,,
,,,,,,,,,,,,,,,,,,,,,,,,,Toys,3,,,,,,,,,,,alpha,visual,True,,,,,,,,,,,,,,,0.7525053103579019,,,,cross_seed_correlation,,43,44,,0.7479570809232207,,,,,,,,,,
,,,,,,,,,,,,,,,,,,,,,,,,,Grocery,,,,,,,,,,,,term_p,text,True,,,,,,,,,,,,,,,0.6128407222447848,,,,cross_seed_correlation,,42,43,,0.6565043904021838,,,,,,,,,,
,,,,,,,,,,,,,,,,,,,,,,,,,Grocery,1,,,,,,,,,,,alpha,text,True,,,,,,,,,,,,,,,0.47366646622804154,,,,cross_seed_correlation,,42,43,,0.5469169390159939,,,,,,,,,,
,,,,,,,,,,,,,,,,,,,,,,,,,Grocery,2,,,,,,,,,,,alpha,text,True,,,,,,,,,,,,,,,0.48852519128394195,,,,cross_seed_correlation,,42,43,,0.5597158347627015,,,,,,,,,,
,,,,,,,,,,,,,,,,,,,,,,,,,Grocery,3,,,,,,,,,,,alpha,text,True,,,,,,,,,,,,,,,0.48177717821622534,,,,cross_seed_correlation,,42,43,,0.5549058297159883,,,,,,,,,,
,,,,,,,,,,,,,,,,,,,,,,,,,Grocery,,,,,,,,,,,,term_p,text,True,,,,,,,,,,,,,,,0.12376998592079017,,,,cross_seed_correlation,,42,44,,0.1485700333242647,,,,,,,,,,
,,,,,,,,,,,,,,,,,,,,,,,,,Grocery,1,,,,,,,,,,,alpha,text,True,,,,,,,,,,,,,,,0.5579395298797092,,,,cross_seed_correlation,,42,44,,0.5718940913871358,,,,,,,,,,
,,,,,,,,,,,,,,,,,,,,,,,,,Grocery,2,,,,,,,,,,,alpha,text,True,,,,,,,,,,,,,,,0.5060683652941251,,,,cross_seed_correlation,,42,44,,0.5252378737766963,,,,,,,,,,
,,,,,,,,,,,,,,,,,,,,,,,,,Grocery,3,,,,,,,,,,,alpha,text,True,,,,,,,,,,,,,,,0.5228774468644454,,,,cross_seed_correlation,,42,44,,0.5362138524155867,,,,,,,,,,
,,,,,,,,,,,,,,,,,,,,,,,,,Grocery,,,,,,,,,,,,term_p,text,True,,,,,,,,,,,,,,,-0.003386035227976775,,,,cross_seed_correlation,,43,44,,0.008520944003740373,,,,,,,,,,
,,,,,,,,,,,,,,,,,,,,,,,,,Grocery,1,,,,,,,,,,,alpha,text,True,,,,,,,,,,,,,,,0.022025959143103308,,,,cross_seed_correlation,,43,44,,0.10971752054381156,,,,,,,,,,
,,,,,,,,,,,,,,,,,,,,,,,,,Grocery,2,,,,,,,,,,,alpha,text,True,,,,,,,,,,,,,,,0.00751314383380861,,,,cross_seed_correlation,,43,44,,0.07815698725627745,,,,,,,,,,
,,,,,,,,,,,,,,,,,,,,,,,,,Grocery,3,,,,,,,,,,,alpha,text,True,,,,,,,,,,,,,,,0.007892623449123433,,,,cross_seed_correlation,,43,44,,0.07463953192116164,,,,,,,,,,
,,,,,,,,,,,,,,,,,,,,,,,,,Grocery,,,,,,,,,,,,term_p,visual,True,,,,,,,,,,,,,,,0.6796076541203161,,,,cross_seed_correlation,,42,43,,0.7230994481787375,,,,,,,,,,
,,,,,,,,,,,,,,,,,,,,,,,,,Grocery,1,,,,,,,,,,,alpha,visual,True,,,,,,,,,,,,,,,0.6817915131760286,,,,cross_seed_correlation,,42,43,,0.7234133869974236,,,,,,,,,,
,,,,,,,,,,,,,,,,,,,,,,,,,Grocery,2,,,,,,,,,,,alpha,visual,True,,,,,,,,,,,,,,,0.680624762920083,,,,cross_seed_correlation,,42,43,,0.7229909593205202,,,,,,,,,,
,,,,,,,,,,,,,,,,,,,,,,,,,Grocery,3,,,,,,,,,,,alpha,visual,True,,,,,,,,,,,,,,,0.6801516796830008,,,,cross_seed_correlation,,42,43,,0.7225385691938921,,,,,,,,,,
,,,,,,,,,,,,,,,,,,,,,,,,,Grocery,,,,,,,,,,,,term_p,visual,True,,,,,,,,,,,,,,,0.7561615206027213,,,,cross_seed_correlation,,42,44,,0.7866179338721953,,,,,,,,,,
,,,,,,,,,,,,,,,,,,,,,,,,,Grocery,1,,,,,,,,,,,alpha,visual,True,,,,,,,,,,,,,,,0.7606470119797945,,,,cross_seed_correlation,,42,44,,0.7954569077901552,,,,,,,,,,
,,,,,,,,,,,,,,,,,,,,,,,,,Grocery,2,,,,,,,,,,,alpha,visual,True,,,,,,,,,,,,,,,0.7597025111945686,,,,cross_seed_correlation,,42,44,,0.7943805009654317,,,,,,,,,,
,,,,,,,,,,,,,,,,,,,,,,,,,Grocery,3,,,,,,,,,,,alpha,visual,True,,,,,,,,,,,,,,,0.7594818684797691,,,,cross_seed_correlation,,42,44,,0.7935819302568217,,,,,,,,,,
,,,,,,,,,,,,,,,,,,,,,,,,,Grocery,,,,,,,,,,,,term_p,visual,True,,,,,,,,,,,,,,,0.6291559819886067,,,,cross_seed_correlation,,43,44,,0.6645790221074794,,,,,,,,,,
,,,,,,,,,,,,,,,,,,,,,,,,,Grocery,1,,,,,,,,,,,alpha,visual,True,,,,,,,,,,,,,,,0.633161132651428,,,,cross_seed_correlation,,43,44,,0.6701758961152215,,,,,,,,,,
,,,,,,,,,,,,,,,,,,,,,,,,,Grocery,2,,,,,,,,,,,alpha,visual,True,,,,,,,,,,,,,,,0.6319683819015043,,,,cross_seed_correlation,,43,44,,0.6693156407170686,,,,,,,,,,
,,,,,,,,,,,,,,,,,,,,,,,,,Grocery,3,,,,,,,,,,,alpha,visual,True,,,,,,,,,,,,,,,0.6315483430554203,,,,cross_seed_correlation,,43,44,,0.6688699759896186,,,,,,,,,,
,,,,,,,,,,,,,,,,,,,,,,,,,ele-fashion,,,,,,,,,,,,term_p,text,True,,,,,,,,,,,,,,,0.6696003715580425,,,,cross_seed_correlation,,42,43,,0.6769717408093523,,,,,,,,,,
,,,,,,,,,,,,,,,,,,,,,,,,,ele-fashion,1,,,,,,,,,,,alpha,text,True,,,,,,,,,,,,,,,0.6698031785435984,,,,cross_seed_correlation,,42,43,,0.6775300702457021,,,,,,,,,,
,,,,,,,,,,,,,,,,,,,,,,,,,ele-fashion,2,,,,,,,,,,,alpha,text,True,,,,,,,,,,,,,,,0.672090454539737,,,,cross_seed_correlation,,42,43,,0.679001944427105,,,,,,,,,,
,,,,,,,,,,,,,,,,,,,,,,,,,ele-fashion,3,,,,,,,,,,,alpha,text,True,,,,,,,,,,,,,,,0.6728619111611865,,,,cross_seed_correlation,,42,43,,0.6795008824864418,,,,,,,,,,
,,,,,,,,,,,,,,,,,,,,,,,,,ele-fashion,,,,,,,,,,,,term_p,text,True,,,,,,,,,,,,,,,0.6318757038513105,,,,cross_seed_correlation,,42,44,,0.6580014287568756,,,,,,,,,,
,,,,,,,,,,,,,,,,,,,,,,,,,ele-fashion,1,,,,,,,,,,,alpha,text,True,,,,,,,,,,,,,,,0.6393565622720626,,,,cross_seed_correlation,,42,44,,0.6618680250032446,,,,,,,,,,
,,,,,,,,,,,,,,,,,,,,,,,,,ele-fashion,2,,,,,,,,,,,alpha,text,True,,,,,,,,,,,,,,,0.6425776661942108,,,,cross_seed_correlation,,42,44,,0.6632624019934746,,,,,,,,,,
,,,,,,,,,,,,,,,,,,,,,,,,,ele-fashion,3,,,,,,,,,,,alpha,text,True,,,,,,,,,,,,,,,0.6440241062325066,,,,cross_seed_correlation,,42,44,,0.6639482912052223,,,,,,,,,,
,,,,,,,,,,,,,,,,,,,,,,,,,ele-fashion,,,,,,,,,,,,term_p,text,True,,,,,,,,,,,,,,,0.6237744238572341,,,,cross_seed_correlation,,43,44,,0.6341001109697562,,,,,,,,,,
,,,,,,,,,,,,,,,,,,,,,,,,,ele-fashion,1,,,,,,,,,,,alpha,text,True,,,,,,,,,,,,,,,0.6269702929618981,,,,cross_seed_correlation,,43,44,,0.6362882977995437,,,,,,,,,,
,,,,,,,,,,,,,,,,,,,,,,,,,ele-fashion,2,,,,,,,,,,,alpha,text,True,,,,,,,,,,,,,,,0.6289481909838293,,,,cross_seed_correlation,,43,44,,0.6380963418418035,,,,,,,,,,
,,,,,,,,,,,,,,,,,,,,,,,,,ele-fashion,3,,,,,,,,,,,alpha,text,True,,,,,,,,,,,,,,,0.629492386006522,,,,cross_seed_correlation,,43,44,,0.6383277792753589,,,,,,,,,,
,,,,,,,,,,,,,,,,,,,,,,,,,ele-fashion,,,,,,,,,,,,term_p,visual,True,,,,,,,,,,,,,,,0.8139444988786275,,,,cross_seed_correlation,,42,43,,0.8393360154274175,,,,,,,,,,
,,,,,,,,,,,,,,,,,,,,,,,,,ele-fashion,1,,,,,,,,,,,alpha,visual,True,,,,,,,,,,,,,,,0.8066233621600895,,,,cross_seed_correlation,,42,43,,0.7986442197241082,,,,,,,,,,
,,,,,,,,,,,,,,,,,,,,,,,,,ele-fashion,2,,,,,,,,,,,alpha,visual,True,,,,,,,,,,,,,,,0.8098026843897753,,,,cross_seed_correlation,,42,43,,0.7963946396351247,,,,,,,,,,
,,,,,,,,,,,,,,,,,,,,,,,,,ele-fashion,3,,,,,,,,,,,alpha,visual,True,,,,,,,,,,,,,,,0.8096251263123896,,,,cross_seed_correlation,,42,43,,0.7906393851099518,,,,,,,,,,
,,,,,,,,,,,,,,,,,,,,,,,,,ele-fashion,,,,,,,,,,,,term_p,visual,True,,,,,,,,,,,,,,,0.7869566919461674,,,,cross_seed_correlation,,42,44,,0.766872858805093,,,,,,,,,,
,,,,,,,,,,,,,,,,,,,,,,,,,ele-fashion,1,,,,,,,,,,,alpha,visual,True,,,,,,,,,,,,,,,0.7809878390872372,,,,cross_seed_correlation,,42,44,,0.7437243722454246,,,,,,,,,,
,,,,,,,,,,,,,,,,,,,,,,,,,ele-fashion,2,,,,,,,,,,,alpha,visual,True,,,,,,,,,,,,,,,0.7839740346782136,,,,cross_seed_correlation,,42,44,,0.7343282847580312,,,,,,,,,,
,,,,,,,,,,,,,,,,,,,,,,,,,ele-fashion,3,,,,,,,,,,,alpha,visual,True,,,,,,,,,,,,,,,0.7841603963396365,,,,cross_seed_correlation,,42,44,,0.7296809029732483,,,,,,,,,,
,,,,,,,,,,,,,,,,,,,,,,,,,ele-fashion,,,,,,,,,,,,term_p,visual,True,,,,,,,,,,,,,,,0.7227343982337264,,,,cross_seed_correlation,,43,44,,0.7915671743559116,,,,,,,,,,
,,,,,,,,,,,,,,,,,,,,,,,,,ele-fashion,1,,,,,,,,,,,alpha,visual,True,,,,,,,,,,,,,,,0.7163719240351001,,,,cross_seed_correlation,,43,44,,0.7534397375032367,,,,,,,,,,
,,,,,,,,,,,,,,,,,,,,,,,,,ele-fashion,2,,,,,,,,,,,alpha,visual,True,,,,,,,,,,,,,,,0.7208348984375736,,,,cross_seed_correlation,,43,44,,0.7577082342576069,,,,,,,,,,
,,,,,,,,,,,,,,,,,,,,,,,,,ele-fashion,3,,,,,,,,,,,alpha,visual,True,,,,,,,,,,,,,,,0.7211426307196104,,,,cross_seed_correlation,,43,44,,0.7531329554856074,,,,,,,,,,
,,,,,,,,,,,,,,,,,,,,,,,,,Reddit-S,,,,,,,,,,,,term_p,text,True,,,,,,,,,,,,,,,0.5905334953814022,,,,cross_seed_correlation,,42,43,,0.6642551470681186,,,,,,,,,,
,,,,,,,,,,,,,,,,,,,,,,,,,Reddit-S,1,,,,,,,,,,,alpha,text,True,,,,,,,,,,,,,,,0.573176394156371,,,,cross_seed_correlation,,42,43,,0.6372392168162282,,,,,,,,,,
,,,,,,,,,,,,,,,,,,,,,,,,,Reddit-S,2,,,,,,,,,,,alpha,text,True,,,,,,,,,,,,,,,0.5724504123096756,,,,cross_seed_correlation,,42,43,,0.636168485528534,,,,,,,,,,
,,,,,,,,,,,,,,,,,,,,,,,,,Reddit-S,3,,,,,,,,,,,alpha,text,True,,,,,,,,,,,,,,,0.5724830296071047,,,,cross_seed_correlation,,42,43,,0.6361994632275577,,,,,,,,,,
,,,,,,,,,,,,,,,,,,,,,,,,,Reddit-S,,,,,,,,,,,,term_p,text,True,,,,,,,,,,,,,,,0.3009015879559767,,,,cross_seed_correlation,,42,44,,0.3332144841486807,,,,,,,,,,
,,,,,,,,,,,,,,,,,,,,,,,,,Reddit-S,1,,,,,,,,,,,alpha,text,True,,,,,,,,,,,,,,,0.3801586883548792,,,,cross_seed_correlation,,42,44,,0.40871834380815114,,,,,,,,,,
,,,,,,,,,,,,,,,,,,,,,,,,,Reddit-S,2,,,,,,,,,,,alpha,text,True,,,,,,,,,,,,,,,0.380635907869424,,,,cross_seed_correlation,,42,44,,0.40868956308887155,,,,,,,,,,
,,,,,,,,,,,,,,,,,,,,,,,,,Reddit-S,3,,,,,,,,,,,alpha,text,True,,,,,,,,,,,,,,,0.38065826405568653,,,,cross_seed_correlation,,42,44,,0.40868876142464483,,,,,,,,,,
,,,,,,,,,,,,,,,,,,,,,,,,,Reddit-S,,,,,,,,,,,,term_p,text,True,,,,,,,,,,,,,,,0.3880267841061823,,,,cross_seed_correlation,,43,44,,0.34265301294097195,,,,,,,,,,
,,,,,,,,,,,,,,,,,,,,,,,,,Reddit-S,1,,,,,,,,,,,alpha,text,True,,,,,,,,,,,,,,,0.2847031554156925,,,,cross_seed_correlation,,43,44,,0.30369977450660623,,,,,,,,,,
,,,,,,,,,,,,,,,,,,,,,,,,,Reddit-S,2,,,,,,,,,,,alpha,text,True,,,,,,,,,,,,,,,0.28318033331380343,,,,cross_seed_correlation,,43,44,,0.30263586248903224,,,,,,,,,,
,,,,,,,,,,,,,,,,,,,,,,,,,Reddit-S,3,,,,,,,,,,,alpha,text,True,,,,,,,,,,,,,,,0.28315200078415476,,,,cross_seed_correlation,,43,44,,0.3026032884676987,,,,,,,,,,
,,,,,,,,,,,,,,,,,,,,,,,,,Reddit-S,,,,,,,,,,,,term_p,visual,True,,,,,,,,,,,,,,,0.7699610680212702,,,,cross_seed_correlation,,42,43,,0.7459820405723826,,,,,,,,,,
,,,,,,,,,,,,,,,,,,,,,,,,,Reddit-S,1,,,,,,,,,,,alpha,visual,True,,,,,,,,,,,,,,,0.7775049607075794,,,,cross_seed_correlation,,42,43,,0.7642724285484852,,,,,,,,,,
,,,,,,,,,,,,,,,,,,,,,,,,,Reddit-S,2,,,,,,,,,,,alpha,visual,True,,,,,,,,,,,,,,,0.7775716837979249,,,,cross_seed_correlation,,42,43,,0.7644925838687241,,,,,,,,,,
,,,,,,,,,,,,,,,,,,,,,,,,,Reddit-S,3,,,,,,,,,,,alpha,visual,True,,,,,,,,,,,,,,,0.7775577846999546,,,,cross_seed_correlation,,42,43,,0.7645011837566983,,,,,,,,,,
,,,,,,,,,,,,,,,,,,,,,,,,,Reddit-S,,,,,,,,,,,,term_p,visual,True,,,,,,,,,,,,,,,0.5968023665051264,,,,cross_seed_correlation,,42,44,,0.6151479752535813,,,,,,,,,,
,,,,,,,,,,,,,,,,,,,,,,,,,Reddit-S,1,,,,,,,,,,,alpha,visual,True,,,,,,,,,,,,,,,0.6099352857735811,,,,cross_seed_correlation,,42,44,,0.6469339783698377,,,,,,,,,,
,,,,,,,,,,,,,,,,,,,,,,,,,Reddit-S,2,,,,,,,,,,,alpha,visual,True,,,,,,,,,,,,,,,0.6099963280730633,,,,cross_seed_correlation,,42,44,,0.6473263687025017,,,,,,,,,,
,,,,,,,,,,,,,,,,,,,,,,,,,Reddit-S,3,,,,,,,,,,,alpha,visual,True,,,,,,,,,,,,,,,0.6099731099138699,,,,cross_seed_correlation,,42,44,,0.6473380874146788,,,,,,,,,,
,,,,,,,,,,,,,,,,,,,,,,,,,Reddit-S,,,,,,,,,,,,term_p,visual,True,,,,,,,,,,,,,,,0.5788796011998764,,,,cross_seed_correlation,,43,44,,0.5615216471975044,,,,,,,,,,
,,,,,,,,,,,,,,,,,,,,,,,,,Reddit-S,1,,,,,,,,,,,alpha,visual,True,,,,,,,,,,,,,,,0.5957732466252564,,,,cross_seed_correlation,,43,44,,0.6056322240039896,,,,,,,,,,
,,,,,,,,,,,,,,,,,,,,,,,,,Reddit-S,2,,,,,,,,,,,alpha,visual,True,,,,,,,,,,,,,,,0.5959149122442042,,,,cross_seed_correlation,,43,44,,0.6061647555266085,,,,,,,,,,
,,,,,,,,,,,,,,,,,,,,,,,,,Reddit-S,3,,,,,,,,,,,alpha,visual,True,,,,,,,,,,,,,,,0.5958888689371216,,,,cross_seed_correlation,,43,44,,0.6061742802877901,,,,,,,,,,
