D_norm_abs_mean,D_norm_max,D_norm_mean,D_norm_min,D_norm_q10,D_norm_q25,D_norm_q50,D_norm_q75,D_norm_q90,D_norm_std,S_tilde_cosine_to_S_abs_mean,S_tilde_cosine_to_S_max,S_tilde_cosine_to_S_mean,S_tilde_cosine_to_S_min,S_tilde_cosine_to_S_q10,S_tilde_cosine_to_S_q25,S_tilde_cosine_to_S_q50,S_tilde_cosine_to_S_q75,S_tilde_cosine_to_S_q90,S_tilde_cosine_to_S_std,attention_diagonal_excess,attention_diagonal_mass_mean,attention_diagonal_mass_q10,attention_diagonal_mass_q50,attention_diagonal_mass_q90,attention_diagonal_mass_std,attention_hops,attention_jensen_entropy_gap,attention_mean_matrix_normalized_entropy,attention_mean_matrix_row_diversity,attention_node_heterogeneity_mean,attention_node_heterogeneity_q10,attention_node_heterogeneity_q50,attention_node_heterogeneity_q90,attention_node_heterogeneity_std,attention_nodes,attention_nodewise_entropy_q10,attention_nodewise_entropy_q50,attention_nodewise_entropy_q90,attention_nodewise_entropy_std,attention_nodewise_normalized_entropy,attention_nonuniformity,attention_off_diagonal_mass,attention_old_mean_matrix_normalized_entropy,attention_query_diversity_mean,attention_query_diversity_q10,attention_query_diversity_q50,attention_query_diversity_q90,attention_query_diversity_std,attention_shape,attention_uniform_diagonal_mass,context_injection_cosine_to_layernorm_S_abs_mean,context_injection_cosine_to_layernorm_S_max,context_injection_cosine_to_layernorm_S_mean,context_injection_cosine_to_layernorm_S_min,context_injection_cosine_to_layernorm_S_q10,context_injection_cosine_to_layernorm_S_q25,context_injection_cosine_to_layernorm_S_q50,context_injection_cosine_to_layernorm_S_q75,context_injection_cosine_to_layernorm_S_q90,context_injection_cosine_to_layernorm_S_std,context_injection_norm_abs_mean,context_injection_norm_max,context_injection_norm_mean,context_injection_norm_min,context_injection_norm_q10,context_injection_norm_q25,context_injection_norm_q50,context_injection_norm_q75,context_injection_norm_q90,context_injection_norm_std,context_injection_ratio_abs_mean,context_injection_ratio_max,context_injection_ratio_mean,context_injection_ratio_min,context_injection_ratio_q10,context_injection_ratio_q25,context_injection_ratio_q50,context_injection_ratio_q75,context_injection_ratio_q90,context_injection_ratio_std,dataset,delta_gate,hop,interaction_gate,interaction_injection_cosine_to_S_abs_mean,interaction_injection_cosine_to_S_max,interaction_injection_cosine_to_S_mean,interaction_injection_cosine_to_S_min,interaction_injection_cosine_to_S_q10,interaction_injection_cosine_to_S_q25,interaction_injection_cosine_to_S_q50,interaction_injection_cosine_to_S_q75,interaction_injection_cosine_to_S_q90,interaction_injection_cosine_to_S_std,interaction_injection_norm_abs_mean,interaction_injection_norm_max,interaction_injection_norm_mean,interaction_injection_norm_min,interaction_injection_norm_q10,interaction_injection_norm_q25,interaction_injection_norm_q50,interaction_injection_norm_q75,interaction_injection_norm_q90,interaction_injection_norm_std,interaction_injection_ratio_abs_mean,interaction_injection_ratio_max,interaction_injection_ratio_mean,interaction_injection_ratio_min,interaction_injection_ratio_q10,interaction_injection_ratio_q25,interaction_injection_ratio_q50,interaction_injection_ratio_q75,interaction_injection_ratio_q90,interaction_injection_ratio_std,modality,seed
16.372515003667026,16.545820236206055,16.372515003667026,0.22811618447303772,16.312311363220214,16.343995094299316,16.37814712524414,16.408262729644775,16.431313896179198,0.18326620772661179,0.9905355764041707,0.9995542168617249,0.9905355764041707,0.9607470631599426,0.9837802588939667,0.9878939390182495,0.9916210472583771,0.9942036271095276,0.9957118570804596,0.004986853784870998,-0.0019523811375659061,0.2480476188624341,0.23909706382546575,0.24983449243069994,0.25579474429105176,0.01813171331921934,4.0,0.5144980519463127,0.7836142276839323,0.0027850265333391254,0.4839240594835103,0.30328873157518393,0.4459823280148155,0.6913313490608409,0.1530010720528341,16672.0,1.3776097374733368e-05,0.1752393050981042,0.690339758418187,0.27486625286430755,0.26911617573761965,0.7308838242623803,0.7519523811375659,0.7836142276839323,0.02328988186172358,2.654084144353107e-05,0.009548235257881288,0.059462875104509295,0.040977566480720415,"[16672, 4, 4]",0.25,0.05748898484434659,0.26179811358451843,-0.009423045823461155,-0.27069565653800964,-0.10030927956104278,-0.0587273882701993,-0.011004696134477854,0.03845195472240448,0.08349976390600204,0.07074586249468234,2.6944381791603127,5.199447154998779,2.6944381791603127,0.0888877734541893,1.8430744409561157,2.1085482239723206,2.5021913051605225,3.1981762647628784,3.8636489152908324,0.7607287013829923,0.16840689761317004,0.3249794840812683,0.16840689761317004,0.0055555617436766624,0.11519384682178498,0.13179071620106697,0.15639153867959976,0.19989106804132462,0.24148554056882857,0.04754715582892858,Movies,0.13867919147014618,1,0.09787376970052719,0.07173701372895597,0.33149948716163635,0.01334245618722374,-0.25761574506759644,-0.09979285597801207,-0.04985489696264267,0.012568347621709108,0.07379255816340446,0.12675292193889617,0.08782881021065822,1.2046306555743924,1.633559226989746,1.2046306555743924,0.8972992897033691,1.0635108828544617,1.118693470954895,1.1935736536979675,1.2829261422157288,1.3654642820358276,0.11325595084421661,0.1349898015872679,0.2996962368488312,0.1349898015872679,0.029881548136472702,0.09331682622432709,0.1089569516479969,0.1308986097574234,0.1582331284880638,0.18371650725603103,0.03600598138703972,text,42
15.976880620507213,16.493003845214844,15.976880620507213,0.2281339466571808,16.226811790466307,16.27854824066162,16.33215618133545,16.379759311676025,16.41207084655762,1.6149234889329585,0.9897569622165182,0.9993662238121033,0.9897569622165182,0.9560741782188416,0.981337982416153,0.986484169960022,0.9912939667701721,0.9941388666629791,0.9956225216388702,0.005753445928077845,-0.0019523811375659061,0.2480476188624341,0.23909706382546575,0.24983449243069994,0.25579474429105176,0.01813171331921934,4.0,0.5144980519463127,0.7836142276839323,0.0027850265333391254,0.4839240594835103,0.30328873157518393,0.4459823280148155,0.6913313490608409,0.1530010720528341,16672.0,1.3776097374733368e-05,0.1752393050981042,0.690339758418187,0.27486625286430755,0.26911617573761965,0.7308838242623803,0.7519523811375659,0.7836142276839323,0.02328988186172358,2.654084144353107e-05,0.009548235257881288,0.059462875104509295,0.040977566480720415,"[16672, 4, 4]",0.25,0.05729067674702019,0.26078230142593384,-0.0039718910002472605,-0.2719530165195465,-0.09441323205828665,-0.05280409753322601,-0.006482970435172319,0.044768741354346275,0.09022648558020592,0.0710156474894672,2.729514037758995,5.07274055480957,2.729514037758995,0.0829177051782608,1.8042381048202514,2.124547302722931,2.593171000480652,3.3346014618873596,3.929142618179321,0.8319002530067401,0.17059966427976897,0.3170587122440338,0.17059966427976897,0.0051824175752699375,0.11276799142360687,0.13278645277023315,0.16207721084356308,0.2084154300391674,0.2455748364329338,0.05199523634189654,Movies,0.13867919147014618,2,0.09787376970052719,0.0690487295438557,0.3163563907146454,0.010165455203189764,-0.2447974681854248,-0.10090540125966072,-0.05062228627502918,0.010157346725463867,0.06870459020137787,0.11894458159804344,0.0847660993326846,1.2045306719038742,1.6367995738983154,1.2045306719038742,0.8972992897033691,1.063370132446289,1.11858668923378,1.1929062008857727,1.283130407333374,1.3657814145088196,0.11339650109792476,0.13987983428875803,0.3196639120578766,0.13987983428875803,0.035676259547472,0.09427092075347901,0.10939994268119335,0.1333431527018547,0.16702299937605858,0.1972258284687996,0.03996390284549345,text,42
15.776095508043646,16.460474014282227,15.776095508043646,0.22810710966587067,15.829908084869384,16.162355422973633,16.265655517578125,16.333158016204834,16.371309089660645,1.82149050450173,0.9886019956964048,0.999462902545929,0.9886019956964048,0.9436838030815125,0.9779079914093017,0.9848683774471283,0.9907136559486389,0.9940539002418518,0.9956520617008209,0.0071914321613468805,-0.0019523811375659061,0.2480476188624341,0.23909706382546575,0.24983449243069994,0.25579474429105176,0.01813171331921934,4.0,0.5144980519463127,0.7836142276839323,0.0027850265333391254,0.4839240594835103,0.30328873157518393,0.4459823280148155,0.6913313490608409,0.1530010720528341,16672.0,1.3776097374733368e-05,0.1752393050981042,0.690339758418187,0.27486625286430755,0.26911617573761965,0.7308838242623803,0.7519523811375659,0.7836142276839323,0.02328988186172358,2.654084144353107e-05,0.009548235257881288,0.059462875104509295,0.040977566480720415,"[16672, 4, 4]",0.25,0.05612774435219469,0.29806283116340637,-0.006842845362707923,-0.3044523596763611,-0.09641955122351646,-0.05496497452259064,-0.008324342779815197,0.04103106074035168,0.08395342081785201,0.06934128280428743,2.73972151202736,5.150139808654785,2.73972151202736,0.07142786681652069,1.782594418525696,2.1196296215057373,2.587547779083252,3.376364767551422,4.013247060775757,0.8724092988353276,0.17123831186446137,0.32189127802848816,0.17123831186446137,0.004464293830096722,0.11141397505998611,0.13247960433363914,0.16172630339860916,0.21102989464998245,0.2508345454931259,0.05452731979446206,Movies,0.13867919147014618,3,0.09787376970052719,0.06784851123664064,0.31596291065216064,0.006950810152534054,-0.24666956067085266,-0.10254670083522796,-0.05307231191545725,0.007764181587845087,0.06479926966130733,0.11408315375447273,0.08356089407168862,1.204727517730501,1.6376806497573853,1.204727517730501,0.8972992897033691,1.0634121775627137,1.1190016865730286,1.1933093667030334,1.2831496000289917,1.3655927538871764,0.11332623415248551,0.14631581643860853,0.359489381313324,0.14631581643860853,0.03284861892461777,0.09396832957863809,0.11015976779162884,0.13786306977272034,0.17663556709885597,0.21509793996810914,0.04691471736198465,text,42
16.777791242222452,16.94529914855957,16.777791242222452,0.11107436567544937,16.730050086975098,16.756171226501465,16.78419017791748,16.8125581741333,16.837158012390137,0.3190036677113739,0.9824888886072299,0.9988329410552979,0.9824888886072299,0.9137589335441589,0.969707316160202,0.9780648946762085,0.9847554564476013,0.9893650561571121,0.9917596757411957,0.009445515196898827,-0.0026612456995845912,0.2473387543004154,0.1975103183183819,0.250015292695025,0.2902578985958826,0.050900299294587475,4.0,0.4112554344619598,0.9718132164775395,0.010070076207919455,0.4374784652257933,0.1900464605257995,0.4448442032516895,0.6406625178703423,0.1764205990316726,16672.0,0.07216958064959506,0.6152533624409402,0.930999803329782,0.30533862638663456,0.5605577820155797,0.4394422179844203,0.7526612456995846,0.9718132164775395,0.10965137390581019,0.01712411533335399,0.07880106658558361,0.24558374926079218,0.1018195695527709,"[16672, 4, 4]",0.25,0.08214768823068921,0.3660433888435364,-0.025136092785078203,-0.42117780447006226,-0.15393947064876556,-0.09169596806168556,-0.023780284449458122,0.04343578219413757,0.10111129134893417,0.10036460452294334,3.2980261170081864,7.096738815307617,3.2980261170081864,0.038270361721515656,2.495293617248535,2.7446694374084473,3.122339963912964,3.6876628398895264,4.3760910987854,0.7661415244553786,0.20613590688928993,0.44356492161750793,0.20613590688928993,0.0023919292725622654,0.15596205741167068,0.17154862731695175,0.19515427201986313,0.2304905503988266,0.2735085695981979,0.04788691930932478,Movies,0.1868140548467636,1,0.1294739842414856,0.061472828220937754,0.26577913761138916,0.0031934295070859594,-0.24721303582191467,-0.09396312609314919,-0.05187538731843233,0.0004222150892019272,0.05505878757685423,0.1039612255990505,0.07610584900509872,1.4332470387263285,2.052903175354004,1.4332470387263285,1.079776406288147,1.2779179215431213,1.337505728006363,1.414823293685913,1.510843962430954,1.6186951637268066,0.13528111908981835,0.1843799632473897,0.43500086665153503,0.1843799632473897,0.04836142808198929,0.12975530177354813,0.1476898193359375,0.17727219313383102,0.2135448232293129,0.2523552507162094,0.04924366544584947,visual,42
16.275366395103678,16.91375160217285,16.275366395103678,0.11107130348682404,16.681029319763184,16.73026180267334,16.762483596801758,16.790966987609863,16.814595794677736,2.1385063172194916,0.9800033509166421,0.9983016848564148,0.9800033509166421,0.9117026925086975,0.9640905320644378,0.9738452136516571,0.9830361306667328,0.9887533932924271,0.9914178371429443,0.011334280766106437,-0.0026612456995845912,0.2473387543004154,0.1975103183183819,0.250015292695025,0.2902578985958826,0.050900299294587475,4.0,0.4112554344619598,0.9718132164775395,0.010070076207919455,0.4374784652257933,0.1900464605257995,0.4448442032516895,0.6406625178703423,0.1764205990316726,16672.0,0.07216958064959506,0.6152533624409402,0.930999803329782,0.30533862638663456,0.5605577820155797,0.4394422179844203,0.7526612456995846,0.9718132164775395,0.10965137390581019,0.01712411533335399,0.07880106658558361,0.24558374926079218,0.1018195695527709,"[16672, 4, 4]",0.25,0.08428412761314084,0.36933624744415283,-0.021327320259038208,-0.4176596701145172,-0.15623692721128463,-0.08903633616864681,-0.021645805798470974,0.04885786306113005,0.11076004877686496,0.10415074111658809,3.275957795662176,7.260494709014893,3.275957795662176,0.03724488615989685,2.422025752067566,2.7402524948120117,3.1482990980148315,3.731126844882965,4.462718105316162,0.9003771652252357,0.2047594490385024,0.4538120925426483,0.2047594490385024,0.002327847993001342,0.15137987434864045,0.17127077654004097,0.19678357243537903,0.23320766538381577,0.2789326846599579,0.05627769439948274,Movies,0.1868140548467636,2,0.1294739842414856,0.06065623989839414,0.26252055168151855,-0.0019277083038017765,-0.24539145827293396,-0.09759712368249893,-0.056209852918982506,-0.004790936596691608,0.04896030481904745,0.09775094762444496,0.07487270681257663,1.4354618643830581,2.0564146041870117,1.4354618643830581,1.0744303464889526,1.2789676427841186,1.3388343453407288,1.4161799550056458,1.5125546753406525,1.6221365928649902,0.13650672932633856,0.19637929791479145,0.4382596015930176,0.19637929791479145,0.05835631117224693,0.13250746577978134,0.1516568325459957,0.1869930773973465,0.23339252546429634,0.27478283941745757,0.05613087725604619,visual,42
15.970611450055904,16.88835334777832,15.970611450055904,0.11106524616479874,16.376055335998537,16.622436046600342,16.69017791748047,16.7332124710083,16.766466522216795,2.550038473846898,0.9772660891613039,0.9985924959182739,0.9772660891613039,0.8983593583106995,0.9564521968364715,0.9695605635643005,0.981334775686264,0.9883654415607452,0.9913557589054107,0.014315311150662103,-0.0026612456995845912,0.2473387543004154,0.1975103183183819,0.250015292695025,0.2902578985958826,0.050900299294587475,4.0,0.4112554344619598,0.9718132164775395,0.010070076207919455,0.4374784652257933,0.1900464605257995,0.4448442032516895,0.6406625178703423,0.1764205990316726,16672.0,0.07216958064959506,0.6152533624409402,0.930999803329782,0.30533862638663456,0.5605577820155797,0.4394422179844203,0.7526612456995846,0.9718132164775395,0.10965137390581019,0.01712411533335399,0.07880106658558361,0.24558374926079218,0.1018195695527709,"[16672, 4, 4]",0.25,0.08799605358852103,0.3593977391719818,-0.04277137061285648,-0.388980507850647,-0.17772067040205,-0.11026216670870781,-0.04010121524333954,0.026751449331641197,0.08641527444124221,0.10261500012608209,3.3000872804659944,7.666807651519775,3.3000872804659944,0.03827351704239845,2.3791669845581054,2.751428008079529,3.1885308027267456,3.8187493681907654,4.578528118133545,0.9872594400690736,0.20627065088774543,0.4792301654815674,0.20627065088774543,0.002392126712948084,0.14870695620775223,0.171983752399683,0.19930507987737656,0.2386789247393608,0.28619563579559326,0.06170938099886864,Movies,0.1868140548467636,3,0.1294739842414856,0.06035771996534664,0.2631468176841736,-0.005613250809950066,-0.2454172819852829,-0.10037554875016212,-0.05928874295204878,-0.00846389215439558,0.04477732814848423,0.09352396652102471,0.07415861469201335,1.4358815623307868,2.0607378482818604,1.4358815623307868,1.0598410367965698,1.2797406435012817,1.339245080947876,1.4174450039863586,1.5130269229412079,1.622116994857788,0.13628856283063756,0.20798235933181083,0.4726063311100006,0.20798235933181083,0.05312911793589592,0.1328384906053543,0.15425273776054382,0.19638117402791977,0.25242915749549866,0.30537094473838805,0.06674187558777402,visual,42
16.316891023538822,16.465587615966797,16.316891023538822,0.11123165488243103,16.26697940826416,16.286376953125,16.311741828918457,16.3491153717041,16.386163330078126,0.18485003377645326,0.9895972201954609,0.9995013475418091,0.9895972201954609,0.9593305587768555,0.9821782410144806,0.9865822345018387,0.990781307220459,0.9935621023178101,0.9953535676002503,0.0054248981783942786,-0.00842074618696606,0.24157925381303394,0.2247217079730035,0.24765313252646592,0.2509978207435779,0.023008339718337635,4.0,0.46559411053808,0.8343835451542027,0.007482986489021457,0.4599953641138015,0.2502023883206424,0.446810562678901,0.6791176659013223,0.1537599440137389,16672.0,0.00042044200208151534,0.35382627498776836,0.8122906027553365,0.316248548696974,0.3687894346161227,0.6312105653838773,0.7584207461869661,0.8343835451542027,0.03232976521401732,0.000251783688743501,0.01756356580881402,0.07621680688268194,0.049750360356292,"[16672, 4, 4]",0.25,0.05717250401122571,0.2607724070549011,0.01360343785856873,-0.24057349562644958,-0.07570064961910247,-0.035940912552177906,0.013380559626966715,0.06366715021431446,0.10362524688243865,0.06888750846551495,2.804518337479047,5.603639125823975,2.804518337479047,0.0372440330684185,1.7650003910064698,2.0876747965812683,2.594507336616516,3.410221517086029,4.187022161483765,0.9085823949254183,0.1752872514733591,0.3502371907234192,0.1752872514733591,0.0023277851287275553,0.11031471937894821,0.130482729524374,0.1621604859828949,0.21314478665590286,0.2617011994123459,0.056788386900054826,Movies,0.1404956877231598,1,0.09940548241138458,0.044708811010559395,0.29121702909469604,0.015894056535724795,-0.22453565895557404,-0.05099607184529304,-0.01920716231688857,0.014500218443572521,0.051485576666891575,0.08663406372070312,0.05504933005419192,1.2470009352425524,1.663224458694458,1.2470009352425524,0.918216347694397,1.1025465965270995,1.1581436097621918,1.2364490032196045,1.325701653957367,1.413851809501648,0.11768676578317751,0.14125821928939677,0.29787376523017883,0.14125821928939677,0.03161165118217468,0.09710096195340157,0.11447655968368053,0.13724707812070847,0.16622061282396317,0.19199572503566742,0.03755906092971261,text,43
15.835864489801557,16.471759796142578,15.835864489801557,0.11121496558189392,16.166010856628418,16.24834632873535,16.287487030029297,16.33136224746704,16.372588539123534,1.9566459937516538,0.9888102107801101,0.9992445707321167,0.9888102107801101,0.9525994658470154,0.9795120120048523,0.9853248745203018,0.9905535280704498,0.9935788214206696,0.9952819049358368,0.006384903651046277,-0.00842074618696606,0.24157925381303394,0.2247217079730035,0.24765313252646592,0.2509978207435779,0.023008339718337635,4.0,0.46559411053808,0.8343835451542027,0.007482986489021457,0.4599953641138015,0.2502023883206424,0.446810562678901,0.6791176659013223,0.1537599440137389,16672.0,0.00042044200208151534,0.35382627498776836,0.8122906027553365,0.316248548696974,0.3687894346161227,0.6312105653838773,0.7584207461869661,0.8343835451542027,0.03232976521401732,0.000251783688743501,0.01756356580881402,0.07621680688268194,0.049750360356292,"[16672, 4, 4]",0.25,0.06123556932532267,0.24409085512161255,-0.0009628679603889874,-0.23979750275611877,-0.09478418901562691,-0.05778996553272009,-0.00477545615285635,0.055253238417208195,0.09802933037281035,0.07338207269108096,2.9167891978024776,5.645308494567871,2.9167891978024776,0.03723108023405075,1.7105462908744813,2.1224603056907654,2.772317886352539,3.708915889263153,4.422237825393677,1.0521322186114481,0.18230473292721316,0.35284730792045593,0.18230473292721316,0.0023269755765795708,0.10691158995032311,0.13265905529260635,0.17327787727117538,0.23181447386741638,0.2764066398143768,0.06576009094005542,Movies,0.1404956877231598,2,0.09940548241138458,0.043689868184424475,0.2914636433124542,0.012180546236044263,-0.2072378247976303,-0.05526766218245029,-0.021950134076178074,0.011321461759507656,0.04743161704391241,0.08287516012787816,0.054524754012025764,1.2480208959981027,1.6643551588058472,1.2480208959981027,0.9220058917999268,1.1031773328781127,1.1589595675468445,1.2378087043762207,1.3273389041423798,1.4156337141990663,0.1179976487359611,0.1457827210673462,0.32108649611473083,0.1457827210673462,0.038984280079603195,0.09794213026762008,0.11433199234306812,0.13886208832263947,0.173489011824131,0.20620905458927152,0.0420536660841945,text,43
15.458901901539923,16.419588088989258,15.458901901539923,0.11119727790355682,15.56898365020752,16.044876098632812,16.19455051422119,16.27442455291748,16.326993560791017,2.533641773407307,0.9876712547675948,0.999366283416748,0.9876712547675948,0.9422489404678345,0.9760612189769745,0.983739510178566,0.9900016784667969,0.9935067594051361,0.9953067362308502,0.007872326359712897,-0.00842074618696606,0.24157925381303394,0.2247217079730035,0.24765313252646592,0.2509978207435779,0.023008339718337635,4.0,0.46559411053808,0.8343835451542027,0.007482986489021457,0.4599953641138015,0.2502023883206424,0.446810562678901,0.6791176659013223,0.1537599440137389,16672.0,0.00042044200208151534,0.35382627498776836,0.8122906027553365,0.316248548696974,0.3687894346161227,0.6312105653838773,0.7584207461869661,0.8343835451542027,0.03232976521401732,0.000251783688743501,0.01756356580881402,0.07621680688268194,0.049750360356292,"[16672, 4, 4]",0.25,0.059868426525087275,0.23783257603645325,0.015364710761623044,-0.24424880743026733,-0.08034576699137685,-0.035548554733395576,0.01889732852578163,0.0695811752229929,0.10424236133694649,0.07035155532513503,2.90198940211941,5.856147766113281,2.90198940211941,0.037223488092422485,1.65387282371521,2.1264265179634094,2.791040062904358,3.735089957714081,4.430428457260132,1.0908074257894127,0.18138041415872916,0.36602452397346497,0.18138041415872916,0.002326501067727804,0.10337252020835877,0.13290418311953545,0.1744527891278267,0.23344749212265015,0.27691124081611634,0.06817764076868398,Movies,0.1404956877231598,3,0.09940548241138458,0.0438612575374825,0.29153114557266235,0.009587184334295689,-0.21158826351165771,-0.059783804789185525,-0.02440880099311471,0.009368391707539558,0.045542674139142036,0.0804867073893547,0.05524232977822449,1.2467784755711306,1.6641266345977783,1.2467784755711306,0.9229309558868408,1.1024901151657105,1.1583966314792633,1.2364557385444641,1.3248437643051147,1.413071346282959,0.11749592155570245,0.15180178480660775,0.3528618812561035,0.15180178480660775,0.035641804337501526,0.09757448360323906,0.11489590629935265,0.1427818387746811,0.18305610492825508,0.22292528301477432,0.04889947628653758,text,43
16.33723163976997,16.460643768310547,16.33723163976997,0.0839085727930069,16.308031845092774,16.324868202209473,16.34347152709961,16.36142921447754,16.377391242980956,0.3095963936414335,0.9894840095170743,0.9993199706077576,0.9894840095170743,0.9580938816070557,0.9823383629322052,0.9867187291383743,0.9906432926654816,0.993367925286293,0.9948514640331269,0.005228661686434792,-0.00026366536772876037,0.24973633463227124,0.21063999335747213,0.2509658574126661,0.28708001393824817,0.04278503808425949,4.0,0.2232528106546623,0.9929885490077058,0.005800581397362698,0.2988372841150674,0.0934517253538922,0.2670168154755053,0.559831439231524,0.17454944777344397,16672.0,0.406431964224959,0.8563712012156399,0.9863458252906838,0.23849330332064264,0.7697357383530435,0.23026426164695646,0.7502636653677288,0.9929885490077058,0.08437615267106677,0.016795698530040683,0.058324412023694094,0.18576010984834282,0.08077319764542724,"[16672, 4, 4]",0.25,0.0696296169815315,0.2788211405277252,-0.023559531626156555,-0.3395695090293884,-0.13031142801046372,-0.08050933852791786,-0.023947041481733322,0.032877182587981224,0.08470472022891044,0.08361808369144548,1.8536357010442999,3.0770254135131836,1.8536357010442999,0.017055992037057877,1.598093044757843,1.690366268157959,1.82095068693161,1.9842576384544373,2.154455327987671,0.22825893518142926,0.11585714473763249,0.19232147932052612,0.11585714473763249,0.0010660153347998857,0.09988398179411888,0.10565394349396229,0.11381280794739723,0.12402025051414967,0.134657022356987,0.014267313864350279,Movies,0.1452477127313614,1,0.11114827543497086,0.07567611173908168,0.3184674084186554,0.05922123060018519,-0.22808144986629486,-0.03318878412246704,0.01126936823129654,0.060118239372968674,0.10852967202663422,0.15079223066568376,0.07102305663654793,1.1350927657721253,1.4589000940322876,1.1350927657721253,0.9012154936790466,1.0507594347000122,1.0896717309951782,1.1337373852729797,1.1792605221271515,1.219563639163971,0.06657249822157894,0.14402889703858945,0.3145264685153961,0.14402889703858945,0.03687995299696922,0.10298689901828766,0.11704924888908863,0.13938196748495102,0.16685087978839874,0.19324130117893218,0.03631059929649909,visual,43
15.485160480601527,16.43194007873535,15.485160480601527,0.08368828892707825,16.26752700805664,16.302363395690918,16.323676109313965,16.3421573638916,16.358466720581056,3.182532775841182,0.988059433827788,0.9990351796150208,0.988059433827788,0.9544637203216553,0.9785850822925568,0.9842933267354965,0.9897724390029907,0.9930610656738281,0.9946147084236145,0.00642807388569488,-0.00026366536772876037,0.24973633463227124,0.21063999335747213,0.2509658574126661,0.28708001393824817,0.04278503808425949,4.0,0.2232528106546623,0.9929885490077058,0.005800581397362698,0.2988372841150674,0.0934517253538922,0.2670168154755053,0.559831439231524,0.17454944777344397,16672.0,0.406431964224959,0.8563712012156399,0.9863458252906838,0.23849330332064264,0.7697357383530435,0.23026426164695646,0.7502636653677288,0.9929885490077058,0.08437615267106677,0.016795698530040683,0.058324412023694094,0.18576010984834282,0.08077319764542724,"[16672, 4, 4]",0.25,0.07060525428143781,0.27632737159729004,-0.01773233880155837,-0.3557193875312805,-0.12843169271945953,-0.07640252262353897,-0.01874047890305519,0.04171753581613302,0.09455939978361129,0.08575105033818349,1.7926798013351535,3.1210122108459473,1.7926798013351535,0.016402125358581543,1.543163239955902,1.6844788193702698,1.8363983631134033,2.0131425857543945,2.1963509798049925,0.4382455994833883,0.1120486948266698,0.19507478177547455,0.1120486948266698,0.0010251521598547697,0.09645121097564698,0.10528475604951382,0.114780742675066,0.12582528218626976,0.13728030472993852,0.027392195232063904,Movies,0.1452477127313614,2,0.11114827543497086,0.07184683351020348,0.3205936849117279,0.0540779059598337,-0.2313666045665741,-0.03698245137929916,0.006513170548714697,0.05443550832569599,0.10214737616479397,0.1451758325099945,0.06990036447569677,1.1355467988625025,1.4601612091064453,1.1355467988625025,0.8895206451416016,1.051609456539154,1.0901763141155243,1.1340805888175964,1.1794635355472565,1.2202592015266418,0.06657190979266966,0.1528010776509118,0.32397374510765076,0.1528010776509118,0.04393201321363449,0.10523172691464425,0.11957109533250332,0.1457711011171341,0.18181320652365685,0.2137159988284111,0.04201827002571996,visual,43
15.193836308842357,16.414335250854492,15.193836308842357,0.08390572667121887,15.92358627319336,16.178669929504395,16.248799324035645,16.287134170532227,16.31293487548828,3.697500713857166,0.986462259915391,0.9991698265075684,0.986462259915391,0.943391740322113,0.9740761637687683,0.9820227175951004,0.9888021945953369,0.9928800165653229,0.9945984005928039,0.008220660631970371,-0.00026366536772876037,0.24973633463227124,0.21063999335747213,0.2509658574126661,0.28708001393824817,0.04278503808425949,4.0,0.2232528106546623,0.9929885490077058,0.005800581397362698,0.2988372841150674,0.0934517253538922,0.2670168154755053,0.559831439231524,0.17454944777344397,16672.0,0.406431964224959,0.8563712012156399,0.9863458252906838,0.23849330332064264,0.7697357383530435,0.23026426164695646,0.7502636653677288,0.9929885490077058,0.08437615267106677,0.016795698530040683,0.058324412023694094,0.18576010984834282,0.08077319764542724,"[16672, 4, 4]",0.25,0.07496502333827872,0.2648371160030365,-0.03577157213890036,-0.35716643929481506,-0.14578965902328492,-0.09573105536401272,-0.03721178509294987,0.022230959497392178,0.07638936340808868,0.08557609405184198,1.7925908118796994,3.2169344425201416,1.7925908118796994,0.015663297846913338,1.534680211544037,1.692399501800537,1.8578040599822998,2.046283543109894,2.240672779083252,0.5019667559900596,0.11204453815150588,0.20107939839363098,0.11204453815150588,0.0009789762552827597,0.09592426866292954,0.10578462108969688,0.1161208301782608,0.12790212035179138,0.14005767554044724,0.03137537322852147,Movies,0.1452477127313614,3,0.11114827543497086,0.06932758629219435,0.31787604093551636,0.05015376607565182,-0.2309935837984085,-0.04003975205123424,0.002287593437358737,0.050009435042738914,0.09830620884895325,0.14159894287586208,0.0695635960960599,1.1360402725558305,1.4586039781570435,1.1360402725558305,0.9008352756500244,1.0522461771965026,1.0907427966594696,1.1346108317375183,1.1801416873931885,1.2207873940467835,0.0665026161214833,0.1614675527617725,0.36171063780784607,0.1614675527617725,0.04074760153889656,0.10542978048324585,0.12127965316176414,0.1524442881345749,0.19516167417168617,0.2355821654200554,0.05026975967658534,visual,43
16.32188948542559,16.469566345214844,16.32188948542559,0.19740627706050873,16.269171142578124,16.29540729522705,16.32450294494629,16.35310459136963,16.37883758544922,0.18270610233816942,0.9898711757773745,0.9994375705718994,0.9898711757773745,0.9559133052825928,0.9825179219245911,0.9870193600654602,0.9911240041255951,0.9938534200191498,0.9954930782318115,0.005467596615782232,-0.0003466778819370131,0.249653322118063,0.24075515592703595,0.24994651501981863,0.2594104995718226,0.014729161105168854,4.0,0.44849430936981455,0.7163629503822548,0.0022935056108062176,0.4220065754128458,0.23321223625304818,0.35230506050757016,0.7274012100437544,0.1853209477602507,16672.0,9.982994965989036e-06,0.12831246335989807,0.7393365974184659,0.2963595383895408,0.2678686410124403,0.7321313589875598,0.750346677881937,0.7163629503822548,0.02266591050562936,8.857170374183001e-06,0.010249153228578348,0.06060030693299875,0.03363422312571877,"[16672, 4, 4]",0.25,0.06957209861138137,0.27760565280914307,-0.018090688236249194,-0.2908931374549866,-0.12733150869607926,-0.08016697876155376,-0.017443369142711163,0.04101368132978678,0.09077757149934768,0.08322734261086549,2.5013373295209886,5.0064897537231445,2.5013373295209886,0.0684920996427536,1.7953534722328186,2.031228542327881,2.336425304412842,2.8816601634025574,3.478386259078979,0.6475165589537302,0.15633787408561828,0.3129130005836487,0.15633787408561828,0.0042808158323168755,0.11221120804548264,0.1269541084766388,0.1460288241505623,0.18010788783431053,0.21740465760231018,0.040471202438601944,Movies,0.1409815400838852,1,0.10091610997915268,0.044742110639297415,0.2856150269508362,0.023849145378656584,-0.19430267810821533,-0.04008884355425835,-0.009117926936596632,0.024237165227532387,0.05651535652577877,0.08627788349986076,0.05140719282253275,1.2327605167907911,1.8256988525390625,1.2327605167907911,0.951321542263031,1.0855546355247498,1.1412799954414368,1.214912474155426,1.3100597262382507,1.4116035580635071,0.12389898813387407,0.13948475800373283,0.3147558271884918,0.13948475800373283,0.033534836024045944,0.09554109573364258,0.11180664785206318,0.13490280508995056,0.16349121555685997,0.19071736633777617,0.03799642207511201,text,44
15.91298972384114,16.451675415039062,15.91298972384114,0.19733558595180511,16.192585754394532,16.241167545318604,16.28237533569336,16.325607776641846,16.359165000915528,1.6889366224711855,0.988993353444561,0.99922114610672,0.988993353444561,0.943644642829895,0.9798482656478882,0.9856434017419815,0.9908287823200226,0.9938137084245682,0.9953544795513153,0.006471479075769099,-0.0003466778819370131,0.249653322118063,0.24075515592703595,0.24994651501981863,0.2594104995718226,0.014729161105168854,4.0,0.44849430936981455,0.7163629503822548,0.0022935056108062176,0.4220065754128458,0.23321223625304818,0.35230506050757016,0.7274012100437544,0.1853209477602507,16672.0,9.982994965989036e-06,0.12831246335989807,0.7393365974184659,0.2963595383895408,0.2678686410124403,0.7321313589875598,0.750346677881937,0.7163629503822548,0.02266591050562936,8.857170374183001e-06,0.010249153228578348,0.06060030693299875,0.03363422312571877,"[16672, 4, 4]",0.25,0.06969761291011502,0.30528080463409424,-0.007833776925552215,-0.3079928457736969,-0.12126627117395401,-0.07012411579489708,-0.005547142121940851,0.05373539961874485,0.10087888389825819,0.0850426620528074,2.5547719336478596,5.090263366699219,2.5547719336478596,0.05124150589108467,1.7611618995666505,2.0424312949180603,2.4204721450805664,3.0431169271469116,3.6276911258697506,0.747045580380998,0.15967809543907746,0.31814634799957275,0.15967809543907746,0.0032026469707489014,0.11007711291313171,0.12765755876898766,0.15128537267446518,0.1902002990245819,0.22673473358154295,0.04669178129767095,Movies,0.1409815400838852,2,0.10091610997915268,0.04171524839759667,0.28585296869277954,0.019125724742570863,-0.18250709772109985,-0.04262268766760826,-0.012509148335084319,0.019593111239373684,0.051049054600298405,0.07848567515611647,0.0492584454274839,1.232506106169662,1.8272600173950195,1.232506106169662,0.9513828158378601,1.085512900352478,1.1410034596920013,1.2146186232566833,1.309297651052475,1.4114070296287538,0.12379790372205227,0.14463993334193534,0.3624662160873413,0.14463993334193534,0.03946647793054581,0.09707649648189545,0.11217737384140491,0.13683504611253738,0.17191065847873688,0.20490448772907258,0.04257910215782196,text,44
15.699876352322365,16.427364349365234,15.699876352322365,0.1973758339881897,15.772051811218262,16.112538814544678,16.21676254272461,16.279113292694092,16.322689628601076,1.9078108113267305,0.9877158353523479,0.9993294477462769,0.9877158353523479,0.9278925061225891,0.9761881709098816,0.9838851243257523,0.9901744425296783,0.9937050044536591,0.9953771770000458,0.008104305067431277,-0.0003466778819370131,0.249653322118063,0.24075515592703595,0.24994651501981863,0.2594104995718226,0.014729161105168854,4.0,0.44849430936981455,0.7163629503822548,0.0022935056108062176,0.4220065754128458,0.23321223625304818,0.35230506050757016,0.7274012100437544,0.1853209477602507,16672.0,9.982994965989036e-06,0.12831246335989807,0.7393365974184659,0.2963595383895408,0.2678686410124403,0.7321313589875598,0.750346677881937,0.7163629503822548,0.02266591050562936,8.857170374183001e-06,0.010249153228578348,0.06060030693299875,0.03363422312571877,"[16672, 4, 4]",0.25,0.06892374599793268,0.3151819109916687,-0.015971707013287657,-0.25440049171447754,-0.1244308091700077,-0.0787311214953661,-0.015508013311773539,0.04377561714500189,0.09052646532654761,0.0824642564511474,2.54364539078578,5.126214504241943,2.54364539078578,0.06848089396953583,1.7294737458229066,2.036384165287018,2.406265616416931,3.0498971343040466,3.647861576080322,0.771175922112124,0.15898334003398717,0.32039666175842285,0.15898334003398717,0.004280115477740765,0.1080968551337719,0.12727895379066467,0.1503957286477089,0.19062385708093643,0.22799778282642363,0.04820021142808576,Movies,0.1409815400838852,3,0.10091610997915268,0.04047651591080014,0.2859736382961273,0.01520795987611679,-0.19023314118385315,-0.04736863784492016,-0.015634188428521156,0.01604917086660862,0.04687465541064739,0.07412605062127113,0.04909514496896662,1.2328761929606809,1.8275887966156006,1.2328761929606809,0.9513851404190063,1.0856802225112916,1.1410200893878937,1.2150375247001648,1.310499221086502,1.4118701338768005,0.12402000408419438,0.15145816653341254,0.4101547300815582,0.15145816653341254,0.036666881293058395,0.09680645763874055,0.11315879039466381,0.14168211072683334,0.18241078034043312,0.22304830104112625,0.04999185753183916,text,44
16.64273315094833,16.798519134521484,16.64273315094833,0.11016625165939331,16.601415634155273,16.624412536621094,16.648828506469727,16.67326784133911,16.695471382141115,0.31582387409315676,0.9853124451750243,0.9991269111633301,0.9853124451750243,0.9382126331329346,0.9751444935798645,0.981587216258049,0.9869848191738129,0.9908948540687561,0.9929232120513916,0.007510863542253987,0.0014396586184079463,0.25143965861840795,0.20852730537299066,0.2520322284073302,0.29260798301547764,0.04766404169997709,4.0,0.4128952348493866,0.9836876125597608,0.0077456766084488815,0.4381899081992133,0.18882109676006079,0.44357780688452647,0.660505298459889,0.1802193271620456,16672.0,0.08844999157148928,0.6263205738062432,0.9312982769441058,0.29886080856866654,0.5707923777103742,0.42920762228962583,0.748560341381592,0.9836876125597608,0.10584121717466821,0.018355441807458798,0.07789839321182232,0.23291776462768515,0.09526844934391251,"[16672, 4, 4]",0.25,0.08337691956854375,0.4201580584049225,-0.03359235927423391,-0.41425883769989014,-0.15991140753030778,-0.10098752938210964,-0.033448709174990654,0.032574599608778954,0.09259038195014,0.0988947663933796,2.858195218175825,5.925271987915039,2.858195218175825,0.02778446301817894,2.30213668346405,2.4889524579048157,2.7772891521453857,3.1476988792419434,3.542771315574646,0.4969775316094094,0.17864499960555044,0.37033751606941223,0.17864499960555044,0.0017365510575473309,0.14388866126537322,0.1555665209889412,0.17358790338039398,0.19673879072070122,0.22143825590610505,0.031063118553952735,Movies,0.18030035495758057,1,0.12307105958461761,0.07024702020537213,0.30472439527511597,0.0044815536888015515,-0.2953493297100067,-0.10719647705554962,-0.05650230124592781,0.0023124078288674355,0.06411836110055447,0.12005834579467771,0.08688734341610749,1.3250528267314818,1.6718504428863525,1.3250528267314818,1.0376440286636353,1.208338987827301,1.2570459842681885,1.3176201581954956,1.386885792016983,1.4525343298912048,0.09330620565730086,0.16917300133965016,0.38040515780448914,0.16917300133965016,0.04201608523726463,0.11994859352707862,0.13644512742757797,0.16370193660259247,0.19584352895617485,0.22875210046768188,0.043492905573511896,visual,44
16.12318761019356,16.78732681274414,16.12318761019356,0.10892798751592636,16.55555362701416,16.597383975982666,16.626333236694336,16.650890827178955,16.672402763366698,2.1387889763208414,0.9832770624296335,0.9985877275466919,0.9832770624296335,0.9357763528823853,0.9703449130058288,0.9778959602117538,0.9855670034885406,0.9903181046247482,0.9926413893699646,0.008969682431278913,0.0014396586184079463,0.25143965861840795,0.20852730537299066,0.2520322284073302,0.29260798301547764,0.04766404169997709,4.0,0.4128952348493866,0.9836876125597608,0.0077456766084488815,0.4381899081992133,0.18882109676006079,0.44357780688452647,0.660505298459889,0.1802193271620456,16672.0,0.08844999157148928,0.6263205738062432,0.9312982769441058,0.29886080856866654,0.5707923777103742,0.42920762228962583,0.748560341381592,0.9836876125597608,0.10584121717466821,0.018355441807458798,0.07789839321182232,0.23291776462768515,0.09526844934391251,"[16672, 4, 4]",0.25,0.08620782648202314,0.3253958225250244,-0.026036797214190287,-0.3859788775444031,-0.1594667613506317,-0.09802616946399212,-0.026791401207447052,0.04465364757925272,0.10654259622097015,0.10410815525146017,2.821256111210414,5.555425643920898,2.821256111210414,0.026900652796030045,2.23207106590271,2.4865567088127136,2.7987823486328125,3.183289885520935,3.5712803125381467,0.626854070279023,0.17633860510065047,0.3472539186477661,0.17633860510065047,0.0016813200199976563,0.13950789123773574,0.15541290119290352,0.17493149638175964,0.19896593689918518,0.2232183203101158,0.03918132980002317,Movies,0.18030035495758057,2,0.12307105958461761,0.06898891607256796,0.2831158936023712,-0.0015655338038256792,-0.29741373658180237,-0.11069539040327073,-0.061708737164735794,-0.004266015719622374,0.05638917814940214,0.11350508704781531,0.0854262086474661,1.3267506471479351,1.70525062084198,1.3267506471479351,1.0031236410140991,1.210885965824127,1.2587938606739044,1.319188117980957,1.388404667377472,1.4556629538536072,0.09365668628444025,0.17993777008430456,0.3721066117286682,0.17993777008430456,0.05313178524374962,0.1224410891532898,0.14058981090784073,0.17238523066043854,0.21453449875116348,0.25019666850566863,0.0495263167587853,visual,44
15.741862680780882,16.76953887939453,15.741862680780882,0.11017170548439026,16.244392585754394,16.486210823059082,16.552600860595703,16.59365940093994,16.624092864990235,2.8638443745762903,0.9810023680758339,0.9987924098968506,0.9810023680758339,0.9203808903694153,0.9639425158500672,0.9745287299156189,0.9841942191123962,0.9900060296058655,0.9926274299621582,0.011419053316921082,0.0014396586184079463,0.25143965861840795,0.20852730537299066,0.2520322284073302,0.29260798301547764,0.04766404169997709,4.0,0.4128952348493866,0.9836876125597608,0.0077456766084488815,0.4381899081992133,0.18882109676006079,0.44357780688452647,0.660505298459889,0.1802193271620456,16672.0,0.08844999157148928,0.6263205738062432,0.9312982769441058,0.29886080856866654,0.5707923777103742,0.42920762228962583,0.748560341381592,0.9836876125597608,0.10584121717466821,0.018355441807458798,0.07789839321182232,0.23291776462768515,0.09526844934391251,"[16672, 4, 4]",0.25,0.09195840729755599,0.3256531357765198,-0.05385204540495811,-0.4015739858150482,-0.18421630561351776,-0.12296102568507195,-0.05336308665573597,0.01316999550908804,0.07569173201918601,0.10149007047401784,2.8065588958047494,5.687410831451416,2.8065588958047494,0.027777668088674545,2.188468337059021,2.4939518570899963,2.830017924308777,3.2279679775238037,3.6256077766418455,0.7228109454805192,0.1754224717259605,0.3555122911930084,0.1754224717259605,0.001736126490868628,0.13679240196943282,0.15587785094976425,0.1768876016139984,0.20176709070801735,0.22662107795476913,0.045179898928492876,Movies,0.18030035495758057,3,0.12307105958461761,0.06869529178246382,0.26173946261405945,-0.005871028436829424,-0.3047201335430145,-0.11378051340579987,-0.06537658162415028,-0.009079087059944868,0.051462894305586815,0.1093914844095707,0.0848032296233508,1.3273106684439928,1.6656862497329712,1.3273106684439928,1.0117732286453247,1.2108486771583558,1.2593638002872467,1.3198832273483276,1.389017015695572,1.4566015124320983,0.09378118042253351,0.19041388133413834,0.41451093554496765,0.19041388133413834,0.04913581535220146,0.12261160984635353,0.14283635467290878,0.1803801879286766,0.2305600680410862,0.27675655782222747,0.05915387693976605,visual,44
16.343949656545988,16.49394989013672,16.343949656545988,0.12558326125144958,16.314712905883788,16.336524963378906,16.358516693115234,16.380017280578613,16.398137283325195,0.45425612507665775,0.9911772327049828,0.9997658729553223,0.9911772327049828,0.9519686698913574,0.9858534932136536,0.9891142845153809,0.9920148253440857,0.9941087365150452,0.9955038189888,0.004192022252549332,-0.014425075696893302,0.2355749243031067,0.20309824962168932,0.24623386225721333,0.2551427578326647,0.035552710878485834,4.0,0.414858213028136,0.8256427699896739,0.014828662122749506,0.42346245668845367,0.21484918961626442,0.412994518123108,0.6688662436871596,0.1646280045024587,20695.0,0.0015721690723360686,0.40749275047728784,0.8794809267598931,0.3320342390045059,0.41078455696153787,0.5892154430384622,0.7644250756968933,0.8256427699896739,0.058245834914266104,0.0012478140261769726,0.030548840369192476,0.14496536012738964,0.08110051510369583,"[20695, 4, 4]",0.25,0.07917073299340406,0.3369811177253723,-0.020571423798095116,-0.3472982347011566,-0.14511145651340485,-0.08604846149682999,-0.02101675420999527,0.045259710401296616,0.10435698926448832,0.0965619149639639,2.277730602405445,3.6707937717437744,2.277730602405445,0.022270269691944122,1.8595979452133178,2.0284481048583984,2.2450573444366455,2.5028934478759766,2.746738576889038,0.345443581788034,0.14236297757672176,0.22945460677146912,0.14236297757672176,0.001391912461258471,0.11622755378484725,0.12678112089633942,0.1403195559978485,0.15643548965454102,0.1716759353876114,0.021591230830847886,Toys,0.15137979388237,1,0.10209529101848602,0.06378568037354895,0.3047906756401062,0.02559212557821282,-0.22508472204208374,-0.07153884172439574,-0.027012288570404053,0.02435370907187462,0.07769831269979477,0.12464122474193583,0.07508627460941719,1.1070896457721426,1.4261038303375244,1.1070896457721426,0.8701743483543396,1.016453242301941,1.0560266375541687,1.1028380393981934,1.152316153049469,1.2005728960037232,0.07365767349152132,0.1312546999903189,0.3219596743583679,0.1312546999903189,0.02164720930159092,0.09557348787784577,0.10981292650103569,0.12805809080600739,0.14991965889930725,0.17130003571510316,0.031174728234814205,text,42
15.852260393055849,16.456451416015625,15.852260393055849,0.12443532049655914,16.276563262939455,16.311717987060547,16.33868408203125,16.36154842376709,16.38131332397461,2.2490967249543248,0.9905017683632162,0.9992741346359253,0.9905017683632162,0.9557786583900452,0.9840656638145446,0.9880947768688202,0.9916329383850098,0.9939473271369934,0.9953036189079285,0.0046954642360156245,-0.014425075696893302,0.2355749243031067,0.20309824962168932,0.24623386225721333,0.2551427578326647,0.035552710878485834,4.0,0.414858213028136,0.8256427699896739,0.014828662122749506,0.42346245668845367,0.21484918961626442,0.412994518123108,0.6688662436871596,0.1646280045024587,20695.0,0.0015721690723360686,0.40749275047728784,0.8794809267598931,0.3320342390045059,0.41078455696153787,0.5892154430384622,0.7644250756968933,0.8256427699896739,0.058245834914266104,0.0012478140261769726,0.030548840369192476,0.14496536012738964,0.08110051510369583,"[20695, 4, 4]",0.25,0.07984652304288907,0.3587789237499237,-0.01087757465672054,-0.3535628318786621,-0.1375847190618515,-0.07879893109202385,-0.01204717718064785,0.05549021624028683,0.11709946691989906,0.09910125420491993,2.2366965422909466,3.59043550491333,2.2366965422909466,0.02051040716469288,1.8135318756103516,2.017324686050415,2.257607936859131,2.5205153226852417,2.752004909515381,0.4667933838688445,0.13979909199843055,0.22440415620803833,0.13979909199843055,0.0012819318799301982,0.11334938704967498,0.12608956545591354,0.14110706746578217,0.15753727406263351,0.17200901508331298,0.02917587564523237,Toys,0.15137979388237,2,0.10209529101848602,0.06222391468298957,0.30066144466400146,0.02253548734654083,-0.24828508496284485,-0.07317352592945098,-0.029312890022993088,0.02132989466190338,0.07395579293370247,0.11985850036144258,0.07395476438033993,1.107464152688305,1.4274603128433228,1.107464152688305,0.8702849745750427,1.016564631462097,1.0565269589424133,1.1031535863876343,1.1527017951011658,1.2010721921920777,0.0736941161178442,0.13594139142798525,0.3069378733634949,0.13594139142798525,0.038117341697216034,0.0976862758398056,0.11120422556996346,0.13094037771224976,0.15674056112766266,0.1819238483905793,0.033509143511711616,text,42
15.575614573269917,16.42078399658203,15.575614573269917,0.12558874487876892,16.067952728271486,16.218531608581543,16.274349212646484,16.31213092803955,16.33886375427246,2.748381523850612,0.9894913570349215,0.9996348023414612,0.9894913570349215,0.9492442011833191,0.9814537763595581,0.9866201281547546,0.9909735918045044,0.993797779083252,0.9953032732009888,0.005847550326694835,-0.014425075696893302,0.2355749243031067,0.20309824962168932,0.24623386225721333,0.2551427578326647,0.035552710878485834,4.0,0.414858213028136,0.8256427699896739,0.014828662122749506,0.42346245668845367,0.21484918961626442,0.412994518123108,0.6688662436871596,0.1646280045024587,20695.0,0.0015721690723360686,0.40749275047728784,0.8794809267598931,0.3320342390045059,0.41078455696153787,0.5892154430384622,0.7644250756968933,0.8256427699896739,0.058245834914266104,0.0012478140261769726,0.030548840369192476,0.14496536012738964,0.08110051510369583,"[20695, 4, 4]",0.25,0.08237888964651233,0.3317869305610657,-0.02669298930554807,-0.35246485471725464,-0.15444114208221435,-0.0942460484802723,-0.0273563452064991,0.04032632149755955,0.10193437784910205,0.09927623746901353,2.2040685043911674,3.5579745769500732,2.2040685043911674,0.02227182127535343,1.7840887784957886,2.0068212747573853,2.2488551139831543,2.50579297542572,2.7458051681518563,0.5150521424328465,0.13776067383252655,0.22238601744174957,0.13776067383252655,0.0013920072233304381,0.11150876730680466,0.1254323124885559,0.14056073129177094,0.15661568194627762,0.1716240525245667,0.03219240545496528,Toys,0.15137979388237,3,0.10209529101848602,0.06126935636745581,0.29482126235961914,0.02003053252932706,-0.24776041507720947,-0.07503571808338165,-0.03185614384710789,0.01872272603213787,0.07081952691078186,0.11603278368711475,0.07341295837817462,1.1073487875282433,1.427024245262146,1.1073487875282433,0.8703560829162598,1.0167397737503052,1.056477963924408,1.103164553642273,1.1523971557617188,1.2007344961166382,0.07351888478189009,0.14207841531999318,0.3301136791706085,0.14207841531999318,0.027032973244786263,0.09765395820140839,0.11254575103521347,0.1359667032957077,0.1661541983485222,0.19662226438522348,0.03939972758968432,text,42
16.54240077003408,16.682435989379883,16.54240077003408,0.081758052110672,16.53599395751953,16.55437469482422,16.573694229125977,16.593214988708496,16.610297012329102,0.7158372631158999,0.9830827831588352,0.9995624423027039,0.9830827831588352,0.9254697561264038,0.9725032806396484,0.9791323244571686,0.984715461730957,0.9888485968112946,0.9915514945983886,0.008169661392218424,0.02518695261121301,0.275186952611213,0.2517270616357564,0.26413546793628484,0.31147581636905675,0.035230685900429985,4.0,0.3129903817676407,0.8824377194078922,0.025776101014032226,0.35579145915104055,0.15656676236305073,0.3294450700328033,0.5983527049269826,0.17223423107706098,20695.0,0.15188307471009402,0.5878956136348135,0.9290147440355412,0.276107958326548,0.5694473376402515,0.43055266235974854,0.724813047388787,0.8824377194078922,0.09321000826444807,0.023884893953800203,0.06927673270304997,0.19214461883904593,0.08110177271891073,"[20695, 4, 4]",0.25,0.10250836246059436,0.40131890773773193,-0.05291398892029049,-0.4395829439163208,-0.19991781413555146,-0.13299668580293655,-0.0571625754237175,0.021065544337034225,0.09560684561729434,0.11525544589751256,2.52366630690657,4.9680376052856445,2.52366630690657,0.010443605482578278,2.021605920791626,2.2038486003875732,2.4563393592834473,2.776489496231079,3.125974941253663,0.4577513223912114,0.1577348054267138,0.31050336360931396,0.1577348054267138,0.0006527351215481758,0.12635420262813568,0.13774654269218445,0.15352526307106018,0.17353719472885132,0.19538065791130071,0.028611082196563522,Toys,0.16003677248954773,1,0.13922208547592163,0.07890038116582257,0.31677961349487305,0.019313830575850836,-0.30891358852386475,-0.10669947415590286,-0.045931609347462654,0.01809871569275856,0.08429072424769402,0.14701585769653325,0.09694257859243027,1.518642835410847,1.90744948387146,1.518642835410847,1.1877176761627197,1.3898778676986694,1.44771808385849,1.5159181356430054,1.5853958129882812,1.6520110845565796,0.10094196412309643,0.1827406894769335,0.39603739976882935,0.1827406894769335,0.029583508148789406,0.13247688710689545,0.15236563980579376,0.1785951554775238,0.2087687849998474,0.23956964612007145,0.04333002861351224,visual,42
16.241992455070708,16.665645599365234,16.241992455070708,0.08175361901521683,16.50646057128906,16.535311698913574,16.557384490966797,16.577289581298828,16.59464225769043,1.5472684694937613,0.981540281644735,0.9984356164932251,0.981540281644735,0.9223818182945251,0.9687093377113343,0.9767732620239258,0.9837261438369751,0.988402932882309,0.9910810708999633,0.009278719048206183,0.02518695261121301,0.275186952611213,0.2517270616357564,0.26413546793628484,0.31147581636905675,0.035230685900429985,4.0,0.3129903817676407,0.8824377194078922,0.025776101014032226,0.35579145915104055,0.15656676236305073,0.3294450700328033,0.5983527049269826,0.17223423107706098,20695.0,0.15188307471009402,0.5878956136348135,0.9290147440355412,0.276107958326548,0.5694473376402515,0.43055266235974854,0.724813047388787,0.8824377194078922,0.09321000826444807,0.023884893953800203,0.06927673270304997,0.19214461883904593,0.08110177271891073,"[20695, 4, 4]",0.25,0.10342173854952962,0.38695794343948364,-0.02912242174896498,-0.4124687910079956,-0.1864031046628952,-0.11555233970284462,-0.0352449007332325,0.04996360093355179,0.13675146996974957,0.1252847502892258,2.5336502256260713,5.145265579223633,2.5336502256260713,0.010447736829519272,1.9729554414749146,2.2018399238586426,2.4838953018188477,2.832275390625,3.2147443771362307,0.5410620959117696,0.15836000985248078,0.32159480452537537,0.15836000985248078,0.000652993272524327,0.12331551313400269,0.13761983811855316,0.1552543342113495,0.17702781409025192,0.20092612206935884,0.03381823125169024,Toys,0.16003677248954773,2,0.13922208547592163,0.07968551571385075,0.316373348236084,0.01579381006184356,-0.3063972592353821,-0.11286555826663972,-0.05146739259362221,0.013917330652475357,0.0818258561193943,0.1457390308380127,0.09820020613211544,1.5202815842184936,1.9091869592666626,1.5202815842184936,1.1798549890518188,1.3912680625915528,1.4487552642822266,1.5181360244750977,1.5872452855110168,1.6541241884231568,0.10130201682785013,0.19061828612377604,0.40049630403518677,0.19061828612377604,0.05592234432697296,0.1362034112215042,0.15545310080051422,0.18398241698741913,0.22014901787042618,0.25601271986961366,0.04703672064884974,visual,42
15.66305002095828,16.644731521606445,15.66305002095828,0.08175358921289444,16.311562728881835,16.444470405578613,16.49574851989746,16.528594970703125,16.553549575805665,3.2680665172867083,0.9794819256538756,0.9992817044258118,0.9794819256538756,0.9092600345611572,0.9636277079582214,0.973793625831604,0.9824086427688599,0.9880145490169525,0.9910509586334229,0.011486006279596242,0.02518695261121301,0.275186952611213,0.2517270616357564,0.26413546793628484,0.31147581636905675,0.035230685900429985,4.0,0.3129903817676407,0.8824377194078922,0.025776101014032226,0.35579145915104055,0.15656676236305073,0.3294450700328033,0.5983527049269826,0.17223423107706098,20695.0,0.15188307471009402,0.5878956136348135,0.9290147440355412,0.276107958326548,0.5694473376402515,0.43055266235974854,0.724813047388787,0.8824377194078922,0.09321000826444807,0.023884893953800203,0.06927673270304997,0.19214461883904593,0.08110177271891073,"[20695, 4, 4]",0.25,0.11742324551251744,0.40466850996017456,-0.07672834278263897,-0.44937077164649963,-0.22867722511291505,-0.1607455462217331,-0.081593357026577,-0.0014198138378560543,0.07915299832820896,0.12129756147566399,2.517104817996412,4.993640899658203,2.517104817996412,0.010451722890138626,1.9564339637756347,2.2258352041244507,2.53607439994812,2.901299238204956,3.297865104675293,0.7272619973395477,0.15732729741988755,0.31211021542549133,0.15732729741988755,0.0006532424595206976,0.12227934300899505,0.13912343233823776,0.15850891172885895,0.18133851140737534,0.20612470805644992,0.04545673952486808,Toys,0.16003677248954773,3,0.13922208547592163,0.07998893086626187,0.3128930926322937,0.012741518975502722,-0.30480876564979553,-0.11718991845846176,-0.05566318333148956,0.010609446093440056,0.07945316284894943,0.14390657842159282,0.0988188744013135,1.5212049457467562,1.9113937616348267,1.5212049457467562,1.1747961044311523,1.3922245025634765,1.4500001072883606,1.5188220739364624,1.5878866314888,1.6549196720123291,0.10127457104369943,0.19983579545518315,0.43228864669799805,0.19983579545518315,0.0378987193107605,0.13640777468681337,0.1580573469400406,0.19137458503246307,0.23405097424983978,0.2776126027107239,0.05519353534186168,visual,42
16.322808310874102,16.45107078552246,16.322808310874102,0.08779308199882507,16.300682067871094,16.318208694458008,16.337162017822266,16.355207443237305,16.371960830688476,0.45508912802031465,0.9923830967330795,0.9997910857200623,0.9923830967330795,0.9701405763626099,0.9878478527069092,0.9905689656734467,0.9930329918861389,0.9948680996894836,0.996127474308014,0.003528386958842934,-0.006469713293749985,0.24353028670625002,0.21699638077989222,0.2484610565006733,0.26281925095245245,0.029989718232041475,4.0,0.36351553918508916,0.9291152579080401,0.008285130203817886,0.41206332594301937,0.19537482565976452,0.4323326507513039,0.5673544847075327,0.15020781917147447,20695.0,0.031835537198926664,0.651846462294358,0.9382705024900859,0.32337054956064665,0.5655997187229509,0.4344002812770491,0.75646971329375,0.9291152579080401,0.0579350875498453,0.004249405220070912,0.03676295715073744,0.1371256326325238,0.06618328749246401,"[20695, 4, 4]",0.25,0.08026993692168859,0.3554931581020355,-0.02804289813598181,-0.39909279346466064,-0.14963543117046357,-0.09328333288431168,-0.029361944645643234,0.03567069210112095,0.09571461081504823,0.09670221032103941,2.19105911630976,3.348673105239868,2.19105911630976,0.015192032791674137,1.8084462881088257,1.9618498086929321,2.1624584197998047,2.3921191692352295,2.624335527420044,0.31820762994123764,0.13694615459522053,0.2092951536178589,0.13694615459522053,0.0009495171834714711,0.11303110718727112,0.12262159585952759,0.1351606547832489,0.14951375126838684,0.16402471959590914,0.019889009399769824,Toys,0.14775441586971283,1,0.0963238775730133,0.07315307724271371,0.3190222978591919,0.057711022689476824,-0.16459517180919647,-0.03168878406286239,0.010456223040819168,0.057758867740631104,0.10556856542825699,0.14639684557914734,0.06861299398594059,1.0015382004435094,1.2284833192825317,1.0015382004435094,0.8070743680000305,0.9275469422340393,0.9591516852378845,0.9971142411231995,1.0403390526771545,1.082848072052002,0.05982715265237061,0.12240336823332754,0.2558940052986145,0.12240336823332754,0.02046244777739048,0.08921628296375275,0.10292559489607811,0.12015580385923386,0.13983158767223358,0.15916497111320496,0.028487302145597308,text,43
15.95324619564602,16.42364501953125,15.95324619564602,0.08778617531061172,16.259113693237303,16.29085636138916,16.31373405456543,16.334294319152832,16.35171432495117,1.7802571637363933,0.9918674505485605,0.9993381500244141,0.9918674505485605,0.9703752994537354,0.9863536357879639,0.9897888898849487,0.9928104877471924,0.9947581887245178,0.995953631401062,0.003927598257325252,-0.006469713293749985,0.24353028670625002,0.21699638077989222,0.2484610565006733,0.26281925095245245,0.029989718232041475,4.0,0.36351553918508916,0.9291152579080401,0.008285130203817886,0.41206332594301937,0.19537482565976452,0.4323326507513039,0.5673544847075327,0.15020781917147447,20695.0,0.031835537198926664,0.651846462294358,0.9382705024900859,0.32337054956064665,0.5655997187229509,0.4344002812770491,0.75646971329375,0.9291152579080401,0.0579350875498453,0.004249405220070912,0.03676295715073744,0.1371256326325238,0.06618328749246401,"[20695, 4, 4]",0.25,0.08042146496053522,0.3423368036746979,-0.012251595575256688,-0.3863477110862732,-0.13927517235279083,-0.08048025891184807,-0.013192694634199142,0.05573065020143986,0.11647864878177647,0.09962374746317863,2.1602397708459433,3.4164741039276123,2.1602397708459433,0.015084495767951012,1.764008378982544,1.943176507949829,2.1611435413360596,2.40097975730896,2.6421446800231942,0.4071610878103873,0.13502060880270922,0.21353499591350555,0.13502060880270922,0.0009427968179807067,0.11025426834821701,0.12145288661122322,0.1350759118795395,0.15006949752569199,0.16513849794864657,0.02544879501773067,Toys,0.14775441586971283,2,0.0963238775730133,0.07131312535784884,0.30791038274765015,0.05471386991044217,-0.1859024167060852,-0.034738866984844206,0.007197335362434387,0.05393458902835846,0.10262859612703323,0.14401764273643497,0.06877642546986695,1.0019823744003828,1.2289589643478394,1.0019823744003828,0.8090373873710632,0.9281695723533631,0.9597644805908203,0.9976533055305481,1.0407450795173645,1.0830756902694703,0.05979433568107108,0.12624622280415806,0.24980990588665009,0.12624622280415806,0.03642090782523155,0.09119078814983368,0.10395066067576408,0.12203636020421982,0.1455642729997635,0.16900707185268407,0.03039856290249922,text,43
15.47571645938895,16.393999099731445,15.47571645938895,0.08778715133666992,16.00720977783203,16.184746742248535,16.24330711364746,16.27946662902832,16.30531997680664,2.9860677110886082,0.991032856692724,0.9996741414070129,0.991032856692724,0.9635590314865112,0.9842437624931335,0.9885580539703369,0.992273211479187,0.9946223497390747,0.9959548473358154,0.004878002995052057,-0.006469713293749985,0.24353028670625002,0.21699638077989222,0.2484610565006733,0.26281925095245245,0.029989718232041475,4.0,0.36351553918508916,0.9291152579080401,0.008285130203817886,0.41206332594301937,0.19537482565976452,0.4323326507513039,0.5673544847075327,0.15020781917147447,20695.0,0.031835537198926664,0.651846462294358,0.9382705024900859,0.32337054956064665,0.5655997187229509,0.4344002812770491,0.75646971329375,0.9291152579080401,0.0579350875498453,0.004249405220070912,0.03676295715073744,0.1371256326325238,0.06618328749246401,"[20695, 4, 4]",0.25,0.0825161758205929,0.3478548526763916,-0.03323061944991717,-0.3728984296321869,-0.15772053003311157,-0.09944716095924377,-0.034199707210063934,0.031670887023210526,0.09184566587209711,0.09759848204139361,2.10888923260825,3.417555570602417,2.10888923260825,0.015196606516838074,1.7358179092407227,1.938430666923523,2.1550583839416504,2.3956456184387207,2.6302414894104005,0.5144415489473984,0.1318119722414015,0.21361596882343292,0.1318119722414015,0.0009498030412942171,0.10849582254886628,0.1211552619934082,0.13469673693180084,0.14973828941583633,0.16439690291881562,0.03215434389989278,Toys,0.14775441586971283,3,0.0963238775730133,0.07006843454478114,0.3005053997039795,0.05227980192267593,-0.19235265254974365,-0.037630675733089446,0.004300811793655157,0.05130999907851219,0.1002831980586052,0.14260995686054231,0.06912660164220019,1.0021428126821081,1.2292424440383911,1.0021428126821081,0.8071310520172119,0.9283597588539123,0.9597377181053162,0.9979307651519775,1.0410091280937195,1.0831839799880982,0.05983135555584709,0.1317376326901897,0.2771342694759369,0.1317376326901897,0.025554124265909195,0.09114245772361755,0.10527867823839188,0.12645331025123596,0.15426363050937653,0.18186179101467145,0.03570148058531603,text,43
16.502398574337143,16.626625061035156,16.502398574337143,0.08338886499404907,16.49745979309082,16.51555061340332,16.53470230102539,16.552522659301758,16.567647171020507,0.7139678000788756,0.9864115083180179,0.9996134638786316,0.9864115083180179,0.9414033889770508,0.977717661857605,0.9831242263317108,0.9878199100494385,0.9912195801734924,0.9932943344116211,0.006734401117516783,0.02579246779345362,0.2757924677934536,0.25377621533443745,0.26727396808564663,0.30668700532987714,0.028847104302328123,4.0,0.22663856984784714,0.8367399814709126,0.030486827403706784,0.2915081729544248,0.12066017603883977,0.2657086950210076,0.4804559447883113,0.15334014046607633,20695.0,0.21340572619702056,0.6438429322676753,0.9384304366657729,0.2632908495909197,0.6101014116230654,0.3898985883769346,0.7242075322065464,0.8367399814709126,0.08967843590004541,0.027284463203133876,0.07048894589145978,0.17383150325756863,0.06925925563843328,"[20695, 4, 4]",0.25,0.10120561834497076,0.36576178669929504,-0.0536992686645907,-0.4028772711753845,-0.19510357081890106,-0.13084840029478073,-0.05893174931406975,0.019548251293599606,0.09362650513648993,0.11219802280397115,2.360622772953794,4.910567283630371,2.360622772953794,0.01256381906569004,1.920719289779663,2.0814430713653564,2.3090107440948486,2.5846253633499146,2.8784853458404553,0.39696367906172325,0.14754414233784874,0.30691152811050415,0.14754414233784874,0.0007852507405914366,0.12004914730787278,0.13009396940469742,0.14431656897068024,0.16154547035694122,0.17991180717945107,0.024811692018112307,Toys,0.1574769914150238,1,0.12474476546049118,0.0750833793539679,0.3466162383556366,0.028206405409751945,-0.2566200792789459,-0.0860175222158432,-0.035786835476756096,0.023215191438794136,0.08597756549715996,0.1472259283065796,0.09176099760163557,1.3609434076195381,1.7607311010360718,1.3609434076195381,1.040705919265747,1.2516699075698852,1.2977898120880127,1.3572156429290771,1.4200156331062317,1.4770542860031128,0.08781116550412406,0.1634105838870341,0.35618558526039124,0.1634105838870341,0.028348715975880623,0.11769777685403823,0.1347661316394806,0.1590886265039444,0.1877041682600975,0.21624081432819367,0.0399170490463272,visual,43
16.254267788176,16.620264053344727,16.254267788176,0.08339822292327881,16.466032791137696,16.495118141174316,16.51664924621582,16.53519058227539,16.551246643066406,1.3586935237790965,0.9852102317249006,0.9989436268806458,0.9852102317249006,0.9368809461593628,0.9746145486831665,0.9812796413898468,0.9870573282241821,0.9908753931522369,0.9929535269737244,0.007564591062718536,0.02579246779345362,0.2757924677934536,0.25377621533443745,0.26727396808564663,0.30668700532987714,0.028847104302328123,4.0,0.22663856984784714,0.8367399814709126,0.030486827403706784,0.2915081729544248,0.12066017603883977,0.2657086950210076,0.4804559447883113,0.15334014046607633,20695.0,0.21340572619702056,0.6438429322676753,0.9384304366657729,0.2632908495909197,0.6101014116230654,0.3898985883769346,0.7242075322065464,0.8367399814709126,0.08967843590004541,0.027284463203133876,0.07048894589145978,0.17383150325756863,0.06925925563843328,"[20695, 4, 4]",0.25,0.10231261220386,0.38679420948028564,-0.031495385761835144,-0.3847787082195282,-0.18563942909240722,-0.1150997169315815,-0.0385763980448246,0.04837385192513466,0.13230925798416143,0.12215931812395034,2.3599062646677758,4.949815273284912,2.3599062646677758,0.012565143406391144,1.885537576675415,2.072609305381775,2.3180558681488037,2.6116167306900024,2.933958673477173,0.46048693976419003,0.1475004140828931,0.3093787133693695,0.1475004140828931,0.0007853326969780028,0.11784918308258056,0.12954314798116684,0.14488402009010315,0.16323358565568924,0.18337984681129457,0.028782151001512365,Toys,0.1574769914150238,2,0.12474476546049118,0.0749153537277468,0.3466775417327881,0.025390148404526643,-0.24473655223846436,-0.08917635828256607,-0.03963753767311573,0.019309788942337036,0.08344244584441185,0.14725430309772491,0.09242699880323865,1.3627706824998747,1.7622531652450562,1.3627706824998747,0.9741500616073608,1.2526626586914062,1.2995260953903198,1.3590126037597656,1.4217951893806458,1.4793161630630494,0.08811378802623142,0.1702207358957676,0.362055242061615,0.1702207358957676,0.04647267982363701,0.12050881683826446,0.13744563609361649,0.16393828392028809,0.19786081463098526,0.2304816544055939,0.042891150553977304,visual,43
15.596851459378478,16.605127334594727,15.596851459378478,0.0833980143070221,16.266889572143555,16.401482582092285,16.451618194580078,16.48460102081299,16.5076114654541,3.3524397139857176,0.9835504614779788,0.9993947148323059,0.9835504614779788,0.9228113889694214,0.970328688621521,0.9788148403167725,0.9859778881072998,0.9905913472175598,0.9928994536399841,0.009376646754905254,0.02579246779345362,0.2757924677934536,0.25377621533443745,0.26727396808564663,0.30668700532987714,0.028847104302328123,4.0,0.22663856984784714,0.8367399814709126,0.030486827403706784,0.2915081729544248,0.12066017603883977,0.2657086950210076,0.4804559447883113,0.15334014046607633,20695.0,0.21340572619702056,0.6438429322676753,0.9384304366657729,0.2632908495909197,0.6101014116230654,0.3898985883769346,0.7242075322065464,0.8367399814709126,0.08967843590004541,0.027284463203133876,0.07048894589145978,0.17383150325756863,0.06925925563843328,"[20695, 4, 4]",0.25,0.1162041778518085,0.37899351119995117,-0.07814547626046146,-0.4065108895301819,-0.22344196140766143,-0.15889710187911987,-0.08499492704868317,-0.006235918030142784,0.07471731305122385,0.11689024883016115,2.3260039488626787,4.826840400695801,2.3260039488626787,0.012559288181364536,1.8585228443145752,2.0854151248931885,2.3522937297821045,2.67114520072937,3.00359320640564,0.6633561644597376,0.14538272930632123,0.30168458819389343,0.14538272930632123,0.0007849822286516428,0.11616050153970718,0.13034410774707794,0.14702625572681427,0.1669558510184288,0.18773193359375004,0.04146252741173368,Toys,0.1574769914150238,3,0.12474476546049118,0.07447851957754088,0.3461349606513977,0.022504773038695067,-0.23859432339668274,-0.0914230465888977,-0.04322412423789501,0.016343887895345688,0.0808200053870678,0.14311996102333074,0.09250184362801162,1.3639177271985121,1.7628374099731445,1.3639177271985121,1.015533447265625,1.2539071798324586,1.3004477620124817,1.360206961631775,1.4233579635620117,1.4806864261627197,0.08820050328885272,0.17845165230177198,0.40303781628608704,0.17845165230177198,0.035490117967128754,0.1209737315773964,0.13939126580953598,0.17102204263210297,0.21025511622428894,0.24978346228599552,0.050323678671849614,visual,43
16.352045937231352,16.482446670532227,16.352045937231352,0.1405038833618164,16.324590301513673,16.344507217407227,16.365642547607422,16.38675594329834,16.405982208251952,0.45411676672993784,0.9903878295816181,0.9998050928115845,0.9903878295816181,0.9586901664733887,0.9845353722572326,0.9881200194358826,0.9912444949150085,0.9935844242572784,0.9950838685035706,0.004509799182115746,-0.018444615784252827,0.23155538421574717,0.19096439579734578,0.2443273940589279,0.2554196298384341,0.04117603341873662,4.0,0.3398393274645259,0.8258432139621441,0.019594544509419068,0.38145135944916125,0.17035703972692098,0.399087471128218,0.5858879656981729,0.15908463707656514,20695.0,0.005750950364476198,0.5236619605474218,0.9309751521532703,0.34443657280668644,0.4860038864976182,0.5139961135023818,0.7684446157842528,0.8258432139621441,0.07204441775324277,0.0027769441041401188,0.039832729414532274,0.18007823124838396,0.09307716428467769,"[20695, 4, 4]",0.25,0.07473212652931975,0.32372963428497314,-0.01824251361197798,-0.3275049030780792,-0.135806667804718,-0.08179978653788567,-0.018769491463899612,0.0429321750998497,0.10037419497966772,0.09122505171404374,2.0524601197180274,3.052841901779175,2.0524601197180274,0.024274364113807678,1.7564507484436036,1.8850997686386108,2.0426886081695557,2.212023973464966,2.3657158851623534,0.24101522159088581,0.1282830624328971,0.19080324470996857,0.1282830624328971,0.0015171694103628397,0.10978122949600219,0.11782171204686165,0.12767024338245392,0.1382579728960991,0.1478620409965515,0.01506443892025102,Toys,0.1427568942308426,1,0.10844966024160385,0.060886656633845106,0.303387314081192,0.01960046193705893,-0.21132563054561615,-0.07439248263835907,-0.031232913956046104,0.0181244146078825,0.07005263864994049,0.11705254614353189,0.07336447855854489,1.1590401292135244,1.4620881080627441,1.1590401292135244,0.8877236843109131,1.0709467887878419,1.1098398566246033,1.154949426651001,1.203855037689209,1.2529780387878418,0.07142752700917475,0.13687265010563668,0.29422247409820557,0.13687265010563668,0.019749576225876808,0.10017541646957398,0.11472244560718536,0.13408644497394562,0.15627748519182205,0.178380224108696,0.03198446940607064,text,44
15.97406301300331,16.47233772277832,15.97406301300331,0.13977287709712982,16.289770126342773,16.32230281829834,16.346921920776367,16.370332717895508,16.389484786987303,1.8485427509919592,0.9896257742472564,0.9993879199028015,0.9896257742472564,0.9595834016799927,0.9825581789016724,0.9869426190853119,0.9908645153045654,0.993379682302475,0.9948737382888794,0.005113478383359726,-0.018444615784252827,0.23155538421574717,0.19096439579734578,0.2443273940589279,0.2554196298384341,0.04117603341873662,4.0,0.3398393274645259,0.8258432139621441,0.019594544509419068,0.38145135944916125,0.17035703972692098,0.399087471128218,0.5858879656981729,0.15908463707656514,20695.0,0.005750950364476198,0.5236619605474218,0.9309751521532703,0.34443657280668644,0.4860038864976182,0.5139961135023818,0.7684446157842528,0.8258432139621441,0.07204441775324277,0.0027769441041401188,0.039832729414532274,0.18007823124838396,0.09307716428467769,"[20695, 4, 4]",0.25,0.07687901388295759,0.3563844561576843,0.00016951924070669102,-0.3175826370716095,-0.12306886315345764,-0.06670218706130981,-0.00013455678708851337,0.06513304635882378,0.12604580223560335,0.09561844503090437,2.0246602673554266,3.1963047981262207,2.0246602673554266,0.02312551997601986,1.7168785333633423,1.8774622678756714,2.043729782104492,2.2191672325134277,2.3789422988891604,0.33994365030180196,0.12654626831714055,0.1997775435447693,0.12654626831714055,0.0014453683979809284,0.10730862468481064,0.11734689399600029,0.12773744761943817,0.13870345056056976,0.1486915111541748,0.021247721603549895,Toys,0.1427568942308426,2,0.10844966024160385,0.059917460934956084,0.2945743203163147,0.016339328753092314,-0.22088712453842163,-0.07707917988300324,-0.03449512831866741,0.01403040811419487,0.0663943663239479,0.11386325359344485,0.07300930609636996,1.1594916838152622,1.463179588317871,1.1594916838152622,0.8984342217445374,1.0711916208267211,1.1101604104042053,1.1554679870605469,1.204350233078003,1.2540635585784912,0.07154531572213903,0.1418871618186284,0.3028177320957184,0.1418871618186284,0.03498367592692375,0.10238164365291595,0.1164681725203991,0.1368481069803238,0.16390415281057358,0.18977965712547304,0.03460991350317581,text,44
15.484856888899541,16.44976043701172,15.484856888899541,0.1405034214258194,16.081718063354494,16.232120513916016,16.284189224243164,16.319934844970703,16.34820098876953,3.146088659797538,0.9885093664339586,0.999697208404541,0.9885093664339586,0.9519615769386292,0.9796876788139344,0.9853684902191162,0.9901439547538757,0.9931821823120117,0.9948606252670288,0.006386013008495835,-0.018444615784252827,0.23155538421574717,0.19096439579734578,0.2443273940589279,0.2554196298384341,0.04117603341873662,4.0,0.3398393274645259,0.8258432139621441,0.019594544509419068,0.38145135944916125,0.17035703972692098,0.399087471128218,0.5858879656981729,0.15908463707656514,20695.0,0.005750950364476198,0.5236619605474218,0.9309751521532703,0.34443657280668644,0.4860038864976182,0.5139961135023818,0.7684446157842528,0.8258432139621441,0.07204441775324277,0.0027769441041401188,0.039832729414532274,0.18007823124838396,0.09307716428467769,"[20695, 4, 4]",0.25,0.07791181289389285,0.3408474326133728,-0.020292800094036324,-0.30454790592193604,-0.14261686205863952,-0.08626916632056236,-0.021312355995178223,0.04380771890282631,0.10260148048400886,0.09442090361040399,1.9802013136587784,3.1531763076782227,1.9802013136587784,0.02427618019282818,1.6965133905410767,1.8746290802955627,2.0510013103485107,2.2261639833450317,2.386332702636719,0.4691772778013403,0.12376835223486592,0.1970827281475067,0.12376835223486592,0.0015172830317169428,0.10603577643632889,0.11717100813984871,0.12819436192512512,0.1391415223479271,0.1491563320159912,0.029325303056612958,Toys,0.1427568942308426,3,0.10844966024160385,0.05935984365502563,0.2895722985267639,0.01405469960406851,-0.22485822439193726,-0.07875695526599884,-0.03690340183675289,0.011395525187253952,0.06336817145347595,0.11165755391120916,0.07276598629350213,1.15948559503447,1.4634068012237549,1.15948559503447,0.9021090865135193,1.0710647821426391,1.1101323366165161,1.155484676361084,1.2044095993041992,1.2535815477371217,0.07158601503927901,0.14836906374309064,0.3290458917617798,0.14836906374309064,0.024611392989754677,0.10249363780021667,0.11812008544802666,0.1422751396894455,0.17364434152841568,0.20520895123481755,0.04077331865559509,text,44
16.506568632190803,16.64959716796875,16.506568632190803,0.09349580109119415,16.499261093139648,16.51830768585205,16.538354873657227,16.557947158813477,16.574160766601562,0.7137764279291515,0.9863805641843432,0.9996598958969116,0.9863805641843432,0.9372396469116211,0.9771903038024903,0.9831320643424988,0.9879730939865112,0.9913757741451263,0.9934372901916504,0.007068876776747902,0.020090225599087408,0.2700902255990874,0.252023108017147,0.26286532171070576,0.29586738627403975,0.02557136521504616,4.0,0.29562499048987634,0.8497345470944457,0.02389460677678519,0.3394918302006848,0.14318998583721904,0.3150771299609688,0.5886815101226163,0.17314893243938645,20695.0,0.14837314576431393,0.5711774159768378,0.9036545726931101,0.26965638352317106,0.5541095566045694,0.4458904433954306,0.7299097744009126,0.8497345470944457,0.07810972169662704,0.022156752017932983,0.06137720245169476,0.1528200259432197,0.06290011887385677,"[20695, 4, 4]",0.25,0.09278588889241642,0.36093103885650635,-0.04654228453545562,-0.3853912949562073,-0.1811612844467163,-0.11766262352466583,-0.04917507618665695,0.02089384850114584,0.08798685222864165,0.10623895968822335,2.397659165186006,4.638175964355469,2.397659165186006,0.01287806872278452,1.9322049617767334,2.1059000492095947,2.3362233638763428,2.63118314743042,2.9616261959075945,0.42111046303256694,0.14985891604491106,0.2898869216442108,0.14985891604491106,0.0008048928575590253,0.12076573669910431,0.1316244751214981,0.14601793885231018,0.16445410251617432,0.1851083457469941,0.026320865915755866,Toys,0.15445557236671448,1,0.12452366203069687,0.0770101323511551,0.3162425458431244,0.024594646301695423,-0.2376379668712616,-0.09514368921518325,-0.041766347363591194,0.0239616297185421,0.09005773067474365,0.1452044188976288,0.09134891728402829,1.361638819719173,1.7320197820663452,1.361638819719173,1.0170360803604126,1.238976502418518,1.2891783714294434,1.353089690208435,1.4290323853492737,1.4978481054306034,0.10056026812012939,0.1629335845477463,0.3614572286605835,0.1629335845477463,0.026071593165397644,0.11667408794164658,0.13400848954916,0.1578952819108963,0.18689554184675217,0.21712791025638584,0.04087878893321062,visual,44
16.25476564148229,16.63071632385254,16.25476564148229,0.09351538866758347,16.468940353393556,16.498143196105957,16.52096939086914,16.54083824157715,16.557856369018555,1.3495393740669794,0.9851851793814754,0.9988151788711548,0.9851851793814754,0.9413813352584839,0.9742565035820008,0.9812861084938049,0.9872592687606812,0.991028904914856,0.9931487083435059,0.007977927097770631,0.020090225599087408,0.2700902255990874,0.252023108017147,0.26286532171070576,0.29586738627403975,0.02557136521504616,4.0,0.29562499048987634,0.8497345470944457,0.02389460677678519,0.3394918302006848,0.14318998583721904,0.3150771299609688,0.5886815101226163,0.17314893243938645,20695.0,0.14837314576431393,0.5711774159768378,0.9036545726931101,0.26965638352317106,0.5541095566045694,0.4458904433954306,0.7299097744009126,0.8497345470944457,0.07810972169662704,0.022156752017932983,0.06137720245169476,0.1528200259432197,0.06290011887385677,"[20695, 4, 4]",0.25,0.09326878267412478,0.3733731508255005,-0.027197662115351982,-0.39009785652160645,-0.1697865217924118,-0.10356645658612251,-0.03115757927298546,0.04499614052474499,0.11998733878135683,0.11358428842335093,2.4066519633969676,4.98745584487915,2.4066519633969676,0.012889305129647255,1.901223063468933,2.0969005823135376,2.352220296859741,2.6760727167129517,3.0302998542785646,0.49172376013231883,0.15042199570784967,0.3117300868034363,0.15042199570784967,0.0008055950165726244,0.11882933974266052,0.1310614049434662,0.14702244102954865,0.16726341843605042,0.18939959704875947,0.030734445555312476,Toys,0.15445557236671448,2,0.12452366203069687,0.07713868204989376,0.31531593203544617,0.021943994508435177,-0.25470641255378723,-0.0976583570241928,-0.04650203138589859,0.020582938566803932,0.0884370505809784,0.14334870874881747,0.09178570100066619,1.3632741607425005,1.7325977087020874,1.3632741607425005,0.9527323246002197,1.2400892734527589,1.2905572652816772,1.3545429706573486,1.4314406514167786,1.5001140832901,0.10097446036925409,0.1696280547939052,0.3478281497955322,0.1696280547939052,0.048664405941963196,0.11948113590478897,0.13656657934188843,0.16245700418949127,0.19703085720539093,0.231097647547722,0.044101320828565896,visual,44
15.678932320710526,16.591642379760742,15.678932320710526,0.09351477771997452,16.261795425415038,16.403024673461914,16.45452117919922,16.488213539123535,16.513011169433593,3.037924683051672,0.98354240909352,0.9994481801986694,0.98354240909352,0.9291033148765564,0.9701035022735596,0.9789794087409973,0.9862212538719177,0.9907642006874084,0.9931118488311768,0.009794827897522042,0.020090225599087408,0.2700902255990874,0.252023108017147,0.26286532171070576,0.29586738627403975,0.02557136521504616,4.0,0.29562499048987634,0.8497345470944457,0.02389460677678519,0.3394918302006848,0.14318998583721904,0.3150771299609688,0.5886815101226163,0.17314893243938645,20695.0,0.14837314576431393,0.5711774159768378,0.9036545726931101,0.26965638352317106,0.5541095566045694,0.4458904433954306,0.7299097744009126,0.8497345470944457,0.07810972169662704,0.022156752017932983,0.06137720245169476,0.1528200259432197,0.06290011887385677,"[20695, 4, 4]",0.25,0.10488294899351935,0.3524114489555359,-0.06763968440694709,-0.3827957510948181,-0.20480254888534546,-0.14142724871635437,-0.07135379314422607,0.0010993429459631443,0.07289837598800669,0.10971858216121913,2.383112740978701,4.657932281494141,2.383112740978701,0.012892037630081177,1.8765596151351929,2.1195448637008667,2.391685724258423,2.726368546485901,3.0956495285034182,0.6521736564553676,0.14895193368715082,0.2911233603954315,0.14895193368715082,0.0008057657978497446,0.11728862673044205,0.13248023390769958,0.14948564767837524,0.17040587216615677,0.1934888005256653,0.04076336686420532,Toys,0.15445557236671448,3,0.12452366203069687,0.07701645746180667,0.31499892473220825,0.01958768271549044,-0.2604416608810425,-0.09983051866292954,-0.049426838755607605,0.017619995400309563,0.0865478478372097,0.1416823148727418,0.09200480644511021,1.3643945457279236,1.733160376548767,1.3643945457279236,1.0242356061935425,1.2408862590789795,1.291590690612793,1.3561476469039917,1.4326894879341125,1.5011027574539184,0.10104504972592591,0.17770051210092647,0.3799063563346863,0.17770051210092647,0.03321142867207527,0.11958666741847992,0.13838817924261093,0.16886721551418304,0.20914053171873093,0.24964406788349153,0.05141155079778397,visual,44
16.49920427552065,16.63056182861328,16.49920427552065,15.758959770202637,16.44977149963379,16.47499370574951,16.500798225402832,16.52608871459961,16.54843635559082,0.04079308280765994,0.9824954787594549,0.999773383140564,0.9824954787594549,0.9009787440299988,0.9698348760604858,0.9782233685255051,0.9847226142883301,0.9896154552698135,0.9926623821258544,0.010464076957613313,-0.015079610161342183,0.23492038983865782,0.1952353714463243,0.24706620884018093,0.2585372074050641,0.041003812301746864,4.0,0.5296180347029107,0.9012188709974472,0.016013471095040425,0.5070432796632494,0.27830609005606155,0.5438163538562341,0.7048031597891506,0.15768590949123729,17074.0,0.0026791064673939297,0.3587245837481613,0.7977882387766497,0.29724227550003834,0.3716008362945365,0.6283991637054636,0.7650796101613422,0.9012188709974472,0.07091427811673243,0.0029106666996039964,0.0382148864937335,0.17612057623993624,0.09239458915012866,"[17074, 4, 4]",0.25,0.06912472925942525,0.2900228202342987,-0.021807563800831486,-0.32116368412971497,-0.12825847119092942,-0.07922245189547539,-0.023080612532794476,0.03534055221825838,0.08570455312728884,0.08282812481427622,2.6080705242259197,4.784609794616699,2.6080705242259197,1.5283231735229492,2.0745554685592653,2.26468688249588,2.5340464115142822,2.8771857023239136,3.2582584142684943,0.4638274106817396,0.16301163871099159,0.2990383803844452,0.16301163871099159,0.09552162140607834,0.1296647384762764,0.1415465585887432,0.15838385373353958,0.17982659861445427,0.20364796072244648,0.02899108398517474,Grocery,0.15807834267616272,1,0.11987654864788055,0.07925220487967376,0.3011787533760071,0.04602933793799955,-0.27338364720344543,-0.06531978547573089,-0.011311267269775271,0.05040405131876469,0.1063260231167078,0.1542044118046761,0.08548964134261745,1.396564048291984,1.8837376832962036,1.396564048291984,1.052716612815857,1.2535515069961547,1.3061585426330566,1.3772238492965698,1.467381626367569,1.5761806130409242,0.12599493499360773,0.1852121104565815,0.49506399035453796,0.1852121104565815,0.02131897583603859,0.12315417379140854,0.14668308943510056,0.17929686605930328,0.21592100337147713,0.2559771150350571,0.055258141204359776,text,42
16.25482428078247,16.60808563232422,16.25482428078247,0.18792520463466644,16.38531608581543,16.43151330947876,16.469529151916504,16.5009708404541,16.524812126159667,1.352974982389525,0.9810969182509958,0.9993465542793274,0.9810969182509958,0.9260468482971191,0.9667974531650543,0.9748180657625198,0.9833893477916718,0.9890183806419373,0.9922321856021881,0.010260505393289003,-0.015079610161342183,0.23492038983865782,0.1952353714463243,0.24706620884018093,0.2585372074050641,0.041003812301746864,4.0,0.5296180347029107,0.9012188709974472,0.016013471095040425,0.5070432796632494,0.27830609005606155,0.5438163538562341,0.7048031597891506,0.15768590949123729,17074.0,0.0026791064673939297,0.3587245837481613,0.7977882387766497,0.29724227550003834,0.3716008362945365,0.6283991637054636,0.7650796101613422,0.9012188709974472,0.07091427811673243,0.0029106666996039964,0.0382148864937335,0.17612057623993624,0.09239458915012866,"[17074, 4, 4]",0.25,0.0700926171530614,0.39896273612976074,-0.017351017139580243,-0.3290400207042694,-0.1276724636554718,-0.07600189372897148,-0.018286434933543205,0.041182102635502815,0.09392295330762863,0.0855269594409932,2.639836013867807,5.063648700714111,2.639836013867807,0.06919685006141663,2.0693934202194213,2.288861334323883,2.5710710287094116,2.9331793785095215,3.362174367904663,0.5633236421248727,0.16499891175216033,0.3164803981781006,0.16499891175216033,0.004324869252741337,0.12934214770793914,0.14306017011404037,0.16069874912500381,0.18332625553011894,0.21014519184827804,0.035210367222944704,Grocery,0.15807834267616272,2,0.11987654864788055,0.07451719743458686,0.28310421109199524,0.03878800443962065,-0.2760061025619507,-0.06946332529187202,-0.017072852700948715,0.04218634031713009,0.09758160263299942,0.1436519727110863,0.08265404473447695,1.396669683473736,1.883806586265564,1.396669683473736,1.0238760709762573,1.254053497314453,1.3059739768505096,1.3775879740715027,1.4674557149410248,1.5767373085021972,0.12593180578906923,0.1929426296988625,0.4184696674346924,0.1929426296988625,0.0362706184387207,0.12657747715711595,0.15100150555372238,0.1869269236922264,0.2316112443804741,0.26884096264839175,0.0549270856632793,text,42
16.115805323375003,16.592578887939453,16.115805323375003,0.516487181186676,16.316086196899413,16.383184909820557,16.43216609954834,16.470147132873535,16.498070907592773,1.6402237672399858,0.9775503101415345,0.999632716178894,0.9775503101415345,0.9093483686447144,0.9572762787342072,0.9694494009017944,0.981124609708786,0.9883065223693848,0.9921657502651214,0.013829325109510694,-0.015079610161342183,0.23492038983865782,0.1952353714463243,0.24706620884018093,0.2585372074050641,0.041003812301746864,4.0,0.5296180347029107,0.9012188709974472,0.016013471095040425,0.5070432796632494,0.27830609005606155,0.5438163538562341,0.7048031597891506,0.15768590949123729,17074.0,0.0026791064673939297,0.3587245837481613,0.7977882387766497,0.29724227550003834,0.3716008362945365,0.6283991637054636,0.7650796101613422,0.9012188709974472,0.07091427811673243,0.0029106666996039964,0.0382148864937335,0.17612057623993624,0.09239458915012866,"[17074, 4, 4]",0.25,0.07125480254184274,0.29599931836128235,-0.03359833706947441,-0.3867555856704712,-0.13977478593587875,-0.08802861161530018,-0.03297002054750919,0.0221344199962914,0.07171634808182717,0.08328898449366419,2.669206926920968,5.118368625640869,2.669206926920968,0.07482398301362991,2.0865569829940798,2.317848026752472,2.597908854484558,2.976079285144806,3.42908616065979,0.6066556446136832,0.16683738044610047,0.3199378550052643,0.16683738044610047,0.004676565527915955,0.13041620701551437,0.14487794414162636,0.1623845174908638,0.186012364923954,0.2143378183245659,0.03792012827983369,Grocery,0.15807834267616272,3,0.11987654864788055,0.07202064524646017,0.28059467673301697,0.03440966719515051,-0.2698400914669037,-0.07264778316020966,-0.020441490225493908,0.038047024980187416,0.091715132817626,0.1376867547631264,0.081339558014932,1.3966408592484183,1.8838142156600952,1.3966408592484183,1.0413618087768555,1.2540863037109375,1.3057826459407806,1.377163589000702,1.4671821594238281,1.5774100065231325,0.12601645034422285,0.20871035848794722,0.4764474332332611,0.20871035848794722,0.027155742049217224,0.12716602832078933,0.1557019278407097,0.19882717728614807,0.256699837744236,0.3061978846788406,0.06835747722600995,text,42
16.59304292487015,16.757646560668945,16.59304292487015,0.10348639637231827,16.577152252197266,16.60039758682251,16.624290466308594,16.647515773773193,16.667982482910155,0.7042708165802939,0.978122874251347,0.9996616840362549,0.978122874251347,0.8555663824081421,0.9602869033813477,0.9730056971311569,0.981715589761734,0.9875344336032867,0.9912191390991211,0.01414675704361949,0.026785528668648306,0.2767855286686483,0.2500050272015129,0.2556652744037251,0.33386987957637765,0.05197094645959054,4.0,0.33777700798324944,0.7572540546713722,0.033983936699813415,0.3605416933004755,0.16479084805021732,0.3305047492585364,0.611437984477648,0.17060606276947843,17074.0,0.007212406498647839,0.3898697452374863,0.9293505766238735,0.33785478455810125,0.41947704668812275,0.5805229533118772,0.7232144713313517,0.7572540546713722,0.106468316782465,0.004077333600175356,0.056818435712914034,0.28999482183220143,0.13118140169667936,"[17074, 4, 4]",0.25,0.12747143101011724,0.4229031503200531,-0.08323873397756747,-0.46150216460227966,-0.23821689188480377,-0.17380140349268913,-0.0942983590066433,-0.002635235316120088,0.0887483887374401,0.12879178995148774,2.8517896323432628,5.384164333343506,2.8517896323432628,0.024137450382113457,2.2975834369659425,2.4945884943008423,2.7786011695861816,3.1349868178367615,3.5223763227462768,0.5065841220163725,0.17824707346112195,0.33651968836784363,0.17824707346112195,0.0015086362836882472,0.1436040595173836,0.1559152565896511,0.17366965115070343,0.19594509527087212,0.2201635792851448,0.03166537036684769,Grocery,0.17241279780864716,1,0.12888765335083008,0.09100083563262652,0.3396337628364563,-0.01635566174434861,-0.3467012345790863,-0.16241711974143982,-0.09345409460365772,-0.017028569243848324,0.06487652286887169,0.12873033583164217,0.11011506048210841,1.4295428276229578,1.7416514158248901,1.4295428276229578,1.0532140731811523,1.3106123208999634,1.3633627891540527,1.4278125762939453,1.4934497475624084,1.5526426076889037,0.0928743679032511,0.20387882217090664,0.6038738489151001,0.20387882217090664,0.02601681649684906,0.13473654091358186,0.1604747660458088,0.1949830949306488,0.2368493787944317,0.28787356317043306,0.06271593939774042,visual,42
16.38581069685668,16.74348258972168,16.38581069685668,0.10350193828344345,16.55050582885742,16.580356121063232,16.606351852416992,16.630952835083008,16.651475524902345,1.3805383023433917,0.9759412685161984,0.9990168809890747,0.9759412685161984,0.8898189663887024,0.9573338508605957,0.9683559089899063,0.9791728258132935,0.9863168746232986,0.9905405700206756,0.013960591353460271,0.026785528668648306,0.2767855286686483,0.2500050272015129,0.2556652744037251,0.33386987957637765,0.05197094645959054,4.0,0.33777700798324944,0.7572540546713722,0.033983936699813415,0.3605416933004755,0.16479084805021732,0.3305047492585364,0.611437984477648,0.17060606276947843,17074.0,0.007212406498647839,0.3898697452374863,0.9293505766238735,0.33785478455810125,0.41947704668812275,0.5805229533118772,0.7232144713313517,0.7572540546713722,0.106468316782465,0.004077333600175356,0.056818435712914034,0.28999482183220143,0.13118140169667936,"[17074, 4, 4]",0.25,0.1297673088931388,0.4571816921234131,-0.05809950766596576,-0.49045509099960327,-0.2383249893784523,-0.163099966943264,-0.06888319924473763,0.04059450142085552,0.14228667914867402,0.14590118495860482,2.872995051813448,5.046515941619873,2.872995051813448,0.024149790406227112,2.2939443588256836,2.5268858075141907,2.8242820501327515,3.1923534870147705,3.58247389793396,0.5536557684367301,0.17957580507342868,0.31543901562690735,0.17957580507342868,0.0015094074187800288,0.14338000416755675,0.15793446823954582,0.17653144150972366,0.19954028353095055,0.22392560243606568,0.03460724605925758,Grocery,0.17241279780864716,2,0.12888765335083008,0.0914697892414551,0.33966901898384094,-0.028024758923469558,-0.34856027364730835,-0.17092210203409194,-0.10425985045731068,-0.03017028048634529,0.051188889890909195,0.1171052418649197,0.10826567035867696,1.4337381253033594,1.7417376041412354,1.4337381253033594,1.0752300024032593,1.3145376205444337,1.3675246238708496,1.4328213334083557,1.4981813430786133,1.5565295815467834,0.09324163885585565,0.214541975456575,0.4880591332912445,0.214541975456575,0.04468895122408867,0.1398527815937996,0.16779152676463127,0.2072795405983925,0.2571457624435425,0.2984502285718918,0.06225650104030917,visual,42
15.966073035383072,16.702085494995117,15.966073035383072,0.10266643762588501,16.417825317382814,16.493675708770752,16.542293548583984,16.579346656799316,16.608197021484376,2.880298323397227,0.9714801668094446,0.9994388818740845,0.9714801668094446,0.8624237775802612,0.9452940106391907,0.961170107126236,0.9762796759605408,0.9852482080459595,0.9903046905994415,0.018126702124427737,0.026785528668648306,0.2767855286686483,0.2500050272015129,0.2556652744037251,0.33386987957637765,0.05197094645959054,4.0,0.33777700798324944,0.7572540546713722,0.033983936699813415,0.3605416933004755,0.16479084805021732,0.3305047492585364,0.611437984477648,0.17060606276947843,17074.0,0.007212406498647839,0.3898697452374863,0.9293505766238735,0.33785478455810125,0.41947704668812275,0.5805229533118772,0.7232144713313517,0.7572540546713722,0.106468316782465,0.004077333600175356,0.056818435712914034,0.28999482183220143,0.13118140169667936,"[17074, 4, 4]",0.25,0.16249507151029888,0.374190092086792,-0.13971856035349914,-0.5108077526092529,-0.2909830540418625,-0.22323418408632278,-0.1527225524187088,-0.06736374832689762,0.027533091232180628,0.12558251432037756,2.911085298738822,5.171946048736572,2.911085298738822,0.02224084734916687,2.3216477155685427,2.594648778438568,2.9268767833709717,3.30967915058136,3.72070586681366,0.7324079960105789,0.1819611143213029,0.32326120138168335,0.1819611143213029,0.001390073448419571,0.1451112911105156,0.16217272356152534,0.18294519931077957,0.20686623454093933,0.23256573379039763,0.045781255225723266,Grocery,0.17241279780864716,3,0.12888765335083008,0.09222976092974457,0.33968913555145264,-0.033696967373718606,-0.3448144793510437,-0.17530541718006135,-0.10956347547471523,-0.03662472777068615,0.04404411278665066,0.11117367669939995,0.10742238417368005,1.4351090013289656,1.7417399883270264,1.4351090013289656,1.0542446374893188,1.3153409481048584,1.3688425123691559,1.43450266122818,1.4991678595542908,1.5571040034294128,0.09306956997070738,0.2320707610180922,0.5197344422340393,0.2320707610180922,0.03351154923439026,0.1414225086569786,0.17416475340723991,0.22117313742637634,0.28486349433660507,0.34071359634399423,0.07590955341110515,visual,42
16.534271443436154,16.68869400024414,16.534271443436154,15.726400375366211,16.47401580810547,16.505369186401367,16.537026405334473,16.56663942337036,16.5915864944458,0.047949904390718126,0.9805712106217541,0.9997813701629639,0.9805712106217541,0.9052414894104004,0.9664206027984619,0.9755963385105133,0.9827931821346283,0.9883060306310654,0.9915895581245422,0.010767639214082317,-0.01860410145271743,0.23139589854728257,0.184853461291641,0.24501323640129158,0.2588027731612456,0.04511404484673128,4.0,0.5080711817318506,0.9346377065135973,0.019708182708748898,0.49566714034490245,0.27208516953102113,0.5276846071148682,0.6958655716678991,0.15905898364601637,17074.0,0.008975860897892676,0.44588276149281414,0.8371401181595687,0.3033163415986539,0.4265665247817467,0.5734334752182533,0.7686041014527174,0.9346377065135973,0.09078364290879226,0.005599811072482675,0.054417309864917954,0.22413405634239705,0.10492197201946235,"[17074, 4, 4]",0.25,0.08125470613773056,0.40938693284988403,-0.03813152413044276,-0.341892808675766,-0.15483744591474533,-0.1035772766917944,-0.041774382814764977,0.023800527211278677,0.08275474235415461,0.09254094739670823,2.742968490674762,4.952895164489746,2.742968490674762,1.7446033954620361,2.2219691276550293,2.4060532450675964,2.673245906829834,3.011914372444153,3.3676106452941896,0.452796558484595,0.1714430938281631,0.3095563054084778,0.1714430938281631,0.1090402752161026,0.13887688368558884,0.1503870151937008,0.16708660125732422,0.18825073167681694,0.21048524528741838,0.028301684070720454,Grocery,0.17283037304878235,1,0.12590397894382477,0.07190835889285684,0.3183392882347107,0.045067851015333366,-0.2457125037908554,-0.05456488132476806,-0.005188681883737445,0.048181818798184395,0.09778824634850025,0.1399191349744797,0.07521616897428499,1.4845709522490733,2.052889585494995,1.4845709522490733,1.1148791313171387,1.322561299800873,1.3856391310691833,1.468730628490448,1.567840576171875,1.6715389370918274,0.13619815938171395,0.19618639868486765,0.46980226039886475,0.19618639868486765,0.021003859117627144,0.131572487950325,0.15591738745570183,0.19036470353603363,0.2291066274046898,0.27075831294059755,0.05639924698839251,text,43
16.28744133716761,16.677459716796875,16.28744133716761,0.24930498003959656,16.409304046630858,16.45842695236206,16.502881050109863,16.538743019104004,16.567777824401855,1.351337784579916,0.9789617076451569,0.999322772026062,0.9789617076451569,0.9197919964790344,0.9636811733245849,0.9720824509859085,0.9813408553600311,0.9875718504190445,0.9911200344562531,0.011050153104968838,-0.01860410145271743,0.23139589854728257,0.184853461291641,0.24501323640129158,0.2588027731612456,0.04511404484673128,4.0,0.5080711817318506,0.9346377065135973,0.019708182708748898,0.49566714034490245,0.27208516953102113,0.5276846071148682,0.6958655716678991,0.15905898364601637,17074.0,0.008975860897892676,0.44588276149281414,0.8371401181595687,0.3033163415986539,0.4265665247817467,0.5734334752182533,0.7686041014527174,0.9346377065135973,0.09078364290879226,0.005599811072482675,0.054417309864917954,0.22413405634239705,0.10492197201946235,"[17074, 4, 4]",0.25,0.08464818766611544,0.3915788233280182,-0.009824650853472911,-0.35857492685317993,-0.14062480479478837,-0.08317883498966694,-0.013731096871197224,0.05863964278250933,0.13091354668140415,0.10497726484185083,2.7693442291324537,5.350379943847656,2.7693442291324537,0.10450316965579987,2.2008954524993896,2.415136694908142,2.700443148612976,3.0704182386398315,3.504998564720154,0.5643203490276042,0.17309359297193097,0.3344258666038513,0.17309359297193097,0.0065315659157931805,0.13756105303764343,0.150950625538826,0.1687852218747139,0.19191113114356995,0.21907149404287338,0.03527268251710052,Grocery,0.17283037304878235,2,0.12590397894382477,0.06630357001423808,0.2742674648761749,0.037302331994894224,-0.23496785759925842,-0.05726990252733229,-0.011050039902329445,0.03951086848974228,0.08797577954828739,0.12832221388816836,0.07227849585576246,1.483325453906033,2.0530214309692383,1.483325453906033,1.115498661994934,1.3221963047981262,1.3851650655269623,1.467160403728485,1.5656207501888275,1.6699143171310427,0.13578110983986974,0.20439268853761935,0.46194103360176086,0.20439268853761935,0.03700074926018715,0.13516712337732315,0.16040072217583656,0.19799745082855225,0.24450362101197243,0.2815128356218338,0.057196771271660424,text,43
16.19100623816702,16.65300750732422,16.19100623816702,0.6113758683204651,16.351117515563963,16.418956756591797,16.46976089477539,16.511569499969482,16.54261417388916,1.490371798297628,0.9750529777058341,0.9996456503868103,0.9750529777058341,0.9013696908950806,0.9534152507781982,0.9657659083604813,0.9787871837615967,0.9867009967565536,0.9909924864768982,0.014812772572658194,-0.01860410145271743,0.23139589854728257,0.184853461291641,0.24501323640129158,0.2588027731612456,0.04511404484673128,4.0,0.5080711817318506,0.9346377065135973,0.019708182708748898,0.49566714034490245,0.27208516953102113,0.5276846071148682,0.6958655716678991,0.15905898364601637,17074.0,0.008975860897892676,0.44588276149281414,0.8371401181595687,0.3033163415986539,0.4265665247817467,0.5734334752182533,0.7686041014527174,0.9346377065135973,0.09078364290879226,0.005599811072482675,0.054417309864917954,0.22413405634239705,0.10492197201946235,"[17074, 4, 4]",0.25,0.09405281320739688,0.3394508957862854,-0.05827804988234891,-0.38070574402809143,-0.18162815868854523,-0.12674788758158684,-0.06312685832381248,0.008323108311742544,0.07062055319547654,0.09934819419201733,2.8147838079390524,5.358752727508545,2.8147838079390524,0.10267245024442673,2.218748760223389,2.4583021998405457,2.7588753700256348,3.1342892050743103,3.563399720191956,0.5935238968738967,0.17593666800857222,0.33496665954589844,0.17593666800857222,0.006417128723114729,0.13868554979562758,0.15365030243992805,0.17244358360767365,0.1959012970328331,0.22273015528917314,0.03709995310205565,Grocery,0.17283037304878235,3,0.12590397894382477,0.06322538886808281,0.27375075221061707,0.032294878559647154,-0.22916968166828156,-0.060345285758376103,-0.015455552143976092,0.034252673387527466,0.08166255243122578,0.12156182751059533,0.0709062080396681,1.483902408958836,2.0530169010162354,1.483902408958836,1.118704080581665,1.3223743915557862,1.3857413530349731,1.4676498174667358,1.5661151707172394,1.6713111400604248,0.13573204942578246,0.2211498034437465,0.5200391411781311,0.2211498034437465,0.026732197031378746,0.13629568368196487,0.16586950048804283,0.21148664504289627,0.2715953215956688,0.32095506191253664,0.07105809172157715,text,43
16.585098295330415,16.775972366333008,16.585098295330415,0.08811023831367493,16.563542556762695,16.58830976486206,16.614813804626465,16.642560482025146,16.668338775634766,0.7061024656736135,0.9750337528933878,0.9996274709701538,0.9750337528933878,0.8197604417800903,0.9545543253421783,0.9691869616508484,0.9791702330112457,0.9858638942241669,0.9902585446834564,0.016577677413201788,0.027180318245699886,0.2771803182456999,0.2500316299412415,0.25759848894085735,0.3301002680789679,0.04913744646016985,4.0,0.32418912505975306,0.7469132254580249,0.035059122650092714,0.3524316465884614,0.15155215635451647,0.33335730942392117,0.6171718100442604,0.17200876980539906,17074.0,0.004841040416446705,0.4050106064709824,0.9316579853217132,0.3349202986673931,0.4227241003982718,0.5772758996017282,0.7228196817543001,0.7469132254580249,0.10602967340346146,0.004704061203418297,0.06093085658115645,0.2810653840211066,0.12648460768710212,"[17074, 4, 4]",0.25,0.10815961509887236,0.4002765417098999,-0.06832342393882938,-0.44824740290641785,-0.20920946598052978,-0.1460833102464676,-0.07213929668068886,0.004331403179094195,0.07920599579811097,0.11437229119966034,2.8662520535484424,4.706079483032227,2.8662520535484424,0.015612267889082432,2.3692474603652953,2.565828502178192,2.8229143619537354,3.1299878358840942,3.446959042549133,0.4307216304697718,0.17915144398627741,0.2941311299800873,0.17915144398627741,0.000975783565081656,0.14808420538902284,0.1603773571550846,0.17644060403108597,0.19563724845647812,0.21545125097036363,0.026923943369936826,Grocery,0.1794564574956894,1,0.13144248723983765,0.07369771848702288,0.3086240291595459,-0.004377218392589567,-0.2950465679168701,-0.12511418163776397,-0.06852297484874725,-0.0013374267145991325,0.059177652932703495,0.11267593279480934,0.0907469461878917,1.5012871287697662,1.8343454599380493,1.5012871287697662,1.1574126482009888,1.3682973504066467,1.4280559122562408,1.4988375902175903,1.574390172958374,1.6369526267051697,0.10218991402812594,0.21823388317710513,0.6644002795219421,0.21823388317710513,0.027324477210640907,0.1418011426925659,0.17087845876812935,0.20784661173820496,0.2536972537636757,0.30978589653968813,0.06916049170330402,visual,43
16.440655552335166,16.756444931030273,16.440655552335166,0.08809440582990646,16.535487937927247,16.568379402160645,16.596989631652832,16.62371826171875,16.64719161987305,1.1043459956297705,0.9727764453006262,0.9988797903060913,0.9727764453006262,0.878738522529602,0.951714563369751,0.9641361385583878,0.9762968420982361,0.9845015853643417,0.9893448829650879,0.015696874775738584,0.027180318245699886,0.2771803182456999,0.2500316299412415,0.25759848894085735,0.3301002680789679,0.04913744646016985,4.0,0.32418912505975306,0.7469132254580249,0.035059122650092714,0.3524316465884614,0.15155215635451647,0.33335730942392117,0.6171718100442604,0.17200876980539906,17074.0,0.004841040416446705,0.4050106064709824,0.9316579853217132,0.3349202986673931,0.4227241003982718,0.5772758996017282,0.7228196817543001,0.7469132254580249,0.10602967340346146,0.004704061203418297,0.06093085658115645,0.2810653840211066,0.12648460768710212,"[17074, 4, 4]",0.25,0.10907465283355651,0.39738282561302185,-0.04749808770034178,-0.43934759497642517,-0.20394708812236786,-0.1367870420217514,-0.05309082567691803,0.03612093813717365,0.11902286261320118,0.12499977934231218,2.889021512895955,4.720881938934326,2.889021512895955,0.01561599038541317,2.375913619995117,2.5979884266853333,2.8667911291122437,3.1818050742149353,3.4758921384811403,0.45892773333461956,0.18057804767516433,0.2950963079929352,0.18057804767516433,0.0009760161628946662,0.14850255250930786,0.1623917818069458,0.1791829988360405,0.19887486845254898,0.21726286560297012,0.028686969519313807,Grocery,0.1794564574956894,2,0.13144248723983765,0.07182380610785565,0.28626424074172974,-0.01446837469992909,-0.3025470972061157,-0.1294006183743477,-0.07717679440975189,-0.01291548740118742,0.046266358345746994,0.10003540441393859,0.08784427713889925,1.5058894629666688,1.835890531539917,1.5058894629666688,1.1341761350631714,1.3741086721420288,1.4328962564468384,1.5045808553695679,1.5789881944656372,1.6404627203941344,0.10171713532512977,0.22916871930693028,0.5165184140205383,0.22916871930693028,0.04738153517246246,0.14819845855236055,0.17862356826663017,0.22171585261821747,0.274911567568779,0.3198587566614151,0.06730676485282862,visual,43
15.952481643979588,16.731523513793945,15.952481643979588,0.08810234814882278,16.399191665649415,16.476181507110596,16.527606964111328,16.568328857421875,16.601635932922363,2.8856274012468632,0.9677906362013667,0.9993823170661926,0.9677906362013667,0.8472093343734741,0.9384791433811188,0.9561523199081421,0.973002016544342,0.9833415299654007,0.9891263246536255,0.020312734919550986,0.027180318245699886,0.2771803182456999,0.2500316299412415,0.25759848894085735,0.3301002680789679,0.04913744646016985,4.0,0.32418912505975306,0.7469132254580249,0.035059122650092714,0.3524316465884614,0.15155215635451647,0.33335730942392117,0.6171718100442604,0.17200876980539906,17074.0,0.004841040416446705,0.4050106064709824,0.9316579853217132,0.3349202986673931,0.4227241003982718,0.5772758996017282,0.7228196817543001,0.7469132254580249,0.10602967340346146,0.004704061203418297,0.06093085658115645,0.2810653840211066,0.12648460768710212,"[17074, 4, 4]",0.25,0.13475224249860016,0.35816988348960876,-0.11332465586751964,-0.46396374702453613,-0.24511782079935074,-0.18914036825299263,-0.12253140658140182,-0.04381173197180033,0.03193253614008432,0.11115817986831603,2.9008210991558676,4.527110576629639,2.9008210991558676,0.015369681641459465,2.401172065734863,2.6546324491500854,2.9557836055755615,3.2721261382102966,3.5742401361465457,0.6699624931337304,0.1813202340837559,0.28295841813087463,0.1813202340837559,0.0009606226230971515,0.15009427070617676,0.16591883078217506,0.18475762754678726,0.2045288011431694,0.22341789901256562,0.041878874165610584,Grocery,0.1794564574956894,3,0.13144248723983765,0.07142821618593113,0.2745104730129242,-0.019945535456167,-0.3008185029029846,-0.13224174827337262,-0.08132661692798138,-0.01898910477757454,0.03923628572374582,0.09298235774040223,0.08643118381849922,1.5076765309414009,1.8358967304229736,1.5076765309414009,1.1568728685379028,1.3763246297836305,1.4349182546138763,1.5064188241958618,1.5804273188114166,1.6415773153305053,0.10119333914711193,0.24787603962271482,0.5780823230743408,0.24787603962271482,0.03520617261528969,0.14978634119033815,0.18504654243588448,0.2369346022605896,0.30458495020866394,0.36480500996112825,0.08177939122405702,visual,43
16.497996400247988,16.662708282470703,16.497996400247988,15.654247283935547,16.435726737976076,16.46659517288208,16.499784469604492,16.53135919570923,16.560555839538573,0.05134032931002078,0.9819577388920102,0.9998252391815186,0.9819577388920102,0.9142400026321411,0.9686610221862793,0.9770439565181732,0.9841452836990356,0.9893111139535904,0.9923684179782868,0.01022198263406331,-0.011094670128800915,0.23890532987119908,0.20515492731681206,0.24612310846885066,0.2629272362977645,0.037403961004773785,4.0,0.45210276714031544,0.8907698607292216,0.011802393836712352,0.4625035939951334,0.23591293673864266,0.48567909266773723,0.6289464090967367,0.1548647079240581,17074.0,0.016463839335772508,0.46131056636283696,0.8405209925178476,0.29733243237797763,0.43866709358890615,0.5613329064110939,0.7610946701288009,0.8907698607292216,0.07311721750761314,0.006315103421911773,0.04667493352216449,0.17138802399858838,0.08168512138045937,"[17074, 4, 4]",0.25,0.06253420630884074,0.28588616847991943,-0.008241996467543455,-0.2878761291503906,-0.10929702669382094,-0.06068495009094477,-0.007140302564948797,0.04530915152281523,0.09116905182600024,0.0777380060495909,2.6600256662982065,5.199602127075195,2.6600256662982065,1.615835428237915,2.0540529251098634,2.247612714767456,2.5476032495498657,2.9714486598968506,3.436181139945984,0.5470424562882511,0.16625898177234227,0.32497575879096985,0.16625898177234227,0.1009937971830368,0.1283814787864685,0.14047878235578537,0.15923257172107697,0.18572058156132698,0.21477070152759553,0.03419216873687385,Grocery,0.16150392591953278,1,0.1256597638130188,0.08070078368148953,0.29521888494491577,0.0651894452462657,-0.19813427329063416,-0.03022412173449992,0.01662544161081314,0.06618619337677956,0.11712745577096939,0.1579982802271843,0.07273087401442553,1.4205735168580471,1.9273823499679565,1.4205735168580471,1.067923903465271,1.26098313331604,1.31935715675354,1.4011027812957764,1.5085963308811188,1.6165884137153625,0.1347477829741825,0.1895006171848655,0.45052215456962585,0.1895006171848655,0.01877625100314617,0.12562039196491243,0.1493339017033577,0.18307256698608398,0.2230856865644455,0.26308208107948305,0.056116877477029675,text,44
16.277015525925783,16.651927947998047,16.277015525925783,0.2544229328632355,16.35047855377197,16.40897798538208,16.458505630493164,16.500147819519043,16.532951164245606,1.2016035699303587,0.9804928483701331,0.9994338750839233,0.9804928483701331,0.9215705394744873,0.9654237687587738,0.9741675108671188,0.9829443097114563,0.988729253411293,0.991969108581543,0.010678826359210905,-0.011094670128800915,0.23890532987119908,0.20515492731681206,0.24612310846885066,0.2629272362977645,0.037403961004773785,4.0,0.45210276714031544,0.8907698607292216,0.011802393836712352,0.4625035939951334,0.23591293673864266,0.48567909266773723,0.6289464090967367,0.1548647079240581,17074.0,0.016463839335772508,0.46131056636283696,0.8405209925178476,0.29733243237797763,0.43866709358890615,0.5613329064110939,0.7610946701288009,0.8907698607292216,0.07311721750761314,0.006315103421911773,0.04667493352216449,0.17138802399858838,0.08168512138045937,"[17074, 4, 4]",0.25,0.06253566861812004,0.3268979489803314,-0.004061026689559928,-0.2879028022289276,-0.10407272353768349,-0.05726264417171478,-0.00403700303286314,0.04973540920764208,0.09511609226465229,0.07795238391137382,2.7115211035282596,5.453812599182129,2.7115211035282596,0.10476851463317871,2.0404255867004393,2.2480663657188416,2.5782147645950317,3.0704652070999146,3.645848917961121,0.6663178851827102,0.16947919357619518,0.34088292717933655,0.16947919357619518,0.006548175122588873,0.1275317832827568,0.1405157446861267,0.1611417680978775,0.1919131949543953,0.22788016051054003,0.041647493125493214,Grocery,0.16150392591953278,2,0.1256597638130188,0.07431550613780316,0.28822916746139526,0.05705915195603006,-0.19588610529899597,-0.03461181670427322,0.010325802955776453,0.05740197002887726,0.10709410533308983,0.1473544389009476,0.07033407616277412,1.4227796995878583,1.927824854850769,1.4227796995878583,1.076299786567688,1.2622795462608338,1.320910632610321,1.4033276438713074,1.5115101635456085,1.6202324151992797,0.1354317201731941,0.19709380397142634,0.42940348386764526,0.19709380397142634,0.03382941707968712,0.12889994084835052,0.1530594676733017,0.18959572911262512,0.2362835668027401,0.2767094612121582,0.05758246914083839,text,44
16.11308734611338,16.61977767944336,16.11308734611338,0.5073310732841492,16.295412063598633,16.371484756469727,16.427400588989258,16.471508979797363,16.508827781677248,1.6361569712816069,0.9768957521347945,0.9997155666351318,0.9768957521347945,0.9087874889373779,0.9555276811122895,0.9683028608560562,0.9807175695896149,0.9879465252161026,0.9918702721595765,0.014217708215599452,-0.011094670128800915,0.23890532987119908,0.20515492731681206,0.24612310846885066,0.2629272362977645,0.037403961004773785,4.0,0.45210276714031544,0.8907698607292216,0.011802393836712352,0.4625035939951334,0.23591293673864266,0.48567909266773723,0.6289464090967367,0.1548647079240581,17074.0,0.016463839335772508,0.46131056636283696,0.8405209925178476,0.29733243237797763,0.43866709358890615,0.5613329064110939,0.7610946701288009,0.8907698607292216,0.07311721750761314,0.006315103421911773,0.04667493352216449,0.17138802399858838,0.08168512138045937,"[17074, 4, 4]",0.25,0.06331257664829146,0.255509614944458,-0.01599571235464888,-0.3111899495124817,-0.11690458729863167,-0.06640455313026905,-0.014074705075472593,0.03747111093252897,0.08322245627641679,0.07843837363352728,2.726838103183643,5.57628059387207,2.726838103183643,0.10942409187555313,2.040266251564026,2.2708001732826233,2.607494831085205,3.0966269969940186,3.673197960853577,0.7082099074859513,0.17043915914372265,0.34854868054389954,0.17043915914372265,0.006839115172624588,0.12752708196640014,0.1419392079114914,0.16297807544469833,0.19355348125100136,0.2295841842889786,0.044267306992144095,Grocery,0.16150392591953278,3,0.1256597638130188,0.07088630217936231,0.2857776880264282,0.05234679212276527,-0.19024893641471863,-0.0375233206897974,0.005743297748267651,0.05278988741338253,0.10136784613132477,0.14107676595449448,0.06911154334330798,1.4232567240569916,1.9278291463851929,1.4232567240569916,1.0809707641601562,1.2628095269203186,1.321275770664215,1.403349220752716,1.512073814868927,1.6207371592521669,0.13542398760244756,0.21309713826510307,0.4736044406890869,0.21309713826510307,0.02394877001643181,0.1297213315963745,0.15804319828748703,0.20198006182909012,0.2623008191585541,0.31578179597854616,0.07109339154545517,text,44
16.621405511138413,16.80316734313965,16.621405511138413,0.08857998996973038,16.599755477905273,16.62571620941162,16.65272331237793,16.679136276245117,16.702178764343262,0.7086463952182346,0.97751801127682,0.9996604323387146,0.97751801127682,0.839327871799469,0.9587479352951049,0.9722258299589157,0.9813753664493561,0.9875545799732208,0.9913139820098877,0.015178348508256232,0.02103974834086847,0.27103974834086847,0.25000000050574883,0.2524834827408995,0.3114331056363881,0.04933371127642082,4.0,0.3825804179327276,0.7071849501216272,0.028048258043232754,0.37204777589422583,0.17856573727338151,0.3123621312303436,0.7170282334694119,0.19214534175761522,17074.0,0.00014906040818678815,0.21044045700790054,0.8704859058253646,0.3304018292230403,0.32460453218889956,0.6753954678111005,0.7289602516591316,0.7071849501216272,0.08671283882689931,0.0002742669331789415,0.03611917139677034,0.25609320481620085,0.12922037435653305,"[17074, 4, 4]",0.25,0.11443046666237215,0.4416596591472626,-0.07039154764552608,-0.45636147260665894,-0.2216123476624489,-0.1515590101480484,-0.0767524242401123,0.004944680258631706,0.0862616524100304,0.12182426557568762,2.9311783629698884,5.0308003425598145,2.9311783629698884,0.014476015232503414,2.400448751449585,2.608945310115814,2.885817289352417,3.2104515433311462,3.537581849098206,0.45946800332391513,0.18320957675868688,0.3144260048866272,0.18320957675868688,0.0009047649800777435,0.15003248006105424,0.16306450963020325,0.18037626892328262,0.20066461339592934,0.22110774219036103,0.02872041931756026,Grocery,0.18014930188655853,1,0.1275172233581543,0.07930720853779508,0.332093209028244,-0.013015570571327599,-0.3190162181854248,-0.13684045821428298,-0.08411821722984314,-0.01581871509552002,0.055910881608724594,0.11319422796368606,0.09555536261951732,1.4170629295627504,1.8005143404006958,1.4170629295627504,1.0429259538650513,1.311057984828949,1.3611017763614655,1.4162843823432922,1.4726779460906982,1.5239633321762085,0.08366673126949094,0.20607102873058866,0.6318012475967407,0.20607102873058866,0.026062114164233208,0.13380037993192673,0.16025078296661377,0.19626208394765854,0.23999467864632607,0.29345807135105134,0.06612285979585422,visual,44
16.389606205760277,16.77353286743164,16.389606205760277,0.08857589215040207,16.56950283050537,16.60328197479248,16.632981300354004,16.659119129180908,16.682164001464844,1.5119654663572908,0.9756643811503268,0.9989916086196899,0.9756643811503268,0.8890081644058228,0.9563080072402954,0.967655748128891,0.9790739417076111,0.98638616502285,0.990647840499878,0.014266682807033826,0.02103974834086847,0.27103974834086847,0.25000000050574883,0.2524834827408995,0.3114331056363881,0.04933371127642082,4.0,0.3825804179327276,0.7071849501216272,0.028048258043232754,0.37204777589422583,0.17856573727338151,0.3123621312303436,0.7170282334694119,0.19214534175761522,17074.0,0.00014906040818678815,0.21044045700790054,0.8704859058253646,0.3304018292230403,0.32460453218889956,0.6753954678111005,0.7289602516591316,0.7071849501216272,0.08671283882689931,0.0002742669331789415,0.03611917139677034,0.25609320481620085,0.12922037435653305,"[17074, 4, 4]",0.25,0.11726047387583766,0.4172516167163849,-0.04726493809970641,-0.47520917654037476,-0.21995487362146376,-0.1407671757042408,-0.05386597290635109,0.04226147010922432,0.13438309580087665,0.13662801919568382,2.944126854867225,4.991804122924805,2.944126854867225,0.014147678390145302,2.391698718070984,2.6285626888275146,2.928775668144226,3.266505777835846,3.5948042631149293,0.5302722074814713,0.18402215518027673,0.311991810798645,0.18402215518027673,0.0008842580718919635,0.14949074387550354,0.16429828852415085,0.1830722615122795,0.20416629314422607,0.22468654215335845,0.03314557187356264,Grocery,0.18014930188655853,2,0.1275172233581543,0.0800523183443571,0.31650620698928833,-0.022745774296745423,-0.2897628843784332,-0.14269877970218656,-0.093161690980196,-0.0271761417388916,0.04535271506756544,0.10295886918902401,0.09417875132505117,1.4202234594984189,1.8005963563919067,1.4202234594984189,1.0766595602035522,1.3133376836776733,1.3639601469039917,1.4189732074737549,1.475663810968399,1.5279050827026368,0.08399048680294,0.21557790113930905,0.48308247327804565,0.21557790113930905,0.044909387826919556,0.13861209154129028,0.16739846765995026,0.20744717866182327,0.25935663282871246,0.3017714560031891,0.06381177402990647,visual,44
15.978007244834426,16.759963989257812,15.978007244834426,0.08816024661064148,16.419242668151856,16.505858421325684,16.559313774108887,16.602079391479492,16.635367012023927,2.902190131254265,0.9712707580979122,0.9994383454322815,0.9712707580979122,0.8657193779945374,0.9442036271095275,0.9607938379049301,0.9762372076511383,0.985340029001236,0.9904276311397553,0.01844193559837953,0.02103974834086847,0.27103974834086847,0.25000000050574883,0.2524834827408995,0.3114331056363881,0.04933371127642082,4.0,0.3825804179327276,0.7071849501216272,0.028048258043232754,0.37204777589422583,0.17856573727338151,0.3123621312303436,0.7170282334694119,0.19214534175761522,17074.0,0.00014906040818678815,0.21044045700790054,0.8704859058253646,0.3304018292230403,0.32460453218889956,0.6753954678111005,0.7289602516591316,0.7071849501216272,0.08671283882689931,0.0002742669331789415,0.03611917139677034,0.25609320481620085,0.12922037435653305,"[17074, 4, 4]",0.25,0.14401346342623952,0.4478016793727875,-0.11902541770746293,-0.4791974723339081,-0.2728475332260132,-0.20327776297926903,-0.12509510666131973,-0.04324505850672722,0.03967974446713925,0.12307821989808801,2.9568703192479506,4.7920122146606445,2.9568703192479506,0.014095515012741089,2.411283826828003,2.6825523376464844,3.0061196088790894,3.351141035556793,3.674608659744263,0.7032652018551024,0.18482300274339405,0.2995297908782959,0.18482300274339405,0.0008809877326712012,0.1507250875234604,0.16767769306898117,0.18791335821151733,0.20946471765637398,0.2296749696135521,0.04395915470551541,Grocery,0.18014930188655853,3,0.1275172233581543,0.08087398730055535,0.31650909781455994,-0.02808215504369716,-0.28804928064346313,-0.14658029824495314,-0.09801109507679939,-0.033379724249243736,0.03963299561291933,0.09670052751898767,0.09348516542946414,1.4215932811425052,1.8005963563919067,1.4215932811425052,1.0386630296707153,1.3145300626754761,1.3652631640434265,1.420476496219635,1.476860523223877,1.5287800908088685,0.08384242895333273,0.2327155421839374,0.5386708974838257,0.2327155421839374,0.03352599963545799,0.14007486552000045,0.17356917262077332,0.22123294323682785,0.2863722890615463,0.3444381594657898,0.07748077514990853,visual,44
16.611212613800024,16.87451934814453,16.611212613800024,0.14916442334651947,16.52982997894287,16.57828712463379,16.6266450881958,16.672202587127686,16.71135139465332,0.45426761286064615,0.9751763442802568,0.9999175071716309,0.9751763442802568,0.8928960561752319,0.9576721489429474,0.9688705205917358,0.976578027009964,0.9846267253160477,0.9897663295269012,0.01302845801714857,-0.01893013292981388,0.23106986707018612,0.17945321158185834,0.24259619618715078,0.25996320891681535,0.04282837433562717,4.0,0.4484656770161122,0.9555198504830111,0.016761870728232934,0.4605930267474417,0.23876014100425869,0.45405262753440745,0.6585750608584579,0.16400429236443398,97766.0,0.08058147406520631,0.5422256601898541,0.840578251565602,0.2693208406818261,0.507054173466899,0.49294582653310104,0.7689301329298139,0.9555198504830111,0.09829490534816442,0.014499057292899428,0.06276614745729603,0.23695019388226984,0.10236978505757785,"[97766, 4, 4]",0.25,0.13526947545738172,0.4894523620605469,-0.07787984573072838,-0.46302759647369385,-0.24235155433416367,-0.1834881491959095,-0.09499742835760117,0.008463865146040916,0.1256539449095726,0.13930836566247348,4.022263025184038,9.81839370727539,4.022263025184038,0.054141342639923096,2.6860421895980835,3.0853530764579773,3.6334882974624634,4.3758624792099,6.357929229736328,1.4279259231100665,0.25140115792840045,0.6136530041694641,0.25140115792840045,0.0033838774543255568,0.1678820699453354,0.19283957034349442,0.2270999550819397,0.27349910885095596,0.39739011228084564,0.08924838576093505,ele-fashion,0.19518731534481049,1,0.14443297684192657,0.15921735943926574,0.45104071497917175,0.15641935628919626,-0.39295274019241333,0.050657182931900024,0.10070881992578506,0.156562902033329,0.21588413789868355,0.2666577994823456,0.0839586220508664,1.7478566190930773,2.5703320503234863,1.7478566190930773,1.2710578441619873,1.5605055689811707,1.635945588350296,1.7322192788124084,1.8419527411460876,1.9580166339874268,0.15814302083503198,0.23208764973342225,0.5721975564956665,0.23208764973342225,0.012883514165878296,0.14993134140968323,0.18543779104948044,0.23100246489048004,0.2708531320095062,0.3207036256790161,0.0691355820350284,text,42
16.199704927269476,16.86823844909668,16.199704927269476,0.1463230699300766,16.512985229492188,16.56968069076538,16.61622905731201,16.65807056427002,16.694165229797363,2.120988889535191,0.9792022630826854,0.9997324347496033,0.9792022630826854,0.9299359917640686,0.9684507250785828,0.9737252593040466,0.9795727133750916,0.9853610098361969,0.9895541667938232,0.008282794432512492,-0.01893013292981388,0.23106986707018612,0.17945321158185834,0.24259619618715078,0.25996320891681535,0.04282837433562717,4.0,0.4484656770161122,0.9555198504830111,0.016761870728232934,0.4605930267474417,0.23876014100425869,0.45405262753440745,0.6585750608584579,0.16400429236443398,97766.0,0.08058147406520631,0.5422256601898541,0.840578251565602,0.2693208406818261,0.507054173466899,0.49294582653310104,0.7689301329298139,0.9555198504830111,0.09829490534816442,0.014499057292899428,0.06276614745729603,0.23695019388226984,0.10236978505757785,"[97766, 4, 4]",0.25,0.1285039074156642,0.4893888533115387,0.01639693782258545,-0.4654114246368408,-0.19913829863071442,-0.10028321295976639,0.027378493919968605,0.1306232437491417,0.2158471867442131,0.15337920901284072,3.949137018855522,9.865981101989746,3.949137018855522,0.04382452368736267,2.529802918434143,2.966542065143585,3.602121353149414,4.512937664985657,6.1847357749938965,1.585588721632175,0.24682985830935628,0.6166308522224426,0.24682985830935628,0.002739083720371127,0.15811827778816223,0.1854136623442173,0.2251412346959114,0.28206971287727356,0.38657666742801666,0.09910183974614983,ele-fashion,0.19518731534481049,2,0.14443297684192657,0.1534750730937032,0.4577583968639374,0.1506678064503223,-0.36839529871940613,0.047339387238025665,0.09677642211318016,0.15150070935487747,0.20733004808425903,0.25661414861679077,0.08156674561957103,1.7377079717413,2.571329116821289,1.7377079717413,1.255298376083374,1.5597649216651917,1.6317911446094513,1.7258947491645813,1.8293821215629578,1.9343613386154175,0.14884922364818154,0.21287477014583778,0.4309227168560028,0.21287477014583778,0.023213420063257217,0.15163861215114594,0.18046627938747406,0.21500778198242188,0.24575141817331314,0.2712128162384033,0.047195447570250904,text,42
16.13000581761444,16.822917938232422,16.13000581761444,0.1491938978433609,16.426426887512207,16.501996994018555,16.56316375732422,16.61233901977539,16.65841579437256,1.998981354931302,0.9738990962480953,0.9998610019683838,0.9738990962480953,0.9095843434333801,0.9580305814743042,0.9654118865728378,0.9743924140930176,0.9834908694028854,0.9893960058689117,0.012210653662523725,-0.01893013292981388,0.23106986707018612,0.17945321158185834,0.24259619618715078,0.25996320891681535,0.04282837433562717,4.0,0.4484656770161122,0.9555198504830111,0.016761870728232934,0.4605930267474417,0.23876014100425869,0.45405262753440745,0.6585750608584579,0.16400429236443398,97766.0,0.08058147406520631,0.5422256601898541,0.840578251565602,0.2693208406818261,0.507054173466899,0.49294582653310104,0.7689301329298139,0.9555198504830111,0.09829490534816442,0.014499057292899428,0.06276614745729603,0.23695019388226984,0.10236978505757785,"[97766, 4, 4]",0.25,0.14204518916539755,0.48938190937042236,-0.08362412951644921,-0.4790823757648468,-0.25280120968818665,-0.19424287974834442,-0.10187946259975433,0.005352127831429243,0.13066672533750534,0.1444647591046338,4.135126920837393,9.767006874084473,4.135126920837393,0.048834703862667084,2.6443299055099487,3.175234794616699,3.7964704036712646,4.633776545524597,6.6481664180755615,1.5965314552155478,0.25845776719555175,0.6104401350021362,0.25845776719555175,0.003052214626222849,0.16527453809976578,0.19845961779356003,0.23729875683784485,0.28962818533182144,0.41552504897117615,0.0997867717491394,ele-fashion,0.19518731534481049,3,0.14443297684192657,0.15858791029602098,0.46330055594444275,0.15615163004072294,-0.33615100383758545,0.05153660103678703,0.10102178156375885,0.15640327334403992,0.2143743820488453,0.26603834331035614,0.08229285208181882,1.7505039923493417,2.5718941688537598,1.7505039923493417,1.2721507549285889,1.5632044076919556,1.6376076638698578,1.7342380285263062,1.8436623215675354,1.9626349806785583,0.15930683197453563,0.23895946051963524,0.47890570759773254,0.23895946051963524,0.016713235527276993,0.15315396338701248,0.19307173416018486,0.24345427751541138,0.2859404683113098,0.31845423579216003,0.06449593812154031,text,42
16.313006293669122,16.612077713012695,16.313006293669122,0.126107320189476,16.313064575195312,16.342028617858887,16.375542640686035,16.406967163085938,16.43399143218994,1.0005118965409194,0.9862911632651503,0.999962568283081,0.9862911632651503,0.9370242357254028,0.9765126705169678,0.9828892797231674,0.9870457649230957,0.9914765357971191,0.9945066869258881,0.00724516116944176,-0.003601161507575723,0.24639883849242428,0.22979038313496858,0.24958385411827066,0.26016723009524867,0.02400400619410981,4.0,0.5542425166727505,0.8645705264047663,0.004068438424523039,0.5009951440772179,0.2742151248731089,0.47011418840006436,0.7841791615896353,0.17765402799410696,97766.0,0.001681033672181852,0.256055633272511,0.7279558869715066,0.2785310703676077,0.31032800973201585,0.6896719902679842,0.7536011615075757,0.8645705264047663,0.04434923433415992,0.0005945312840724044,0.025053390996433222,0.10697371776338252,0.061737404400549194,"[97766, 4, 4]",0.25,0.10564594901790607,0.42312324047088623,-0.06165753367675273,-0.43676620721817017,-0.2229822725057602,-0.1440049111843109,-0.05554425157606602,0.013191409409046173,0.07733476161956787,0.11999937413460547,2.787135478952557,5.259770393371582,2.787135478952557,0.034210722893476486,2.0347511768341064,2.23384553194046,2.5604361295700073,3.2001721262931824,4.029325246810913,0.7611978428498641,0.17420333459486706,0.3287357985973358,0.17420333459486706,0.0021382011473178864,0.12717508524656296,0.13962076231837273,0.1600361168384552,0.20001894980669022,0.25184299051761627,0.04757718554312763,ele-fashion,0.17420057952404022,1,0.10897447168827057,0.06505839166284723,0.24015328288078308,-0.015366865706398015,-0.3229258358478546,-0.12363987416028976,-0.072088073939085,-0.008819162845611572,0.042896732687950134,0.0823916383087635,0.07909582452337786,1.183526586351556,1.7611910104751587,1.183526586351556,0.8501945734024048,1.0697380304336548,1.1093014776706696,1.1641695499420166,1.2454053461551666,1.3250030279159546,0.10278206956634639,0.16171459752036804,0.35689476132392883,0.16171459752036804,0.00869003590196371,0.10527820512652397,0.13134920969605446,0.16275007277727127,0.18787817656993866,0.2212640345096588,0.04603719691161489,visual,42
16.105900079346167,16.55963706970215,16.105900079346167,0.126109778881073,16.28449535369873,16.318119049072266,16.352542877197266,16.385121822357178,16.41350555419922,1.5237810535165561,0.9883812032020407,0.9998739361763,0.9883812032020407,0.9581745862960815,0.9824729561805725,0.9854483604431152,0.9884718358516693,0.9917799234390259,0.994347482919693,0.004737096670592219,-0.003601161507575723,0.24639883849242428,0.22979038313496858,0.24958385411827066,0.26016723009524867,0.02400400619410981,4.0,0.5542425166727505,0.8645705264047663,0.004068438424523039,0.5009951440772179,0.2742151248731089,0.47011418840006436,0.7841791615896353,0.17765402799410696,97766.0,0.001681033672181852,0.256055633272511,0.7279558869715066,0.2785310703676077,0.31032800973201585,0.6896719902679842,0.7536011615075757,0.8645705264047663,0.04434923433415992,0.0005945312840724044,0.025053390996433222,0.10697371776338252,0.061737404400549194,"[97766, 4, 4]",0.25,0.10450239963557954,0.44919002056121826,0.007994710659694731,-0.4124833941459656,-0.16862094402313232,-0.0733499675989151,0.005319584161043167,0.08597381040453911,0.18686530739068985,0.13606948403775948,2.7760323134622245,5.290958404541016,2.7760323134622245,0.030026759952306747,1.9935109615325928,2.227828025817871,2.6108614206314087,3.17414528131485,3.96494722366333,0.7976364859588972,0.17350885331136315,0.3306853473186493,0.17350885331136315,0.001876702532172203,0.12459897622466087,0.13924576714634895,0.16318488866090775,0.19839079678058624,0.24781939387321472,0.04985364756250135,ele-fashion,0.17420057952404022,2,0.10897447168827057,0.06534722805927272,0.22899310290813446,-0.02149828383479008,-0.33498650789260864,-0.12861400097608566,-0.07814997248351574,-0.014965828973799944,0.037302225828170776,0.07471147924661636,0.07826848131474269,1.1841870911982266,1.7615954875946045,1.1841870911982266,0.8406244516372681,1.0704176425933838,1.1101678907871246,1.1649209856987,1.2462081015110016,1.3254321813583374,0.10261937538463554,0.15037371822355317,0.3002884089946747,0.15037371822355317,0.015935122966766357,0.10681992024183273,0.12912384420633316,0.15350253880023956,0.1724429465830326,0.1891520917415619,0.03287341933310536,visual,42
16.01309993330471,16.536151885986328,16.01309993330471,0.12611284852027893,16.240164756774902,16.280014991760254,16.316874504089355,16.35161066055298,16.381525993347168,1.558025809274942,0.9853377291853483,0.9999380707740784,0.9853377291853483,0.9451380372047424,0.976586103439331,0.9807015657424927,0.9853900671005249,0.990679606795311,0.9942939579486847,0.006924022795905981,-0.003601161507575723,0.24639883849242428,0.22979038313496858,0.24958385411827066,0.26016723009524867,0.02400400619410981,4.0,0.5542425166727505,0.8645705264047663,0.004068438424523039,0.5009951440772179,0.2742151248731089,0.47011418840006436,0.7841791615896353,0.17765402799410696,97766.0,0.001681033672181852,0.256055633272511,0.7279558869715066,0.2785310703676077,0.31032800973201585,0.6896719902679842,0.7536011615075757,0.8645705264047663,0.04434923433415992,0.0005945312840724044,0.025053390996433222,0.10697371776338252,0.061737404400549194,"[97766, 4, 4]",0.25,0.116946087652532,0.4569031000137329,-0.07236279040008028,-0.49567174911499023,-0.2612893283367157,-0.16447408869862556,-0.057738589122891426,0.01134738139808178,0.07477067410945892,0.1341068385297855,2.8833234068819418,5.283082485198975,2.8833234068819418,0.03421752527356148,2.016931653022766,2.2878366708755493,2.6748846769332886,3.3818397521972656,4.271124839782715,0.8691999147913632,0.18021715821114953,0.3301946520805359,0.18021715821114953,0.002138626528903842,0.12606454640626907,0.1429961696267128,0.16719216108322144,0.21137354895472527,0.2669593393802643,0.054327484967964315,ele-fashion,0.17420057952404022,3,0.10897447168827057,0.06600094718635302,0.23021267354488373,-0.02423522507037947,-0.3377644419670105,-0.13127067685127258,-0.0813007652759552,-0.01803590264171362,0.03504534997045994,0.07203389704227448,0.07838631718772776,1.1844306873259016,1.7611075639724731,1.1844306873259016,0.843849778175354,1.070453941822052,1.110215961933136,1.1651257276535034,1.2469454407691956,1.3256340026855469,0.10273155622287548,0.1676684832563731,0.33537623286247253,0.1676684832563731,0.011183409951627254,0.10729872435331345,0.13739491999149323,0.17310963571071625,0.1995934396982193,0.21950367093086243,0.044086422228507886,visual,42
16.833577929834146,17.224956512451172,16.833577929834146,0.22568224370479584,16.74623966217041,16.79404306411743,16.850852012634277,16.89927625656128,16.93926429748535,0.4576503981598014,0.9752786541044611,0.9999043941497803,0.9752786541044611,0.8879179358482361,0.9563513994216919,0.9685904532670975,0.9773564040660858,0.9857068657875061,0.9907616972923279,0.014265012405594113,-0.03677403760411008,0.21322596239588992,0.12013539072358981,0.23478554550092667,0.26152025877672713,0.06243015332611957,4.0,0.47079533314109195,0.928176681020324,0.03812105471899805,0.4792948968127342,0.24553792889762296,0.5053803181314549,0.6543350759648551,0.16215758271420438,97766.0,0.025845287012778745,0.48646904052891543,0.8520575745606047,0.29932981658429403,0.45738134787923207,0.5426186521207679,0.7867740376041101,0.928176681020324,0.1526228433251926,0.011494052100412471,0.10047052012911686,0.3920731140206044,0.148606693345202,"[97766, 4, 4]",0.25,0.12007987603988703,0.4608114957809448,-0.004414398266009814,-0.46759283542633057,-0.182786762714386,-0.10624182224273682,-0.018677127547562122,0.09648648276925087,0.20415476709604263,0.1488425352746813,4.7095732608057475,10.608880043029785,4.7095732608057475,0.1354197859764099,3.253577470779419,3.755716919898987,4.489192247390747,5.3743733167648315,6.473882675170898,1.310121876748812,0.29436011818419683,0.6630566120147705,0.29436011818419683,0.008463859558105469,0.2033585011959076,0.2347404584288597,0.2805909067392349,0.3359123468399048,0.4046395272016525,0.08188584417948785,ele-fashion,0.21790413558483124,1,0.1392529159784317,0.13902104790566303,0.3957936763763428,0.12786113182707776,-0.2819794714450836,-0.0118214157409966,0.05130906589329243,0.13049767166376114,0.20802591741085052,0.2641437351703644,0.10430033177774123,1.6881135424820322,2.611114263534546,1.6881135424820322,1.115653157234192,1.4887922406196594,1.5609400868415833,1.6513589024543762,1.7838695645332336,1.94937002658844,0.1840346182030432,0.227684382006744,0.5749949812889099,0.227684382006744,0.013867505826056004,0.143001489341259,0.17829801887273788,0.22433534264564514,0.26777777075767517,0.3216058760881424,0.07219215514843712,text,43
16.541704292814682,17.19513511657715,16.541704292814682,0.2249474972486496,16.744400024414062,16.796549797058105,16.84208106994629,16.88806962966919,16.927659034729004,1.6725770031899123,0.9796706619306201,0.9996883273124695,0.9796706619306201,0.9205185174942017,0.9682036638259888,0.9740953743457794,0.9803918898105621,0.98628269135952,0.9903893768787384,0.008722398694851755,-0.03677403760411008,0.21322596239588992,0.12013539072358981,0.23478554550092667,0.26152025877672713,0.06243015332611957,4.0,0.47079533314109195,0.928176681020324,0.03812105471899805,0.4792948968127342,0.24553792889762296,0.5053803181314549,0.6543350759648551,0.16215758271420438,97766.0,0.025845287012778745,0.48646904052891543,0.8520575745606047,0.29932981658429403,0.45738134787923207,0.5426186521207679,0.7867740376041101,0.928176681020324,0.1526228433251926,0.011494052100412471,0.10047052012911686,0.3920731140206044,0.148606693345202,"[97766, 4, 4]",0.25,0.12547696880863865,0.4800911247730255,-0.029582040315526057,-0.5245130658149719,-0.2320367470383644,-0.13215139508247375,-0.028189891949295998,0.07717989012598991,0.16309000551700592,0.154435786357915,4.68953968873306,10.639479637145996,4.68953968873306,0.10465146601200104,3.1143553256988525,3.638142466545105,4.442795753479004,5.498347163200378,6.665837049484253,1.5238319242451084,0.2931070814449566,0.6649799942970276,0.2931070814449566,0.006540801841765642,0.19465170055627823,0.22739378735423088,0.27768784761428833,0.34366583079099655,0.41663025319576263,0.09524236770150883,ele-fashion,0.21790413558483124,2,0.1392529159784317,0.13155273825837205,0.3949020206928253,0.12158764505168346,-0.25929704308509827,-0.008734769187867641,0.048550497740507126,0.12174787744879723,0.19573251530528069,0.2535639554262161,0.09949677810940138,1.676232509597137,2.5857133865356445,1.676232509597137,1.1763107776641846,1.482918381690979,1.553092360496521,1.641960322856903,1.7680273354053497,1.9206699132919312,0.17872777473649729,0.20773306482402576,0.43491750955581665,0.20773306482402576,0.02498099021613598,0.14570745825767517,0.1734553724527359,0.20813018083572388,0.2408360242843628,0.2689909338951111,0.04843309146814779,text,43
16.40905436624296,17.208234786987305,16.40905436624296,0.2257186323404312,16.646326065063477,16.72104835510254,16.784996032714844,16.84224510192871,16.883193969726562,1.7803019532872317,0.9740054362817586,0.9998394250869751,0.9740054362817586,0.9019827246665955,0.9567355811595917,0.9651812165975571,0.9749783873558044,0.9842657744884491,0.9903329610824585,0.013007076736750159,-0.03677403760411008,0.21322596239588992,0.12013539072358981,0.23478554550092667,0.26152025877672713,0.06243015332611957,4.0,0.47079533314109195,0.928176681020324,0.03812105471899805,0.4792948968127342,0.24553792889762296,0.5053803181314549,0.6543350759648551,0.16215758271420438,97766.0,0.025845287012778745,0.48646904052891543,0.8520575745606047,0.29932981658429403,0.45738134787923207,0.5426186521207679,0.7867740376041101,0.928176681020324,0.1526228433251926,0.011494052100412471,0.10047052012911686,0.3920731140206044,0.148606693345202,"[97766, 4, 4]",0.25,0.13151133037561516,0.47541216015815735,0.001737207049992313,-0.48029640316963196,-0.19056016206741333,-0.1108773685991764,-0.019252654165029526,0.11210396513342857,0.2372950166463852,0.1635320532597193,4.8171711475467305,10.481732368469238,4.8171711475467305,0.11907559633255005,3.1974172592163086,3.826284885406494,4.672468900680542,5.647890090942383,6.766860008239746,1.490183081170401,0.3010882810092788,0.655112087726593,0.3010882810092788,0.007442323025316,0.19985434412956238,0.23915284126996994,0.29204055666923523,0.35301345586776733,0.42293938994407654,0.09314053948917589,ele-fashion,0.21790413558483124,3,0.1392529159784317,0.13688354583024148,0.3931998312473297,0.12491699551582112,-0.25266048312187195,-0.01595874410122633,0.04640605580061674,0.12533225119113922,0.20672425255179405,0.26581671833992004,0.1056190278807939,1.6910922413049556,2.6161046028137207,1.6910922413049556,1.1017860174179077,1.4904587268829346,1.5627984702587128,1.6526817083358765,1.7870264053344727,1.9558266401290894,0.18592833494598912,0.23482852387991432,0.4736059010028839,0.23482852387991432,0.01798968017101288,0.14641724526882172,0.1873588189482689,0.23780861496925354,0.2824537232518196,0.3187635689973831,0.06671776675716354,text,43
16.405248971943767,16.697616577148438,16.405248971943767,0.1743699014186859,16.409812927246094,16.437784671783447,16.467763900756836,16.497791290283203,16.525099754333496,1.0056385268120713,0.9805492316419656,0.9999244213104248,0.9805492316419656,0.8754767775535583,0.966193437576294,0.9749951809644699,0.982371985912323,0.9885174185037613,0.9927064180374146,0.011281906179562453,-0.005156326244939002,0.244843673755061,0.20065164228435606,0.2495644909020098,0.2837689567822963,0.04805334447811481,4.0,0.4690896563053821,0.8750183864884178,0.011922009489222181,0.4645830139774618,0.2397045276391592,0.47354638303740887,0.7233331558679732,0.16837907637435592,97766.0,0.007377886286769578,0.40776057631260876,0.8344553313766663,0.3070946271458709,0.4059287301830357,0.5940712698169643,0.755156326244939,0.8750183864884178,0.10440744874221218,0.0023576850923632264,0.06304620897086959,0.2723677701646654,0.11859120087049548,"[97766, 4, 4]",0.25,0.1025577318564886,0.3968193829059601,-0.030170468258255614,-0.4109242260456085,-0.19569338113069534,-0.11718386597931385,-0.02885383553802967,0.05910324491560459,0.12801360338926315,0.12256647018308019,3.189181796085149,6.85980224609375,3.189181796085149,0.0676141306757927,2.0947381258010864,2.378648281097412,2.8977867364883423,3.8452046513557434,4.821906089782715,1.0504485241808843,0.199332714098348,0.42873820662498474,0.199332714098348,0.0042259544134140015,0.13092678040266037,0.14866989478468895,0.18111667782068253,0.2403370924293995,0.30137892067432404,0.06565644237656307,ele-fashion,0.1705668568611145,1,0.12242308259010315,0.0644477175871672,0.2798333764076233,-0.013609056454765346,-0.34709763526916504,-0.1150493323802948,-0.06834058463573456,-0.013527940027415752,0.0406364006921649,0.08831996843218803,0.07880796778596107,1.3921793234442674,2.657684326171875,1.3921793234442674,0.938676118850708,1.193441927433014,1.252114623785019,1.3424285650253296,1.4785093367099762,1.663826823234558,0.2022574789938773,0.1925257367798565,0.5669117569923401,0.1925257367798565,0.012303619645535946,0.12151677533984184,0.15301484614610672,0.1904708296060562,0.22791849076747894,0.26646648347377777,0.05894287259304136,visual,43
16.18563610970242,16.686519622802734,16.18563610970242,0.17373624444007874,16.336875915527344,16.385334968566895,16.427268981933594,16.462701320648193,16.492823600769043,1.4909802062353992,0.9833718874935988,0.9997868537902832,0.9833718874935988,0.9185112118721008,0.9743832945823669,0.9792100042104721,0.9838910102844238,0.9887567460536957,0.992405503988266,0.007661565212385133,-0.005156326244939002,0.244843673755061,0.20065164228435606,0.2495644909020098,0.2837689567822963,0.04805334447811481,4.0,0.4690896563053821,0.8750183864884178,0.011922009489222181,0.4645830139774618,0.2397045276391592,0.47354638303740887,0.7233331558679732,0.16837907637435592,97766.0,0.007377886286769578,0.40776057631260876,0.8344553313766663,0.3070946271458709,0.4059287301830357,0.5940712698169643,0.755156326244939,0.8750183864884178,0.10440744874221218,0.0023576850923632264,0.06304620897086959,0.2723677701646654,0.11859120087049548,"[97766, 4, 4]",0.25,0.10730996357385089,0.4094215929508209,-0.016129351982024396,-0.4511111378669739,-0.18326176702976227,-0.11046154052019119,-0.021689624525606632,0.07227185554802418,0.15929995477199554,0.13119712963063299,3.1873047522988807,7.024370193481445,3.1873047522988807,0.05749259144067764,2.0480962991714478,2.360964775085449,2.9165241718292236,3.81918066740036,4.879637002944946,1.1284632196709163,0.1992151518293673,0.43904009461402893,0.1992151518293673,0.003593354718759656,0.12801136821508408,0.1475643515586853,0.18229175359010696,0.2387111634016037,0.3049910217523575,0.07053144453480967,ele-fashion,0.1705668568611145,2,0.12242308259010315,0.06528572345395907,0.24827343225479126,-0.02033587625764974,-0.32162177562713623,-0.12130441516637802,-0.07521332055330276,-0.020572561770677567,0.03431013319641352,0.08155360817909241,0.07819035338929362,1.3866982068695404,2.663930654525757,1.3866982068695404,0.9673060178756714,1.1931939721107483,1.2518329918384552,1.338743805885315,1.4658468961715698,1.6494171619415283,0.19920260529282396,0.1799380591266008,0.43547317385673523,0.1799380591266008,0.020655369386076927,0.12404224649071693,0.15129141509532928,0.181673564016819,0.20680280029773712,0.2305346056818962,0.043494682233667224,visual,43
16.15334089375229,16.6710147857666,16.15334089375229,0.17436988651752472,16.3181209564209,16.38273525238037,16.424348831176758,16.458539485931396,16.486665725708008,1.4393564044229537,0.9786820301893404,0.9998781085014343,0.9786820301893404,0.8902847170829773,0.9650449454784393,0.9720986038446426,0.9791333377361298,0.9871686100959778,0.9923090636730194,0.011065935171902248,-0.005156326244939002,0.244843673755061,0.20065164228435606,0.2495644909020098,0.2837689567822963,0.04805334447811481,4.0,0.4690896563053821,0.8750183864884178,0.011922009489222181,0.4645830139774618,0.2397045276391592,0.47354638303740887,0.7233331558679732,0.16837907637435592,97766.0,0.007377886286769578,0.40776057631260876,0.8344553313766663,0.3070946271458709,0.4059287301830357,0.5940712698169643,0.755156326244939,0.8750183864884178,0.10440744874221218,0.0023576850923632264,0.06304620897086959,0.2723677701646654,0.11859120087049548,"[97766, 4, 4]",0.25,0.11390613177671079,0.39413294196128845,-0.03416702355280098,-0.45917385816574097,-0.22174804657697678,-0.13346756249666214,-0.02973602619022131,0.07009309530258179,0.13712631911039352,0.13475530083317755,3.3744935908716447,7.011059761047363,3.3744935908716447,0.06121397018432617,2.0815815925598145,2.445845901966095,3.0723766088485718,4.176004648208618,5.261476755142212,1.219571376486805,0.21091818646502583,0.4382132887840271,0.21091818646502583,0.003825938329100609,0.1301039531826973,0.15287433937191963,0.192030131816864,0.26101764291524887,0.32885080575942993,0.07622753388545474,ele-fashion,0.1705668568611145,3,0.12242308259010315,0.06636579255361205,0.24355830252170563,-0.023612385177266108,-0.328937828540802,-0.124974824488163,-0.07907023839652538,-0.02361801452934742,0.03124340809881687,0.07912448048591614,0.078518162782353,1.394065407416806,2.65138840675354,1.394065407416806,0.9499819874763489,1.1948118805885315,1.2540230751037598,1.3450477719306946,1.4822911024093628,1.6645365357398987,0.201254038573198,0.20225378511489503,0.5211405158042908,0.20225378511489503,0.015639467164874077,0.12486470118165016,0.16177844256162643,0.20710498094558716,0.24076714739203453,0.27036599814891815,0.057609629236624556,visual,43
16.66264497570981,16.92368507385254,16.66264497570981,0.16100814938545227,16.592214584350586,16.63175392150879,16.674975395202637,16.71873378753662,16.75698947906494,0.4548803412738854,0.9729456845028122,0.9999161958694458,0.9729456845028122,0.8686153888702393,0.9536228179931641,0.9656370431184769,0.9753499627113342,0.9837613850831985,0.9893221855163574,0.015296375566734344,-0.021487586647269463,0.22851241335273054,0.17106622469145805,0.23928016267018393,0.2661566234892234,0.04710501427022173,4.0,0.42191157136577206,0.971763458882555,0.021262156683588402,0.4457255764352182,0.22843049447134178,0.4383102128312938,0.6661402015245915,0.1639623110340162,97766.0,0.13412510777754078,0.5802341112043641,0.8740113158965322,0.2624932299507302,0.5498518875167829,0.45014811248321707,0.7714875866472695,0.971763458882555,0.1274466407547781,0.021524135961954016,0.09319311368502288,0.28436418911778105,0.11378566992205089,"[97766, 4, 4]",0.25,0.12251916239348039,0.4571376442909241,-0.07119785816507107,-0.47621962428092957,-0.22239509224891663,-0.16264648362994194,-0.08368632197380066,0.009787355549633503,0.10676756128668785,0.12924310051596333,3.8477148213402925,8.195650100708008,3.8477148213402925,0.049970593303442,2.583968162536621,3.018655776977539,3.7098004817962646,4.49319314956665,5.284766912460327,1.074388404968161,0.24049184013863933,0.5122292637825012,0.24049184013863933,0.0031232016626745462,0.16150370240211487,0.1886744499206543,0.23187588155269623,0.2808421552181244,0.3303186148405075,0.06715221168949517,ele-fashion,0.18247388303279877,1,0.1451091319322586,0.14794772576927018,0.39548197388648987,0.14397497288701022,-0.26462724804878235,0.03256109170615673,0.08837724477052689,0.1481187865138054,0.2047872170805931,0.2502673864364624,0.08384017377688975,1.7935850404911218,2.5882112979888916,1.7935850404911218,1.204581379890442,1.5656928420066833,1.6565507650375366,1.7718985080718994,1.9151486158370972,2.0536441802978516,0.18893946368955353,0.24119769954444487,0.6045145988464355,0.24119769954444487,0.013021434657275677,0.1527637094259262,0.19002342969179153,0.23656903207302094,0.2836004048585892,0.33843061327934265,0.0760782295034177,text,44
16.29769755266478,16.93070411682129,16.29769755266478,0.15753157436847687,16.548025131225586,16.604271411895752,16.655040740966797,16.70508861541748,16.753087997436523,1.9232724201369409,0.9772067681429558,0.9996729493141174,0.9772067681429558,0.9233224391937256,0.9644883871078491,0.9711490571498871,0.9779645204544067,0.9844640493392944,0.9889901876449585,0.009679759052490253,-0.021487586647269463,0.22851241335273054,0.17106622469145805,0.23928016267018393,0.2661566234892234,0.04710501427022173,4.0,0.42191157136577206,0.971763458882555,0.021262156683588402,0.4457255764352182,0.22843049447134178,0.4383102128312938,0.6661402015245915,0.1639623110340162,97766.0,0.13412510777754078,0.5802341112043641,0.8740113158965322,0.2624932299507302,0.5498518875167829,0.45014811248321707,0.7714875866472695,0.971763458882555,0.1274466407547781,0.021524135961954016,0.09319311368502288,0.28436418911778105,0.11378566992205089,"[97766, 4, 4]",0.25,0.11680182157219161,0.4554036855697632,0.014705081389455468,-0.4687126874923706,-0.1782003715634346,-0.08713276870548725,0.020862003788352013,0.11865857802331448,0.19522743672132492,0.1416745612544623,3.799303629556408,8.244953155517578,3.799303629556408,0.04387635365128517,2.4462491273880005,2.9029042720794678,3.609310746192932,4.543147563934326,5.5744593143463135,1.2837274626358257,0.23746538895598676,0.5153200626373291,0.23746538895598676,0.0027423130813986063,0.1528973951935768,0.18144036456942558,0.22559133917093277,0.2839573621749878,0.3484169542789459,0.0802354925695215,ele-fashion,0.18247388303279877,2,0.1451091319322586,0.1425504960796099,0.37809455394744873,0.13880473555844916,-0.24272435903549194,0.030369644984602928,0.08331689797341824,0.1424742415547371,0.19783982634544373,0.24378426373004913,0.08192695025233865,1.784478074926388,2.5819525718688965,1.784478074926388,1.257941722869873,1.5632843971252441,1.6513302028179169,1.761029064655304,1.8990245759487152,2.039547920227051,0.18608845647940225,0.22209566859320945,0.443260133266449,0.22209566859320945,0.025807932019233704,0.15553093701601028,0.1858845092356205,0.22255882620811462,0.2571021169424057,0.2883705049753189,0.05213945129725934,text,44
16.249672416410363,16.90680503845215,16.249672416410363,0.1610184758901596,16.491042137145996,16.561981678009033,16.61854648590088,16.66938066482544,16.714659690856934,1.744256298990386,0.9712864418182738,0.9998621344566345,0.9712864418182738,0.9012822508811951,0.9522268772125244,0.9618997126817703,0.972506046295166,0.9824096262454987,0.9888829290866852,0.01431147573226629,-0.021487586647269463,0.22851241335273054,0.17106622469145805,0.23928016267018393,0.2661566234892234,0.04710501427022173,4.0,0.42191157136577206,0.971763458882555,0.021262156683588402,0.4457255764352182,0.22843049447134178,0.4383102128312938,0.6661402015245915,0.1639623110340162,97766.0,0.13412510777754078,0.5802341112043641,0.8740113158965322,0.2624932299507302,0.5498518875167829,0.45014811248321707,0.7714875866472695,0.971763458882555,0.1274466407547781,0.021524135961954016,0.09319311368502288,0.28436418911778105,0.11378566992205089,"[97766, 4, 4]",0.25,0.12916170141245847,0.456619530916214,-0.0793185161019835,-0.5153341293334961,-0.23510095477104187,-0.17512217164039612,-0.09183118864893913,0.004567331168800592,0.1065928004682064,0.13357060417764255,3.988813077255677,8.143424987792969,3.988813077255677,0.04998598247766495,2.5483837127685547,3.1389302611351013,3.906468152999878,4.779840707778931,5.623640298843384,1.2400867410663177,0.24931349493499302,0.5090018510818481,0.24931349493499302,0.0031241634860634804,0.1592838019132614,0.1961924061179161,0.2441698983311653,0.29875870048999786,0.3514927625656128,0.07750929754152625,ele-fashion,0.18247388303279877,3,0.1451091319322586,0.14657448144665836,0.3776743412017822,0.14298392436906263,-0.2348230630159378,0.03349618799984455,0.08766114339232445,0.14679793268442154,0.20211831107735634,0.2486690953373909,0.08236334677947701,1.7960125637264657,2.588836669921875,1.7960125637264657,1.2487508058547974,1.566071629524231,1.6584623456001282,1.7748256921768188,1.9176872074604034,2.057690978050232,0.18956953142503882,0.2496538586846371,0.5102625489234924,0.2496538586846371,0.016693836078047752,0.156447172164917,0.19850719720125198,0.25142258405685425,0.29974136501550674,0.34041859209537506,0.07138804820500706,text,44
16.537861656879752,16.847007751464844,16.537861656879752,0.1425100415945053,16.530171394348145,16.562403202056885,16.59997844696045,16.637510299682617,16.67037868499756,1.013077995936129,0.9793626423305969,0.9999188184738159,0.9793626423305969,0.8537300825119019,0.9629837572574615,0.9748595952987671,0.9819091260433197,0.9877031147480011,0.9920331835746765,0.012869820746750188,-0.012456944216267168,0.23754305578373283,0.19724212103755723,0.24756197527858603,0.26285359623943805,0.042826966148889103,4.0,0.5294593220934287,0.8548181435028759,0.012682331451831374,0.4963097462046584,0.26258359619351623,0.48323734014020564,0.7329523947158076,0.1697852499269292,97766.0,0.0011193811655533768,0.2658953351876982,0.7741833342646939,0.2955636242384551,0.3253588214094472,0.6746411785905528,0.7624569442162672,0.8548181435028759,0.09039903067205582,0.0010691046249498015,0.04925016702206146,0.24394818126408305,0.11302975062838262,"[97766, 4, 4]",0.25,0.11495636919151044,0.47395724058151245,-0.02709667823342503,-0.45544272661209106,-0.2167925015091896,-0.12389924935996532,-0.024537346325814724,0.07456514984369278,0.15452957153320312,0.1395330946655162,3.5284585390635703,8.512682914733887,3.5284585390635703,0.029423454776406288,2.3324596881866455,2.660239338874817,3.20730984210968,4.14461612701416,5.3472206592559814,1.1793804770834284,0.22053856282966636,0.5320432782173157,0.22053856282966636,0.0018389937467873096,0.14578168839216232,0.16627080738544464,0.20046836882829666,0.2590518817305565,0.3342212289571762,0.07371518091311803,ele-fashion,0.17752783000469208,1,0.1318749189376831,0.06484494164018344,0.2596009373664856,-0.017848071241801374,-0.334613561630249,-0.11675211787223816,-0.07092037424445152,-0.02020379528403282,0.03456169180572033,0.0860576331615448,0.07863840109491015,1.4230263612519245,3.008463144302368,1.4230263612519245,0.9952964782714844,1.2614899277687073,1.3095846474170685,1.3738957047462463,1.4694301784038544,1.6088778972625732,0.20299799908498098,0.1976825296080247,0.5869580507278442,0.1976825296080247,0.012739758938550949,0.12735414505004883,0.15853825956583023,0.1927555501461029,0.22818607091903687,0.2786884158849716,0.06208195682743558,visual,44
16.318907436846782,16.858442306518555,16.318907436846782,0.14255937933921814,16.490848541259766,16.536935806274414,16.57843589782715,16.61763858795166,16.649883270263672,1.5679139486838014,0.9823068340062983,0.9996987581253052,0.9823068340062983,0.8945854306221008,0.9727928042411804,0.9780442863702774,0.983284205198288,0.9881412833929062,0.9917701184749603,0.00881698643403328,-0.012456944216267168,0.23754305578373283,0.19724212103755723,0.24756197527858603,0.26285359623943805,0.042826966148889103,4.0,0.5294593220934287,0.8548181435028759,0.012682331451831374,0.4963097462046584,0.26258359619351623,0.48323734014020564,0.7329523947158076,0.1697852499269292,97766.0,0.0011193811655533768,0.2658953351876982,0.7741833342646939,0.2955636242384551,0.3253588214094472,0.6746411785905528,0.7624569442162672,0.8548181435028759,0.09039903067205582,0.0010691046249498015,0.04925016702206146,0.24394818126408305,0.11302975062838262,"[97766, 4, 4]",0.25,0.1200995471131851,0.4764282703399658,-0.020993001530084442,-0.49801507592201233,-0.19715151190757751,-0.12725141271948814,-0.03341858461499214,0.07063690945506096,0.17702697962522507,0.14744315458327872,3.5978266498566773,8.713369369506836,3.5978266498566773,0.028290007263422012,2.2737255096435547,2.6313894987106323,3.2428550720214844,4.264024615287781,5.603095531463623,1.3662440149098374,0.22487396458028325,0.544609546661377,0.22487396458028325,0.0017681575845927,0.14211729168891907,0.16447316482663155,0.20268861949443817,0.266514427959919,0.3502065986394882,0.08539344022250908,ele-fashion,0.17752783000469208,2,0.1318749189376831,0.06687507687272806,0.24827070534229279,-0.023941004230424674,-0.3215009868144989,-0.12224839255213737,-0.0782607700675726,-0.028153222054243088,0.02731791092082858,0.08211703225970268,0.07901320188449065,1.4211417947292884,3.012639045715332,1.4211417947292884,1.0119935274124146,1.2611644268035889,1.3091731667518616,1.372809886932373,1.4667068421840668,1.6019525527954102,0.2023862615950418,0.1851597383509072,0.47855815291404724,0.1851597383509072,0.024561790749430656,0.12935911118984222,0.15555336698889732,0.18485435098409653,0.21252280101180077,0.2372150793671608,0.04585103472240652,visual,44
16.28542140961852,16.831127166748047,16.28542140961852,0.14252226054668427,16.454596519470215,16.5030460357666,16.546457290649414,16.587730407714844,16.623498916625977,1.428091635763455,0.977454925862881,0.9998714923858643,0.977454925862881,0.8609261512756348,0.9626685976982117,0.9704846888780594,0.9787924587726593,0.9865085035562515,0.9916716814041138,0.012452842452857542,-0.012456944216267168,0.23754305578373283,0.19724212103755723,0.24756197527858603,0.26285359623943805,0.042826966148889103,4.0,0.5294593220934287,0.8548181435028759,0.012682331451831374,0.4963097462046584,0.26258359619351623,0.48323734014020564,0.7329523947158076,0.1697852499269292,97766.0,0.0011193811655533768,0.2658953351876982,0.7741833342646939,0.2955636242384551,0.3253588214094472,0.6746411785905528,0.7624569442162672,0.8548181435028759,0.09039903067205582,0.0010691046249498015,0.04925016702206146,0.24394818126408305,0.11302975062838262,"[97766, 4, 4]",0.25,0.12938821999434796,0.4700973927974701,-0.03019506932878109,-0.5015667080879211,-0.25173939764499664,-0.1391020491719246,-0.02164545562118292,0.08895806223154068,0.1696072220802307,0.15701387797714444,3.7777800269685473,8.702920913696289,3.7777800269685473,0.029435234144330025,2.313674211502075,2.7465906143188477,3.415647029876709,4.58039665222168,5.956420183181763,1.4231320012668665,0.23612528697812812,0.5439780950546265,0.23612528697812812,0.0018397299572825432,0.1446138173341751,0.17167480662465096,0.21349182724952698,0.28628726303577423,0.37229423224925995,0.0889512673184297,ele-fashion,0.17752783000469208,3,0.1318749189376831,0.06789743036518366,0.242573544383049,-0.025388361855168583,-0.32371920347213745,-0.12370076775550842,-0.08050613291561604,-0.03000257909297943,0.02610823977738619,0.08244772255420685,0.07959852100243259,1.4247605212715164,2.993610382080078,1.4247605212715164,1.017062783241272,1.2633987069129944,1.311221718788147,1.3757106065750122,1.471689522266388,1.611241340637207,0.20221377297014803,0.20759682448016273,0.5677212476730347,0.20759682448016273,0.0160348042845726,0.13018478453159332,0.1660362333059311,0.2088010460138321,0.24756073951721191,0.27951014041900635,0.060239998125627275,visual,44
16.369799558520956,16.510026931762695,16.369799558520956,0.0695190280675888,16.3640998840332,16.380295276641846,16.39844512939453,16.41665267944336,16.43279399871826,0.6852839532520897,0.9947094209196884,0.9969344139099121,0.9947094209196884,0.9905247688293457,0.9933584094047546,0.9940695315599442,0.9948148131370544,0.9954364597797394,0.995888751745224,0.0009735059617974282,-0.008256715089664357,0.24174328491033564,0.20983656737953424,0.24949699271667214,0.26561364382505415,0.03488287199432527,4.0,0.22532354980964953,0.9598046216513889,0.008279554011548647,0.3129157121155988,0.08772936027247089,0.3237884291148002,0.5626951003424336,0.1602853782104095,15894.0,0.1341918218234086,0.8615325011377385,0.9926101419900659,0.3116649226600073,0.7344810718417394,0.2655189281582606,0.7582567150896644,0.9598046216513889,0.041148140151242206,0.0043876765606304016,0.020219535877307255,0.09815854659148802,0.06096883410140944,"[15894, 4, 4]",0.25,0.06090425018210622,0.3131886124610901,-0.0038948082075998297,-0.31631866097450256,-0.10103825479745865,-0.056512756273150444,-0.0036479742266237736,0.04752480145543814,0.09388304054737093,0.07583772953432596,2.1071685449914836,4.032037258148193,2.1071685449914836,0.012855024076998234,1.7365443706512451,1.856259047985077,2.040197491645813,2.291429042816162,2.5866430044174193,0.3606325603938065,0.13170192646343565,0.2520138919353485,0.13170192646343565,0.000803450180683285,0.10853763446211814,0.11601903103291988,0.1275155022740364,0.14321882650256157,0.16166946589946746,0.022540389338723158,Reddit-S,0.15086308121681213,1,0.09318996965885162,0.09865199834311036,0.2947448492050171,0.09079103397249536,-0.15618139505386353,-0.008174739405512804,0.034601617604494095,0.08911381289362907,0.1463971585035324,0.19430190771818162,0.07646711881227188,0.9610156584374032,1.19588303565979,0.9610156584374032,0.748598575592041,0.8903279900550842,0.9231336265802383,0.9623343050479889,0.9988653808832169,1.0282618999481201,0.05448711534758795,0.10448297052006084,0.13883240520954132,0.10448297052006084,0.07835384458303452,0.09306885078549385,0.09792729280889034,0.10399064794182777,0.11061829887330532,0.11679594442248345,0.009014099887373016,text,42
9.001651145316725,15.786982536315918,9.001651145316725,0.06951379776000977,3.1156809806823733,5.7290791273117065,9.47674560546875,12.501436233520508,14.03617992401123,4.01433601465029,0.9947053956635961,0.9969333410263062,0.9947053956635961,0.9905205965042114,0.993349015712738,0.9940644651651382,0.9948115646839142,0.9954328089952469,0.9958886563777923,0.0009750542963913863,-0.008256715089664357,0.24174328491033564,0.20983656737953424,0.24949699271667214,0.26561364382505415,0.03488287199432527,4.0,0.22532354980964953,0.9598046216513889,0.008279554011548647,0.3129157121155988,0.08772936027247089,0.3237884291148002,0.5626951003424336,0.1602853782104095,15894.0,0.1341918218234086,0.8615325011377385,0.9926101419900659,0.3116649226600073,0.7344810718417394,0.2655189281582606,0.7582567150896644,0.9598046216513889,0.041148140151242206,0.0043876765606304016,0.020219535877307255,0.09815854659148802,0.06096883410140944,"[15894, 4, 4]",0.25,0.06030818802338903,0.30890682339668274,-0.0023244755824026304,-0.2899027168750763,-0.10052382722496986,-0.05393525678664446,-0.0015143752098083496,0.049084657803177834,0.0940492607653141,0.07499035453272242,1.259139368059429,3.965402841567993,1.259139368059429,0.0125815961509943,0.4071703553199768,0.7890939712524414,1.268885314464569,1.6794246137142181,2.056977462768555,0.6304932293641138,0.07869862499397591,0.24784883856773376,0.07869862499397591,0.0007863602950237691,0.02544874455779791,0.04931960441172123,0.07930754497647285,0.10496692173182964,0.12856528162956238,0.039407135685635516,Reddit-S,0.15086308121681213,2,0.09318996965885162,0.09859085134658598,0.295656681060791,0.09070135598382709,-0.15658718347549438,-0.008209113962948317,0.03459266759455204,0.08890694379806519,0.14621687307953835,0.19442596137523652,0.0765020999509929,0.9610765727605552,1.195993423461914,0.9610765727605552,0.7488689422607422,0.890537440776825,0.9232438206672668,0.9624415338039398,0.9989824146032333,1.0282281279563903,0.05447723580386869,0.10452079745151344,0.13886846601963043,0.10452079745151344,0.07836656272411346,0.09308601692318916,0.09794926457107067,0.10402990505099297,0.11067641153931618,0.11684070006012917,0.009025596489433548,text,42
8.157710193188906,12.71987533569336,8.157710193188906,0.06951011717319489,5.943569135665894,7.120416283607483,8.335442543029785,9.35920238494873,10.156103706359863,1.6709816833071038,0.9947028420879599,0.9969328045845032,0.9947028420879599,0.9905049800872803,0.9933461785316468,0.9940599203109741,0.9948085248470306,0.9954324513673782,0.9958876490592956,0.0009763794864796065,-0.008256715089664357,0.24174328491033564,0.20983656737953424,0.24949699271667214,0.26561364382505415,0.03488287199432527,4.0,0.22532354980964953,0.9598046216513889,0.008279554011548647,0.3129157121155988,0.08772936027247089,0.3237884291148002,0.5626951003424336,0.1602853782104095,15894.0,0.1341918218234086,0.8615325011377385,0.9926101419900659,0.3116649226600073,0.7344810718417394,0.2655189281582606,0.7582567150896644,0.9598046216513889,0.041148140151242206,0.0043876765606304016,0.020219535877307255,0.09815854659148802,0.06096883410140944,"[15894, 4, 4]",0.25,0.06098676681534317,0.31312888860702515,-0.003740811043781535,-0.3157394230365753,-0.10117845162749291,-0.05639348179101944,-0.0035013207234442234,0.0477426378056407,0.09427592307329179,0.07592887072245774,1.0620231658170602,2.865147590637207,1.0620231658170602,0.012861274182796478,0.6883015155792237,0.8500470966100693,1.0382781028747559,1.2466061115264893,1.465996623039246,0.3184995539311951,0.06637849917033571,0.17907877266407013,0.06637849917033571,0.0008038408122956753,0.04301979653537274,0.053129611536860466,0.06489478051662445,0.07791527919471264,0.09162772819399836,0.01990714434034889,Reddit-S,0.15086308121681213,3,0.09318996965885162,0.09853122317454797,0.29591691493988037,0.09062388772729407,-0.15683351457118988,-0.008339489437639703,0.034533788450062275,0.08879409730434418,0.14605548232793808,0.19435888677835467,0.07651388859310164,0.9610782334890638,1.195982575416565,0.9610782334890638,0.7484230399131775,0.8904866635799408,0.9231674373149872,0.9623904824256897,0.9988721907138824,1.028225600719452,0.054468046718895845,0.10454395975403341,0.13892486691474915,0.10454395975403341,0.07837187498807907,0.0930982306599617,0.09795168228447437,0.10405281186103821,0.11070320755243301,0.11688747555017472,0.009035909486615947,text,42
15.870661661140428,16.494779586791992,15.870661661140428,0.11363115161657333,16.355512046813963,16.376229763031006,16.39638900756836,16.414847373962402,16.430102157592774,2.877878052380684,0.9908492545691829,0.995316743850708,0.9908492545691829,0.9761999249458313,0.988289076089859,0.9897567182779312,0.9910615086555481,0.9922610372304916,0.9933182418346405,0.002249185079853227,-0.011064095365368343,0.23893590463463166,0.21901872083544732,0.24552005830628332,0.252840469032526,0.025047270756192244,4.0,0.1320647336613313,0.9643184315021317,0.011661360419937228,0.2282140026938521,0.06167501908933614,0.18795217960010757,0.4893092182364477,0.15386467015146896,15894.0,0.3518523526195646,0.9616043442974272,0.9983095608778189,0.26944580257040474,0.8322536978408004,0.1677463021591996,0.7610640953653683,0.9643184315021317,0.0324525729544466,0.00402081919213136,0.017145005365212757,0.07236682136232661,0.04880385839691202,"[15894, 4, 4]",0.25,0.08066957976157502,0.3684753477573395,0.0033426457138257333,-0.3422330319881439,-0.12766389548778534,-0.06576616689562798,0.0057363733649253845,0.06903938762843609,0.13051851391792305,0.09986697186792894,1.8040619390370116,3.287599563598633,1.8040619390370116,0.016674386337399483,1.5944543600082397,1.6953657269477844,1.8164474368095398,1.9710542559623718,2.144204902648926,0.3938793375749127,0.11275601645824987,0.2054823637008667,0.11275601645824987,0.0010421634651720524,0.09965465813875199,0.10596246086061001,0.11352994665503502,0.12319328263401985,0.13401563316583634,0.024618073810858343,Reddit-S,0.14618833363056183,1,0.12734262645244598,0.19570357475343608,0.4870521128177643,0.19394042230633762,-0.1502523124217987,0.06901875212788583,0.12529580667614937,0.18769782781600952,0.26446302235126495,0.32458634674549103,0.10199560448886003,1.5066019696785518,1.948257565498352,1.5066019696785518,1.0860387086868286,1.2994376301765442,1.4021804630756378,1.5037161707878113,1.611354798078537,1.6973771810531617,0.1472528744368247,0.14277375015456287,0.22541284561157227,0.14277375015456287,0.09987136721611023,0.11992372199892998,0.1306147687137127,0.14289730787277222,0.15409071743488312,0.16473864316940307,0.01833481889494335,visual,42
5.500041650693732,15.907832145690918,5.500041650693732,0.11336135119199753,0.6933372914791109,1.7513161301612854,4.143245458602905,8.566164016723633,13.03777952194214,4.490003513188356,0.9908423501207376,0.995316743850708,0.9908423501207376,0.9761229753494263,0.9882806360721588,0.98974609375,0.9910540282726288,0.9922554194927216,0.993313604593277,0.0022563628896534143,-0.011064095365368343,0.23893590463463166,0.21901872083544732,0.24552005830628332,0.252840469032526,0.025047270756192244,4.0,0.1320647336613313,0.9643184315021317,0.011661360419937228,0.2282140026938521,0.06167501908933614,0.18795217960010757,0.4893092182364477,0.15386467015146896,15894.0,0.3518523526195646,0.9616043442974272,0.9983095608778189,0.26944580257040474,0.8322536978408004,0.1677463021591996,0.7610640953653683,0.9643184315021317,0.0324525729544466,0.00402081919213136,0.017145005365212757,0.07236682136232661,0.04880385839691202,"[15894, 4, 4]",0.25,0.0846960834834614,0.3406431972980499,0.005980469388911311,-0.32155030965805054,-0.1322159305214882,-0.06691349297761917,0.009338920470327139,0.07514291256666183,0.13941191583871843,0.10425543375091523,0.6693171597670329,3.1344168186187744,0.6693171597670329,0.015829158946871758,0.07960551977157594,0.20084241405129433,0.4735288619995117,1.0050425231456757,1.606409525871277,0.5905026571132935,0.04183322967837149,0.19590801000595093,0.04183322967837149,0.0009893372189253569,0.004975409992039204,0.012552856002002954,0.02959596086293459,0.06281629391014576,0.10040440037846567,0.036907397798169136,Reddit-S,0.14618833363056183,2,0.12734262645244598,0.19564573218846273,0.487595796585083,0.19385034346772295,-0.15441930294036865,0.06858644336462022,0.1251698173582554,0.18775563687086105,0.2644818350672722,0.32462591826915743,0.10215849338391295,1.506911955720391,1.9476455450057983,1.506911955720391,1.0864742994308472,1.2992920279502869,1.402372807264328,1.5040491819381714,1.6119868159294128,1.6979268670082093,0.1473474812887353,0.14282238455115437,0.22547005116939545,0.14282238455115437,0.09987136721611023,0.11995257064700127,0.13065169006586075,0.14293671399354935,0.15411609411239624,0.16480590552091598,0.018358300117266153,visual,42
6.01926648989226,13.008605003356934,6.01926648989226,0.11362183094024658,3.438348174095154,4.613218069076538,6.0014307498931885,7.4186811447143555,8.824849033355713,2.2322800751724725,0.9908407205333496,0.995316743850708,0.9908407205333496,0.9760820269584656,0.9882747411727906,0.9897440373897552,0.9910573363304138,0.9922559708356857,0.9933118164539337,0.0022576018412695242,-0.011064095365368343,0.23893590463463166,0.21901872083544732,0.24552005830628332,0.252840469032526,0.025047270756192244,4.0,0.1320647336613313,0.9643184315021317,0.011661360419937228,0.2282140026938521,0.06167501908933614,0.18795217960010757,0.4893092182364477,0.15386467015146896,15894.0,0.3518523526195646,0.9616043442974272,0.9983095608778189,0.26944580257040474,0.8322536978408004,0.1677463021591996,0.7610640953653683,0.9643184315021317,0.0324525729544466,0.00402081919213136,0.017145005365212757,0.07236682136232661,0.04880385839691202,"[15894, 4, 4]",0.25,0.08081479498929942,0.3727805018424988,0.002416036559801293,-0.3427966237068176,-0.12932000905275343,-0.06694856099784374,0.005492371041327715,0.068335035815835,0.12950999438762667,0.1000257912052555,0.6947479292255107,2.286287307739258,0.6947479292255107,0.01667230948805809,0.3671342194080353,0.5016703307628632,0.664440393447876,0.8545649945735931,1.0762753605842592,0.30370413484690273,0.04342263109749652,0.14289680123329163,0.04342263109749652,0.0010420343605801463,0.022946176677942277,0.031354901380836964,0.04152824729681015,0.05341139808297157,0.06726921200752259,0.018982096110269107,Reddit-S,0.14618833363056183,3,0.12734262645244598,0.19552439650696998,0.48740968108177185,0.19371271227763648,-0.1565905213356018,0.06839198172092438,0.12497450597584248,0.18758691102266312,0.2643454596400261,0.3246231824159623,0.10218652239747333,1.5067832287683627,1.9480223655700684,1.5067832287683627,1.0861825942993164,1.2994824051856995,1.4024249017238617,1.5038406252861023,1.6115480065345764,1.697542703151703,0.14725621409305953,0.14282706083161015,0.22553232312202454,0.14282706083161015,0.09987133741378784,0.1199465773999691,0.13065940514206886,0.14295659214258194,0.1541563645005226,0.16483062952756883,0.018358280352024664,visual,42
16.83892702323184,17.086212158203125,16.83892702323184,0.21754316985607147,16.811756706237794,16.839050769805908,16.867918968200684,16.897350311279297,16.924111557006835,0.6996248385766698,0.9900216352636595,0.9951635599136353,0.9900216352636595,0.980104923248291,0.987153559923172,0.9886171072721481,0.9901952743530273,0.9915728271007538,0.992639285326004,0.0021401166827585633,-0.0005908305410633197,0.24940916945893668,0.22381749321939426,0.2505707426753361,0.27445641634985807,0.04006787785801751,4.0,0.30468643333222467,0.9891560153025171,0.004158037585830232,0.35073573014915227,0.14927959442828714,0.2963869770559623,0.6860447771924763,0.1782881748058967,15894.0,0.07869318360515287,0.788318971025899,0.9583413495301322,0.29526477943624146,0.6844695819702924,0.3155304180297076,0.7505908305410633,0.9891560153025171,0.05351796362936248,0.005747303478741136,0.029864785671331145,0.12570414429307378,0.07137870039841973,"[15894, 4, 4]",0.25,0.07335188148634765,0.34638527035713196,-0.001961325911038717,-0.36236658692359924,-0.11994366273283957,-0.06358439289033413,-0.0011885259300470352,0.05885652545839548,0.11565487161278726,0.09247266587253095,3.6272104388365163,9.903416633605957,3.6272104388365163,0.14259101450443268,2.838439416885376,3.1104575991630554,3.4975943565368652,4.010077357292175,4.588670301437378,0.7474011206436614,0.22670676824660782,0.6189783215522766,0.22670676824660782,0.008912053890526295,0.17740767002105712,0.19440849125385284,0.21860384196043015,0.25063859671354294,0.28679948151111606,0.04671417371074839,Reddit-S,0.19797056913375854,1,0.1180746927857399,0.10905421285661988,0.36241501569747925,0.10301868227629006,-0.20367391407489777,0.006754764309152966,0.05584013648331165,0.10711361467838287,0.1541135534644127,0.19206912219524383,0.07185558395492798,1.3717409496684188,1.808375358581543,1.3717409496684188,1.0518196821212769,1.2459957242012023,1.2963705658912659,1.3640148043632507,1.438871294260025,1.5127321481704712,0.10353367586343828,0.14478200630180427,0.21486783027648926,0.14478200630180427,0.10056516528129578,0.12479128018021583,0.13352464884519577,0.1440940797328949,0.15552778542041779,0.16563881933689117,0.015699946886065026,text,43
9.519490861303554,16.364219665527344,9.519490861303554,0.21099121868610382,3.7429232835769657,6.127720236778259,9.79648733139038,13.341430425643921,14.841503334045411,4.181183247349082,0.9900145137424032,0.9951635599136353,0.9900145137424032,0.9801396727561951,0.9871433675289154,0.9886015206575394,0.9901865124702454,0.9915687888860703,0.9926381707191467,0.002142564464966748,-0.0005908305410633197,0.24940916945893668,0.22381749321939426,0.2505707426753361,0.27445641634985807,0.04006787785801751,4.0,0.30468643333222467,0.9891560153025171,0.004158037585830232,0.35073573014915227,0.14927959442828714,0.2963869770559623,0.6860447771924763,0.1782881748058967,15894.0,0.07869318360515287,0.788318971025899,0.9583413495301322,0.29526477943624146,0.6844695819702924,0.3155304180297076,0.7505908305410633,0.9891560153025171,0.05351796362936248,0.005747303478741136,0.029864785671331145,0.12570414429307378,0.07137870039841973,"[15894, 4, 4]",0.25,0.07547264419121207,0.32869815826416016,0.008855954002079877,-0.35427019000053406,-0.10965279042720795,-0.05414634197950363,0.0071725910529494286,0.0713445134460926,0.12967488616704942,0.0955225943276956,2.1546703037537838,8.450326919555664,2.1546703037537838,0.08384010940790176,0.764929497241974,1.3314127624034882,2.1351633071899414,2.8582628965377808,3.4999499320983887,1.0724935846204369,0.1346706002614914,0.5281640887260437,0.1346706002614914,0.005240097641944885,0.047809070721268665,0.08321533910930157,0.1334511637687683,0.17864512279629707,0.21875270605087282,0.0670328047419527,Reddit-S,0.19797056913375854,2,0.1180746927857399,0.10895002882728166,0.36132901906967163,0.10287811571742975,-0.203587144613266,0.0067437795922160185,0.055587539449334145,0.10693644359707832,0.15401897579431534,0.19193984121084215,0.07185397856935574,1.3717725135791943,1.8099775314331055,1.3717725135791943,1.0511146783828735,1.2464571714401245,1.2964942753314972,1.364043116569519,1.4388442039489746,1.5125655293464662,0.10339159044046639,0.1448290113027334,0.21477077901363373,0.1448290113027334,0.10059445351362228,0.12479085773229599,0.1335662640631199,0.14413364231586456,0.15560909360647202,0.16570713371038437,0.015714295102297476,text,43
12.59461241279501,15.593482971191406,12.59461241279501,0.2175440490245819,10.561537742614746,11.835695743560791,12.93295955657959,13.715179920196533,14.227669143676758,1.6250560139009729,0.9900081938574925,0.9951635599136353,0.9900081938574925,0.9801803231239319,0.9871294379234314,0.9885983765125275,0.99018594622612,0.9915676563978195,0.9926330804824829,0.0021473156836903703,-0.0005908305410633197,0.24940916945893668,0.22381749321939426,0.2505707426753361,0.27445641634985807,0.04006787785801751,4.0,0.30468643333222467,0.9891560153025171,0.004158037585830232,0.35073573014915227,0.14927959442828714,0.2963869770559623,0.6860447771924763,0.1782881748058967,15894.0,0.07869318360515287,0.788318971025899,0.9583413495301322,0.29526477943624146,0.6844695819702924,0.3155304180297076,0.7505908305410633,0.9891560153025171,0.05351796362936248,0.005747303478741136,0.029864785671331145,0.12570414429307378,0.07137870039841973,"[15894, 4, 4]",0.25,0.07332289502250919,0.3480362594127655,0.00013762096169595592,-0.36556997895240784,-0.11759149730205536,-0.06113671790808439,0.000754272099584341,0.06142458971589804,0.11736923530697825,0.09249744664152959,2.729766566387449,7.779783248901367,2.729766566387449,0.14258870482444763,1.9474095702171326,2.2658064365386963,2.648680329322815,3.1140588521957397,3.641249418258667,0.7022343467081147,0.1706151273539865,0.48625385761260986,0.1706151273539865,0.008911910466849804,0.12171560525894165,0.14161692187190056,0.1655472368001938,0.194633349776268,0.22758551090955734,0.04389141898214053,Reddit-S,0.19797056913375854,3,0.1180746927857399,0.1088492622435245,0.3607090711593628,0.10274890458474661,-0.20364192128181458,0.006562426220625645,0.055535986088216305,0.10683736577630043,0.15389418229460716,0.19175454080104828,0.0718686020750759,1.3715791343757606,1.811355710029602,1.3715791343757606,1.0522589683532715,1.245975637435913,1.2961057722568512,1.363816261291504,1.438873291015625,1.512564480304718,0.10353559710824987,0.14486896495727514,0.21463902294635773,0.14486896495727514,0.1005902886390686,0.12483445778489113,0.13360180333256721,0.14416398853063583,0.15564630180597305,0.16579232215881348,0.015739757072799312,text,43
16.216988631200344,16.95232582092285,16.216988631200344,0.16904480755329132,16.6798526763916,16.7154860496521,16.750195503234863,16.784058570861816,16.81401424407959,2.93121080771087,0.9851006659356486,0.992519736289978,0.9851006659356486,0.9556185007095337,0.9797862887382507,0.9829124063253403,0.9859737157821655,0.987976610660553,0.9899385154247284,0.004327065584403996,-0.010296221136510963,0.23970377886348904,0.21563215121277607,0.24589458384434693,0.2590494975447655,0.030742309828586407,4.0,0.17939000139733596,0.9786313851544827,0.011561420819770471,0.2648813290671956,0.08626366905791089,0.22754339753191394,0.558655793525028,0.16682914417393402,15894.0,0.30863925496328876,0.9221336629920858,0.995364946565974,0.2762006459093985,0.7992413837571467,0.2007586162428533,0.760296221136511,0.9786313851544827,0.050381883379003296,0.00735725002984206,0.03158099018037319,0.10850974608523153,0.06235690138342588,"[15894, 4, 4]",0.25,0.09470987191640402,0.38970276713371277,-0.008835587960846509,-0.3845921456813812,-0.1570820093154907,-0.08502097986638546,-0.013146254234015942,0.07246084325015545,0.14432009011507038,0.11696682142532681,2.7546763167681054,5.703326225280762,2.7546763167681054,0.058492593467235565,2.2876431226730345,2.4820333123207092,2.722085118293762,3.039192318916321,3.480624032020569,0.6942812401477518,0.17217067700064337,0.35646700859069824,0.17217067700064337,0.0036558310966938734,0.1429795429110527,0.15512976795434952,0.17013271152973175,0.1899525225162506,0.21754274219274522,0.04339375556079116,Reddit-S,0.1806592047214508,1,0.15355122089385986,0.23349389531378936,0.4625340700149536,0.23296605345649626,-0.16971784830093384,0.11752367466688156,0.16678476333618164,0.24566902220249176,0.3005593419075012,0.3372443050146103,0.08601165604915181,1.9512815147102052,2.5093588829040527,1.9512815147102052,1.4253559112548828,1.6745879292488097,1.803957223892212,1.9536927342414856,2.0660682320594788,2.2330935478210447,0.20019578729320056,0.18661135928434622,0.3075454831123352,0.18661135928434622,0.12693530321121216,0.1530136987566948,0.16840573772788048,0.18338890373706818,0.20349297672510147,0.22291888445615768,0.026997118965308847,visual,43
7.054226732557226,16.379962921142578,7.054226732557226,0.1690973937511444,1.1125654339790345,2.8862906098365784,6.537732124328613,11.034241676330566,13.845944690704346,4.682277248921811,0.9850679234887153,0.9925236701965332,0.9850679234887153,0.9555165767669678,0.9797539412975311,0.982856035232544,0.9859562814235687,0.987958699464798,0.9899290442466736,0.0043494462921407325,-0.010296221136510963,0.23970377886348904,0.21563215121277607,0.24589458384434693,0.2590494975447655,0.030742309828586407,4.0,0.17939000139733596,0.9786313851544827,0.011561420819770471,0.2648813290671956,0.08626366905791089,0.22754339753191394,0.558655793525028,0.16682914417393402,15894.0,0.30863925496328876,0.9221336629920858,0.995364946565974,0.2762006459093985,0.7992413837571467,0.2007586162428533,0.760296221136511,0.9786313851544827,0.050381883379003296,0.00735725002984206,0.03158099018037319,0.10850974608523153,0.06235690138342588,"[15894, 4, 4]",0.25,0.09818572689394216,0.3822372257709503,-0.007702963796207335,-0.3781738877296448,-0.16393034905195233,-0.08622329123318195,-0.011139623820781708,0.07641313225030899,0.1520521387457848,0.12154433076970386,1.2974382087042666,5.540648460388184,1.2974382087042666,0.04373660683631897,0.19301411956548692,0.49023324251174927,1.1142948865890503,1.8589217364788055,2.666152882575989,0.9927312850627055,0.08109167778515096,0.34629929065704346,0.08109167778515096,0.0027336047496646643,0.012063580844551326,0.030640135053545237,0.0696447305381298,0.11618427000939846,0.1666395977139473,0.06204749141776285,Reddit-S,0.1806592047214508,2,0.15355122089385986,0.23365738449447238,0.46186965703964233,0.23310043706724587,-0.17461466789245605,0.11761420592665672,0.16688942536711693,0.2459063082933426,0.3005596995353699,0.33742286264896393,0.08625139442291348,1.9533667466438565,2.5151000022888184,1.9533667466438565,1.4269591569900513,1.6767284393310546,1.8042554557323456,1.9559759497642517,2.0676977038383484,2.238188457489014,0.200687210265526,0.18683318393915513,0.30776485800743103,0.18683318393915513,0.12646278738975525,0.1531651258468628,0.16871533170342445,0.18353962153196335,0.20386512205004692,0.22325865924358368,0.027077722929532408,visual,43
8.033849514326135,14.597027778625488,8.033849514326135,0.16911765933036804,4.952840518951416,6.538406252861023,8.173518657684326,9.750184535980225,11.207483100891114,2.6256613616740743,0.9850755451729691,0.9925223588943481,0.9850755451729691,0.9554567337036133,0.9797468781471252,0.9828596264123917,0.9859615862369537,0.9879682213068008,0.9899343252182007,0.00435700113354675,-0.010296221136510963,0.23970377886348904,0.21563215121277607,0.24589458384434693,0.2590494975447655,0.030742309828586407,4.0,0.17939000139733596,0.9786313851544827,0.011561420819770471,0.2648813290671956,0.08626366905791089,0.22754339753191394,0.558655793525028,0.16682914417393402,15894.0,0.30863925496328876,0.9221336629920858,0.995364946565974,0.2762006459093985,0.7992413837571467,0.2007586162428533,0.760296221136511,0.9786313851544827,0.050381883379003296,0.00735725002984206,0.03158099018037319,0.10850974608523153,0.06235690138342588,"[15894, 4, 4]",0.25,0.09448105008598022,0.39054766297340393,-0.009192777258761548,-0.3848690986633301,-0.15805414468050002,-0.08455981127917767,-0.01360202394425869,0.07167242094874382,0.14383937120437634,0.11671436879981008,1.391394640154395,4.718232154846191,1.391394640154395,0.05854874476790428,0.7566624283790588,1.0262124836444855,1.330727458000183,1.675182431936264,2.102310037612915,0.6043807825047905,0.08696400909158701,0.2948969304561615,0.08696400909158701,0.003659340785816312,0.04729211516678333,0.06413932330906391,0.08317175135016441,0.10470125451683998,0.13139709979295733,0.037775053213073055,Reddit-S,0.1806592047214508,3,0.15355122089385986,0.2333685656328833,0.46216145157814026,0.23278757942142228,-0.17864170670509338,0.11705884113907815,0.16697292029857635,0.2455633208155632,0.3005601763725281,0.3373913288116455,0.08642652996783634,1.952152692883123,2.5123822689056396,1.952152692883123,1.4237697124481201,1.6757438063621521,1.8039565682411194,1.9542261958122253,2.0668752193450928,2.2347762107849123,0.20036282093905597,0.18674917180361622,0.3079926669597626,0.18674917180361622,0.12658390402793884,0.15309217274188996,0.16856162622570992,0.18347731977701187,0.20368509367108345,0.22316630929708484,0.0270790361733182,visual,43
16.20206213013562,16.30921173095703,16.20206213013562,0.07531610876321793,16.202536582946777,16.215576648712158,16.23051643371582,16.245193481445312,16.258556175231934,0.6778201240624623,0.99437686752955,0.997162401676178,0.99437686752955,0.9901854991912842,0.9931549966335297,0.9937791377305984,0.9944486618041992,0.9950308352708817,0.9955164074897767,0.0009060528931797317,-0.012617159842088638,0.23738284015791136,0.19948671930469572,0.24595118015713524,0.2622864883393049,0.03582495089384894,4.0,0.19062325574299588,0.9634646632583634,0.012599512004329037,0.2840842450161708,0.0719790312600511,0.28064125069323054,0.5412598869363,0.16007591237193108,15894.0,0.22099651696229283,0.9002041312850675,0.995407642522673,0.29148627749479655,0.7728414075153676,0.22715859248463244,0.7626171598420887,0.9634646632583634,0.045431359214880264,0.00458221659064293,0.021157735415423908,0.11506739736845097,0.06248587770684049,"[15894, 4, 4]",0.25,0.05372478886783526,0.34731924533843994,-0.00031407547913995886,-0.2777842581272125,-0.08636889904737473,-0.04555821046233177,-0.0005423892289400101,0.043649821542203426,0.08641215041279793,0.06805986722819819,1.6487775985453883,2.8116326332092285,1.6487775985453883,0.010418168269097805,1.4060407161712647,1.4871999323368073,1.6011738777160645,1.7673528492450714,1.9697104334831241,0.2396739418232042,0.10305182655966028,0.17573362588882446,0.10305182655966028,0.00065114616882056,0.08787923455238342,0.09295201487839222,0.10007666051387787,0.11046187579631805,0.12311184257268908,0.014980295365469567,Reddit-S,0.13402342796325684,1,0.09404226392507553,0.07166664683813256,0.26941394805908203,0.06090300720612,-0.15930594503879547,-0.02035225164145231,0.017338233534246683,0.060149021446704865,0.10472334362566471,0.14549680799245834,0.062210986156763216,0.9603726250339008,1.1493710279464722,0.9603726250339008,0.7564764022827148,0.8935426771640778,0.9230995625257492,0.9584605693817139,0.9975264966487885,1.0335307478904725,0.05322463625495542,0.10723443587062283,0.1407158225774765,0.10723443587062283,0.07984338700771332,0.09631437659263611,0.1011196170002222,0.1067793145775795,0.1130475215613842,0.11856687292456627,0.008485925332361616,text,44
7.148573778265469,15.14741325378418,7.148573778265469,0.07529320567846298,2.535622072219849,4.451085209846497,6.947322130203247,9.983999013900757,12.033445167541505,3.491901674837513,0.994373748643572,0.9971616864204407,0.994373748643572,0.9901849627494812,0.9931529343128205,0.9937734752893448,0.9944455027580261,0.9950286149978638,0.9955155491828919,0.0009072854983444332,-0.012617159842088638,0.23738284015791136,0.19948671930469572,0.24595118015713524,0.2622864883393049,0.03582495089384894,4.0,0.19062325574299588,0.9634646632583634,0.012599512004329037,0.2840842450161708,0.0719790312600511,0.28064125069323054,0.5412598869363,0.16007591237193108,15894.0,0.22099651696229283,0.9002041312850675,0.995407642522673,0.29148627749479655,0.7728414075153676,0.22715859248463244,0.7626171598420887,0.9634646632583634,0.045431359214880264,0.00458221659064293,0.021157735415423908,0.11506739736845097,0.06248587770684049,"[15894, 4, 4]",0.25,0.05519530168306873,0.2674393057823181,0.0001018126658555092,-0.28292110562324524,-0.08865256905555725,-0.04558775294572115,-0.00038570864126086235,0.04557719826698303,0.08894118145108225,0.07013111833763296,0.7504618859081561,2.4174349308013916,0.7504618859081561,0.009524096734821796,0.2434180721640587,0.43923383206129074,0.7108790278434753,1.0361570417881012,1.293552589416504,0.403032199313911,0.046905372421395426,0.15109534561634064,0.046905372421395426,0.0005952699575573206,0.015213927719742061,0.027452826499938965,0.04443136788904667,0.06476237624883652,0.08084979876875878,0.02519034031521758,Reddit-S,0.13402342796325684,2,0.09404226392507553,0.07162582686678552,0.2694859504699707,0.06082085927813761,-0.16009829938411713,-0.020416279509663574,0.01732015609741211,0.060070428997278214,0.10455669835209846,0.1453890085220337,0.06223322909472181,0.9604308378460933,1.1497265100479126,0.9604308378460933,0.761695921421051,0.8936608791351318,0.9232230633497238,0.9585157036781311,0.9976077973842621,1.0335944652557374,0.05321706302999715,0.10726257611773472,0.14070922136306763,0.10726257611773472,0.07985255122184753,0.0963368833065033,0.10115034505724907,0.10680949687957764,0.11308520473539829,0.11860211566090584,0.008494961620837375,text,44
5.194192589804993,10.079272270202637,5.194192589804993,0.07531221956014633,3.5466369628906254,4.364064693450928,5.257885694503784,6.070044159889221,6.758644676208497,1.2611147229584876,0.9943721106033798,0.9971610307693481,0.9943721106033798,0.9901875257492065,0.9931494176387787,0.9937722831964493,0.9944446086883545,0.9950278848409653,0.9955153584480285,0.0009080332115606733,-0.012617159842088638,0.23738284015791136,0.19948671930469572,0.24595118015713524,0.2622864883393049,0.03582495089384894,4.0,0.19062325574299588,0.9634646632583634,0.012599512004329037,0.2840842450161708,0.0719790312600511,0.28064125069323054,0.5412598869363,0.16007591237193108,15894.0,0.22099651696229283,0.9002041312850675,0.995407642522673,0.29148627749479655,0.7728414075153676,0.22715859248463244,0.7626171598420887,0.9634646632583634,0.045431359214880264,0.00458221659064293,0.021157735415423908,0.11506739736845097,0.06248587770684049,"[15894, 4, 4]",0.25,0.05373347193486615,0.3447859585285187,-0.0007073378304704087,-0.27804264426231384,-0.08662800565361976,-0.04601247143000364,-0.0008886598516255617,0.043430864810943604,0.08587387204170227,0.06808067083425688,0.5352726720888282,1.5909574031829834,0.5352726720888282,0.010419631376862526,0.3281740128993988,0.41406556963920593,0.5205873847007751,0.637409046292305,0.759384971857071,0.1741824110332059,0.03345563823410664,0.09943762421607971,0.03345563823410664,0.0006512398249469697,0.020511215925216673,0.025879806838929653,0.03253801167011261,0.039839656092226505,0.04746309332549572,0.010886923261881818,Reddit-S,0.13402342796325684,3,0.09404226392507553,0.07160587788477199,0.2695642411708832,0.06077906682871159,-0.16051872074604034,-0.02051548585295676,0.017274493351578712,0.06005350686609745,0.10453897528350353,0.14536395967006685,0.062245000798622975,0.9604416296544188,1.149682641029358,0.9604416296544188,0.7602062225341797,0.893540620803833,0.9232392013072968,0.9585267305374146,0.9976099729537964,1.0335843801498414,0.05321249528932153,0.10727731902651537,0.1406848281621933,0.10727731902651537,0.07986089587211609,0.0963414616882801,0.10115827061235905,0.10682674869894981,0.11310827918350697,0.11862584948539734,0.008500734477913932,text,44
15.739406961753142,16.352460861206055,15.739406961753142,0.10051316767930984,16.222521018981933,16.241572856903076,16.26008415222168,16.27815055847168,16.294008445739745,2.8562585036711137,0.9927509510623624,0.9956504106521606,0.9927509510623624,0.9812010526657104,0.9908892095088959,0.9919154942035675,0.9929832220077515,0.9939601719379425,0.9944190323352814,0.0015832593637538576,-0.014304988243630884,0.23569501175636912,0.214572118781507,0.24412437714636326,0.25067851655185225,0.028204809539424117,4.0,0.11272592168381868,0.9650899319272177,0.014641498663777959,0.2068868823079715,0.0509920636479807,0.16751273058022276,0.4735193112966726,0.15301554198256662,15894.0,0.39261091592192354,0.9805660525218249,0.9993774572732457,0.26545120450304754,0.852364010243399,0.14763598975660097,0.7643049882436309,0.9650899319272177,0.033287865820690245,0.002845994879802068,0.014858749384681385,0.07619487034777803,0.05598963981343247,"[15894, 4, 4]",0.25,0.07190134520057526,0.3170092701911926,-0.00543121531470159,-0.3538917005062103,-0.12438892424106597,-0.06180308572947979,-0.001677981112152338,0.05640632938593626,0.10736425146460533,0.09085227284788662,1.458310702706605,2.6352121829986572,1.458310702706605,0.012286843731999397,1.3171359181404114,1.384819895029068,1.4674617648124695,1.5729607045650482,1.7127182245254517,0.31201796209378196,0.09114607769468976,0.16470454633235931,0.09114607769468976,0.000767936697229743,0.08232235088944435,0.0865527056157589,0.09171778708696365,0.0983120072633028,0.10704764500260353,0.019501592741508623,Reddit-S,0.13041532039642334,1,0.11979632079601288,0.18972051568548248,0.37536218762397766,0.18844617265270167,-0.1709141731262207,0.0816535472869873,0.13379058241844177,0.188177689909935,0.25116535276174545,0.3019001245498657,0.08432312202183735,1.3455802406307076,1.6443594694137573,1.3455802406307076,0.9956983327865601,1.2285710334777833,1.2932322919368744,1.3416422605514526,1.3983176350593567,1.4647512912750245,0.08753425503134651,0.12594682251891806,0.19414569437503815,0.12594682251891806,0.09724149852991104,0.11137262731790543,0.11621649749577045,0.12495886906981468,0.13350172713398933,0.1419234976172447,0.01268121677557405,visual,44
4.836979449282836,15.680339813232422,4.836979449282836,0.09954995661973953,0.5939483404159548,1.3140617311000824,3.2258145809173584,7.729272365570068,12.023420524597167,4.2941451965672375,0.9927466789986392,0.995650589466095,0.9927466789986392,0.9812074303627014,0.9908810555934906,0.9919110238552094,0.9929809272289276,0.993959367275238,0.9944175899028778,0.0015869795103283623,-0.014304988243630884,0.23569501175636912,0.214572118781507,0.24412437714636326,0.25067851655185225,0.028204809539424117,4.0,0.11272592168381868,0.9650899319272177,0.014641498663777959,0.2068868823079715,0.0509920636479807,0.16751273058022276,0.4735193112966726,0.15301554198256662,15894.0,0.39261091592192354,0.9805660525218249,0.9993774572732457,0.26545120450304754,0.852364010243399,0.14763598975660097,0.7643049882436309,0.9650899319272177,0.033287865820690245,0.002845994879802068,0.014858749384681385,0.07619487034777803,0.05598963981343247,"[15894, 4, 4]",0.25,0.07428175403850325,0.31849873065948486,-0.0054989423374237,-0.3444660007953644,-0.1270382449030876,-0.06361107528209686,-0.002349267713725567,0.05804461985826492,0.1105266131460667,0.09385765542740601,0.4734324725795731,2.212855100631714,0.4734324725795731,0.011402740143239498,0.05375307723879815,0.11994276754558086,0.30084946751594543,0.7300340533256531,1.1618443727493288,0.45064321972606486,0.02959014645848573,0.13830797374248505,0.02959014645848573,0.0007126798154786229,0.00335961279924959,0.007496522390283644,0.01880333572626114,0.045627919025719166,0.07261670827865602,0.02816590961498493,Reddit-S,0.13041532039642334,2,0.11979632079601288,0.18966040966584466,0.3753489553928375,0.18836547963580966,-0.16684463620185852,0.08111286982893944,0.13372327759861946,0.18821030110120773,0.25119946151971817,0.3019409954547882,0.08444648629050379,1.3457656911300895,1.6443625688552856,1.3457656911300895,0.9970545172691345,1.2287126064300538,1.29330712556839,1.3419734239578247,1.3985543847084045,1.4647468090057374,0.0874900706492246,0.12597988174865646,0.19409438967704773,0.12597988174865646,0.09723971039056778,0.11137260496616364,0.1162339560687542,0.12498005107045174,0.1335601657629013,0.14197536408901215,0.012697258404776321,visual,44
3.8782823287256223,10.551300048828125,3.8782823287256223,0.10051929950714111,2.105751371383667,2.8340434432029724,3.772594690322876,4.783873558044434,5.8717413425445555,1.6112732499273374,0.9927456840915891,0.9956506490707397,0.9927456840915891,0.9812032580375671,0.9908765554428101,0.9919098168611526,0.9929804503917694,0.9939576834440231,0.9944179654121399,0.0015881860776497398,-0.014304988243630884,0.23569501175636912,0.214572118781507,0.24412437714636326,0.25067851655185225,0.028204809539424117,4.0,0.11272592168381868,0.9650899319272177,0.014641498663777959,0.2068868823079715,0.0509920636479807,0.16751273058022276,0.4735193112966726,0.15301554198256662,15894.0,0.39261091592192354,0.9805660525218249,0.9993774572732457,0.26545120450304754,0.852364010243399,0.14763598975660097,0.7643049882436309,0.9650899319272177,0.033287865820690245,0.002845994879802068,0.014858749384681385,0.07619487034777803,0.05598963981343247,"[15894, 4, 4]",0.25,0.07157384712242214,0.31784993410110474,-0.007199675427309171,-0.35647279024124146,-0.12483152598142623,-0.06340652890503407,-0.0035613521467894316,0.054506213404238224,0.10459573790431026,0.09040121436240883,0.3655189407858831,1.51011323928833,0.3655189407858831,0.012289955280721188,0.18325173556804658,0.25129716843366623,0.34217704832553864,0.4458867236971855,0.5776593923568727,0.1802242865721324,0.02284538361046333,0.09438442438840866,0.02284538361046333,0.0007681312272325158,0.011453388072550297,0.015706310514360666,0.021386437118053436,0.027868436183780432,0.03610470816493035,0.011264352285610197,Reddit-S,0.13041532039642334,3,0.11979632079601288,0.18962164431547812,0.37533795833587646,0.1883180585424374,-0.1694876104593277,0.08092355951666834,0.1335354596376419,0.18820179253816605,0.2510545253753662,0.3019090384244919,0.08447103972630132,1.3457391986130498,1.6444048881530762,1.3457391986130498,1.0016223192214966,1.2288075923919677,1.293326050043106,1.3418309092521667,1.3985904455184937,1.4647852420806886,0.0875068793691127,0.12598616888551378,0.19410087168216705,0.12598616888551378,0.09723866730928421,0.11137261241674423,0.11622654274106026,0.12498048320412636,0.13355997577309608,0.14199791550636293,0.012703994280248772,visual,44
