dataset,seed,modality_scope,intervention,val_acc,val_macro_f1,mean_delta_ce,median_delta_ce,p10_delta_ce,p90_delta_ce,harmed_fraction,improved_fraction,near_zero_fraction,mean_margin_utility,median_margin_utility,prediction_flip_rate,mean_route_l1_change,test_evaluated,status
Movies,42,text_only,normal,0.576784610748291,0.4927922132829584,0.0,0.0,0.0,0.0,0.0,0.0,1.0,0.0,0.0,0.0,0.0,False,complete
Movies,42,visual_only,normal,0.576784610748291,0.4927922132829584,0.0,0.0,0.0,0.0,0.0,0.0,1.0,0.0,0.0,0.0,0.0,False,complete
Movies,42,both,normal,0.576784610748291,0.4927922132829584,0.0,0.0,0.0,0.0,0.0,0.0,1.0,0.0,0.0,0.0,0.0,False,complete
Movies,42,text_only,zero,0.556688666343689,0.4278604712522327,0.13556896150112152,-0.012411462143063545,-0.4198201596736908,0.917258083820343,0.4367126524448395,0.5632873177528381,0.0,0.05211492255330086,0.009165287017822266,0.16976603865623474,0.2499999850988388,False,complete
Movies,42,visual_only,zero,0.526694655418396,0.31679060904057404,0.22177453339099884,-0.004733918700367212,-0.5247209072113037,1.2567299604415894,0.47630470991134644,0.5236952304840088,0.0,0.07987967878580093,0.039653778076171875,0.24115176498889923,0.2499999850988388,False,complete
Movies,42,both,zero,0.5086982250213623,0.2583020030186701,0.5132678151130676,-0.0036335079930722713,-0.6786549091339111,2.480484962463379,0.49040189385414124,0.5095980763435364,0.0,0.3541398048400879,0.25526857376098633,0.2993401288986206,0.2499999850988388,False,complete
Movies,42,text_only,uniform,0.576784610748291,0.49266945507665694,-0.00014108199684415013,-4.866160452365875e-05,-0.003907310776412487,0.0034388115163892508,0.4625074863433838,0.5353928804397583,0.002099580131471157,-0.0009169295080937445,-0.0005764961242675781,0.0011997600086033344,0.014525216072797775,False,complete
Movies,42,visual_only,uniform,0.5773845314979553,0.49252947510771594,-9.45889187278226e-05,-0.00010953471064567566,-0.005324721336364746,0.0054143755696713924,0.4469105899333954,0.5515896677970886,0.001499700010754168,-0.00017184289754368365,-0.00011706352233886719,0.001499700010754168,0.0156375952064991,False,complete
Movies,42,both,uniform,0.5776844620704651,0.4931764813763624,-0.00023842543305363506,-0.00021301209926605225,-0.006578880362212658,0.006139850243926048,0.4289141893386841,0.5704858899116516,0.0005998800043016672,-0.001094229519367218,-0.0007505416870117188,0.0017996400129050016,0.015081405639648438,False,complete
Movies,42,text_only,top1,0.5710857510566711,0.484446991737411,0.006879459135234356,0.0004367167130112648,-0.05959608405828476,0.07813874632120132,0.5212957262992859,0.4787042438983917,0.0,0.01961679942905903,0.007739067077636719,0.01919616013765335,0.36647045612335205,False,complete
Movies,42,visual_only,top1,0.5704858899116516,0.48588515942281074,-0.0018114622216671705,-0.0020631523802876472,-0.14893287420272827,0.14843222498893738,0.4727054536342621,0.5272945165634155,0.0,-0.012026541866362095,-0.007232189178466797,0.05338932201266289,0.3647254705429077,False,complete
Movies,42,both,top1,0.5698860287666321,0.48536579266024493,0.003030112711712718,0.0003013499081134796,-0.14050056040287018,0.15093378722667694,0.5050989389419556,0.49490100145339966,0.0,0.005997809115797281,0.009006500244140625,0.049190159887075424,0.3655979633331299,False,complete
Movies,42,text_only,single_e0,0.5773845314979553,0.4952098038970278,-0.0016007968224585056,0.0011079460382461548,-0.0876045897603035,0.08612173050642014,0.5398920178413391,0.4601079523563385,0.0,-0.0035320245660841465,-0.002918243408203125,0.03239351883530617,0.3775064945220947,False,complete
Movies,42,text_only,drop_e0,0.5737852454185486,0.48988757713315784,0.0021778270602226257,-0.00015582703053951263,-0.02632078342139721,0.030700715258717537,0.4850029945373535,0.5149970054626465,0.0,0.004002988804131746,0.0022292137145996094,0.008098379708826542,0.12249352037906647,False,complete
Movies,42,text_only,single_e1,0.5710857510566711,0.484446991737411,0.006879459135234356,0.0004367167130112648,-0.05959608405828476,0.07813874632120132,0.5212957262992859,0.4787042438983917,0.0,0.01961679942905903,0.007739067077636719,0.01919616013765335,0.36647045612335205,False,complete
Movies,42,text_only,drop_e1,0.5770845413208008,0.4920848115406561,-0.0013621406396850944,-5.776248872280121e-05,-0.026433195918798447,0.02271282486617565,0.4922015368938446,0.507798433303833,0.0,-0.005444478243589401,-0.0021028518676757812,0.006598680280148983,0.13352954387664795,False,complete
Movies,42,text_only,single_e2,0.5743851065635681,0.4871627114062164,0.004117421340197325,0.0010813884437084198,-0.07273951917886734,0.08212041109800339,0.5446910262107849,0.4553089141845703,0.0,0.012448782101273537,0.010584831237792969,0.01889622025191784,0.3690043091773987,False,complete
Movies,42,text_only,drop_e2,0.576784610748291,0.49192441092963496,-0.0001131779863499105,-0.0002771858125925064,-0.02831532247364521,0.028668586164712906,0.4679064154624939,0.5320935845375061,0.0,-0.0029646847397089005,-0.0031647682189941406,0.00779843982309103,0.13099567592144012,False,complete
Movies,42,text_only,single_e3,0.5773845314979553,0.49324569181933714,0.0005761170177720487,-0.0016042105853557587,-0.06137210875749588,0.06244758516550064,0.4442111551761627,0.5554888844490051,0.0002999400021508336,-0.018663765862584114,-0.011682987213134766,0.02249550074338913,0.38701874017715454,False,complete
Movies,42,text_only,drop_e3,0.575584888458252,0.4914003369209247,0.00046038415166549385,0.0005346201360225677,-0.01608945056796074,0.017670361325144768,0.5743851065635681,0.4250149726867676,0.0005998800043016672,0.005841666832566261,0.003694295883178711,0.0026994599029421806,0.11298126727342606,False,complete
Movies,42,visual_only,single_e0,0.5641871690750122,0.48263819464855284,0.034209489822387695,0.013056725263595581,-0.16431190073490143,0.26378196477890015,0.5854828953742981,0.4145170748233795,0.0,0.06576696038246155,0.04385232925415039,0.06628674268722534,0.3696368932723999,False,complete
Movies,42,visual_only,drop_e0,0.5782843232154846,0.4901725446106309,-0.003877529175952077,-0.0023243362084031105,-0.07966174930334091,0.0674816146492958,0.43371325731277466,0.5662867426872253,0.0,-0.01340899895876646,-0.007065296173095703,0.024895019829273224,0.1303630918264389,False,complete
Movies,42,visual_only,single_e1,0.5704858899116516,0.48588515942281074,-0.0018114622216671705,-0.0020631523802876472,-0.14893287420272827,0.14843222498893738,0.4727054536342621,0.5272945165634155,0.0,-0.012026541866362095,-0.007232189178466797,0.05338932201266289,0.3647254705429077,False,complete
Movies,42,visual_only,drop_e1,0.5761847496032715,0.489753245358395,0.005066186189651489,0.001578102819621563,-0.04947841167449951,0.061360519379377365,0.5449909567832947,0.45500898361206055,0.0,0.00970170646905899,0.006715059280395508,0.014996999874711037,0.1352745145559311,False,complete
Movies,42,visual_only,single_e2,0.5797840356826782,0.49320404938341766,0.006962944287806749,-0.0036575645208358765,-0.13694638013839722,0.16616258025169373,0.4430113732814789,0.5569885969161987,0.0,-0.013724250718951225,-0.011014699935913086,0.04889022186398506,0.37921205163002014,False,complete
Movies,42,visual_only,drop_e2,0.573485255241394,0.4891203124255356,0.0014156101970002055,0.0018058717250823975,-0.046953652054071426,0.04922151938080788,0.575584888458252,0.42441511154174805,0.0,0.008832870051264763,0.005540370941162109,0.014097180217504501,0.12078796327114105,False,complete
Movies,42,visual_only,single_e3,0.5674864649772644,0.4639431593351705,0.006168106570839882,0.00014788104454055429,-0.15702348947525024,0.1775107979774475,0.5023995041847229,0.4976004660129547,0.0,0.017688410356640816,0.012184619903564453,0.06238751858472824,0.38642552495002747,False,complete
Movies,42,visual_only,drop_e3,0.575584888458252,0.49520603635025573,0.002545375609770417,0.0005327276885509491,-0.045297566801309586,0.0524032786488533,0.5278943777084351,0.47210556268692017,0.0,0.0011372390436008573,-0.00021076202392578125,0.016796641051769257,0.11357446759939194,False,complete
Movies,43,text_only,normal,0.5761847496032715,0.47799871744572575,0.0,0.0,0.0,0.0,0.0,0.0,1.0,0.0,0.0,0.0,0.0,False,complete
Movies,43,visual_only,normal,0.5761847496032715,0.47799871744572575,0.0,0.0,0.0,0.0,0.0,0.0,1.0,0.0,0.0,0.0,0.0,False,complete
Movies,43,both,normal,0.5761847496032715,0.47799871744572575,0.0,0.0,0.0,0.0,0.0,0.0,1.0,0.0,0.0,0.0,0.0,False,complete
Movies,43,text_only,zero,0.5554888844490051,0.4089149425640858,0.18475529551506042,-0.0020668096840381622,-0.42514920234680176,1.0628046989440918,0.48620274662971497,0.5137972235679626,0.0,0.13654565811157227,0.12619566917419434,0.1715656816959381,0.25,False,complete
Movies,43,visual_only,zero,0.5374925136566162,0.3530271924537268,0.2763671875,-0.0040137749165296555,-0.42062169313430786,1.2518341541290283,0.48320335149765015,0.5167966485023499,0.0,0.16909745335578918,0.05975532531738281,0.20395919680595398,0.25,False,complete
Movies,43,both,zero,0.5056988596916199,0.2504915515288716,0.6087726950645447,0.01752731204032898,-0.5525686144828796,2.554816961288452,0.5191961526870728,0.48080381751060486,0.0,0.545774519443512,0.37105536460876465,0.2783443331718445,0.25,False,complete
Movies,43,text_only,uniform,0.575584888458252,0.47647505959254965,0.0007442671339958906,-0.0004450622946023941,-0.010120153427124023,0.014376492239534855,0.3980203866958618,0.6019796133041382,0.0,-0.0012800904223695397,-0.0008997917175292969,0.002999400021508336,0.02909248322248459,False,complete
Movies,43,visual_only,uniform,0.5749849677085876,0.4748765158107906,0.0017986046150326729,-0.00026211910881102085,-0.02175482176244259,0.0261376965790987,0.47390520572662354,0.5260947346687317,0.0,-0.0020653351675719023,0.0022258758544921875,0.00779843982309103,0.035195570439100266,False,complete
Movies,43,both,uniform,0.5758848190307617,0.474857392128308,0.0026256167329847813,-0.00042204558849334717,-0.027377014979720116,0.034085702151060104,0.4646070599555969,0.5353928804397583,0.0,-0.003245239844545722,0.0024771690368652344,0.01049789972603321,0.03214402683079243,False,complete
Movies,43,text_only,top1,0.5740851759910583,0.475464948527769,-0.0026128748431801796,0.003833262249827385,-0.1330823451280594,0.11245837062597275,0.5737852454185486,0.4262147545814514,0.0,0.017774200066924095,0.01264643669128418,0.0344930998980999,0.3487812876701355,False,complete
Movies,43,visual_only,top1,0.5701859593391418,0.4700964542134053,0.021324582397937775,0.004157970193773508,-0.2270708531141281,0.28668034076690674,0.5416916608810425,0.45830830931663513,0.0,0.0680449977517128,0.02427530288696289,0.08098380267620087,0.3423657715320587,False,complete
Movies,43,both,top1,0.5701859593391418,0.4782623367470971,0.029234979301691055,0.007471798919141293,-0.2790125608444214,0.3437820374965668,0.5602879524230957,0.4397120475769043,0.0,0.0976397693157196,0.035941123962402344,0.09658068418502808,0.3455735296010971,False,complete
Movies,43,text_only,single_e0,0.5740851759910583,0.475464948527769,-0.0026128748431801796,0.003833262249827385,-0.1330823451280594,0.11245837062597275,0.5737852454185486,0.4262147545814514,0.0,0.017774200066924095,0.01264643669128418,0.0344930998980999,0.3487812876701355,False,complete
Movies,43,text_only,drop_e0,0.5764846801757812,0.475084779075562,0.004416464827954769,-0.0012159221805632114,-0.0470888689160347,0.06705085933208466,0.4388122260570526,0.561187744140625,0.0,-0.004088470246642828,-0.0018069744110107422,0.015896819531917572,0.1512187123298645,False,complete
Movies,43,text_only,single_e1,0.5749849677085876,0.47666746867506954,0.004093275871127844,-0.0018432848155498505,-0.07077442109584808,0.08858708292245865,0.448410302400589,0.5515896677970886,0.0,-0.0019654349889606237,-0.0008687973022460938,0.02069585956633091,0.38654983043670654,False,complete
Movies,43,text_only,drop_e1,0.576784610748291,0.47756818314536853,-0.0003602384531404823,0.0006605749949812889,-0.023787129670381546,0.020649539306759834,0.5641871690750122,0.43551287055015564,0.0002999400021508336,0.001959998393431306,0.0008625984191894531,0.004799040034413338,0.11345016956329346,False,complete
Movies,43,text_only,single_e2,0.5749849677085876,0.4747507038271003,0.01249763648957014,-0.004709732718765736,-0.10282626003026962,0.16036316752433777,0.410617858171463,0.5893821120262146,0.0,-0.010046926327049732,-0.004762887954711914,0.033893220126628876,0.39254266023635864,False,complete
Movies,43,text_only,drop_e2,0.575584888458252,0.47596475174861014,-0.0016406473005190492,0.0015571173280477524,-0.039356015622615814,0.029269615188241005,0.6037791967391968,0.39622074365615845,0.0,0.0044734785333275795,0.0023956298828125,0.008398320525884628,0.10745733976364136,False,complete
Movies,43,text_only,single_e3,0.5746850371360779,0.47576333380949043,0.002666162559762597,0.0019356310367584229,-0.06453806161880493,0.06998898833990097,0.5614876747131348,0.4382123351097107,0.0002999400021508336,0.0055208755657076836,0.006033658981323242,0.020095979794859886,0.3721262216567993,False,complete
Movies,43,text_only,drop_e3,0.5725854635238647,0.4750524728881095,-0.00031968747498467565,-0.00046215951442718506,-0.02304481342434883,0.023325229063630104,0.45020994544029236,0.5494900941848755,0.0002999400021508336,-0.0009292574832215905,-0.0014815330505371094,0.006898620165884495,0.1278737634420395,False,complete
Movies,43,visual_only,single_e0,0.5713856816291809,0.47186363839909207,0.014293653890490532,0.0020494237542152405,-0.17994718253612518,0.23454277217388153,0.523395299911499,0.4766046702861786,0.0,0.024029383435845375,0.018915653228759766,0.06208758056163788,0.3848535418510437,False,complete
Movies,43,visual_only,drop_e0,0.5743851065635681,0.47370052205644964,0.0015037694247439504,0.00027190055698156357,-0.059905264526605606,0.061435092240571976,0.5146970152854919,0.4853029251098633,0.0,0.002513309009373188,-0.0011975765228271484,0.014996999874711037,0.1151464581489563,False,complete
Movies,43,visual_only,single_e1,0.5728853940963745,0.47190540979785817,0.007723221555352211,0.006335034966468811,-0.18369868397712708,0.19473399221897125,0.5731853246688843,0.42681461572647095,0.0,0.01463859062641859,0.0003094673156738281,0.050989799201488495,0.3724386692047119,False,complete
Movies,43,visual_only,drop_e1,0.5728853940963745,0.47459996198537374,0.0032359128817915916,-0.0007106214761734009,-0.05695303529500961,0.07262257486581802,0.46910616755485535,0.5305938720703125,0.0002999400021508336,0.004964097402989864,0.0057218074798583984,0.016496699303388596,0.12756134569644928,False,complete
Movies,43,visual_only,single_e2,0.5674864649772644,0.46558133530240325,0.03221770003437996,-0.00016745878383517265,-0.13648152351379395,0.22942760586738586,0.4961007535457611,0.5038992166519165,0.0,-0.004727358929812908,0.018651247024536133,0.05338932201266289,0.40034201741218567,False,complete
Movies,43,visual_only,drop_e2,0.5752848982810974,0.4761615771145647,-0.004039641935378313,0.000409148633480072,-0.05387825891375542,0.04183504357933998,0.5239951610565186,0.47600477933883667,0.0,0.0071425228379666805,-0.0023865699768066406,0.011997600086033344,0.09965799748897552,False,complete
Movies,43,visual_only,single_e3,0.5701859593391418,0.4700964542134053,0.021324582397937775,0.004157970193773508,-0.2270708531141281,0.28668034076690674,0.5416916608810425,0.45830830931663513,0.0,0.0680449977517128,0.02427530288696289,0.08098380267620087,0.3423657715320587,False,complete
Movies,43,visual_only,drop_e3,0.5740851759910583,0.47302748478127665,0.008970784023404121,0.0005009188316762447,-0.09948012977838516,0.12226912379264832,0.5134972929954529,0.48650267720222473,0.0,0.0005410988233052194,0.012617111206054688,0.03419316187500954,0.15763422846794128,False,complete
Movies,44,text_only,normal,0.5890821814537048,0.52318685975925,0.0,0.0,0.0,0.0,0.0,0.0,1.0,0.0,0.0,0.0,0.0,False,complete
Movies,44,visual_only,normal,0.5890821814537048,0.52318685975925,0.0,0.0,0.0,0.0,0.0,0.0,1.0,0.0,0.0,0.0,0.0,False,complete
Movies,44,both,normal,0.5890821814537048,0.52318685975925,0.0,0.0,0.0,0.0,0.0,0.0,1.0,0.0,0.0,0.0,0.0,False,complete
Movies,44,text_only,zero,0.5509898066520691,0.42924972400351386,0.24536938965320587,-0.011326929554343224,-0.40741440653800964,1.2474122047424316,0.43131372332572937,0.5686862468719482,0.0,0.12383828312158585,-0.007214069366455078,0.16106778383255005,0.25,False,complete
Movies,44,visual_only,zero,0.556688666343689,0.4259418136223333,0.19100631773471832,-0.004690198693424463,-0.5727660059928894,1.209828495979309,0.4790041744709015,0.5209957957267761,0.0,-0.0440170019865036,-0.030430316925048828,0.22465506196022034,0.25,False,complete
Movies,44,both,zero,0.529994010925293,0.300933221069108,0.6117425560951233,-0.013101300224661827,-0.6524008512496948,2.8519785404205322,0.4532093405723572,0.546790599822998,0.0,0.27876004576683044,-0.014640569686889648,0.27714455127716064,0.25,False,complete
Movies,44,text_only,uniform,0.5881823301315308,0.5227475052133818,0.0006191018037497997,-0.00027253013104200363,-0.013324224390089512,0.016123943030834198,0.43761247396469116,0.5623875260353088,0.0,-0.0005907181766815484,0.00013113021850585938,0.004199160262942314,0.06648115813732147,False,complete
Movies,44,visual_only,uniform,0.5881823301315308,0.5252450039414766,-0.000631284317933023,-0.00025890208780765533,-0.020793596282601357,0.0195798147469759,0.4679064154624939,0.5314936637878418,0.0005998800043016672,-0.0028526021633297205,-0.001110076904296875,0.0050989799201488495,0.038657672703266144,False,complete
Movies,44,both,uniform,0.5875824689865112,0.5253956818878629,9.519882587483153e-05,-0.0005705002695322037,-0.02826509438455105,0.030532244592905045,0.4532093405723572,0.546790599822998,0.0,-0.0033480110578238964,-0.0021486282348632812,0.007498499937355518,0.05256941542029381,False,complete
Movies,44,text_only,top1,0.5896820425987244,0.5266697666867683,0.004181773401796818,-0.00014526257291436195,-0.057877033948898315,0.07379234582185745,0.48650267720222473,0.5134972929954529,0.0,0.0030054778326302767,-0.0032110214233398438,0.02099579945206642,0.33480343222618103,False,complete
Movies,44,visual_only,top1,0.584583044052124,0.5263678468768823,0.0179830901324749,0.004101496189832687,-0.13484832644462585,0.1857139766216278,0.550089955329895,0.4499100148677826,0.0,0.03947937488555908,0.01966238021850586,0.05038991943001747,0.33634233474731445,False,complete
Movies,44,both,top1,0.5842831134796143,0.5214700458818682,0.022791530936956406,0.004610954783856869,-0.14545829594135284,0.209031343460083,0.5479903817176819,0.4520095884799957,0.0,0.044584713876247406,0.022803783416748047,0.058188360184431076,0.33557288348674774,False,complete
Movies,44,text_only,single_e0,0.5851829648017883,0.522257947367945,0.005913735833019018,-0.0018246956169605255,-0.09754153341054916,0.1235528364777565,0.44631072878837585,0.5536892414093018,0.0,-0.001418058411218226,-0.0033240318298339844,0.03149370104074478,0.40775805711746216,False,complete
Movies,44,text_only,drop_e0,0.5890821814537048,0.5243912857228092,-0.00016788493667263538,0.0005855420604348183,-0.02479163371026516,0.022995471954345703,0.573485255241394,0.4262147545814514,0.0002999400021508336,0.0016719362465664744,0.0021772384643554688,0.006598680280148983,0.09224194288253784,False,complete
Movies,44,text_only,single_e1,0.5842831134796143,0.5227235536861807,0.006218187510967255,-0.000881941057741642,-0.05635403096675873,0.07756239920854568,0.4592081308364868,0.5407918095588684,0.0,0.002115223789587617,0.0032606124877929688,0.021895620971918106,0.4087231159210205,False,complete
Movies,44,text_only,drop_e1,0.5893821120262146,0.5229533084307381,-0.0008390655275434256,0.000276325736194849,-0.015635225921869278,0.012712155468761921,0.548890233039856,0.4508098363876343,0.0002999400021508336,0.00014511728659272194,-0.0005307197570800781,0.001499700010754168,0.09127688407897949,False,complete
Movies,44,text_only,single_e2,0.5896820425987244,0.5266697666867683,0.004181773401796818,-0.00014526257291436195,-0.057877033948898315,0.07379234582185745,0.48650267720222473,0.5134972929954529,0.0,0.0030054778326302767,-0.0032110214233398438,0.02099579945206642,0.33480343222618103,False,complete
Movies,44,text_only,drop_e2,0.5869826078414917,0.5244117387898851,-0.000789887213613838,0.00011124252341687679,-0.03554210439324379,0.032358165830373764,0.5176964402198792,0.48170363903045654,0.0005998800043016672,-0.0005370508879423141,0.0017495155334472656,0.014097180217504501,0.16519658267498016,False,complete
Movies,44,text_only,single_e3,0.5875824689865112,0.5227635293625246,-0.0035045745316892862,0.003779962658882141,-0.09889030456542969,0.07730866968631744,0.6160767674446106,0.38362327218055725,0.0002999400021508336,0.00557585759088397,0.0034589767456054688,0.02969405986368656,0.3487153947353363,False,complete
Movies,44,text_only,drop_e3,0.5869826078414917,0.5244515207642197,0.003272170899435878,-0.0012328475713729858,-0.03124532476067543,0.045484770089387894,0.39622074365615845,0.6037791967391968,0.0,-0.0004252311773598194,-0.0004143714904785156,0.011697660200297832,0.1512846052646637,False,complete
Movies,44,visual_only,single_e0,0.5797840356826782,0.5132020208368063,0.007718905806541443,0.0017720889300107956,-0.13072116672992706,0.14919570088386536,0.5308938026428223,0.4688062369823456,0.0002999400021508336,0.015895292162895203,0.008982419967651367,0.0446910597383976,0.39233672618865967,False,complete
Movies,44,visual_only,drop_e0,0.5890821814537048,0.5249095672156433,0.00040962727507576346,-8.879881352186203e-05,-0.03701499104499817,0.039669666439294815,0.4907018542289734,0.5092981457710266,0.0,-0.0006251646555028856,0.00024271011352539062,0.010797839611768723,0.10766328871250153,False,complete
Movies,44,visual_only,single_e1,0.584583044052124,0.5263678468768823,0.0179830901324749,0.004101496189832687,-0.13484832644462585,0.1857139766216278,0.550089955329895,0.4499100148677826,0.0,0.03947937488555908,0.01966238021850586,0.05038991943001747,0.33634233474731445,False,complete
Movies,44,visual_only,drop_e1,0.5836832523345947,0.5191159883403043,-0.0015617082826793194,-0.0005568910855799913,-0.0752260684967041,0.07443183660507202,0.48170363903045654,0.5182963013648987,0.0,-0.009420107118785381,-0.004105091094970703,0.023695260286331177,0.16365766525268555,False,complete
Movies,44,visual_only,single_e2,0.5839831829071045,0.5232020695975688,0.003205143613740802,0.0010076689068228006,-0.1537882387638092,0.16447384655475616,0.5230953693389893,0.47690460085868835,0.0,0.000805701594799757,-0.006401538848876953,0.049490101635456085,0.37860098481178284,False,complete
Movies,44,visual_only,drop_e2,0.5866826176643372,0.5235928680488049,0.003315664129331708,5.715247243642807e-05,-0.04569362848997116,0.05708496645092964,0.5035992860794067,0.4961007535457611,0.0002999400021508336,0.00510375527665019,0.004581451416015625,0.016196759417653084,0.12139901518821716,False,complete
Movies,44,visual_only,single_e3,0.5785842537879944,0.509559078986028,0.01435996126383543,-0.002800310030579567,-0.20802393555641174,0.26730725169181824,0.4523095190525055,0.5476904511451721,0.0,-0.0018345460994169116,-0.032111167907714844,0.0689861997961998,0.39271998405456543,False,complete
Movies,44,visual_only,drop_e3,0.5872825384140015,0.5254208486122812,0.0026111258193850517,0.002058860380202532,-0.06270158290863037,0.06521163135766983,0.5821835398674011,0.41751646995544434,0.0002999400021508336,0.010261624120175838,0.01838541030883789,0.02099579945206642,0.10728001594543457,False,complete
Toys,42,text_only,normal,0.8050253987312317,0.7815589218265191,0.0,0.0,0.0,0.0,0.0,0.0,1.0,0.0,0.0,0.0,0.0,False,complete
Toys,42,visual_only,normal,0.8050253987312317,0.7815589218265191,0.0,0.0,0.0,0.0,0.0,0.0,1.0,0.0,0.0,0.0,0.0,False,complete
Toys,42,both,normal,0.8050253987312317,0.7815589218265191,0.0,0.0,0.0,0.0,0.0,0.0,1.0,0.0,0.0,0.0,0.0,False,complete
Toys,42,text_only,zero,0.7941532135009766,0.7630241710342678,0.054838359355926514,-0.0011469200253486633,-0.12282706052064896,0.2997332811355591,0.3884996473789215,0.609809160232544,0.0016912297578528523,-0.14005234837532043,-0.11640453338623047,0.042039141058921814,0.25,False,complete
Toys,42,visual_only,zero,0.7963276505470276,0.7649807366975845,-0.003123012138530612,0.002001737942919135,-0.21363431215286255,0.23075872659683228,0.6122251749038696,0.3853587806224823,0.002416042611002922,0.19778698682785034,0.14723682403564453,0.055810581892728806,0.25,False,complete
Toys,42,both,zero,0.7844890356063843,0.7495699378803539,0.0555746927857399,0.0004117474891245365,-0.229418084025383,0.4766550064086914,0.5245228409767151,0.473785936832428,0.0016912297578528523,0.11724694073200226,0.11038637161254883,0.08576951175928116,0.25,False,complete
Toys,42,text_only,uniform,0.8045421838760376,0.7812560294176295,2.6792944481712766e-05,-5.238223820924759e-06,-0.0018891096115112305,0.0018630861304700375,0.4298139810562134,0.53829425573349,0.03189176321029663,-0.001236253883689642,-0.0010056495666503906,0.0007248127367347479,0.01701217144727707,False,complete
Toys,42,visual_only,uniform,0.8043005466461182,0.7809698572588814,9.917403804138303e-05,-8.866190910339355e-06,-0.009352168068289757,0.008957421407103539,0.46605461835861206,0.5206571817398071,0.013288234360516071,0.001978021115064621,-0.0003399848937988281,0.0016912297578528523,0.027533214539289474,False,complete
Toys,42,both,uniform,0.8045421838760376,0.7811195593425148,0.00011611312947934493,-1.0606308933347464e-05,-0.00980122946202755,0.00889288168400526,0.46194732189178467,0.5245228409767151,0.013529838062822819,0.0006996071897447109,-0.00025653839111328125,0.0014496254734694958,0.022272692993283272,False,complete
Toys,42,text_only,top1,0.8033341765403748,0.7785278202006614,5.4665524658048525e-05,-5.6026503443717957e-05,-0.03215506300330162,0.03314525634050369,0.467745840549469,0.5274220705032349,0.004832085222005844,-0.008604761213064194,-0.0061492919921875,0.008214544504880905,0.36628854274749756,False,complete
Toys,42,visual_only,top1,0.7997100949287415,0.7780811875791191,0.022991765290498734,0.0002457834780216217,-0.09221573173999786,0.1805790364742279,0.5237980484962463,0.474027544260025,0.0021744382102042437,0.019572511315345764,-0.01035451889038086,0.03527422249317169,0.3609597086906433,False,complete
Toys,42,both,top1,0.7977772355079651,0.7751807777047854,0.020292937755584717,0.00014385499525815248,-0.09083098918199539,0.16930507123470306,0.5211403965950012,0.47668519616127014,0.0021744382102042437,-0.0005933752981945872,-0.024666309356689453,0.03382459655404091,0.36362412571907043,False,complete
Toys,42,text_only,single_e0,0.8050253987312317,0.7806653278520359,0.002002798020839691,0.0002912611817009747,-0.0527464859187603,0.06569673866033554,0.5752597451210022,0.42087462544441223,0.003865668084472418,0.053354937583208084,0.03946971893310547,0.01642908900976181,0.3666992783546448,False,complete
Toys,42,text_only,drop_e0,0.8050253987312317,0.7824108740718884,0.0008770513231866062,-2.2625434212386608e-05,-0.02136528678238392,0.02215432934463024,0.4650881886482239,0.5298381447792053,0.005073689389973879,-0.01108076423406601,-0.006793498992919922,0.007731336168944836,0.13330070674419403,False,complete
Toys,42,text_only,single_e1,0.8023677468299866,0.7814781882395953,0.008024493232369423,0.00015259196516126394,-0.06401930004358292,0.08375627547502518,0.5433679819107056,0.4530079662799835,0.003624063916504383,0.02140127867460251,0.026474952697753906,0.02077796682715416,0.378131628036499,False,complete
Toys,42,text_only,drop_e1,0.8035757541656494,0.779544947846347,-0.0009609449771232903,-3.4458935260772705e-06,-0.022766361013054848,0.02302796207368374,0.4877989888191223,0.5056777000427246,0.006523314863443375,0.00016106099064927548,-0.001987457275390625,0.004107272252440453,0.12186835706233978,False,complete
Toys,42,text_only,single_e2,0.8033341765403748,0.7785278202006614,5.4665524658048525e-05,-5.6026503443717957e-05,-0.03215506300330162,0.03314525634050369,0.467745840549469,0.5274220705032349,0.004832085222005844,-0.008604761213064194,-0.0061492919921875,0.008214544504880905,0.36628854274749756,False,complete
Toys,42,text_only,drop_e2,0.8040589690208435,0.7807386498004928,0.0006203138618730009,3.431434743106365e-05,-0.011107301339507103,0.01269261073321104,0.5409519076347351,0.45107513666152954,0.007972940802574158,0.005606509279459715,0.005139350891113281,0.0033824595157057047,0.13371144235134125,False,complete
Toys,42,text_only,single_e3,0.8052669763565063,0.7803223348977187,-0.0004761952441185713,-0.0001623113639652729,-0.038033001124858856,0.03392058610916138,0.42498189210891724,0.5706692337989807,0.004348876420408487,-0.028638435527682304,-0.025499820709228516,0.011113795451819897,0.38888052105903625,False,complete
Toys,42,text_only,drop_e3,0.8043005466461182,0.7817291093853166,0.000570038566365838,6.821693386882544e-05,-0.009421518072485924,0.011865830048918724,0.5820246338844299,0.41024401783943176,0.007731336168944836,0.00974027905613184,0.007856369018554688,0.003865668084472418,0.11111946403980255,False,complete
Toys,42,visual_only,single_e0,0.7946363687515259,0.7712839878009559,0.02251764014363289,0.0009779321262612939,-0.08984893560409546,0.18403051793575287,0.6042522192001343,0.39333173632621765,0.002416042611002922,0.09004020690917969,0.07569074630737305,0.041072722524404526,0.3659743666648865,False,complete
Toys,42,visual_only,drop_e0,0.8064749836921692,0.7816085660967711,-0.0008488346356898546,-7.635628571733832e-05,-0.04920801892876625,0.042761530727148056,0.44551825523376465,0.5498912930488586,0.004590481054037809,-0.010392754338681698,-0.013167381286621094,0.01208021305501461,0.13402564823627472,False,complete
Toys,42,visual_only,single_e1,0.7997100949287415,0.7780811875791191,0.022991765290498734,0.0002457834780216217,-0.09221573173999786,0.1805790364742279,0.5237980484962463,0.474027544260025,0.0021744382102042437,0.019572511315345764,-0.01035451889038086,0.03527422249317169,0.3609597086906433,False,complete
Toys,42,visual_only,drop_e1,0.8038173317909241,0.7815933627787707,0.0018168111564591527,4.6951055992394686e-05,-0.0508284717798233,0.05639977380633354,0.5266972780227661,0.47016188502311707,0.00314085534773767,0.027524156495928764,0.024791240692138672,0.013529838062822819,0.1390402913093567,False,complete
Toys,42,visual_only,single_e2,0.797294020652771,0.7720585418454847,0.015270724892616272,1.1086212907684967e-05,-0.10526376217603683,0.14664500951766968,0.5056777000427246,0.4916646480560303,0.002657646778970957,0.07023286074399948,0.04245185852050781,0.0304421354085207,0.4025332033634186,False,complete
Toys,42,visual_only,drop_e2,0.8043005466461182,0.7819664950275355,0.00030107767088338733,4.471093416213989e-05,-0.02800520695745945,0.031377509236335754,0.5349118113517761,0.4585648775100708,0.006523314863443375,-0.0008781003998592496,0.00029087066650390625,0.008456149138510227,0.09746680408716202,False,complete
Toys,42,visual_only,single_e3,0.8047837615013123,0.7804493604875726,0.004400572273880243,5.840542144142091e-06,-0.12351994216442108,0.14358846843242645,0.5020536184310913,0.4933559000492096,0.004590481054037809,0.05188073217868805,0.008921623229980469,0.03551582619547844,0.37053272128105164,False,complete
Toys,42,visual_only,drop_e3,0.8004348874092102,0.7772430217990389,0.006457680836319923,7.697637192904949e-05,-0.03692208230495453,0.05933030694723129,0.5486832857131958,0.4472094774246216,0.004107272252440453,0.011302303522825241,0.0164644718170166,0.013288234360516071,0.12946727871894836,False,complete
Toys,43,text_only,normal,0.8043005466461182,0.7782086394610922,0.0,0.0,0.0,0.0,0.0,0.0,1.0,0.0,0.0,0.0,0.0,False,complete
Toys,43,visual_only,normal,0.8043005466461182,0.7782086394610922,0.0,0.0,0.0,0.0,0.0,0.0,1.0,0.0,0.0,0.0,0.0,False,complete
Toys,43,both,normal,0.8043005466461182,0.7782086394610922,0.0,0.0,0.0,0.0,0.0,0.0,1.0,0.0,0.0,0.0,0.0,False,complete
Toys,43,text_only,zero,0.7965692281723022,0.7649177113123814,0.05917324125766754,-0.0007046980317682028,-0.1355893909931183,0.3355712294578552,0.3918820917606354,0.6044938564300537,0.003624063916504383,-0.10987689346075058,-0.09538745880126953,0.047112829983234406,0.25,False,complete
Toys,43,visual_only,zero,0.797294020652771,0.7702258363807227,0.013098550029098988,0.0012762956321239471,-0.1433318555355072,0.1894385814666748,0.6252717971801758,0.37086254358291626,0.003865668084472418,0.23633866012096405,0.14506053924560547,0.04517999663949013,0.25,False,complete
Toys,43,both,zero,0.7832809686660767,0.7526849895917983,0.08249422907829285,0.0006515532732009888,-0.19713345170021057,0.4789954721927643,0.5539985299110413,0.44358542561531067,0.002416042611002922,0.23025162518024445,0.14665746688842773,0.07900459319353104,0.25,False,complete
Toys,43,text_only,uniform,0.8045421838760376,0.7784156530194626,0.00040273810736835003,-2.4309847503900528e-05,-0.004233026411384344,0.0046773189678788185,0.38149312138557434,0.5909640192985535,0.02754288539290428,-0.0053597684018313885,-0.00331878662109375,0.00048320851055905223,0.025699622929096222,False,complete
Toys,43,visual_only,uniform,0.8045421838760376,0.7783067458570835,-0.00048572206287644804,-2.622153260745108e-06,-0.009413545951247215,0.008435746654868126,0.4795844554901123,0.5078521370887756,0.01256342139095068,-0.003115390194579959,-0.0011878013610839844,0.0021744382102042437,0.03260085731744766,False,complete
Toys,43,both,uniform,0.8043005466461182,0.7778482785034817,-7.40457689971663e-05,-2.6884954422712326e-05,-0.011801814660429955,0.011446019634604454,0.4315052032470703,0.5501328706741333,0.018361924216151237,-0.008390218019485474,-0.004471778869628906,0.0028992509469389915,0.029150240123271942,False,complete
Toys,43,text_only,top1,0.8014013171195984,0.7767808399778903,-0.007172048557549715,0.0017828901764005423,-0.08779247850179672,0.06535609811544418,0.6987195014953613,0.2983812689781189,0.0028992509469389915,0.1561271697282791,0.10385513305664062,0.021985987201333046,0.360350102186203,False,complete
Toys,43,visual_only,top1,0.7982604503631592,0.7709643744636632,0.01580110192298889,0.0002456202928442508,-0.07132837921380997,0.12434898316860199,0.5407103300094604,0.4563904404640198,0.0028992509469389915,0.06380227953195572,0.030996322631835938,0.023677216842770576,0.34239915013313293,False,complete
Toys,43,both,top1,0.79511958360672,0.7698529457456567,0.0072412737645208836,0.0023333728313446045,-0.13006636500358582,0.16171666979789734,0.6634452939033508,0.3331722617149353,0.0033824595157057047,0.22310085594654083,0.1719684600830078,0.035999033600091934,0.35137462615966797,False,complete
Toys,43,text_only,single_e0,0.8014013171195984,0.7767808399778903,-0.007172048557549715,0.0017828901764005423,-0.08779247850179672,0.06535609811544418,0.6987195014953613,0.2983812689781189,0.0028992509469389915,0.1561271697282791,0.10385513305664062,0.021985987201333046,0.360350102186203,False,complete
Toys,43,text_only,drop_e0,0.8021261096000671,0.7750554457471758,0.005799675825983286,-0.0003963373601436615,-0.021940475329756737,0.038496531546115875,0.32616573572158813,0.6651365160942078,0.008697752840816975,-0.049721505492925644,-0.033438682556152344,0.007489732000976801,0.13964992761611938,False,complete
Toys,43,text_only,single_e1,0.7982604503631592,0.7703292054018507,0.016727503389120102,-0.00043235108023509383,-0.04699374735355377,0.11341367661952972,0.3839091658592224,0.6105339527130127,0.005556897725909948,-0.05215194448828697,-0.041974544525146484,0.017637111246585846,0.36395028233528137,False,complete
Toys,43,text_only,drop_e1,0.8045421838760376,0.7786331635041445,-0.0039019426330924034,0.0003082752227783203,-0.036512039601802826,0.0203687883913517,0.6421841382980347,0.3488765358924866,0.008939357474446297,0.028392193838953972,0.02324676513671875,0.005798501893877983,0.13604974746704102,False,complete
Toys,43,text_only,single_e2,0.8018845319747925,0.7771782357776745,-0.0031620936933904886,1.4305010154203046e-06,-0.0758335068821907,0.06045849993824959,0.5008456110954285,0.49214786291122437,0.007006523199379444,-0.0051542543806135654,-0.00840902328491211,0.017637111246585846,0.3802763819694519,False,complete
Toys,43,text_only,drop_e2,0.8030925393104553,0.7767987526087912,0.0022882865741848946,9.297211363445967e-06,-0.01750936545431614,0.027321334928274155,0.5213819742202759,0.4631553590297699,0.015462672337889671,0.008153689093887806,0.007645130157470703,0.004832085222005844,0.1197236105799675,False,complete
Toys,43,text_only,single_e3,0.799468457698822,0.7719909522867482,0.015754517167806625,-0.00017721671611070633,-0.07717429101467133,0.11576175689697266,0.4298139810562134,0.5653539299964905,0.004832085222005844,-0.04238761216402054,-0.03717470169067383,0.023677216842770576,0.3954232335090637,False,complete
Toys,43,text_only,drop_e3,0.8045421838760376,0.7785479419774903,-0.001832486828789115,0.00010451918933540583,-0.02415446750819683,0.022555161267518997,0.5938632488250732,0.39478135108947754,0.011355400085449219,0.01914169080555439,0.016971111297607422,0.004590481054037809,0.10457678884267807,False,complete
Toys,43,visual_only,single_e0,0.7982604503631592,0.7709643744636632,0.01580110192298889,0.0002456202928442508,-0.07132837921380997,0.12434898316860199,0.5407103300094604,0.4563904404640198,0.0028992509469389915,0.06380227953195572,0.030996322631835938,0.023677216842770576,0.34239915013313293,False,complete
Toys,43,visual_only,drop_e0,0.8033341765403748,0.7771892141953504,-0.0016543922247365117,-7.629278115928173e-06,-0.04493866488337517,0.0462762787938118,0.4863493740558624,0.5080937743186951,0.005556897725909948,-0.005852844566106796,-0.0027875900268554688,0.013288234360516071,0.15760086476802826,False,complete
Toys,43,visual_only,single_e1,0.797294020652771,0.7689154492953832,0.0222653616219759,-5.482547567225993e-05,-0.09676617383956909,0.1626485139131546,0.4682290554046631,0.5281469225883484,0.003624063916504383,-0.06283612549304962,-0.0261077880859375,0.03213336691260338,0.39110803604125977,False,complete
Toys,43,visual_only,drop_e1,0.8033341765403748,0.7779331764626358,-0.0017450874438509345,9.52316913753748e-05,-0.03438000753521919,0.03239109367132187,0.568253219127655,0.42353224754333496,0.008214544504880905,0.034455422312021255,0.02239847183227539,0.008697752840816975,0.10889198631048203,False,complete
Toys,43,visual_only,single_e2,0.799468457698822,0.7750849951537447,0.0033420841209590435,0.0005287854000926018,-0.123866967856884,0.1502842754125595,0.5815414190292358,0.4145928919315338,0.003865668084472418,0.1354541927576065,0.06540083885192871,0.03793186694383621,0.388591468334198,False,complete
Toys,43,visual_only,drop_e2,0.8026093244552612,0.7758837205754998,0.0047897519543766975,-2.0555220544338226e-05,-0.03407442197203636,0.04601534828543663,0.4653297960758209,0.5259724855422974,0.008697752840816975,-0.018900103867053986,-0.004566669464111328,0.008697752840816975,0.111408531665802,False,complete
Toys,43,visual_only,single_e3,0.8009181022644043,0.775039985158969,0.0008541474235244095,6.971016409806907e-05,-0.09431002289056778,0.10161691159009933,0.5250060558319092,0.47257792949676514,0.002416042611002922,0.01772700436413288,0.023115873336791992,0.02585165575146675,0.3779013752937317,False,complete
Toys,43,visual_only,drop_e3,0.8006765246391296,0.7744442949237138,0.0030369325540959835,-2.3841835172788706e-07,-0.027327576652169228,0.03573385998606682,0.4952887296676636,0.49722155928611755,0.007489732000976801,0.00797213427722454,0.0022215843200683594,0.008456149138510227,0.12209862470626831,False,complete
Toys,44,text_only,normal,0.8055086135864258,0.7771647853052746,0.0,0.0,0.0,0.0,0.0,0.0,1.0,0.0,0.0,0.0,0.0,False,complete
Toys,44,visual_only,normal,0.8055086135864258,0.7771647853052746,0.0,0.0,0.0,0.0,0.0,0.0,1.0,0.0,0.0,0.0,0.0,False,complete
Toys,44,both,normal,0.8055086135864258,0.7771647853052746,0.0,0.0,0.0,0.0,0.0,0.0,1.0,0.0,0.0,0.0,0.0,False,complete
Toys,44,text_only,zero,0.801642894744873,0.7698940573676736,0.032672420144081116,-0.0015077199786901474,-0.1349833458662033,0.23697039484977722,0.36917129158973694,0.6293790936470032,0.0014496254734694958,-0.10890447348356247,-0.10282444953918457,0.04228074476122856,0.25,False,complete
Toys,44,visual_only,zero,0.797294020652771,0.7706539258925037,0.013634010218083858,0.001249972265213728,-0.13967280089855194,0.21011480689048767,0.6008697748184204,0.39743900299072266,0.0016912297578528523,0.1513824164867401,0.08113956451416016,0.051461707800626755,0.25,False,complete
Toys,44,both,zero,0.7898043394088745,0.757373457481941,0.042291685938835144,1.9548235286492854e-05,-0.2080029994249344,0.3642859160900116,0.5010872483253479,0.49722155928611755,0.0016912297578528523,0.07755345851182938,0.06516504287719727,0.07272288203239441,0.25,False,complete
Toys,44,text_only,uniform,0.8057501912117004,0.7776754045766859,4.1637955291662365e-05,7.222965359687805e-05,-0.003040551906451583,0.0029406186658889055,0.6552307605743408,0.32882338762283325,0.015945881605148315,0.0038403449580073357,0.0029549598693847656,0.0007248127367347479,0.023423664271831512,False,complete
Toys,44,visual_only,uniform,0.8050253987312317,0.7773983891799173,0.00011098953109467402,-2.9483577236533165e-05,-0.012872224673628807,0.013138328678905964,0.44745108485221863,0.5445759892463684,0.007972940802574158,-0.009285981766879559,-0.0026547908782958984,0.0028992509469389915,0.04809465631842613,False,complete
Toys,44,both,uniform,0.8057501912117004,0.7782100820708773,0.00014340406050905585,-6.074260454624891e-06,-0.011900423094630241,0.012585707008838654,0.4822421073913574,0.5100265741348267,0.007731336168944836,-0.005437301006168127,-0.0016965866088867188,0.002657646778970957,0.03575916029512882,False,complete
Toys,44,text_only,top1,0.8069581985473633,0.777417272770309,-0.001583118923008442,-0.00017437618225812912,-0.03996317461133003,0.044394541531801224,0.44358542561531067,0.5537569522857666,0.002657646778970957,-0.022408176213502884,-0.019872665405273438,0.009905774146318436,0.35830599069595337,False,complete
Toys,44,visual_only,top1,0.8023677468299866,0.7740031687024254,0.015562769025564194,0.002130235079675913,-0.1002175509929657,0.15934573113918304,0.6501570343971252,0.3479101359844208,0.001932834042236209,0.17062018811702728,0.1079869270324707,0.03527422249317169,0.34138980507850647,False,complete
Toys,44,both,top1,0.801642894744873,0.7711933770943975,0.01410144753754139,0.001908191479742527,-0.1094403862953186,0.16631720960140228,0.6334863305091858,0.365305632352829,0.001208021305501461,0.15451636910438538,0.10810661315917969,0.03986470028758049,0.3498478978872299,False,complete
Toys,44,text_only,single_e0,0.8069581985473633,0.777417272770309,-0.001583118923008442,-0.00017437618225812912,-0.03996317461133003,0.044394541531801224,0.44358542561531067,0.5537569522857666,0.002657646778970957,-0.022408176213502884,-0.019872665405273438,0.009905774146318436,0.35830599069595337,False,complete
Toys,44,text_only,drop_e0,0.8064749836921692,0.7795657770196203,0.0015325472922995687,0.00011211354285478592,-0.01565101183950901,0.016606183722615242,0.5747765302658081,0.417733758687973,0.007489732000976801,0.0125648258253932,0.010753631591796875,0.004590481054037809,0.14169399440288544,False,complete
Toys,44,text_only,single_e1,0.8045421838760376,0.7786529318750114,0.005894402042031288,-7.740803994238377e-06,-0.03679358959197998,0.049375981092453,0.4906982481479645,0.5049529075622559,0.004348876420408487,0.007807820104062557,0.011444091796875,0.01087219174951315,0.38259437680244446,False,complete
Toys,44,text_only,drop_e1,0.8071998357772827,0.7784453882834143,-0.0011398793430998921,1.5372264897450805e-05,-0.013943144120275974,0.012386666610836983,0.5221067667007446,0.4691954553127289,0.008697752840816975,-0.0006729806191287935,-0.0014591217041015625,0.0028992509469389915,0.11740559339523315,False,complete
Toys,44,text_only,single_e2,0.8052669763565063,0.7789011045209411,0.0009277350618503988,0.001902605639770627,-0.06253821402788162,0.07006420940160751,0.686880886554718,0.311186283826828,0.001932834042236209,0.0887628123164177,0.07295775413513184,0.01739550568163395,0.39082926511764526,False,complete
Toys,44,text_only,drop_e2,0.8062334060668945,0.7787313200244261,0.0012557703303173184,-0.0003078877925872803,-0.017699599266052246,0.02032281644642353,0.3442860543727875,0.6508818864822388,0.004832085222005844,-0.019438618794083595,-0.016303062438964844,0.005556897725909948,0.10917073488235474,False,complete
Toys,44,text_only,single_e3,0.8047837615013123,0.7782651337794101,0.004987648688256741,-0.0002721436321735382,-0.04442014545202255,0.054950352758169174,0.4141097068786621,0.5844407081604004,0.0014496254734694958,-0.019467206671833992,-0.021753549575805664,0.01208021305501461,0.3682703375816345,False,complete
Toys,44,text_only,drop_e3,0.8057501912117004,0.7781922079372652,-0.00061868253396824,0.00017030024901032448,-0.017792318016290665,0.017973706126213074,0.6088427305221558,0.3875332176685333,0.003624063916504383,0.013098113238811493,0.012004852294921875,0.004348876420408487,0.13172966241836548,False,complete
Toys,44,visual_only,single_e0,0.7975356578826904,0.7741392583189889,0.01859721727669239,0.0001452947035431862,-0.15289635956287384,0.2095443159341812,0.5221067667007446,0.4754771888256073,0.002416042611002922,-0.001453500590287149,0.01430368423461914,0.043005555868148804,0.39682936668395996,False,complete
Toys,44,visual_only,drop_e0,0.8064749836921692,0.7786326822009534,0.0016032104613259435,3.238394856452942e-05,-0.038025613874197006,0.04825906082987785,0.5264557003974915,0.46895384788513184,0.004590481054037809,0.01945767179131508,0.017543792724609375,0.012321816757321358,0.10317063331604004,False,complete
Toys,44,visual_only,single_e1,0.8035757541656494,0.7759431108502436,0.005585188511759043,-5.670927930623293e-05,-0.062121808528900146,0.08750894665718079,0.47475236654281616,0.52186518907547,0.0033824595157057047,-0.009847165085375309,-0.016315460205078125,0.021502777934074402,0.4012652635574341,False,complete
Toys,44,visual_only,drop_e1,0.8074414134025574,0.7793271210321256,0.0004159242089372128,5.1209935918450356e-05,-0.019222402945160866,0.019545648247003555,0.5455424189567566,0.44914230704307556,0.005315293557941914,0.00880106259137392,0.008365154266357422,0.005073689389973879,0.09873470664024353,False,complete
Toys,44,visual_only,single_e2,0.8062334060668945,0.7799645462827971,0.009997441433370113,-0.00017586816102266312,-0.06955976039171219,0.08095131069421768,0.4402029514312744,0.555689811706543,0.004107272252440453,-0.03084500879049301,-0.031832218170166016,0.015945881605148315,0.3605155348777771,False,complete
Toys,44,visual_only,drop_e2,0.8071998357772827,0.7797539599765455,-0.0001503010862506926,0.00020065531134605408,-0.025342367589473724,0.0308041051030159,0.5974873304367065,0.39429813623428345,0.008214544504880905,0.02368210256099701,0.018280982971191406,0.009664170444011688,0.1394844651222229,False,complete
Toys,44,visual_only,single_e3,0.8023677468299866,0.7740031687024254,0.015562769025564194,0.002130235079675913,-0.1002175509929657,0.15934573113918304,0.6501570343971252,0.3479101359844208,0.001932834042236209,0.17062018811702728,0.1079869270324707,0.03527422249317169,0.34138980507850647,False,complete
Toys,44,visual_only,drop_e3,0.8028509616851807,0.7773303441720819,0.004184176679700613,-0.0002693701535463333,-0.055206771939992905,0.0667167380452156,0.41386809945106506,0.5827494859695435,0.0033824595157057047,-0.03363876789808273,-0.01765155792236328,0.014013046398758888,0.15861019492149353,False,complete
Grocery,42,text_only,normal,0.8363103866577148,0.7780775544719098,0.0,0.0,0.0,0.0,0.0,0.0,1.0,0.0,0.0,0.0,0.0,False,complete
Grocery,42,visual_only,normal,0.8363103866577148,0.7780775544719098,0.0,0.0,0.0,0.0,0.0,0.0,1.0,0.0,0.0,0.0,0.0,False,complete
Grocery,42,both,normal,0.8363103866577148,0.7780775544719098,0.0,0.0,0.0,0.0,0.0,0.0,1.0,0.0,0.0,0.0,0.0,False,complete
Grocery,42,text_only,zero,0.8207906484603882,0.7608673310503766,0.09858207404613495,-7.55267683416605e-05,-0.07440748810768127,0.3825516104698181,0.4005856513977051,0.5862371921539307,0.013177160173654556,-0.1963016539812088,-0.12479019165039062,0.050366032868623734,0.25,False,complete
Grocery,42,visual_only,zero,0.8213763236999512,0.7502943358721591,0.11262957751750946,-2.7124304324388504e-05,-0.13714808225631714,0.3802545666694641,0.4594436287879944,0.5317716002464294,0.008784772828221321,-0.15104921162128448,-0.1046600341796875,0.06442166864871979,0.2499999850988388,False,complete
Grocery,42,both,zero,0.8166911005973816,0.7448640642808784,0.17484790086746216,-3.7311518099159e-05,-0.11053798347711563,0.5636978149414062,0.44421669840812683,0.5475841760635376,0.008199121803045273,-0.22650492191314697,-0.1086130142211914,0.06822840869426727,0.2499999925494194,False,complete
Grocery,42,text_only,uniform,0.8360176086425781,0.7778412195351461,0.0023131119087338448,-3.122816269751638e-05,-0.005045995581895113,0.01149110309779644,0.28491947054862976,0.6688140630722046,0.046266473829746246,-0.0218687541782856,-0.015310287475585938,0.001171303098089993,0.026103828102350235,False,complete
Grocery,42,visual_only,uniform,0.8357247710227966,0.7784713854543408,0.0005824213731102645,-4.7683579396107234e-07,-0.014489710330963135,0.01443429384380579,0.456515371799469,0.49165448546409607,0.05183016136288643,-0.004907714668661356,-0.0044651031494140625,0.002635431941598654,0.020874928683042526,False,complete
Grocery,42,both,uniform,0.8348462581634521,0.7767013216065318,0.002755686640739441,-1.692635123617947e-05,-0.00918559730052948,0.017521649599075317,0.3680819869041443,0.589751124382019,0.04216691106557846,-0.027138562873005867,-0.01476144790649414,0.002342606196179986,0.02348937839269638,False,complete
Grocery,42,text_only,top1,0.8363103866577148,0.7806014421607316,-0.01544331107288599,0.0006723252590745687,-0.08467266708612442,0.06635656207799911,0.7431918382644653,0.25153735280036926,0.005270863883197308,0.2874220013618469,0.19612932205200195,0.014641288667917252,0.34924668073654175,False,complete
Grocery,42,visual_only,top1,0.8161054253578186,0.7572146343428006,0.05755207687616348,0.0006146086379885674,-0.11008948087692261,0.34628599882125854,0.6445095539093018,0.34407028555870056,0.011420205235481262,0.38175168633461,0.2856264114379883,0.0609077624976635,0.3552652597427368,False,complete
Grocery,42,both,top1,0.8204978108406067,0.7643184212109606,0.020214904099702835,0.001310387859120965,-0.141490638256073,0.2661847770214081,0.7086383700370789,0.28491947054862976,0.006442166864871979,0.560785174369812,0.4064970016479492,0.05534407123923302,0.3522559702396393,False,complete
Grocery,42,text_only,single_e0,0.831039547920227,0.7728427264972829,0.029534779489040375,-1.5496116247959435e-06,-0.03419468179345131,0.13683174550533295,0.4778916537761688,0.5033674836158752,0.018740849569439888,0.013409994542598724,0.005248546600341797,0.017276721075177193,0.3789244592189789,False,complete
Grocery,42,text_only,drop_e0,0.8371888995170593,0.7832200318950329,-0.006355550605803728,1.5852536307647824e-05,-0.03351852297782898,0.014240586198866367,0.5590044260025024,0.4011712968349457,0.03982430696487427,0.01461931224912405,0.013678550720214844,0.005856515374034643,0.12107552587985992,False,complete
Grocery,42,text_only,single_e1,0.8395314812660217,0.7854600966405337,-0.000621704151853919,-4.0275597712025046e-05,-0.0460176020860672,0.03432536870241165,0.3877013325691223,0.5909224152565002,0.02137628197669983,-0.06391149759292603,-0.0464167594909668,0.011127379722893238,0.3746494948863983,False,complete
Grocery,42,text_only,drop_e1,0.8354319334030151,0.7771930708510645,0.001356003456749022,2.7981819584965706e-05,-0.009740353561937809,0.017381615936756134,0.619033694267273,0.34787702560424805,0.03308931365609169,0.028146514669060707,0.02077960968017578,0.002635431941598654,0.12535050511360168,False,complete
Grocery,42,text_only,single_e2,0.8363103866577148,0.7806014421607316,-0.01544331107288599,0.0006723252590745687,-0.08467266708612442,0.06635656207799911,0.7431918382644653,0.25153735280036926,0.005270863883197308,0.2874220013618469,0.19612932205200195,0.014641288667917252,0.34924668073654175,False,complete
Grocery,42,text_only,drop_e2,0.8354319334030151,0.7790845991596369,0.013090332970023155,-0.00010263617150485516,-0.021847475320100784,0.05114929378032684,0.3098096549510956,0.6714494824409485,0.018740849569439888,-0.09326022118330002,-0.06077098846435547,0.009370424784719944,0.15075331926345825,False,complete
Grocery,42,text_only,single_e3,0.8339678049087524,0.7753843876996361,0.029822461307048798,-0.00013176538050174713,-0.05291568115353584,0.13388356566429138,0.34963396191596985,0.6345534324645996,0.015812592580914497,-0.14999763667583466,-0.14127540588378906,0.026647144928574562,0.39717936515808105,False,complete
Grocery,42,text_only,drop_e3,0.8363103866577148,0.7811296470811081,-0.003086724318563938,9.47178341448307e-05,-0.028436200693249702,0.017014795914292336,0.6904831528663635,0.28491947054862976,0.02459736540913582,0.05967109650373459,0.04824542999267578,0.0049780383706092834,0.10282063484191895,False,complete
Grocery,42,visual_only,single_e0,0.8301610946655273,0.7692879562545741,0.00574103370308876,3.2304320484399796e-05,-0.10421784222126007,0.15209455788135529,0.5265007615089417,0.4562225639820099,0.017276721075177193,0.04517052322626114,0.058611392974853516,0.032210834324359894,0.37385982275009155,False,complete
Grocery,42,visual_only,drop_e0,0.833674967288971,0.7740632883798918,0.007568551693111658,1.4305041986517608e-06,-0.03442477434873581,0.056181393563747406,0.5036603212356567,0.46881407499313354,0.02752562239766121,0.022692037746310234,0.012042999267578125,0.013177160173654556,0.12614017724990845,False,complete
Grocery,42,visual_only,single_e1,0.8161054253578186,0.7572146343428006,0.05755207687616348,0.0006146086379885674,-0.11008948087692261,0.34628599882125854,0.6445095539093018,0.34407028555870056,0.011420205235481262,0.38175168633461,0.2856264114379883,0.0609077624976635,0.3552652597427368,False,complete
Grocery,42,visual_only,drop_e1,0.8360176086425781,0.7787639968128098,0.010406117886304855,-8.343195077031851e-07,-0.06776007264852524,0.09176237881183624,0.4799414575099945,0.49809664487838745,0.021961933001875877,-0.006732295732945204,-0.005918025970458984,0.017276721075177193,0.14473477005958557,False,complete
Grocery,42,visual_only,single_e2,0.8257687091827393,0.7648796974174603,0.04953845590353012,0.0003931013634428382,-0.1190185695886612,0.2864333987236023,0.5821376442909241,0.40644216537475586,0.011420205235481262,0.1890004724264145,0.18667125701904297,0.050366032868623734,0.3943447470664978,False,complete
Grocery,42,visual_only,drop_e2,0.8360176086425781,0.7791558061166834,0.003183845430612564,8.344627531187143e-07,-0.04216448590159416,0.06006068363785744,0.49838948249816895,0.4802342653274536,0.02137628197669983,0.026951825246214867,0.012544631958007812,0.012884333729743958,0.1056552454829216,False,complete
Grocery,42,visual_only,single_e3,0.8278184533119202,0.7663621074669533,0.05933649465441704,-1.2990029063075781e-05,-0.08700139075517654,0.25278836488723755,0.4758418798446655,0.510395348072052,0.013762811198830605,0.061279021203517914,-0.00043392181396484375,0.040995609015226364,0.37653017044067383,False,complete
Grocery,42,visual_only,drop_e3,0.8351390957832336,0.7778288228828868,-0.002323952503502369,7.148174336180091e-05,-0.04984638839960098,0.046889085322618484,0.563103973865509,0.41024890542030334,0.026647144928574562,0.03397699445486069,0.022527217864990234,0.012884333729743958,0.12346982210874557,False,complete
Grocery,43,text_only,normal,0.8395314812660217,0.7473761785522473,0.0,0.0,0.0,0.0,0.0,0.0,1.0,0.0,0.0,0.0,0.0,False,complete
Grocery,43,visual_only,normal,0.8395314812660217,0.7473761785522473,0.0,0.0,0.0,0.0,0.0,0.0,1.0,0.0,0.0,0.0,0.0,False,complete
Grocery,43,both,normal,0.8395314812660217,0.7473761785522473,0.0,0.0,0.0,0.0,0.0,0.0,1.0,0.0,0.0,0.0,0.0,False,complete
Grocery,43,text_only,zero,0.8374817371368408,0.746327198356554,0.05019805580377579,-0.0007689468911848962,-0.10247757285833359,0.23126280307769775,0.3294290006160736,0.664714515209198,0.005856515374034643,-0.3084046542644501,-0.2598299980163574,0.04480234533548355,0.25,False,complete
Grocery,43,visual_only,zero,0.826647162437439,0.7334992513743684,0.03359442204236984,0.00016221334226429462,-0.13867083191871643,0.21710339188575745,0.5458272695541382,0.4500732123851776,0.004099560901522636,0.08227308094501495,0.12708282470703125,0.05710102617740631,0.25,False,complete
Grocery,43,both,zero,0.8140556812286377,0.7149435678365814,0.11868955940008163,-1.4185796317178756e-05,-0.17362599074840546,0.5274023413658142,0.4910688102245331,0.5060029625892639,0.0029282576870173216,0.08933156728744507,0.05075407028198242,0.08784773200750351,0.25,False,complete
Grocery,43,text_only,uniform,0.8392386436462402,0.7463958395636231,0.00013348749780561775,-3.5728036891669035e-05,-0.004045325797051191,0.003771393559873104,0.28199121356010437,0.6734992861747742,0.04450951889157295,-0.008913449011743069,-0.0067005157470703125,0.002049780450761318,0.029680270701646805,False,complete
Grocery,43,visual_only,uniform,0.838653028011322,0.7448206000393927,0.000462225463707,7.61763658374548e-06,-0.004507351201027632,0.005503433290868998,0.544070303440094,0.41317716240882874,0.04275256395339966,0.004689468536525965,0.003299713134765625,0.002635431941598654,0.012719832360744476,False,complete
Grocery,43,both,uniform,0.8383601903915405,0.7447414331459632,0.0005760116619057953,-2.1450978238135576e-06,-0.005168861243873835,0.005804848857223988,0.44070279598236084,0.5165446400642395,0.04275256395339966,-0.004205610603094101,-0.0015916824340820312,0.002635431941598654,0.02120005153119564,False,complete
Grocery,43,text_only,top1,0.8371888995170593,0.7437792550130633,0.003432006109505892,0.00042734481394290924,-0.0341181755065918,0.05299552157521248,0.7106881737709045,0.28199121356010437,0.007320644333958626,0.10633110255002975,0.08006906509399414,0.015812592580914497,0.34855902194976807,False,complete
Grocery,43,visual_only,top1,0.8374817371368408,0.7413082349839949,0.010111228562891483,0.00010536774061620235,-0.04303596168756485,0.08258428424596786,0.5584187507629395,0.4322108328342438,0.009370424784719944,0.09732331335544586,0.0663447380065918,0.01815519854426384,0.3701019883155823,False,complete
Grocery,43,both,top1,0.8339678049087524,0.739539514684741,0.01620860956609249,0.0007998645305633545,-0.05407698452472687,0.1266716569662094,0.6535871028900146,0.3390922546386719,0.007320644333958626,0.20600995421409607,0.1520545482635498,0.026647144928574562,0.35933050513267517,False,complete
Grocery,43,text_only,single_e0,0.8398243188858032,0.7516948785223273,0.0022613215260207653,-0.0002616127021610737,-0.04565580561757088,0.04393182694911957,0.3569546043872833,0.6325036883354187,0.010541727766394615,-0.07217787206172943,-0.05438947677612305,0.014641288667917252,0.3851429224014282,False,complete
Grocery,43,text_only,drop_e0,0.8392386436462402,0.7471062357907833,0.00042004446731880307,0.00012682960368692875,-0.010935104452073574,0.015522822737693787,0.6609077453613281,0.31742313504219055,0.02166910655796528,0.027448387816548347,0.022052764892578125,0.005563689861446619,0.11485707759857178,False,complete
Grocery,43,text_only,single_e1,0.8371888995170593,0.7437792550130633,0.003432006109505892,0.00042734481394290924,-0.0341181755065918,0.05299552157521248,0.7106881737709045,0.28199121356010437,0.007320644333958626,0.10633110255002975,0.08006906509399414,0.015812592580914497,0.34855902194976807,False,complete
Grocery,43,text_only,drop_e1,0.8389458656311035,0.7486073377484193,0.0006712885806336999,-9.592296555638313e-05,-0.01943899318575859,0.017982935532927513,0.3300146460533142,0.6541727781295776,0.015812592580914497,-0.034777574241161346,-0.027545452117919922,0.007320644333958626,0.15144096314907074,False,complete
Grocery,43,text_only,single_e2,0.8374817371368408,0.7426328849378744,0.0011473136255517602,7.197211380116642e-05,-0.04030534252524376,0.04253728687763214,0.5487555265426636,0.44070279598236084,0.010541727766394615,0.035907357931137085,0.020209789276123047,0.016105417162179947,0.37176069617271423,False,complete
Grocery,43,text_only,drop_e2,0.8398243188858032,0.7479323494903692,0.0009212627192027867,-8.343769877683371e-06,-0.012320307083427906,0.015662768855690956,0.4556369185447693,0.5256222486495972,0.018740849569439888,-0.008155317977070808,-0.004338264465332031,0.006149341352283955,0.12823930382728577,False,complete
Grocery,43,text_only,single_e3,0.8404099941253662,0.7543095606681857,0.005129110999405384,-0.00012930546654388309,-0.033631548285484314,0.03623642027378082,0.3651537299156189,0.623426079750061,0.011420205235481262,-0.05150623619556427,-0.023609161376953125,0.012591508217155933,0.3945373594760895,False,complete
Grocery,43,text_only,drop_e3,0.8395314812660217,0.7453640991604396,-0.0005473942146636546,6.325019057840109e-05,-0.008880526758730412,0.010148166678845882,0.6418740749359131,0.3300146460533142,0.028111275285482407,0.01792178489267826,0.009282588958740234,0.004099560901522636,0.10546262562274933,False,complete
Grocery,43,visual_only,single_e0,0.8377745151519775,0.7462035047315734,0.0076011912897229195,-8.463324775220826e-06,-0.06089354306459427,0.0733557716012001,0.4740849435329437,0.5159590244293213,0.009956076741218567,-0.0199855025857687,-0.01586437225341797,0.02166910655796528,0.37203487753868103,False,complete
Grocery,43,visual_only,drop_e0,0.8377745151519775,0.7426594035207212,0.0006734438939020038,1.9778497517108917e-05,-0.017509568482637405,0.02639605477452278,0.5475841760635376,0.43250367045402527,0.019912153482437134,0.021448303014039993,0.012725830078125,0.008199121803045273,0.12796510756015778,False,complete
Grocery,43,visual_only,single_e1,0.8301610946655273,0.7341836275993493,0.0509100966155529,0.0009579453617334366,-0.09157804399728775,0.25160321593284607,0.6087847948074341,0.3853587210178375,0.005856515374034643,0.2594558000564575,0.17906522750854492,0.04773060232400894,0.3877198398113251,False,complete
Grocery,43,visual_only,drop_e1,0.838653028011322,0.744240328760214,-0.0004384797648526728,-4.219476250000298e-05,-0.044435881078243256,0.045709073543548584,0.43894582986831665,0.5467057228088379,0.014348463155329227,-0.03131632134318352,-0.024104595184326172,0.01229868270456791,0.11228014528751373,False,complete
Grocery,43,visual_only,single_e2,0.827232837677002,0.7353442730925338,0.025946345180273056,-2.073607174679637e-05,-0.10458927601575851,0.20912587642669678,0.4775988459587097,0.517423152923584,0.0049780383706092834,-0.0010114198084920645,-0.03933906555175781,0.044216692447662354,0.3701433539390564,False,complete
Grocery,43,visual_only,drop_e2,0.838653028011322,0.7440598820445564,0.01021928247064352,0.0001270965440198779,-0.03600816801190376,0.06769000738859177,0.5874084830284119,0.4011712968349457,0.011420205235481262,0.06219394505023956,0.04372406005859375,0.01844802312552929,0.1298566609621048,False,complete
Grocery,43,visual_only,single_e3,0.8374817371368408,0.7413082349839949,0.010111228562891483,0.00010536774061620235,-0.04303596168756485,0.08258428424596786,0.5584187507629395,0.4322108328342438,0.009370424784719944,0.09732331335544586,0.0663447380065918,0.01815519854426384,0.3701019883155823,False,complete
Grocery,43,visual_only,drop_e3,0.8398243188858032,0.7499961183590178,-0.000787201221100986,-3.695338818943128e-06,-0.024006128311157227,0.019800053909420967,0.47320646047592163,0.5077598690986633,0.019033676013350487,-0.0159456767141819,-0.010367870330810547,0.008784772828221321,0.12989801168441772,False,complete
Grocery,44,text_only,normal,0.8392386436462402,0.754727215055198,0.0,0.0,0.0,0.0,0.0,0.0,1.0,0.0,0.0,0.0,0.0,False,complete
Grocery,44,visual_only,normal,0.8392386436462402,0.754727215055198,0.0,0.0,0.0,0.0,0.0,0.0,1.0,0.0,0.0,0.0,0.0,False,complete
Grocery,44,both,normal,0.8392386436462402,0.754727215055198,0.0,0.0,0.0,0.0,0.0,0.0,1.0,0.0,0.0,0.0,0.0,False,complete
Grocery,44,text_only,zero,0.8289897441864014,0.7307236045166732,0.04021730273962021,-0.0003131093690171838,-0.093625009059906,0.18414992094039917,0.35256221890449524,0.6412884593009949,0.006149341352283955,-0.1996096819639206,-0.1589803695678711,0.04245973750948906,0.2499999850988388,False,complete
Grocery,44,visual_only,zero,0.8248901963233948,0.724970863226056,0.05939335748553276,9.272147144656628e-05,-0.11901833117008209,0.29636040329933167,0.5341142416000366,0.4623718857765198,0.003513909410685301,0.027627717703580856,0.06037759780883789,0.050366032868623734,0.25,False,complete
Grocery,44,both,zero,0.812591552734375,0.7078471349422613,0.11101233214139938,-1.4304995602287818e-05,-0.15922464430332184,0.3935915231704712,0.4863836169242859,0.5112738013267517,0.002342606196179986,0.00552075169980526,0.03608417510986328,0.06705710291862488,0.2499999925494194,False,complete
Grocery,44,text_only,uniform,0.8392386436462402,0.754678228329756,0.000156334150233306,-1.3576005585491657e-05,-0.0025682151317596436,0.0023520763497799635,0.2983894646167755,0.6275256276130676,0.07408492267131805,-0.0052561042830348015,-0.003635406494140625,0.0005856515490449965,0.0138961561024189,False,complete
Grocery,44,visual_only,uniform,0.838653028011322,0.7535503252212088,0.00044664228335022926,-2.3841366783017293e-06,-0.007403028197586536,0.008711275644600391,0.4500732123851776,0.5153733491897583,0.034553442150354385,-0.0028969994746148586,-0.004091739654541016,0.002342606196179986,0.021523885428905487,False,complete
Grocery,44,both,uniform,0.8392386436462402,0.7546085527783191,0.0005970302736386657,-1.106085255742073e-05,-0.007259434554725885,0.008181468583643436,0.3929722011089325,0.5724743604660034,0.034553442150354385,-0.008160555735230446,-0.005066871643066406,0.002049780450761318,0.017710020765662193,False,complete
Grocery,44,text_only,top1,0.8354319334030151,0.7492570541155829,-0.001252829097211361,-8.344577508978546e-07,-0.04493768513202667,0.04454204440116882,0.4837481677532196,0.49956077337265015,0.016691070050001144,-0.009317896328866482,-0.00904083251953125,0.013177160173654556,0.3664865493774414,False,complete
Grocery,44,visual_only,top1,0.8371888995170593,0.7563531533054567,0.009575454518198967,0.00010352052049711347,-0.09805970638990402,0.139837384223938,0.5654465556144714,0.4292825758457184,0.005270863883197308,0.09938929229974747,0.12126922607421875,0.031918007880449295,0.35439532995224,False,complete
Grocery,44,both,top1,0.8327965140342712,0.7433890832868345,0.0018067443743348122,8.142483420670033e-05,-0.0829978734254837,0.11029945313930511,0.5575402975082397,0.43836018443107605,0.004099560901522636,0.06581160426139832,0.04518556594848633,0.03016105480492115,0.3604409396648407,False,complete
Grocery,44,text_only,single_e0,0.8363103866577148,0.7502629308672468,0.005522257648408413,0.0003485986962914467,-0.03769851475954056,0.05504410341382027,0.6711567044258118,0.31859445571899414,0.010248902253806591,0.1322939246892929,0.08148193359375,0.014641288667917252,0.3710106611251831,False,complete
Grocery,44,text_only,drop_e0,0.838653028011322,0.7536725397088545,-0.00036400387762114406,-6.087799556553364e-05,-0.016787370666861534,0.015969039872288704,0.35051244497299194,0.6295754313468933,0.019912153482437134,-0.0401170551776886,-0.024157047271728516,0.004099560901522636,0.1289893388748169,False,complete
Grocery,44,text_only,single_e1,0.8366032242774963,0.7507219012009888,0.0028043047059327364,6.816085078753531e-05,-0.045334864407777786,0.06039879471063614,0.5651537179946899,0.4190336763858795,0.015812592580914497,0.06009586900472641,0.03776121139526367,0.012884333729743958,0.3736066222190857,False,complete
Grocery,44,text_only,drop_e1,0.8383601903915405,0.7521902889687723,0.0007465038797818124,-5.595036782324314e-06,-0.01735772006213665,0.019274290651082993,0.4465593099594116,0.5226939916610718,0.0307467058300972,-0.01482376642525196,-0.008726119995117188,0.005856515374034643,0.1263934075832367,False,complete
Grocery,44,text_only,single_e2,0.8354319334030151,0.7492570541155829,-0.001252829097211361,-8.344577508978546e-07,-0.04493768513202667,0.04454204440116882,0.4837481677532196,0.49956077337265015,0.016691070050001144,-0.009317896328866482,-0.00904083251953125,0.013177160173654556,0.3664865493774414,False,complete
Grocery,44,text_only,drop_e2,0.8389458656311035,0.7548442457147402,0.001825867686420679,6.078451406210661e-06,-0.013644570484757423,0.019224515184760094,0.5218155384063721,0.453001469373703,0.025183016434311867,0.009821641258895397,0.007588863372802734,0.003513909410685301,0.1335134357213974,False,complete
Grocery,44,text_only,single_e3,0.8366032242774963,0.7509007835611866,0.011427154764533043,-0.000281914253719151,-0.06576243042945862,0.0851501002907753,0.35256221890449524,0.6357247829437256,0.011713030748069286,-0.13629768788814545,-0.09746646881103516,0.02371888794004917,0.3888961374759674,False,complete
Grocery,44,text_only,drop_e3,0.8371888995170593,0.752913445360459,-0.00022937016910873353,0.00016638182569295168,-0.017896123230457306,0.023938311263918877,0.6732064485549927,0.3042459785938263,0.022547584027051926,0.050363291054964066,0.03559446334838867,0.005856515374034643,0.1111038476228714,False,complete
Grocery,44,visual_only,single_e0,0.833674967288971,0.7450502009591289,0.01687580533325672,-2.384184938364342e-07,-0.07872062921524048,0.13659687340259552,0.49721816182136536,0.49809664487838745,0.004685212392359972,0.03892936557531357,-0.02375030517578125,0.03279648721218109,0.3915727436542511,False,complete
Grocery,44,visual_only,drop_e0,0.8389458656311035,0.7549573000401318,0.00011491792974993587,1.0728377674240619e-05,-0.028206590563058853,0.029017232358455658,0.5352855324745178,0.453001469373703,0.011713030748069286,0.005743951536715031,0.023457050323486328,0.00673499284312129,0.10842723399400711,False,complete
Grocery,44,visual_only,single_e1,0.8327965140342712,0.7407844286331086,0.018024057149887085,-6.460274016717449e-05,-0.1041419506072998,0.16189005970954895,0.44070279598236084,0.5543192028999329,0.0049780383706092834,-0.05574360489845276,-0.051328182220458984,0.037774525582790375,0.3799511194229126,False,complete
Grocery,44,visual_only,drop_e1,0.8366032242774963,0.7511398532237938,0.003716616425663233,0.00010607378499116749,-0.0353974848985672,0.051953162997961044,0.5964860916137695,0.3920937180519104,0.011420205235481262,0.05855688080191612,0.044350624084472656,0.01229868270456791,0.12004885822534561,False,complete
Grocery,44,visual_only,single_e2,0.8286969661712646,0.7413833835888194,0.030600620433688164,0.0005091666243970394,-0.10457616299390793,0.2013787478208542,0.5997071862220764,0.3956076204776764,0.004685212392359972,0.21051067113876343,0.19188308715820312,0.03865300118923187,0.3740807771682739,False,complete
Grocery,44,visual_only,drop_e2,0.8377745151519775,0.7484276790389847,-0.000975338916759938,-4.4568441808223724e-05,-0.04152807965874672,0.046593714505434036,0.43484628200531006,0.5546120405197144,0.010541727766394615,-0.02967548929154873,-0.03627634048461914,0.014641288667917252,0.1259191930294037,False,complete
Grocery,44,visual_only,single_e3,0.8371888995170593,0.7563531533054567,0.009575454518198967,0.00010352052049711347,-0.09805970638990402,0.139837384223938,0.5654465556144714,0.4292825758457184,0.005270863883197308,0.09938929229974747,0.12126922607421875,0.031918007880449295,0.35439532995224,False,complete
Grocery,44,visual_only,drop_e3,0.8360176086425781,0.7489336129365867,0.005585712380707264,-1.7879574443213642e-06,-0.03777632862329483,0.05667203292250633,0.4840410053730011,0.5039531588554382,0.012005857191979885,-0.00071271404158324,-0.023264408111572266,0.013762811198830605,0.14560467004776,False,complete
ele-fashion,42,text_only,normal,0.8793085813522339,0.7596312643101716,0.0,0.0,0.0,0.0,0.0,0.0,1.0,0.0,0.0,0.0,0.0,False,complete
ele-fashion,42,visual_only,normal,0.8793085813522339,0.7596312643101716,0.0,0.0,0.0,0.0,0.0,0.0,1.0,0.0,0.0,0.0,0.0,False,complete
ele-fashion,42,both,normal,0.8793085813522339,0.7596312643101716,0.0,0.0,0.0,0.0,0.0,0.0,1.0,0.0,0.0,0.0,0.0,False,complete
ele-fashion,42,text_only,zero,0.871842086315155,0.7437800061207984,0.06312604993581772,-0.00021885597379878163,-0.0586366206407547,0.11035314947366714,0.35818758606910706,0.6348573565483093,0.0069550988264381886,-0.37059593200683594,-0.20815634727478027,0.025877058506011963,0.25,False,complete
ele-fashion,42,visual_only,zero,0.8645801544189453,0.7500704267299412,0.03112783096730709,-0.00010620844841469079,-0.060277290642261505,0.14722245931625366,0.40718013048171997,0.5870921611785889,0.005727728363126516,-0.4540053904056549,-0.19998502731323242,0.04019638150930405,0.2499999850988388,False,complete
ele-fashion,42,both,zero,0.8594661355018616,0.7429561055645528,0.08954187482595444,-0.00020035682246088982,-0.07408443838357925,0.24898825585842133,0.38201904296875,0.6127646565437317,0.005216324236243963,-0.8788447380065918,-0.4133281707763672,0.049810782074928284,0.2499999925494194,False,complete
ele-fashion,42,text_only,uniform,0.8776720762252808,0.7566421381306981,0.0018702067900449038,5.363777745515108e-06,-0.01885131746530533,0.022779162973165512,0.5208141803741455,0.4575023055076599,0.021683543920516968,0.031022515147924423,0.035906314849853516,0.006239132955670357,0.22830656170845032,False,complete
ele-fashion,42,visual_only,uniform,0.8769561052322388,0.7550684960081978,0.00444863410666585,-0.0001823706552386284,-0.017334066331386566,0.02193928323686123,0.31318399310112,0.6785312294960022,0.008284750394523144,-0.19215211272239685,-0.08416891098022461,0.006239132955670357,0.2381928265094757,False,complete
ele-fashion,42,both,uniform,0.8765470385551453,0.7546476948823281,0.00726828770712018,-0.00011485349386930466,-0.02456502988934517,0.03590548783540726,0.35716477036476135,0.6350618600845337,0.007773345801979303,-0.16082653403282166,-0.07397651672363281,0.010432648472487926,0.233249694108963,False,complete
ele-fashion,42,text_only,top1,0.8793085813522339,0.7612842527083082,0.0006193960434757173,-2.860959284589626e-06,-0.012540003284811974,0.014626058749854565,0.4589342474937439,0.5125294327735901,0.0285363607108593,-0.013342137448489666,-0.022181987762451172,0.004602639004588127,0.14669343829154968,False,complete
ele-fashion,42,visual_only,top1,0.8783880472183228,0.7567541877271743,0.0012915540719404817,6.546033546328545e-05,-0.019274478778243065,0.021396437659859657,0.6046844720840454,0.38784903287887573,0.007466502953320742,0.10094495862722397,0.058441162109375,0.0037843920290470123,0.17351339757442474,False,complete
ele-fashion,42,both,top1,0.8783880472183228,0.7578185090876816,0.0019185681594535708,3.349555845488794e-05,-0.018785858526825905,0.02500787377357483,0.5710340738296509,0.42160171270370483,0.007364222314208746,0.0901183933019638,0.026561260223388672,0.006239132955670357,0.1601034179329872,False,complete
ele-fashion,42,text_only,single_e0,0.8793085813522339,0.7612842527083082,0.0006193960434757173,-2.860959284589626e-06,-0.012540003284811974,0.014626058749854565,0.4589342474937439,0.5125294327735901,0.0285363607108593,-0.013342137448489666,-0.022181987762451172,0.004602639004588127,0.14669343829154968,False,complete
ele-fashion,42,text_only,drop_e0,0.8760356307029724,0.7526816522277225,0.008275140076875687,9.65489016380161e-06,-0.029452526941895485,0.04392128437757492,0.5271555781364441,0.45770686864852905,0.01513756811618805,0.06659165024757385,0.05633258819580078,0.010330366902053356,0.3533065915107727,False,complete
ele-fashion,42,text_only,single_e1,0.8707169890403748,0.7449000599474723,0.035246651619672775,3.4210996091132984e-05,-0.04640646651387215,0.12389613687992096,0.5366677045822144,0.4561726450920105,0.007159660570323467,0.2611185610294342,0.09636926651000977,0.022399509325623512,0.4426301419734955,False,complete
ele-fashion,42,text_only,drop_e1,0.879513144493103,0.7598217693601264,0.00014874115004204214,-1.7881275198305957e-06,-0.008183811791241169,0.007444188930094242,0.45872968435287476,0.5090518593788147,0.03221847116947174,-0.019920948892831802,-0.009856700897216797,0.0023524598218500614,0.057369887828826904,False,complete
ele-fashion,42,text_only,single_e2,0.8745014071464539,0.7522845425885344,0.032186612486839294,1.656900712987408e-05,-0.03722395747900009,0.07651087641716003,0.5328832864761353,0.46016159653663635,0.0069550988264381886,0.0021345950663089752,-0.009051799774169922,0.01708090491592884,0.4493371844291687,False,complete
ele-fashion,42,text_only,drop_e2,0.8797177076339722,0.7610473101159058,-0.0014303835341706872,-3.57618773705326e-07,-0.005971643142402172,0.005230892915278673,0.47448092699050903,0.4818451404571533,0.04367392882704735,0.0030304205138236284,0.002452850341796875,0.0013296512188389897,0.050662811845541,False,complete
ele-fashion,42,text_only,single_e3,0.871126115322113,0.7545782232445224,0.01752069592475891,1.906687975861132e-05,-0.0569658987224102,0.10690202564001083,0.5064948201179504,0.4854249954223633,0.008080188184976578,0.11045938730239868,0.055722713470458984,0.025774778798222542,0.46133923530578613,False,complete
ele-fashion,42,text_only,drop_e3,0.8786948919296265,0.7594610021017548,0.00175864330958575,7.152357284212485e-07,-0.004837969783693552,0.006410759873688221,0.4943234324455261,0.4787767231464386,0.02689986675977707,0.0051469276659190655,-0.0025730133056640625,0.0013296512188389897,0.038660790771245956,False,complete
ele-fashion,42,visual_only,single_e0,0.8713306784629822,0.7518925850025291,0.011005127802491188,-7.008848479017615e-05,-0.041903991252183914,0.07101345807313919,0.410657674074173,0.5830009579658508,0.0063414135947823524,-0.20748919248580933,-0.09350395202636719,0.02362687885761261,0.49280333518981934,False,complete
ele-fashion,42,visual_only,drop_e0,0.8793085813522339,0.7600213216137447,-1.8551039829617366e-05,2.7408532332628965e-06,-0.0006648421403951943,0.000664365419652313,0.5636698603630066,0.3304694592952728,0.10586069524288177,0.0032665105536580086,0.0018239021301269531,0.00020456172933336347,0.007196650840342045,False,complete
ele-fashion,42,visual_only,single_e1,0.8779789209365845,0.7553843365078937,0.018133634701371193,-0.0006012854864820838,-0.034785665571689606,0.04814520850777626,0.25140637159347534,0.7424567937850952,0.006136851850897074,-0.43147146701812744,-0.2424759864807129,0.010432648472487926,0.4953894317150116,False,complete
ele-fashion,42,visual_only,drop_e1,0.8793085813522339,0.7600213216137447,-0.00012737502402160317,9.52114351093769e-06,-0.0003145009104628116,0.00038315047277137637,0.6885547637939453,0.20834612846374512,0.10309911519289017,0.0037382778245955706,0.0024127960205078125,0.00020456172933336347,0.00461055152118206,False,complete
ele-fashion,42,visual_only,single_e2,0.8769561052322388,0.7606757034162495,0.004422210622578859,-7.104021642589942e-05,-0.035902053117752075,0.05069054663181305,0.4084074795246124,0.585148811340332,0.0064436946995556355,-0.22561800479888916,-0.109954833984375,0.011557737365365028,0.33829379081726074,False,complete
ele-fashion,42,visual_only,drop_e2,0.8782857656478882,0.7558931979577977,0.0014162249863147736,5.5068026995286345e-05,-0.01866741292178631,0.019641244783997536,0.6009000539779663,0.3911220133304596,0.007977907545864582,0.08896342664957047,0.052887916564941406,0.0035798302851617336,0.16170623898506165,False,complete
ele-fashion,42,visual_only,single_e3,0.8783880472183228,0.7567541877271743,0.0012915540719404817,6.546033546328545e-05,-0.019274478778243065,0.021396437659859657,0.6046844720840454,0.38784903287887573,0.007466502953320742,0.10094495862722397,0.058441162109375,0.0037843920290470123,0.17351339757442474,False,complete
ele-fashion,42,visual_only,drop_e3,0.877365231513977,0.7610150073424861,0.004155026748776436,-7.294102397281677e-05,-0.03473449498414993,0.04810241609811783,0.4056459069252014,0.5877058506011963,0.006648255977779627,-0.2345769703388214,-0.1120157241821289,0.011250895448029041,0.32648658752441406,False,complete
ele-fashion,43,text_only,normal,0.8800245523452759,0.76848780623347,0.0,0.0,0.0,0.0,0.0,0.0,1.0,0.0,0.0,0.0,0.0,False,complete
ele-fashion,43,visual_only,normal,0.8800245523452759,0.76848780623347,0.0,0.0,0.0,0.0,0.0,0.0,1.0,0.0,0.0,0.0,0.0,False,complete
ele-fashion,43,both,normal,0.8800245523452759,0.76848780623347,0.0,0.0,0.0,0.0,0.0,0.0,1.0,0.0,0.0,0.0,0.0,False,complete
ele-fashion,43,text_only,zero,0.8674440383911133,0.757349397002594,0.049944888800382614,-7.342897151829675e-05,-0.06076934561133385,0.14080911874771118,0.41045311093330383,0.5820804238319397,0.007466502953320742,-0.20375573635101318,-0.1082601547241211,0.034673213958740234,0.2499999850988388,False,complete
ele-fashion,43,visual_only,zero,0.8619208335876465,0.7615189368037004,0.04399996995925903,-0.00013886892702430487,-0.07626354694366455,0.21439433097839355,0.396645188331604,0.5972179770469666,0.006136851850897074,-0.5927215218544006,-0.3258657455444336,0.051651835441589355,0.25,False,complete
ele-fashion,43,both,zero,0.8466809988021851,0.7454200454116742,0.10621742904186249,-0.00011848549911519513,-0.08762173354625702,0.38404229283332825,0.40799838304519653,0.586580753326416,0.005420885980129242,-0.8641864061355591,-0.3694605827331543,0.07844942063093185,0.2499999925494194,False,complete
ele-fashion,43,text_only,uniform,0.8784903287887573,0.766870127155446,0.0007802058826200664,-1.1920851648028474e-06,-0.013332162983715534,0.011745399795472622,0.47550374269485474,0.5028127431869507,0.021683543920516968,-0.03365070000290871,-0.016963481903076172,0.0026593024376779795,0.05702320858836174,False,complete
ele-fashion,43,visual_only,uniform,0.8788994550704956,0.7669410416412036,0.0012565022334456444,-0.0001058671623468399,-0.021226776763796806,0.017017442733049393,0.35644879937171936,0.6347550749778748,0.008796154521405697,-0.2053229957818985,-0.048926353454589844,0.0069550988264381886,0.18152223527431488,False,complete
ele-fashion,43,both,uniform,0.8785926103591919,0.7669675495953426,0.0012850732309743762,-9.665483958087862e-05,-0.029157869517803192,0.01875733770430088,0.37670043110847473,0.615321695804596,0.007977907545864582,-0.2404535710811615,-0.07245111465454102,0.0069550988264381886,0.11927272193133831,False,complete
ele-fashion,43,text_only,top1,0.8697964549064636,0.7621364779800097,0.014794551767408848,0.0008101471466943622,-0.031213821843266487,0.1026955097913742,0.6609389185905457,0.3356857895851135,0.003375268541276455,0.4417918026447296,0.2233872413635254,0.022604070603847504,0.3406403064727783,False,complete
ele-fashion,43,visual_only,top1,0.8769561052322388,0.7661429279620854,0.0031416574493050575,0.0005646198987960815,-0.011360805481672287,0.02690529264509678,0.7293648719787598,0.2662370800971985,0.0043980772607028484,0.23546326160430908,0.07904481887817383,0.00675053708255291,0.20224225521087646,False,complete
ele-fashion,43,both,top1,0.8652961254119873,0.7580832368033065,0.028473911806941032,0.001554009155370295,-0.03109327331185341,0.13617433607578278,0.6653370261192322,0.33312878012657166,0.0015342129627242684,0.6883083581924438,0.2595672607421875,0.033139001578092575,0.2714412808418274,False,complete
ele-fashion,43,text_only,single_e0,0.8697964549064636,0.7621364779800097,0.014794551767408848,0.0008101471466943622,-0.031213821843266487,0.1026955097913742,0.6609389185905457,0.3356857895851135,0.003375268541276455,0.4417918026447296,0.2233872413635254,0.022604070603847504,0.3406403064727783,False,complete
ele-fashion,43,text_only,drop_e0,0.8807405233383179,0.7685331090494943,0.0011939976830035448,-0.00011263927444815636,-0.030483338981866837,0.017356647178530693,0.3622788190841675,0.6241178512573242,0.013603354804217815,-0.14671453833580017,-0.07134628295898438,0.006648255977779627,0.15935970842838287,False,complete
ele-fashion,43,text_only,single_e1,0.8786948919296265,0.7640842854460093,0.010049957782030106,-0.0004355756100267172,-0.041981492191553116,0.05314056947827339,0.2787153422832489,0.7126930356025696,0.00859159231185913,-0.22911812365055084,-0.1791529655456543,0.009614401496946812,0.3943980932235718,False,complete
ele-fashion,43,text_only,drop_e1,0.8790017366409302,0.76800859707827,-0.0011769193224608898,0.0001979410881176591,-0.011672638356685638,0.013417850248515606,0.7254781723022461,0.2594865560531616,0.015035287477076054,0.06781119853258133,0.05132627487182617,0.00255702156573534,0.10560190677642822,False,complete
ele-fashion,43,text_only,single_e2,0.8628413677215576,0.7555032279868155,0.05455000326037407,0.00012537138536572456,-0.08039481192827225,0.1881430447101593,0.5228597521781921,0.4638437330722809,0.013296511955559254,0.08543290942907333,0.021586894989013672,0.038253042846918106,0.41262510418891907,False,complete
ele-fashion,43,text_only,drop_e2,0.8786948919296265,0.7640758083410774,0.0029458715580403805,4.768298822455108e-07,-0.025064319372177124,0.030250245705246925,0.49381202459335327,0.4864477813243866,0.019740207120776176,0.03422073274850845,0.02662372589111328,0.007773345801979303,0.08737489581108093,False,complete
ele-fashion,43,text_only,single_e3,0.8742968440055847,0.7529658089888962,0.028961939737200737,-4.0645303670316935e-05,-0.06085683032870293,0.11301256716251373,0.4321366548538208,0.5545668601989746,0.013296511955559254,-0.021215103566646576,-0.09639835357666016,0.027718113735318184,0.35233649611473083,False,complete
ele-fashion,43,text_only,drop_e3,0.8752173781394958,0.7643872425286461,0.007276018615812063,0.00010760509758256376,-0.02264660969376564,0.040968164801597595,0.6223790645599365,0.35716477036476135,0.02045617252588272,0.07891826331615448,0.06843328475952148,0.011148613877594471,0.14766350388526917,False,complete
ele-fashion,43,visual_only,single_e0,0.8736831545829773,0.7632243167392768,0.01042738277465105,-3.337659654789604e-05,-0.058925528079271317,0.08738571405410767,0.43858033418655396,0.55446457862854,0.0069550988264381886,-0.2849196791648865,-0.07686662673950195,0.02546793594956398,0.4741398096084595,False,complete
ele-fashion,43,visual_only,drop_e0,0.8799222707748413,0.7679735698278687,0.00016609075828455389,3.932975232601166e-06,-0.0030112501699477434,0.0035253367386758327,0.5444410443305969,0.41587400436401367,0.039684973657131195,0.013875892385840416,0.004393100738525391,0.0006136851734481752,0.02586018480360508,False,complete
ele-fashion,43,visual_only,single_e1,0.8774675130844116,0.7632753546927197,0.015481832437217236,-0.0004635591758415103,-0.04439841955900192,0.04595771059393883,0.3071494400501251,0.6870205402374268,0.005830009467899799,-0.46231651306152344,-0.15669918060302734,0.01708090491592884,0.36623549461364746,False,complete
ele-fashion,43,visual_only,drop_e1,0.8767516016960144,0.7638758621329274,0.0016132713062688708,0.00038282538298517466,-0.009842978790402412,0.020895564928650856,0.7188299298286438,0.2749309539794922,0.006239132955670357,0.15239855647087097,0.060469627380371094,0.006648255977779627,0.13376447558403015,False,complete
ele-fashion,43,visual_only,single_e2,0.8769561052322388,0.7661429279620854,0.0031416574493050575,0.0005646198987960815,-0.011360805481672287,0.02690529264509678,0.7293648719787598,0.2662370800971985,0.0043980772607028484,0.23546326160430908,0.07904481887817383,0.00675053708255291,0.20224225521087646,False,complete
ele-fashion,43,visual_only,drop_e2,0.8797177076339722,0.765944320005223,0.007811307907104492,-0.0005528327892534435,-0.033295441418886185,0.02625013329088688,0.281067818403244,0.7126930356025696,0.006239132955670357,-0.44595596194267273,-0.1414947509765625,0.012375984340906143,0.29775774478912354,False,complete
ele-fashion,43,visual_only,single_e3,0.8766493201255798,0.7650283595766818,0.01308481302112341,-0.0002998228301294148,-0.04138128086924553,0.07095836848020554,0.3448910713195801,0.6447785496711731,0.010330366902053356,-0.258609801530838,-0.12695884704589844,0.020865296944975853,0.4573824405670166,False,complete
ele-fashion,43,visual_only,drop_e3,0.8797177076339722,0.7685767590760292,0.00023748197418171912,7.296004332602024e-05,-0.0036638854071497917,0.00474256556481123,0.6918277740478516,0.2707374393939972,0.03743479773402214,0.030808614566922188,0.016338348388671875,0.0009205277892760932,0.04261758551001549,False,complete
ele-fashion,44,text_only,normal,0.8794108629226685,0.7607943685594116,0.0,0.0,0.0,0.0,0.0,0.0,1.0,0.0,0.0,0.0,0.0,False,complete
ele-fashion,44,visual_only,normal,0.8794108629226685,0.7607943685594116,0.0,0.0,0.0,0.0,0.0,0.0,1.0,0.0,0.0,0.0,0.0,False,complete
ele-fashion,44,both,normal,0.8794108629226685,0.7607943685594116,0.0,0.0,0.0,0.0,0.0,0.0,1.0,0.0,0.0,0.0,0.0,False,complete
ele-fashion,44,text_only,zero,0.8695918917655945,0.7536357613082071,0.0512099452316761,-8.260270260507241e-05,-0.06748362630605698,0.13885274529457092,0.3983839750289917,0.5907742977142334,0.010841771960258484,-0.15577992796897888,-0.07800960540771484,0.03426409140229225,0.25,False,complete
ele-fashion,44,visual_only,zero,0.8675463199615479,0.7570309798778637,0.03628291189670563,-0.0002952289651148021,-0.050403304398059845,0.1681174635887146,0.3438682556152344,0.6500971913337708,0.006034571211785078,-0.760924756526947,-0.30683279037475586,0.04050322249531746,0.25,False,complete
ele-fashion,44,both,zero,0.8515904545783997,0.743985913662911,0.10169249027967453,-0.0001522183883935213,-0.08454184234142303,0.34658393263816833,0.38876956701278687,0.6050935983657837,0.006136851850897074,-0.8896385431289673,-0.4235410690307617,0.07405134290456772,0.25,False,complete
ele-fashion,44,text_only,uniform,0.8751150965690613,0.7545733894929704,0.009185781702399254,6.4372375163657125e-06,-0.03679843246936798,0.05133608356118202,0.5196890830993652,0.4621049463748932,0.018205994740128517,0.010921290144324303,0.007933616638183594,0.01513756811618805,0.3535810112953186,False,complete
ele-fashion,44,visual_only,uniform,0.8774675130844116,0.7585985015443725,0.0008823120151646435,-2.860899257939309e-06,-0.009608989581465721,0.015118171460926533,0.4379666745662689,0.5245985388755798,0.03743479773402214,-0.009375175461173058,-0.006939411163330078,0.004602639004588127,0.14421558380126953,False,complete
ele-fashion,44,both,uniform,0.8741945624351501,0.7546182015023554,0.011384053155779839,4.648827598430216e-06,-0.035820767283439636,0.053370337933301926,0.5144727230072021,0.4673212766647339,0.018205994740128517,0.002837136387825012,0.0032854080200195312,0.0168763417750597,0.24889829754829407,False,complete
ele-fashion,44,text_only,top1,0.879513144493103,0.7602891844279729,-4.6232648855948355e-06,1.1920838005607948e-07,-0.0026246248744428158,0.0030139044392853975,0.4721284806728363,0.4432852566242218,0.08458627760410309,0.004370367154479027,0.0026340484619140625,0.00040912345866672695,0.02141900733113289,False,complete
ele-fashion,44,visual_only,top1,0.878081202507019,0.7564806478594978,0.0007318074931390584,0.00013502368528861552,-0.011241831816732883,0.021052800118923187,0.6733149290084839,0.30980873107910156,0.0168763417750597,0.09574348479509354,0.058470726013183594,0.0038866729009896517,0.23078441619873047,False,complete
ele-fashion,44,both,top1,0.8778766393661499,0.7556534674234568,0.0008582113077864051,0.00015106773935258389,-0.01276304479688406,0.02269018068909645,0.6725989580154419,0.3106269836425781,0.01677406206727028,0.1003459021449089,0.06522941589355469,0.004807200748473406,0.12610171176493168,False,complete
ele-fashion,44,text_only,single_e0,0.8721489310264587,0.748054284790405,0.032130151987075806,-0.00014684039342682809,-0.08950865268707275,0.13747192919254303,0.4630254805088043,0.5275647044181824,0.009409839287400246,0.0024110388476401567,-0.044638633728027344,0.02710442990064621,0.49379825592041016,False,complete
ele-fashion,44,text_only,drop_e0,0.879513144493103,0.7606685513049868,-1.1052363333874382e-05,7.849885150790215e-06,-0.0010106801055371761,0.0014951950870454311,0.5300194621086121,0.3493914306163788,0.12058913707733154,0.0010284618474543095,0.0007143020629882812,0.00040912345866672695,0.006201762706041336,False,complete
ele-fashion,44,text_only,single_e1,0.8720466494560242,0.7525554985286331,0.019731983542442322,0.00011500928667373955,-0.05694497376680374,0.09439250826835632,0.5656132102012634,0.4245678782463074,0.009818962775170803,0.010269596241414547,0.038890838623046875,0.024036003276705742,0.48954248428344727,False,complete
ele-fashion,44,text_only,drop_e1,0.879513144493103,0.7609105528048912,-1.937331398949027e-05,0.0,-0.001604860764928162,0.0018353434279561043,0.4513654410839081,0.4564794898033142,0.09215506166219711,0.004630863666534424,0.0017595291137695312,0.00010228086466668174,0.010457524098455906,False,complete
ele-fashion,44,text_only,single_e2,0.865602970123291,0.7507309216315494,0.040751732885837555,0.000988829997368157,-0.05144637078046799,0.1378912627696991,0.6806791424751282,0.3106269836425781,0.008693873882293701,0.32925108075141907,0.2877044677734375,0.03252531588077545,0.49524030089378357,False,complete
ele-fashion,44,text_only,drop_e2,0.8794108629226685,0.7607943685594116,1.1528644790814724e-05,-5.000620149075985e-06,-0.0008400380611419678,0.0008348226547241211,0.28894343972206116,0.5612151026725769,0.14984147250652313,-0.0014617540873587132,-0.002323627471923828,0.0,0.004759694449603558,False,complete
ele-fashion,44,text_only,single_e3,0.879513144493103,0.7602891844279729,-4.6232648855948355e-06,1.1920838005607948e-07,-0.0026246248744428158,0.0030139044392853975,0.4721284806728363,0.4432852566242218,0.08458627760410309,0.004370367154479027,0.0026340484619140625,0.00040912345866672695,0.02141900733113289,False,complete
ele-fashion,44,text_only,drop_e3,0.8742968440055847,0.7534441065674002,0.017396286129951477,9.178954314847942e-06,-0.04773508384823799,0.07756557315587997,0.5213255882263184,0.46507108211517334,0.013603354804217815,0.0014367277035489678,-0.005673885345458984,0.0203538928180933,0.4785809814929962,False,complete
ele-fashion,44,visual_only,single_e0,0.8633527755737305,0.7510874077352834,0.02206587977707386,0.0030992329120635986,-0.030908478423953056,0.14736385643482208,0.7917561531066895,0.20466400682926178,0.0035798302851617336,0.5565726161003113,0.46176719665527344,0.03763935714960098,0.43777576088905334,False,complete
ele-fashion,44,visual_only,drop_e0,0.8801268339157104,0.7604809647874937,0.00043320245458744466,-0.00016296980902552605,-0.012254085391759872,0.005691648460924625,0.2341209053993225,0.7417408227920532,0.024138284847140312,-0.05893454700708389,-0.05111360549926758,0.0032729876693338156,0.06222423538565636,False,complete
ele-fashion,44,visual_only,single_e1,0.8764447569847107,0.757929644796755,0.009292757138609886,-0.00029296957654878497,-0.0348249152302742,0.06228681653738022,0.29773959517478943,0.6926460266113281,0.009614401496946812,-0.2580881714820862,-0.19425344467163086,0.017285466194152832,0.4547543525695801,False,complete
ele-fashion,44,visual_only,drop_e1,0.8791040182113647,0.760111241976324,-0.00020767874957527965,3.516007564030588e-05,-0.004697700962424278,0.004250583238899708,0.6705533266067505,0.2947734594345093,0.034673213958740234,0.0256144218146801,0.01797199249267578,0.0008182469173334539,0.04524564743041992,False,complete
ele-fashion,44,visual_only,single_e2,0.878081202507019,0.7564806478594978,0.0007318074931390584,0.00013502368528861552,-0.011241831816732883,0.021052800118923187,0.6733149290084839,0.30980873107910156,0.0168763417750597,0.09574348479509354,0.058470726013183594,0.0038866729009896517,0.23078441619873047,False,complete
ele-fashion,44,visual_only,drop_e2,0.8784903287887573,0.7586158217824571,0.0018421929562464356,-0.00010382663458585739,-0.019171852618455887,0.01565575785934925,0.3285261392593384,0.6545975208282471,0.0168763417750597,-0.09973420202732086,-0.06181049346923828,0.006545975338667631,0.2692156136035919,False,complete
ele-fashion,44,visual_only,single_e3,0.8788994550704956,0.7591788625661592,0.0071919262409210205,-0.00037338334368541837,-0.052305418998003006,0.02667050063610077,0.29630765318870544,0.6928505897521973,0.010841771960258484,-0.32310980558395386,-0.19981980323791504,0.012682827189564705,0.3766854703426361,False,complete
ele-fashion,44,visual_only,drop_e3,0.8769561052322388,0.7582625922372883,0.000724358600564301,0.00020349689293652773,-0.007306632585823536,0.025189870968461037,0.710647463798523,0.27401044964790344,0.01534212939441204,0.10578376054763794,0.07895040512084961,0.00511404313147068,0.12331454455852509,False,complete
Reddit-S,42,text_only,normal,0.9613085985183716,0.9301398722667992,0.0,0.0,0.0,0.0,0.0,0.0,1.0,0.0,0.0,0.0,0.0,False,complete
Reddit-S,42,visual_only,normal,0.9613085985183716,0.9301398722667992,0.0,0.0,0.0,0.0,0.0,0.0,1.0,0.0,0.0,0.0,0.0,False,complete
Reddit-S,42,both,normal,0.9613085985183716,0.9301398722667992,0.0,0.0,0.0,0.0,0.0,0.0,1.0,0.0,0.0,0.0,0.0,False,complete
Reddit-S,42,text_only,zero,0.9581629633903503,0.9224295076488561,0.003936770372092724,1.633137435419485e-05,-0.0009084233897738159,0.007636034395545721,0.6665617823600769,0.22208242118358612,0.11135577410459518,0.6665467619895935,0.32574462890625,0.011953444220125675,0.25,False,complete
Reddit-S,42,visual_only,zero,0.9594212174415588,0.9292393149892421,-0.0013650046894326806,0.00016385962953791022,-0.00053954723989591,0.01892847754061222,0.8323372006416321,0.1528782695531845,0.014784523285925388,1.5498123168945312,1.185617446899414,0.012582573108375072,0.2499999850988388,False,complete
Reddit-S,42,both,zero,0.9458949565887451,0.8948585100439054,0.01965160481631756,0.0005260145990177989,-0.000898948812391609,0.042879048734903336,0.8452343344688416,0.1528782695531845,0.0018873859662562609,2.329263687133789,1.912795066833496,0.033658381551504135,0.2499999925494194,False,complete
Reddit-S,42,text_only,uniform,0.9613085985183716,0.9299099670111944,-0.0004284369060769677,0.0,-8.903777779778466e-05,0.00013355136616155505,0.30732935667037964,0.2865681052207947,0.4061025381088257,0.010117855854332447,0.0016384124755859375,0.0003145643277093768,0.0410761833190918,False,complete
Reddit-S,42,visual_only,uniform,0.9616231322288513,0.9304088788569341,-0.00046777474926784635,0.0,-0.0003842999576590955,8.401001105085015e-05,0.2878263592720032,0.3655237555503845,0.3466498851776123,-0.006270902696996927,-0.013334274291992188,0.0003145643277093768,0.030090074986219406,False,complete
Reddit-S,42,both,uniform,0.9619377255439758,0.931625680073154,-0.0008771518478170037,0.0,-0.0003233581956010312,0.00017295661382377148,0.31267693638801575,0.35891789197921753,0.3284051716327667,0.004251787438988686,-0.007168769836425781,0.0009436929831281304,0.0355831291526556,False,complete
Reddit-S,42,text_only,top1,0.9609940052032471,0.9290134698774338,0.002283566864207387,2.3841823804104934e-07,-0.0003749121678993106,0.0024542517494410276,0.436929851770401,0.31393519043922424,0.24913494288921356,0.07124292850494385,0.053142547607421875,0.002831079065799713,0.3543826937675476,False,complete
Reddit-S,42,visual_only,top1,0.9597357511520386,0.9266985844592567,0.009421554394066334,3.2186408134293742e-06,-0.00036212013219483197,0.006681539583951235,0.5394778251647949,0.2777602970600128,0.18276187777519226,0.17539986968040466,0.2137594223022461,0.006291286554187536,0.3449099063873291,False,complete
Reddit-S,42,both,top1,0.9584774971008301,0.9246894186666508,0.014421682804822922,7.152461876103189e-06,-0.00036636009463109076,0.01253189705312252,0.5737653374671936,0.2535388469696045,0.1726958155632019,0.27365726232528687,0.346923828125,0.00943692959845066,0.34964630007743835,False,complete
Reddit-S,42,text_only,single_e0,0.9603648781776428,0.9274107888233353,0.0004184187564533204,4.410713700053748e-06,-0.0005230019451119006,0.003440500469878316,0.5737653374671936,0.22365523874759674,0.20257942378520966,0.21171097457408905,0.21010971069335938,0.00471846479922533,0.391892671585083,False,complete
Reddit-S,42,text_only,drop_e0,0.9609940052032471,0.9304095243666849,0.00040192779852077365,-4.7683261072961614e-07,-0.0005307044484652579,0.00029769600951112807,0.23938345909118652,0.4661843478679657,0.29443222284317017,-0.04695013538002968,-0.048323631286621094,0.0012582573108375072,0.10810734331607819,False,complete
Reddit-S,42,text_only,single_e1,0.9597357511520386,0.9258040800689258,0.006472050212323666,-1.1920928244535389e-07,-0.0013794463593512774,0.001944204792380333,0.36174896359443665,0.4130229651927948,0.22522805631160736,-0.09170006215572357,-0.06361961364746094,0.005033029243350029,0.3545411229133606,False,complete
Reddit-S,42,text_only,drop_e1,0.9622522592544556,0.9322800620032335,-0.0009487991337664425,3.5762741390499286e-07,-0.00036585726775228977,0.0010291762882843614,0.43881723284721375,0.2947467863559723,0.26643598079681396,0.07470259815454483,0.04827690124511719,0.0018873859662562609,0.1454588919878006,False,complete
Reddit-S,42,text_only,single_e2,0.9609940052032471,0.9290134698774338,0.002283566864207387,2.3841823804104934e-07,-0.0003749121678993106,0.0024542517494410276,0.436929851770401,0.31393519043922424,0.24913494288921356,0.07124292850494385,0.053142547607421875,0.002831079065799713,0.3543826937675476,False,complete
Reddit-S,42,text_only,drop_e2,0.9609940052032471,0.9303324075795556,-3.2983662094920874e-05,0.0,-0.0006303631816990674,0.00028735361411236227,0.3293488621711731,0.36615288257598877,0.30449825525283813,-0.015039218589663506,-0.0129241943359375,0.002201950177550316,0.1456172913312912,False,complete
Reddit-S,42,text_only,single_e3,0.9619377255439758,0.9318559605012681,-0.0024126372300088406,-4.768328381032916e-06,-0.002374881412833929,0.0008045161375775933,0.2868826687335968,0.5759673118591309,0.13715004920959473,0.10160220414400101,-0.10320568084716797,0.004403900355100632,0.3991835117340088,False,complete
Reddit-S,42,text_only,drop_e3,0.9603648781776428,0.9275534917228377,0.0013731548096984625,2.0264124032109976e-06,-7.827840454410762e-05,0.0007126822019927204,0.5542623400688171,0.19062598049640656,0.2551116645336151,0.014346211217343807,0.031624794006347656,0.0012582573108375072,0.10081648826599121,False,complete
Reddit-S,42,visual_only,single_e0,0.9609940052032471,0.9292791376179688,0.011496084742248058,-8.344640036739293e-07,-0.0010214420035481453,0.0029547451995313168,0.32588863372802734,0.4875746965408325,0.18653663992881775,-0.320158988237381,-0.24907207489013672,0.005033029243350029,0.3845059275627136,False,complete
Reddit-S,42,visual_only,drop_e0,0.9616231322288513,0.9306780979561525,-0.0019021392799913883,1.430503289157059e-06,-0.00034215854248031974,0.000757335452362895,0.5250078439712524,0.2349795550107956,0.24001258611679077,0.14268748462200165,0.10828495025634766,0.0012582573108375072,0.11549405753612518,False,complete
Reddit-S,42,visual_only,single_e1,0.9584774971008301,0.9254777784421879,0.00135094637516886,2.622594365675468e-06,-0.0025755574461072683,0.0059387655928730965,0.5416797995567322,0.28373703360557556,0.17458319664001465,0.3744398057460785,0.24852609634399414,0.010066058486700058,0.39275023341178894,False,complete
Reddit-S,42,visual_only,drop_e1,0.9609940052032471,0.9297531072485496,0.003011228982359171,-1.1920923270736239e-07,-0.0003477881837170571,0.0017224694602191448,0.32211387157440186,0.4196287989616394,0.25825729966163635,-0.025842417031526566,-0.022733688354492188,0.0025165146216750145,0.10724975168704987,False,complete
Reddit-S,42,visual_only,single_e2,0.9616231322288513,0.928798209450378,-0.002405810169875622,1.4305088598121074e-06,-0.0013212856138125062,0.0019945777021348476,0.5184020400047302,0.3306071162223816,0.15099087357521057,0.23696595430374146,0.13319110870361328,0.005033029243350029,0.37783384323120117,False,complete
Reddit-S,42,visual_only,drop_e2,0.9613085985183716,0.9294837305733529,0.002094120951369405,-1.1920923270736239e-07,-0.0002225513890152797,0.0008045019349083304,0.3614344000816345,0.38848695158958435,0.25007864832878113,-0.0486634224653244,-0.030511856079101562,0.0018873859662562609,0.12216614186763763,False,complete
Reddit-S,42,visual_only,single_e3,0.9597357511520386,0.9266985844592567,0.009421554394066334,3.2186408134293742e-06,-0.00036212013219483197,0.006681539583951235,0.5394778251647949,0.2777602970600128,0.18276187777519226,0.17539986968040466,0.2137594223022461,0.006291286554187536,0.3449099063873291,False,complete
Reddit-S,42,visual_only,drop_e3,0.9616231322288513,0.9315481736564175,-0.001350489677861333,-1.1920926112907182e-07,-0.0013698823750019073,0.0004040523199364543,0.32211387157440186,0.42717835307121277,0.2507077753543854,-0.019960999488830566,-0.05459022521972656,0.002201950177550316,0.1550900638103485,False,complete
Reddit-S,43,text_only,normal,0.966027021408081,0.9251808680696648,0.0,0.0,0.0,0.0,0.0,0.0,1.0,0.0,0.0,0.0,0.0,False,complete
Reddit-S,43,visual_only,normal,0.966027021408081,0.9251808680696648,0.0,0.0,0.0,0.0,0.0,0.0,1.0,0.0,0.0,0.0,0.0,False,complete
Reddit-S,43,both,normal,0.966027021408081,0.9251808680696648,0.0,0.0,0.0,0.0,0.0,0.0,1.0,0.0,0.0,0.0,0.0,False,complete
Reddit-S,43,text_only,zero,0.9650833606719971,0.9250286022381685,-0.006645784713327885,3.5762741390499286e-07,-0.00032968877349048853,0.0008529075421392918,0.4473104774951935,0.34193143248558044,0.21075810492038727,0.3868641257286072,0.1950225830078125,0.006291286554187536,0.25,False,complete
Reddit-S,43,visual_only,zero,0.9657124876976013,0.9284407041608536,-0.006269652396440506,3.5762775496550603e-07,-0.0006060684099793434,0.0007982332608662546,0.4397609233856201,0.4001258313655853,0.16011324524879456,0.19563646614551544,0.16804027557373047,0.007864108309149742,0.25,False,complete
Reddit-S,43,both,zero,0.9647687673568726,0.9286889579146795,-0.009755589999258518,3.4570166462799534e-06,-0.0005159439169801772,0.0029938078951090574,0.5548914670944214,0.3677257001399994,0.07738282531499863,0.7490441203117371,0.5755996704101562,0.014155394397675991,0.25,False,complete
Reddit-S,43,text_only,uniform,0.9657124876976013,0.9249275261600918,0.00010028018004959449,0.0,-1.815440737118479e-05,2.192402826040052e-05,0.2057250738143921,0.21327461302280426,0.5810003280639648,0.011328614316880703,0.004856109619140625,0.0003145643277093768,0.03560502082109451,False,complete
Reddit-S,43,visual_only,uniform,0.966027021408081,0.924613614246919,0.0051331291906535625,-7.152411853894591e-07,-0.00024135655257850885,2.1356776414904743e-05,0.1793016642332077,0.4649260640144348,0.3557722568511963,-0.1977519989013672,-0.21059894561767578,0.0006291286554187536,0.17740783095359802,False,complete
Reddit-S,43,both,uniform,0.966027021408081,0.924613614246919,0.005274401046335697,-5.960391717962921e-07,-0.00025141515652649105,2.4395185391767882e-05,0.19817551970481873,0.45643284916877747,0.3453916311264038,-0.1859552413225174,-0.2161579132080078,0.0006291286554187536,0.10650642588734627,False,complete
Reddit-S,43,text_only,top1,0.9644542336463928,0.9217626382575554,0.007238574791699648,-1.1920926823449918e-07,-0.00025088965776376426,0.0002571970399003476,0.31708085536956787,0.3532557487487793,0.3296634256839752,-0.2856513261795044,-0.14306926727294922,0.002831079065799713,0.34798914194107056,False,complete
Reddit-S,43,visual_only,top1,0.9657124876976013,0.9247534315126431,-0.004195326007902622,5.960100679658353e-07,-3.699434455484152e-05,0.0004879490879829973,0.45894935727119446,0.21830764412879944,0.3227429986000061,0.19451691210269928,0.18892478942871094,0.0025165146216750145,0.19759216904640198,False,complete
Reddit-S,43,both,top1,0.9641396403312683,0.9214188238105278,0.0037418154533952475,2.3841812435421161e-07,-0.00020331049745436758,0.0007419544854201376,0.4328405261039734,0.28877004981040955,0.27838942408561707,-0.08261984586715698,0.11098957061767578,0.005662158131599426,0.27279065549373627,False,complete
Reddit-S,43,text_only,single_e0,0.9657124876976013,0.9252092626498827,-0.0039194561541080475,1.192091872326273e-06,-5.582841549767181e-05,0.0008150279172696173,0.5180874466896057,0.21799308061599731,0.263919472694397,0.45650702714920044,0.2854909896850586,0.003460207488387823,0.36640581488609314,False,complete
Reddit-S,43,text_only,drop_e0,0.966027021408081,0.9256769282459991,0.0022472620476037264,-1.1920928244535389e-07,-0.0001403203932568431,4.48344144388102e-05,0.21862220764160156,0.3532557487487793,0.42812204360961914,-0.14144819974899292,-0.08602142333984375,0.0009436929831281304,0.13359415531158447,False,complete
Reddit-S,43,text_only,single_e1,0.9647687673568726,0.923297312767507,-0.004525638651102781,0.0,-5.406831769505516e-05,0.00030481070280075073,0.32494494318962097,0.2576281726360321,0.41742685437202454,0.014437985606491566,-0.0009984970092773438,0.0018873859662562609,0.37959253787994385,False,complete
Reddit-S,43,text_only,drop_e1,0.9657124876976013,0.9251536016725236,0.0017403785604983568,0.0,-4.324831752455793e-05,3.196409670636058e-05,0.2308902144432068,0.2362378090620041,0.5328719615936279,0.016330333426594734,0.013812065124511719,0.0006291286554187536,0.12040743231773376,False,complete
Reddit-S,43,text_only,single_e2,0.9644542336463928,0.9217626382575554,0.007238574791699648,-1.1920926823449918e-07,-0.00025088965776376426,0.0002571970399003476,0.31708085536956787,0.3532557487487793,0.3296634256839752,-0.2856513261795044,-0.14306926727294922,0.002831079065799713,0.34798914194107056,False,complete
Reddit-S,43,text_only,drop_e2,0.9653978943824768,0.9249087522463955,-0.002148374682292342,1.1920926823449918e-07,-5.591765511780977e-05,0.00025245026336051524,0.3516829311847687,0.2563699185848236,0.3919471502304077,0.15342463552951813,0.08325958251953125,0.0009436929831281304,0.15201085805892944,False,complete
Reddit-S,43,text_only,single_e3,0.9647687673568726,0.9233831218194577,0.006501132156699896,0.0,-0.00019662969862110913,0.00016395916463807225,0.2777602970600128,0.3689839541912079,0.3532557487487793,0.023971252143383026,-0.030378341674804688,0.0018873859662562609,0.40601247549057007,False,complete
Reddit-S,43,text_only,drop_e3,0.9657124876976013,0.9249104681019811,-0.0012572805862873793,0.0,-2.4080554794636555e-05,6.388191104633734e-05,0.29789242148399353,0.19502988457679749,0.507077693939209,-0.000910260365344584,0.012865066528320312,0.0003145643277093768,0.09398753196001053,False,complete
Reddit-S,43,visual_only,single_e0,0.9638251066207886,0.9230969741895347,0.010807295329868793,-1.1920922133867862e-06,-0.0004447167448233813,7.091655425028875e-05,0.1871657818555832,0.5127398371696472,0.3000943660736084,-0.6674601435661316,-0.46851348876953125,0.00471846479922533,0.45373332500457764,False,complete
Reddit-S,43,visual_only,drop_e0,0.9653978943824768,0.9246571979378146,-0.0007806842913851142,3.576255949155893e-07,-2.024394007094088e-06,0.0001132714533014223,0.4023277759552002,0.11009751260280609,0.4875746965408325,0.07545347511768341,0.05620002746582031,0.0006291286554187536,0.04626668617129326,False,complete
Reddit-S,43,visual_only,single_e1,0.9657124876976013,0.9247534315126431,-0.004195326007902622,5.960100679658353e-07,-3.699434455484152e-05,0.0004879490879829973,0.45894935727119446,0.21830764412879944,0.3227429986000061,0.19451691210269928,0.18892478942871094,0.0025165146216750145,0.19759216904640198,False,complete
Reddit-S,43,visual_only,drop_e1,0.9638251066207886,0.9226860946820986,0.009575357660651207,-1.1920928244535389e-07,-0.00032850608113221824,0.00017623809981159866,0.30198174715042114,0.4035860300064087,0.29443222284317017,-0.17718741297721863,-0.17181396484375,0.0037747719325125217,0.302407830953598,False,complete
Reddit-S,43,visual_only,single_e2,0.9638251066207886,0.9226472466898261,0.012201703153550625,-2.3841855067985307e-07,-0.0003410186036489904,0.00044189568143337965,0.2761874794960022,0.43504247069358826,0.28877004981040955,-0.1251276433467865,-0.2075023651123047,0.00408933637663722,0.4381791651248932,False,complete
Reddit-S,43,visual_only,drop_e2,0.966027021408081,0.9254254147995278,-0.0011272666743025184,2.3841721485950984e-07,-1.1640231605269946e-05,0.00011474765051389113,0.38565587997436523,0.16011324524879456,0.4542308747768402,0.04902878776192665,0.047718048095703125,0.0006291286554187536,0.06182081997394562,False,complete
Reddit-S,43,visual_only,single_e3,0.9600503444671631,0.9201284814134063,0.019168589264154434,0.0,-0.00026523825363256037,0.007085239049047232,0.4208870828151703,0.3560868203639984,0.2230261117219925,0.5015934705734253,0.1497964859008789,0.010066058486700058,0.4104953408241272,False,complete
Reddit-S,43,visual_only,drop_e3,0.9657124876976013,0.9248285086338377,-0.0011913274647668004,1.1920917586394353e-07,-7.068212289595976e-05,0.00022682821145281196,0.36458006501197815,0.27681660652160645,0.3586033284664154,0.007466354873031378,0.027055740356445312,0.0006291286554187536,0.08950463682413101,False,complete
Reddit-S,44,text_only,normal,0.9587920904159546,0.9124039605341594,0.0,0.0,0.0,0.0,0.0,0.0,1.0,0.0,0.0,0.0,0.0,False,complete
Reddit-S,44,visual_only,normal,0.9587920904159546,0.9124039605341594,0.0,0.0,0.0,0.0,0.0,0.0,1.0,0.0,0.0,0.0,0.0,False,complete
Reddit-S,44,both,normal,0.9587920904159546,0.9124039605341594,0.0,0.0,0.0,0.0,0.0,0.0,1.0,0.0,0.0,0.0,0.0,False,complete
Reddit-S,44,text_only,zero,0.9531298875808716,0.899117305039726,0.0016668480820953846,5.983634036965668e-05,-0.002970833331346512,0.01186037715524435,0.7587291598320007,0.21075810492038727,0.030512738972902298,0.6591796278953552,0.40112972259521484,0.013526266440749168,0.25,False,complete
Reddit-S,44,visual_only,zero,0.9484114646911621,0.8981996398782629,0.0006579068722203374,0.0005304538062773645,-0.0016449042595922947,0.06660465896129608,0.7977351546287537,0.17898710072040558,0.023277759552001953,1.4075721502304077,1.075850486755371,0.019817553460597992,0.25,False,complete
Reddit-S,44,both,zero,0.9355143308639526,0.8706987080566047,0.02308976836502552,0.0012883738381788135,-0.002561855362728238,0.09425117075443268,0.8411450386047363,0.15885499119758606,0.0,2.152660608291626,2.1271815299987793,0.04089336097240448,0.25,False,complete
Reddit-S,44,text_only,uniform,0.9587920904159546,0.9124039605341594,-7.452596264556632e-07,0.0,-0.0002092156355502084,0.00013429555110633373,0.24630387127399445,0.39257627725601196,0.3611198365688324,0.004488740116357803,-9.012222290039062e-05,0.0,0.024817191064357758,False,complete
Reddit-S,44,visual_only,uniform,0.9587920904159546,0.911460386970079,0.00013771899102721363,-4.7683533921372145e-07,-0.001196263125166297,0.00043286869185976684,0.3211701810359955,0.4784523546695709,0.2003774791955948,-0.012916801497340202,-0.019903182983398438,0.001572821638546884,0.07940813899040222,False,complete
Reddit-S,44,both,uniform,0.9591066241264343,0.9123353056191684,0.0001474546588724479,-2.3841835172788706e-07,-0.0013552545569837093,0.000517610227689147,0.3240012526512146,0.47090280055999756,0.20509594678878784,-0.008315413258969784,-0.00789785385131836,0.0009436929831281304,0.05211266502737999,False,complete
Reddit-S,44,text_only,top1,0.9587920904159546,0.9126691619705423,0.0008100788109004498,-8.344504749402404e-07,-0.0024491497315466404,0.00171538139693439,0.3331236243247986,0.48663100600242615,0.18024535477161407,-0.10617171972990036,-0.0441131591796875,0.004403900355100632,0.3599283695220947,False,complete
Reddit-S,44,visual_only,top1,0.9584774971008301,0.9128994161439316,0.001423383946530521,2.6225848159810994e-06,-0.0011681850301101804,0.004911656957119703,0.5312991738319397,0.36458006501197815,0.10412079095840454,0.024230750277638435,0.04389762878417969,0.00408933637663722,0.3116440773010254,False,complete
Reddit-S,44,both,top1,0.9578483700752258,0.9107366471854086,0.0024791026953607798,0.0,-0.0020113415084779263,0.004812696482986212,0.47625038027763367,0.4133375287055969,0.11041207611560822,-0.061107538640499115,-0.003734588623046875,0.005976722110062838,0.33578622341156006,False,complete
Reddit-S,44,text_only,single_e0,0.9559609889984131,0.9082347977572006,0.0009526746580377221,1.0490144632058218e-05,-0.0015342175029218197,0.005507729947566986,0.6203208565711975,0.2428436577320099,0.1368354856967926,0.14466215670108795,0.12578296661376953,0.007864108309149742,0.3652544319629669,False,complete
Reddit-S,44,text_only,drop_e0,0.9584774971008301,0.9118504849672726,0.00049254932673648,-1.7881084204418585e-06,-0.0012175727169960737,0.0010888781398534775,0.25983014702796936,0.5287826061248779,0.21138723194599152,-0.028202028945088387,-0.03221702575683594,0.0025165146216750145,0.13474558293819427,False,complete
Reddit-S,44,text_only,single_e1,0.9587920904159546,0.9132164799819501,0.0051803262904286385,-2.145676262443885e-06,-0.0030112892854958773,0.004407218191772699,0.3321799337863922,0.5331865549087524,0.13463352620601654,-0.01574685610830784,-0.06473445892333984,0.007864108309149742,0.38198843598365784,False,complete
Reddit-S,44,text_only,drop_e1,0.9587920904159546,0.9132330223743501,-0.00026089081075042486,1.4304841897683218e-06,-0.000734736502636224,0.0014180898433551192,0.523749589920044,0.24850581586360931,0.22774457931518555,0.024318186566233635,0.028238296508789062,0.003460207488387823,0.11801158636808395,False,complete
Reddit-S,44,text_only,single_e2,0.9591066241264343,0.9126332161866836,0.0003045494668185711,1.3112976375850849e-06,-0.0019014496356248856,0.0036980644799768925,0.51871657371521,0.36741113662719727,0.11387228965759277,0.12494401633739471,0.06719207763671875,0.004403900355100632,0.3928287625312805,False,complete
Reddit-S,44,text_only,drop_e2,0.9578483700752258,0.9110295405684405,0.00044105277629569173,-1.1920928244535389e-07,-0.0007011909619905055,0.0007970945443958044,0.37810632586479187,0.3825102150440216,0.23938345909118652,-0.02660146728157997,-0.012984275817871094,0.003145643277093768,0.10717123746871948,False,complete
Reddit-S,44,text_only,single_e3,0.9587920904159546,0.9126691619705423,0.0008100788109004498,-8.344504749402404e-07,-0.0024491497315466404,0.00171538139693439,0.3331236243247986,0.48663100600242615,0.18024535477161407,-0.10617171972990036,-0.0441131591796875,0.004403900355100632,0.3599283695220947,False,complete
Reddit-S,44,text_only,drop_e3,0.9587920904159546,0.9125739410540984,9.6663243311923e-05,7.151684258133173e-07,-0.0005127211334183812,0.0012041726149618626,0.46712803840637207,0.2856244146823883,0.24724756181240082,0.04793139919638634,0.022668838500976562,0.001572821638546884,0.14007163047790527,False,complete
Reddit-S,44,visual_only,single_e0,0.9569047093391418,0.9093311026551559,-0.000993408844806254,-1.072876784746768e-06,-0.0037755186203867197,0.0042390841990709305,0.37936457991600037,0.5011009573936462,0.1195344477891922,0.029791487380862236,-0.07707023620605469,0.007234979420900345,0.35894775390625,False,complete
Reddit-S,44,visual_only,drop_e0,0.9591066241264343,0.9125962062296633,0.0015610853442922235,8.344595698872581e-07,-0.0007724413299001753,0.002469667699187994,0.49229317903518677,0.32085561752319336,0.18685120344161987,0.002738832961767912,0.03631591796875,0.0018873859662562609,0.1410522162914276,False,complete
Reddit-S,44,visual_only,single_e1,0.9531298875808716,0.9042350372772724,0.021128304302692413,5.841226993652526e-06,-0.002187946578487754,0.02428698167204857,0.5794274806976318,0.34727901220321655,0.07329348474740982,0.3342408835887909,0.2339458465576172,0.013840829953551292,0.3990021049976349,False,complete
Reddit-S,44,visual_only,drop_e1,0.9594212174415588,0.914609661111718,-0.00131496402900666,-1.1920917586394353e-07,-0.0016823242185637355,0.0018509086221456528,0.387543261051178,0.41616860032081604,0.19628813862800598,-0.023350263014435768,-0.010778427124023438,0.0025165146216750145,0.10099788010120392,False,complete
Reddit-S,44,visual_only,single_e2,0.9581629633903503,0.9126132084962888,-6.754782953066751e-05,-4.649106813303661e-06,-0.0063457549549639225,0.0033066438045352697,0.3243158161640167,0.5794274806976318,0.09625668078660965,-0.1284872144460678,-0.20743370056152344,0.005347593687474728,0.43040603399276733,False,complete
Reddit-S,44,visual_only,drop_e2,0.9578483700752258,0.9113967477646041,0.0008111138013191521,2.1452869987115264e-06,-0.00023727418738417327,0.0014390271389856935,0.5445108413696289,0.25825729966163635,0.19723182916641235,0.03106355294585228,0.03946685791015625,0.0018873859662562609,0.06959395110607147,False,complete
Reddit-S,44,visual_only,single_e3,0.9584774971008301,0.9128994161439316,0.001423383946530521,2.6225848159810994e-06,-0.0011681850301101804,0.004911656957119703,0.5312991738319397,0.36458006501197815,0.10412079095840454,0.024230750277638435,0.04389762878417969,0.00408933637663722,0.3116440773010254,False,complete
Reddit-S,44,visual_only,drop_e3,0.9581629633903503,0.9108826340342681,0.0006696335040032864,-4.7683624870842323e-07,-0.0019471681443974376,0.0010477451141923666,0.3928908407688141,0.4753066897392273,0.13180245459079742,0.011798792518675327,-0.017194747924804688,0.003145643277093768,0.18835590779781342,False,complete
