dataset,seed,modality,group_type,group,population,n_repeats,requested_repeats,n_empty_touched_controls,target_mean_utility,random_mean_utility,random_std_utility,excess_utility,target_percentile_in_random,two_sided_empirical_extremeness,target_mean_message_change_abs,random_mean_message_change_abs,excess_utility_per_target_message_change,excess_utility_per_random_message_change,test_evaluated
Movies,42,text,semantic_similarity,Q1,all_validation,20,20,0,0.0004237459506839514,-0.0001417163975929725,0.0001187937316662029,0.0005654623482769239,1.0,0.09523809523809523,0.6363033652305603,0.6377668529748917,0.0008886678574631516,0.0008866286255524463,False
Movies,42,text,semantic_similarity,Q1,touched_validation,20,20,0,0.0007142190588638186,-0.0002583945339210914,0.00021402001665004415,0.00097261359278491,1.0,0.09523809523809523,0.6363033652305603,0.6377668529748917,0.0015285375591734636,0.001525030014097763,False
Movies,42,text,semantic_similarity,Q2,all_validation,20,20,0,-3.263109101681039e-05,-9.9849557784637e-05,0.00013543706378619564,6.721846676782661e-05,0.75,0.5714285714285714,0.5817462205886841,0.5998422920703887,0.0001155460308787068,0.00011206023259164723,False
Movies,42,text,semantic_similarity,Q2,touched_validation,20,20,0,-6.037117418600246e-05,-0.00017252335474040592,0.00023478849167379956,0.00011215218055440345,0.75,0.5714285714285714,0.5817462205886841,0.5998422920703887,0.0001927854046747755,0.00018696944519719852,False
Movies,42,text,semantic_similarity,Q3,all_validation,20,20,0,-0.000485154363559559,1.632851344766095e-05,0.00017649016937720634,-0.0005014828770072199,0.0,0.09523809523809523,0.5441155433654785,0.5616741746664047,-0.0009216477697080891,-0.0008928359173789199,False
Movies,42,text,semantic_similarity,Q3,touched_validation,20,20,0,-0.0007937432383187115,3.318401968499529e-05,0.0003371535495266963,-0.0008269272580037068,0.0,0.09523809523809523,0.5441155433654785,0.5616741746664047,-0.0015197640796795727,-0.0014722543697035238,False
Movies,42,text,semantic_similarity,Q4,all_validation,20,20,0,-0.00020446789858397096,-2.2462227934738622e-05,0.0001337305584222773,-0.00018200567064923233,0.1,0.2857142857142857,0.5428813099861145,0.5229805439710618,-0.00033525867864847347,-0.0003480161408431961,False
Movies,42,text,semantic_similarity,Q4,touched_validation,20,20,0,-0.0003606239624787122,-4.255757219198131e-05,0.00027127306972638676,-0.00031806639028673087,0.2,0.47619047619047616,0.5428813099861145,0.5229805439710618,-0.0005858856888889402,-0.0006081801588085892,False
Movies,42,text,personalization_deviation,D1,all_validation,20,20,0,5.500619954545982e-05,-6.645588848641637e-06,5.840024690019037e-06,6.165178839410146e-05,1.0,0.09523809523809523,0.3441861569881439,0.3503278806805611,0.0001791233817577563,0.00017598310552433975,False
Movies,42,text,personalization_deviation,D1,touched_validation,0,20,20,8.370429713977501e-05,,,,,,0.3441861569881439,,,,False
Movies,42,text,personalization_deviation,D2,all_validation,20,20,0,3.427563569857739e-05,1.140615095209796e-05,8.232396488290222e-06,2.2869484746479428e-05,1.0,0.09523809523809523,0.5468592047691345,0.549031350016594,4.1819694259498354e-05,4.1654242049650835e-05,False
Movies,42,text,personalization_deviation,D2,touched_validation,0,20,20,4.1581828554626554e-05,,,,,,0.5468592047691345,,,,False
Movies,42,text,personalization_deviation,D3,all_validation,20,20,0,-0.0002616840065456927,-2.4414871325006972e-05,1.3458680427848941e-05,-0.00023726913522068572,0.0,0.09523809523809523,0.6670631170272827,0.674899235367775,-0.0003556921813901244,-0.0003515623115071961,False
Movies,42,text,personalization_deviation,D3,touched_validation,0,20,20,-0.00029284946504049003,,,,,,0.6670631170272827,,,,False
Movies,42,text,personalization_deviation,D4,all_validation,20,20,0,0.00023476366186514497,-2.7931756244470306e-05,1.9930072785368225e-05,0.00026269541810961525,1.0,0.09523809523809523,0.7434785962104797,0.7501227974891662,0.0003533328591411023,0.0003502032187110792,False
Movies,42,text,personalization_deviation,D4,touched_validation,0,20,20,0.0002904025895986706,,,,,,0.7434785962104797,,,,False
Movies,42,visual,semantic_similarity,Q1,all_validation,20,20,0,-0.0012251482112333179,-0.0007265856896992773,0.000216104839884191,-0.0004985625215340406,0.0,0.09523809523809523,0.43671441078186035,0.4763153254985809,-0.0011416214102949122,-0.0010467068659004953,False
Movies,42,visual,semantic_similarity,Q1,touched_validation,20,20,0,-0.0020853057503700256,-0.0012803111807443202,0.0004500214907491968,-0.0008049945696257054,0.1,0.2857142857142857,0.43671441078186035,0.4763153254985809,-0.0018432974725580064,-0.0016900454940881673,False
Movies,42,visual,semantic_similarity,Q2,all_validation,20,20,0,-0.0024147520307451487,-0.0005556900228839368,0.0002154820963204566,-0.001859062007861212,0.0,0.09523809523809523,0.4431760311126709,0.4694818079471588,-0.004194861358339974,-0.003959816922376881,False
Movies,42,visual,semantic_similarity,Q2,touched_validation,20,20,0,-0.003851789515465498,-0.0009521959465928376,0.00039484219209288344,-0.0028995935688726606,0.0,0.09523809523809523,0.4431760311126709,0.4694818079471588,-0.006542758103560298,-0.0061761574565480076,False
Movies,42,visual,semantic_similarity,Q3,all_validation,20,20,0,-0.0025898960884660482,-0.0004676326054322999,0.00022447244443376423,-0.0021222634830337485,0.0,0.09523809523809523,0.4712541103363037,0.4692232072353363,-0.004503437607185479,-0.004522929493478391,False
Movies,42,visual,semantic_similarity,Q3,touched_validation,20,20,0,-0.004241785034537315,-0.0008098844184132759,0.0004401656346956169,-0.0034319006161240397,0.0,0.09523809523809523,0.4712541103363037,0.4692232072353363,-0.007282484207230853,-0.007314004429443055,False
Movies,42,visual,semantic_similarity,Q4,all_validation,20,20,0,-0.00034872800461016595,-0.0007422310125548392,0.0002503215504067883,0.00039350300794467326,1.0,0.09523809523809523,0.535287618637085,0.4672159343957901,0.0007351244344971967,0.0008422294253570662,False
Movies,42,visual,semantic_similarity,Q4,touched_validation,20,20,0,-0.00040212954627349973,-0.0014270675950683654,0.0004933105735521668,0.0010249380487948657,1.0,0.09523809523809523,0.535287618637085,0.4672159343957901,0.001914742678716505,0.0021937138126894916,False
Movies,42,visual,personalization_deviation,D1,all_validation,20,20,0,-0.00022424376220442355,7.170627359300851e-05,1.0832080878632929e-05,-0.0002959500357974321,0.0,0.09523809523809523,0.2037898451089859,0.20436027124524117,-0.0014522315164315822,-0.0014481779359199962,False
Movies,42,visual,personalization_deviation,D1,touched_validation,0,20,20,-0.000279643019894138,,,,,,0.2037898451089859,,,,False
Movies,42,visual,personalization_deviation,D2,all_validation,20,20,0,-0.0006766480510123074,0.00017916212673299014,3.6820409587383924e-05,-0.0008558101777452976,0.0,0.09523809523809523,0.40153056383132935,0.40369853079319,-0.0021313699499664134,-0.002119923934480701,False
Movies,42,visual,personalization_deviation,D2,touched_validation,0,20,20,-0.0008852426544763148,,,,,,0.40153056383132935,,,,False
Movies,42,visual,personalization_deviation,D3,all_validation,20,20,0,0.0004954799078404903,7.994648003659677e-05,3.175473169060353e-05,0.0004155334278038936,1.0,0.09523809523809523,0.4676131010055542,0.4645704448223114,0.0008886265737838456,0.0008944465418197925,False
Movies,42,visual,personalization_deviation,D3,touched_validation,0,20,20,0.0006380470586009324,,,,,,0.4676131010055542,,,,False
Movies,42,visual,personalization_deviation,D4,all_validation,20,20,0,-0.0036935226526111364,-0.000655893178191036,5.5535859281541384e-05,-0.0030376294744201005,0.0,0.09523809523809523,0.8177653551101685,0.8173583924770356,-0.003714548990654122,-0.003716398464094475,False
Movies,42,visual,personalization_deviation,D4,touched_validation,0,20,20,-0.005477538798004389,,,,,,0.8177653551101685,,,,False
Movies,43,text,semantic_similarity,Q1,all_validation,20,20,0,0.0005120201385580003,-0.0001442006889192271,0.00026474886928227554,0.0006562208274772275,1.0,0.09523809523809523,0.8155403733253479,0.7891104429960251,0.0008046454215389692,0.0008315956699101769,False
Movies,43,text,semantic_similarity,Q1,touched_validation,20,20,0,0.0008829489233903587,-0.00026883182945312,0.0004985063625553557,0.0011517807528434788,1.0,0.09523809523809523,0.8155403733253479,0.7891104429960251,0.0014122915192361426,0.0014595938541492866,False
Movies,43,text,semantic_similarity,Q2,all_validation,20,20,0,-0.0004939937498420477,0.00010438658528073574,0.00017189642358579466,-0.0005983803351227834,0.0,0.09523809523809523,0.7061461210250854,0.7122342348098755,-0.0008473888297414847,-0.0008401454267101826,False
Movies,43,text,semantic_similarity,Q2,touched_validation,20,20,0,-0.0007725714240223169,0.00021776386001874924,0.000330174409993638,-0.0009903352840410662,0.0,0.09523809523809523,0.7061461210250854,0.7122342348098755,-0.0014024509298472556,-0.0013904629062151679,False
Movies,43,text,semantic_similarity,Q3,all_validation,20,20,0,0.000408475985750556,2.1148316420749325e-05,0.0001298324716030815,0.00038732766932980667,1.0,0.09523809523809523,0.6214534044265747,0.6412483483552933,0.0006232609984437643,0.0006040213129946308,False
Movies,43,text,semantic_similarity,Q3,touched_validation,20,20,0,0.0006616686005145311,4.149394303567533e-05,0.00023634807094147518,0.0006201746574788558,1.0,0.09523809523809523,0.6214534044265747,0.6412483483552933,0.0009979423285163321,0.0009671364597952486,False
Movies,43,text,semantic_similarity,Q4,all_validation,20,20,0,0.0002815559273585677,0.00011010471259282894,0.00022872946304727094,0.00017145121476573876,0.8,0.47619047619047616,0.6290431022644043,0.6323582381010056,0.0002725587708509686,0.0002711298824545115,False
Movies,43,text,semantic_similarity,Q4,touched_validation,20,20,0,0.0005068948958069086,0.0002180277758725424,0.0004532377451623785,0.0002888671199343662,0.8,0.47619047619047616,0.6290431022644043,0.6323582381010056,0.0004592167355369682,0.0004568092934179014,False
Movies,43,text,personalization_deviation,D1,all_validation,20,20,0,0.0004887618706561625,2.9744048606517027e-05,8.182085809503916e-06,0.00045901782204964546,1.0,0.09523809523809523,0.32156863808631897,0.32494540214538575,0.0014274334237936582,0.0014125998368269294,False
Movies,43,text,personalization_deviation,D1,touched_validation,0,20,20,0.0006412127986550331,,,,,,0.32156863808631897,,,,False
Movies,43,text,personalization_deviation,D2,all_validation,20,20,0,0.0007942627416923642,0.0001130039800045779,1.234155519938667e-05,0.0006812587616877863,1.0,0.09523809523809523,0.6022982597351074,0.6008098781108856,0.0011310986719209098,0.0011339007338373342,False
Movies,43,text,personalization_deviation,D2,touched_validation,0,20,20,0.000963351281825453,,,,,,0.6022982597351074,,,,False
Movies,43,text,personalization_deviation,D3,all_validation,20,20,0,0.0010602017864584923,1.801202906790422e-05,1.7309547473439162e-05,0.001042189757390588,1.0,0.09523809523809523,0.7572360634803772,0.7570029348134995,0.0013763076108646254,0.0013767314622709784,False
Movies,43,text,personalization_deviation,D3,touched_validation,0,20,20,0.0013006138615310192,,,,,,0.7572360634803772,,,,False
Movies,43,text,personalization_deviation,D4,all_validation,20,20,0,-0.0008186920313164592,-0.00010946556612907443,2.4397434229273212e-05,-0.0007092264651873848,0.0,0.09523809523809523,1.0823763608932495,1.0841912627220154,-0.0006552494038223713,-0.0006541525370773762,False
Movies,43,text,personalization_deviation,D4,touched_validation,0,20,20,-0.0010390932438895106,,,,,,1.0823763608932495,,,,False
Movies,43,visual,semantic_similarity,Q1,all_validation,20,20,0,-0.0019474034197628498,-0.0007464161284588044,0.000499981183785903,-0.0012009872913040453,0.05,0.19047619047619047,1.3586595058441162,1.3478110313415528,-0.000883950162742949,-0.0008910650405552352,False
Movies,43,visual,semantic_similarity,Q1,touched_validation,20,20,0,-0.003351793624460697,-0.0013700915362278466,0.0008789191064579522,-0.001981702088232851,0.05,0.19047619047619047,1.3586595058441162,1.3478110313415528,-0.0014585715403361405,-0.00147031152153346,False
Movies,43,visual,semantic_similarity,Q2,all_validation,20,20,0,-0.003428861266002059,-0.0008721574842638802,0.000531408078228087,-0.002556703781738179,0.0,0.09523809523809523,1.2930939197540283,1.3316110610961913,-0.0019771988273075605,-0.0019200079185521055,False
Movies,43,visual,semantic_similarity,Q2,touched_validation,20,20,0,-0.005485266447067261,-0.001561825192766264,0.0009880260331111648,-0.003923441254300997,0.0,0.09523809523809523,1.2930939197540283,1.3316110610961913,-0.0030341502611382454,-0.0029463868008637946,False
Movies,43,visual,semantic_similarity,Q3,all_validation,20,20,0,-0.0047624967992305756,-0.0007042343968350906,0.00047728102618016684,-0.004058262402395485,0.0,0.09523809523809523,1.2658355236053467,1.3117078304290772,-0.0032059950338836716,-0.003093876782808317,False
Movies,43,visual,semantic_similarity,Q3,touched_validation,20,20,0,-0.0077466280199587345,-0.0013193578237405746,0.0008590046186317137,-0.00642727019621816,0.0,0.09523809523809523,1.2658355236053467,1.3117078304290772,-0.005077492356911396,-0.0048999251564357995,False
Movies,43,visual,semantic_similarity,Q4,all_validation,20,20,0,-0.0012159538455307484,-0.00139636012390838,0.0006433138677717628,0.00018040627837763164,0.7,0.6666666666666666,1.3258100748062134,1.2741865873336793,0.0001360724901746312,0.00014158544766587305,False
Movies,43,visual,semantic_similarity,Q4,touched_validation,20,20,0,-0.0020157713443040848,-0.0025775484908081127,0.0011874535219518428,0.0005617771465040279,0.75,0.5714285714285714,1.3258100748062134,1.2741865873336793,0.0004237236970655214,0.0004408908020913509,False
Movies,43,visual,personalization_deviation,D1,all_validation,20,20,0,-0.000978285213932395,-0.00017929999376065098,6.490347877323534e-05,-0.000798985220171744,0.0,0.09523809523809523,0.9592427611351013,0.9637288898229599,-0.0008329332808573373,-0.0008290560017534507,False
Movies,43,visual,personalization_deviation,D1,touched_validation,0,20,20,-0.001232253503985703,,,,,,0.9592427611351013,,,,False
Movies,43,visual,personalization_deviation,D2,all_validation,20,20,0,-0.001970878103747964,-0.0001873034332675161,7.659263755379554e-05,-0.0017835746704804479,0.0,0.09523809523809523,1.3690718412399292,1.3737551391124725,-0.001302761927280465,-0.0012983206538768218,False
Movies,43,visual,personalization_deviation,D2,touched_validation,0,20,20,-0.002284994116052985,,,,,,1.3690718412399292,,,,False
Movies,43,visual,personalization_deviation,D3,all_validation,20,20,0,-0.004289050120860338,-5.5520482351312236e-05,8.050832187061359e-05,-0.004233529638509026,0.0,0.09523809523809523,1.428734302520752,1.4383691906929017,-0.002963132914942085,-0.0029432844264876638,False
Movies,43,visual,personalization_deviation,D3,touched_validation,0,20,20,-0.005296924151480198,,,,,,1.428734302520752,,,,False
Movies,43,visual,personalization_deviation,D4,all_validation,20,20,0,0.00048116015386767685,0.000931650135316886,6.375294529681886e-05,-0.0004504899814492091,0.0,0.09523809523809523,1.5415512323379517,1.5542755246162414,-0.0002922315989236981,-0.00028983920438440124,False
Movies,43,visual,personalization_deviation,D4,touched_validation,0,20,20,0.0004882919602096081,,,,,,1.5415512323379517,,,,False
Movies,44,text,semantic_similarity,Q1,all_validation,20,20,0,0.00012219330528751016,-0.0004904212390101747,0.0005562163145392683,0.0006126145442976849,0.9,0.2857142857142857,2.335310220718384,2.3409988284111023,0.00026232683729229394,0.0002616893852583518,False
Movies,44,text,semantic_similarity,Q1,touched_validation,20,20,0,0.00013696023961529136,-0.0009257629973944859,0.001014032562839743,0.0010627232370097773,0.85,0.38095238095238093,2.335310220718384,2.3409988284111023,0.00045506726583092213,0.00045396145615784935,False
Movies,44,text,semantic_similarity,Q2,all_validation,20,20,0,6.687004497507587e-05,-0.0006032480378053151,0.0005674488493120345,0.000670118082780391,0.85,0.38095238095238093,2.3503048419952393,2.3601978063583373,0.0002851196452504535,0.00028392454266960973,False
Movies,44,text,semantic_similarity,Q2,touched_validation,20,20,0,3.968211603933014e-05,-0.001130411436315626,0.001060188416719241,0.0011700935523549561,0.85,0.38095238095238093,2.3503048419952393,2.3601978063583373,0.0004978475691524055,0.0004957607998796736,False
Movies,44,text,semantic_similarity,Q3,all_validation,20,20,0,-0.0024415820371359587,-0.0004394742150907405,0.0005518982939295878,-0.0020021078220452183,0.0,0.09523809523809523,2.3369686603546143,2.3246031403541565,-0.0008567114553177446,-0.0008612686558357367,False
Movies,44,text,semantic_similarity,Q3,touched_validation,20,20,0,-0.004050401505082846,-0.0008037541258090642,0.0010430127475184443,-0.0032466473792737817,0.0,0.09523809523809523,2.3369686603546143,2.3246031403541565,-0.001389255848548582,-0.0013966458716810277,False
Movies,44,text,semantic_similarity,Q4,all_validation,20,20,0,-0.002247772878035903,-0.0002939831763796974,0.0005674933067364687,-0.0019537897016562054,0.0,0.09523809523809523,2.174795627593994,2.194856655597687,-0.0008983785312355124,-0.0008901673358360042,False
Movies,44,text,semantic_similarity,Q4,touched_validation,20,20,0,-0.00415646331384778,-0.0005435658174974378,0.0011059279333497816,-0.0036128974963503422,0.0,0.09523809523809523,2.174795627593994,2.194856655597687,-0.0016612583961949925,-0.0016460744655622437,False
Movies,44,text,personalization_deviation,D1,all_validation,20,20,0,0.0005938979447819293,5.2028927541414305e-05,3.1809677891652304e-05,0.000541869017240515,1.0,0.09523809523809523,1.4336713552474976,1.4270092606544496,0.00037795901777405114,0.00037972354642717965,False
Movies,44,text,personalization_deviation,D1,touched_validation,0,20,20,0.000737223366741091,,,,,,1.4336713552474976,,,,False
Movies,44,text,personalization_deviation,D2,all_validation,20,20,0,0.00035008645500056446,2.9981018303715246e-05,4.19592863182331e-05,0.0003201054366968492,1.0,0.09523809523809523,2.1367950439453125,2.1454031705856322,0.0001498063361779736,0.00014920525945215257,False
Movies,44,text,personalization_deviation,D2,touched_validation,0,20,20,0.0004364638007245958,,,,,,2.1367950439453125,,,,False
Movies,44,text,personalization_deviation,D3,all_validation,20,20,0,-0.002196941524744034,4.8659251558547115e-05,3.773360903579199e-05,-0.0022456007763025808,0.0,0.09523809523809523,2.382516860961914,2.3926602959632874,-0.0009425330049479702,-0.0009385372340947217,False
Movies,44,text,personalization_deviation,D3,touched_validation,0,20,20,-0.002775094471871853,,,,,,2.382516860961914,,,,False
Movies,44,text,personalization_deviation,D4,all_validation,20,20,0,0.0023639227729290724,-7.810736709643607e-05,6.166386307660141e-05,0.0024420301400255085,1.0,0.09523809523809523,3.3203253746032715,3.3381022691726683,0.0007354791668020062,0.0007315624097490643,False
Movies,44,text,personalization_deviation,D4,touched_validation,0,20,20,0.0029432054143399,,,,,,3.3203253746032715,,,,False
Movies,44,visual,semantic_similarity,Q1,all_validation,20,20,0,-0.022969648241996765,-0.008093205210752786,0.0014427100238234686,-0.01487644303124398,0.0,0.09523809523809523,1.8997646570205688,1.8781925559043884,-0.00783067680318209,-0.007920616544065017,False
Movies,44,visual,semantic_similarity,Q1,touched_validation,20,20,0,-0.04081514850258827,-0.014841285860165953,0.0027081553621002255,-0.025973862642422317,0.0,0.09523809523809523,1.8997646570205688,1.8781925559043884,-0.013672147519126852,-0.013829179846739164,False
Movies,44,visual,semantic_similarity,Q2,all_validation,20,20,0,-0.02249973453581333,-0.009090801980346442,0.001598491641211173,-0.01340893255546689,0.0,0.09523809523809523,1.8926047086715698,1.8561433255672455,-0.0070849092227354814,-0.00722408252140865,False
Movies,44,visual,semantic_similarity,Q2,touched_validation,20,20,0,-0.03555811941623688,-0.016082258149981498,0.00278311567811458,-0.01947586126625538,0.0,0.09523809523809523,1.8926047086715698,1.8561433255672455,-0.01029050661081537,-0.010492649461912095,False
Movies,44,visual,semantic_similarity,Q3,all_validation,20,20,0,-0.02556523121893406,-0.008028999739326536,0.0011852746374110853,-0.017536231479607523,0.0,0.09523809523809523,1.878296136856079,1.8302028596401214,-0.009336244235134615,-0.009581578013186006,False
Movies,44,visual,semantic_similarity,Q3,touched_validation,20,20,0,-0.0408368781208992,-0.01424663416109979,0.0019076726440509363,-0.02659024395979941,0.0,0.09523809523809523,1.878296136856079,1.8302028596401214,-0.014156577037044015,-0.014528577430489537,False
Movies,44,visual,semantic_similarity,Q4,all_validation,20,20,0,-0.02196422964334488,-0.007316449168138206,0.0012927893113021034,-0.014647780475206673,0.0,0.09523809523809523,1.616865634918213,1.7616665184497833,-0.009059367803273618,-0.008314729446120137,False
Movies,44,visual,semantic_similarity,Q4,touched_validation,20,20,0,-0.0413949191570282,-0.013952492689713835,0.0025779093294074486,-0.027442426467314363,0.0,0.09523809523809523,1.616865634918213,1.7616665184497833,-0.016972607911655894,-0.015577537621278824,False
Movies,44,visual,personalization_deviation,D1,all_validation,20,20,0,0.003501150058582425,0.0019021627842448652,0.00010319649815131988,0.00159898727433756,1.0,0.09523809523809523,1.0313962697982788,1.0392765045166015,0.0015503132221418062,0.0015385580905437268,False
Movies,44,visual,personalization_deviation,D1,touched_validation,0,20,20,0.00387412472628057,,,,,,1.0313962697982788,,,,False
Movies,44,visual,personalization_deviation,D2,all_validation,20,20,0,-0.000626941560767591,0.003571837779600173,0.0001691354848528427,-0.004198779340367764,0.0,0.09523809523809523,1.7689828872680664,1.773247766494751,-0.0023735556576523964,-0.0023678469640287716,False
Movies,44,visual,personalization_deviation,D2,touched_validation,0,20,20,-0.0015856873942539096,,,,,,1.7689828872680664,,,,False
Movies,44,visual,personalization_deviation,D3,all_validation,20,20,0,-0.01505210530012846,0.0006785415243939497,0.0001937696820601721,-0.01573064682452241,0.0,0.09523809523809523,1.9864537715911865,1.9938823521137237,-0.007918959428848902,-0.007889455868766977,False
Movies,44,visual,personalization_deviation,D3,touched_validation,0,20,20,-0.018692107871174812,,,,,,1.9864537715911865,,,,False
Movies,44,visual,personalization_deviation,D4,all_validation,20,20,0,-0.049934517592191696,-0.007173392968252301,0.000325226086633223,-0.0427611246239394,0.0,0.09523809523809523,2.603503704071045,2.6268707752227782,-0.016424453154054778,-0.01627835104309486,False
Movies,44,visual,personalization_deviation,D4,touched_validation,0,20,20,-0.06475752592086792,,,,,,2.603503704071045,,,,False
Toys,42,text,semantic_similarity,Q1,all_validation,20,20,0,-0.0015347402077168226,-0.0005903934938942257,0.00039677593363170876,-0.0009443467138225969,0.0,0.09523809523809523,1.5588188171386719,1.4970910787582397,-0.0006058091571895507,-0.000630787750472238,False
Toys,42,text,semantic_similarity,Q1,touched_validation,20,20,0,-0.0032767229713499546,-0.0011846834560856224,0.001027976799180583,-0.0020920395152643325,0.0,0.09523809523809523,1.5588188171386719,1.4970910787582397,-0.0013420671422885982,-0.0013974029669578784,False
Toys,42,text,semantic_similarity,Q2,all_validation,20,20,0,-0.0011300412006676197,-0.0008511353655194398,0.00048860605693774,-0.00027890583514817986,0.3,0.6666666666666666,1.5020354986190796,1.497898095846176,-0.00018568524872042684,-0.00018619813719065933,False
Toys,42,text,semantic_similarity,Q2,touched_validation,20,20,0,-0.0019113643793389201,-0.0018320041377592132,0.0011252249691530455,-7.936024157970687e-05,0.5,1.0,1.5020354986190796,1.497898095846176,-5.283513049632658e-05,-5.2981068471699054e-05,False
Toys,42,text,semantic_similarity,Q3,all_validation,20,20,0,-0.0020875451155006886,-0.0008080944306129822,0.0005750951062997511,-0.0012794506848877063,0.0,0.09523809523809523,1.4518449306488037,1.5018742978572845,-0.0008812584993598877,-0.0008519026437247373,False
Toys,42,text,semantic_similarity,Q3,touched_validation,20,20,0,-0.003893860150128603,-0.001659335025897235,0.0013098029166676592,-0.002234525124231368,0.0,0.09523809523809523,1.4518449306488037,1.5018742978572845,-0.001539093519602854,-0.0014878243321813712,False
Toys,42,text,semantic_similarity,Q4,all_validation,20,20,0,-0.0008503152639605105,-0.0008021874411497266,0.0005828537782597009,-4.812782281078394e-05,0.5,1.0,1.4171977043151855,1.4663704454898834,-3.395985095389791e-05,-3.28210534785244e-05,False
Toys,42,text,semantic_similarity,Q4,touched_validation,20,20,0,-0.0017968920292332768,-0.0016900864029594231,0.0013960113454130763,-0.0001068056262738537,0.5,1.0,1.4171977043151855,1.4663704454898834,-7.536395659446024e-05,-7.283672867404209e-05,False
Toys,42,text,personalization_deviation,D1,all_validation,20,20,0,0.0004043860826641321,5.6470776030437264e-05,4.4108578685731846e-05,0.00034791530663369485,1.0,0.09523809523809523,0.8211326599121094,0.828482985496521,0.0004237017032917806,0.00041994260923145524,False
Toys,42,text,personalization_deviation,D1,touched_validation,0,20,20,0.00046737026423215866,,,,,,0.8211326599121094,,,,False
Toys,42,text,personalization_deviation,D2,all_validation,20,20,0,0.002152436412870884,0.00042962970619555565,5.3772970877069e-05,0.0017228067066753284,1.0,0.09523809523809523,1.4151153564453125,1.4286857664585113,0.0012174319915527602,0.0012058681811779304,False
Toys,42,text,personalization_deviation,D2,touched_validation,0,20,20,0.0029715001583099365,,,,,,1.4151153564453125,,,,False
Toys,42,text,personalization_deviation,D3,all_validation,20,20,0,0.0013038463657721877,9.366652438984602e-05,6.335543250616575e-05,0.0012101798413823416,1.0,0.09523809523809523,1.6760048866271973,1.6744770169258119,0.0007220622392199542,0.0007227210819551285,False
Toys,42,text,personalization_deviation,D3,touched_validation,0,20,20,0.002047698013484478,,,,,,1.6760048866271973,,,,False
Toys,42,text,personalization_deviation,D4,all_validation,20,20,0,-0.005345004610717297,-0.001391046476783231,7.091178409561187e-05,-0.003953958133934066,0.0,0.09523809523809523,2.032024621963501,2.0511327981948853,-0.0019458219606175325,-0.0019276948510656396,False
Toys,42,text,personalization_deviation,D4,touched_validation,0,20,20,-0.00779753178358078,,,,,,2.032024621963501,,,,False
Toys,42,visual,semantic_similarity,Q1,all_validation,20,20,0,-0.00129081797786057,0.0007108173071173951,0.0003773425978637782,-0.002001635284977965,0.0,0.09523809523809523,1.1305395364761353,1.1455264627933501,-0.0017705132995306328,-0.0017473496684618339,False
Toys,42,visual,semantic_similarity,Q1,touched_validation,20,20,0,-0.0027795471251010895,0.0013285430271935184,0.0008915302836779578,-0.0041080901522946075,0.0,0.09523809523809523,1.1305395364761353,1.1455264627933501,-0.0036337430224650013,-0.003586202751068274,False
Toys,42,visual,semantic_similarity,Q2,all_validation,20,20,0,0.0006550519028678536,0.00029253044158394914,0.0003722007654198176,0.0003625214612839045,0.85,0.38095238095238093,1.086054801940918,1.1034908056259156,0.0003337966561500384,0.00032852241218081436,False
Toys,42,visual,semantic_similarity,Q2,touched_validation,20,20,0,0.0012698029167950153,0.00044612710613591846,0.0009714948065567604,0.0008236758106590969,0.7,0.6666666666666666,1.086054801940918,1.1034908056259156,0.000758410910007787,0.0007464274341562364,False
Toys,42,visual,semantic_similarity,Q3,all_validation,20,20,0,0.002384239574894309,-0.00015471438982785912,0.00037456024755591936,0.002538953964722168,1.0,0.09523809523809523,1.041632056236267,1.0540509343147277,0.0024374767937670257,0.0024087583266271797,False
Toys,42,visual,semantic_similarity,Q3,touched_validation,20,20,0,0.0044404794462025166,-0.0005122115504491376,0.0008909291942837733,0.0049526909966516545,1.0,0.09523809523809523,1.041632056236267,1.0540509343147277,0.0047547413378794005,0.004698720750024151,False
Toys,42,visual,semantic_similarity,Q4,all_validation,20,20,0,-0.0009321013349108398,-5.848253927069891e-05,0.0004207847432522099,-0.0008736187956401408,0.05,0.19047619047619047,1.019026517868042,0.9647004961967468,-0.0008573072244155397,-0.0009055855149690565,False
Toys,42,visual,semantic_similarity,Q4,touched_validation,20,20,0,-0.0019070206908509135,-0.00014685378955618943,0.000927148576902168,-0.001760166901294724,0.05,0.19047619047619047,1.019026517868042,0.9647004961967468,-0.001727302352224879,-0.001824573438318125,False
Toys,42,visual,personalization_deviation,D1,all_validation,20,20,0,-0.0010959894862025976,-0.00021740749725722707,3.639815028780511e-05,-0.0008785819889453705,0.0,0.09523809523809523,0.5891531109809875,0.5865947157144547,-0.0014912625810987728,-0.001497766627293576,False
Toys,42,visual,personalization_deviation,D1,touched_validation,0,20,20,-0.0014773199800401926,,,,,,0.5891531109809875,,,,False
Toys,42,visual,personalization_deviation,D2,all_validation,20,20,0,-0.0022404317278414965,-0.0003720684457221068,4.265237001287269e-05,-0.0018683632821193895,0.0,0.09523809523809523,0.9142045378684998,0.9134935468435288,-0.002043703793544387,-0.0020452944507087733,False
Toys,42,visual,personalization_deviation,D2,touched_validation,0,20,20,-0.0029197551775723696,,,,,,0.9142045378684998,,,,False
Toys,42,visual,personalization_deviation,D3,all_validation,20,20,0,-0.0007623751880601048,-0.00011333472593832994,6.0283122721765115e-05,-0.0006490404621217749,0.0,0.09523809523809523,1.039045810699463,1.037198269367218,-0.0006246504778112048,-0.0006257631556955073,False
Toys,42,visual,personalization_deviation,D3,touched_validation,0,20,20,-0.0009588191169314086,,,,,,1.039045810699463,,,,False
Toys,42,visual,personalization_deviation,D4,all_validation,20,20,0,0.00790339708328247,0.0018062293354887515,0.00011141197800159703,0.006097167747793719,1.0,0.09523809523809523,1.7451694011688232,1.742879033088684,0.0034937397731742608,0.003498330998328083,False
Toys,42,visual,personalization_deviation,D4,touched_validation,0,20,20,0.011244416236877441,,,,,,1.7451694011688232,,,,False
Toys,43,text,semantic_similarity,Q1,all_validation,20,20,0,-0.0008102879510261118,-0.0002277571020385949,0.0002964871094466243,-0.000582530848987517,0.05,0.19047619047619047,0.9064333438873291,0.9573626607656479,-0.0006426626435526225,-0.0006084745863401766,False
Toys,43,text,semantic_similarity,Q1,touched_validation,20,20,0,-0.0015361560508608818,-0.0003818931229034206,0.0007097311694664076,-0.0011542629279574612,0.1,0.2857142857142857,0.9064333438873291,0.9573626607656479,-0.001273411813168762,-0.0012056694659818227,False
Toys,43,text,semantic_similarity,Q2,all_validation,20,20,0,-0.0011085410369560122,-1.5048496698000235e-05,0.00038840461839673,-0.001093492540258012,0.0,0.09523809523809523,0.8758047819137573,0.9190370172262192,-0.0012485573986788787,-0.0011898242614395815,False
Toys,43,text,semantic_similarity,Q2,touched_validation,20,20,0,-0.002091436879709363,2.0060517999809236e-05,0.0008608103073397634,-0.0021114973977091724,0.0,0.09523809523809523,0.8758047819137573,0.9190370172262192,-0.002410922435354647,-0.002297510718425321,False
Toys,43,text,semantic_similarity,Q3,all_validation,20,20,0,-0.000865776848513633,-0.0001721589638691512,0.00031682719298359947,-0.0006936178846444818,0.05,0.19047619047619047,0.9180930852890015,0.9025990426540375,-0.0007554984301242027,-0.0007684673391677575,False
Toys,43,text,semantic_similarity,Q3,touched_validation,20,20,0,-0.001681265770457685,-0.0002383865501087712,0.0007542073935274721,-0.0014428792203489138,0.05,0.19047619047619047,0.9180930852890015,0.9025990426540375,-0.0015716044957392813,-0.0015985827063416962,False
Toys,43,text,semantic_similarity,Q4,all_validation,20,20,0,0.0013967728009447455,-0.0004805796295840992,0.00031577447851725393,0.0018773524305288447,1.0,0.09523809523809523,0.9147361516952515,0.8749179631471634,0.002052343101393287,0.0021457468123910533,False
Toys,43,text,semantic_similarity,Q4,touched_validation,20,20,0,0.002876101993024349,-0.001107674516242696,0.0008114333518401184,0.003983776509267045,1.0,0.09523809523809523,0.9147361516952515,0.8749179631471634,0.004355109942773863,0.004553314341532624,False
Toys,43,text,personalization_deviation,D1,all_validation,20,20,0,0.00043860418372787535,0.00011649941225186922,1.279724901782516e-05,0.00032210477147600616,1.0,0.09523809523809523,0.41775643825531006,0.42258789092302323,0.0007710348470521529,0.0007622195959559976,False
Toys,43,text,personalization_deviation,D1,touched_validation,0,20,20,0.0005342577933333814,,,,,,0.41775643825531006,,,,False
Toys,43,text,personalization_deviation,D2,all_validation,20,20,0,0.0010092516895383596,0.0001932283972564619,1.657362648182572e-05,0.0008160232922818977,1.0,0.09523809523809523,0.5685724020004272,0.5795578420162201,0.0014352143885447493,0.001408010095147072,False
Toys,43,text,personalization_deviation,D2,touched_validation,0,20,20,0.0014623916940763593,,,,,,0.5685724020004272,,,,False
Toys,43,text,personalization_deviation,D3,all_validation,20,20,0,0.0016400052700191736,0.00028952198263141324,3.187296701300915e-05,0.0013504832873877603,1.0,0.09523809523809523,0.617699146270752,0.6261613965034485,0.002186312374784513,0.002156765483989983,False
Toys,43,text,personalization_deviation,D3,touched_validation,0,20,20,0.002552086254581809,,,,,,0.617699146270752,,,,False
Toys,43,text,personalization_deviation,D4,all_validation,20,20,0,-0.0018574976129457355,-0.0005796695913886651,8.342511808133258e-05,-0.0012778280215570703,0.0,0.09523809523809523,2.0004372596740723,2.0306577682495117,-0.0006387743556449382,-0.0006292680340015971,False
Toys,43,text,personalization_deviation,D4,touched_validation,0,20,20,-0.0028826012276113033,,,,,,2.0004372596740723,,,,False
Toys,43,visual,semantic_similarity,Q1,all_validation,20,20,0,0.000599416671320796,-0.0002726887402445755,0.0003473647425154521,0.0008721054115653715,1.0,0.09523809523809523,1.2316104173660278,1.2666507601737975,0.0007081016848085643,0.0006885129184661927,False
Toys,43,visual,semantic_similarity,Q1,touched_validation,20,20,0,0.001399408676661551,-0.0005457010469399392,0.0010131706015654386,0.0019451097236014903,1.0,0.09523809523809523,1.2316104173660278,1.2666507601737975,0.0015793222403556813,0.0015356322237812935,False
Toys,43,visual,semantic_similarity,Q2,all_validation,20,20,0,-0.0010027257958427072,-0.0001986766312029431,0.00035900953431752835,-0.0008040491646397641,0.05,0.19047619047619047,1.1872605085372925,1.2029333353042602,-0.0006772306152334479,-0.0006684070854481109,False
Toys,43,visual,semantic_similarity,Q2,touched_validation,20,20,0,-0.0020073549821972847,-0.0003677058128232602,0.0009241292289144068,-0.0016396491693740245,0.05,0.19047619047619047,1.1872605085372925,1.2029333353042602,-0.0013810357184310751,-0.0013630424240907264,False
Toys,43,visual,semantic_similarity,Q3,all_validation,20,20,0,0.00041184702422469854,-0.0004469636506655661,0.00041374209720683046,0.0008588106748902647,1.0,0.09523809523809523,1.1592381000518799,1.1497325956821443,0.0007408406218283276,0.0007469655797485496,False
Toys,43,visual,semantic_similarity,Q3,touched_validation,20,20,0,0.0009028273052535951,-0.0008800954432444996,0.0009980259149039135,0.0017829227484980948,0.95,0.19047619047619047,1.1592381000518799,1.1497325956821443,0.0015380125518793463,0.0015507281912266943,False
Toys,43,visual,semantic_similarity,Q4,all_validation,20,20,0,0.0009200120694003999,-0.0002715537715630489,0.00039516742601978334,0.001191565840963449,1.0,0.09523809523809523,1.1556499004364014,1.1258301138877869,0.0010310785649810153,0.0010583886736228799,False
Toys,43,visual,semantic_similarity,Q4,touched_validation,20,20,0,0.0015669438289478421,-0.0005944860493400483,0.0009204271158385518,0.0021614298782878906,1.0,0.09523809523809523,1.1556499004364014,1.1258301138877869,0.0018703154627277793,0.0019198543826670134,False
Toys,43,visual,personalization_deviation,D1,all_validation,20,20,0,0.00014916535292286426,6.9698830486686346e-06,2.8928501013279134e-05,0.0001421954698741956,1.0,0.09523809523809523,0.7040485143661499,0.7148618847131729,0.0002019682833959408,0.0001989132067532883,False
Toys,43,visual,personalization_deviation,D1,touched_validation,0,20,20,0.0002153512032236904,,,,,,0.7040485143661499,,,,False
Toys,43,visual,personalization_deviation,D2,all_validation,20,20,0,0.0011737658642232418,0.00020159008490736597,4.3503188824240125e-05,0.0009721757793158759,1.0,0.09523809523809523,0.8957093358039856,0.8956183224916459,0.0010853697069509373,0.001085480002921511,False
Toys,43,visual,personalization_deviation,D2,touched_validation,0,20,20,0.0019067153334617615,,,,,,0.8957093358039856,,,,False
Toys,43,visual,personalization_deviation,D3,all_validation,20,20,0,0.0021253107115626335,0.0003628364240285009,6.579517679210814e-05,0.0017624742875341326,1.0,0.09523809523809523,1.0800864696502686,1.0796511769294739,0.0016317899881693628,0.0016324478916838435,False
Toys,43,visual,personalization_deviation,D3,touched_validation,0,20,20,0.0035766668152064085,,,,,,1.0800864696502686,,,,False
Toys,43,visual,personalization_deviation,D4,all_validation,20,20,0,0.002703738398849964,-0.0005952870473265648,0.00011834143632781299,0.003299025446176529,1.0,0.09523809523809523,2.1358883380889893,2.140900218486786,0.0015445683125582636,0.0015409524543403424,False
Toys,43,visual,personalization_deviation,D4,touched_validation,0,20,20,0.005781352519989014,,,,,,2.1358883380889893,,,,False
Toys,44,text,semantic_similarity,Q1,all_validation,20,20,0,0.00013936747564002872,-3.0935740505810826e-05,0.00039336864184663916,0.00017030321614583955,0.5,1.0,1.4504531621932983,1.476538395881653,0.00011741379906966361,0.00011533951072368475,False
Toys,44,text,semantic_similarity,Q1,touched_validation,20,20,0,0.0006008967175148427,-0.000167694790798123,0.0009817380509595233,0.0007685915083129657,0.75,0.5714285714285714,1.4504531621932983,1.476538395881653,0.000529897502619259,0.0005205360798311736,False
Toys,44,text,semantic_similarity,Q2,all_validation,20,20,0,-0.0004777401336468756,-0.00020140328215347835,0.00030726727120930584,-0.00027633685149339724,0.15,0.38095238095238093,1.461383581161499,1.4827623963356018,-0.00018909262089394574,-0.00018636623924111575,False
Toys,44,text,semantic_similarity,Q2,touched_validation,20,20,0,-0.0006891887169331312,-0.0004496884581840277,0.0006172464976948653,-0.00023950025874910354,0.2,0.47619047619047616,1.461383581161499,1.4827623963356018,-0.00016388596521563917,-0.0001615230190223509,False
Toys,44,text,semantic_similarity,Q3,all_validation,20,20,0,-0.0011864126427099109,-0.00013157994837911246,0.0004071382133739127,-0.0010548326943307985,0.0,0.09523809523809523,1.4989697933197021,1.4769615828990936,-0.0007037051040194768,-0.0007141910165730768,False
Toys,44,text,semantic_similarity,Q3,touched_validation,20,20,0,-0.0021139378659427166,-0.0002959555793495383,0.0009363106487909945,-0.0018179822865931783,0.05,0.19047619047619047,1.4989697933197021,1.4769615828990936,-0.001212821162036735,-0.001230893414995583,False
Toys,44,text,semantic_similarity,Q4,all_validation,20,20,0,0.00030562796746380627,-0.0004812650124222273,0.00032912590262374906,0.0007868929798860336,1.0,0.09523809523809523,1.5531619787216187,1.4806218028068543,0.0005066393529239013,0.0005314611593546496,False
Toys,44,text,semantic_similarity,Q4,touched_validation,20,20,0,0.0005230084643699229,-0.0010402037456515244,0.0007988450232912184,0.0015632122100214473,1.0,0.09523809523809523,1.5531619787216187,1.4806218028068543,0.001006470819809209,0.0010557808935792842,False
Toys,44,text,personalization_deviation,D1,all_validation,20,20,0,0.0010916762985289097,0.00023200832220027223,3.575592345205221e-05,0.0008596679763286375,1.0,0.09523809523809523,0.9622460007667542,0.9451921850442886,0.0008933972972012646,0.0009095165934824639,False
Toys,44,text,personalization_deviation,D1,touched_validation,0,20,20,0.0013469797559082508,,,,,,0.9622460007667542,,,,False
Toys,44,text,personalization_deviation,D2,all_validation,20,20,0,0.00257874745875597,0.0005213581316638738,3.558846582775252e-05,0.002057389327092096,1.0,0.09523809523809523,1.3057509660720825,1.2899150669574737,0.001575636840828456,0.001594980460181205,False
Toys,44,text,personalization_deviation,D2,touched_validation,0,20,20,0.0039050837513059378,,,,,,1.3057509660720825,,,,False
Toys,44,text,personalization_deviation,D3,all_validation,20,20,0,0.000750426494050771,0.00019747764272324276,5.783227587328772e-05,0.0005529488513275283,1.0,0.09523809523809523,1.5427732467651367,1.5241260468959807,0.0003584122634266471,0.00036279732404894945,False
Toys,44,text,personalization_deviation,D3,touched_validation,0,20,20,0.0011441450333222747,,,,,,1.5427732467651367,,,,False
Toys,44,text,personalization_deviation,D4,all_validation,20,20,0,-0.003474826691672206,-0.0008013974176719785,8.33672229535926e-05,-0.0026734292740002276,0.0,0.09523809523809523,2.1226727962493896,2.101255512237549,-0.0012594636718022323,-0.0012723008974535037,False
Toys,44,text,personalization_deviation,D4,touched_validation,0,20,20,-0.00491653848439455,,,,,,2.1226727962493896,,,,False
Toys,44,visual,semantic_similarity,Q1,all_validation,20,20,0,-0.002643138635903597,-0.0004967773242242401,0.0002817814574769137,-0.0021463613116793566,0.0,0.09523809523809523,0.5796493291854858,0.5576811015605927,-0.0037028617193289727,-0.0038487252045464973,False
Toys,44,visual,semantic_similarity,Q1,touched_validation,20,20,0,-0.005702444352209568,-0.0010039964411589608,0.0006890697484332831,-0.004698447911050607,0.0,0.09523809523809523,0.5796493291854858,0.5576811015605927,-0.008105672989641318,-0.00842497244015304,False
Toys,44,visual,semantic_similarity,Q2,all_validation,20,20,0,-0.0013112587621435523,-0.0008216812617320102,0.0002936575440926739,-0.0004895775004115421,0.0,0.09523809523809523,0.5501325726509094,0.5449479818344116,-0.0008899264009246679,-0.0008983930883873008,False
Toys,44,visual,semantic_similarity,Q2,touched_validation,20,20,0,-0.002554891165345907,-0.001688958879094571,0.0006313629472261442,-0.0008659322862513362,0.05,0.19047619047619047,0.5501325726509094,0.5449479818344116,-0.0015740429294653778,-0.0015890182459889727,False
Toys,44,visual,semantic_similarity,Q3,all_validation,20,20,0,-0.0018859115662053227,-0.0006950978935492458,0.00030277307813373906,-0.0011908136726560769,0.0,0.09523809523809523,0.5265346765518188,0.5325668066740036,-0.0022616054092623877,-0.00223598928384353,False
Toys,44,visual,semantic_similarity,Q3,touched_validation,20,20,0,-0.0035018743947148323,-0.0013202397363784256,0.0006557321738209981,-0.0021816346583364067,0.0,0.09523809523809523,0.5265346765518188,0.5325668066740036,-0.004143382678268025,-0.004096452559552288,False
Toys,44,visual,semantic_similarity,Q4,all_validation,20,20,0,-0.0010860853362828493,-0.0009270620153984055,0.00024027493638165896,-0.0001590233208844438,0.25,0.5714285714285714,0.5099865794181824,0.534211865067482,-0.00031181863857192787,-0.0002976783768440976,False
Toys,44,visual,semantic_similarity,Q4,touched_validation,20,20,0,-0.002253425307571888,-0.0019549150485545395,0.00048629584122286814,-0.00029851025901734846,0.2,0.47619047619047616,0.5099865794181824,0.534211865067482,-0.0005853296362373266,-0.0005587862766377936,False
Toys,44,visual,personalization_deviation,D1,all_validation,20,20,0,-0.000640456157270819,-5.918773646840237e-06,3.449169425143483e-05,-0.0006345373836239787,0.0,0.09523809523809523,0.28724250197410583,0.28860170394182205,-0.002209065090510079,-0.0021986612516663923,False
Toys,44,visual,personalization_deviation,D1,touched_validation,0,20,20,-0.0008009793236851692,,,,,,0.28724250197410583,,,,False
Toys,44,visual,personalization_deviation,D2,all_validation,20,20,0,-0.0012299525551497936,-0.00012612998616532423,3.336005833598832e-05,-0.0011038225689844693,0.0,0.09523809523809523,0.4753594696521759,0.47153960168361664,-0.002322079688009208,-0.0023408904894540485,False
Toys,44,visual,personalization_deviation,D2,touched_validation,0,20,20,-0.0019255111692473292,,,,,,0.4753594696521759,,,,False
Toys,44,visual,personalization_deviation,D3,all_validation,20,20,0,-0.0017968066968023777,-0.00020900755553157068,4.826874646363985e-05,-0.001587799141270807,0.0,0.09523809523809523,0.5503721833229065,0.5509082764387131,-0.002884955289130867,-0.002882147916767707,False
Toys,44,visual,personalization_deviation,D3,touched_validation,0,20,20,-0.00263152364641428,,,,,,0.5503721833229065,,,,False
Toys,44,visual,personalization_deviation,D4,all_validation,20,20,0,-0.0018085206393152475,-0.0004472582906601019,0.00011459169229985373,-0.0013612623486551456,0.0,0.09523809523809523,0.8704873919487,0.8756614983081817,-0.0015637932970013705,-0.001554553159278571,False
Toys,44,visual,personalization_deviation,D4,touched_validation,0,20,20,-0.0026189081836491823,,,,,,0.8704873919487,,,,False
Grocery,42,text,semantic_similarity,Q1,all_validation,20,20,0,0.0001300149888265878,-0.0015614188796462258,0.0013848145127819263,0.0016914338684728136,0.9,0.2857142857142857,3.3838753700256348,3.414606988430023,0.0004998511125601828,0.0004953524297828518,False
Grocery,42,text,semantic_similarity,Q1,touched_validation,20,20,0,0.0011016918579116464,-0.003106355599084054,0.0032690264915765524,0.0042080474569957,0.95,0.19047619047619047,3.3838753700256348,3.414606988430023,0.001243558641157218,0.0012323665567524815,False
Grocery,42,text,semantic_similarity,Q2,all_validation,20,20,0,-0.0017138830153271556,-0.0023183759301900865,0.0013790346705138774,0.000604492914862931,0.7,0.6666666666666666,3.177959680557251,3.2756317019462586,0.00019021415487459667,0.00018454239361023986,False
Grocery,42,text,semantic_similarity,Q2,touched_validation,20,20,0,-0.0029570043552666903,-0.004179800266138045,0.0030987502277861666,0.0012227959108713545,0.65,0.7619047619047619,3.177959680557251,3.2756317019462586,0.00038477389072996487,0.00037330079268204703,False
Grocery,42,text,semantic_similarity,Q3,all_validation,20,20,0,-0.00782118272036314,-0.002051016959012486,0.0013799612596969088,-0.005770165761350654,0.0,0.09523809523809523,3.1290340423583984,3.182022452354431,-0.0018440725422724236,-0.0018133642511162671,False
Grocery,42,text,semantic_similarity,Q3,touched_validation,20,20,0,-0.012780880555510521,-0.0035877235932275653,0.002718737315049128,-0.009193156962282956,0.0,0.09523809523809523,3.1290340423583984,3.182022452354431,-0.0029380175599978456,-0.0028890924246866632,False
Grocery,42,text,semantic_similarity,Q4,all_validation,20,20,0,-0.007290781941264868,-0.0032928729575360193,0.0014648798259299153,-0.003997908983728848,0.0,0.09523809523809523,3.2217016220092773,3.1368492364883425,-0.0012409308659795232,-0.0012744982886723542,False
Grocery,42,text,semantic_similarity,Q4,touched_validation,20,20,0,-0.012719602324068546,-0.006378216430312023,0.0031731099539443024,-0.006341385893756523,0.1,0.2857142857142857,3.2217016220092773,3.1368492364883425,-0.0019683343269385777,-0.002021578155555092,False
Grocery,42,text,personalization_deviation,D1,all_validation,20,20,0,-0.001972174271941185,-0.0003166374110151082,8.116619458627685e-05,-0.0016555368609260767,0.0,0.09523809523809523,1.5590897798538208,1.5793058454990387,-0.0010618611463672329,-0.0010482686843990637,False
Grocery,42,text,personalization_deviation,D1,touched_validation,0,20,20,-0.002619920764118433,,,,,,1.5590897798538208,,,,False
Grocery,42,text,personalization_deviation,D2,all_validation,20,20,0,-0.007655104622244835,-0.0004292376797820907,0.00014489040106532166,-0.007225866942462744,0.0,0.09523809523809523,3.2982676029205322,3.3444497108459474,-0.002190806754449588,-0.002160554819833983,False
Grocery,42,text,personalization_deviation,D2,touched_validation,0,20,20,-0.009727144613862038,,,,,,3.2982676029205322,,,,False
Grocery,42,text,personalization_deviation,D3,all_validation,20,20,0,-0.00608050636947155,-0.0012417527701472863,0.0001905610611937598,-0.004838753599324263,0.0,0.09523809523809523,3.863166570663452,3.897638368606567,-0.0012525355846853927,-0.0012414578115549776,False
Grocery,42,text,personalization_deviation,D3,touched_validation,0,20,20,-0.008992982096970081,,,,,,3.863166570663452,,,,False
Grocery,42,text,personalization_deviation,D4,all_validation,20,20,0,0.016809651628136635,0.0001183509019028861,0.00027029956638707466,0.01669130072623375,1.0,0.09523809523809523,4.3559417724609375,4.408511090278625,0.0038318466127704874,0.0037861537340887225,False
Grocery,42,text,personalization_deviation,D4,touched_validation,0,20,20,0.02403092198073864,,,,,,4.3559417724609375,,,,False
Grocery,42,visual,semantic_similarity,Q1,all_validation,20,20,0,-0.009288836270570755,-0.0022978175094976903,0.0013136205682019444,-0.006991018761073065,0.0,0.09523809523809523,2.3947203159332275,2.395165979862213,-0.002919346662136505,-0.002918803464915746,False
Grocery,42,visual,semantic_similarity,Q1,touched_validation,20,20,0,-0.0171163659542799,-0.005050128189031966,0.002860845736626131,-0.012066237765247933,0.0,0.09523809523809523,2.3947203159332275,2.395165979862213,-0.005038683509285157,-0.0050377459711318335,False
Grocery,42,visual,semantic_similarity,Q2,all_validation,20,20,0,-0.012074102647602558,-0.001842736528487876,0.0011653203664516599,-0.010231366119114682,0.0,0.09523809523809523,2.4114279747009277,2.374687445163727,-0.004242866146719295,-0.004308510637872578,False
Grocery,42,visual,semantic_similarity,Q2,touched_validation,20,20,0,-0.02241736650466919,-0.00353378962026909,0.0024326337848290594,-0.0188835768844001,0.0,0.09523809523809523,2.4114279747009277,2.374687445163727,-0.007830869129207255,-0.007952026243643271,False
Grocery,42,visual,semantic_similarity,Q3,all_validation,20,20,0,-0.007386034820228815,-0.0027266709075774997,0.0012254003214747118,-0.004659363912651315,0.0,0.09523809523809523,2.3239519596099854,2.3289607048034666,-0.002004931252292867,-0.0020006193762906375,False
Grocery,42,visual,semantic_similarity,Q3,touched_validation,20,20,0,-0.013349058106541634,-0.005588761041872203,0.002522125690548869,-0.007760297064669431,0.0,0.09523809523809523,2.3239519596099854,2.3289607048034666,-0.003339267420127073,-0.003332085873609003,False
Grocery,42,visual,semantic_similarity,Q4,all_validation,20,20,0,-0.00012516688730102032,-0.002825076039880514,0.001767392931493443,0.0026999091525794936,0.95,0.19047619047619047,2.153991937637329,2.2209125757217407,0.0012534444096107976,0.0012156755660230683,False
Grocery,42,visual,semantic_similarity,Q4,touched_validation,20,20,0,0.0003951381368096918,-0.005757419136352837,0.00363454946752009,0.0061525572731625285,0.95,0.19047619047619047,2.153991937637329,2.2209125757217407,0.002856351115180259,0.0027702834143123944,False
Grocery,42,visual,personalization_deviation,D1,all_validation,20,20,0,-0.004047665745019913,-0.0005877744624740444,0.00011084980507435276,-0.0034598912825458683,0.0,0.09523809523809523,1.2489408254623413,1.246910536289215,-0.002770260377438052,-0.0027747710696548224,False
Grocery,42,visual,personalization_deviation,D1,touched_validation,0,20,20,-0.005265151150524616,,,,,,1.2489408254623413,,,,False
Grocery,42,visual,personalization_deviation,D2,all_validation,20,20,0,-0.011606675572693348,-0.0006845451935078017,0.00020524345349274067,-0.010922130379185546,0.0,0.09523809523809523,2.006514549255371,2.0169678330421448,-0.005443334753407777,-0.00541512373189737,False
Grocery,42,visual,personalization_deviation,D2,touched_validation,0,20,20,-0.014658201485872269,,,,,,2.006514549255371,,,,False
Grocery,42,visual,personalization_deviation,D3,all_validation,20,20,0,-0.016030678525567055,-0.0023076046432834118,0.0002867812758061639,-0.013723073882283643,0.0,0.09523809523809523,2.6484310626983643,2.653492295742035,-0.00518158621364932,-0.005171702930624446,False
Grocery,42,visual,personalization_deviation,D3,touched_validation,0,20,20,-0.020639467984437943,,,,,,2.6484310626983643,,,,False
Grocery,42,visual,personalization_deviation,D4,all_validation,20,20,0,0.023815235123038292,0.004656820651143789,0.00033545369412057774,0.0191584144718945,1.0,0.09523809523809523,3.436490297317505,3.4727811336517336,0.005574994489826967,0.005516735358367757,False
Grocery,42,visual,personalization_deviation,D4,touched_validation,0,20,20,0.03421531990170479,,,,,,3.436490297317505,,,,False
Grocery,43,text,semantic_similarity,Q1,all_validation,20,20,0,-0.0042763263918459415,-0.0014247979765059427,0.0006155873375329774,-0.002851528415339999,0.0,0.09523809523809523,2.362950325012207,2.3819031596183775,-0.0012067661284094328,-0.0011971638745362201,False
Grocery,43,text,semantic_similarity,Q1,touched_validation,20,20,0,-0.008422771468758583,-0.002823506380082108,0.0013268419005682717,-0.005599265088676475,0.0,0.09523809523809523,2.362950325012207,2.3819031596183775,-0.0023696076169714567,-0.002350752618159012,False
Grocery,43,text,semantic_similarity,Q2,all_validation,20,20,0,-0.005575649905949831,-0.0014659241307526827,0.0006157120642843859,-0.0041097257751971485,0.0,0.09523809523809523,2.2734744548797607,2.2968944311141968,-0.0018076850462842326,-0.0017892532279778217,False
Grocery,43,text,semantic_similarity,Q2,touched_validation,20,20,0,-0.00991498026996851,-0.0027136715187225493,0.0013190793122536911,-0.00720130875124596,0.0,0.09523809523809523,2.2734744548797607,2.2968944311141968,-0.0031675344914414948,-0.0031352371505161225,False
Grocery,43,text,semantic_similarity,Q3,all_validation,20,20,0,-0.0043964264914393425,-0.0020961316011380406,0.0007826911592051136,-0.002300294890301302,0.0,0.09523809523809523,2.3141345977783203,2.299704098701477,-0.0009940194889738482,-0.0010002568989632876,False
Grocery,43,text,semantic_similarity,Q3,touched_validation,20,20,0,-0.006983684375882149,-0.0040246323158498855,0.0016119856717474671,-0.0029590520600322632,0.05,0.19047619047619047,2.3141345977783203,2.299704098701477,-0.0012786862366915978,-0.0012867099126804178,False
Grocery,43,text,semantic_similarity,Q4,all_validation,20,20,0,-0.0027636373415589333,-0.0020107813383219765,0.0006089710230465111,-0.0007528560032369568,0.05,0.19047619047619047,2.381948471069336,2.3608285069465635,-0.0003160672921268774,-0.0003188948290913189,False
Grocery,43,text,semantic_similarity,Q4,touched_validation,20,20,0,-0.004952022340148687,-0.0038625559653155507,0.001227670362803814,-0.0010894663748331366,0.2,0.47619047619047616,2.381948471069336,2.3608285069465635,-0.00045738452702277874,-0.0004614762875096606,False
Grocery,43,text,personalization_deviation,D1,all_validation,20,20,0,-0.0012283427640795708,-0.00028260512117412874,3.738944423821586e-05,-0.0009457376429054421,0.0,0.09523809523809523,1.0348577499389648,1.0420218527317047,-0.0009138817803319413,-0.0009075986654456841,False
Grocery,43,text,personalization_deviation,D1,touched_validation,0,20,20,-0.0015829765470698476,,,,,,1.0348577499389648,,,,False
Grocery,43,text,personalization_deviation,D2,all_validation,20,20,0,-0.003306319937109947,-0.0004248350320267491,7.832078300154477e-05,-0.002881484905083198,0.0,0.09523809523809523,1.9832159280776978,1.9789567589759827,-0.0014529355398404482,-0.0014560625905604807,False
Grocery,43,text,personalization_deviation,D2,touched_validation,0,20,20,-0.004591142293065786,,,,,,1.9832159280776978,,,,False
Grocery,43,text,personalization_deviation,D3,all_validation,20,20,0,-0.004606753587722778,-0.0005158663101610727,0.00012379743382144956,-0.004090887277561706,0.0,0.09523809523809523,2.416975975036621,2.409670352935791,-0.0016925643116903674,-0.001697695816598286,False
Grocery,43,text,personalization_deviation,D3,touched_validation,0,20,20,-0.006273549981415272,,,,,,2.416975975036621,,,,False
Grocery,43,text,personalization_deviation,D4,all_validation,20,20,0,0.0029608786571770906,-0.00032425914832856506,0.00010079230336808474,0.0032851378055056557,1.0,0.09523809523809523,4.053109169006348,4.072590374946595,0.0008105229019306734,0.0008066457716234052,False
Grocery,43,text,personalization_deviation,D4,touched_validation,0,20,20,0.0047484808601439,,,,,,4.053109169006348,,,,False
Grocery,43,visual,semantic_similarity,Q1,all_validation,20,20,0,-0.006611923221498728,-0.002525536553002894,0.0007470090070094629,-0.004086386668495834,0.0,0.09523809523809523,2.2300844192504883,2.2271494269371033,-0.0018323910221602284,-0.0018348057921348457,False
Grocery,43,visual,semantic_similarity,Q1,touched_validation,20,20,0,-0.01172023918479681,-0.005093969288282096,0.0016784261446952259,-0.006626269896514714,0.0,0.09523809523809523,2.2300844192504883,2.2271494269371033,-0.0029713089958893902,-0.0029752246599926363,False
Grocery,43,visual,semantic_similarity,Q2,all_validation,20,20,0,-0.007271114736795425,-0.0033565281657502053,0.0009957211554073278,-0.00391458657104522,0.0,0.09523809523809523,2.270587682723999,2.2639923095703125,-0.0017240411373795569,-0.0017290635460623309,False
Grocery,43,visual,semantic_similarity,Q2,touched_validation,20,20,0,-0.012868429534137249,-0.006473142828326672,0.002137010206112434,-0.006395286705810577,0.0,0.09523809523809523,2.270587682723999,2.2639923095703125,-0.002816577732041339,-0.0028247828752658286,False
Grocery,43,visual,semantic_similarity,Q3,all_validation,20,20,0,-0.0072180405259132385,-0.0028631405817577615,0.000982173619794709,-0.004354899944155477,0.0,0.09523809523809523,2.256835699081421,2.2368462085723877,-0.001929648642976572,-0.0019468928742011897,False
Grocery,43,visual,semantic_similarity,Q3,touched_validation,20,20,0,-0.013637188822031021,-0.005565748232766054,0.002107552743770706,-0.008071440589264966,0.0,0.09523809523809523,2.256835699081421,2.2368462085723877,-0.003576441383192686,-0.0036084021146955635,False
Grocery,43,visual,semantic_similarity,Q4,all_validation,20,20,0,-0.0029161691199988127,-0.0033089897537138314,0.0008106562681997096,0.0003928206337150187,0.65,0.7619047619047619,2.057917356491089,2.1316054701805114,0.0001908826088063215,0.0001842839302160212,False
Grocery,43,visual,semantic_similarity,Q4,touched_validation,20,20,0,-0.006577417254447937,-0.006935415999032557,0.0017347526509222586,0.00035799874458461965,0.6,0.8571428571428571,2.057917356491089,2.1316054701805114,0.00017396167219992824,0.00016794793858083653,False
Grocery,43,visual,personalization_deviation,D1,all_validation,20,20,0,-0.0005951609346084297,-0.00022439937165472657,7.215258423753542e-05,-0.00037076156295370313,0.0,0.09523809523809523,1.0567834377288818,1.058613556623459,-0.0003508396798403187,-0.00035023315225239464,False
Grocery,43,visual,personalization_deviation,D1,touched_validation,0,20,20,-0.0007393211708404124,,,,,,1.0567834377288818,,,,False
Grocery,43,visual,personalization_deviation,D2,all_validation,20,20,0,-0.005936714820563793,-0.0008285411575343459,9.299342152138129e-05,-0.005108173663029447,0.0,0.09523809523809523,2.1465768814086914,2.1628965973854064,-0.0023796835358046095,-0.0023617280961105787,False
Grocery,43,visual,personalization_deviation,D2,touched_validation,0,20,20,-0.0075960238464176655,,,,,,2.1465768814086914,,,,False
Grocery,43,visual,personalization_deviation,D3,all_validation,20,20,0,-0.006986019667237997,-0.0005634361834381707,0.0001520508265970968,-0.0064225834837998265,0.0,0.09523809523809523,2.5423171520233154,2.5569944262504576,-0.0025262715466816783,-0.0025117706232998345,False
Grocery,43,visual,personalization_deviation,D3,touched_validation,0,20,20,-0.009100676514208317,,,,,,2.5423171520233154,,,,False
Grocery,43,visual,personalization_deviation,D4,all_validation,20,20,0,0.004192420281469822,-7.522483244315481e-05,0.00018558364633483135,0.004267645113912977,1.0,0.09523809523809523,3.1839635372161865,3.205632984638214,0.0013403561517048457,0.0013312956081880625,False
Grocery,43,visual,personalization_deviation,D4,touched_validation,0,20,20,0.004952094983309507,,,,,,3.1839635372161865,,,,False
Grocery,44,text,semantic_similarity,Q1,all_validation,20,20,0,0.00031594460597261786,-0.00020843056927333237,0.00019895863211193655,0.0005243751752459502,1.0,0.09523809523809523,0.7309735417366028,0.7715523600578308,0.0007173654657861542,0.0006796365384793415,False
Grocery,44,text,semantic_similarity,Q1,touched_validation,20,20,0,0.0005633014952763915,-0.000426977028746478,0.0004734230317812019,0.0009902785240228696,0.95,0.19047619047619047,0.7309735417366028,0.7715523600578308,0.0013547392176040613,0.0012834884257853362,False
Grocery,44,text,semantic_similarity,Q2,all_validation,20,20,0,-0.00039713570731692016,-0.00023687293505645358,0.00016412150489869716,-0.00016026277226046659,0.2,0.47619047619047616,0.7306759357452393,0.7414738804101944,-0.00021933495332207738,-0.0002161408196490896,False
Grocery,44,text,semantic_similarity,Q2,touched_validation,20,20,0,-0.0006482903845608234,-0.0004530609014636866,0.0003483926768892861,-0.00019522948309713684,0.4,0.8571428571428571,0.7306759357452393,0.7414738804101944,-0.00026719024610787133,-0.0002632992048066072,False
Grocery,44,text,semantic_similarity,Q3,all_validation,20,20,0,-0.00124926189891994,-0.0002400267589109717,0.00018960467863290463,-0.0010092351400089682,0.0,0.09523809523809523,0.7350114583969116,0.7271727025508881,-0.0013730876280606237,-0.0013878891994532115,False
Grocery,44,text,semantic_similarity,Q3,touched_validation,20,20,0,-0.0021163595374673605,-0.0003868354275709862,0.00040175904392084365,-0.0017295241098963742,0.0,0.09523809523809523,0.7350114583969116,0.7271727025508881,-0.002353057343712954,-0.002378422765083048,False
Grocery,44,text,semantic_similarity,Q4,all_validation,20,20,0,-0.0014123668661341071,-0.00035084407063550315,0.00010209991722656514,-0.001061522795498604,0.0,0.09523809523809523,0.7192404866218567,0.6958040565252304,-0.0014758941066887236,-0.0015256059310694559,False
Grocery,44,text,semantic_similarity,Q4,touched_validation,20,20,0,-0.002482707379385829,-0.0006679819809505716,0.00021218495405483072,-0.0018147253984352573,0.0,0.09523809523809523,0.7192404866218567,0.6958040565252304,-0.0025231135234838812,-0.0026080983308651435,False
Grocery,44,text,personalization_deviation,D1,all_validation,20,20,0,-0.0008039275417104363,-6.641515137744136e-05,1.5806329585244934e-05,-0.0007375123903329949,0.0,0.09523809523809523,0.4598146677017212,0.4618918731808662,-0.0016039340241529889,-0.001596720862942322,False
Grocery,44,text,personalization_deviation,D1,touched_validation,0,20,20,-0.0011569171911105514,,,,,,0.4598146677017212,,,,False
Grocery,44,text,personalization_deviation,D2,all_validation,20,20,0,-0.0015331960748881102,-0.00019823667680611833,1.7734927138958952e-05,-0.0013349593980819918,0.0,0.09523809523809523,0.6062220335006714,0.6075582444667816,-0.0022020964668192176,-0.0021972533666322156,False
Grocery,44,text,personalization_deviation,D2,touched_validation,0,20,20,-0.002058577025309205,,,,,,0.6062220335006714,,,,False
Grocery,44,text,personalization_deviation,D3,all_validation,20,20,0,-0.0007745928596705198,-9.9904306443932e-05,2.1403516830160345e-05,-0.0006746885532265878,0.0,0.09523809523809523,0.7470402717590332,0.7576463013887406,-0.0009031488377956062,-0.000890505968271759,False
Grocery,44,text,personalization_deviation,D3,touched_validation,0,20,20,-0.0009934804402291775,,,,,,0.7470402717590332,,,,False
Grocery,44,text,personalization_deviation,D4,all_validation,20,20,0,0.0010584585834294558,5.02994751514052e-05,3.0014250459702637e-05,0.0010081591082780506,1.0,0.09523809523809523,1.1198132038116455,1.133989942073822,0.0009002922137777582,0.0008890370812579314,False
Grocery,44,text,personalization_deviation,D4,touched_validation,0,20,20,0.001531920745037496,,,,,,1.1198132038116455,,,,False
Grocery,44,visual,semantic_similarity,Q1,all_validation,20,20,0,-0.005256293341517448,-0.0008997254135465482,0.0003339225302064548,-0.0043565679279709,0.0,0.09523809523809523,0.9169371724128723,0.946510860323906,-0.0047512174869103274,-0.004602765916996911,False
Grocery,44,visual,semantic_similarity,Q1,touched_validation,20,20,0,-0.009574460797011852,-0.0015872708871029317,0.0007401023249171913,-0.007987189909908921,0.0,0.09523809523809523,0.9169371724128723,0.946510860323906,-0.008710727572405355,-0.008438561293599085,False
Grocery,44,visual,semantic_similarity,Q2,all_validation,20,20,0,-0.005148354452103376,-0.001170502461900469,0.0004215511686630105,-0.003977851990202908,0.0,0.09523809523809523,0.9571021795272827,0.9526623606681823,-0.004156141397738151,-0.004175510815194514,False
Grocery,44,visual,semantic_similarity,Q2,touched_validation,20,20,0,-0.009078728035092354,-0.002339545467111748,0.0009121259869534461,-0.006739182567980606,0.0,0.09523809523809523,0.9571021795272827,0.9526623606681823,-0.007041236256824824,-0.00707405146483039,False
Grocery,44,visual,semantic_similarity,Q3,all_validation,20,20,0,-0.0027494761161506176,-0.0014657313440693542,0.00046532944630817597,-0.0012837447720812634,0.0,0.09523809523809523,0.9319658875465393,0.9067475736141205,-0.0013774589705846717,-0.0014157686322369622,False
Grocery,44,visual,semantic_similarity,Q3,touched_validation,20,20,0,-0.005021742545068264,-0.0028549899929203094,0.0010481512279576658,-0.0021667525521479546,0.0,0.09523809523809523,0.9319658875465393,0.9067475736141205,-0.0023249268895986597,-0.00238958737271202,False
Grocery,44,visual,semantic_similarity,Q4,all_validation,20,20,0,-0.0015187376411631703,-0.0018423487286781891,0.0004984649468786755,0.0003236110875150188,0.8,0.47619047619047616,0.8424747586250305,0.8355010777711869,0.0003841196240024893,0.0003873257571108205,False
Grocery,44,visual,semantic_similarity,Q4,touched_validation,20,20,0,-0.0031122600194066763,-0.003616564063122496,0.0010167046961108142,0.0005043040437158197,0.8,0.47619047619047616,0.8424747586250305,0.8355010777711869,0.0005985984013791412,0.0006035947255274834,False
Grocery,44,visual,personalization_deviation,D1,all_validation,20,20,0,-0.001607596641406417,-0.0003024620324140415,2.468784130098121e-05,-0.0013051346089923755,0.0,0.09523809523809523,0.39924660325050354,0.3953800514340401,-0.003268993645439263,-0.003300962211561667,False
Grocery,44,visual,personalization_deviation,D1,touched_validation,0,20,20,-0.0021786971483379602,,,,,,0.39924660325050354,,,,False
Grocery,44,visual,personalization_deviation,D2,all_validation,20,20,0,-0.004417803604155779,-0.0007075758738210424,5.293660641429413e-05,-0.0037102277303347362,0.0,0.09523809523809523,0.7613010406494141,0.7577008217573166,-0.004873535608417034,-0.004896692234970528,False
Grocery,44,visual,personalization_deviation,D2,touched_validation,0,20,20,-0.005830609705299139,,,,,,0.7613010406494141,,,,False
Grocery,44,visual,personalization_deviation,D3,all_validation,20,20,0,-0.004132765810936689,-0.0005409523262642324,6.003089033526646e-05,-0.003591813484672457,0.0,0.09523809523809523,0.8571887612342834,0.8551607459783555,-0.004190224658914499,-0.004200161784272506,False
Grocery,44,visual,personalization_deviation,D3,touched_validation,0,20,20,-0.005898492876440287,,,,,,0.8571887612342834,,,,False
Grocery,44,visual,personalization_deviation,D4,all_validation,20,20,0,0.00036264045047573745,0.0012018029257887975,0.00013060439910506932,-0.00083916247531306,0.0,0.09523809523809523,1.6830389499664307,1.6838151037693023,-0.0004985995572647318,-0.000498369728026584,False
Grocery,44,visual,personalization_deviation,D4,touched_validation,0,20,20,0.000402315694373101,,,,,,1.6830389499664307,,,,False
ele-fashion,42,text,semantic_similarity,Q1,all_validation,20,20,0,0.00619868841022253,-0.0005067002430223511,0.0007418524965767133,0.006705388653244881,1.0,0.09523809523809523,3.0656580924987793,2.919756543636322,0.002187259130315219,0.0022965574536880948,False
ele-fashion,42,text,semantic_similarity,Q1,touched_validation,20,20,0,0.01678181253373623,-0.0018089659697579918,0.004577118910342486,0.01859077850349422,1.0,0.09523809523809523,3.0656580924987793,2.919756543636322,0.006064204794715071,0.006367235838209487,False
ele-fashion,42,text,semantic_similarity,Q2,all_validation,20,20,0,0.0019125666003674269,-0.0007431331556290388,0.0004848743058629593,0.0026556997559964656,1.0,0.09523809523809523,2.4859116077423096,2.51803240776062,0.0010683001550514856,0.001054672587934332,False
ele-fashion,42,text,semantic_similarity,Q2,touched_validation,20,20,0,0.005671548657119274,-0.003001619138285605,0.0026507601143095304,0.00867316779540488,1.0,0.09523809523809523,2.4859116077423096,2.51803240776062,0.0034889284753283367,0.003444422624852079,False
ele-fashion,42,text,semantic_similarity,Q3,all_validation,20,20,0,-0.001976053463295102,-0.001142948054257431,0.0006177314638743219,-0.0008331054090376711,0.05,0.19047619047619047,2.452282190322876,2.4841739177703857,-0.0003397265666752821,-0.0003353651703199069,False
ele-fashion,42,text,semantic_similarity,Q3,touched_validation,20,20,0,-0.004703087732195854,-0.005216722193290479,0.003373533007533727,0.000513634461094625,0.65,0.7619047619047619,2.452282190322876,2.4841739177703857,0.00020945161332627408,0.000206762681718927,False
ele-fashion,42,text,semantic_similarity,Q4,all_validation,20,20,0,-0.002223599934950471,-0.0009078164595848648,0.000766819389319823,-0.001315783475365606,0.1,0.2857142857142857,2.6117355823516846,2.6821643829345705,-0.0005037965880835194,-0.0004905677980577423,False
ele-fashion,42,text,semantic_similarity,Q4,touched_validation,20,20,0,-0.00540311960503459,-0.0038944605705182765,0.004126021398315305,-0.0015086590345163133,0.35,0.7619047619047619,2.6117355823516846,2.6821643829345705,-0.0005776461616980743,-0.0005624782150246581,False
ele-fashion,42,text,personalization_deviation,D1,all_validation,20,20,0,-0.00605291360989213,-0.00024218050311901606,2.291669855594364e-05,-0.005810733106773114,0.0,0.09523809523809523,0.9679751396179199,0.9626395672559738,-0.006002977627153451,-0.00603625001965243,False
ele-fashion,42,text,personalization_deviation,D1,touched_validation,0,20,20,-0.013887351378798485,,,,,,0.9679751396179199,,,,False
ele-fashion,42,text,personalization_deviation,D2,all_validation,20,20,0,-0.003305854042991996,-0.00016821493845782244,2.542525230954332e-05,-0.003137639104534173,0.0,0.09523809523809523,2.1825621128082275,2.184520792961121,-0.0014375944153523508,-0.0014363054426594231,False
ele-fashion,42,text,personalization_deviation,D2,touched_validation,0,20,20,-0.005981232970952988,,,,,,2.1825621128082275,,,,False
ele-fashion,42,text,personalization_deviation,D3,all_validation,20,20,0,-0.0043920730240643024,-0.00011763804286601953,2.640159408215485e-05,-0.004274434981198283,0.0,0.09523809523809523,2.8232243061065674,2.8234131932258606,-0.0015140259921789662,-0.00151392470342361,False
ele-fashion,42,text,personalization_deviation,D3,touched_validation,0,20,20,-0.011028243228793144,,,,,,2.8232243061065674,,,,False
ele-fashion,42,text,personalization_deviation,D4,all_validation,20,20,0,0.03593834117054939,-0.0002778883685095934,0.00010823022996982914,0.03621622953905899,1.0,0.09523809523809523,4.710344314575195,4.728518557548523,0.007688658645820773,0.007659106990547046,False
ele-fashion,42,text,personalization_deviation,D4,touched_validation,0,20,20,0.07895160466432571,,,,,,4.710344314575195,,,,False
ele-fashion,42,visual,semantic_similarity,Q1,all_validation,20,20,0,-0.00727837672457099,-0.0015618384364643133,0.00076973798633066,-0.005716538288106676,0.0,0.09523809523809523,2.6468942165374756,2.401815891265869,-0.0021597154326713454,-0.0023800901263466173,False
ele-fashion,42,visual,semantic_similarity,Q1,touched_validation,20,20,0,-0.01942000724375248,-0.007019437458075118,0.004235078997043703,-0.012400569785677362,0.0,0.09523809523809523,2.6468942165374756,2.401815891265869,-0.004684951029850537,-0.005162997643061025,False
ele-fashion,42,visual,semantic_similarity,Q2,all_validation,20,20,0,-0.01188608631491661,-0.0016204999395995402,0.0008290863646546929,-0.010265586375317071,0.0,0.09523809523809523,2.2697904109954834,2.1872390508651733,-0.004522702327749403,-0.004693399366316075,False
ele-fashion,42,visual,semantic_similarity,Q2,touched_validation,20,20,0,-0.029256025329232216,-0.006885083837551065,0.004167216193831444,-0.022370941491681152,0.0,0.09523809523809523,2.2697904109954834,2.1872390508651733,-0.009855950304178024,-0.010227936211554921,False
ele-fashion,42,visual,semantic_similarity,Q3,all_validation,20,20,0,-0.007741900160908699,-0.0016902748113352573,0.0007571352452986238,-0.006051625349573442,0.0,0.09523809523809523,1.9409263134002686,2.052362096309662,-0.003117905768905058,-0.0029486148474734933,False
ele-fashion,42,visual,semantic_similarity,Q3,touched_validation,20,20,0,-0.01916159689426422,-0.007582133577670902,0.004035711018525504,-0.01157946331659332,0.0,0.09523809523809523,1.9409263134002686,2.052362096309662,-0.005965946896923423,-0.005642017720658859,False
ele-fashion,42,visual,semantic_similarity,Q4,all_validation,20,20,0,-0.00437474949285388,-0.0017285202571656554,0.0006312243093952315,-0.0026462292356882245,0.0,0.09523809523809523,1.6385364532470703,1.8907159209251403,-0.0016149956447063505,-0.0013995911318036645,False
ele-fashion,42,visual,semantic_similarity,Q4,touched_validation,20,20,0,-0.011198530904948711,-0.008343341830186545,0.003370248161401754,-0.0028551890747621662,0.2,0.47619047619047616,1.6385364532470703,1.8907159209251403,-0.0017425239878565567,-0.0015101100293076245,False
ele-fashion,42,visual,personalization_deviation,D1,all_validation,20,20,0,-0.004082363564521074,-0.0002541313413530588,2.5482680913560864e-05,-0.0038282322231680153,0.0,0.09523809523809523,1.0084500312805176,1.0028405100107194,-0.0037961545980648896,-0.003817388891802224,False
ele-fashion,42,visual,personalization_deviation,D1,touched_validation,0,20,20,-0.006773846689611673,,,,,,1.0084500312805176,,,,False
ele-fashion,42,visual,personalization_deviation,D2,all_validation,20,20,0,-0.006985354237258434,-0.0002792748353385832,5.4759482759462826e-05,-0.006706079401919851,0.0,0.09523809523809523,1.667102336883545,1.6459498465061189,-0.004022596125953532,-0.004074291459214791,False
ele-fashion,42,visual,personalization_deviation,D2,touched_validation,0,20,20,-0.011173994280397892,,,,,,1.667102336883545,,,,False
ele-fashion,42,visual,personalization_deviation,D3,all_validation,20,20,0,-0.009489634074270725,-0.00044682135921902955,5.888591994317503e-05,-0.009042812715051696,0.0,0.09523809523809523,2.303377151489258,2.307686924934387,-0.003925893208240388,-0.0039185613166763875,False
ele-fashion,42,visual,personalization_deviation,D3,touched_validation,0,20,20,-0.015538934618234634,,,,,,2.303377151489258,,,,False
ele-fashion,42,visual,personalization_deviation,D4,all_validation,20,20,0,-0.006478134077042341,-0.00028352586487017105,0.00011084255922017766,-0.00619460821217217,0.0,0.09523809523809523,3.6002378463745117,3.669334185123444,-0.0017206108253121398,-0.0016882104217395186,False
ele-fashion,42,visual,personalization_deviation,D4,touched_validation,0,20,20,-0.011981194838881493,,,,,,3.6002378463745117,,,,False
ele-fashion,43,text,semantic_similarity,Q1,all_validation,20,20,0,-0.0002890854375436902,-0.001816662200326391,0.0011017705340043182,0.0015275767627827008,0.9,0.2857142857142857,4.148569583892822,4.18979766368866,0.00036821770296761576,0.00036459439939576254,False
ele-fashion,43,text,semantic_similarity,Q1,touched_validation,20,20,0,-0.0006333063938654959,-0.01069729419759824,0.006569637627150891,0.010063987803732743,0.95,0.19047619047619047,4.148569583892822,4.18979766368866,0.0024258934556153078,0.0024020223914273933,False
ele-fashion,43,text,semantic_similarity,Q2,all_validation,20,20,0,-0.007711449172347784,-0.001328309634118341,0.000797482830552398,-0.006383139538229443,0.0,0.09523809523809523,3.248832941055298,3.228043031692505,-0.0019647484663074376,-0.001977402245124565,False
ele-fashion,43,text,semantic_similarity,Q2,touched_validation,20,20,0,-0.019543945789337158,-0.007183287325460697,0.00433441454107493,-0.012360658463876462,0.0,0.09523809523809523,3.248832941055298,3.228043031692505,-0.0038046457568414157,-0.00382914922215017,False
ele-fashion,43,text,semantic_similarity,Q3,all_validation,20,20,0,-0.007534419186413288,-0.0019405724800890312,0.0012186360035437982,-0.005593846706324257,0.0,0.09523809523809523,3.2349307537078857,3.2076542139053346,-0.0017292013746850212,-0.0017439057745292244,False
ele-fashion,43,text,semantic_similarity,Q3,touched_validation,20,20,0,-0.018718313425779343,-0.010119245381793008,0.00647087715780799,-0.008599068043986335,0.1,0.2857142857142857,3.2349307537078857,3.2076542139053346,-0.002658192307247196,-0.0026807964545262648,False
ele-fashion,43,text,semantic_similarity,Q4,all_validation,20,20,0,-0.00711434381082654,-0.0016510719018697274,0.0012741141866151335,-0.005463271908956813,0.0,0.09523809523809523,3.090017080307007,3.0620949625968934,-0.0017680393884464368,-0.0017841614893359648,False
ele-fashion,43,text,semantic_similarity,Q4,touched_validation,20,20,0,-0.01863412745296955,-0.008651725971139968,0.006781032155003571,-0.009982401481829583,0.1,0.2857142857142857,3.090017080307007,3.0620949625968934,-0.0032305327842506804,-0.0032599908245041736,False
ele-fashion,43,text,personalization_deviation,D1,all_validation,20,20,0,-0.0017530733020976186,5.825995192765277e-06,1.307968811159393e-05,-0.001758899297290384,0.0,0.09523809523809523,0.9991030693054199,1.0076863467693329,-0.0017604783243348624,-0.0017454829103596694,False
ele-fashion,43,text,personalization_deviation,D1,touched_validation,0,20,20,-0.003073102794587612,,,,,,0.9991030693054199,,,,False
ele-fashion,43,text,personalization_deviation,D2,all_validation,20,20,0,-0.0026629711501300335,-4.518213547726191e-05,1.7100288041567952e-05,-0.0026177890146527718,0.0,0.09523809523809523,2.290297746658325,2.2840956330299376,-0.0011429906956294796,-0.0011460943126882263,False
ele-fashion,43,text,personalization_deviation,D2,touched_validation,0,20,20,-0.005001213401556015,,,,,,2.290297746658325,,,,False
ele-fashion,43,text,personalization_deviation,D3,all_validation,20,20,0,-0.005090486258268356,-2.454747775004762e-05,3.216371034576419e-05,-0.005065938780518309,0.0,0.09523809523809523,3.4376320838928223,3.4001032948493957,-0.0014736710203088678,-0.0014899367287431807,False
ele-fashion,43,text,personalization_deviation,D3,touched_validation,0,20,20,-0.009082424454391003,,,,,,3.4376320838928223,,,,False
ele-fashion,43,text,personalization_deviation,D4,all_validation,20,20,0,-0.0042762490920722485,-7.121719645510893e-05,0.0001021252181288034,-0.004205031895617139,0.0,0.09523809523809523,7.090000629425049,7.078122210502625,-0.0005930933035696423,-0.0005940886255647091,False
ele-fashion,43,text,personalization_deviation,D4,touched_validation,0,20,20,-0.010171902365982533,,,,,,7.090000629425049,,,,False
ele-fashion,43,visual,semantic_similarity,Q1,all_validation,20,20,0,0.0016850419342517853,-0.0009395860848599114,0.0006121279286842481,0.0026246280191116965,1.0,0.09523809523809523,2.754429340362549,2.43629789352417,0.0009528754216527768,0.0010773017643232554,False
ele-fashion,43,visual,semantic_similarity,Q1,touched_validation,20,20,0,0.004919358994811773,-0.004745128543436295,0.00339450906936257,0.009664487538248067,1.0,0.09523809523809523,2.754429340362549,2.43629789352417,0.0035087077372522035,0.003966874315301468,False
ele-fashion,43,visual,semantic_similarity,Q2,all_validation,20,20,0,-0.011117401532828808,-0.0008356031260063901,0.0004592182248065557,-0.010281798406822418,0.0,0.09523809523809523,2.3816111087799072,2.2442898511886598,-0.004317160920569201,-0.004581314842809725,False
ele-fashion,43,visual,semantic_similarity,Q2,touched_validation,20,20,0,-0.02802129276096821,-0.0036488641089817975,0.0021949577205786397,-0.02437242865198641,0.0,0.09523809523809523,2.3816111087799072,2.2442898511886598,-0.010233588750961992,-0.010859750864651909,False
ele-fashion,43,visual,semantic_similarity,Q3,all_validation,20,20,0,-0.0023794586304575205,-0.0010216095572104678,0.0007202990619644698,-0.0013578490732470527,0.05,0.19047619047619047,1.970503330230713,2.056993639469147,-0.0006890874287877413,-0.0006601134039465556,False
ele-fashion,43,visual,semantic_similarity,Q3,touched_validation,20,20,0,-0.006141961086541414,-0.004632367170415819,0.003967263595837235,-0.0015095939161255956,0.35,0.7619047619047619,1.970503330230713,2.056993639469147,-0.0007660955924129706,-0.0007338836091464269,False
ele-fashion,43,visual,semantic_similarity,Q4,all_validation,20,20,0,-0.0034397547133266926,-0.000992187508745701,0.0009322906126577999,-0.0024475672045809914,0.0,0.09523809523809523,1.5961138010025024,1.9655173778533936,-0.0015334540701560041,-0.001245253403586192,False
ele-fashion,43,visual,semantic_similarity,Q4,touched_validation,20,20,0,-0.008563408628106117,-0.004626332322368398,0.005108901260503635,-0.003937076305737719,0.25,0.5714285714285714,1.5961138010025024,1.9655173778533936,-0.00246666390783816,-0.002003073770853925,False
ele-fashion,43,visual,personalization_deviation,D1,all_validation,20,20,0,-0.0006550218677148223,-4.8985643979904124e-05,2.0195385523011554e-05,-0.0006060362237349182,0.0,0.09523809523809523,0.8639958500862122,0.8532992273569107,-0.000701434183594452,-0.0007102270860028804,False
ele-fashion,43,visual,personalization_deviation,D1,touched_validation,0,20,20,-0.001109267701394856,,,,,,0.8639958500862122,,,,False
ele-fashion,43,visual,personalization_deviation,D2,all_validation,20,20,0,-0.0018644554074853659,-0.0001251332500942226,4.7206256807738074e-05,-0.0017393221573911433,0.0,0.09523809523809523,1.6270196437835693,1.6141040861606597,-0.001069023452811762,-0.0010775774451617008,False
ele-fashion,43,visual,personalization_deviation,D2,touched_validation,0,20,20,-0.0027859823312610388,,,,,,1.6270196437835693,,,,False
ele-fashion,43,visual,personalization_deviation,D3,all_validation,20,20,0,-0.009076468646526337,-0.0004616879581590183,6.497834178528242e-05,-0.008614780688367319,0.0,0.09523809523809523,2.423532009124756,2.390226137638092,-0.003554638707443745,-0.003604169728005916,False
ele-fashion,43,visual,personalization_deviation,D3,touched_validation,0,20,20,-0.014678822830319405,,,,,,2.423532009124756,,,,False
ele-fashion,43,visual,personalization_deviation,D4,all_validation,20,20,0,0.0006036365521140397,0.0001402963779582933,0.00014103400824798856,0.0004633401741557464,1.0,0.09523809523809523,3.8974366188049316,3.9563212394714355,0.00011888331215446453,0.00011711389093812097,False
ele-fashion,43,visual,personalization_deviation,D4,touched_validation,0,20,20,0.000981222721748054,,,,,,3.8974366188049316,,,,False
ele-fashion,44,text,semantic_similarity,Q1,all_validation,20,20,0,0.00743337906897068,-0.00021349079015635651,0.00037325977565913536,0.007646869859127037,1.0,0.09523809523809523,3.5361409187316895,3.5360144853591917,0.002162490136809249,0.0021625674585855374,False
ele-fashion,44,text,semantic_similarity,Q1,touched_validation,20,20,0,0.0204330887645483,-0.0012456303642466083,0.00210599678455811,0.02167871912879491,1.0,0.09523809523809523,3.5361409187316895,3.5360144853591917,0.006130615161277086,0.00613083436692614,False
ele-fashion,44,text,semantic_similarity,Q2,all_validation,20,20,0,0.0013102003140375018,-0.0002328393082279945,0.00044626177716490333,0.0015430396222654962,1.0,0.09523809523809523,3.6351113319396973,3.6428513169288634,0.0004244820808395172,0.0004235801815721497,False
ele-fashion,44,text,semantic_similarity,Q2,touched_validation,20,20,0,0.003259596647694707,-0.0014933302969438954,0.0024090527239397337,0.004752926944638603,0.95,0.19047619047619047,3.6351113319396973,3.6428513169288634,0.0013075051932731675,0.001304727130242662,False
ele-fashion,44,text,semantic_similarity,Q3,all_validation,20,20,0,-0.004572364967316389,-0.00045371493470156563,0.00033382315040560715,-0.004118650032614824,0.0,0.09523809523809523,3.553922176361084,3.55843049287796,-0.001158902707551918,-0.0011574344478153952,False
ele-fashion,44,text,semantic_similarity,Q3,touched_validation,20,20,0,-0.011256691999733448,-0.0025182927871355786,0.00186815976406121,-0.008738399212597869,0.0,0.09523809523809523,3.553922176361084,3.55843049287796,-0.0024588043234933165,-0.002455689166919216,False
ele-fashion,44,text,semantic_similarity,Q4,all_validation,20,20,0,-0.003002876415848732,-0.0005531540816264169,0.0005793009593787202,-0.0024497223342223153,0.0,0.09523809523809523,3.417389154434204,3.4340157866477967,-0.0007168403197636951,-0.0007133695610097825,False
ele-fashion,44,text,semantic_similarity,Q4,touched_validation,20,20,0,-0.007922249846160412,-0.0028817580925533546,0.0029845103381531284,-0.005040491753607057,0.05,0.19047619047619047,3.417389154434204,3.4340157866477967,-0.001474953985578533,-0.001467812633012382,False
ele-fashion,44,text,personalization_deviation,D1,all_validation,20,20,0,-0.0016478733159601688,-5.775070872005017e-06,3.566649213903926e-05,-0.0016420982450881638,0.0,0.09523809523809523,2.2752292156219482,2.2948054671287537,-0.0007217287092714146,-0.0007155718724785989,False
ele-fashion,44,text,personalization_deviation,D1,touched_validation,0,20,20,-0.0034047155641019344,,,,,,2.2752292156219482,,,,False
ele-fashion,44,text,personalization_deviation,D2,all_validation,20,20,0,-0.010480969212949276,-0.00026619764903443863,4.178617001990863e-05,-0.010214771563914838,0.0,0.09523809523809523,3.862494707107544,3.869249725341797,-0.002644604676121769,-0.0026399876691882065,False
ele-fashion,44,text,personalization_deviation,D2,touched_validation,0,20,20,-0.020720714703202248,,,,,,3.862494707107544,,,,False
ele-fashion,44,text,personalization_deviation,D3,all_validation,20,20,0,0.006339330226182938,5.5212455720266005e-06,3.985172381233987e-05,0.006333808980610911,1.0,0.09523809523809523,4.3395185470581055,4.347421860694885,0.0014595649060892566,0.00145691151757632,False
ele-fashion,44,text,personalization_deviation,D3,touched_validation,0,20,20,0.012546338140964508,,,,,,4.3395185470581055,,,,False
ele-fashion,44,text,personalization_deviation,D4,all_validation,20,20,0,0.012582260183990002,0.00048280149494530635,3.498747447919855e-05,0.012099458689044695,1.0,0.09523809523809523,3.750180721282959,3.7446640610694883,0.0032263668309035977,0.003231119932714557,False
ele-fashion,44,text,personalization_deviation,D4,touched_validation,0,20,20,0.02982848696410656,,,,,,3.750180721282959,,,,False
ele-fashion,44,visual,semantic_similarity,Q1,all_validation,20,20,0,-0.001933719264343381,-0.0010444883169839158,0.00046231930927519377,-0.0008892309473594651,0.05,0.19047619047619047,3.06866717338562,2.904571557044983,-0.0002897775800097925,-0.0003061487485830212,False
ele-fashion,44,visual,semantic_similarity,Q1,touched_validation,20,20,0,-0.004825574345886707,-0.0046615281025879085,0.002697741698251549,-0.0001640462432987988,0.4,0.8571428571428571,3.06866717338562,2.904571557044983,-5.3458467155222724e-05,-5.647863723682458e-05,False
ele-fashion,44,visual,semantic_similarity,Q2,all_validation,20,20,0,-0.007123494986444712,-0.0008926911817979999,0.0002734116493993882,-0.006230803804646712,0.0,0.09523809523809523,2.930058479309082,2.8297014832496643,-0.002126511756896344,-0.0022019297235159156,False
ele-fashion,44,visual,semantic_similarity,Q2,touched_validation,20,20,0,-0.01785045675933361,-0.0033810959474067205,0.0013884333416111139,-0.01446936081192689,0.0,0.09523809523809523,2.930058479309082,2.8297014832496643,-0.0049382498383902145,-0.005113387718659631,False
ele-fashion,44,visual,semantic_similarity,Q3,all_validation,20,20,0,-0.004256788641214371,-0.0009457795909838751,0.000258441584540246,-0.0033110090502304957,0.0,0.09523809523809523,2.7937307357788086,2.815359914302826,-0.0011851568255400605,-0.0011760517841461248,False
ele-fashion,44,visual,semantic_similarity,Q3,touched_validation,20,20,0,-0.010377975180745125,-0.0039056002628058196,0.001362707108245143,-0.006472374917939306,0.0,0.09523809523809523,2.7937307357788086,2.815359914302826,-0.002316749726466636,-0.002298951151877779,False
ele-fashion,44,visual,semantic_similarity,Q4,all_validation,20,20,0,-0.0024626844096928835,-0.0011143730240291915,0.0004278440346337523,-0.001348311385663692,0.0,0.09523809523809523,2.8275628089904785,3.031914484500885,-0.0004768457773514857,-0.0004447062714188678,False
ele-fashion,44,visual,semantic_similarity,Q4,touched_validation,20,20,0,-0.005819615442305803,-0.005251464887987822,0.002315616629947383,-0.0005681505543179812,0.5,1.0,2.8275628089904785,3.031914484500885,-0.0002009329562941261,-0.00018739003267479126,False
ele-fashion,44,visual,personalization_deviation,D1,all_validation,20,20,0,-0.0029217181727290154,-6.893007266626228e-05,2.643605198474257e-05,-0.002852788100062753,0.0,0.09523809523809523,1.3416193723678589,1.3352162718772889,-0.0021263766451327147,-0.0021365737971794263,False
ele-fashion,44,visual,personalization_deviation,D1,touched_validation,0,20,20,-0.005133658181875944,,,,,,1.3416193723678589,,,,False
ele-fashion,44,visual,personalization_deviation,D2,all_validation,20,20,0,-0.007053582463413477,-0.00028843086547567507,5.033629257232964e-05,-0.006765151597937802,0.0,0.09523809523809523,3.05755352973938,3.0474218368530273,-0.0022126028316868875,-0.0022199590211382527,False
ele-fashion,44,visual,personalization_deviation,D2,touched_validation,0,20,20,-0.012555159628391266,,,,,,3.05755352973938,,,,False
ele-fashion,44,visual,personalization_deviation,D3,all_validation,20,20,0,-0.008329618722200394,-0.00046838318085065114,7.14948759954335e-05,-0.007861235541349742,0.0,0.09523809523809523,3.7410857677459717,3.6858378052711487,-0.002101324596491164,-0.0021328218865477987,False
ele-fashion,44,visual,personalization_deviation,D3,touched_validation,0,20,20,-0.015061546117067337,,,,,,3.7410857677459717,,,,False
ele-fashion,44,visual,personalization_deviation,D4,all_validation,20,20,0,0.005342164076864719,-0.00022429059317801147,6.170808280153983e-05,0.005566454670042731,1.0,0.09523809523809523,3.6263909339904785,3.630227530002594,0.0015349847193435022,0.0015333624749513206,False
ele-fashion,44,visual,personalization_deviation,D4,touched_validation,0,20,20,0.012113458476960659,,,,,,3.6263909339904785,,,,False
Reddit-S,42,text,semantic_similarity,Q1,all_validation,20,20,0,-5.015762144466862e-05,4.81602993209762e-06,9.36350303883353e-06,-5.497365137676624e-05,0.0,0.09523809523809523,0.022686146199703217,0.017845956422388554,-0.00242322565015746,-0.003080454197720604,False
Reddit-S,42,text,semantic_similarity,Q1,touched_validation,20,20,0,-9.088419028557837e-05,9.894806987631455e-06,1.817873598155616e-05,-0.00010077899727320983,0.0,0.09523809523809523,0.022686146199703217,0.017845956422388554,-0.004442314546579354,-0.0056471614567617625,False
Reddit-S,42,text,semantic_similarity,Q2,all_validation,20,20,0,-2.9718557925662026e-06,-4.813942095438506e-06,6.638893450384996e-06,1.8420863028723035e-06,0.6,0.8571428571428571,0.014789565466344357,0.015352336084470153,0.0001245531051564473,0.00011998736170293338,False
Reddit-S,42,text,semantic_similarity,Q2,touched_validation,20,20,0,-5.220359980739886e-06,-7.560829249086964e-06,1.2275380952556203e-05,2.3404692683470783e-06,0.5,1.0,0.014789565466344357,0.015352336084470153,0.00015825138835315203,0.00015245036685733834,False
Reddit-S,42,text,semantic_similarity,Q3,all_validation,20,20,0,1.0355982340115588e-05,-2.0532567248210397e-06,8.731270673396718e-06,1.2409239064936629e-05,0.9,0.2857142857142857,0.012499257922172546,0.015383115503937006,0.0009927980637899287,0.0008066791841323721,False
Reddit-S,42,text,semantic_similarity,Q3,touched_validation,20,20,0,2.1004498194088228e-05,-4.892153626201434e-06,1.866120814522847e-05,2.5896651820289662e-05,0.9,0.2857142857142857,0.012499257922172546,0.015383115503937006,0.00207185514367853,0.0016834464911856428,False
Reddit-S,42,text,semantic_similarity,Q4,all_validation,20,20,0,-6.599236257898156e-06,-5.179443320457722e-06,1.2348421707062753e-05,-1.4197929374404339e-06,0.45,0.9523809523809523,0.019595926627516747,0.021606361120939256,-7.2453472824005e-05,-6.571180262273623e-05,False
Reddit-S,42,text,semantic_similarity,Q4,touched_validation,20,20,0,-1.643916948523838e-05,-8.526565972033496e-06,2.4683725556253676e-05,-7.912603513204885e-06,0.4,0.8571428571428571,0.019595926627516747,0.021606361120939256,-0.00040378817818648903,-0.00036621638731986064,False
Reddit-S,42,text,personalization_deviation,D1,all_validation,20,20,0,3.819619394107576e-07,-3.9793602297777396e-07,1.3805717013269969e-07,7.798979623885316e-07,1.0,0.09523809523809523,0.005784489214420319,0.00585447761695832,0.00013482572675725213,0.00013321392842911096,False
Reddit-S,42,text,personalization_deviation,D1,touched_validation,0,20,20,3.7611059156006377e-07,,,,,,0.005784489214420319,,,,False
Reddit-S,42,text,personalization_deviation,D2,all_validation,20,20,0,-2.8712840958178276e-06,-7.867864624699905e-07,2.144776769482748e-07,-2.084497633347837e-06,0.0,0.09523809523809523,0.008417659439146519,0.008363573485985399,-0.0002476338759211615,-0.00024923528639899376,False
Reddit-S,42,text,personalization_deviation,D2,touched_validation,0,20,20,-3.699365379361552e-06,,,,,,0.008417659439146519,,,,False
Reddit-S,42,text,personalization_deviation,D3,all_validation,20,20,0,-1.5023550076875836e-05,-1.2731849608371703e-06,1.350688866993622e-07,-1.3750365116038666e-05,0.0,0.09523809523809523,0.010657452046871185,0.010417799977585674,-0.0012902113051294739,-0.0013198914496633887,False
Reddit-S,42,text,personalization_deviation,D3,touched_validation,0,20,20,-2.2699729015585035e-05,,,,,,0.010657452046871185,,,,False
Reddit-S,42,text,personalization_deviation,D4,all_validation,20,20,0,-3.141449633403681e-05,5.936307857723477e-07,1.6505144311128373e-06,-3.200812711980916e-05,0.0,0.09523809523809523,0.04227329045534134,0.04294753409922123,-0.0007571714142495308,-0.0007452843985202,False
Reddit-S,42,text,personalization_deviation,D4,touched_validation,0,20,20,-4.1600404074415565e-05,,,,,,0.04227329045534134,,,,False
Reddit-S,42,visual,semantic_similarity,Q1,all_validation,20,20,0,0.0062017906457185745,-0.0004107707893126644,0.00018748513710655166,0.006612561435031239,1.0,0.09523809523809523,3.0889620780944824,3.148643672466278,0.0021407065764654037,0.0021001301267760267,False
Reddit-S,42,visual,semantic_similarity,Q1,touched_validation,20,20,0,0.010668477974832058,-0.0003397823272592859,0.00039479069433773944,0.011008260302091344,1.0,0.09523809523809523,3.0889620780944824,3.148643672466278,0.0035637408371418243,0.003496191200786232,False
Reddit-S,42,visual,semantic_similarity,Q2,all_validation,20,20,0,-0.0003819118137471378,-0.0003453144658124074,0.0008001665610861463,-3.659734793473037e-05,0.5,1.0,2.546694278717041,2.540659558773041,-1.43705305503544e-05,-1.4404664256705806e-05,False
Reddit-S,42,visual,semantic_similarity,Q2,touched_validation,20,20,0,-0.0005653259577229619,-0.0006412216927856207,0.0016184105140979437,7.589573506265883e-05,0.45,0.9523809523809523,2.546694278717041,2.540659558773041,2.9801667085404275e-05,2.9872453710122906e-05,False
Reddit-S,42,visual,semantic_similarity,Q3,all_validation,20,20,0,5.9679259720724076e-05,-0.00035114508991682667,0.0008824183922629028,0.00041082434963755075,0.65,0.7619047619047619,2.600529670715332,2.5783419847488402,0.0001579771822116479,0.0001593366403942766,False
Reddit-S,42,visual,semantic_similarity,Q3,touched_validation,20,20,0,0.0004150952445343137,-0.0006763501820387319,0.0017649241203296555,0.0010914454265730455,0.7,0.6666666666666666,2.600529670715332,2.5783419847488402,0.0004197012012065988,0.00042331290148034465,False
Reddit-S,42,visual,semantic_similarity,Q4,all_validation,20,20,0,-0.0005330167477950454,8.738681581235141e-05,0.0005310638443651104,-0.0006204035636073968,0.15,0.38095238095238093,2.6732611656188965,2.657049632072449,-0.00023207742348044501,-0.0002334934041571742,False
Reddit-S,42,visual,semantic_similarity,Q4,touched_validation,20,20,0,-0.002239988651126623,0.00028678363378276117,0.0012966788382570765,-0.0025267722849093843,0.05,0.19047619047619047,2.6732611656188965,2.657049632072449,-0.0009452021812928468,-0.0009509691706201206,False
Reddit-S,42,visual,personalization_deviation,D1,all_validation,20,20,0,-0.00035965259303338826,8.606083183622104e-05,2.7464704219018284e-05,-0.0004457134248696093,0.0,0.09523809523809523,1.1184247732162476,1.125414389371872,-0.0003985189129774685,-0.00039604382979142416,False
Reddit-S,42,visual,personalization_deviation,D1,touched_validation,0,20,20,-0.00046699930680915713,,,,,,1.1184247732162476,,,,False
Reddit-S,42,visual,personalization_deviation,D2,all_validation,20,20,0,0.00036004791036248207,-3.713948387940036e-05,3.9280917392736284e-05,0.00039718739424188243,1.0,0.09523809523809523,2.658536434173584,2.6555083990097046,0.00014940077146815563,0.00014957113085759866,False
Reddit-S,42,visual,personalization_deviation,D2,touched_validation,0,20,20,0.0004727941413875669,,,,,,2.658536434173584,,,,False
Reddit-S,42,visual,personalization_deviation,D3,all_validation,20,20,0,-0.00090219039702788,0.00015044844712974736,5.590113889154158e-05,-0.0010526388441576273,0.0,0.09523809523809523,3.0052402019500732,3.000210762023926,-0.00035026779006690683,-0.00035085496575153007,False
Reddit-S,42,visual,personalization_deviation,D3,touched_validation,0,20,20,-0.0012570429826155305,,,,,,3.0052402019500732,,,,False
Reddit-S,42,visual,personalization_deviation,D4,all_validation,20,20,0,0.005476241931319237,-0.0004945027219946496,0.0001051761474638188,0.0059707446533138865,1.0,0.09523809523809523,4.26807975769043,4.283841896057129,0.0013989299620172548,0.0013937826834384338,False
Reddit-S,42,visual,personalization_deviation,D4,touched_validation,20,20,0,0.011432263068854809,-8.097923107186489e-07,6.100218957657923e-07,0.011433072861165527,1.0,0.09523809523809523,4.26807975769043,4.283841896057129,0.002678739271580432,0.0026688830116923597,False
Reddit-S,43,text,semantic_similarity,Q1,all_validation,20,20,0,0.00804573018103838,-0.0002523448569263564,0.0013084917643790299,0.008298075037964736,1.0,0.09523809523809523,3.060659885406494,3.2027071714401245,0.0027112045600126964,0.002590956523268671,False
Reddit-S,43,text,semantic_similarity,Q1,touched_validation,20,20,0,0.014257271774113178,-0.0002782808958727401,0.0025428264242173754,0.014535552669985918,1.0,0.09523809523809523,3.060659885406494,3.2027071714401245,0.004749156461091287,0.00453852066139576,False
Reddit-S,43,text,semantic_similarity,Q2,all_validation,20,20,0,-0.0026027318090200424,0.001906592954765074,0.0024245795536714855,-0.004509324763785116,0.0,0.09523809523809523,2.9745755195617676,3.0982608437538146,-0.0015159557167497772,-0.001455437418342162,False
Reddit-S,43,text,semantic_similarity,Q2,touched_validation,20,20,0,-0.004341708030551672,0.003839247886025987,0.0049070577651466555,-0.00818095591657766,0.0,0.09523809523809523,2.9745755195617676,3.0982608437538146,-0.0027502935671911187,-0.00264049940568047,False
Reddit-S,43,text,semantic_similarity,Q3,all_validation,20,20,0,-0.001995526719838381,0.0005962813243968412,0.0013352487894723554,-0.002591808044235222,0.0,0.09523809523809523,2.9224932193756104,2.9496088862419128,-0.0008868482660801772,-0.0008786954963159734,False
Reddit-S,43,text,semantic_similarity,Q3,touched_validation,20,20,0,-0.0035957160871475935,0.0013898299090215004,0.0030588778331999346,-0.004985545996169094,0.1,0.2857142857142857,2.9224932193756104,2.9496088862419128,-0.001705922177377215,-0.0016902396854789356,False
Reddit-S,43,text,semantic_similarity,Q4,all_validation,20,20,0,0.000844284484628588,8.900047541828826e-05,0.0009842222163228874,0.0007552840092102997,0.7,0.6666666666666666,2.8100061416625977,2.496878719329834,0.0002687837574487121,0.00030249126774275863,False
Reddit-S,43,text,semantic_similarity,Q4,touched_validation,20,20,0,0.0011189772048965096,0.0003387501427027928,0.002192608135947341,0.0007802270621937168,0.65,0.7619047619047619,2.8100061416625977,2.496878719329834,0.0002776602693586292,0.0003124809611909458,False
Reddit-S,43,text,personalization_deviation,D1,all_validation,20,20,0,0.00047793553676456213,-0.0002837292158801574,8.274217611507106e-05,0.0007616647526447196,1.0,0.09523809523809523,1.6525737047195435,1.628314483165741,0.0004608960861890998,0.0004677626837559267,False
Reddit-S,43,text,personalization_deviation,D1,touched_validation,0,20,20,0.0007912084111012518,,,,,,1.6525737047195435,,,,False
Reddit-S,43,text,personalization_deviation,D2,all_validation,20,20,0,0.00014158965495880693,-0.0003373419771378394,9.176924209968963e-05,0.00047893163209664633,1.0,0.09523809523809523,2.406407594680786,2.382856786251068,0.00019902348760662814,0.00020099052316524028,False
Reddit-S,43,text,personalization_deviation,D2,touched_validation,0,20,20,0.00010502873919904232,,,,,,2.406407594680786,,,,False
Reddit-S,43,text,personalization_deviation,D3,all_validation,20,20,0,0.0078359954059124,-0.00024090645565593148,8.830467509873131e-05,0.008076901861568331,1.0,0.09523809523809523,2.967982292175293,2.9646281361579896,0.002721344356689503,0.00272442326342921,False
Reddit-S,43,text,personalization_deviation,D3,touched_validation,0,20,20,0.01067903358489275,,,,,,2.967982292175293,,,,False
Reddit-S,43,text,personalization_deviation,D4,all_validation,20,20,0,0.004726854618638754,7.229770890262443e-05,0.00030492821409379114,0.004654556909736129,1.0,0.09523809523809523,4.829833030700684,4.861163544654846,0.0009637096935129266,0.0009574985221085904,False
Reddit-S,43,text,personalization_deviation,D4,touched_validation,0,20,20,0.0071777468547225,,,,,,4.829833030700684,,,,False
Reddit-S,43,visual,semantic_similarity,Q1,all_validation,20,20,0,0.017737168818712234,-0.0020272533787647263,0.0009047897660844887,0.019764422197476962,1.0,0.09523809523809523,3.9267468452453613,4.062648963928223,0.005033281486277468,0.00486491015417725,False
Reddit-S,43,visual,semantic_similarity,Q1,touched_validation,20,20,0,0.030981488525867462,-0.0025197129474690883,0.00197507716954782,0.03350120147333655,1.0,0.09523809523809523,3.9267468452453613,4.062648963928223,0.008531540940535143,0.008246147223346514,False
Reddit-S,43,visual,semantic_similarity,Q2,all_validation,20,20,0,-1.2904714822070673e-05,-0.00013827215589117258,0.0017521390647394252,0.0001253674410691019,0.55,0.9523809523809523,3.8591318130493164,3.838157558441162,3.248591837292274e-05,3.26634431130509e-05,False
Reddit-S,43,visual,semantic_similarity,Q2,touched_validation,20,20,0,0.00112372066359967,0.00031810821601538917,0.003732617795863867,0.0008056124475842808,0.6,0.8571428571428571,3.8591318130493164,3.838157558441162,0.00020875484088415017,0.00020989561666438314,False
Reddit-S,43,visual,semantic_similarity,Q3,all_validation,20,20,0,-0.0055782729759812355,0.001377259489527205,0.0022570327873999074,-0.00695553246550844,0.0,0.09523809523809523,4.197146415710449,4.0350980997085575,-0.0016572051047519683,-0.0017237579591953644,False
Reddit-S,43,visual,semantic_similarity,Q3,touched_validation,20,20,0,-0.009026356972754002,0.0030818353101494723,0.004478147288656412,-0.012108192282903473,0.0,0.09523809523809523,4.197146415710449,4.0350980997085575,-0.0028848629720369286,-0.0030007181941313914,False
Reddit-S,43,visual,semantic_similarity,Q4,all_validation,20,20,0,-0.004720747470855713,0.0002504022302929343,0.0017048727529849377,-0.004971149701148647,0.0,0.09523809523809523,3.040741443634033,3.258158004283905,-0.0016348478794717648,-0.0015257546425345035,False
Reddit-S,43,visual,semantic_similarity,Q4,touched_validation,20,20,0,-0.014567672275006771,0.0013958311687019887,0.004199496621033464,-0.01596350344370876,0.0,0.09523809523809523,3.040741443634033,3.258158004283905,-0.005249872026154681,-0.004899548586260905,False
Reddit-S,43,visual,personalization_deviation,D1,all_validation,20,20,0,-3.3432806958444417e-05,-0.0002329578455828596,5.8511585554866926e-05,0.00019952503862441517,1.0,0.09523809523809523,2.3374438285827637,2.3396789908409117,8.536035655038847e-05,8.527880936034645e-05,False
Reddit-S,43,visual,personalization_deviation,D1,touched_validation,0,20,20,0.00017687052604742348,,,,,,2.3374438285827637,,,,False
Reddit-S,43,visual,personalization_deviation,D2,all_validation,20,20,0,-0.0004601099935825914,-0.00035034128959523516,9.293791767074643e-05,-0.00010976870398735625,0.2,0.47619047619047616,3.4147109985351562,3.4655937790870666,-3.214582552796202e-05,-3.167385186622787e-05,False
Reddit-S,43,visual,personalization_deviation,D2,touched_validation,0,20,20,-0.0006961062317714095,,,,,,3.4147109985351562,,,,False
Reddit-S,43,visual,personalization_deviation,D3,all_validation,20,20,0,0.005315456539392471,-0.0008663638785947114,0.00012472877718632853,0.006181820417987182,1.0,0.09523809523809523,4.382938385009766,4.426772594451904,0.0014104283188484746,0.0013964621597534717,False
Reddit-S,43,visual,personalization_deviation,D3,touched_validation,0,20,20,0.008062467910349369,,,,,,4.382938385009766,,,,False
Reddit-S,43,visual,personalization_deviation,D4,all_validation,20,20,0,0.008578306064009666,-0.0011878218472702428,0.0005229484474791128,0.009766127911279909,1.0,0.09523809523809523,4.938730239868164,5.05153260231018,0.001977457248513057,0.001933299986386647,False
Reddit-S,43,visual,personalization_deviation,D4,touched_validation,0,20,20,0.011693979613482952,,,,,,4.938730239868164,,,,False
Reddit-S,44,text,semantic_similarity,Q1,all_validation,20,20,0,0.00046895246487110853,-8.795418088993756e-05,0.0002746908045261279,0.0005569066457610461,0.95,0.19047619047619047,1.372799277305603,1.3274123430252076,0.0004056723040047651,0.00041954306714628075,False
Reddit-S,44,text,semantic_similarity,Q1,touched_validation,20,20,0,0.0008272553095594049,7.259418453031685e-06,0.0005759354730078439,0.0008199958911063732,0.95,0.19047619047619047,1.372799277305603,1.3274123430252076,0.0005973166686940454,0.0006177401433807397,False
Reddit-S,44,text,semantic_similarity,Q2,all_validation,20,20,0,-6.830557686043903e-05,-4.230287031532498e-05,0.000447065636517659,-2.6002706545114054e-05,0.4,0.8571428571428571,1.3740447759628296,1.340421211719513,-1.8924206110295308e-05,-1.9398907088121937e-05,False
Reddit-S,44,text,semantic_similarity,Q2,touched_validation,20,20,0,-1.2624537703231908e-05,-6.648120870522689e-05,0.0008653529257713163,5.385667100199498e-05,0.5,1.0,1.3740447759628296,1.340421211719513,3.919571759531416e-05,4.017891579980791e-05,False
Reddit-S,44,text,semantic_similarity,Q3,all_validation,20,20,0,-0.0008098981343209743,0.00011172418103342353,0.0003299387635801964,-0.0009216223153543978,0.0,0.09523809523809523,1.3494511842727661,1.3729656517505646,-0.0006829608407438519,-0.0006712639272356417,False
Reddit-S,44,text,semantic_similarity,Q3,touched_validation,20,20,0,-0.0013253934448584914,0.0002671912396181142,0.0007375208953994623,-0.0015925846844766056,0.0,0.09523809523809523,1.3494511842727661,1.3729656517505646,-0.0011801721344471504,-0.001159959597273873,False
Reddit-S,44,text,semantic_similarity,Q4,all_validation,20,20,0,0.00046578419278375804,-3.0995337692729666e-05,0.0003196147951735064,0.0004967795304764878,0.95,0.19047619047619047,1.2384512424468994,1.309928560256958,0.0004011296637682422,0.00037924169725611547,False
Reddit-S,44,text,semantic_similarity,Q4,touched_validation,20,20,0,0.0013958902563899755,-2.7876266540260985e-05,0.0007394936831162124,0.0014237665229302366,1.0,0.09523809523809523,1.2384512424468994,1.309928560256958,0.0011496347002858556,0.0010869039473800472,False
Reddit-S,44,text,personalization_deviation,D1,all_validation,20,20,0,-0.0008282473427243531,-0.000113618311661412,2.6566552150575854e-05,-0.0007146290310629411,0.0,0.09523809523809523,0.8054628968238831,0.8031230926513672,-0.0008872277467776516,-0.0008898125799157779,False
Reddit-S,44,text,personalization_deviation,D1,touched_validation,0,20,20,-0.0010879683541134,,,,,,0.8054628968238831,,,,False
Reddit-S,44,text,personalization_deviation,D2,all_validation,20,20,0,-0.00016062658687587827,-0.0001478242687880993,2.2597515253703386e-05,-1.280231808777898e-05,0.4,0.8571428571428571,1.1164560317993164,1.1158936023712158,-1.146692545261714e-05,-1.1472704978828848e-05,False
Reddit-S,44,text,personalization_deviation,D2,touched_validation,0,20,20,-0.00016783286991994828,,,,,,1.1164560317993164,,,,False
Reddit-S,44,text,personalization_deviation,D3,all_validation,20,20,0,0.0005923559656366706,-6.31193132903718e-05,4.816369367912221e-05,0.0006554752789270424,1.0,0.09523809523809523,1.2997937202453613,1.3053238093852997,0.0005042917723920103,0.0005021553075288002,False
Reddit-S,44,text,personalization_deviation,D3,touched_validation,0,20,20,0.0008265900542028248,,,,,,1.2997937202453613,,,,False
Reddit-S,44,text,personalization_deviation,D4,all_validation,20,20,0,0.0023310251999646425,1.0914359262415018e-05,8.022325745543319e-05,0.0023201108407022277,1.0,0.09523809523809523,2.152754783630371,2.1591701984405516,0.0010777404181578694,0.0010745381917446064,False
Reddit-S,44,text,personalization_deviation,D4,touched_validation,0,20,20,0.003496288787573576,,,,,,2.152754783630371,,,,False
Reddit-S,44,visual,semantic_similarity,Q1,all_validation,20,20,0,0.006026678252965212,1.0356846814829623e-05,0.00014706099679666815,0.006016321406150382,1.0,0.09523809523809523,0.879016637802124,0.8245812356472015,0.006844377168089367,0.007296214303762279,False
Reddit-S,44,visual,semantic_similarity,Q1,touched_validation,20,20,0,0.010338935069739819,3.3677587089187e-05,0.0002986936567262359,0.010305257482650631,1.0,0.09523809523809523,0.879016637802124,0.8245812356472015,0.011723620508942779,0.012497564869457271,False
Reddit-S,44,visual,semantic_similarity,Q2,all_validation,20,20,0,-0.0006216011825017631,0.0006208594787494804,0.0005330244639355456,-0.0012424606612512433,0.0,0.09523809523809523,0.7623984217643738,0.7515152424573899,-0.0016296737057433306,-0.0016532740669195892,False
Reddit-S,44,visual,semantic_similarity,Q2,touched_validation,20,20,0,-0.0011719577014446259,0.001330566351862217,0.0011305543306017703,-0.0025025240533068428,0.0,0.09523809523809523,0.7623984217643738,0.7515152424573899,-0.003282436035888055,-0.003329971119575001,False
Reddit-S,44,visual,semantic_similarity,Q3,all_validation,20,20,0,-0.00030206507653929293,0.0004713530790468212,0.0003784202540875749,-0.0007734181555861142,0.05,0.19047619047619047,0.6332377195358276,0.6571970552206039,-0.0012213709507889383,-0.001176843610970413,False
Reddit-S,44,visual,semantic_similarity,Q3,touched_validation,20,20,0,-0.00011428813013480976,0.0010317562744603492,0.0007895596798422717,-0.001146044404595159,0.05,0.19047619047619047,0.6332377195358276,0.6571970552206039,-0.00180981702327116,-0.0017438367921607896,False
Reddit-S,44,visual,semantic_similarity,Q4,all_validation,20,20,0,0.0005835931515321136,6.026602695783367e-05,0.000167170610768989,0.0005233271245742799,1.0,0.09523809523809523,0.5635923147201538,0.6169030606746674,0.000928556175989029,0.0008483133865490993,False
Reddit-S,44,visual,semantic_similarity,Q4,touched_validation,20,20,0,0.002359346253797412,0.00023266843938927196,0.00045899994485397254,0.00212667781440814,1.0,0.09523809523809523,0.5635923147201538,0.6169030606746674,0.003773432956516356,0.0034473452151118867,False
Reddit-S,44,visual,personalization_deviation,D1,all_validation,20,20,0,-0.0002294308942509815,-2.6435398740431993e-05,5.812324590667805e-06,-0.0002029954955105495,0.0,0.09523809523809523,0.25670912861824036,0.2727196142077446,-0.000790760720518199,-0.0007443377187941203,False
Reddit-S,44,visual,personalization_deviation,D1,touched_validation,20,20,0,-0.00036902466672472656,3.936634279853024e-05,1.5374176585341414e-05,-0.0004083910095232568,0.0,0.09523809523809523,0.25670912861824036,0.2727196142077446,-0.001590870615781631,-0.001497475752553195,False
Reddit-S,44,visual,personalization_deviation,D2,all_validation,20,20,0,-9.555296128382906e-05,-3.484702110654325e-05,1.0484310955876279e-05,-6.070594017728581e-05,0.0,0.09523809523809523,0.6213948726654053,0.6261697947978974,-9.769301751203166e-05,-9.694804936539988e-05,False
Reddit-S,44,visual,personalization_deviation,D2,touched_validation,0,20,20,-0.00019123259698972106,,,,,,0.6213948726654053,,,,False
Reddit-S,44,visual,personalization_deviation,D3,all_validation,20,20,0,-0.00010252545325784013,-0.0001919571055623237,3.73685126193964e-05,8.943165230448357e-05,1.0,0.09523809523809523,0.7065478563308716,0.7094654887914658,0.00012657550582458602,0.0001260549719715039,False
Reddit-S,44,visual,personalization_deviation,D3,touched_validation,0,20,20,8.650943527754862e-06,,,,,,0.7065478563308716,,,,False
Reddit-S,44,visual,personalization_deviation,D4,all_validation,20,20,0,0.006523356307297945,0.0003466584996203892,7.980750213967236e-05,0.006176697807677556,1.0,0.09523809523809523,1.2702486515045166,1.260568517446518,0.0048625895413129125,0.00489993024749225,False
Reddit-S,44,visual,personalization_deviation,D4,touched_validation,0,20,20,0.009600823745131493,,,,,,1.2702486515045166,,,,False
