AB_test_acc,AB_test_macro_f1,AB_val_acc,AB_val_macro_f1,B_test_acc,B_test_macro_f1,B_val_acc,B_val_macro_f1,U_test_acc,U_test_macro_f1,U_val_acc,U_val_macro_f1,abs_relative_term_abs_mean,abs_relative_term_max,abs_relative_term_mean,abs_relative_term_min,abs_relative_term_q01,abs_relative_term_q10,abs_relative_term_q25,abs_relative_term_q50,abs_relative_term_q75,abs_relative_term_q90,abs_relative_term_q99,abs_relative_term_std,beta_parameter,beta_parameter_present,comparison,dataset,delta_content_abs_mean,delta_content_max,delta_content_mean,delta_content_min,delta_content_q01,delta_content_q10,delta_content_q25,delta_content_q50,delta_content_q75,delta_content_q90,delta_content_q99,delta_content_std,delta_gamma,delta_test_acc,delta_test_acc_mean,delta_test_acc_population_std,delta_test_macro_f1,delta_test_macro_f1_mean,delta_test_macro_f1_population_std,delta_val_acc,delta_val_acc_mean,delta_val_acc_population_std,delta_val_macro_f1,delta_val_macro_f1_mean,delta_val_macro_f1_population_std,dynamic_logit_abs_mean,dynamic_logit_max,dynamic_logit_mean,dynamic_logit_min,dynamic_logit_q01,dynamic_logit_q10,dynamic_logit_q25,dynamic_logit_q50,dynamic_logit_q75,dynamic_logit_q90,dynamic_logit_q99,dynamic_logit_std,eta_abs_mean,eta_max,eta_mean,eta_min,eta_q01,eta_q10,eta_q25,eta_q50,eta_q75,eta_q90,eta_q99,eta_std,gamma,hop,isolated_c_zero_fraction,local_adaptation_abs_mean,local_adaptation_max,local_adaptation_mean,local_adaptation_min,local_adaptation_q01,local_adaptation_q10,local_adaptation_q25,local_adaptation_q50,local_adaptation_q75,local_adaptation_q90,local_adaptation_q99,local_adaptation_std,log_weight_modulation_abs_mean,log_weight_modulation_max,log_weight_modulation_mean,log_weight_modulation_min,log_weight_modulation_q01,log_weight_modulation_q10,log_weight_modulation_q25,log_weight_modulation_q50,log_weight_modulation_q75,log_weight_modulation_q90,log_weight_modulation_q99,log_weight_modulation_std,modality,negative_eta_fraction,nonself_edge_count,operator_aligned_edges,operator_missing_learned,operator_missing_raw,operator_weight_mae,operator_weight_relative_l1,operator_weight_rmse,reference_residual_abs_mean,reference_residual_max,reference_residual_mean,reference_residual_min,reference_residual_q01,reference_residual_q10,reference_residual_q25,reference_residual_q50,reference_residual_q75,reference_residual_q90,reference_residual_q99,reference_residual_std,relation_covariance_contribution,relation_covariance_over_variance,relation_filter_residual_abs_mean,relation_filter_residual_max,relation_filter_residual_mean,relation_filter_residual_min,relation_filter_residual_q01,relation_filter_residual_q10,relation_filter_residual_q25,relation_filter_residual_q50,relation_filter_residual_q75,relation_filter_residual_q90,relation_filter_residual_q99,relation_filter_residual_std,relation_score_abs_mean,relation_score_max,relation_score_mean,relation_score_min,relation_score_q01,relation_score_q10,relation_score_q25,relation_score_q50,relation_score_q75,relation_score_q90,relation_score_q99,relation_score_std,relation_variance,relation_variance_near_zero,relation_weight_abs_mean,relation_weight_bounds_ok,relation_weight_cv,relation_weight_max,relation_weight_mean,relation_weight_min,relation_weight_q01,relation_weight_q10,relation_weight_q25,relation_weight_q50,relation_weight_q75,relation_weight_q90,relation_weight_q99,relation_weight_std,relative_compatibility_abs_mean,relative_compatibility_max,relative_compatibility_mean,relative_compatibility_min,relative_compatibility_q01,relative_compatibility_q10,relative_compatibility_q25,relative_compatibility_q50,relative_compatibility_q75,relative_compatibility_q90,relative_compatibility_q99,relative_compatibility_std,relative_term_abs_mean,relative_term_max,relative_term_mean,relative_term_min,relative_term_q01,relative_term_q10,relative_term_q25,relative_term_q50,relative_term_q75,relative_term_q90,relative_term_q99,relative_term_std,row_type,score_fraction_abs_gt_0.8,score_fraction_abs_gt_0.9,scorer_bias,scorer_w_abs_r,scorer_w_r,scorer_w_s,seed,semantic_compatibility_abs_mean,semantic_compatibility_max,semantic_compatibility_mean,semantic_compatibility_min,semantic_compatibility_q01,semantic_compatibility_q10,semantic_compatibility_q25,semantic_compatibility_q50,semantic_compatibility_q75,semantic_compatibility_q90,semantic_compatibility_q99,semantic_compatibility_std,semantic_term_abs_mean,semantic_term_max,semantic_term_mean,semantic_term_min,semantic_term_q01,semantic_term_q10,semantic_term_q25,semantic_term_q50,semantic_term_q75,semantic_term_q90,semantic_term_q99,semantic_term_std,variant
0.5643178224563599,0.4968702026753575,0.5692861676216125,0.49177738828815176,,,,,0.5577211380004883,0.5005566707515061,0.5692861676216125,0.49761656655480085,,,,,,,,,,,,,,,U_vs_AB,Movies,,,,,,,,,,,,,,-0.006596684455871582,,,0.0036864680761486412,,,0.0,,,0.005839178266649092,,,,,,,,,,,,,,,,,,,,,,,,,,,,,,,,,,,,,,,,,,,,,,,,,,,,,,,,,,,,,,,,,,,,,,,,,,,,,,,,,,,,,,,,,,,,,,,,,,,,,,,,,,,,,,,,,,,,,,,,,,,,,,,,,,,,,,,,,,,,,performance_paired,,,,,,,42,,,,,,,,,,,,,,,,,,,,,,,,,
0.5607196688652039,0.5094811151305052,0.5767846703529358,0.5155508642139719,,,,,0.5556221604347229,0.49557834634502235,0.5764846801757812,0.5111918825092095,,,,,,,,,,,,,,,U_vs_AB,Movies,,,,,,,,,,,,,,-0.005097508430480957,,,-0.013902768785482855,,,-0.000299990177154541,,,-0.004358981704762344,,,,,,,,,,,,,,,,,,,,,,,,,,,,,,,,,,,,,,,,,,,,,,,,,,,,,,,,,,,,,,,,,,,,,,,,,,,,,,,,,,,,,,,,,,,,,,,,,,,,,,,,,,,,,,,,,,,,,,,,,,,,,,,,,,,,,,,,,,,,,performance_paired,,,,,,,43,,,,,,,,,,,,,,,,,,,,,,,,,
0.5610194802284241,0.4909577473218115,0.5779843926429749,0.5090896947210508,,,,,0.5643178224563599,0.4910957255988058,0.5734853148460388,0.49937224426429855,,,,,,,,,,,,,,,U_vs_AB,Movies,,,,,,,,,,,,,,0.003298342227935791,,,0.00013797827699429943,,,-0.004499077796936035,,,-0.009717450456752263,,,,,,,,,,,,,,,,,,,,,,,,,,,,,,,,,,,,,,,,,,,,,,,,,,,,,,,,,,,,,,,,,,,,,,,,,,,,,,,,,,,,,,,,,,,,,,,,,,,,,,,,,,,,,,,,,,,,,,,,,,,,,,,,,,,,,,,,,,,,,performance_paired,,,,,,,44,,,,,,,,,,,,,,,,,,,,,,,,,
,,,,,,,,,,,,,,,,,,,,,,,,,,U_vs_AB,Movies,,,,,,,,,,,,,,,-0.002798616886138916,0.004354428015847813,,-0.0033594408107799714,0.007594702914983571,,-0.0015996893246968587,0.0020538319732169544,,-0.002745751298288505,0.006452599402190192,,,,,,,,,,,,,,,,,,,,,,,,,,,,,,,,,,,,,,,,,,,,,,,,,,,,,,,,,,,,,,,,,,,,,,,,,,,,,,,,,,,,,,,,,,,,,,,,,,,,,,,,,,,,,,,,,,,,,,,,,,,,,,,,,,,,,,,,,,,performance_dataset_summary,,,,,,,,,,,,,,,,,,,,,,,,,,,,,,,,
0.7948780059814453,0.7702072974220397,0.8038173317909241,0.7794951658722409,,,,,0.7943947911262512,0.7569304152074218,0.8043005466461182,0.7697844776938993,,,,,,,,,,,,,,,U_vs_AB,Toys,,,,,,,,,,,,,,-0.0004832148551940918,,,-0.01327688221461798,,,0.0004832148551940918,,,-0.009710688178341531,,,,,,,,,,,,,,,,,,,,,,,,,,,,,,,,,,,,,,,,,,,,,,,,,,,,,,,,,,,,,,,,,,,,,,,,,,,,,,,,,,,,,,,,,,,,,,,,,,,,,,,,,,,,,,,,,,,,,,,,,,,,,,,,,,,,,,,,,,,,,performance_paired,,,,,,,42,,,,,,,,,,,,,,,,,,,,,,,,,
0.807682991027832,0.7713712085696293,0.8021261096000671,0.7697337627753935,,,,,0.8059917688369751,0.7714481566930232,0.801642894744873,0.7703252903462996,,,,,,,,,,,,,,,U_vs_AB,Toys,,,,,,,,,,,,,,-0.0016912221908569336,,,7.694812339398283e-05,,,-0.0004832148551940918,,,0.0005915275709060808,,,,,,,,,,,,,,,,,,,,,,,,,,,,,,,,,,,,,,,,,,,,,,,,,,,,,,,,,,,,,,,,,,,,,,,,,,,,,,,,,,,,,,,,,,,,,,,,,,,,,,,,,,,,,,,,,,,,,,,,,,,,,,,,,,,,,,,,,,,,,performance_paired,,,,,,,43,,,,,,,,,,,,,,,,,,,,,,,,,
0.7992268800735474,0.7681111745228342,0.8071998357772827,0.7728535907933769,,,,,0.8047837615013123,0.7824514773190311,0.8047837615013123,0.7781662338043535,,,,,,,,,,,,,,,U_vs_AB,Toys,,,,,,,,,,,,,,0.005556881427764893,,,0.014340302796196913,,,-0.002416074275970459,,,0.005312643010976559,,,,,,,,,,,,,,,,,,,,,,,,,,,,,,,,,,,,,,,,,,,,,,,,,,,,,,,,,,,,,,,,,,,,,,,,,,,,,,,,,,,,,,,,,,,,,,,,,,,,,,,,,,,,,,,,,,,,,,,,,,,,,,,,,,,,,,,,,,,,,performance_paired,,,,,,,44,,,,,,,,,,,,,,,,,,,,,,,,,
,,,,,,,,,,,,,,,,,,,,,,,,,,U_vs_AB,Toys,,,,,,,,,,,,,,,0.001127481460571289,0.0031706475135514335,,0.0003801229016576387,0.01127670646923785,,-0.000805358091990153,0.0012053496215572493,,-0.0012688391988196306,0.006272736956832012,,,,,,,,,,,,,,,,,,,,,,,,,,,,,,,,,,,,,,,,,,,,,,,,,,,,,,,,,,,,,,,,,,,,,,,,,,,,,,,,,,,,,,,,,,,,,,,,,,,,,,,,,,,,,,,,,,,,,,,,,,,,,,,,,,,,,,,,,,,performance_dataset_summary,,,,,,,,,,,,,,,,,,,,,,,,,,,,,,,,
0.8325036764144897,0.7616225088660804,0.8383601903915405,0.7852801626573054,,,,,0.8368960618972778,0.7600088233753471,0.8383601903915405,0.7850004325732767,,,,,,,,,,,,,,,U_vs_AB,Grocery,,,,,,,,,,,,,,0.004392385482788086,,,-0.0016136854907332632,,,0.0,,,-0.00027973008402870647,,,,,,,,,,,,,,,,,,,,,,,,,,,,,,,,,,,,,,,,,,,,,,,,,,,,,,,,,,,,,,,,,,,,,,,,,,,,,,,,,,,,,,,,,,,,,,,,,,,,,,,,,,,,,,,,,,,,,,,,,,,,,,,,,,,,,,,,,,,,,performance_paired,,,,,,,42,,,,,,,,,,,,,,,,,,,,,,,,,
0.8237189054489136,0.7355286669892641,0.8401171565055847,0.7579388094275699,,,,,0.8216691017150879,0.7367183563470829,0.837481677532196,0.7586053688911208,,,,,,,,,,,,,,,U_vs_AB,Grocery,,,,,,,,,,,,,,-0.0020498037338256836,,,0.001189689357818824,,,-0.002635478973388672,,,0.0006665594635509864,,,,,,,,,,,,,,,,,,,,,,,,,,,,,,,,,,,,,,,,,,,,,,,,,,,,,,,,,,,,,,,,,,,,,,,,,,,,,,,,,,,,,,,,,,,,,,,,,,,,,,,,,,,,,,,,,,,,,,,,,,,,,,,,,,,,,,,,,,,,,performance_paired,,,,,,,43,,,,,,,,,,,,,,,,,,,,,,,,,
0.8345534205436707,0.7746804399353062,0.8363103866577148,0.7487383082304891,,,,,0.8339678049087524,0.7712971925706517,0.8366032242774963,0.7558097931079375,,,,,,,,,,,,,,,U_vs_AB,Grocery,,,,,,,,,,,,,,-0.0005856156349182129,,,-0.0033832473646545624,,,0.00029283761978149414,,,0.007071484877448353,,,,,,,,,,,,,,,,,,,,,,,,,,,,,,,,,,,,,,,,,,,,,,,,,,,,,,,,,,,,,,,,,,,,,,,,,,,,,,,,,,,,,,,,,,,,,,,,,,,,,,,,,,,,,,,,,,,,,,,,,,,,,,,,,,,,,,,,,,,,,performance_paired,,,,,,,44,,,,,,,,,,,,,,,,,,,,,,,,,
,,,,,,,,,,,,,,,,,,,,,,,,,,U_vs_AB,Grocery,,,,,,,,,,,,,,,0.0005856553713480631,0.002757336553421761,,-0.001269081165856334,0.0018827288125624682,,-0.0007808804512023926,0.0013168371771689596,,0.0024861047523235444,0.003265287036477482,,,,,,,,,,,,,,,,,,,,,,,,,,,,,,,,,,,,,,,,,,,,,,,,,,,,,,,,,,,,,,,,,,,,,,,,,,,,,,,,,,,,,,,,,,,,,,,,,,,,,,,,,,,,,,,,,,,,,,,,,,,,,,,,,,,,,,,,,,,performance_dataset_summary,,,,,,,,,,,,,,,,,,,,,,,,,,,,,,,,
0.8822706937789917,0.7729261312464669,0.8818656206130981,0.7666853489512818,,,,,0.8818956613540649,0.7691120210561772,0.8820701837539673,0.7595882095615867,,,,,,,,,,,,,,,U_vs_AB,ele-fashion,,,,,,,,,,,,,,-0.0003750324249267578,,,-0.0038141101902897656,,,0.00020456314086914062,,,-0.00709713938969514,,,,,,,,,,,,,,,,,,,,,,,,,,,,,,,,,,,,,,,,,,,,,,,,,,,,,,,,,,,,,,,,,,,,,,,,,,,,,,,,,,,,,,,,,,,,,,,,,,,,,,,,,,,,,,,,,,,,,,,,,,,,,,,,,,,,,,,,,,,,,performance_paired,,,,,,,42,,,,,,,,,,,,,,,,,,,,,,,,,
0.8824070692062378,0.777353404014357,0.8826838731765747,0.7730626993000804,,,,,0.8828844428062439,0.7790471260936379,0.8807405233383179,0.7686619086555541,,,,,,,,,,,,,,,U_vs_AB,ele-fashion,,,,,,,,,,,,,,0.0004773736000061035,,,0.0016937220792808683,,,-0.001943349838256836,,,-0.0044007906445263645,,,,,,,,,,,,,,,,,,,,,,,,,,,,,,,,,,,,,,,,,,,,,,,,,,,,,,,,,,,,,,,,,,,,,,,,,,,,,,,,,,,,,,,,,,,,,,,,,,,,,,,,,,,,,,,,,,,,,,,,,,,,,,,,,,,,,,,,,,,,,performance_paired,,,,,,,43,,,,,,,,,,,,,,,,,,,,,,,,,
0.8854756355285645,0.7819987346333662,0.8844226002693176,0.7724288335343421,,,,,0.8841118216514587,0.7788542375352535,0.8839111924171448,0.7710063793957062,,,,,,,,,,,,,,,U_vs_AB,ele-fashion,,,,,,,,,,,,,,-0.0013638138771057129,,,-0.0031444970981127085,,,-0.0005114078521728516,,,-0.0014224541386359535,,,,,,,,,,,,,,,,,,,,,,,,,,,,,,,,,,,,,,,,,,,,,,,,,,,,,,,,,,,,,,,,,,,,,,,,,,,,,,,,,,,,,,,,,,,,,,,,,,,,,,,,,,,,,,,,,,,,,,,,,,,,,,,,,,,,,,,,,,,,,performance_paired,,,,,,,44,,,,,,,,,,,,,,,,,,,,,,,,,
,,,,,,,,,,,,,,,,,,,,,,,,,,U_vs_AB,ele-fashion,,,,,,,,,,,,,,,-0.00042049090067545575,0.0007523486276239183,,-0.0017549617363738685,0.00245386232547426,,-0.0007500648498535156,0.0008929727182771481,,-0.004306794724285819,0.002317633793248848,,,,,,,,,,,,,,,,,,,,,,,,,,,,,,,,,,,,,,,,,,,,,,,,,,,,,,,,,,,,,,,,,,,,,,,,,,,,,,,,,,,,,,,,,,,,,,,,,,,,,,,,,,,,,,,,,,,,,,,,,,,,,,,,,,,,,,,,,,,performance_dataset_summary,,,,,,,,,,,,,,,,,,,,,,,,,,,,,,,,
0.9650833606719971,0.9254975569115962,0.9647687673568726,0.9340036671600755,,,,,0.9657124876976013,0.9267076587685409,0.9653978943824768,0.9348239178997078,,,,,,,,,,,,,,,U_vs_AB,Reddit-S,,,,,,,,,,,,,,0.000629127025604248,,,0.0012101018569447008,,,0.000629127025604248,,,0.0008202507396322112,,,,,,,,,,,,,,,,,,,,,,,,,,,,,,,,,,,,,,,,,,,,,,,,,,,,,,,,,,,,,,,,,,,,,,,,,,,,,,,,,,,,,,,,,,,,,,,,,,,,,,,,,,,,,,,,,,,,,,,,,,,,,,,,,,,,,,,,,,,,,performance_paired,,,,,,,42,,,,,,,,,,,,,,,,,,,,,,,,,
0.9672853350639343,0.9337323603541179,0.9682289958000183,0.9283211487782976,,,,,0.9672853350639343,0.9339196467197286,0.9685435891151428,0.931896502490525,,,,,,,,,,,,,,,U_vs_AB,Reddit-S,,,,,,,,,,,,,,0.0,,,0.0001872863656107171,,,0.0003145933151245117,,,0.0035753537122273915,,,,,,,,,,,,,,,,,,,,,,,,,,,,,,,,,,,,,,,,,,,,,,,,,,,,,,,,,,,,,,,,,,,,,,,,,,,,,,,,,,,,,,,,,,,,,,,,,,,,,,,,,,,,,,,,,,,,,,,,,,,,,,,,,,,,,,,,,,,,,performance_paired,,,,,,,43,,,,,,,,,,,,,,,,,,,,,,,,,
0.9707455039024353,0.9275826841887099,0.9657124876976013,0.9221112721381569,,,,,0.9698018431663513,0.9284683414423286,0.9669707417488098,0.9233779950199292,,,,,,,,,,,,,,,U_vs_AB,Reddit-S,,,,,,,,,,,,,,-0.0009436607360839844,,,0.0008856572536186658,,,0.001258254051208496,,,0.0012667228817723197,,,,,,,,,,,,,,,,,,,,,,,,,,,,,,,,,,,,,,,,,,,,,,,,,,,,,,,,,,,,,,,,,,,,,,,,,,,,,,,,,,,,,,,,,,,,,,,,,,,,,,,,,,,,,,,,,,,,,,,,,,,,,,,,,,,,,,,,,,,,,performance_paired,,,,,,,44,,,,,,,,,,,,,,,,,,,,,,,,,
,,,,,,,,,,,,,,,,,,,,,,,,,,U_vs_AB,Reddit-S,,,,,,,,,,,,,,,-0.00010484457015991211,0.0006463536822040404,,0.0007610151587246946,0.00042676271407958693,,0.0007339914639790853,0.0003923190105287569,,0.0018874424445439741,0.0012073711605816097,,,,,,,,,,,,,,,,,,,,,,,,,,,,,,,,,,,,,,,,,,,,,,,,,,,,,,,,,,,,,,,,,,,,,,,,,,,,,,,,,,,,,,,,,,,,,,,,,,,,,,,,,,,,,,,,,,,,,,,,,,,,,,,,,,,,,,,,,,,performance_dataset_summary,,,,,,,,,,,,,,,,,,,,,,,,,,,,,,,,
,,,,,,,,,,,,,,,,,,,,,,,,,,U_vs_AB,ALL,,,,,,,,,,,,,,,-0.00032216310501098633,0.0030566674072527514,,-0.0010484691305255682,0.006415533583966715,,-0.0006404002507527669,0.0014983076006276131,,-0.0007895676049052872,0.005153604440261503,,,,,,,,,,,,,,,,,,,,,,,,,,,,,,,,,,,,,,,,,,,,,,,,,,,,,,,,,,,,,,,,,,,,,,,,,,,,,,,,,,,,,,,,,,,,,,,,,,,,,,,,,,,,,,,,,,,,,,,,,,,,,,,,,,,,,,,,,,,performance_dataset_summary,,,,,,,,,,,,,,,,,,,,,,,,,,,,,,,,
,,,,0.5478261113166809,0.488574983324212,0.5746850371360779,0.5006647681536516,0.5577211380004883,0.5005566707515061,0.5692861676216125,0.49761656655480085,,,,,,,,,,,,,,,U_vs_B,Movies,,,,,,,,,,,,,,0.009895026683807373,,,0.011981687427294108,,,-0.005398869514465332,,,-0.0030482015988507194,,,,,,,,,,,,,,,,,,,,,,,,,,,,,,,,,,,,,,,,,,,,,,,,,,,,,,,,,,,,,,,,,,,,,,,,,,,,,,,,,,,,,,,,,,,,,,,,,,,,,,,,,,,,,,,,,,,,,,,,,,,,,,,,,,,,,,,,,,,,,performance_paired,,,,,,,42,,,,,,,,,,,,,,,,,,,,,,,,,
,,,,0.5547226667404175,0.5192927715885343,0.5746850371360779,0.5096304798427366,0.5556221604347229,0.49557834634502235,0.5764846801757812,0.5111918825092095,,,,,,,,,,,,,,,U_vs_B,Movies,,,,,,,,,,,,,,0.0008994936943054199,,,-0.023714425243511916,,,0.0017996430397033691,,,0.0015614026664729774,,,,,,,,,,,,,,,,,,,,,,,,,,,,,,,,,,,,,,,,,,,,,,,,,,,,,,,,,,,,,,,,,,,,,,,,,,,,,,,,,,,,,,,,,,,,,,,,,,,,,,,,,,,,,,,,,,,,,,,,,,,,,,,,,,,,,,,,,,,,,performance_paired,,,,,,,43,,,,,,,,,,,,,,,,,,,,,,,,,
,,,,0.5595202445983887,0.481853419826653,0.5821835398674011,0.5076638878401247,0.5643178224563599,0.4910957255988058,0.5734853148460388,0.49937224426429855,,,,,,,,,,,,,,,U_vs_B,Movies,,,,,,,,,,,,,,0.004797577857971191,,,0.009242305772152848,,,-0.008698225021362305,,,-0.00829164357582618,,,,,,,,,,,,,,,,,,,,,,,,,,,,,,,,,,,,,,,,,,,,,,,,,,,,,,,,,,,,,,,,,,,,,,,,,,,,,,,,,,,,,,,,,,,,,,,,,,,,,,,,,,,,,,,,,,,,,,,,,,,,,,,,,,,,,,,,,,,,,performance_paired,,,,,,,44,,,,,,,,,,,,,,,,,,,,,,,,,
,,,,,,,,,,,,,,,,,,,,,,,,,,U_vs_B,Movies,,,,,,,,,,,,,,,0.005197366078694661,0.00368327539086037,,-0.0008301440146883202,0.01622023013570907,,-0.004099150498708089,0.004383169370583074,,-0.003259480836067974,0.0040252626622603324,,,,,,,,,,,,,,,,,,,,,,,,,,,,,,,,,,,,,,,,,,,,,,,,,,,,,,,,,,,,,,,,,,,,,,,,,,,,,,,,,,,,,,,,,,,,,,,,,,,,,,,,,,,,,,,,,,,,,,,,,,,,,,,,,,,,,,,,,,,performance_dataset_summary,,,,,,,,,,,,,,,,,,,,,,,,,,,,,,,,
,,,,0.7907707095146179,0.7605773591431372,0.8067166209220886,0.7739384780199858,0.7943947911262512,0.7569304152074218,0.8043005466461182,0.7697844776938993,,,,,,,,,,,,,,,U_vs_B,Toys,,,,,,,,,,,,,,0.0036240816116333008,,,-0.0036469439357154076,,,-0.002416074275970459,,,-0.004154000326086482,,,,,,,,,,,,,,,,,,,,,,,,,,,,,,,,,,,,,,,,,,,,,,,,,,,,,,,,,,,,,,,,,,,,,,,,,,,,,,,,,,,,,,,,,,,,,,,,,,,,,,,,,,,,,,,,,,,,,,,,,,,,,,,,,,,,,,,,,,,,,performance_paired,,,,,,,42,,,,,,,,,,,,,,,,,,,,,,,,,
,,,,0.8074414134025574,0.7776633958741401,0.80333411693573,0.7760593297008868,0.8059917688369751,0.7714481566930232,0.801642894744873,0.7703252903462996,,,,,,,,,,,,,,,U_vs_B,Toys,,,,,,,,,,,,,,-0.0014496445655822754,,,-0.006215239181116883,,,-0.0016912221908569336,,,-0.0057340393545871615,,,,,,,,,,,,,,,,,,,,,,,,,,,,,,,,,,,,,,,,,,,,,,,,,,,,,,,,,,,,,,,,,,,,,,,,,,,,,,,,,,,,,,,,,,,,,,,,,,,,,,,,,,,,,,,,,,,,,,,,,,,,,,,,,,,,,,,,,,,,,performance_paired,,,,,,,43,,,,,,,,,,,,,,,,,,,,,,,,,
,,,,0.7987436652183533,0.7780177061066555,0.8096158504486084,0.7889262623616198,0.8047837615013123,0.7824514773190311,0.8047837615013123,0.7781662338043535,,,,,,,,,,,,,,,U_vs_B,Toys,,,,,,,,,,,,,,0.006040096282958984,,,0.004433771212375537,,,-0.004832088947296143,,,-0.010760028557266321,,,,,,,,,,,,,,,,,,,,,,,,,,,,,,,,,,,,,,,,,,,,,,,,,,,,,,,,,,,,,,,,,,,,,,,,,,,,,,,,,,,,,,,,,,,,,,,,,,,,,,,,,,,,,,,,,,,,,,,,,,,,,,,,,,,,,,,,,,,,,performance_paired,,,,,,,44,,,,,,,,,,,,,,,,,,,,,,,,,
,,,,,,,,,,,,,,,,,,,,,,,,,,U_vs_B,Toys,,,,,,,,,,,,,,,0.00273817777633667,0.0031211828632343695,,-0.0018094706348189178,0.004537443236655637,,-0.0029797951380411782,0.00134278241056312,,-0.006882689412646655,0.0028165522617432256,,,,,,,,,,,,,,,,,,,,,,,,,,,,,,,,,,,,,,,,,,,,,,,,,,,,,,,,,,,,,,,,,,,,,,,,,,,,,,,,,,,,,,,,,,,,,,,,,,,,,,,,,,,,,,,,,,,,,,,,,,,,,,,,,,,,,,,,,,,performance_dataset_summary,,,,,,,,,,,,,,,,,,,,,,,,,,,,,,,,
,,,,0.8363103866577148,0.7609970416769288,0.8395314812660217,0.7759866363173944,0.8368960618972778,0.7600088233753471,0.8383601903915405,0.7850004325732767,,,,,,,,,,,,,,,U_vs_B,Grocery,,,,,,,,,,,,,,0.0005856752395629883,,,-0.0009882183015816892,,,-0.0011712908744812012,,,0.009013796255882278,,,,,,,,,,,,,,,,,,,,,,,,,,,,,,,,,,,,,,,,,,,,,,,,,,,,,,,,,,,,,,,,,,,,,,,,,,,,,,,,,,,,,,,,,,,,,,,,,,,,,,,,,,,,,,,,,,,,,,,,,,,,,,,,,,,,,,,,,,,,,performance_paired,,,,,,,42,,,,,,,,,,,,,,,,,,,,,,,,,
,,,,0.831039547920227,0.7490855614582675,0.8421669006347656,0.7660455355467171,0.8216691017150879,0.7367183563470829,0.837481677532196,0.7586053688911208,,,,,,,,,,,,,,,U_vs_B,Grocery,,,,,,,,,,,,,,-0.00937044620513916,,,-0.01236720511118461,,,-0.00468522310256958,,,-0.007440166655596214,,,,,,,,,,,,,,,,,,,,,,,,,,,,,,,,,,,,,,,,,,,,,,,,,,,,,,,,,,,,,,,,,,,,,,,,,,,,,,,,,,,,,,,,,,,,,,,,,,,,,,,,,,,,,,,,,,,,,,,,,,,,,,,,,,,,,,,,,,,,,performance_paired,,,,,,,43,,,,,,,,,,,,,,,,,,,,,,,,,
,,,,0.8251830339431763,0.7655227547329396,0.8409956097602844,0.7587549462761766,0.8339678049087524,0.7712971925706517,0.8366032242774963,0.7558097931079375,,,,,,,,,,,,,,,U_vs_B,Grocery,,,,,,,,,,,,,,0.008784770965576172,,,0.005774437837712032,,,-0.004392385482788086,,,-0.0029451531682390675,,,,,,,,,,,,,,,,,,,,,,,,,,,,,,,,,,,,,,,,,,,,,,,,,,,,,,,,,,,,,,,,,,,,,,,,,,,,,,,,,,,,,,,,,,,,,,,,,,,,,,,,,,,,,,,,,,,,,,,,,,,,,,,,,,,,,,,,,,,,,performance_paired,,,,,,,44,,,,,,,,,,,,,,,,,,,,,,,,,
,,,,,,,,,,,,,,,,,,,,,,,,,,U_vs_B,Grocery,,,,,,,,,,,,,,,0.0,0.00742339721168312,,-0.0025269951916847555,0.007485794456143772,,-0.003416299819946289,0.001591956310498401,,-0.00045717452265100117,0.006943858302065892,,,,,,,,,,,,,,,,,,,,,,,,,,,,,,,,,,,,,,,,,,,,,,,,,,,,,,,,,,,,,,,,,,,,,,,,,,,,,,,,,,,,,,,,,,,,,,,,,,,,,,,,,,,,,,,,,,,,,,,,,,,,,,,,,,,,,,,,,,,performance_dataset_summary,,,,,,,,,,,,,,,,,,,,,,,,,,,,,,,,
,,,,0.881179690361023,0.7633715650338324,0.881661057472229,0.7594020540007935,0.8818956613540649,0.7691120210561772,0.8820701837539673,0.7595882095615867,,,,,,,,,,,,,,,U_vs_B,ele-fashion,,,,,,,,,,,,,,0.0007159709930419922,,,0.005740456022344742,,,0.00040912628173828125,,,0.00018615556079315532,,,,,,,,,,,,,,,,,,,,,,,,,,,,,,,,,,,,,,,,,,,,,,,,,,,,,,,,,,,,,,,,,,,,,,,,,,,,,,,,,,,,,,,,,,,,,,,,,,,,,,,,,,,,,,,,,,,,,,,,,,,,,,,,,,,,,,,,,,,,,performance_paired,,,,,,,42,,,,,,,,,,,,,,,,,,,,,,,,,
,,,,0.8807023763656616,0.7716273357504325,0.8788994550704956,0.7633965164631425,0.8828844428062439,0.7790471260936379,0.8807405233383179,0.7686619086555541,,,,,,,,,,,,,,,U_vs_B,ele-fashion,,,,,,,,,,,,,,0.0021820664405822754,,,0.00741979034320539,,,0.0018410682678222656,,,0.005265392192411511,,,,,,,,,,,,,,,,,,,,,,,,,,,,,,,,,,,,,,,,,,,,,,,,,,,,,,,,,,,,,,,,,,,,,,,,,,,,,,,,,,,,,,,,,,,,,,,,,,,,,,,,,,,,,,,,,,,,,,,,,,,,,,,,,,,,,,,,,,,,,performance_paired,,,,,,,43,,,,,,,,,,,,,,,,,,,,,,,,,
,,,,0.883089005947113,0.7747267172433325,0.8821724653244019,0.7683756572557915,0.8841118216514587,0.7788542375352535,0.8839111924171448,0.7710063793957062,,,,,,,,,,,,,,,U_vs_B,ele-fashion,,,,,,,,,,,,,,0.0010228157043457031,,,0.004127520291920983,,,0.00173872709274292,,,0.002630722139914665,,,,,,,,,,,,,,,,,,,,,,,,,,,,,,,,,,,,,,,,,,,,,,,,,,,,,,,,,,,,,,,,,,,,,,,,,,,,,,,,,,,,,,,,,,,,,,,,,,,,,,,,,,,,,,,,,,,,,,,,,,,,,,,,,,,,,,,,,,,,,performance_paired,,,,,,,44,,,,,,,,,,,,,,,,,,,,,,,,,
,,,,,,,,,,,,,,,,,,,,,,,,,,U_vs_B,ele-fashion,,,,,,,,,,,,,,,0.0013069510459899902,0.0006313523235104536,,0.005762588885823705,0.0013441547332507004,,0.001329640547434489,0.0006522414246487909,,0.0026940899643731107,0.002074073737177778,,,,,,,,,,,,,,,,,,,,,,,,,,,,,,,,,,,,,,,,,,,,,,,,,,,,,,,,,,,,,,,,,,,,,,,,,,,,,,,,,,,,,,,,,,,,,,,,,,,,,,,,,,,,,,,,,,,,,,,,,,,,,,,,,,,,,,,,,,,performance_dataset_summary,,,,,,,,,,,,,,,,,,,,,,,,,,,,,,,,
,,,,0.9669707417488098,0.9294034395199919,0.9672853350639343,0.9384003436804621,0.9657124876976013,0.9267076587685409,0.9653978943824768,0.9348239178997078,,,,,,,,,,,,,,,U_vs_B,Reddit-S,,,,,,,,,,,,,,-0.001258254051208496,,,-0.002695780751451049,,,-0.0018874406814575195,,,-0.0035764257807543443,,,,,,,,,,,,,,,,,,,,,,,,,,,,,,,,,,,,,,,,,,,,,,,,,,,,,,,,,,,,,,,,,,,,,,,,,,,,,,,,,,,,,,,,,,,,,,,,,,,,,,,,,,,,,,,,,,,,,,,,,,,,,,,,,,,,,,,,,,,,,performance_paired,,,,,,,42,,,,,,,,,,,,,,,,,,,,,,,,,
,,,,0.9679144620895386,0.9331522248287888,0.9688581228256226,0.9286839768723796,0.9672853350639343,0.9339196467197286,0.9685435891151428,0.931896502490525,,,,,,,,,,,,,,,U_vs_B,Reddit-S,,,,,,,,,,,,,,-0.000629127025604248,,,0.0007674218909398123,,,-0.00031453371047973633,,,0.0032125256181454453,,,,,,,,,,,,,,,,,,,,,,,,,,,,,,,,,,,,,,,,,,,,,,,,,,,,,,,,,,,,,,,,,,,,,,,,,,,,,,,,,,,,,,,,,,,,,,,,,,,,,,,,,,,,,,,,,,,,,,,,,,,,,,,,,,,,,,,,,,,,,performance_paired,,,,,,,43,,,,,,,,,,,,,,,,,,,,,,,,,
,,,,0.9698018431663513,0.9323658905081192,0.9653978943824768,0.9276065481620186,0.9698018431663513,0.9284683414423286,0.9669707417488098,0.9233779950199292,,,,,,,,,,,,,,,U_vs_B,Reddit-S,,,,,,,,,,,,,,0.0,,,-0.003897549065790651,,,0.0015728473663330078,,,-0.004228553142089364,,,,,,,,,,,,,,,,,,,,,,,,,,,,,,,,,,,,,,,,,,,,,,,,,,,,,,,,,,,,,,,,,,,,,,,,,,,,,,,,,,,,,,,,,,,,,,,,,,,,,,,,,,,,,,,,,,,,,,,,,,,,,,,,,,,,,,,,,,,,,performance_paired,,,,,,,44,,,,,,,,,,,,,,,,,,,,,,,,,
,,,,,,,,,,,,,,,,,,,,,,,,,,U_vs_B,Reddit-S,,,,,,,,,,,,,,,-0.000629127025604248,0.0005136800653750985,,-0.0019419693087672958,0.0019776521896979096,,-0.00020970900853474936,0.0014145999451020033,,-0.0015308177682327544,0.0033645997666561372,,,,,,,,,,,,,,,,,,,,,,,,,,,,,,,,,,,,,,,,,,,,,,,,,,,,,,,,,,,,,,,,,,,,,,,,,,,,,,,,,,,,,,,,,,,,,,,,,,,,,,,,,,,,,,,,,,,,,,,,,,,,,,,,,,,,,,,,,,,performance_dataset_summary,,,,,,,,,,,,,,,,,,,,,,,,,,,,,,,,
,,,,,,,,,,,,,,,,,,,,,,,,,,U_vs_B,ALL,,,,,,,,,,,,,,,0.0017226735750834148,0.004491185400522953,,-0.0002691980528271169,0.008858945770444507,,-0.0018750627835591633,0.003084218315434187,,-0.0018872145150450547,0.005253064929772404,,,,,,,,,,,,,,,,,,,,,,,,,,,,,,,,,,,,,,,,,,,,,,,,,,,,,,,,,,,,,,,,,,,,,,,,,,,,,,,,,,,,,,,,,,,,,,,,,,,,,,,,,,,,,,,,,,,,,,,,,,,,,,,,,,,,,,,,,,,performance_dataset_summary,,,,,,,,,,,,,,,,,,,,,,,,,,,,,,,,
,,,,,,,,,,,,8.818037503602714e-05,-0.0,-8.818037503602714e-05,-0.0016157394275069237,-0.0004256284737493843,-0.00018777372315526009,-0.00011631800589384511,-6.512133404612541e-05,-3.0282266379799694e-05,-1.1596950571401976e-05,-5.172709052203572e-07,8.805992335225192e-05,0.0,0,,Movies,,,,,,,,,,,,,,,,,,,,,,,,,,0.09934182884954068,-0.09677402675151825,-0.09934182884954068,-0.09972819685935974,-0.09958340227603912,-0.09951536357402802,-0.09945420920848846,-0.09935959428548813,-0.09925682842731476,-0.0991496667265892,-0.09889104217290878,0.00015197900489258168,,,,,,,,,,,,,,,nan,0.09035305100521734,0.09060222655534744,0.09035305100521734,0.08823516219854355,0.08991901956498623,0.09020217657089233,0.09029978699982166,0.0903756432235241,0.09043681807816029,0.0904807798564434,0.09054932571947574,0.00013163461872189644,0.09036479991539721,-0.08823519200086594,-0.09036479991539721,-0.09068436175584793,-0.09056467562913895,-0.0905083641409874,-0.09045779705047607,-0.0903795063495636,-0.0902944952249527,-0.09020577371120453,-0.08999164402484894,0.00012577571571033378,text,,160802,177474.0,0.0,0.0,0.002139821411345923,0.025498707725364035,0.005278918424028426,,,,,,,,,,,,,,,,,,,,,,,,,,,0.09036480477952795,-0.08823516219854355,-0.09036480477952795,-0.09068439900875092,-0.09056466817855835,-0.09050839394330978,-0.09045780450105667,-0.09037952125072479,-0.0902944803237915,-0.09020578861236572,-0.08999167382717133,0.0001257756901580235,,,0.9135978509141127,1,0.00012578608857767405,0.9155455231666565,0.9135978509141127,0.913305938243866,0.913415253162384,0.9134666919708252,0.9135128855705261,0.9135844111442566,0.9136620759963989,0.9137431383132935,0.9139388203620911,0.00011491790019958101,0.002397982473345301,0.037445008754730225,3.4331551840752478e-09,-0.043938517570495605,-0.01100236177444458,-0.0040552616119384766,-0.00141221284866333,0.0004801750183105469,0.0019617676734924316,0.003340303897857666,0.0070182085037231445,0.0033889439500723035,7.46049595441111e-05,0.0011649724328890443,1.0679719169879226e-10,-0.001366995507851243,-0.0003423005691729486,-0.00012616548337973654,-4.3936135625699535e-05,1.49389907164732e-05,6.103363921283744e-05,0.00010392204421805218,0.00021834736980963498,0.00010543531035529585,relation,0.0,0.0,-0.04968078434467316,-0.03677273541688919,0.03111155331134796,-0.049911774694919586,42,0.9932098096798083,1.0000001192092896,0.9932098096798083,0.9219443798065186,0.9747186899185181,0.9864495396614075,0.9910306334495544,0.99463951587677,0.9969241619110107,0.9981562495231628,0.9994140863418579,0.005325384522370704,0.04957286424872684,-0.04601588100194931,-0.04957286424872684,-0.04991178214550018,-0.04988253116607666,-0.04981974884867668,-0.04975825548171997,-0.04964422434568405,-0.04946409910917282,-0.049235448241233826,-0.04864994063973427,0.00026579939382773675,U
,,,,,,,,,,,,0.0037928181192760538,0.02076534554362297,0.0037928181192760538,0.0,2.412891626590863e-05,0.000562699802685529,0.0014750704867765307,0.0031071517150849104,0.005349407903850079,0.008019943721592426,0.013398032635450363,0.0030285669154312372,0.0,0,,Movies,,,,,,,,,,,,,,,,,,,,,,,,,,0.05189623201482751,0.13197174668312073,0.05155802238854203,-0.028042174875736237,-0.007348664104938507,0.01744796708226204,0.035231467336416245,0.05408056825399399,0.07011429220438004,0.08050666004419327,0.09754661470651627,0.024177798401269737,,,,,,,,,,,,,,,nan,0.048231104538806226,0.0907992571592331,0.048231104538806226,1.0162489161302801e-05,0.012119865389540792,0.03296617493033409,0.04195709526538849,0.04986167326569557,0.05651203170418739,0.06116083823144436,0.07069578938186172,0.011777289882697441,0.04886052221081895,0.11658577620983124,0.04852594977333997,-0.02727724052965641,-0.007295032497495413,0.017148787155747414,0.03403241187334061,0.051305901259183884,0.06552033871412277,0.07450821250677109,0.08887696266174316,0.02208698898558534,visual,,160802,177474.0,0.0,0.0,0.0017204468852968628,0.020501324107045176,0.0032174308822814045,,,,,,,,,,,,,,,,,,,,,,,,,,,0.04886051814614496,0.11658573150634766,0.048525945692214835,-0.027277261018753052,-0.007295055314898491,0.017148757353425026,0.03403245285153389,0.05130591243505478,0.06552037596702576,0.07450824975967407,0.08887697011232376,0.022086987046332683,,,1.04997777432432,1,0.02197060046952376,1.1236538887023926,1.04997777432432,0.9730914235115051,0.992731511592865,1.0172966718673706,1.0346181392669678,1.0526448488235474,1.0677144527435303,1.0773541927337646,1.092946171760559,0.02306864218158139,0.2302174178448451,1.1312024593353271,-1.2380760281915175e-09,-1.2604200839996338,-0.8009383082389832,-0.41156625747680664,-0.169293612241745,0.04024273157119751,0.19929373264312744,0.33519986271858215,0.5907377004623413,0.29460660792583354,0.009703218651193255,0.04767799377441406,-5.404705941410909e-11,-0.05312426760792732,-0.033757999539375305,-0.01734672114253044,-0.007135398220270872,0.001696153311058879,0.008399845100939274,0.014128025621175766,0.024898450821638107,0.012417098409741619,relation,0.0,0.0,0.034867338836193085,0.01647493988275528,0.04214806482195854,0.03436363488435745,42,0.4767876657929461,1.000000238418579,0.375334726694084,-0.927890956401825,-0.6561413407325745,-0.21154022216796875,0.1261425018310547,0.454803466796875,0.6921617984771729,0.82126784324646,0.9376192092895508,0.3929285937818806,0.01638415726238028,0.03436364233493805,0.012897865504846081,-0.03188570588827133,-0.0225474014878273,-0.007269290741533041,0.004334714729338884,0.015628701075911522,0.023785196244716644,0.028221748769283295,0.03222000598907471,0.013502454730088827,U
,,,,,,,,,,,,,,,,,,,,,,,,,,,Movies,0.05871048052178521,0.06014508754014969,0.05871048052178521,0.053461529314517975,0.055872471258044246,0.05744639039039612,0.058235665783286095,0.05889798328280449,0.059395188465714455,0.0597081396728754,0.05996435802429915,0.0009129115486217267,0.04165579378604889,,,,,,,,,,,,,,,,,,,,,,,,,0.3831538205676768,0.3864418864250183,0.3831538205676768,0.3788052201271057,0.38118753224611285,0.3820438116788864,0.38245972245931625,0.3830759972333908,0.3838304877281189,0.38437568843364717,0.38549636721611025,0.000938924953050763,0.16907557845115662,0,,,,,,,,,,,,,,,,,,,,,,,,,,text,0.0,,,,,,,,0.09165033844751869,0.09470381587743759,0.09165033844751869,0.08912179619073868,0.08969849571585656,0.09035276249051094,0.09095392376184464,0.09171434864401817,0.09230333007872105,0.09281828626990318,0.09370487883687019,0.0009299047620329674,-0.0022088930525992964,-0.0022088930525992964,0.022061629255253987,0.022122470661997795,0.022061629255253987,0.021544501185417175,0.0219556513056159,0.022024790197610854,0.02204862330108881,0.022067145444452763,0.02208208292722702,0.022092816792428492,0.02210955411195755,3.214140487172303e-05,,,,,,,,,,,,,8.815800674613776e-07,0,,,,,,,,,,,,,,,,,,,,,,,,,,,,,,,,,,,,,,,filter,,,,,,,42,,,,,,,,,,,,,,,,,,,,,,,,,U
,,,,,,,,,,,,,,,,,,,,,,,,,,,Movies,0.04898705179271272,-0.04331295192241669,-0.04898705179271272,-0.049679212272167206,-0.04967704739421606,-0.04959151595830917,-0.0494512002915144,-0.0492104347795248,-0.048710539005696774,-0.048076297342777255,-0.04659694235771894,0.0006711984186896173,-0.042517226189374924,,,,,,,,,,,,,,,,,,,,,,,,,0.0011924842172259293,0.0069999853149056435,0.0011907012696485075,-0.0003884871257469058,2.9061369132250562e-05,0.0004139917902648449,0.0006717883807141334,0.001049129816237837,0.0015440896095242351,0.0021649135975167154,0.003647876295726747,0.0007412019434808327,0.1244533360004425,1,,,,,,,,,,,,,,,,,,,,,,,,,,text,0.008217370137572289,,,,,,,,0.030170466979110216,-0.02927309088408947,-0.030170466979110216,-0.031253114342689514,-0.030899333897978068,-0.030581821873784065,-0.03039954463019967,-0.030194283463060856,-0.029926590155810118,-0.029712145775556566,-0.029480862207710744,0.0003277673980278471,0.0003482646852420086,0.0003482646852420086,0.0015878860445432486,-0.0015506658237427473,-0.0015878860445432486,-0.001592265092767775,-0.0015913354407530278,-0.001590130804106593,-0.0015893582021817565,-0.0015882830484770238,-0.0015869499475229532,-0.001585234561935067,-0.001580258208559826,2.3133776298787702e-06,,,,,,,,,,,,,5.493803210197635e-07,0,,,,,,,,,,,,,,,,,,,,,,,,,,,,,,,,,,,,,,,filter,,,,,,,42,,,,,,,,,,,,,,,,,,,,,,,,,U
,,,,,,,,,,,,,,,,,,,,,,,,,,,Movies,0.05461259096844798,-0.0492745079100132,-0.05461259096844798,-0.05540482699871063,-0.055400007553398606,-0.055309592932462695,-0.055184293538331985,-0.05492715537548065,-0.054296993650496006,-0.0534144151955843,-0.05180494684725998,0.000819740559698267,-0.04178309440612793,,,,,,,,,,,,,,,,,,,,,,,,,0.5748670513629055,0.5796284675598145,0.5748670513629055,0.5731513500213623,0.5735897541046142,0.5739910244941712,0.5742624402046204,0.5746584534645081,0.575254037976265,0.5761182129383087,0.5775828438997269,0.0008635833735208527,0.708885908126831,2,,,,,,,,,,,,,,,,,,,,,,,,,,text,0.0,,,,,,,,0.029886340283258726,-0.028957877308130264,-0.029886340283258726,-0.031010784208774567,-0.030643061082810164,-0.030315900407731532,-0.03012605058029294,-0.029908975586295128,-0.02962956391274929,-0.029408465325832366,-0.029171196576207876,0.0003419244251634824,0.0015851750015355504,0.0015851750015355504,0.007736831395034392,-0.007555479183793068,-0.007736831395034392,-0.007758167572319508,-0.007753638518042862,-0.007747768703848123,-0.007744004135020077,-0.007738766027614474,-0.007732270401902497,-0.007723911851644516,-0.0076996654458343985,1.1271724667197405e-05,,,,,,,,,,,,,7.457762430216565e-07,0,,,,,,,,,,,,,,,,,,,,,,,,,,,,,,,,,,,,,,,filter,,,,,,,42,,,,,,,,,,,,,,,,,,,,,,,,,U
,,,,,,,,,,,,,,,,,,,,,,,,,,,Movies,0.05021410046888054,-0.042612407356500626,-0.05021410046888054,-0.05157395824790001,-0.051566262394189835,-0.051394015178084375,-0.051147070713341236,-0.05070132203400135,-0.04965387098491192,-0.04825622662901878,-0.04597410753369331,0.0013155273747932502,-0.0429208017885685,,,,,,,,,,,,,,,,,,,,,,,,,0.16390044682957733,-0.15599969029426575,-0.16390044682957733,-0.16593627631664276,-0.16557259276509284,-0.16517545133829117,-0.1648530513048172,-0.16433407366275787,-0.1633017174899578,-0.1618906244635582,-0.15964402452111243,0.0013490461129550353,-0.02643510513007641,3,,,,,,,,,,,,,,,,,,,,,,,,,,text,1.0,,,,,,,,0.031593531255311766,-0.0308908112347126,-0.031593531255311766,-0.032443515956401825,-0.03216366529464722,-0.031919746100902556,-0.03177788108587265,-0.03161310777068138,-0.03139771334826946,-0.03122890815138817,-0.03104764387011528,0.00026067233731634146,0.0016545139393781762,0.0016545139393781762,0.012736909928836193,-0.012438355013728142,-0.012736909928836193,-0.012772035785019398,-0.012764578741043807,-0.012754915840923786,-0.012748718494549394,-0.012740094680339098,-0.01272940100170672,-0.012715641595423221,-0.012675725258886814,1.855629828841813e-05,,,,,,,,,,,,,1.8199254148790902e-06,0,,,,,,,,,,,,,,,,,,,,,,,,,,,,,,,,,,,,,,,filter,,,,,,,42,,,,,,,,,,,,,,,,,,,,,,,,,U
,,,,,,,,,,,,,,,,,,,,,,,,,,,Movies,0.005311351351436829,0.013088494539260864,0.004617287684786836,-0.010405356995761395,-0.006104935589246452,-0.0009283199906349176,0.0017691427492536604,0.004981604870408773,0.007765533751808107,0.009875572845339775,0.011959428852424027,0.004156645529748954,-0.0002770462306216359,,,,,,,,,,,,,,,,,,,,,,,,,0.24774673944714545,0.2617981433868408,0.24774673944714545,0.23022758960723877,0.2366383430361748,0.24195594787597657,0.2450847402215004,0.24810532480478287,0.25082019716501236,0.2530073612928391,0.25603660821914676,0.004276275264204667,0.16907557845115662,0,,,,,,,,,,,,,,,,,,,,,,,,,,visual,0.0,,,,,,,,0.06483298317607913,0.06700449436903,0.06483298317607913,0.0620889775454998,0.06311642184853554,0.06395902782678604,0.0644124336540699,0.06486000120639801,0.06527064181864262,0.06568327769637108,0.06633039645850658,0.0006721712726735803,0.2762230182473627,0.2762230182473627,0.009497932598168517,0.01788068562746048,0.009497932598168517,2.0012528239021776e-06,0.0023867100197821857,0.006491879094392061,0.008262420305982232,0.0098190326243639,0.011128658428788185,0.012044125981628894,0.013921800740063196,0.0023192482661156867,,,,,,,,,,,,,1.8286530135248696e-05,0,,,,,,,,,,,,,,,,,,,,,,,,,,,,,,,,,,,,,,,filter,,,,,,,42,,,,,,,,,,,,,,,,,,,,,,,,,U
,,,,,,,,,,,,,,,,,,,,,,,,,,,Movies,0.018744557347248537,0.035102780908346176,0.018743925211548263,-0.003979614470154047,0.00653304236009717,0.011546094063669443,0.014854200882837176,0.01891840249300003,0.02273556776344776,0.025736213475465775,0.030409356709569697,0.0054487477968795175,0.020465798676013947,,,,,,,,,,,,,,,,,,,,,,,,,0.14065466087084486,0.15676723420619965,0.14065466087084486,0.11787958443164825,0.12858118250966072,0.1335553139448166,0.13685856759548187,0.14077488332986832,0.14455877617001534,0.14747232049703599,0.15215104937553406,0.005364661801090116,0.1244533360004425,1,,,,,,,,,,,,,,,,,,,,,,,,,,visual,0.0,,,,,,,,0.02138513440747554,-0.020398879423737526,-0.02138513440747554,-0.022168735042214394,-0.021926246639341115,-0.021692237444221975,-0.021543043665587902,-0.0213947556912899,-0.021233331877738237,-0.02106978427618742,-0.020767339151352645,0.00024251399917121652,-0.002035974779060465,-0.002035974779060465,0.0016232571362036557,-3.420268512854818e-07,-0.0016232571362036557,-0.0030559231527149677,-0.0023793243523687123,-0.0020584177458658815,-0.001901958486996591,-0.001678135187830776,-0.001412100245943293,-0.0011095035122707486,-0.0004079039284260934,0.00039637429065747623,,,,,,,,,,,,,2.8779596240075443e-05,0,,,,,,,,,,,,,,,,,,,,,,,,,,,,,,,,,,,,,,,filter,,,,,,,42,,,,,,,,,,,,,,,,,,,,,,,,,U
,,,,,,,,,,,,,,,,,,,,,,,,,,,Movies,0.006045330103068534,0.011308306828141212,0.005983008539116464,-0.008100340142846107,-0.0012250123161356896,0.0026008097687736154,0.004552813479676843,0.00634307018481195,0.007804094580933452,0.008902615681290627,0.010220974627882243,0.0025024759390773225,0.010366179049015045,,,,,,,,,,,,,,,,,,,,,,,,,0.7001419630681027,0.7066638469696045,0.7001419630681027,0.6864915490150452,0.6928149873018264,0.6966973721981049,0.6987149566411972,0.7005029022693634,0.7019422948360443,0.7030453503131866,0.7046860909461975,0.0025461091404478686,0.708885908126831,2,,,,,,,,,,,,,,,,,,,,,,,,,,visual,0.0,,,,,,,,0.021569696755547096,-0.020641032606363297,-0.021569696755547096,-0.022305531427264214,-0.022077014669775963,-0.0218574333935976,-0.021717840805649757,-0.021578813903033733,-0.021427469328045845,-0.021273928135633467,-0.020988992787897585,0.00022747775737757568,0.11558937107833177,0.11558937107833177,0.0035234577841569315,-7.424068257932959e-07,-0.0035234577841569315,-0.006633216515183449,-0.005164584633894265,-0.004468022054061294,-0.0041284095495939255,-0.0036425766302272677,-0.0030651185661554337,-0.00240829901304096,-0.0008854002406587805,0.000860373903601424,,,,,,,,,,,,,6.482671755072183e-06,0,,,,,,,,,,,,,,,,,,,,,,,,,,,,,,,,,,,,,,,filter,,,,,,,42,,,,,,,,,,,,,,,,,,,,,,,,,U
,,,,,,,,,,,,,,,,,,,,,,,,,,,Movies,0.004819818256056664,0.00013312415103428066,-0.004819801402728809,-0.0074528902769088745,-0.006989801744930446,-0.006232786504551768,-0.005663083284161985,-0.004866720410063863,-0.004053910495713353,-0.003336480795405805,-0.0022212529438547777,0.0011019038966341929,-0.0039489916525781155,,,,,,,,,,,,,,,,,,,,,,,,,0.061433268136044536,-0.05446596443653107,-0.061433268136044536,-0.06603138893842697,-0.06430843204259873,-0.0633781835436821,-0.06261623837053776,-0.0616073627024889,-0.060473887249827385,-0.059289701655507086,-0.056861567124724385,0.0016154297279593521,-0.02643510513007641,3,,,,,,,,,,,,,,,,,,,,,,,,,,visual,1.0,,,,,,,,0.021878151979092722,-0.02104906179010868,-0.021878151979092722,-0.022530222311615944,-0.02232811076566577,-0.022133597545325755,-0.022009954787790775,-0.021886546164751053,-0.02175188111141324,-0.02161527331918478,-0.02136091537773609,0.0002021824981405533,0.49146948631035775,0.49146948631035775,0.0043512175070906135,-9.168191468233999e-07,-0.0043512175070906135,-0.00819154642522335,-0.006377891325391829,-0.005517686158418656,-0.005098289810121059,-0.004498320631682873,-0.003785201406572014,-0.002974076452665031,-0.001093405816936863,0.0010625000285835007,,,,,,,,,,,,,2.6096132059748264e-06,0,,,,,,,,,,,,,,,,,,,,,,,,,,,,,,,,,,,,,,,filter,,,,,,,42,,,,,,,,,,,,,,,,,,,,,,,,,U
,,,,,,,,,,,,0.002625714985135856,-0.0,-0.002625714985135856,-0.029441481456160545,-0.016150224953889847,-0.007630799897015095,-0.0031275623477995396,-0.0011566664325073361,-0.00037312498898245394,-0.0001260817953152582,-5.283911832520971e-06,0.0036404338784243786,0.0,0,,Movies,,,,,,,,,,,,,,,,,,,,,,,,,,0.07910968890587788,-0.001385509967803955,-0.07910968890587788,-0.13305781781673431,-0.09898179769515991,-0.09022565186023712,-0.0877271443605423,-0.08619353175163269,-0.08129830658435822,-0.05046369507908821,-0.013932567089796066,0.018511108921730784,,,,,,,,,,,,,,,nan,0.07336265185599909,0.0943366140127182,0.07336265185599909,0.0013835930731147528,0.023362228628247977,0.06074181497097016,0.07295828126370907,0.07790376991033554,0.07928233966231346,0.07985144406557083,0.08206037692725658,0.011370875897187415,0.0730267556261618,-0.00138360564596951,-0.0730267556261618,-0.11743252724409103,-0.09006684273481369,-0.08275872468948364,-0.08065179735422134,-0.07935376465320587,-0.07518581300973892,-0.048039425164461136,-0.013741116970777512,0.016523842838007317,text,,160802,177474.0,0.0,0.0,0.001978160741857037,0.023572314176758962,0.004459978631760568,,,,,,,,,,,,,,,,,,,,,,,,,,,0.07302675126148132,-0.0013835930731147528,-0.07302675126148132,-0.11743250489234924,-0.0900668203830719,-0.08275869488716125,-0.08065178990364075,-0.07935374975204468,-0.07518582046031952,-0.04803944751620293,-0.013741117902100086,0.016523842498566678,,,0.9297044426186094,1,0.01683227284673529,0.9986173510551453,0.9297044426186094,0.8892005085945129,0.913870096206665,0.9205732345581055,0.9225148558616638,0.9237130880355835,0.9275711178779602,0.9530962109565735,0.9863528609275818,0.015649038844995217,0.15028740386762224,1.6851348876953125,1.658752909602325e-10,-1.3980733156204224,-0.8839682936668396,-0.308030366897583,-0.005358755588531494,0.028092682361602783,0.09958440065383911,0.2026299238204956,0.594109833240509,0.2569103970196423,0.0015176201283362658,0.014117911458015442,-1.8418659659180995e-12,-0.017016693949699402,-0.00599939189851284,-0.002046181121841073,-0.0010056151077151299,-0.0002836832427419722,5.4113352234708145e-05,0.003110527293756604,0.00892641767859459,0.002594311829270103,relation,0.0,0.0,-0.04280252009630203,-0.01747129112482071,-0.010098119266331196,-0.044069286435842514,43,0.8450535309292495,1.0000001192092896,0.7642840755697552,-0.9578441977500916,-0.7943703532218933,0.11937568336725235,0.8223879337310791,0.9532897472381592,0.9813365936279297,0.9905087351799011,0.996914267539978,0.4283519316486816,0.03724090611083537,0.04221151024103165,-0.033681453847223715,-0.04406929016113281,-0.04393330216407776,-0.04365101456642151,-0.0432468019425869,-0.042010799050331116,-0.0362420491874218,-0.005260801408439875,0.03500733524560928,0.01887716397319076,U
,,,,,,,,,,,,0.011727256324827556,-0.0,-0.011727256324827556,-0.062062207609415054,-0.03975319117307663,-0.024190299212932587,-0.01652945764362812,-0.009879164397716522,-0.004737673792988062,-0.0017983323195949197,-7.771464879624546e-05,0.00903511352910104,0.0,0,,Movies,,,,,,,,,,,,,,,,,,,,,,,,,,0.034236075271457826,0.05676545947790146,0.003861885626530013,-0.1770602911710739,-0.11891960352659225,-0.060631077736616135,-0.01768115721642971,0.0192875973880291,0.034781891852617264,0.04243588447570801,0.048504769802093506,0.04129556914182414,,,,,,,,,,,,,,,nan,0.03103049489946669,0.09235072880983353,0.03103049489946669,3.867036502924748e-05,0.002802873502951115,0.016111093759536746,0.023373551201075315,0.03084047231823206,0.038083464838564396,0.04520825780928135,0.06629781037569064,0.012261824272208054,0.03262338907558372,0.053716182708740234,0.004214813119875046,-0.15042582154273987,-0.10628072917461395,-0.057165130972862244,-0.01737395115196705,0.01892264373600483,0.03361280634999275,0.04070842266082764,0.046260934323072433,0.0386737888407459,visual,,160802,177474.0,0.0,0.0,0.0018065330637056455,0.021527150977829878,0.002787397345638097,,,,,,,,,,,,,,,,,,,,,,,,,,,0.03262338734250792,0.05371623486280441,0.004214812584791499,-0.15042585134506226,-0.10628073662519455,-0.05716509744524956,-0.017373966053128242,0.018922625109553337,0.033612772822380066,0.04070838913321495,0.04626089334487915,0.03867378725505303,,,1.0049637478375986,1,0.03781634760503651,1.055185079574585,1.0049637478375986,0.8603415489196777,0.8991721868515015,0.944438099861145,0.9827761054039001,1.0191028118133545,1.0341840982437134,1.0415483713150024,1.0473476648330688,0.0380040584187247,0.2676562486250528,1.2519381046295166,-2.491720240115615e-10,-1.4164726734161377,-0.8959131836891174,-0.47695615887641907,-0.2056489884853363,0.04968136548995972,0.2367839217185974,0.38336753845214844,0.6649385094642639,0.3378807236493593,0.014166070389336873,0.06626052409410477,-1.2606095170479669e-11,-0.07496874034404755,-0.04741742089390755,-0.025243552401661873,-0.01088425237685442,0.002629453781992197,0.012532110325992107,0.020290248095989227,0.03519277274608612,0.017882796082377934,relation,0.0,0.0,0.0002726443635765463,-0.04381461814045906,0.052926357835531235,0.04687245935201645,43,0.47497778113373723,1.000000238418579,0.3267696666975227,-0.951411783695221,-0.7387079000473022,-0.3292432427406311,0.025840304791927338,0.4101380705833435,0.6896268129348755,0.836996853351593,0.9478558301925659,0.43736680972463604,0.02226337673729609,0.046872470527887344,0.01531649791887632,-0.044595010578632355,-0.03462505713105202,-0.015432440675795078,0.0012111986288800836,0.019224179908633232,0.03232450410723686,0.039232101291418076,0.04442833364009857,0.020500458006738647,U
,,,,,,,,,,,,,,,,,,,,,,,,,,,Movies,0.05250306611263056,0.05430331826210022,0.05250306611263056,0.04274149239063263,0.050119093619287014,0.051366542279720304,0.051949527114629745,0.052562326192855835,0.053163107484579086,0.05358472689986229,0.05409434881061315,0.0008851458166215035,0.03902784362435341,,,,,,,,,,,,,,,,,,,,,,,,,0.37222079016025145,0.3771771788597107,0.37222079016025145,0.35476261377334595,0.3600333842635155,0.36884216368198397,0.37179146707057953,0.3731883764266968,0.3738994523882866,0.3743773907423019,0.3751465985178947,0.002915165474947841,0.1710495799779892,0,,,,,,,,,,,,,,,,,,,,,,,,,,text,0.0,,,,,,,,0.09247890332733387,0.09492158144712448,0.09247890332733387,0.08952759951353073,0.09054222516715527,0.09140513688325883,0.09198405407369137,0.09255021438002586,0.09305397048592567,0.09340955018997192,0.09393405862152576,0.0007706901020373096,0.8879155386732871,0.8879155386732871,0.01716140075780506,0.02206774614751339,0.01716140075780506,0.00032365781953558326,0.0054650229215621945,0.014209064282476902,0.017066808883100748,0.018223684281110764,0.018546168226748705,0.018679295480251313,0.01919602055102587,0.0026599387261786287,,,,,,,,,,,,,8.498189746327871e-06,0,,,,,,,,,,,,,,,,,,,,,,,,,,,,,,,,,,,,,,,filter,,,,,,,43,,,,,,,,,,,,,,,,,,,,,,,,,U
,,,,,,,,,,,,,,,,,,,,,,,,,,,Movies,0.055375789339750674,-0.04145929962396622,-0.055375789339750674,-0.05674184113740921,-0.05673556052148342,-0.05655722357332706,-0.056302172131836414,-0.055809251964092255,-0.05487441178411245,-0.05362340435385704,-0.050506361350417125,0.001342080982081373,-0.04071187600493431,,,,,,,,,,,,,,,,,,,,,,,,,0.010248015506754365,0.00639735721051693,-0.010244409755272318,-0.01250879094004631,-0.01216869338415563,-0.011817103996872903,-0.011462172958999872,-0.010760516859591007,-0.009544773260131478,-0.007942308019846678,-0.00413656512275338,0.0017270090349891262,0.12137380242347717,1,,,,,,,,,,,,,,,,,,,,,,,,,,text,0.9992202520370483,,,,,,,,0.030649225123520696,-0.029626041650772095,-0.030649225123520696,-0.0314919576048851,-0.031151592452079057,-0.03096765149384737,-0.03084468189626932,-0.03067308757454157,-0.03048132872208953,-0.030282027646899225,-0.029983139764517545,0.000264252179598837,0.2748038896337075,0.2748038896337075,0.004881317987171565,-9.205989044858143e-05,-0.004881317987171565,-0.0062768589705228806,-0.005460037081502378,-0.005313061363995075,-0.005275195348076522,-0.005183469736948609,-0.004854412749409676,-0.004041567724198103,-0.0015544485417194635,0.0007565819902321616,,,,,,,,,,,,,2.9825602069340727e-06,0,,,,,,,,,,,,,,,,,,,,,,,,,,,,,,,,,,,,,,,filter,,,,,,,43,,,,,,,,,,,,,,,,,,,,,,,,,U
,,,,,,,,,,,,,,,,,,,,,,,,,,,Movies,0.04585440379778377,-0.03359445929527283,-0.04585440379778377,-0.04754912108182907,-0.04752110369503498,-0.04726023189723492,-0.04697853699326515,-0.04639025963842869,-0.0451943501830101,-0.043723879382014275,-0.0401273837313056,0.001596362207132846,-0.04266078770160675,,,,,,,,,,,,,,,,,,,,,,,,,0.5814829721918148,0.5963446497917175,0.5814829721918148,0.5789940357208252,0.5793407714366913,0.5797507286071777,0.5801447033882141,0.580944836139679,0.582289457321167,0.5839117527008056,0.5881100940704346,0.0018709948935469022,0.7039980292320251,2,,,,,,,,,,,,,,,,,,,,,,,,,,text,0.0,,,,,,,,0.03025247104467749,-0.029163679108023643,-0.03025247104467749,-0.03116343356668949,-0.030790737848728895,-0.03059771042317152,-0.030465494375675917,-0.030278482474386692,-0.030068943742662668,-0.029855562560260295,-0.02953677739948034,0.00028481949268519766,0.16181690154313885,0.16181690154313885,0.0037474092843342334,-7.067478145472705e-05,-0.0037474092843342334,-0.004818771965801716,-0.004191694539040327,-0.00407886067405343,-0.00404979067388922,-0.003979372326284647,-0.003726753930095583,-0.003102729399688542,-0.001193357022712005,0.0005808313208788194,,,,,,,,,,,,,3.5006218916785842e-06,0,,,,,,,,,,,,,,,,,,,,,,,,,,,,,,,,,,,,,,,filter,,,,,,,43,,,,,,,,,,,,,,,,,,,,,,,,,U
,,,,,,,,,,,,,,,,,,,,,,,,,,,Movies,0.048655129531612926,-0.03750358149409294,-0.048655129531612926,-0.05139429122209549,-0.051304686591029165,-0.050725216418504714,-0.05020495690405369,-0.04927554912865162,-0.047598385252058506,-0.04559762440621853,-0.0420159050822258,0.002104301788172096,-0.04368576407432556,,,,,,,,,,,,,,,,,,,,,,,,,0.16674689897166248,-0.14906875789165497,-0.16674689897166248,-0.17040623724460602,-0.1700090754032135,-0.16932265609502792,-0.1687164381146431,-0.16750038415193558,-0.16545360162854195,-0.1631656065583229,-0.15765592440962792,0.00266178745582974,-0.034296128898859024,3,,,,,,,,,,,,,,,,,,,,,,,,,,text,1.0,,,,,,,,0.03157720724572097,-0.030737878754734993,-0.03157720724572097,-0.03226620703935623,-0.03199334368109703,-0.031846702098846436,-0.03174425568431616,-0.0315998699516058,-0.03143353294581175,-0.03126740641891956,-0.031016332004219292,0.0002224347511415544,0.3040998670284979,0.3040998670284979,0.008532672885333178,-0.00016092312580440193,-0.008532672885333178,-0.010972115211188793,-0.00954428879544139,-0.009287371765822172,-0.009221181273460388,-0.009060841985046864,-0.00848564156331122,-0.007064767135307193,-0.0027172171580605157,0.0013225253198640625,,,,,,,,,,,,,7.085112460012559e-06,0,,,,,,,,,,,,,,,,,,,,,,,,,,,,,,,,,,,,,,,filter,,,,,,,43,,,,,,,,,,,,,,,,,,,,,,,,,U
,,,,,,,,,,,,,,,,,,,,,,,,,,,Movies,0.006616054886010483,0.016556845977902412,0.005626089712408806,-0.013172538951039314,-0.008224209025502204,-0.0014113537268713116,0.0029824153752997518,0.006416978780180216,0.009116219123825431,0.0111647330224514,0.014074839800596243,0.004915473236451274,0.0016200183890759945,,,,,,,,,,,,,,,,,,,,,,,,,0.25272414730164633,0.2702028453350067,0.25272414730164633,0.23201000690460205,0.23919970989227296,0.24581658244132995,0.24976154044270515,0.2532781809568405,0.256185881793499,0.2586740791797638,0.26310828715562823,0.005055455148711884,0.1710495799779892,0,,,,,,,,,,,,,,,,,,,,,,,,,,visual,0.0,,,,,,,,0.06774395556616349,0.07044992595911026,0.06774395556616349,0.06475174427032471,0.06577139794826507,0.06656643897294998,0.06712040677666664,0.0677487924695015,0.06833156570792198,0.06891664266586303,0.06981071308255196,0.0008957925017931576,0.2883200212668042,0.2883200212668042,0.006684497465376092,0.019893920049071312,0.006684497465376092,8.330255695909727e-06,0.0006037867395207285,0.0034706043545156724,0.005035061156377196,0.006643563508987427,0.008203827310353518,0.009738629963248969,0.014281678469851653,0.0026414059279904006,,,,,,,,,,,,,2.5557626760637503e-05,0,,,,,,,,,,,,,,,,,,,,,,,,,,,,,,,,,,,,,,,filter,,,,,,,43,,,,,,,,,,,,,,,,,,,,,,,,,U
,,,,,,,,,,,,,,,,,,,,,,,,,,,Movies,0.003974800900270946,0.019373638555407524,0.0006141122907310146,-0.014977704733610153,-0.009889161316677927,-0.005586220510303974,-0.0029202652513049543,0.0004944790853187442,0.003940567607060075,0.00708686476573348,0.012084527481347326,0.004896558198011788,0.013176200911402702,,,,,,,,,,,,,,,,,,,,,,,,,0.11138476535138064,0.12953859567642212,0.11138476535138064,0.09653044492006302,0.10103863596916199,0.10525443255901337,0.1078929454088211,0.11124923080205917,0.11472826637327671,0.11774439811706543,0.12259558483958248,0.004829423676805231,0.12137380242347717,1,,,,,,,,,,,,,,,,,,,,,,,,,,visual,0.0,,,,,,,,0.02234762594125711,-0.021273378282785416,-0.02234762594125711,-0.02332516945898533,-0.023093906659632922,-0.02277015745639801,-0.022559283766895533,-0.022348877973854542,-0.022122657857835293,-0.021923750080168246,-0.021638096328824758,0.0003227114680243562,0.008047308232480647,0.008047308232480647,0.0014317262023330502,-1.7842246506916126e-06,-0.0014317262023330502,-0.004261000547558069,-0.0030589366052299737,-0.0020858786767348645,-0.0017571455100551248,-0.0014229586813598871,-0.001078439992852509,-0.0007433550723362718,-0.00012932270881719875,0.0005657523398692473,,,,,,,,,,,,,2.3323333050086957e-05,0,,,,,,,,,,,,,,,,,,,,,,,,,,,,,,,,,,,,,,,filter,,,,,,,43,,,,,,,,,,,,,,,,,,,,,,,,,U
,,,,,,,,,,,,,,,,,,,,,,,,,,,Movies,0.0031565560763010233,-0.0015240130014717579,-0.0031565560763010233,-0.004719762597233057,-0.004258599528111517,-0.0037967039039358496,-0.0034927913802675903,-0.0031459148740395904,-0.002804326359182596,-0.0025373115204274654,-0.0021383217186667024,0.00048112355410915767,0.004933557007461786,,,,,,,,,,,,,,,,,,,,,,,,,0.6808247125695054,0.6843771934509277,0.6808247125695054,0.6759851574897766,0.6780448192358017,0.6795252978801727,0.6801405996084213,0.6808005273342133,0.6815121322870255,0.6822088181972503,0.6834559816122056,0.001081756036575626,0.7039980292320251,2,,,,,,,,,,,,,,,,,,,,,,,,,,visual,0.0,,,,,,,,0.02253428959940612,-0.021521205082535744,-0.02253428959940612,-0.023451702669262886,-0.0232349013723433,-0.02293166872113943,-0.022733308374881744,-0.022535846568644047,-0.022323039826005697,-0.02213536612689495,-0.02186651803553104,0.0003035001604617873,0.7837373919888757,0.7837373919888757,0.0024160071859944325,-3.0108408282103483e-06,-0.0024160071859944325,-0.007190346717834473,-0.0051618896983563894,-0.0035198755795136094,-0.0029651453369297087,-0.002401212230324745,-0.0018198441830463707,-0.0012543956749141221,-0.0002182292832003439,0.0009546949105974383,,,,,,,,,,,,,1.1701961226678069e-06,0,,,,,,,,,,,,,,,,,,,,,,,,,,,,,,,,,,,,,,,filter,,,,,,,43,,,,,,,,,,,,,,,,,,,,,,,,,U
,,,,,,,,,,,,,,,,,,,,,,,,,,,Movies,0.029495408027406047,-0.017134135589003563,-0.029495408027406047,-0.03333078697323799,-0.03323026806116104,-0.03246744759380817,-0.031713563948869705,-0.030228720977902412,-0.02780550578609109,-0.025278958305716515,-0.021988401990383856,0.0027912262154935084,-0.014260700903832912,,,,,,,,,,,,,,,,,,,,,,,,,0.10375104325103096,-0.09015271067619324,-0.10375104325103096,-0.11107495427131653,-0.10868696622550487,-0.10702476352453232,-0.10602988302707672,-0.10441388189792633,-0.10197293758392334,-0.09929409176111222,-0.09539134405553341,0.0030243863927010297,-0.034296128898859024,3,,,,,,,,,,,,,,,,,,,,,,,,,,visual,1.0,,,,,,,,0.022862040038460117,-0.0219571590423584,-0.022862040038460117,-0.0236730445176363,-0.023482255972921848,-0.023214807361364366,-0.023039289750158787,-0.022863924503326416,-0.02267473330721259,-0.02250732071697712,-0.022266783881932494,0.00026958213502614384,0.14749408398831168,0.14749408398831168,0.0028367644232939436,-3.5351906717551174e-06,-0.0028367644232939436,-0.008442574180662632,-0.006060853195376694,-0.004132875707000494,-0.003481537103652954,-0.002819392830133438,-0.002136777271516621,-0.0014728537411428995,-0.0002562347869388757,0.0011209588169429643,,,,,,,,,,,,,9.146913052355146e-06,0,,,,,,,,,,,,,,,,,,,,,,,,,,,,,,,,,,,,,,,filter,,,,,,,43,,,,,,,,,,,,,,,,,,,,,,,,,U
,,,,,,,,,,,,0.0001344625393709764,-0.0,-0.0001344625393709764,-0.002222352894023061,-0.0007024371298030019,-0.0002986663021147251,-0.0001745830668369308,-9.185286762658507e-05,-4.175807043793611e-05,-1.5775854990351945e-05,-6.458336088144279e-07,0.00014371019649661663,0.0,0,,Movies,,,,,,,,,,,,,,,,,,,,,,,,,,0.08878001152232527,-0.08558083325624466,-0.08878001152232527,-0.08925674855709076,-0.0890560895204544,-0.08898736536502838,-0.0889255553483963,-0.08881959319114685,-0.08867421746253967,-0.08852048218250275,-0.08818334341049194,0.00019412986595893956,,,,,,,,,,,,,,,nan,0.08152467942923565,0.08182903379201889,0.08152467942923565,0.07883413881063461,0.08093784004449844,0.08132238164544106,0.08145871199667454,0.08155958354473114,0.08163829706609249,0.08168597668409347,0.08175404869019985,0.00016840470140729358,0.08154079130718693,-0.07883413136005402,-0.08154079130718693,-0.08194278180599213,-0.08177362382411957,-0.08171573281288147,-0.0816636011004448,-0.0815742239356041,-0.08145155012607574,-0.0813218429684639,-0.08103721588850021,0.00016379907898543907,text,,160802,177474.0,0.0,0.0,0.0019271826178205906,0.022964844656966146,0.0047576441105125445,,,,,,,,,,,,,,,,,,,,,,,,,,,0.08154078764931243,-0.07883413881063461,-0.08154078764931243,-0.08194279670715332,-0.08177364617586136,-0.08171570301055908,-0.0816635712981224,-0.0815742015838623,-0.08145156502723694,-0.0813218280673027,-0.08103720843791962,0.00016379906320354763,,,0.9216951239671125,1,0.00016381628108911786,0.9241932034492493,0.9216951239671125,0.9213246703147888,0.9214805364608765,0.9215338826179504,0.9215819239616394,0.921664297580719,0.9217773675918579,0.9218969345092773,0.9221593737602234,0.00015098866750642965,0.0036608570621457885,0.03745299577713013,-4.440639074197956e-10,-0.060505449771881104,-0.01851511001586914,-0.006279289722442627,-0.0018655657768249512,0.0007880926132202148,0.002837955951690674,0.005085349082946777,0.011556267738342285,0.0053582242129156105,0.00011277164865301717,0.0011537288082763553,-1.3679244409839993e-11,-0.0018638529581949115,-0.0005703526549041271,-0.00019343171152286232,-5.746821625507437e-05,2.427696563245263e-05,8.742241334402934e-05,0.0001566527207614854,0.00035598748945631087,0.00016505855543278195,relation,0.0,0.0,-0.04451676085591316,-0.03672979772090912,0.03080471232533455,-0.04453706368803978,44,0.9908329033424313,1.0000001192092896,0.9908329033424313,0.900734007358551,0.9601601958274841,0.9797857999801636,0.9878861308097839,0.9935317635536194,0.9966435432434082,0.9980452656745911,0.9994073510169983,0.008425593347067302,0.04412878812270515,-0.040116049349308014,-0.04412878812270515,-0.04453706741333008,-0.04451067000627518,-0.04445000737905502,-0.0443875752389431,-0.04424898698925972,-0.04399754852056503,-0.043636783957481384,-0.04276271536946297,0.0003752511812928886,U
,,,,,,,,,,,,0.004617505012306936,0.03163261339068413,0.004617505012306936,0.0,2.5565546820871532e-05,0.0005744724185205996,0.0015318343648687005,0.00345024187117815,0.006471558939665556,0.01031590811908245,0.018543558195233345,0.004133618197428653,0.0,0,,Movies,,,,,,,,,,,,,,,,,,,,,,,,,,0.02016342114285508,0.10748936235904694,-0.00794355405382825,-0.04191746190190315,-0.03160880506038666,-0.027841314673423767,-0.023874551057815552,-0.01567677967250347,0.0009204852394759655,0.025140991434454918,0.06449668109416962,0.022160550151102534,,,,,,,,,,,,,,,nan,0.019218216930891246,0.058570656925439835,0.019218216930891246,3.1595285690855235e-05,0.0023041231045499446,0.010819301940500736,0.014820220181718469,0.019060038961470127,0.02347547747194767,0.02718680519610643,0.03972475077956916,0.007050850272079292,0.019627802657409106,0.09705682843923569,-0.007863593650782858,-0.04023104906082153,-0.03064028173685074,-0.027087191119790077,-0.023317864164710045,-0.015434813685715199,0.0009196343016810715,0.024524403735995293,0.06058894097805023,0.021353720979277332,visual,,160802,177474.0,0.0,0.0,0.001003055841274891,0.01195269268419937,0.0016440956669596803,,,,,,,,,,,,,,,,,,,,,,,,,,,0.019627801990513574,0.0970567911863327,-0.007863593536612314,-0.04023107886314392,-0.03064030036330223,-0.027087172493338585,-0.02331784926354885,-0.01543481182307005,0.00091963866725564,0.024524422362446785,0.06058889999985695,0.021353719780991855,,,0.9923958274795085,1,0.02168945635990469,1.1019229888916016,0.9923958274795085,0.9605674743652344,0.9698243737220764,0.9732763767242432,0.9769518971443176,0.9846836924552917,1.000920057296753,1.0248275995254517,1.0624620914459229,0.02152452599188999,0.18746963282933563,1.258784294128418,7.532672649091088e-10,-1.2842767238616943,-0.7206292152404785,-0.33570343255996704,-0.12460897862911224,0.028592824935913086,0.14961963891983032,0.278131902217865,0.5771571397781372,0.25161426466018555,0.006452229588531423,0.044201549142599106,-2.6186062926816676e-11,-0.04332416504621506,-0.019864285364747047,-0.009572595357894897,-0.0051495288498699665,-0.0009840925922617316,0.004288725089281797,0.011554061435163021,0.024802230298519135,0.008659925229730003,relation,0.0,0.0,0.0029754179995507,0.024630682542920113,-0.03441746532917023,-0.03385390341281891,44,0.5295502295929221,1.0000001192092896,0.45892719151516637,-0.9197973012924194,-0.6065205335617065,-0.09357412904500961,0.2501879334449768,0.550707221031189,0.7483975291252136,0.8585551977157593,0.9501581788063049,0.372075264797334,0.017927342324462785,0.03113872930407524,-0.015536476814866857,-0.03385390713810921,-0.03216656297445297,-0.029065445065498352,-0.02533617801964283,-0.018643589690327644,-0.008469837717711926,0.003167849499732256,0.020533086732029915,0.012596200075962554,U
,,,,,,,,,,,,,,,,,,,,,,,,,,,Movies,0.05516343677305614,0.05590122565627098,0.05516343677305614,0.052796896547079086,0.05414730533957481,0.05475630685687065,0.055004728958010674,0.05520430579781532,0.05538501404225826,0.055528562143445016,0.05570243932306766,0.0003228302628080255,0.04359247535467148,,,,,,,,,,,,,,,,,,,,,,,,,0.3709961165193175,0.3731427490711212,0.3709961165193175,0.368178129196167,0.3690766766667366,0.3698271930217743,0.37035267800092697,0.37108461558818817,0.37165792286396027,0.3720333158969879,0.3725688943266869,0.0008426882897099063,0.16014018654823303,0,,,,,,,,,,,,,,,,,,,,,,,,,,text,0.0,,,,,,,,0.0929887379124589,0.09496940672397614,0.0929887379124589,0.09030453860759735,0.09108953662216664,0.09186524823307991,0.09243946708738804,0.09307902678847313,0.09360252134501934,0.09396032243967056,0.09442880004644394,0.0007908386843534477,0.009203539703238596,0.009203539703238596,0.019111272689686185,0.01918262057006359,0.019111272689686185,0.01848054863512516,0.018973704427480698,0.019063849560916425,0.01909580733627081,0.01911945454776287,0.019137907307595015,0.019149084202945234,0.019165041632950307,3.9477958390112546e-05,,,,,,,,,,,,,7.101235536142071e-07,0,,,,,,,,,,,,,,,,,,,,,,,,,,,,,,,,,,,,,,,filter,,,,,,,44,,,,,,,,,,,,,,,,,,,,,,,,,U
,,,,,,,,,,,,,,,,,,,,,,,,,,,Movies,0.04878295765923347,-0.042166031897068024,-0.04878295765923347,-0.04962453246116638,-0.04962219201028347,-0.04952574670314789,-0.04936955589801073,-0.0490650050342083,-0.04845251701772213,-0.04764039218425751,-0.04586093135178088,0.000830157462051915,-0.03396863117814064,,,,,,,,,,,,,,,,,,,,,,,,,0.01845659445709819,0.025017181411385536,0.01845659445709819,0.017022360116243362,0.017281605303287505,0.017585870809853077,0.017846442759037018,0.01825092826038599,0.01882886979728937,0.019642688892781736,0.02137119434773923,0.0008674889783404698,0.1371864229440689,1,,,,,,,,,,,,,,,,,,,,,,,,,,text,0.0,,,,,,,,0.030691588264639757,-0.02973008342087269,-0.030691588264639757,-0.03144175931811333,-0.03119619984179735,-0.031030602380633356,-0.030904671177268028,-0.03072324488312006,-0.030499800574034452,-0.030302765406668188,-0.03002745855599642,0.0002754432465411883,0.0029221507520332886,0.0029221507520332886,0.00528665510103001,-0.005112180951982737,-0.00528665510103001,-0.0053063915111124516,-0.005301529057323933,-0.005297114700078964,-0.005294022965244949,-0.005288918502628803,-0.005282377009280026,-0.005273536499589682,-0.005248600151389837,1.0920588614521938e-05,,,,,,,,,,,,,7.52537127542192e-07,0,,,,,,,,,,,,,,,,,,,,,,,,,,,,,,,,,,,,,,,filter,,,,,,,44,,,,,,,,,,,,,,,,,,,,,,,,,U
,,,,,,,,,,,,,,,,,,,,,,,,,,,Movies,0.03733934905588262,-0.02948073297739029,-0.03733934905588262,-0.03892703354358673,-0.038891415558755395,-0.03858732208609581,-0.038275896571576595,-0.03776392713189125,-0.03668069280683994,-0.0354352243244648,-0.033307221010327334,0.0012917880717837824,-0.03361539542675018,,,,,,,,,,,,,,,,,,,,,,,,,0.6067467702949516,0.6141769289970398,0.6067467702949516,0.6045904755592346,0.6049165552854538,0.6053814589977264,0.6057751476764679,0.6063928008079529,0.6074479520320892,0.6086789131164551,0.6108478474617004,0.0013300885512840305,0.7124507427215576,2,,,,,,,,,,,,,,,,,,,,,,,,,,text,0.0,,,,,,,,0.03035508422058115,-0.02937540039420128,-0.03035508422058115,-0.031073426827788353,-0.03088959651067853,-0.030713488347828388,-0.030581839382648468,-0.03038799948990345,-0.030151120852679014,-0.02994070462882519,-0.029656133633106947,0.0002922535755525915,0.0014650776104773982,0.0014650776104773982,0.004394128772346553,-0.004249110352247953,-0.004394128772346553,-0.004410533234477043,-0.004406491667032242,-0.004402822488918901,-0.004400252713821828,-0.004396010190248489,-0.0043905728962272406,-0.004383224714547396,-0.004362498410046101,9.076908874884612e-06,,,,,,,,,,,,,1.7691355542568508e-06,0,,,,,,,,,,,,,,,,,,,,,,,,,,,,,,,,,,,,,,,filter,,,,,,,44,,,,,,,,,,,,,,,,,,,,,,,,,U
,,,,,,,,,,,,,,,,,,,,,,,,,,,Movies,0.03812260950047205,-0.03122464008629322,-0.03812260950047205,-0.039790842682123184,-0.039733783900737764,-0.039396607875823976,-0.039061414077878,-0.03853396326303482,-0.03748712781816721,-0.036171679943799974,-0.03395313762128351,0.0013104211996742348,-0.03473379835486412,,,,,,,,,,,,,,,,,,,,,,,,,0.13992808471950424,-0.1333550363779068,-0.13992808471950424,-0.14202558994293213,-0.1417339551448822,-0.1412828668951988,-0.1409001536667347,-0.1403006911277771,-0.1392531804740429,-0.13794269561767578,-0.1357458885014057,0.001344432322942196,-0.02569912001490593,3,,,,,,,,,,,,,,,,,,,,,,,,,,text,1.0,,,,,,,,0.031942065339535475,-0.031199069693684578,-0.031942065339535475,-0.032481126487255096,-0.032344532161951066,-0.032215652987360954,-0.03211610484868288,-0.031968552619218826,-0.03178648930042982,-0.03162213973701,-0.03140478566288948,0.00022371808652974252,0.003067258455491676,0.003067258455491676,0.009430491491851009,-0.00911925919353962,-0.009430491491851009,-0.009465698152780533,-0.009457023898139596,-0.009449149761348963,-0.009443634189665318,-0.009434528648853302,-0.009422860341146588,-0.009407090302556754,-0.009362608194351196,1.948047136570662e-05,,,,,,,,,,,,,1.8074982709717492e-06,0,,,,,,,,,,,,,,,,,,,,,,,,,,,,,,,,,,,,,,,filter,,,,,,,44,,,,,,,,,,,,,,,,,,,,,,,,,U
,,,,,,,,,,,,,,,,,,,,,,,,,,,Movies,0.0035371300209160244,0.012807946652173996,-6.274156944523566e-05,-0.01268026977777481,-0.009785353718325496,-0.005962656671181321,-0.0031197642674669623,0.00010893295984715223,0.0030505481990985572,0.005499452631920576,0.00937194036319855,0.004349966815717313,-0.01009610015898943,,,,,,,,,,,,,,,,,,,,,,,,,0.21343732624620398,0.22607766091823578,0.21343732624620398,0.20100870728492737,0.203951805382967,0.20760708749294282,0.2103579342365265,0.21359353512525558,0.21652450039982796,0.2190030410885811,0.22279702261090278,0.004304640064891315,0.16014018654823303,0,,,,,,,,,,,,,,,,,,,,,,,,,,visual,0.0,,,,,,,,0.06269874005295129,0.06300987303256989,0.06269874005295129,0.06245924159884453,0.0625250269472599,0.06259802505373954,0.06264302507042885,0.0626949667930603,0.06275077164173126,0.0628026157617569,0.06290688164532185,8.078379203325203e-05,0.002087946794429771,0.002087946794429771,0.0007572442990807281,0.0023078257218003273,0.0007572442990807281,1.2449307860151748e-06,9.078803283046e-05,0.00042630670359358194,0.0005839525838382542,0.0007510116847697645,0.0009249906725017354,0.0010712259681895373,0.0015652513410896068,0.0002778205796370462,,,,,,,,,,,,,1.8529926088267506e-05,0,,,,,,,,,,,,,,,,,,,,,,,,,,,,,,,,,,,,,,,filter,,,,,,,44,,,,,,,,,,,,,,,,,,,,,,,,,U
,,,,,,,,,,,,,,,,,,,,,,,,,,,Movies,0.030011244269486537,0.038726821541786194,0.030011244269486537,0.011386774480342865,0.01831542333588004,0.023943728767335415,0.027183066587895155,0.030444432981312275,0.03326096571981907,0.03549554757773876,0.03817006677389145,0.004457442234943169,0.022207416594028473,,,,,,,,,,,,,,,,,,,,,,,,,0.17037042937261157,0.1804145872592926,0.17037042937261157,0.15178094804286957,0.15850690081715585,0.1643174797296524,0.16752904653549194,0.1707998812198639,0.17360073700547218,0.1759018197655678,0.17859642580151558,0.0044723096285957395,0.1371864229440689,1,,,,,,,,,,,,,,,,,,,,,,,,,,visual,0.0,,,,,,,,0.020720857626695056,-0.020632756873965263,-0.020720857626695056,-0.020831922069191933,-0.020794390048831702,-0.020758024975657464,-0.02073955535888672,-0.020719594322144985,-0.020700961351394653,-0.020684832893311977,-0.020658834148198368,2.8820004420139634e-05,0.013253122928970558,0.013253122928970558,0.0016861957048378453,0.005138956941664219,0.0016861957048378453,2.7721528113033855e-06,0.0002021624814369716,0.0009492795565165579,0.0013003178464714438,0.001672317215707153,0.002059725404251367,0.0023853552527725694,0.0034854275686666382,0.000618637695015241,,,,,,,,,,,,,2.0001553414030165e-05,0,,,,,,,,,,,,,,,,,,,,,,,,,,,,,,,,,,,,,,,filter,,,,,,,44,,,,,,,,,,,,,,,,,,,,,,,,,U
,,,,,,,,,,,,,,,,,,,,,,,,,,,Movies,0.0042595649173984,0.0068666208535432816,0.004259131861569469,-0.0007764714537188411,0.0014353869494516402,0.00276867663487792,0.003544301202055067,0.004351994954049587,0.005064691184088588,0.005638355994597077,0.006376541629433634,0.0011104648617690429,0.007748793810606003,,,,,,,,,,,,,,,,,,,,,,,,,0.7042579882190118,0.7072905898094177,0.7042579882190118,0.6992727518081665,0.7013583511114121,0.7027251601219178,0.7035097479820251,0.7043286263942719,0.7050929367542267,0.7057039558887481,0.7064835447072982,0.001150299437731601,0.7124507427215576,2,,,,,,,,,,,,,,,,,,,,,,,,,,visual,0.0,,,,,,,,0.020919261362373244,-0.02083982713520527,-0.020919261362373244,-0.021023057401180267,-0.02098743073642254,-0.020953542739152908,-0.02093650633469224,-0.02091809082776308,-0.020900769624859095,-0.020885846205055715,-0.02086190616711974,2.667960706385479e-05,0.06646506691540231,0.06646506691540231,0.000718592412914532,0.002190027851611376,0.000718592412914532,1.1813859828180284e-06,8.615395527158399e-05,0.00040454679110553117,0.0005541459686355665,0.0007126779237296432,0.0008777765760896727,0.001016547658946365,0.0014853565499652183,0.0002636398331603989,,,,,,,,,,,,,1.3231887964456373e-06,0,,,,,,,,,,,,,,,,,,,,,,,,,,,,,,,,,,,,,,,filter,,,,,,,44,,,,,,,,,,,,,,,,,,,,,,,,,U
,,,,,,,,,,,,,,,,,,,,,,,,,,,Movies,0.00970894033618009,-0.0015619209734722972,-0.00970894033618009,-0.015815988183021545,-0.014785438384860754,-0.013136298209428788,-0.011809970485046506,-0.009781367145478725,-0.007733081700280309,-0.006127057038247586,-0.0038423998001962893,0.0026368471833236873,-0.009359922260046005,,,,,,,,,,,,,,,,,,,,,,,,,0.06898863582189003,-0.05878758803009987,-0.06898863582189003,-0.07736779004335403,-0.07458236172795296,-0.07271522656083107,-0.07118596509099007,-0.06909884884953499,-0.06696129404008389,-0.06511060670018196,-0.06226406168192625,0.0028875126334075374,-0.02569912001490593,3,,,,,,,,,,,,,,,,,,,,,,,,,,visual,1.0,,,,,,,,0.021058621106784605,-0.02098212204873562,-0.021058621106784605,-0.021157169714570045,-0.02112428519874811,-0.02109145075082779,-0.021074997261166573,-0.021057503297924995,-0.02104097930714488,-0.021026890724897385,-0.021004106998443604,2.544284126228803e-05,0.1660101805901728,0.1660101805901728,0.0031620321394115955,-5.198469352762913e-06,-0.0031620321394115955,-0.009636810049414635,-0.00653603496029973,-0.004473128635436296,-0.003862492274492979,-0.0031360065331682563,-0.002438416238874197,-0.0017801328795030713,-0.00037910444982116795,0.001160098008355458,,,,,,,,,,,,,8.337729208088132e-06,0,,,,,,,,,,,,,,,,,,,,,,,,,,,,,,,,,,,,,,,filter,,,,,,,44,,,,,,,,,,,,,,,,,,,,,,,,,U
,,,,,,,,,,,,0.0010415505116110715,0.0062155635096132755,0.0010415505116110715,0.0,1.0989724330556783e-07,0.00013241064152680337,0.00037530611734837294,0.0008342218934558332,0.001495438627898693,0.002239624969661236,0.003700549015775323,0.0008567854244319822,0.0,0,,Toys,,,,,,,,,,,,,,,,,,,,,,,,,,0.029326806046948792,0.08092203736305237,0.02816882438497984,-0.03299253061413765,-0.014539763331413269,0.0031624622642993927,0.016739586368203163,0.031139900907874107,0.04160236194729805,0.047628991305828094,0.05802110210061073,0.017134445592504655,,,,,,,,,,,,,,,1.0,0.02858176611319998,0.055980876088142395,0.02858176611319998,0.0,0.0030056338477879763,0.015807757899165154,0.023004055954515934,0.029706768691539764,0.03541869670152664,0.03961861506104469,0.04534370422363284,0.00930433807198189,0.028282419127828633,0.07486388832330704,0.027138287158977592,-0.03193877264857292,-0.014331383630633354,0.003152522025629878,0.016463972628116608,0.030199522152543068,0.039940714836120605,0.045463647693395615,0.05483931303024292,0.016339958138534474,text,,113402,134097.0,0.0,0.0,0.0019053364726883452,0.013588428438779125,0.002941033330082989,,,,,,,,,,,,,,,,,,,,,,,,,,,0.028282417530620392,0.07486390322446823,0.027138285600286496,-0.031938791275024414,-0.014331389218568802,0.003152492456138134,0.016463985666632652,0.03019949235022068,0.0399407334625721,0.04546360671520233,0.05483926832675934,0.016339956688047802,,,1.0276465966998747,1,0.01625733115987315,1.0777374505996704,1.0276465966998747,0.9685658812522888,0.9857708215713501,1.0031574964523315,1.016600251197815,1.0306601524353027,1.0407490730285645,1.0465129613876343,1.0563708543777466,0.016706791037882727,0.21619885311600137,1.285893201828003,-6.909897425353797e-10,-1.2901896238327026,-0.7290696501731873,-0.38532590866088867,-0.16083526611328125,0.02669082209467888,0.18144553899765015,0.3246667981147766,0.6099115014076233,0.2799487309675339,0.005394642109412018,0.03208589553833008,-1.7274203685743147e-11,-0.03219309821724892,-0.018191909417510033,-0.009614738635718822,-0.004013197496533394,0.0006659953505732119,0.004527469631284475,0.008101158775389194,0.015218648128211498,0.006985343311288312,relation,0.0,0.0,0.015496235340833664,0.004817557986825705,0.024952223524451256,0.02767987921833992,42,0.508014879196359,1.0000001192092896,0.4201983126972494,-0.8937626481056213,-0.5902389287948608,-0.17762760818004608,0.15169526636600494,0.500654935836792,0.7465309500694275,0.8819979429244995,0.9911016225814819,0.40044534142210675,0.014061790498204637,0.02767988294363022,0.011631038543693788,-0.02473924122750759,-0.016337743028998375,-0.004916710779070854,0.004198906477540731,0.01385806780308485,0.02066388726234436,0.024413596838712692,0.027433572337031364,0.01108427868516806,U
,,,,,,,,,,,,0.00235778186544504,0.01871963031589985,0.00235778186544504,0.0,0.0,0.00028177868807688355,0.0007741637527942657,0.0017703003250062466,0.0033235549926757812,0.005225608125329018,0.00960441492497921,0.0021295786517060386,0.0,0,,Toys,,,,,,,,,,,,,,,,,,,,,,,,,,0.025734197488216422,0.08041191101074219,0.025734197488216422,0.0005551651120185852,0.014704875648021698,0.01909208856523037,0.02148575522005558,0.024238701909780502,0.028038233518600464,0.034849707037210464,0.04993885010480881,0.0069025567756878506,,,,,,,,,,,,,,,1.0,0.024607010671068328,0.04540896415710449,0.024607010671068328,0.0,0.01886000968515873,0.021730927750468254,0.02323159109801054,0.02459537237882614,0.025813809596002102,0.02722758799791336,0.03260184101760393,0.0025291994362269454,0.02504488421581498,0.07442710548639297,0.02504488421581498,0.0005548844928853214,0.01449178159236908,0.018734414130449295,0.021033797413110733,0.023665117099881172,0.027273481711745262,0.033676084131002426,0.04756355285644531,0.006491436326802958,visual,,113402,134097.0,0.0,0.0,0.00123131906395519,0.008781488847611216,0.0021079079673946757,,,,,,,,,,,,,,,,,,,,,,,,,,,0.025044883438368366,0.07442708313465118,0.025044883438368366,0.0005548570770770311,0.014491776935756207,0.018734410405158997,0.02103382721543312,0.023665091022849083,0.02727353200316429,0.03367610275745392,0.0475635826587677,0.006491435638768109,,,1.0253828189622827,1,0.006524485761896011,1.077266812324524,1.0253828189622827,1.0005550384521484,1.0145972967147827,1.0189110040664673,1.0212565660476685,1.0239473581314087,1.0276488065719604,1.0342495441436768,1.0487128496170044,0.006690095602818733,0.14933469606847702,1.1233972311019897,-1.7962546826325592e-10,-1.1856441497802734,-0.5936976671218872,-0.2627721130847931,-0.09828692674636841,0.0205114483833313,0.12133502960205078,0.2265755832195282,0.43401214480400085,0.2012305548187247,0.005902135984359361,0.04686006158590317,7.223945268127919e-12,-0.04439988359808922,-0.017153406515717506,-0.008954918012022972,-0.004795508924871683,-0.0008106713648885489,0.0038845816161483526,0.01038550864905119,0.023464636877179146,0.00795320933456501,relation,0.0,0.0,0.019592272117733955,0.015788573771715164,-0.03952287137508392,0.007625938393175602,42,0.5325841141904907,1.000000238418579,0.4962200460608659,-0.8411769866943359,-0.42217135429382324,0.020627053454518318,0.29469823837280273,0.558666467666626,0.7580063343048096,0.868897557258606,0.961946964263916,0.32896040846320423,0.004061453644154767,0.007625940255820751,0.003784143501083175,-0.00641476409509778,-0.0032194526866078377,0.00015730064478702843,0.002247350523248315,0.004260356072336435,0.005780509673058987,0.0066261594183743,0.007335748057812452,0.002508631808839381,U
,,,,,,,,,,,,,,,,,,,,,,,,,,,Toys,0.00352694272633181,0.008725802414119244,-0.00023671964116616937,-0.00847103912383318,-0.007391149438917637,-0.0057425123639404775,-0.0037316882517188787,-0.0003391374193597585,0.003201623563654721,0.005384665913879872,0.007342556966468694,0.004082701154735923,0.004421844147145748,,,,,,,,,,,,,,,,,,,,,,,,,0.20403980774907104,0.21313805878162384,0.20403980774907104,0.1952749341726303,0.1968647214770317,0.19873117208480834,0.20059951394796371,0.20395143330097198,0.20736460387706757,0.20956713557243348,0.2115898123383522,0.004003957280859488,0.1284424066543579,0,,,,,,,,,,,,,,,,,,,,,,,,,,text,0.0,,,,,,,,0.06972360791691146,0.0702565386891365,0.06972360791691146,0.06923171132802963,0.06938942044973373,0.06951126456260681,0.0695960558950901,0.06971205025911331,0.06983816251158714,0.06995824873447418,0.07012633994221687,0.00017001717708881416,0.023069868553077074,0.023069868553077074,0.0016886677013698643,0.003307461505755782,0.0016886677013698643,0.0,0.00017757883673766628,0.0009339538402855397,0.0013591254828497767,0.0017551351338624954,0.002092607202939689,0.0023407467640936376,0.00267899658996612,0.0005497188357373737,,,,,,,,,,,,,1.6031673906947708e-05,0,,,,,,,,,,,,,,,,,,,,,,,,,,,,,,,,,,,,,,,filter,,,,,,,42,,,,,,,,,,,,,,,,,,,,,,,,,U
,,,,,,,,,,,,,,,,,,,,,,,,,,,Toys,0.02109454400788144,-0.0020707512740045786,-0.02109454400788144,-0.02812955528497696,-0.02747250322252512,-0.025300252437591552,-0.023651089519262314,-0.021491816267371178,-0.01903666090220213,-0.016429144144058227,-0.010956807062029839,0.0035634728460739395,-0.013068236410617828,,,,,,,,,,,,,,,,,,,,,,,,,0.06117700507374281,0.0801435336470604,0.06117700507374281,0.05296130105853081,0.05466447822749615,0.05672208741307259,0.0584711879491806,0.06077316403388977,0.06345494464039803,0.06616148352622986,0.07113004013895993,0.003667088877571449,0.12263652682304382,1,,,,,,,,,,,,,,,,,,,,,,,,,,text,0.0,,,,,,,,0.023274351445376137,-0.023112405091524124,-0.023274351445376137,-0.02344958670437336,-0.023406916968524455,-0.023351716995239257,-0.023312201723456383,-0.023270640522241592,-0.023232417181134224,-0.023204423487186432,-0.023164265118539334,5.605761256395081e-05,0.09929559719589778,0.09929559719589778,0.004022389898576469,-0.0,-0.004022389898576469,-0.007878340780735016,-0.006381343435496092,-0.005575635749846697,-0.004984569735825062,-0.00418071448802948,-0.0032374236034229398,-0.002224668860435485,-0.0004229910450521828,0.0013094248738700894,,,,,,,,,,,,,1.3447540836008228e-05,0,,,,,,,,,,,,,,,,,,,,,,,,,,,,,,,,,,,,,,,filter,,,,,,,42,,,,,,,,,,,,,,,,,,,,,,,,,U
,,,,,,,,,,,,,,,,,,,,,,,,,,,Toys,0.0023278626206849717,0.00026617792900651693,-0.0023278080846266145,-0.006325845140963793,-0.004345322456210852,-0.003374206367880106,-0.0028420417802408338,-0.0022797961719334126,-0.0017676128190942109,-0.0013486817013472316,-0.0006145799427758878,0.0007960298533218444,0.007894257083535194,,,,,,,,,,,,,,,,,,,,,,,,,0.7267531206020844,0.7301551699638367,0.7267531206020844,0.7224589586257935,0.7246119344234466,0.7256776928901673,0.7262455523014069,0.7268312573432922,0.7273324131965637,0.7277262091636658,0.7283206689357757,0.0008051952109998984,0.7452439665794373,2,,,,,,,,,,,,,,,,,,,,,,,,,,text,0.0,,,,,,,,0.02318425528546712,-0.023017138242721558,-0.02318425528546712,-0.02336532436311245,-0.0233210277184844,-0.023263821378350258,-0.02322319708764553,-0.02318033203482628,-0.023140881210565567,-0.02311212830245495,-0.02307062692940235,5.778279144330431e-05,0.10674435401988878,0.10674435401988878,0.0008730597995655786,-0.0,-0.0008730597995655786,-0.001709994045086205,-0.0013850706722587348,-0.0012101917993277312,-0.0010819009621627629,-0.0009074241970665753,-0.0007026828534435481,-0.00048286442761309424,-9.181021276162875e-05,0.000284210692341359,,,,,,,,,,,,,6.48339327817171e-07,0,,,,,,,,,,,,,,,,,,,,,,,,,,,,,,,,,,,,,,,filter,,,,,,,42,,,,,,,,,,,,,,,,,,,,,,,,,U
,,,,,,,,,,,,,,,,,,,,,,,,,,,Toys,0.007759757218369415,0.01494571939110756,0.0077597499653376594,-7.505074609071016e-05,0.0030875832028687002,0.0048833171837031845,0.006163581972941756,0.007697000168263912,0.009317859075963497,0.010743975639343262,0.012683865129947668,0.0022181577433016187,0.009441464208066463,,,,,,,,,,,,,,,,,,,,,,,,,0.020546897917609698,0.028685081750154495,0.020546897917609698,0.011968965642154217,0.014790931362658738,0.01732252389192581,0.01881491020321846,0.020546169951558113,0.02233975939452648,0.023828694969415667,0.025926337093114853,0.0024933493157509594,0.023403901606798172,3,,,,,,,,,,,,,,,,,,,,,,,,,,text,0.0,,,,,,,,0.02326500127526276,-0.023102156817913055,-0.02326500127526276,-0.023441623896360397,-0.02339811433106661,-0.023342442512512208,-0.02330284658819437,-0.02326117642223835,-0.023222949355840683,-0.023194942623376846,-0.02315454725176096,5.618797157323432e-05,0.2000958737263745,0.2000958737263745,0.003206782487840699,0.006280874367803335,0.003206782487840699,0.0,0.0003372224874328822,0.0017735797679051758,0.002580981352366507,0.00333300419151783,0.003973864018917084,0.004445081576704979,0.005087418435141447,0.0010439168902839524,,,,,,,,,,,,,6.216790810355778e-06,0,,,,,,,,,,,,,,,,,,,,,,,,,,,,,,,,,,,,,,,filter,,,,,,,42,,,,,,,,,,,,,,,,,,,,,,,,,U
,,,,,,,,,,,,,,,,,,,,,,,,,,,Toys,0.03342784681425172,-0.028298156335949898,-0.03342784681425172,-0.03415515273809433,-0.03403184160590172,-0.033869868516921996,-0.03373757377266884,-0.033537205308675766,-0.03327108919620514,-0.03292631357908249,-0.031295956745743744,0.0005086805960722444,-0.024724027141928673,,,,,,,,,,,,,,,,,,,,,,,,,0.12267683073248256,0.1273699402809143,0.12267683073248256,0.1210465356707573,0.12185460940003395,0.12215362042188645,0.12236014381051064,0.12261117249727249,0.12290128320455551,0.12322907596826553,0.12446046352386475,0.0005001799913026658,0.1284424066543579,0,,,,,,,,,,,,,,,,,,,,,,,,,,visual,0.0,,,,,,,,0.05119108582524379,0.05194004625082016,0.05119108582524379,0.05037831887602806,0.050667751654982565,0.05087818875908852,0.051025671884417534,0.051194917410612106,0.051356228068470955,0.051502779871225354,0.05172306947410107,0.000237497369713725,0.06076924917328249,0.06076924917328249,0.0011952140828725972,0.0022056084126234055,0.0011952140828725972,0.0,0.0009160702116787434,0.0010555167682468891,0.001128407078795135,0.0011946487938985229,0.0012538307928480208,0.0013225009897723794,0.001583539715502414,0.000122848517436546,,,,,,,,,,,,,2.501800236995349e-07,0,,,,,,,,,,,,,,,,,,,,,,,,,,,,,,,,,,,,,,,filter,,,,,,,42,,,,,,,,,,,,,,,,,,,,,,,,,U
,,,,,,,,,,,,,,,,,,,,,,,,,,,Toys,0.010079095566119413,-0.0010592387989163399,-0.010079095566119413,-0.01838720217347145,-0.015977476760745048,-0.0134305689483881,-0.011913758236914873,-0.010083121247589588,-0.008257993496954441,-0.006708382256329058,-0.0041510521806776375,0.002603370809486906,-0.006371434777975082,,,,,,,,,,,,,,,,,,,,,,,,,0.08610599759905832,0.09535853564739227,0.08610599759905832,0.07752121984958649,0.08013567551970482,0.08271205574274063,0.08424605801701546,0.08608631044626236,0.08794824779033661,0.08956326842308045,0.09208972990512848,0.0026409334077117956,0.12263652682304382,1,,,,,,,,,,,,,,,,,,,,,,,,,,visual,0.0,,,,,,,,0.017095180014591628,-0.0168314129114151,-0.017095180014591628,-0.01734164170920849,-0.01727011304348707,-0.017197280749678613,-0.01714881882071495,-0.017096374183893204,-0.017041255719959736,-0.01699284352362156,-0.016923772692680358,7.760389682612422e-05,0.015139384527029695,0.015139384527029695,0.0029848151295741748,-0.0,-0.0029848151295741748,-0.005508079193532467,-0.003954582903534174,-0.003302689641714096,-0.003131199046038091,-0.002983403392136097,-0.00281797768548131,-0.0026359481271356344,-0.002287707398645579,0.0003067903233166179,,,,,,,,,,,,,6.974529263968238e-06,0,,,,,,,,,,,,,,,,,,,,,,,,,,,,,,,,,,,,,,,filter,,,,,,,42,,,,,,,,,,,,,,,,,,,,,,,,,U
,,,,,,,,,,,,,,,,,,,,,,,,,,,Toys,0.035189062385660316,0.03647538647055626,0.035189062385660316,0.02976015768945217,0.03196483746170998,0.03358847051858902,0.034645192325115204,0.03551308810710907,0.03599502518773079,0.03625737205147743,0.03645685747265816,0.0010682010678743862,0.025583909824490547,,,,,,,,,,,,,,,,,,,,,,,,,0.7884508556431403,0.7899495363235474,0.7884508556431403,0.7830449938774109,0.7852372801303864,0.7868523001670837,0.7879055440425873,0.7887735366821289,0.7892545461654663,0.7895147919654846,0.7897504115104675,0.001066448922412271,0.7452439665794373,2,,,,,,,,,,,,,,,,,,,,,,,,,,visual,0.0,,,,,,,,0.01709455542912602,-0.01682683825492859,-0.01709455542912602,-0.01733991503715515,-0.01726917576044798,-0.017196798324584962,-0.017148698680102825,-0.017095906659960747,-0.017040297389030457,-0.01699180155992508,-0.016923380754888057,7.787307347652843e-05,-0.003821541114685998,-0.003821541114685998,0.00047154078481784824,-0.0,-0.00047154078481784824,-0.0008701657643541694,-0.0006247445964254439,-0.000521758571267128,-0.0004946665139868855,-0.00047131776227615774,-0.0004451838176464662,-0.00041642680298537016,-0.00036141178396064777,4.846670319983759e-05,,,,,,,,,,,,,1.137313304114294e-06,0,,,,,,,,,,,,,,,,,,,,,,,,,,,,,,,,,,,,,,,filter,,,,,,,42,,,,,,,,,,,,,,,,,,,,,,,,,U
,,,,,,,,,,,,,,,,,,,,,,,,,,,Toys,0.034595712974818754,0.0356963649392128,0.034595712974818754,0.028780870139598846,0.0310866254940629,0.032978993654251096,0.03414163179695606,0.034988366067409515,0.035382743924856186,0.035573577880859374,0.03569152064621448,0.0010826086941167286,0.025876743718981743,,,,,,,,,,,,,,,,,,,,,,,,,0.06913614807158572,0.07193564623594284,0.06913614807158572,0.06343986839056015,0.0654597544670105,0.0674263820052147,0.06863532960414886,0.06951864063739777,0.06996943801641464,0.07020772248506546,0.0705115695297718,0.0011537669504797295,0.023403901606798172,3,,,,,,,,,,,,,,,,,,,,,,,,,,visual,0.0,,,,,,,,0.01700135045785004,-0.016720065847039223,-0.01700135045785004,-0.01725848577916622,-0.01718618653714657,-0.017108890786767007,-0.017058461904525757,-0.01700264774262905,-0.016944010742008686,-0.01689295284450054,-0.01682071529328823,8.218212753149973e-05,0.0673793515685749,0.0673793515685749,0.002261142036911324,0.004172636661678553,0.002261142036911324,0.0,0.0017330491985194385,0.0019968582782894373,0.002134754555299878,0.002260072622448206,0.0023720349417999387,0.0025019473396241665,0.0029957881337031775,0.0002324085284539991,,,,,,,,,,,,,1.3311781760192947e-06,0,,,,,,,,,,,,,,,,,,,,,,,,,,,,,,,,,,,,,,,filter,,,,,,,42,,,,,,,,,,,,,,,,,,,,,,,,,U
,,,,,,,,,,,,0.0030888524404825177,0.01912878267467022,0.0030888524404825177,0.0,2.657896800428716e-07,0.0004095144395250827,0.0011276690056547523,0.002462828764691949,0.00436989963054657,0.006646530702710152,0.011428744532167912,0.0025826393989097957,0.0,0,,Toys,,,,,,,,,,,,,,,,,,,,,,,,,,0.014139881346020164,0.04742223024368286,0.014139881346020164,0.010659257881343365,0.010715060867369175,0.010828507132828236,0.010911931283771992,0.011120087467133999,0.015556231141090393,0.02247157320380211,0.03367835283279419,0.005446692412793046,,,,,,,,,,,,,,,1.0,0.013288260238322984,0.03196167200803757,0.013288260238322984,0.0,0.01056878175586462,0.010731307230889798,0.011045803315937519,0.012550512328743935,0.014550221618264914,0.017067182064056403,0.022655494436621695,0.0027735726681976953,0.013914590138045255,0.04527522251009941,0.013914590138045255,0.010546780191361904,0.010601511225104332,0.010712497867643833,0.010794108733534813,0.010997751727700233,0.015317894518375397,0.021977681666612625,0.03258107602596283,0.0052401721898938085,text,,113402,134097.0,0.0,0.0,0.0006816131172399977,0.004861110464904151,0.0011553924773753217,,,,,,,,,,,,,,,,,,,,,,,,,,,0.013914589782900607,0.04527518153190613,0.013914589782900607,0.010546837002038956,0.01060146652162075,0.01071250718086958,0.010794145986437798,0.010997790843248367,0.015317942015826702,0.021977700293064117,0.03258107602596283,0.005240171877120158,,,1.0140258188472724,1,0.005267346556066597,1.0463157892227173,1.0140258188472724,1.010602593421936,1.0106579065322876,1.0107700824737549,1.010852575302124,1.0110584497451782,1.015435814857483,1.0222209692001343,1.033117651939392,0.00534122540467306,0.18009948842182782,1.115328073501587,-9.120887209819496e-10,-1.046565294265747,-0.6474716663360596,-0.3260989785194397,-0.12903037667274475,0.030031204223632812,0.15149056911468506,0.26271864771842957,0.5053480863571167,0.23475816053913207,0.0029854749661497267,0.01734871417284012,1.5574428217836655e-11,-0.018488582223653793,-0.008377059362828732,-0.004355037119239569,-0.0025112302973866463,-0.0004978215438313782,0.0021389119792729616,0.005405680742114782,0.010733014903962612,0.0038915413781895995,relation,0.0,0.0,0.011491941288113594,0.017150811851024628,-0.01657680980861187,-0.000832682941108942,43,0.5715411193228483,1.0000001192092896,0.5295081393535449,-0.8218330144882202,-0.4373937249183655,-0.00688537210226059,0.3050648272037506,0.6208469271659851,0.8206465244293213,0.9127051830291748,0.9937398433685303,0.3565845784365286,0.0004759125401891062,0.0006843263399787247,-0.00044091239481737466,-0.0008326830575242639,-0.0008274702122434974,-0.0007599940290674567,-0.0006833383813500404,-0.0005169686628505588,-0.00025402227765880525,5.7333318181918e-06,0.0003642102819867432,0.00029692189548101265,U
,,,,,,,,,,,,0.0027201130479992323,0.02154928259551525,0.0027201130479992323,0.0,0.0,0.00033913340303115547,0.0009343717247247696,0.0020456137135624886,0.0037498394958674908,0.0059639085084199905,0.01163234282284975,0.002484837521181241,0.0,0,,Toys,,,,,,,,,,,,,,,,,,,,,,,,,,0.026197634143944222,0.0736350566148758,0.026197634143944222,0.018437908962368965,0.02119622752070427,0.022143017500638962,0.022574661299586296,0.02319515496492386,0.027520768344402313,0.03501519933342934,0.050382670015096664,0.0062932175676360304,,,,,,,,,,,,,,,1.0,0.02510048732238926,0.0499015673995018,0.02510048732238926,0.0,0.021726187504827976,0.02228046953678131,0.022774510085582733,0.024175003170967102,0.02634711191058159,0.029185271635651593,0.03716657765209676,0.0032796148123598753,0.025492691993654247,0.0685848668217659,0.025492691993654247,0.0181040707975626,0.020756294950842857,0.021663345396518707,0.022076334804296494,0.022669335827231407,0.026783715933561325,0.033830638974905014,0.04796598479151726,0.005894683543126304,visual,,113402,134097.0,0.0,0.0,0.0011995713862824884,0.00855507159672836,0.00213004629027265,,,,,,,,,,,,,,,,,,,,,,,,,,,0.025492691177127064,0.06858480721712112,0.025492691177127064,0.018104108050465584,0.020756272599101067,0.021663326770067215,0.02207629568874836,0.022669335827231407,0.026783661916851997,0.033830612897872925,0.047966018319129944,0.005894682874973861,,,1.0258383104232305,1,0.0059337233959862535,1.0709915161132812,1.0258383104232305,1.0182689428329468,1.0209732055664062,1.021899700164795,1.0223218202590942,1.022928237915039,1.0271456241607666,1.0344094038009644,1.0491349697113037,0.006087040783063266,0.147057462538176,1.0481834411621094,-9.777564808682422e-10,-1.1650187969207764,-0.6143208146095276,-0.26236268877983093,-0.09293350577354431,0.027782440185546875,0.12010431289672852,0.2121703028678894,0.4196626543998718,0.1991796468842535,0.0033638145196970407,0.026648815721273422,2.3396137189723157e-11,-0.02397630549967289,-0.00959942676126957,-0.004853215534240007,-0.0027472840156406164,-0.0006354997167363763,0.0021257749758660793,0.006001323461532593,0.014052066951990128,0.004556065206526551,relation,0.0,0.0,0.024341031908988953,0.018496939912438393,-0.022874150425195694,-0.001605923636816442,43,0.5728373694132516,1.000000238418579,0.5377035464344566,-0.905687689781189,-0.4285399317741394,0.05662316456437111,0.3559662699699402,0.6214271187782288,0.7921017408370972,0.8820938467979431,0.9590308666229248,0.3277094745271802,0.0009199330715337411,0.0014544653240591288,-0.0008635108348164653,-0.0016059239860624075,-0.0015401303535327315,-0.0014165753964334726,-0.0012720548547804356,-0.0009979645255953074,-0.0005716546438634396,-9.09324808162637e-05,0.0006882023881189525,0.0005262763911369191,U
,,,,,,,,,,,,,,,,,,,,,,,,,,,Toys,0.002479316712047611,0.007376530673354864,-0.00022848598005965534,-0.007203776389360428,-0.005929600931704044,-0.004201694205403328,-0.002543227281421423,-0.00026103551499545574,0.0020275700371712446,0.0037550090346485376,0.005877657346427443,0.002948081465153452,-0.00119901227299124,,,,,,,,,,,,,,,,,,,,,,,,,0.18987339657627175,0.19712525606155396,0.18987339657627175,0.18321089446544647,0.18448318779468537,0.18611222207546235,0.18763229250907898,0.1898120790719986,0.19202685356140137,0.19370298981666564,0.1957528179883957,0.0028146486703999377,0.12464763224124908,0,,,,,,,,,,,,,,,,,,,,,,,,,,text,0.0,,,,,,,,0.06635018210821204,0.06692852079868317,0.06635018210821204,0.06570038944482803,0.06589514836668968,0.06607843041419983,0.06621135026216507,0.06635035574436188,0.06648552417755127,0.06662515252828598,0.0668063634634018,0.00020499793188887805,-0.0016857860237833042,-0.0016857860237833042,0.0003030827705466327,0.0007289917557500303,0.0003030827705466327,0.0,0.00024105605552904308,0.00024476298713125286,0.0002519361150916666,0.00028625596314668655,0.0003318659873912111,0.00038927360437810435,0.0005167335458099849,6.32605075957404e-05,,,,,,,,,,,,,7.922247137784136e-06,0,,,,,,,,,,,,,,,,,,,,,,,,,,,,,,,,,,,,,,,filter,,,,,,,43,,,,,,,,,,,,,,,,,,,,,,,,,U
,,,,,,,,,,,,,,,,,,,,,,,,,,,Toys,0.0018829165243783685,0.003956657834351063,-0.0016781938622249786,-0.008014556020498276,-0.005313922250643373,-0.00363113721832633,-0.002725249622017145,-0.0016744817839935422,-0.0006209459097590297,0.0002869641757570216,0.001736799136269841,0.001532163878685764,-0.0007245565066114068,,,,,,,,,,,,,,,,,,,,,,,,,0.09722245080973912,0.10312706977128983,0.09722245080973912,0.09080252051353455,0.09367611020803451,0.09529119282960892,0.09617255628108978,0.09719409048557281,0.09827148541808128,0.09919733256101608,0.100692697763443,0.0015254892773087182,0.12335062772035599,1,,,,,,,,,,,,,,,,,,,,,,,,,,text,0.0,,,,,,,,0.022174173669034975,-0.02196267433464527,-0.022174173669034975,-0.02236294560134411,-0.02232320349663496,-0.022263889387249946,-0.022218373604118824,-0.02217412367463112,-0.02212887816131115,-0.022085535153746606,-0.022025792226195336,6.688827232189713e-05,0.03562671166916942,0.03562671166916942,0.0015512553535707387,-0.0,-0.0015512553535707387,-0.003731166711077094,-0.0026447749137878417,-0.0019924022257328034,-0.0016985751572065055,-0.0014651315286755562,-0.0012894736137241125,-0.0012527597369626164,-0.0012337866937741637,0.0003237835033824753,,,,,,,,,,,,,2.327117535183875e-06,0,,,,,,,,,,,,,,,,,,,,,,,,,,,,,,,,,,,,,,,filter,,,,,,,43,,,,,,,,,,,,,,,,,,,,,,,,,U
,,,,,,,,,,,,,,,,,,,,,,,,,,,Toys,0.0014055711248684019,0.004388460423797369,0.0013430894648301405,-0.002435284899547696,-0.0008695478527806699,0.00019942475482821466,0.0007514064200222492,0.0013413646956905723,0.0019689139444381,0.0025108979083597674,0.003308146568015218,0.0009007381380589108,0.004777169786393642,,,,,,,,,,,,,,,,,,,,,,,,,0.7329019535909848,0.7360486388206482,0.7329019535909848,0.7292206883430481,0.7307758045196533,0.7317976236343384,0.7323191165924072,0.7329012751579285,0.733511745929718,0.7340420246124267,0.7348158943653107,0.0008754188646454961,0.749291718006134,2,,,,,,,,,,,,,,,,,,,,,,,,,,text,0.0,,,,,,,,0.022110957938275007,-0.02189408615231514,-0.022110957938275007,-0.02230401709675789,-0.02226325336843729,-0.02220275141298771,-0.022156191058456898,-0.0221109576523304,-0.022064567543566227,-0.022020208463072777,-0.02195890799164772,6.847535405689236e-05,0.00614649342142593,0.00614649342142593,0.0003990885123555256,-0.0,-0.0003990885123555256,-0.0009599101613275707,-0.0006804161809850484,-0.0005125815281644463,-0.0004369892121758312,-0.00037693159538321197,-0.00033174043346662074,-0.00032229511998593807,-0.000317413971060887,8.329916565893693e-05,,,,,,,,,,,,,7.663581885772096e-07,0,,,,,,,,,,,,,,,,,,,,,,,,,,,,,,,,,,,,,,,filter,,,,,,,43,,,,,,,,,,,,,,,,,,,,,,,,,U
,,,,,,,,,,,,,,,,,,,,,,,,,,,Toys,0.0010120270472560656,0.005591464228928089,0.0007489058865308101,-0.003972288686782122,-0.0015948568447493017,-0.0004987266846001148,-1.2417498510330915e-05,0.0005984818562865257,0.0014081179397180676,0.0022900598123669624,0.0036725582135841268,0.0011116172123630927,0.005307495128363371,,,,,,,,,,,,,,,,,,,,,,,,,0.011996460358982833,0.016827570274472237,0.011996460358982833,0.006970611400902271,0.00945326054468751,0.01066937018185854,0.011223163921386003,0.011898426339030266,0.012709207367151976,0.013514292798936369,0.014829869028180842,0.0011298288061866101,0.026357848197221756,3,,,,,,,,,,,,,,,,,,,,,,,,,,text,0.0,,,,,,,,0.022065050413957624,-0.021843621507287025,-0.022065050413957624,-0.02226155437529087,-0.02221989918500185,-0.022158439829945566,-0.02211100608110428,-0.02206505835056305,-0.022017952986061573,-0.021972807124257088,-0.021910227574408053,6.96368710612872e-05,0.09485467218119384,0.09485467218119384,0.001647261095376819,0.0039620851166546345,0.001647261095376819,0.0,0.0013101446675136685,0.0013302918989211321,0.001369277946650982,0.0015558070736005902,0.0018036984256468713,0.0021157101262360817,0.0028084574360400477,0.0003438221610330161,,,,,,,,,,,,,1.2765131312890609e-06,0,,,,,,,,,,,,,,,,,,,,,,,,,,,,,,,,,,,,,,,filter,,,,,,,43,,,,,,,,,,,,,,,,,,,,,,,,,U
,,,,,,,,,,,,,,,,,,,,,,,,,,,Toys,0.036901236541873446,-0.03336263820528984,-0.036901236541873446,-0.03778713941574097,-0.03762318193912506,-0.037426038086414336,-0.03726511634886265,-0.03701631352305412,-0.036656010895967484,-0.03621644228696823,-0.03524543099105358,0.0005087560329143103,-0.02830258570611477,,,,,,,,,,,,,,,,,,,,,,,,,0.10958532419224008,0.11299996078014374,0.10958532419224008,0.10793890058994293,0.10878750264644622,0.10909586548805236,0.10929113626480103,0.1095290333032608,0.10982045903801918,0.11014515161514282,0.11087785124778747,0.0004315517801946106,0.12464763224124908,0,,,,,,,,,,,,,,,,,,,,,,,,,,visual,0.0,,,,,,,,0.04883182514139378,0.04963820055127144,0.04883182514139378,0.04796629399061203,0.04819526329636574,0.04841973036527634,0.04860872030258179,0.0488404780626297,0.04905806854367256,0.049226079136133194,0.049439203292131424,0.0003006346298696495,0.1536502995478885,0.1536502995478885,0.0013096909451731113,0.002603759290650487,0.0013096909451731113,0.0,0.0011336269951425493,0.0011625483399257063,0.001188326335977763,0.0012614011066034436,0.001374737243168056,0.0015228264033794404,0.0019392743590287867,0.00017112344420641023,,,,,,,,,,,,,1.8623693898913748e-07,0,,,,,,,,,,,,,,,,,,,,,,,,,,,,,,,,,,,,,,,filter,,,,,,,43,,,,,,,,,,,,,,,,,,,,,,,,,U
,,,,,,,,,,,,,,,,,,,,,,,,,,,Toys,0.013877651482657603,-0.0033660312183201313,-0.013877651482657603,-0.02225247398018837,-0.02040272079408169,-0.017543572187423705,-0.01591513864696026,-0.013967657461762428,-0.0119101800955832,-0.01000303756445646,-0.007088736379519103,0.0029158797928639443,-0.0058264113031327724,,,,,,,,,,,,,,,,,,,,,,,,,0.08459813387699534,0.09499066323041916,0.08459813387699534,0.0751601830124855,0.07796631440520287,0.08084510862827302,0.08254675194621086,0.0845256969332695,0.08658250421285629,0.08852367252111434,0.09150917202234268,0.0029629141707254595,0.12335062772035599,1,,,,,,,,,,,,,,,,,,,,,,,,,,visual,0.0,,,,,,,,0.01630750853540414,-0.016026530414819717,-0.01630750853540414,-0.016573363915085793,-0.01650633927434683,-0.016437019407749175,-0.016381514258682728,-0.016310499981045723,-0.016234491020441055,-0.016173013672232627,-0.016099596843123436,9.820746347613268e-05,0.018607142379120225,0.018607142379120225,0.0027409201745311976,-0.0,-0.0027409201745311976,-0.005449145566672087,-0.0040585117973387244,-0.0031869699712842705,-0.0028770490316674113,-0.002639859216287732,-0.00248692836612463,-0.00243298034183681,-0.0023724537203088404,0.0003581270080520675,,,,,,,,,,,,,8.778860383085738e-06,0,,,,,,,,,,,,,,,,,,,,,,,,,,,,,,,,,,,,,,,filter,,,,,,,43,,,,,,,,,,,,,,,,,,,,,,,,,U
,,,,,,,,,,,,,,,,,,,,,,,,,,,Toys,0.03410566483772112,0.035480376332998276,0.03410566483772112,0.02729669213294983,0.03034989971667528,0.03251144289970398,0.03353033401072025,0.03441965952515602,0.03497007116675377,0.03524344712495804,0.035460427924990656,0.001143034759784384,0.028581537306308746,,,,,,,,,,,,,,,,,,,,,,,,,0.794801952727148,0.7966766357421875,0.794801952727148,0.7881633043289185,0.7911381471157074,0.7932201266288758,0.7942411005496979,0.7951173186302185,0.7956470847129822,0.7959138512611389,0.7961891996860504,0.001125445269358229,0.749291718006134,2,,,,,,,,,,,,,,,,,,,,,,,,,,visual,0.0,,,,,,,,0.016311375659807895,-0.01602662354707718,-0.016311375659807895,-0.016575627028942108,-0.01651039529591799,-0.016439931467175484,-0.016385316848754883,-0.016314420849084854,-0.01623858604580164,-0.0161765456199646,-0.016102902963757514,9.833103295676265e-05,0.00637218224641578,0.00637218224641578,0.0008656136809335672,-0.0,-0.0008656136809335672,-0.001720902044326067,-0.0012817240552976728,-0.001006481214426458,-0.0009086047066375613,-0.0008336975006386638,-0.000785400188760832,-0.0007683627540245652,-0.0007492478133644909,0.00011310057105367098,,,,,,,,,,,,,1.2666270543208164e-06,0,,,,,,,,,,,,,,,,,,,,,,,,,,,,,,,,,,,,,,,filter,,,,,,,43,,,,,,,,,,,,,,,,,,,,,,,,,U
,,,,,,,,,,,,,,,,,,,,,,,,,,,Toys,0.03025487557406384,0.031702008098363876,0.03025487557406384,0.024240314960479736,0.02647450853139162,0.02851655036211014,0.029642286710441113,0.030612222850322723,0.031151490285992622,0.03144544139504433,0.03168327108025551,0.0012013620455724446,0.028579484671354294,,,,,,,,,,,,,,,,,,,,,,,,,0.07127611056549822,0.07401550561189651,0.07127611056549822,0.06497644633054733,0.06737379968166352,0.06948771923780442,0.07063211873173714,0.07161003351211548,0.07217904180288315,0.07255560308694839,0.07301197826862335,0.0012481868306798815,0.026357848197221756,3,,,,,,,,,,,,,,,,,,,,,,,,,,visual,0.0,,,,,,,,0.016212940866617686,-0.015913138166069984,-0.016212940866617686,-0.016489215195178986,-0.01642400410026312,-0.01634838618338108,-0.01629156991839409,-0.016216181218624115,-0.016135912388563156,-0.01607002168893814,-0.015991982519626618,0.00010423058413945581,0.057786883544993936,0.057786883544993936,0.0022968430252753398,0.00456628855317831,0.0022968430252753398,0.0,0.001988074593245983,0.0020387948025017977,0.0020840023644268513,0.0022121556103229523,0.0024109164951369166,0.0026706248521804815,0.0034009618218988186,0.0003001041495958795,,,,,,,,,,,,,1.557970364282687e-06,0,,,,,,,,,,,,,,,,,,,,,,,,,,,,,,,,,,,,,,,filter,,,,,,,43,,,,,,,,,,,,,,,,,,,,,,,,,U
,,,,,,,,,,,,0.004707137372974008,0.0270344577729702,0.004707137372974008,0.0,4.3079029410364456e-07,0.000673330039717257,0.0018096005078405142,0.0038152949418872595,0.006590632721781731,0.009999438188970089,0.017112253233790398,0.0038258790304844673,0.0,0,,Toys,,,,,,,,,,,,,,,,,,,,,,,,,,0.027296350327562027,0.06426430493593216,0.027296350327562027,0.010157398879528046,0.018919434398412704,0.022669320926070213,0.02444019913673401,0.026128605008125305,0.027894271537661552,0.034499675035476685,0.046342507004737854,0.005245744101118593,,,,,,,,,,,,,,,1.0,0.025623110835185068,0.04352772235870361,0.025623110835185068,0.0,0.01713906191289425,0.02235974483191967,0.024282324127852917,0.02583567053079605,0.027010707184672356,0.028660206496715548,0.03319065392017366,0.0028758186403472575,0.02654590713709834,0.06038381904363632,0.02654590713709834,0.010055243968963623,0.018568146973848343,0.022166816517710686,0.023857077583670616,0.025463256984949112,0.027137285098433495,0.03334914892911911,0.04429001733660698,0.004925747083551939,text,,113402,134097.0,0.0,0.0,0.0011992647695578285,0.008552884875652637,0.002122272867681781,,,,,,,,,,,,,,,,,,,,,,,,,,,0.026545905834140265,0.06038378179073334,0.026545905834140265,0.010055264458060265,0.018568135797977448,0.022166814655065536,0.023857126012444496,0.0254632830619812,0.02713729627430439,0.03334914147853851,0.04428999871015549,0.004925746336254459,,,1.0269138824834396,1,0.004947319588075378,1.062244176864624,1.0269138824834396,1.0101059675216675,1.0187416076660156,1.0224143266677856,1.024143934249878,1.0257902145385742,1.0275088548660278,1.0339114665985107,1.0452854633331299,0.005080471166081805,0.18952392809503232,1.0485410690307617,-1.5932726474462646e-09,-1.0884909629821777,-0.6603725552558899,-0.3359393775463104,-0.14173540472984314,0.03041321039199829,0.16048234701156616,0.2732541561126709,0.5306573510169983,0.24422976143338018,0.004782132055069242,0.027465173974633217,3.979395174334397e-11,-0.02645714394748211,-0.013389726169407368,-0.00689484179019928,-0.004049344919621944,-0.0007673964719288051,0.0035763157065957785,0.008476536720991135,0.01666274480521679,0.006162488203253413,relation,0.0,0.0,0.017380522564053535,0.024836638942360878,-0.025232339277863503,0.010217447765171528,44,0.5626602034298995,1.0000001192092896,0.5097838988266676,-0.8407057523727417,-0.5038183927536011,-0.04552006348967552,0.2659319043159485,0.5997744798660278,0.8228380680084229,0.9213060736656189,0.9932028651237488,0.37545575128836245,0.005748951237194793,0.010217448696494102,0.005208690356727057,-0.008589867502450943,-0.005147737916558981,-0.00046509888488799334,0.0027171452529728413,0.0061281644739210606,0.008407304994761944,0.009413396939635277,0.010147998109459877,0.003836199526180814,U
,,,,,,,,,,,,0.003971414543458793,0.03715233504772186,0.003971414543458793,0.0,0.0,0.00047507372801192105,0.0013223461573943496,0.002915245946496725,0.005466672126203775,0.00883440300822258,0.017289677634835243,0.0037127047478845965,0.0,0,,Toys,,,,,,,,,,,,,,,,,,,,,,,,,,0.019421315097443912,0.1102537214756012,0.019421315097443912,0.00557575561106205,0.00998929888010025,0.01141518447548151,0.012393179349601269,0.01464162115007639,0.022058965638279915,0.03528805822134018,0.061157263815402985,0.011217391007980774,,,,,,,,,,,,,,,1.0,0.018242705385078047,0.0591820627450943,0.018242705385078047,0.0,0.011136756502091885,0.012327181734144687,0.013786801137030125,0.016709651798009872,0.021131614223122597,0.02620495334267617,0.038703686296939904,0.005999365330455095,0.01893521672738656,0.0993049368262291,0.01893521672738656,0.005544877611100674,0.009890479035675526,0.011286343447864056,0.012241470627486706,0.014430330134928226,0.02158285118639469,0.03408529609441757,0.05763256922364235,0.010552252681421646,visual,,113402,134097.0,0.0,0.0,0.0010487779458246728,0.0074796469123904735,0.001761227366721952,,,,,,,,,,,,,,,,,,,,,,,,,,,0.018935216105152503,0.09930498152971268,0.018935216105152503,0.005544838961213827,0.009890500456094742,0.011286348104476929,0.012241467833518982,0.014430337585508823,0.021582869812846184,0.03408525511622429,0.05763261392712593,0.010552251558471242,,,1.0191727783399878,1,0.010667921205893988,1.104403018951416,1.0191727783399878,1.005560278892517,1.0099395513534546,1.0113502740859985,1.0123167037963867,1.0145349502563477,1.0218174457550049,1.0346728563308716,1.0593256950378418,0.010872454894533716,0.15472563924489463,1.076185941696167,7.177627411883705e-10,-1.44744873046875,-0.6571504473686218,-0.276570200920105,-0.09436565637588501,0.027806580066680908,0.12445884943008423,0.22572410106658936,0.4517773985862732,0.2118079078046268,0.004859035642826402,0.04545597732067108,-2.135047574364663e-11,-0.0337967649102211,-0.014187709428369999,-0.0070886858738958836,-0.003908531274646521,-0.0008732435526326299,0.0029634784441441298,0.008685466833412647,0.020637286826968193,0.006651658887743204,relation,0.0,0.0,0.020048975944519043,0.0256674624979496,-0.03140420466661453,-0.00873443204909563,44,0.5725401337089215,1.000000238418579,0.5265454406526933,-0.8697117567062378,-0.4897957146167755,0.003888241946697235,0.3300425708293915,0.6231518387794495,0.7994750738143921,0.8908182978630066,0.9675923585891724,0.3497671979975992,0.00500081289321425,0.007596438284963369,-0.004599075371918561,-0.00873443391174078,-0.0084513695910573,-0.007780791725963354,-0.0069829607382416725,-0.005442877300083637,-0.0028827344067394733,-3.396158354007639e-05,0.004278087522834539,0.003055017824054375,U
,,,,,,,,,,,,,,,,,,,,,,,,,,,Toys,0.006952063046703672,0.016331026330590248,0.0037061400497376443,-0.014302445575594902,-0.0113307686150074,-0.006742734182626009,-0.0020245325285941362,0.004865245893597603,0.009800658095628023,0.012381565198302271,0.014617442581802607,0.007109276380998808,-0.0012612082064151764,,,,,,,,,,,,,,,,,,,,,,,,,0.19551930055652272,0.20795254409313202,0.19551930055652272,0.17816893756389618,0.1809958329796791,0.18539506196975708,0.18994441628456116,0.1966339498758316,0.20143619179725647,0.20397570729255676,0.20615171253681183,0.006898577129165605,0.12443634122610092,0,,,,,,,,,,,,,,,,,,,,,,,,,,text,0.0,,,,,,,,0.06723765902118597,0.06794531643390656,0.06723765902118597,0.06648749113082886,0.0667260630428791,0.06690164059400558,0.06704819202423096,0.06722761690616608,0.06741783022880554,0.06758397668600083,0.06782379761338234,0.0002563408640350248,-0.0002444549850698465,-0.0002444549850698465,0.0014003721590827333,0.0023789075203239918,0.0014003721590827333,0.0,0.000936695970594883,0.0012220204807817936,0.0013270945055410266,0.0014119890984147787,0.0014762080390937626,0.0015663576079532505,0.001813958818092943,0.00015717125060575634,,,,,,,,,,,,,4.759036640704676e-05,0,,,,,,,,,,,,,,,,,,,,,,,,,,,,,,,,,,,,,,,filter,,,,,,,44,,,,,,,,,,,,,,,,,,,,,,,,,U
,,,,,,,,,,,,,,,,,,,,,,,,,,,Toys,0.02158519971411919,-0.008595852181315422,-0.02158519971411919,-0.0265661608427763,-0.02627218924462795,-0.024920030683279037,-0.023790002800524235,-0.022056762129068375,-0.019907048903405666,-0.01761466860771179,-0.013165003657341003,0.0029203866956765347,-0.01489669643342495,,,,,,,,,,,,,,,,,,,,,,,,,0.05518249051834858,0.06852197647094727,0.05518249051834858,0.049067866057157516,0.05032775767147541,0.05176683217287063,0.05298497714102268,0.05476369708776474,0.05690584518015385,0.05919857695698738,0.0635571412742138,0.002946994553621457,0.11802975833415985,1,,,,,,,,,,,,,,,,,,,,,,,,,,text,0.0,,,,,,,,0.02244585829783131,-0.02220110595226288,-0.02244585829783131,-0.022678447887301445,-0.022638701908290385,-0.022560012713074683,-0.02250530943274498,-0.022442493587732315,-0.022383468225598335,-0.022335271909832956,-0.022277477607131006,8.440486920241596e-05,0.026402332701305667,0.026402332701305667,0.003919511451234032,-0.0,-0.003919511451234032,-0.0066583408042788506,-0.005077101876959205,-0.004384089447557926,-0.004131769062951207,-0.0039520263671875,-0.0037144141970202327,-0.003420321596786379,-0.0026217250572517507,0.00043990771357739353,,,,,,,,,,,,,8.684776899074531e-06,0,,,,,,,,,,,,,,,,,,,,,,,,,,,,,,,,,,,,,,,filter,,,,,,,44,,,,,,,,,,,,,,,,,,,,,,,,,U
,,,,,,,,,,,,,,,,,,,,,,,,,,,Toys,0.0029537400388990613,-0.0002953241055365652,-0.0029537400388990613,-0.004682119935750961,-0.004239574084058404,-0.0038508277852088214,-0.003505454631522298,-0.0030261348001658916,-0.0024640128249302506,-0.0019317190861329434,-0.0011935434537008393,0.0007218277703645262,0.0015673803864046931,,,,,,,,,,,,,,,,,,,,,,,,,0.7211300582809707,0.7237893342971802,0.7211300582809707,0.719428539276123,0.7197867596149444,0.7202082872390747,0.720574140548706,0.7210637331008911,0.7216290533542633,0.7221521258354187,0.7228952026367188,0.000733313292571723,0.7456478476524353,2,,,,,,,,,,,,,,,,,,,,,,,,,,text,0.0,,,,,,,,0.02235486823556921,-0.022099269554018974,-0.02235486823556921,-0.022595956921577454,-0.022554523795843124,-0.022472859546542167,-0.022416310384869576,-0.02235144004225731,-0.02229030430316925,-0.022240425273776055,-0.022180709317326547,8.729093111836969e-05,0.021001141350433076,0.021001141350433076,0.0007765448084799179,-0.0,-0.0007765448084799179,-0.001319169532507658,-0.0010058899270370602,-0.0008685883251018823,-0.0008185978804249316,-0.0007829866954125464,-0.0007359103474300355,-0.0006776438909582793,-0.0005194236442912369,8.715577314731314e-05,,,,,,,,,,,,,5.377483850623815e-07,0,,,,,,,,,,,,,,,,,,,,,,,,,,,,,,,,,,,,,,,filter,,,,,,,44,,,,,,,,,,,,,,,,,,,,,,,,,U
,,,,,,,,,,,,,,,,,,,,,,,,,,,Toys,0.0014122647686142995,0.005721741355955601,0.00021122713355522122,-0.00506046786904335,-0.00324379978235811,-0.0018545099534094333,-0.0010447614477016032,-7.089227437973022e-05,0.001330956642050296,0.002827039500698449,0.0044648103322833775,0.00177242153613498,0.005357515066862106,,,,,,,,,,,,,,,,,,,,,,,,,0.010329092302685682,0.015876993536949158,0.010329092302685682,0.0035713762044906616,0.006737637305632233,0.008277295157313347,0.009092016145586967,0.010088506154716015,0.011446112766861916,0.01290445886552334,0.014562056325376035,0.0017626398704806807,0.023901598528027534,3,,,,,,,,,,,,,,,,,,,,,,,,,,text,0.0,,,,,,,,0.02243693243522277,-0.02218712866306305,-0.02243693243522277,-0.022670898586511612,-0.022630603425204752,-0.022551188617944716,-0.022496558725833893,-0.02243349514901638,-0.022374349646270275,-0.022325989231467246,-0.022268289551138878,8.46547054273609e-05,0.04091176786330095,0.04091176786330095,0.0032956840206494753,0.005598602816462517,0.0032956840206494753,0.0,0.0022044525155797603,0.0028759449254721404,0.00312322995159775,0.003323023673146963,0.003474158816970885,0.0036863199900835754,0.004269033074378969,0.0003698922293467439,,,,,,,,,,,,,3.106899313008151e-06,0,,,,,,,,,,,,,,,,,,,,,,,,,,,,,,,,,,,,,,,filter,,,,,,,44,,,,,,,,,,,,,,,,,,,,,,,,,U
,,,,,,,,,,,,,,,,,,,,,,,,,,,Toys,0.0375992440020269,-0.03439132869243622,-0.0375992440020269,-0.03831544145941734,-0.038192432671785355,-0.038042664527893066,-0.03791622631251812,-0.037710435688495636,-0.03738906979560852,-0.037000405788421634,-0.0361537516117096,0.0004430918707038667,-0.02761179953813553,,,,,,,,,,,,,,,,,,,,,,,,,0.11049991718638084,0.11377368122339249,0.11049991718638084,0.10938960313796997,0.10970747873187064,0.10998566150665283,0.11018864065408707,0.11044254153966904,0.11075228452682495,0.11108302623033524,0.11181099951267243,0.0004453687446651591,0.12443634122610092,0,,,,,,,,,,,,,,,,,,,,,,,,,,visual,0.0,,,,,,,,0.05059447065589796,0.05122978612780571,0.05059447065589796,0.04963850975036621,0.050027111321687696,0.05026031881570816,0.050420334562659264,0.050617869943380356,0.050781067460775375,0.05089275389909744,0.05104650050401688,0.0002414310561015237,0.2572502203280142,0.2572502203280142,0.0006801488043249979,0.0022065043449401855,0.0006801488043249979,0.0,0.0004152153676841408,0.00045959838316775856,0.0005140178254805505,0.0006229914724826813,0.0007878569595050067,0.0009770078817382458,0.00144300223561004,0.00022367631700329023,,,,,,,,,,,,,1.9835331872461968e-07,0,,,,,,,,,,,,,,,,,,,,,,,,,,,,,,,,,,,,,,,filter,,,,,,,44,,,,,,,,,,,,,,,,,,,,,,,,,U
,,,,,,,,,,,,,,,,,,,,,,,,,,,Toys,0.015208190369484332,-0.0023947968147695065,-0.015208190369484332,-0.023384403437376022,-0.021993743553757668,-0.01921750083565712,-0.017422073520720005,-0.015417587012052536,-0.013141874689608812,-0.010976310819387436,-0.007001617988571523,0.0032199173495429238,-0.007565646898001432,,,,,,,,,,,,,,,,,,,,,,,,,0.07637695733815122,0.08991314470767975,0.07637695733815122,0.06646338850259781,0.06926376342773438,0.07223634421825409,0.07407813891768456,0.07616513967514038,0.07851026207208633,0.0807915449142456,0.08510112687945366,0.003368320274001749,0.11802975833415985,1,,,,,,,,,,,,,,,,,,,,,,,,,,visual,0.0,,,,,,,,0.01689617366199909,-0.0165785513818264,-0.01689617366199909,-0.01710740104317665,-0.017043338380753992,-0.016994180157780647,-0.016957109794020653,-0.0169039536267519,-0.016839217394590378,-0.016786612570285797,-0.016708919703960417,7.92001721728922e-05,0.05331948777241508,0.05331948777241508,0.00198278959236549,-0.0,-0.00198278959236549,-0.006432465743273497,-0.00420668201521039,-0.0028482018504291775,-0.002296783495694399,-0.0018161628395318985,-0.001498479745350778,-0.0013398345792666078,-0.001210447987541556,0.0006520677102276605,,,,,,,,,,,,,1.1345581468251216e-05,0,,,,,,,,,,,,,,,,,,,,,,,,,,,,,,,,,,,,,,,filter,,,,,,,44,,,,,,,,,,,,,,,,,,,,,,,,,U
,,,,,,,,,,,,,,,,,,,,,,,,,,,Toys,0.032820561766718055,0.03425728902220726,0.032820561766718055,0.027669481933116913,0.029561256058514118,0.031195390224456786,0.032237131148576736,0.03313250094652176,0.033651938661932945,0.03394770547747612,0.034217794239521024,0.0010993806817442941,0.02627447433769703,,,,,,,,,,,,,,,,,,,,,,,,,0.7874053349152773,0.7890869975090027,0.7874053349152773,0.7818238735198975,0.7841469693183899,0.7857852458953858,0.7868110537528992,0.787711501121521,0.7882373929023743,0.788528847694397,0.7888538908958435,0.0010994440199534302,0.7456478476524353,2,,,,,,,,,,,,,,,,,,,,,,,,,,visual,0.0,,,,,,,,0.01689851140622774,-0.01658720150589943,-0.01689851140622774,-0.017105495557188988,-0.017046522721648215,-0.016996066272258758,-0.016959414817392826,-0.016906246542930603,-0.01684131845831871,-0.016789171472191812,-0.016711831949651243,7.900338141528419e-05,0.013008662436153288,0.013008662436153288,0.00043906540602358296,-0.0,-0.00043906540602358296,-0.0014243938494473696,-0.000931520233862102,-0.0006307007977738976,-0.0005085956654511392,-0.00040216787601821125,-0.0003318207018310204,-0.00029669058858416975,-0.00026803943386767055,0.00014439271578335996,,,,,,,,,,,,,1.2087771530113585e-06,0,,,,,,,,,,,,,,,,,,,,,,,,,,,,,,,,,,,,,,,filter,,,,,,,44,,,,,,,,,,,,,,,,,,,,,,,,,U
,,,,,,,,,,,,,,,,,,,,,,,,,,,Toys,0.029181124247461162,0.030702371150255203,0.029181124247461162,0.023450085893273354,0.025887377038598062,0.02751592993736267,0.028570003807544708,0.029481112957000732,0.03004025761038065,0.030354154109954835,0.030661568231880664,0.0011281442878437761,0.026606358587741852,,,,,,,,,,,,,,,,,,,,,,,,,0.06463100014587017,0.06961283832788467,0.06463100014587017,0.05871077999472618,0.06106160454452038,0.06282509714365006,0.06391755864024162,0.06484638154506683,0.06552368029952049,0.06606725603342056,0.06694427639245988,0.0012768771359753044,0.023901598528027534,3,,,,,,,,,,,,,,,,,,,,,,,,,,visual,0.0,,,,,,,,0.016799785574980478,-0.01647276058793068,-0.016799785574980478,-0.01701689325273037,-0.016956245824694634,-0.016902565583586694,-0.016864001750946045,-0.016807816922664642,-0.01673945225775242,-0.01668427549302578,-0.016603756807744504,8.33951565724817e-05,0.21116266411929954,0.21116266411929954,0.001741706193137309,0.005650355480611324,0.001741706193137309,0.0,0.0010632719681598246,0.0011769267730414867,0.0013162826653569937,0.001595339272171259,0.002017522230744362,0.00250189476646483,0.0036952002253383453,0.0005727841083683899,,,,,,,,,,,,,1.6304152203764958e-06,0,,,,,,,,,,,,,,,,,,,,,,,,,,,,,,,,,,,,,,,filter,,,,,,,44,,,,,,,,,,,,,,,,,,,,,,,,,U
,,,,,,,,,,,,0.01776717258258783,-0.0,-0.01776717258258783,-0.1048961877822876,-0.06724613904953003,-0.0379750058054924,-0.02499786578118801,-0.014078188687562943,-0.006536372471600771,-0.0025630295276641846,-0.0001449376723030582,0.014859972402033867,0.0,0,,Grocery,,,,,,,,,,,,,,,,,,,,,,,,,,0.07150317094672537,0.12350243330001831,0.04168647091071207,-0.27400732040405273,-0.1691572666168213,-0.06448821723461151,0.013715960551053286,0.06874518096446991,0.08971069939434528,0.09896831959486008,0.10794846713542938,0.06707904044273873,,,,,,,,,,,,,,,nan,0.06462994217048908,0.13786037266254425,0.06462994217048908,1.535913543193601e-05,0.0070681618247181175,0.03855254873633385,0.05270502623170614,0.06712515652179718,0.07917936891317368,0.08731435388326646,0.10144591636955738,0.01971394800128483,0.06581860695823268,0.10992629826068878,0.03882326897919233,-0.21507516503334045,-0.1446830779314041,-0.060581427067518234,0.013530393363907933,0.0643233060836792,0.08232521452009678,0.09005565196275711,0.09743095934391022,0.06064892264445523,text,,142262,159336.0,0.0,0.0,0.0032672735230320983,0.03606130011143174,0.0053058383181065275,,,,,,,,,,,,,,,,,,,,,,,,,,,0.06581860449161377,0.1099262684583664,0.038823266761009535,-0.21507515013217926,-0.1446830779314041,-0.06058143079280853,0.01353037846274674,0.06432326883077621,0.08232524432241917,0.0900556668639183,0.09743095189332962,0.060648921888817695,,,1.0414464391738756,1,0.0581254262644702,1.116195797920227,1.0414464391738756,0.8064808249473572,0.865296483039856,0.9412171244621277,1.0136223435401917,1.0664371252059937,1.0858088731765747,1.0942351818084717,1.1023353338241577,0.060534518208654284,0.2581944001174655,1.18048095703125,8.548525475240317e-10,-1.524362325668335,-0.9701129198074341,-0.48064786195755005,-0.17156049981713295,0.060096681118011475,0.2206166386604309,0.36779600381851196,0.6421633362770081,0.3365966580696575,0.022795240645373804,0.10422126948833466,7.499550342400927e-11,-0.1345815658569336,-0.08564847707748413,-0.042435016483068466,-0.01514658285304904,0.005305762868374586,0.019477607682347298,0.03247164934873581,0.05669475346803665,0.02971715040403271,relation,0.0,0.0,0.030955925583839417,-0.06881316006183624,0.0882871225476265,0.06960612535476685,42,0.541844024239354,1.0000001192092896,0.4094139370208368,-0.9578322768211365,-0.755716860294342,-0.2969898283481598,0.11654340662062168,0.5275164246559143,0.780431941151619,0.9057449102401733,0.994192898273468,0.4539256371166033,0.037715663080296634,0.06960613280534744,0.02849771782411426,-0.0666709914803505,-0.05260252207517624,-0.020672312006354332,0.008112135110422969,0.036718375980854034,0.05432284250855446,0.06304539740085602,0.06920191645622253,0.031596004806001936,U
,,,,,,,,,,,,0.005780999278821882,-0.0,-0.005780999278821882,-0.03129464387893677,-0.019678685814142227,-0.01225690171122551,-0.008291926002129912,-0.0047442009672522545,-0.0021624217624776065,-0.0008551138453185558,-5.002678881282918e-05,0.004586590090704927,0.0,0,,Grocery,,,,,,,,,,,,,,,,,,,,,,,,,,0.0522175272474061,0.134355366230011,0.03471724109235557,-0.1562483012676239,-0.09523944556713104,-0.037800271064043045,0.005199841223657131,0.04631265997886658,0.07252585515379906,0.08637327700853348,0.10559488832950592,0.04815833484158438,,,,,,,,,,,,,,,nan,0.04827663979930663,0.11290386319160461,0.04827663979930663,1.0076808393932879e-05,0.004822502098977566,0.02505940888077021,0.03698658384382725,0.0487052109092474,0.06079980079084635,0.07134194001555444,0.08408511795103552,0.017632015272606258,0.0489396769258251,0.11844202131032944,0.032415562659487154,-0.13513383269309998,-0.086957648396492,-0.036423444747924805,0.0051729760598391294,0.04426276311278343,0.06762157008051872,0.0795060470700264,0.0955095887184143,0.044708153170162454,visual,,142262,159336.0,0.0,0.0,0.002552021598652138,0.02816697656657944,0.004190920808637122,,,,,,,,,,,,,,,,,,,,,,,,,,,0.048939673606512864,0.11844205111265182,0.03241556035189845,-0.13513386249542236,-0.086957648396492,-0.0364234521985054,0.005172942648641765,0.044262733310461044,0.06762154772877693,0.07950606942176819,0.09550956636667252,0.04470815045144785,,,1.0339660605851204,1,0.04384831072968509,1.1257416009902954,1.0339660605851204,0.8735989928245544,0.9167159199714661,0.9642319083213806,1.005186378955841,1.0452569723129272,1.0699603259563446,1.0827521085739136,1.1002193689346313,0.045337665108528616,0.23852960330545134,1.102928638458252,1.7533311767651597e-09,-1.2912471294403076,-0.7926551103591919,-0.4246036410331726,-0.18057477846741676,0.03632009029388428,0.20490658655762672,0.3543679118156433,0.6370849013328552,0.3044845601840884,0.01670070842525566,0.0772218182682991,1.2068658839190734e-10,-0.09040698409080505,-0.05549794062972069,-0.029728727415204048,-0.012642987305298448,0.0025429599918425083,0.014346584677696228,0.02481115609407425,0.04460565373301506,0.02131856084055147,relation,0.0,0.0,0.01884625107049942,-0.024235982447862625,0.07001524418592453,0.06501786410808563,42,0.456383225183215,1.000000238418579,0.33301600217646254,-0.9181375503540039,-0.6558024287223816,-0.27181071043014526,0.04243551939725876,0.3849024474620819,0.6660360246896744,0.8492048978805542,0.9983013868331909,0.4168233881076445,0.029673062510069473,0.06501787900924683,0.021651989168939595,-0.05969534069299698,-0.0426388718187809,-0.017672551795840263,0.002759066817816347,0.025025535374879837,0.04330423939973116,0.05521348863840103,0.06490742415189743,0.027100966396849554,U
,,,,,,,,,,,,,,,,,,,,,,,,,,,Grocery,0.050899633587432616,0.059489116072654724,0.05089381053776275,-0.009546635672450066,0.015025856923311948,0.03866254575550556,0.04792179726064205,0.05412362329661846,0.05724006425589323,0.058486126363277435,0.05923827674239874,0.009253491160118591,0.03506951034069061,,,,,,,,,,,,,,,,,,,,,,,,,0.32864311579045413,0.35179534554481506,0.32864311579045413,0.2645661532878876,0.2916866871714592,0.3156020551919937,0.32450584322214127,0.33105383813381195,0.3357076495885849,0.3387911945581436,0.34254430919885637,0.010280486912779281,0.13645493984222412,0,,,,,,,,,,,,,,,,,,,,,,,,,,text,0.0,,,,,,,,0.09222850233579989,0.09362364560365677,0.09222850233579989,0.09083457291126251,0.09130742967128753,0.09165649116039276,0.09191337041556835,0.09222476184368134,0.0925372764468193,0.09281014278531075,0.09318695090711117,0.00043449774505224125,0.20822374247952416,0.20822374247952416,0.01399635267995687,0.029855240136384964,0.01399635267995687,3.326196292618988e-06,0.0015306912106461822,0.008348994981497526,0.011413876200094819,0.014536720234900713,0.017147197853773832,0.01890892069786787,0.021969272140413523,0.004269280768964714,,,,,,,,,,,,,0.00010568841116382609,0,,,,,,,,,,,,,,,,,,,,,,,,,,,,,,,,,,,,,,,filter,,,,,,,42,,,,,,,,,,,,,,,,,,,,,,,,,U
,,,,,,,,,,,,,,,,,,,,,,,,,,,Grocery,0.009671076106837463,-0.004682403989136219,-0.009671076106837463,-0.012309182435274124,-0.011943179564550519,-0.01134387068450451,-0.010734424693509936,-0.00981319509446621,-0.008723398437723517,-0.007780252071097493,-0.006424416350200769,0.0013447402318654002,-0.01426252443343401,,,,,,,,,,,,,,,,,,,,,,,,,0.05934830180296116,0.06586197018623352,0.05934830180296116,0.054020702838897705,0.05609730057418347,0.057134535163640976,0.058002459816634655,0.0591858085244894,0.060531617142260075,0.06178186982870102,0.06385082796216011,0.0017775587602403059,0.11746743321418762,1,,,,,,,,,,,,,,,,,,,,,,,,,,text,0.0,,,,,,,,0.03037485977661188,-0.02986564300954342,-0.03037485977661188,-0.030919011682271957,-0.030732481852173806,-0.030588334053754808,-0.030488452408462763,-0.03037179633975029,-0.030258869752287865,-0.030166786164045334,-0.030030768513679505,0.00016030464839932466,0.45489698624784336,0.45489698624784336,0.00381066830198044,-9.055952432390768e-07,-0.00381066830198044,-0.008128433488309383,-0.005981387621723115,-0.0051481716334819795,-0.00466852227691561,-0.003957789624109864,-0.0031075592269189656,-0.0022731101373210543,-0.00041674832318676553,0.0011623608844784897,,,,,,,,,,,,,3.159715146107053e-06,0,,,,,,,,,,,,,,,,,,,,,,,,,,,,,,,,,,,,,,,filter,,,,,,,42,,,,,,,,,,,,,,,,,,,,,,,,,U
,,,,,,,,,,,,,,,,,,,,,,,,,,,Grocery,0.057133092492663046,-0.006167684681713581,-0.057133092492663046,-0.07146808505058289,-0.07113472476601601,-0.06882242858409882,-0.06598314270377159,-0.06035643443465233,-0.051300047896802425,-0.03999194353818893,-0.02165396802127361,0.011581535129034367,-0.031827330589294434,,,,,,,,,,,,,,,,,,,,,,,,,0.6194899409845309,0.6715060472488403,0.6194899409845309,0.6028844118118286,0.6048274898529052,0.6075706720352173,0.6105645298957825,0.616291344165802,0.6254342049360275,0.6366625785827636,0.6551453018188477,0.011701783074854585,0.743288516998291,2,,,,,,,,,,,,,,,,,,,,,,,,,,text,0.0,,,,,,,,0.030249793698193667,-0.029726507142186165,-0.030249793698193667,-0.030766306445002556,-0.03061104180291295,-0.03046806212514639,-0.03036546241492033,-0.030248571187257767,-0.030131010338664055,-0.030033975094556808,-0.029903247971087694,0.00016372925784090064,0.02435573148698798,0.02435573148698798,0.004588359347350718,-1.0904115015364368e-06,-0.004588359347350718,-0.009787305258214474,-0.007202084856107831,-0.006198823731392622,-0.005621286225505173,-0.0047655056696385145,-0.003741758002433926,-0.0027370123192667958,-0.0005017993837827807,0.0013995785015456445,,,,,,,,,,,,,0.0001369317271309532,0,,,,,,,,,,,,,,,,,,,,,,,,,,,,,,,,,,,,,,,filter,,,,,,,42,,,,,,,,,,,,,,,,,,,,,,,,,U
,,,,,,,,,,,,,,,,,,,,,,,,,,,Grocery,0.06080707926762428,-0.002011127769947052,-0.06080707926762428,-0.07989564538002014,-0.07959666058421135,-0.0763530358672142,-0.07218397781252861,-0.06415320187807083,-0.05267578922212124,-0.03965931423008442,-0.01919724719598889,0.014380478061892266,-0.04159233346581459,,,,,,,,,,,,,,,,,,,,,,,,,0.1221562236494233,-0.06253886967897415,-0.1221562236494233,-0.1440468430519104,-0.14171030148863792,-0.13799257725477218,-0.1336275115609169,-0.1253984197974205,-0.11383637972176075,-0.10089616999030113,-0.08032129794359207,0.014569469655220702,0.017444361001253128,3,,,,,,,,,,,,,,,,,,,,,,,,,,text,1.0,,,,,,,,0.031603848830884816,-0.031236406415700912,-0.031603848830884816,-0.031951483339071274,-0.031851120740175244,-0.031754063069820405,-0.03168334253132343,-0.03160446882247925,-0.03152201045304537,-0.03145419880747795,-0.031363564282655715,0.00011260178518523675,0.023150799835257693,0.023150799835257693,0.005597323100085231,-1.3301889794092858e-06,-0.005597323100085231,-0.011939497664570808,-0.008785797460004687,-0.007561922678723932,-0.006857386790215969,-0.005813423078507185,-0.0045645572245121,-0.003338871523737907,-0.0006121432653162617,0.0017073407900717941,,,,,,,,,,,,,0.00021226944603439685,0,,,,,,,,,,,,,,,,,,,,,,,,,,,,,,,,,,,,,,,filter,,,,,,,42,,,,,,,,,,,,,,,,,,,,,,,,,U
,,,,,,,,,,,,,,,,,,,,,,,,,,,Grocery,0.007888579154070647,0.012398242019116879,-0.00740526747515258,-0.015215261839330196,-0.013743298687040805,-0.011661323811858892,-0.010241411859169602,-0.008385666646063328,-0.005653932690620422,-0.0016071515041403404,0.006698326379992067,0.004212804045791954,-0.01698525808751583,,,,,,,,,,,,,,,,,,,,,,,,,0.17262402328801013,0.192094624042511,0.17262402328801013,0.1630048155784607,0.16568483918905258,0.16816467344760894,0.16981765255331993,0.17194852232933044,0.17454427853226662,0.17812928855419158,0.185974348038435,0.00413231966779002,0.13645493984222412,0,,,,,,,,,,,,,,,,,,,,,,,,,,visual,0.0,,,,,,,,0.056022150715171797,0.0577322281897068,0.056022150715171797,0.053540706634521484,0.054322143606841566,0.055052591115236284,0.055528937838971615,0.05605035461485386,0.056559051387012005,0.05696720816195011,0.057348250225186345,0.0007159199387810107,0.18446856590847022,0.18446856590847022,0.00453746018622993,0.010611691512167454,0.00453746018622993,9.471064572608157e-07,0.0004532608663430437,0.002355301985517144,0.0034763222211040556,0.004577741026878357,0.00571449613198638,0.006705338647589088,0.007903053406625988,0.0016572107666426898,,,,,,,,,,,,,1.707606583680422e-05,0,,,,,,,,,,,,,,,,,,,,,,,,,,,,,,,,,,,,,,,filter,,,,,,,42,,,,,,,,,,,,,,,,,,,,,,,,,U
,,,,,,,,,,,,,,,,,,,,,,,,,,,Grocery,0.013484864680285947,-0.0017881715903058648,-0.013484864680285947,-0.02016540616750717,-0.019690925329923628,-0.01751117743551731,-0.015849217772483826,-0.013664057478308678,-0.01133023644797504,-0.009179365169256926,-0.005925423018634319,0.003161226525426395,-0.007296837866306305,,,,,,,,,,,,,,,,,,,,,,,,,0.07594806157097027,0.08904517441987991,0.07594806157097027,0.06855158507823944,0.06975538827478886,0.07189026400446892,0.07360550947487354,0.0758080780506134,0.07814346067607403,0.0802397944033146,0.08330174989998342,0.003161109908998825,0.11746743321418762,1,,,,,,,,,,,,,,,,,,,,,,,,,,visual,0.0,,,,,,,,0.018693119756261267,-0.017874252051115036,-0.018693119756261267,-0.01925818994641304,-0.019131625555455684,-0.01900555193424225,-0.018870289903134108,-0.018702772445976734,-0.018529894296079874,-0.01837264746427536,-0.018130313642323016,0.00023663947453561327,0.05095549985760307,0.05095549985760307,0.0020445493514253676,-4.267598683327378e-07,-0.0020445493514253676,-0.004781557712703943,-0.003561063406523317,-0.0030213808408007027,-0.00257491396041587,-0.0020626996411010623,-0.0015664076781831682,-0.001061283389572054,-0.00020423632842721414,0.0007467281386391392,,,,,,,,,,,,,9.992615856770561e-06,0,,,,,,,,,,,,,,,,,,,,,,,,,,,,,,,,,,,,,,,filter,,,,,,,42,,,,,,,,,,,,,,,,,,,,,,,,,U
,,,,,,,,,,,,,,,,,,,,,,,,,,,Grocery,0.03222246416946429,0.03386494889855385,0.03222246416946429,0.021552279591560364,0.02739246914163232,0.030016147159039976,0.0314309224486351,0.03273945860564709,0.03339883405715227,0.03367346823215485,0.033857210017740724,0.001550443689478406,0.024750277400016785,,,,,,,,,,,,,,,,,,,,,,,,,0.7766836255917968,0.7827619314193726,0.7766836255917968,0.7626726031303406,0.7700402092933655,0.7736276984214783,0.7753787934780121,0.7769898772239685,0.7782910913228989,0.7793202042579651,0.7812954819202423,0.002353570287373281,0.743288516998291,2,,,,,,,,,,,,,,,,,,,,,,,,,,visual,0.0,,,,,,,,0.018689064527949592,-0.017865605652332306,-0.018689064527949592,-0.019255176186561584,-0.019128303155303002,-0.01900236904621124,-0.01886694459244609,-0.01869839522987604,-0.018525798339396715,-0.018368086777627468,-0.01812696348875761,0.00023696209017942568,0.5568048014144783,0.5568048014144783,0.004888583131438816,-1.0203965530308778e-06,-0.004888583131438816,-0.011432857252657413,-0.00851461705751717,-0.007224218640476465,-0.006156701711006463,-0.004931980976834893,-0.003745331021491438,-0.002537562814541161,-0.0004883355880156158,0.0017854509507407368,,,,,,,,,,,,,5.539293097606349e-06,0,,,,,,,,,,,,,,,,,,,,,,,,,,,,,,,,,,,,,,,filter,,,,,,,42,,,,,,,,,,,,,,,,,,,,,,,,,U
,,,,,,,,,,,,,,,,,,,,,,,,,,,Grocery,0.02407456240885652,0.02505459636449814,0.02407456240885652,0.01573324389755726,0.020773785170167685,0.02261031586676836,0.02355478797107935,0.024466454051434994,0.024858346674591303,0.024990920349955557,0.02505394272506237,0.0010520657425413117,0.022314367815852165,,,,,,,,,,,,,,,,,,,,,,,,,0.047588993858380634,0.050983019173145294,0.047588993858380634,0.03964938968420029,0.04315915253013372,0.045562402531504634,0.046818990260362625,0.047872038558125496,0.0486066872254014,0.04920434542000294,0.04996444687247276,0.0014671692548368239,0.017444361001253128,3,,,,,,,,,,,,,,,,,,,,,,,,,,visual,0.0,,,,,,,,0.01863996646881603,-0.017800845205783844,-0.01863996646881603,-0.01921885460615158,-0.019089206084609033,-0.01896030977368355,-0.018821877893060446,-0.018649477511644363,-0.01847243122756481,-0.018311561457812785,-0.018065420780330896,0.00024232824132535715,0.38649818382952233,0.38649818382952233,0.0023956709771279987,0.005602720659226179,0.0023956709771279987,5.000496798857057e-07,0.00023931094037834554,0.0012435434386134149,0.0018354154308326542,0.0024169381940737367,0.0030171179096214473,0.0035402592271566394,0.004172624093480409,0.0008749678401286206,,,,,,,,,,,,,2.152585622338441e-06,0,,,,,,,,,,,,,,,,,,,,,,,,,,,,,,,,,,,,,,,filter,,,,,,,42,,,,,,,,,,,,,,,,,,,,,,,,,U
,,,,,,,,,,,,0.013475441113473057,-0.0,-0.013475441113473057,-0.08916592597961426,-0.05502847954630852,-0.029436439275741577,-0.01868640072643757,-0.010246289893984795,-0.004781669354997575,-0.0018274480244144797,-0.00010848993406398222,0.011886912820656313,0.0,0,,Grocery,,,,,,,,,,,,,,,,,,,,,,,,,,0.051986450506257845,0.08029723167419434,0.03186736076750137,-0.21018356084823608,-0.1260668784379959,-0.04248862341046333,0.017693000845611095,0.05208916589617729,0.0638778954744339,0.06842684745788574,0.07271578907966614,0.0472512346460057,,,,,,,,,,,,,,,nan,0.04853487566358153,0.10007695108652115,0.04853487566358153,0.00011615781113505363,0.005885535697452724,0.02994951643049717,0.040757300332188606,0.05103023909032345,0.05842827446758747,0.0629755400121212,0.07587133392691613,0.01384709530677166,0.04895134464304074,0.07432883232831955,0.030321580989703764,-0.17367905378341675,-0.1119532436132431,-0.0407569520175457,0.017385379411280155,0.049510225653648376,0.060042514465749264,0.06404447555541992,0.06778670102357864,0.04379883686231707,text,,142262,159336.0,0.0,0.0,0.0023399404632837915,0.025826210965971354,0.003857207813127388,,,,,,,,,,,,,,,,,,,,,,,,,,,0.048951340457069996,0.07432883232831955,0.030321577506142366,-0.17367906868457794,-0.11195327341556549,-0.040756918489933014,0.017385400366038084,0.04951021820306778,0.06004250328987837,0.06404448300600052,0.06778663396835327,0.04379883407208468,,,1.0317514602876963,1,0.042247654160455776,1.0771609544754028,1.0317514602876963,0.8405666351318359,0.8940860629081726,0.9600624442100525,1.017537385225296,1.0507563352584839,1.0618816912174225,1.066139817237854,1.0701370239257812,0.04358907887382207,0.24920354733128025,1.1460109949111938,2.743389226345492e-10,-1.6489601135253906,-1.0092923641204834,-0.4690762162208557,-0.14982125535607338,0.0604625940322876,0.20856699347496033,0.3530988097190857,0.6299541592597961,0.3323043128734052,0.015980123983319015,0.07348770648241043,1.662901751428668e-11,-0.10573921352624893,-0.06472065299749374,-0.03007941134274006,-0.00960725569166243,0.0038771508261561394,0.0133743139449507,0.022642385214567184,0.04039567708969116,0.02130894273491841,relation,0.0,0.0,0.023784827440977097,-0.054074034094810486,0.06412478536367416,0.04563093185424805,43,0.5875865827974522,1.000000238418579,0.47244212181366,-0.9632109999656677,-0.7475364208221436,-0.24536454677581787,0.21394800767302513,0.6147390007972717,0.8322806358337402,0.9260185360908508,0.9943271279335022,0.44965398567513915,0.026812123320052107,0.04563094303011894,0.021557974267124698,-0.04395221546292305,-0.03411078453063965,-0.011196212843060493,0.009762646863237023,0.028051113709807396,0.03797774016857147,0.042255088686943054,0.045372072607278824,0.02051813038023216,U
,,,,,,,,,,,,0.0038710120204186555,-0.0,-0.0038710120204186555,-0.02379755675792694,-0.014525103382766247,-0.008161964826285839,-0.005364304524846375,-0.003119728295132518,-0.0015044652682263404,-0.0005741326604038477,-3.4806635085260496e-05,0.0031815766131905346,0.0,0,,Grocery,,,,,,,,,,,,,,,,,,,,,,,,,,0.0387318607748915,0.07371535897254944,0.035809057893125745,-0.06766799092292786,-0.03259167820215225,0.0012350361794233322,0.023108897265046835,0.04294509068131447,0.05361594818532467,0.05887536704540253,0.06411505490541458,0.023069291504302356,,,,,,,,,,,,,,,nan,0.03700423312481127,0.061402589082717896,0.03700423312481127,0.00012521739699877799,0.0049889866495504975,0.021345051378011706,0.029611910227686167,0.03824746794998646,0.045843539759516716,0.05114829242229462,0.056699311733245855,0.011616332006800331,0.03700434661858778,0.06865443289279938,0.034152537871830584,-0.06337927281856537,-0.031562965363264084,0.0012335318606346846,0.0225869407877326,0.041176773607730865,0.050887590274214745,0.05560176074504852,0.06025205925107002,0.021874412516724045,visual,,142262,159336.0,0.0,0.0,0.001565366278040712,0.0172771403247424,0.0028349575065062917,,,,,,,,,,,,,,,,,,,,,,,,,,,0.03700434357303321,0.06865447014570236,0.03415253486288226,-0.06337924301624298,-0.031562987715005875,0.001233512768521905,0.022586938459426165,0.041176747530698776,0.050887562334537506,0.05560179427266121,0.06025199592113495,0.02187441039810473,,,1.0349878838638766,1,0.02159380160338818,1.0710660219192505,1.0349878838638766,0.9385874271392822,0.9689299464225769,1.0012342929840088,1.0228439569473267,1.0420362949371338,1.0522046089172363,1.0571765899658203,1.0621042251586914,0.022349323026088712,0.2238121336876226,1.1347543001174927,1.4432612886426287e-09,-1.3759145736694336,-0.8269304633140564,-0.39780279994010925,-0.16063307970762253,0.04509258270263672,0.191233828663826,0.3176949620246887,0.5908522009849548,0.2897062973957675,0.006713482570536643,0.03403815999627113,4.337617417436335e-11,-0.04127201810479164,-0.024804657325148582,-0.011932517401874065,-0.004818359739147127,0.0013525999384000897,0.005736261606216431,0.00952959805727005,0.017723239958286285,0.008690047970988381,relation,0.0,0.0,0.026180120185017586,-0.01729580946266651,0.029996061697602272,0.033443767577409744,43,0.5023522267408606,1.000000238418579,0.4036611516267565,-0.897702157497406,-0.6299394369125366,-0.20673319697380066,0.12267905473709106,0.482062965631485,0.7446033954620361,0.8812178373336792,0.9971152544021606,0.4122670691445345,0.016800551109816198,0.03344377502799034,0.013499949732533156,-0.03002254292368889,-0.021067548543214798,-0.006913937162607908,0.004102849983610213,0.0161220021545887,0.024902343284338713,0.029471244663000107,0.03334729000926018,0.01378776403569466,U
,,,,,,,,,,,,,,,,,,,,,,,,,,,Grocery,0.028740223733916694,0.04312475770711899,0.028339710560099613,-0.022487659007310867,-0.007698278315365315,0.01085374252870679,0.022031100932508707,0.03192749805748463,0.037478222511708736,0.0400863878428936,0.04205268915742636,0.011818261348700827,0.02153659611940384,,,,,,,,,,,,,,,,,,,,,,,,,0.2673459144153597,0.28833910822868347,0.2673459144153597,0.21676993370056152,0.23113501995801924,0.25027289390563967,0.26127806305885315,0.2707933485507965,0.2761823236942291,0.2790955513715744,0.28230920553207395,0.011771208768127856,0.128609299659729,0,,,,,,,,,,,,,,,,,,,,,,,,,,text,0.0,,,,,,,,0.08112179681735546,0.08283252269029617,0.08112179681735546,0.07927548140287399,0.07974068425595761,0.08028376698493958,0.08067715726792812,0.08114316314458847,0.08157740533351898,0.08193195015192031,0.08244321152567864,0.0006241043764224386,0.05542546662882829,0.05542546662882829,0.0077385187753617754,0.015956511721014977,0.0077385187753617754,1.8520484445616603e-05,0.0009384041401790455,0.004775223787873983,0.006498443312011659,0.008136385586112738,0.00931594637222588,0.010040973126888276,0.012097109826281668,0.002207814597173434,,,,,,,,,,,,,0.00013856135586285014,0,,,,,,,,,,,,,,,,,,,,,,,,,,,,,,,,,,,,,,,filter,,,,,,,43,,,,,,,,,,,,,,,,,,,,,,,,,U
,,,,,,,,,,,,,,,,,,,,,,,,,,,Grocery,0.006194207690114213,0.007607256527990103,0.006194207690114213,0.002772416453808546,0.0037615355057641865,0.005001268396154046,0.005700796726159751,0.006343688583001494,0.006829292164184153,0.007162822224199772,0.0074985873419791465,0.000844862359967167,0.01924343965947628,,,,,,,,,,,,,,,,,,,,,,,,,0.13845808118672537,0.14195939898490906,0.13845808118672537,0.13324129581451416,0.13554229602217674,0.13703009039163588,0.13782525062561035,0.13855477422475815,0.13917939737439156,0.1397286295890808,0.14078904330730438,0.0010787823142210415,0.14206194877624512,1,,,,,,,,,,,,,,,,,,,,,,,,,,text,0.0,,,,,,,,0.026709621269144602,-0.026033177971839905,-0.026709621269144602,-0.027350256219506264,-0.02719587938860059,-0.02700489368289709,-0.02687557553872466,-0.026717194356024265,-0.026547273620963097,-0.026403755880892277,-0.02620373146608472,0.00022788900126024316,0.39034216635789215,0.39034216635789215,0.0023318880035356174,-5.580873676080955e-06,-0.0023318880035356174,-0.004808258730918169,-0.003645284951198846,-0.0030256986385211347,-0.0028072224813513458,-0.0024517792044207454,-0.0019582094973884523,-0.0014389429823495443,-0.0002827741950750344,0.0006652922251486028,,,,,,,,,,,,,1.1637712814761059e-06,0,,,,,,,,,,,,,,,,,,,,,,,,,,,,,,,,,,,,,,,filter,,,,,,,43,,,,,,,,,,,,,,,,,,,,,,,,,U
,,,,,,,,,,,,,,,,,,,,,,,,,,,Grocery,0.022986190480731982,-0.01498858630657196,-0.022986190480731982,-0.027408290654420853,-0.027131996098905802,-0.025855151750147343,-0.02487515890970826,-0.02333814464509487,-0.021252029575407505,-0.019557124003767967,-0.017316572051495314,0.0023895380934452187,-0.026531854644417763,,,,,,,,,,,,,,,,,,,,,,,,,0.66050551072264,0.6718785762786865,0.66050551072264,0.6534175276756287,0.6555844980478287,0.6571180820465088,0.658293828368187,0.6601062417030334,0.6623547375202179,0.6645336270332336,0.6682205981016159,0.0028808756593658937,0.742276132106781,2,,,,,,,,,,,,,,,,,,,,,,,,,,text,0.0,,,,,,,,0.026856319554027046,-0.02621285617351532,-0.026856319554027046,-0.027457283809781075,-0.027318863850086927,-0.027140095084905624,-0.027016467414796352,-0.026863649487495422,-0.026700051501393318,-0.02656332366168499,-0.026372713334858418,0.00021863766090485863,0.29962666400270793,0.29962666400270793,0.005396236365407357,-1.2914733815705404e-05,-0.005396236365407357,-0.011126820929348469,-0.008435576437041164,-0.007001787750050425,-0.00649621058255434,-0.0056736774276942015,-0.004531504935584962,-0.0033298668451607217,-0.0006543694727588428,0.0015395568282096073,,,,,,,,,,,,,8.299444564726872e-06,0,,,,,,,,,,,,,,,,,,,,,,,,,,,,,,,,,,,,,,,filter,,,,,,,43,,,,,,,,,,,,,,,,,,,,,,,,,U
,,,,,,,,,,,,,,,,,,,,,,,,,,,Grocery,0.041405991659299736,-0.012798300012946129,-0.041405991659299736,-0.054224975407123566,-0.05378133501857519,-0.05075133442878723,-0.04764467943459749,-0.042614879086613655,-0.03614053875207901,-0.030228716507554047,-0.02159197077155113,0.007816519627827413,-0.027240121737122536,,,,,,,,,,,,,,,,,,,,,,,,,0.07585415165730434,-0.0476100817322731,-0.07585415165730434,-0.08901172131299973,-0.08819871343672275,-0.08513786122202874,-0.08205652609467506,-0.07703878358006477,-0.0706420261412859,-0.06478650122880936,-0.056158355250954625,0.007755124253829641,0.020358212292194366,3,,,,,,,,,,,,,,,,,,,,,,,,,,text,1.0,,,,,,,,0.02755585599942025,-0.027018185704946518,-0.02755585599942025,-0.02804545685648918,-0.02793187290430069,-0.02778727374970913,-0.027687774039804935,-0.02756174560636282,-0.027427978813648224,-0.027315887063741683,-0.02715970041230321,0.0001787508245102636,3.87545127498814e-05,3.87545127498814e-05,1.0395093001433096e-05,-2.4878424653707043e-08,-1.0395093001433096e-05,-2.1434259906527586e-05,-1.624995495149051e-05,-1.348796258753282e-05,-1.2514039326561033e-05,-1.0929544259852264e-05,-8.729308547117398e-06,-6.41452179479529e-06,-1.2605511358287882e-06,2.9657404386609404e-06,,,,,,,,,,,,,6.0141952192336744e-05,0,,,,,,,,,,,,,,,,,,,,,,,,,,,,,,,,,,,,,,,filter,,,,,,,43,,,,,,,,,,,,,,,,,,,,,,,,,U
,,,,,,,,,,,,,,,,,,,,,,,,,,,Grocery,0.022423469792487254,-0.008074666373431683,-0.022423469792487254,-0.0240627471357584,-0.023800070956349374,-0.023518047668039797,-0.023274950683116913,-0.022892385721206665,-0.022159870248287916,-0.02066063843667507,-0.01668720692396164,0.001423359977587533,-0.023311400786042213,,,,,,,,,,,,,,,,,,,,,,,,,0.13593132748084505,0.14935797452926636,0.13593132748084505,0.13345173001289368,0.1342270104587078,0.13486389219760894,0.13522782921791077,0.1356789469718933,0.13625064864754677,0.13724514544010163,0.14081284746527672,0.0012141260903071281,0.128609299659729,0,,,,,,,,,,,,,,,,,,,,,,,,,,visual,0.0,,,,,,,,0.052043021498061434,0.053029969334602356,0.052043021498061434,0.0504390113055706,0.050891116969287394,0.051418473944067955,0.05175601318478584,0.05209098756313324,0.052387320436537266,0.05257465243339539,0.0528241015970707,0.0004428318234608493,0.07338628370537234,0.07338628370537234,0.0010138750214713163,0.0016823629848659039,0.0010138750214713163,3.430817969274358e-06,0.0001366927061462775,0.0005848307744599879,0.0008113335788948461,0.0010479383054189384,0.001256062212632969,0.0014014066313393415,0.0015534983179531993,0.00031827463722516354,,,,,,,,,,,,,1.474102163164473e-06,0,,,,,,,,,,,,,,,,,,,,,,,,,,,,,,,,,,,,,,,filter,,,,,,,43,,,,,,,,,,,,,,,,,,,,,,,,,U
,,,,,,,,,,,,,,,,,,,,,,,,,,,Grocery,0.01725518587555379,0.026729704812169075,0.01725518587555379,0.004472706932574511,0.008228368069976568,0.01210367251187563,0.014585776254534721,0.017300420440733433,0.02002169005572796,0.022281191870570184,0.025874041076749565,0.003918600919642867,0.016479097306728363,,,,,,,,,,,,,,,,,,,,,,,,,0.15957274656584408,0.16942666471004486,0.15957274656584408,0.14636896550655365,0.15040495187044145,0.15433667600154877,0.15693308785557747,0.1596558839082718,0.16234830021858215,0.16461760103702544,0.16814853206276895,0.0039379441319503765,0.14206194877624512,1,,,,,,,,,,,,,,,,,,,,,,,,,,visual,0.0,,,,,,,,0.017339554324260015,-0.016796227544546127,-0.017339554324260015,-0.017673471942543983,-0.0176016216725111,-0.017517802119255067,-0.01745507586747408,-0.017355619929730892,-0.017243063542991877,-0.017130088806152344,-0.016950835902243853,0.00014873162765158455,0.0150922777174693,0.0150922777174693,0.001116061431138188,0.001851924927905202,0.001116061431138188,3.7766033074149163e-06,0.00015046969623654148,0.0006437746924348176,0.0008931062620831653,0.0011535578523762524,0.0013826581998728216,0.0015426515368744732,0.0017100722435861827,0.0003503528928474841,,,,,,,,,,,,,1.5507403986362405e-05,0,,,,,,,,,,,,,,,,,,,,,,,,,,,,,,,,,,,,,,,filter,,,,,,,43,,,,,,,,,,,,,,,,,,,,,,,,,U
,,,,,,,,,,,,,,,,,,,,,,,,,,,Grocery,0.03331500306082729,0.03535051643848419,0.03331500306082729,0.02428923361003399,0.02844105038791895,0.030853834375739096,0.03228124789893627,0.03379601612687111,0.034664079546928406,0.035057302191853525,0.035336205177009104,0.0016915432564634648,0.025423701852560043,,,,,,,,,,,,,,,,,,,,,,,,,0.7789725673845226,0.7845088243484497,0.7789725673845226,0.7673084735870361,0.7728725868463516,0.7760123670101166,0.7777356058359146,0.779251754283905,0.7805222719907761,0.7815267086029053,0.7830285620689392,0.0021997693796714382,0.742276132106781,2,,,,,,,,,,,,,,,,,,,,,,,,,,visual,0.0,,,,,,,,0.01735981352059124,-0.016830401495099068,-0.01735981352059124,-0.017685582861304283,-0.017617643270641567,-0.017535686492919922,-0.01747379405423999,-0.017375788651406765,-0.01726489281281829,-0.017153018899261952,-0.016979332622140644,0.0001465462639046836,0.428398191233135,0.428398191233135,0.004682460119658998,-1.5844821973587386e-05,-0.004682460119658998,-0.007769791409373283,-0.007174645513296127,-0.006472228094935417,-0.005800972576253116,-0.004839777247980237,-0.0037470468087121844,-0.0027009706711396565,-0.0006312988547142578,0.0014699132190736772,,,,,,,,,,,,,4.8389853237400645e-06,0,,,,,,,,,,,,,,,,,,,,,,,,,,,,,,,,,,,,,,,filter,,,,,,,43,,,,,,,,,,,,,,,,,,,,,,,,,U
,,,,,,,,,,,,,,,,,,,,,,,,,,,Grocery,0.010594270145231472,0.012326816096901894,0.010594270145231472,0.006295287981629372,0.008677447708323597,0.0096197004429996,0.010178520809859037,0.010803674813359976,0.011115938192233443,0.01126221837475896,0.011530023207888008,0.0006826545269932316,0.023413382470607758,,,,,,,,,,,,,,,,,,,,,,,,,0.03957473505294908,0.042625389993190765,0.03957473505294908,0.034150104969739914,0.03629019130021334,0.038091371208429335,0.03899500332772732,0.03975920379161835,0.04035350400954485,0.04078727066516876,0.04139826063066721,0.0010909229950544644,0.020358212292194366,3,,,,,,,,,,,,,,,,,,,,,,,,,,visual,0.0,,,,,,,,0.017343653682010598,-0.016809498891234398,-0.017343653682010598,-0.01767091639339924,-0.017603209037333728,-0.017521190643310546,-0.017458553425967693,-0.017359799705445766,-0.01724782446399331,-0.01713500376790762,-0.016960514318197964,0.0001476237114227215,0.5647315022362999,0.5647315022362999,0.0025525238329995176,0.004235503729432821,0.0025525238329995176,8.637401151645463e-06,0.0003441364999162033,0.001472365378867835,0.0020426071132533252,0.002638281206600368,0.0031622524256817997,0.0035281702876091008,0.0039110751310363415,0.0008012857389276475,,,,,,,,,,,,,1.1901129811386032e-06,0,,,,,,,,,,,,,,,,,,,,,,,,,,,,,,,,,,,,,,,filter,,,,,,,43,,,,,,,,,,,,,,,,,,,,,,,,,U
,,,,,,,,,,,,0.01732017060006294,-0.0,-0.01732017060006294,-0.09921014308929443,-0.06275574862957001,-0.03726184368133545,-0.02444441057741642,-0.013836645521223545,-0.006547375814989209,-0.0024798274971544743,-0.00013658759417012334,0.014193412475741869,0.0,0,,Grocery,,,,,,,,,,,,,,,,,,,,,,,,,,0.07277269267712941,0.13193555176258087,0.03627045329263353,-0.28924596309661865,-0.186405748128891,-0.08052771538496017,0.004501986317336559,0.06599154323339462,0.08868876285851002,0.09844865649938583,0.1109892725944519,0.07268306013077476,,,,,,,,,,,,,,,nan,0.06531804073325985,0.14214837551116943,0.06531804073325985,3.5744033084483817e-06,0.007803086657077074,0.039409825950860976,0.054548801854252815,0.06775146722793579,0.07879224047064781,0.08663936853408814,0.10904100492596627,0.019726159995787033,0.06679207102059286,0.11655744910240173,0.03403220269346272,-0.22435282170772552,-0.1571180373430252,-0.07452628016471863,0.00448183692060411,0.06190621107816696,0.08146385289728642,0.08962512761354446,0.09990134090185165,0.06534042265056197,text,,142262,159336.0,0.0,0.0,0.003446902591953226,0.03804388825945139,0.005512733552105426,,,,,,,,,,,,,,,,,,,,,,,,,,,0.06679206877762894,0.11655747145414352,0.034032200538692645,-0.22435282170772552,-0.1571180373430252,-0.07452628761529922,0.004481809446588159,0.06190625578165054,0.08146383427083492,0.08962517976760864,0.09990129619836807,0.06534042207529087,,,1.0367653063421176,1,0.06257154168640194,1.1236220598220825,1.0367653063421176,0.7990331649780273,0.8546031713485718,0.9281830787658691,1.0044918954372406,1.0638625621795654,1.084874004125595,1.0937641859054565,1.1050618886947632,0.06487200358486367,0.26670403111208163,1.2308951616287231,-1.7673865785428617e-09,-1.5276838541030884,-0.9565969705581665,-0.5003625154495239,-0.18163752555847168,0.06029307842254639,0.22735749930143356,0.380933940410614,0.6643668413162231,0.3448160326566625,0.025944871614157292,0.1197410374879837,-1.7208513637902954e-10,-0.14861252903938293,-0.09305740892887115,-0.04867508262395859,-0.01766963303089142,0.005865288898348808,0.02211725525557995,0.037057116627693176,0.06462936848402023,0.03354357884981643,relation,0.0,0.0,0.02188894711434841,-0.06494154036045074,0.0972796380519867,0.07398714870214462,44,0.562868262577804,1.0000001192092896,0.42847544295019097,-0.975605309009552,-0.772610604763031,-0.30327415466308594,0.1470581702888012,0.5653392672538757,0.8007307201623917,0.9111917018890381,0.994482159614563,0.46118329248528317,0.04164501784221318,0.07398715615272522,0.031701676312886874,-0.07218225300312042,-0.05716325715184212,-0.02243839018046856,0.010880414862185717,0.041827838867902756,0.05924378242343664,0.0674164742231369,0.07357890158891678,0.03412163683824958,U
,,,,,,,,,,,,0.01345542969118144,-0.0,-0.01345542969118144,-0.07192719727754593,-0.04691772535443306,-0.028606055304408073,-0.01898261997848749,-0.010975613258779049,-0.005199716426432133,-0.0020042320247739553,-0.0001118730433518067,0.01074748066513857,0.0,0,,Grocery,,,,,,,,,,,,,,,,,,,,,,,,,,0.06089362280471827,0.11029622703790665,0.0422284115099897,-0.17902299761772156,-0.11078780144453049,-0.040152840316295624,0.01441618800163269,0.06129154562950134,0.08199344575405121,0.09190425276756287,0.09970331192016602,0.05236415905663596,,,,,,,,,,,,,,,nan,0.05537544235354598,0.11082464456558228,0.05537544235354598,8.243999218393583e-06,0.004993440532125532,0.03021214120090008,0.04317342396825552,0.057042794302105904,0.06952615268528461,0.07893064916133881,0.08823741614818574,0.018840842440527895,0.0567056432099198,0.09933947771787643,0.03925763678761346,-0.15184013545513153,-0.09973804652690887,-0.03860284388065338,0.014211342670023441,0.0577518455684185,0.07577996142208576,0.08416873216629028,0.09066380560398102,0.048331531307788174,visual,,142262,159336.0,0.0,0.0,0.0027524028491326337,0.0303786090972943,0.004555321366719977,,,,,,,,,,,,,,,,,,,,,,,,,,,0.05670563954511916,0.09933945536613464,0.03925763385918363,-0.15184012055397034,-0.09973804652690887,-0.03860282897949219,0.014211314963176847,0.0577518455684185,0.07577998004853725,0.08416878432035446,0.09066382795572281,0.04833152912846649,,,1.0412303368189637,1,0.04694892947837514,1.1044411659240723,1.0412303368189637,0.8591256141662598,0.9050744771957397,0.9621327519416809,1.0143128037452698,1.0594520568847656,1.0787251889705658,1.0878124237060547,1.0949008464813232,0.04888464965410527,0.24326212300934028,1.2184739112854004,-1.512140613190412e-09,-1.3003793954849243,-0.825712263584137,-0.44361791014671326,-0.1796904131770134,0.04951721429824829,0.20750633999705315,0.3476288914680481,0.6350659728050232,0.3113371597080868,0.016203358587880575,0.08116088807582855,-1.0229907015667623e-10,-0.08661650121212006,-0.054999567568302155,-0.029548784717917442,-0.011968933278694749,0.003298274241387844,0.01382171455770731,0.02315508760511875,0.04230087995529175,0.020737744036267346,relation,0.0,0.0,0.03138501197099686,-0.05531247332692146,0.06660863757133484,0.06514713168144226,44,0.5008851203137659,1.000000238418579,0.372983870870105,-0.9189075231552124,-0.6841985583305359,-0.28527331352233887,0.06056416407227516,0.4609462320804596,0.7390013784170151,0.8824915885925293,0.997530460357666,0.43886745084957257,0.03263122887836135,0.06514714658260345,0.02429882933724322,-0.059864189475774765,-0.044573575258255005,-0.018584737554192543,0.003945581498555839,0.03002932481467724,0.048143818974494934,0.05749179422855377,0.06498625129461288,0.02859095559405861,U
,,,,,,,,,,,,,,,,,,,,,,,,,,,Grocery,0.047594543099431744,0.05376933142542839,0.047594543099431744,0.014072615653276443,0.026599677000194787,0.039593066275119784,0.04544197581708431,0.04957485385239124,0.051710898987948895,0.05263982377946377,0.05340066187083721,0.005807749409456898,0.03750837594270706,,,,,,,,,,,,,,,,,,,,,,,,,0.32905672886297044,0.35026004910469055,0.32905672886297044,0.28823739290237427,0.30779634803533557,0.3195575624704361,0.32537244260311127,0.33033211529254913,0.33401715010404587,0.3365131050348282,0.34182780772447585,0.007011930587514501,0.13799229264259338,0,,,,,,,,,,,,,,,,,,,,,,,,,,text,0.0,,,,,,,,0.09209343342288771,0.09431727230548859,0.09209343342288771,0.08991187810897827,0.09049437507987022,0.09113199263811111,0.09156474657356739,0.09207691624760628,0.09261645004153252,0.09309648051857948,0.09378901727497578,0.0007435544110667289,0.3925015730629673,0.3925015730629673,0.013868091248202154,0.0301804319024086,0.013868091248202154,7.589044344058493e-07,0.0016567232087254524,0.008367352187633514,0.01158160506747663,0.014384747482836246,0.01672888407483697,0.018394959345459937,0.02315119415521622,0.004188187276915115,,,,,,,,,,,,,4.916717056412146e-05,0,,,,,,,,,,,,,,,,,,,,,,,,,,,,,,,,,,,,,,,filter,,,,,,,44,,,,,,,,,,,,,,,,,,,,,,,,,U
,,,,,,,,,,,,,,,,,,,,,,,,,,,Grocery,0.018928168127614352,0.0022903410717844963,-0.018927193503176447,-0.03792928531765938,-0.03517304979264736,-0.029336949437856676,-0.024650562088936567,-0.018766922876238823,-0.013010069262236357,-0.00880552949383855,-0.003591649555601172,0.007677397904994556,-0.002320892410352826,,,,,,,,,,,,,,,,,,,,,,,,,0.08459748703053883,0.10646221041679382,0.08459748703053883,0.06527767330408096,0.06844692140817642,0.07425111010670662,0.07892091758549213,0.08475174754858017,0.09045813232660294,0.09465730637311935,0.09974077627062798,0.007608143272145434,0.13751474022865295,1,,,,,,,,,,,,,,,,,,,,,,,,,,text,0.0,,,,,,,,0.030205368985739087,-0.029364170506596565,-0.030205368985739087,-0.031031930819153786,-0.030838545616716145,-0.03057900331914425,-0.030399124138057232,-0.03019772469997406,-0.030008422676473856,-0.029845635406672955,-0.02960926739498973,0.00027794716043503214,0.008139756193222021,0.008139756193222021,0.0014638049967240067,-8.010389507262516e-08,-0.0014638049967240067,-0.0031856053974479437,-0.0024436551542021336,-0.001941625028848648,-0.0017657675489317626,-0.0015183390933088958,-0.0012224617530591786,-0.000883190898457542,-0.00017487046716269106,0.0004420716117384754,,,,,,,,,,,,,5.788384404949184e-05,0,,,,,,,,,,,,,,,,,,,,,,,,,,,,,,,,,,,,,,,filter,,,,,,,44,,,,,,,,,,,,,,,,,,,,,,,,,U
,,,,,,,,,,,,,,,,,,,,,,,,,,,Grocery,0.049842491996425146,-0.03195679560303688,-0.049842491996425146,-0.05582836642861366,-0.05568787522614002,-0.054421009868383406,-0.05308704823255539,-0.05072452314198017,-0.04742761421948671,-0.044011919945478435,-0.03780668511986731,0.004153422347160275,-0.03384740650653839,,,,,,,,,,,,,,,,,,,,,,,,,0.6191256557511294,0.6398160457611084,0.6191256557511294,0.61021888256073,0.6125891727209091,0.6142311930656433,0.6157582700252533,0.6182332634925842,0.621720552444458,0.625336891412735,0.6317711436748504,0.00439026291373974,0.7373277544975281,2,,,,,,,,,,,,,,,,,,,,,,,,,,text,0.0,,,,,,,,0.03023003162422343,-0.029419660568237305,-0.03023003162422343,-0.03105941414833069,-0.030857582725584507,-0.030601178109645844,-0.030424006283283234,-0.030224371701478958,-0.030033597722649574,-0.029871727526187896,-0.029638242423534394,0.0002762158236744427,0.10817612380284611,0.10817612380284611,0.0042821832024076845,-2.3433418050444743e-07,-0.0042821832024076845,-0.00931910052895546,-0.00714861570391804,-0.005679987603798509,-0.005165537819266319,-0.004441716009750962,-0.0035761629114858806,-0.00258366740308702,-0.000511562277097255,0.0012932266507700652,,,,,,,,,,,,,1.927440845175855e-05,0,,,,,,,,,,,,,,,,,,,,,,,,,,,,,,,,,,,,,,,filter,,,,,,,44,,,,,,,,,,,,,,,,,,,,,,,,,U
,,,,,,,,,,,,,,,,,,,,,,,,,,,Grocery,0.06745681410285119,-0.027592673897743225,-0.06745681410285119,-0.07702571153640747,-0.07695689350366593,-0.07559608966112137,-0.0736269410699606,-0.06954130157828331,-0.06324920989573002,-0.05637892521917819,-0.04276563961058852,0.007908292241038839,-0.04509314149618149,,,,,,,,,,,,,,,,,,,,,,,,,0.1395622845640943,-0.09471287578344345,-0.1395622845640943,-0.15630336105823517,-0.15094279140233993,-0.1484605997800827,-0.14596199616789818,-0.14161839336156845,-0.13503212109208107,-0.12769476622343062,-0.1133145288378,0.00844098654877545,0.012767807580530643,3,,,,,,,,,,,,,,,,,,,,,,,,,,text,1.0,,,,,,,,0.031658032686377915,-0.031082909554243088,-0.031658032686377915,-0.03222772851586342,-0.032094200551509855,-0.03191363625228405,-0.03179299924522638,-0.031654270365834236,-0.03152186144143343,-0.03140863254666328,-0.031247435975819825,0.0001916397160517689,0.10995794492222567,0.10995794492222567,0.008122103053044822,-4.444663659342041e-07,-0.008122103053044822,-0.017675725743174553,-0.013558923341333866,-0.010773346852511167,-0.009797579608857632,-0.008424692321568727,-0.006782980170100927,-0.004900494031608104,-0.0009702904499135911,0.0024528890106437916,,,,,,,,,,,,,7.125025391660809e-05,0,,,,,,,,,,,,,,,,,,,,,,,,,,,,,,,,,,,,,,,filter,,,,,,,44,,,,,,,,,,,,,,,,,,,,,,,,,U
,,,,,,,,,,,,,,,,,,,,,,,,,,,Grocery,0.019335805845155717,-0.004223970230668783,-0.019335805845155717,-0.021267816424369812,-0.021008408814668655,-0.020728735066950322,-0.020461692940443754,-0.0199696971103549,-0.019045053515583277,-0.01709912847727537,-0.01147373493760824,0.0019073277333688668,-0.018386146053671837,,,,,,,,,,,,,,,,,,,,,,,,,0.16511118627584578,0.1827416568994522,0.16511118627584578,0.15354253351688385,0.1558261263370514,0.16032970547676087,0.16270343214273453,0.16529913991689682,0.16769089922308922,0.16948660910129548,0.1733201426267624,0.0036746149541482423,0.13799229264259338,0,,,,,,,,,,,,,,,,,,,,,,,,,,visual,0.0,,,,,,,,0.05508732999587375,0.056671638041734695,0.05508732999587375,0.05242898315191269,0.053394337221980094,0.05408712439239025,0.05458368081599474,0.05514909513294697,0.055668819695711136,0.05597481466829777,0.05631701987236738,0.000714498241637695,0.8181541600409494,0.8181541600409494,0.009753517396006063,0.019520025700330734,0.009753517396006063,1.4520514923788141e-06,0.0008795163512695579,0.005321395862847566,0.007604322861880064,0.010047195013612509,0.01224594353698194,0.013902398757636547,0.015541639272123577,0.003318519485033118,,,,,,,,,,,,,1.350279506124989e-05,0,,,,,,,,,,,,,,,,,,,,,,,,,,,,,,,,,,,,,,,filter,,,,,,,44,,,,,,,,,,,,,,,,,,,,,,,,,U
,,,,,,,,,,,,,,,,,,,,,,,,,,,Grocery,0.013150443508931981,0.02061735838651657,0.013150443508931981,0.0013337607961148024,0.007089325245469808,0.009598514810204507,0.011285139713436365,0.013190402649343014,0.015007371548563242,0.016600864194333556,0.01947129637002945,0.002698848940279528,0.009746107272803783,,,,,,,,,,,,,,,,,,,,,,,,,0.13941052152657518,0.1481306254863739,0.13941052152657518,0.12727874517440796,0.1329165755212307,0.13569723218679428,0.13745803758502007,0.139446459710598,0.1413761042058468,0.14300475567579268,0.14594772398471834,0.002833344045781857,0.13751474022865295,1,,,,,,,,,,,,,,,,,,,,,,,,,,visual,0.0,,,,,,,,0.01835977455826481,-0.017468061298131943,-0.01835977455826481,-0.018889429047703743,-0.018770084623247384,-0.018655981682240964,-0.018553887959569693,-0.01838035974651575,-0.01819179579615593,-0.018025256879627704,-0.01779375521466136,0.00023859112415039317,0.08840804960008775,0.08840804960008775,0.0026409921610358877,-3.9317677646977245e-07,-0.0026409921610358877,-0.005285501945763826,-0.004208261063322425,-0.0037643984192982315,-0.0033158744918182492,-0.00272051221691072,-0.0020590476342476904,-0.001440891867969185,-0.00023814955275156343,0.0008985664958897183,,,,,,,,,,,,,8.0278384817675e-06,0,,,,,,,,,,,,,,,,,,,,,,,,,,,,,,,,,,,,,,,filter,,,,,,,44,,,,,,,,,,,,,,,,,,,,,,,,,U
,,,,,,,,,,,,,,,,,,,,,,,,,,,Grocery,0.023483303953514167,0.02567431703209877,0.023483303953514167,0.016423847526311874,0.01987075760960579,0.02169627360999584,0.02278903080150485,0.023833288811147213,0.024435929488390684,0.02471719291061163,0.025028156153857707,0.001224261890506327,0.02163410745561123,,,,,,,,,,,,,,,,,,,,,,,,,0.7585249701330474,0.7649859189987183,0.7585249701330474,0.7481739521026611,0.7530509895086288,0.7557036280632019,0.7571171969175339,0.7586291432380676,0.7600530236959457,0.761226361989975,0.7632950758934021,0.0022020695250374073,0.7373277544975281,2,,,,,,,,,,,,,,,,,,,,,,,,,,visual,0.0,,,,,,,,0.018387808159772204,-0.017514199018478394,-0.018387808159772204,-0.018909143283963203,-0.018792634401470422,-0.018680074810981752,-0.018579300958663225,-0.018408147618174553,-0.018222271464765072,-0.018058476410806178,-0.017830086909234523,0.00023527942883497957,0.7060189794867258,0.7060189794867258,0.00553238201651167,-8.236314101850439e-07,-0.00553238201651167,-0.011072132736444473,-0.008815515721216798,-0.007885706797242164,-0.006946133682504296,-0.0056989616714417934,-0.0043133177096024156,-0.003018397581763565,-0.0004988785547902768,0.0018823278592847586,,,,,,,,,,,,,4.8491101930984726e-06,0,,,,,,,,,,,,,,,,,,,,,,,,,,,,,,,,,,,,,,,filter,,,,,,,44,,,,,,,,,,,,,,,,,,,,,,,,,U
,,,,,,,,,,,,,,,,,,,,,,,,,,,Grocery,0.020470912433869216,0.02149019204080105,0.020470912433869216,0.014898985624313354,0.01766044406220317,0.019035324081778528,0.01992364600300789,0.020804052241146564,0.021224054507911205,0.021391777135431767,0.02148841567337513,0.0009579132161485208,0.020044494420289993,,,,,,,,,,,,,,,,,,,,,,,,,0.033363322666617665,0.03581744432449341,0.033363322666617665,0.026607483625411987,0.030063269119709732,0.03185296058654785,0.032802957110106945,0.03356425277888775,0.034133072942495346,0.034552371874451634,0.035201241821050645,0.0011014071849545642,0.012767807580530643,3,,,,,,,,,,,,,,,,,,,,,,,,,,visual,0.0,,,,,,,,0.01833974727740036,-0.017446724697947502,-0.01833974727740036,-0.01887306198477745,-0.01875403005629778,-0.018638521991670133,-0.018535575829446316,-0.018360410816967487,-0.018170307856053114,-0.018002697452902793,-0.017770016118884086,0.0002406308540076403,0.21194376334208287,0.21194376334208287,0.0015801435619171697,-2.3524331993485248e-07,-0.0015801435619171697,-0.0031623917166143656,-0.0025178631860762832,-0.002252293564379215,-0.0019839354208670557,-0.0016277215327136219,-0.0012319578090682626,-0.0008621063374448566,-0.00014248830193537172,0.0005376252472740112,,,,,,,,,,,,,1.2130977870695378e-06,0,,,,,,,,,,,,,,,,,,,,,,,,,,,,,,,,,,,,,,,filter,,,,,,,44,,,,,,,,,,,,,,,,,,,,,,,,,U
,,,,,,,,,,,,0.01128234263358791,-0.0,-0.01128234263358791,-0.137762188911438,-0.06268024623394013,-0.02792479284107685,-0.015270059928297997,-0.00664716144092381,-0.002414633287116885,-0.0008015752013307054,0.0,0.013224695673769576,0.0,0,,ele-fashion,,,,,,,,,,,,,,,,,,,,,,,,,,0.032923562008593255,0.044539134949445724,-0.008666718620142642,-0.3933405578136444,-0.21021075487136842,-0.07905559092760082,-0.016101008281111717,0.012588722631335258,0.022792775183916092,0.02648536935448647,0.029667023569345474,0.05163483590490835,,,,,,,,,,,,,,,1.0,0.029941107548515138,0.1990324854850769,0.029941107548515138,0.0,0.0009841256716754288,0.008773612789809704,0.015665626153349876,0.02229733858257532,0.03157550934702158,0.06623596325516701,0.1305726379156113,0.026078706207872646,0.03052407943920134,0.04264002665877342,-0.00678672595919963,-0.2823003828525543,-0.17369763523340226,-0.0732636861503124,-0.015845848247408867,0.012432221788913012,0.02228480577468872,0.02580195851624012,0.028812222182750702,0.0454307774143151,text,,399172,496938.0,0.0,0.0,0.002658817760576221,0.01735256404372273,0.004732641427377522,,,,,,,,,,,,,,,,,,,,,,,,,,,0.030524078817280885,0.04263998940587044,-0.00678672609360879,-0.28230035305023193,-0.1736976371705532,-0.0732636861503124,-0.015845874324440956,0.012432216666638851,0.022284841164946556,0.025801995024085048,0.02881225012242794,0.045430777314622806,,,0.9942306691320536,1,0.04340125814943076,1.0435621738433838,0.9942306691320536,0.754047155380249,0.840551016330719,0.9293557405471802,0.9842790365219116,1.012509822845459,1.022534966468811,1.0261377096176147,1.029231309890747,0.04315086193112494,0.12993284552607595,1.344362735748291,-8.267472181904285e-09,-1.5865352153778076,-0.7105367243289947,-0.2283481881022453,-0.05106687545776367,0.01776731014251709,0.09204119443893433,0.19939156174659742,0.4525137493014326,0.20019594489777803,0.012811652551133064,0.1325570046901703,-8.14347342293179e-10,-0.15643571317195892,-0.07006042137742043,-0.022515613213181494,-0.005035301670432091,0.0017518942477181554,0.00907545629888773,0.01966042909771205,0.04461880940943947,0.019739742310396054,relation,0.0,0.0,-0.0436987467110157,-0.08683210611343384,0.09860210865736008,0.07241473346948624,42,0.6881371859965916,1.000000238418579,0.6395711096641925,-0.915375828742981,-0.5607395726442337,0.06046919301152232,0.49641793966293335,0.785083144903183,0.9080106019973755,0.9570091605186463,0.9924661618471144,0.3717616997067223,0.049831270905129434,0.07241474837064743,0.04631437143236049,-0.06628669798374176,-0.04060580741614103,0.004378860397264364,0.03594797104597092,0.0568515881896019,0.06575334817171097,0.06930156499147415,0.07186917349696159,0.026921024391596386,U
,,,,,,,,,,,,0.0045192188806866575,-0.0,-0.0045192188806866575,-0.037376441061496735,-0.020686182137578727,-0.011150845605880023,-0.00647937273606658,-0.002878603059798479,-0.0010659553809091449,-0.0003519064397551102,0.0,0.004698835993542382,0.0,0,,ele-fashion,,,,,,,,,,,,,,,,,,,,,,,,,,0.07423152170941552,0.02647298574447632,-0.07404439484143464,-0.18280074000358582,-0.1251958441734314,-0.10159474313259124,-0.09385745227336884,-0.08259113132953644,-0.057235848158597946,-0.030773359164595566,0.0030193327367305347,0.028415542565710022,,,,,,,,,,,,,,,1.0,0.06967772902555036,0.1302371770143509,0.06967772902555036,0.0,0.010407711146399379,0.04378640465438366,0.06051259767264128,0.07533302158117294,0.08318384923040867,0.08619184046983719,0.09502162523567684,0.01816698021475535,0.06845964455428986,0.025790223851799965,-0.06827446235566768,-0.15454906225204468,-0.11126580566167832,-0.09222514405846596,-0.08580408245325089,-0.07629022747278214,-0.05413728952407837,-0.02985462509095665,0.003010224718600472,0.025230277979386942,visual,,399172,496938.0,0.0,0.0,0.004612277708888877,0.030101666055361298,0.0076852733891410625,,,,,,,,,,,,,,,,,,,,,,,,,,,0.0684596424645828,0.02579023875296116,-0.06827446031846648,-0.15454904735088348,-0.11126582898199558,-0.09222515001893043,-0.08580410480499268,-0.07629023119807243,-0.05413725599646568,-0.029854633100330794,0.003010243775788654,0.02523027964250228,,,0.9343037720095348,1,0.02553377416618613,1.0261256694793701,0.9343037720095348,0.856801450252533,0.8947008985280991,0.9118998169898986,0.9177740216255188,0.9265472590923309,0.9473020434379578,0.970586621761322,1.003014760017395,0.02385630151713285,0.16360906284143775,1.251542329788208,-2.220977221331259e-09,-1.353137493133545,-0.7246014738082885,-0.3015790432691574,-0.08545494079589844,0.0197373628616333,0.1157611608505249,0.2579205393791199,0.5590210014581668,0.2360210307824831,0.00704730114106397,0.05828507989645004,9.456550630569896e-11,-0.05390896648168564,-0.024079285617917775,-0.0111096759326756,-0.004986299201846123,-0.0008501677075400949,0.003680888330563903,0.012990223430097106,0.031211503390222564,0.010166376180925958,relation,0.0,0.0,-0.04098140448331833,-0.027622057124972343,-0.043074026703834534,-0.053340181708335876,42,0.6114172718665707,1.000000238418579,0.5351270028866733,-0.9502100348472595,-0.6413072437047959,-0.1113287173211574,0.2998167872428894,0.6666976511478424,0.8715073466300964,0.9475002884864807,0.9999999403953552,0.4148313498106011,0.03261310837932831,0.050684377551078796,-0.028543771570552136,-0.05334019288420677,-0.05334017798304558,-0.050539836287498474,-0.04648635908961296,-0.03556177392601967,-0.015992281958460808,0.005938293924555193,0.03420744493603693,0.02212717957870689,U
,,,,,,,,,,,,,,,,,,,,,,,,,,,ele-fashion,0.05982014239359456,0.06139949709177017,0.05982014239359456,0.05128049477934837,0.0552065446972847,0.05733028054237366,0.059083424508571625,0.06053797900676727,0.06088154390454292,0.0610552653670311,0.061223084665834905,0.0015290091635795804,0.03925872594118118,,,,,,,,,,,,,,,,,,,,,,,,,0.3976348669158089,0.453366756439209,0.3976348669158089,0.3836819529533386,0.3880880236625671,0.3906806856393814,0.3927261456847191,0.39484764635562897,0.39847254008054733,0.40985314548015594,0.43103794902563103,0.008714255121975116,0.1921299397945404,0,,,,,,,,,,,,,,,,,,,,,,,,,,text,0.0,,,,,,,,0.09665701648940703,0.09930358082056046,0.09665701648940703,0.09312909841537476,0.09431541860103607,0.09519347548484802,0.09572604112327099,0.0965660810470581,0.09772556461393833,0.09814887121319771,0.09868193678557872,0.0011404203426143029,0.9693423071624424,0.9693423071624424,0.009769049652267686,0.06493942439556122,0.009769049652267686,0.0,0.00032109609892359,0.0028626148123294115,0.0051113099325448275,0.007275074953213334,0.010302314767614007,0.0216111708432436,0.04260265156626702,0.008508842749290693,,,,,,,,,,,,,7.593824233086955e-05,0,,,,,,,,,,,,,,,,,,,,,,,,,,,,,,,,,,,,,,,filter,,,,,,,42,,,,,,,,,,,,,,,,,,,,,,,,,U
,,,,,,,,,,,,,,,,,,,,,,,,,,,ele-fashion,0.024206670147240487,0.026913896203041077,-0.023122947180086766,-0.06579022109508514,-0.0634604886174202,-0.0529517587274313,-0.040478790178895,-0.019220393151044846,-0.00659248698502779,0.0006009135395288467,0.011284577101469047,0.020069839585700962,-0.04286922141909599,,,,,,,,,,,,,,,,,,,,,,,,,0.017518768756204374,0.03989807516336441,-0.010138478953704561,-0.05371982604265213,-0.050092573091387746,-0.03977056406438351,-0.02717849751934409,-0.006353359669446945,0.006185062578879297,0.013332599308341742,0.02435186719521883,0.019894527431666316,0.08685249835252762,1,,,,,,,,,,,,,,,,,,,,,,,,,,text,0.6173209547996521,,,,,,,,0.031874296302792225,-0.030590135604143143,-0.031874296302792225,-0.03286277502775192,-0.03260321151465177,-0.03241060487926006,-0.03225708659738302,-0.031844362616539,-0.0315391905605793,-0.031344907358288765,-0.03102504638954997,0.0004114114941196374,-0.0014482052236456833,-0.0014482052236456833,0.0008754876018637545,0.005819773767143488,0.0008754876018637545,0.0,2.877615097531816e-05,0.0002565432514529675,0.0004580679378705099,0.0006519813323393464,0.0009232780139427632,0.0019367608474567533,0.0038179857656359677,0.0007625497458686135,,,,,,,,,,,,,0.00039579222172932355,0,,,,,,,,,,,,,,,,,,,,,,,,,,,,,,,,,,,,,,,filter,,,,,,,42,,,,,,,,,,,,,,,,,,,,,,,,,U
,,,,,,,,,,,,,,,,,,,,,,,,,,,ele-fashion,0.050430901751847064,-0.03984914720058441,-0.050430901751847064,-0.052980925887823105,-0.052971316315233705,-0.052452174946665764,-0.05174630135297775,-0.050729021430015564,-0.049518318846821785,-0.04813835397362709,-0.044397395104169846,0.0018029669576072,-0.03730021044611931,,,,,,,,,,,,,,,,,,,,,,,,,0.5500572244182799,0.5637465119361877,0.5500572244182799,0.5238046050071716,0.5346297025680542,0.5439361333847046,0.5486518293619156,0.5508781671524048,0.5528644323348999,0.5546382069587708,0.5575829267501831,0.004520486190714981,0.6742045283317566,2,,,,,,,,,,,,,,,,,,,,,,,,,,text,0.0,,,,,,,,0.031607326128616345,-0.030265258625149727,-0.031607326128616345,-0.032623860985040665,-0.03238465618342161,-0.03218022547662258,-0.03201800584793091,-0.031572116538882256,-0.03124944493174553,-0.031046711839735508,-0.030714130215346813,0.0004373786613243692,0.8562026108076902,0.8562026108076902,0.004808847063919929,-0.0,-0.004808847063919929,-0.031966645270586014,-0.02097129598259926,-0.010638170409947634,-0.0050713487435132265,-0.0035811797715723515,-0.0025160592049360275,-0.0014091316843405366,-0.00015806061492185084,0.004188506038995579,,,,,,,,,,,,,2.0434795400444837e-05,0,,,,,,,,,,,,,,,,,,,,,,,,,,,,,,,,,,,,,,,filter,,,,,,,42,,,,,,,,,,,,,,,,,,,,,,,,,U
,,,,,,,,,,,,,,,,,,,,,,,,,,,ele-fashion,0.04932650331056999,-0.028504760935902596,-0.04932650331056999,-0.05556008219718933,-0.05555313639342785,-0.05408880673348904,-0.05234367027878761,-0.05021873489022255,-0.04740824829787016,-0.04309565760195255,-0.035846557281911356,0.004365730661677184,-0.038911446928977966,,,,,,,,,,,,,,,,,,,,,,,,,0.17332559329321798,-0.1502920240163803,-0.17332559329321798,-0.20670783519744873,-0.19278451502323152,-0.1817176267504692,-0.17670943960547447,-0.17302055656909943,-0.16943837702274323,-0.16526097059249878,-0.15790833979845048,0.006715864287801124,-0.04607655853033066,3,,,,,,,,,,,,,,,,,,,,,,,,,,text,1.0,,,,,,,,0.03317539402406671,-0.03227371722459793,-0.03317539402406671,-0.03384463116526604,-0.03369210306555033,-0.03355860151350498,-0.033450606279075146,-0.033152610063552856,-0.03293805383145809,-0.03280109912157059,-0.03257658611983061,0.0002920915020013683,0.5876393325858086,0.5876393325858086,0.00583569056151964,-0.0,-0.00583569056151964,-0.038792554289102554,-0.025449342094361782,-0.012909762095659971,-0.006154244649223983,-0.004345876630395651,-0.0030533188255503774,-0.0017100265249609947,-0.00019181164316250913,0.0050828867802857405,,,,,,,,,,,,,4.51028331321625e-05,0,,,,,,,,,,,,,,,,,,,,,,,,,,,,,,,,,,,,,,,filter,,,,,,,42,,,,,,,,,,,,,,,,,,,,,,,,,U
,,,,,,,,,,,,,,,,,,,,,,,,,,,ele-fashion,0.0610044996070084,0.06363450735807419,0.0610044996070084,0.03709679841995239,0.047518033906817435,0.0553607065230608,0.06076048593968153,0.06266621872782707,0.06315277516841888,0.06335620582103729,0.06352422274649143,0.003680905395229658,0.04888550564646721,,,,,,,,,,,,,,,,,,,,,,,,,0.42156473381680565,0.43977147340774536,0.42156473381680565,0.3813796639442444,0.40286608040332794,0.4127161353826523,0.41878553479909897,0.4229798913002014,0.42571546882390976,0.427992582321167,0.4309802666306496,0.0061258240302892435,0.1921299397945404,0,,,,,,,,,,,,,,,,,,,,,,,,,,visual,0.0,,,,,,,,0.09889588333096135,0.10432125627994537,0.09889588333096135,0.09095709770917892,0.09239062257111072,0.094130028039217,0.09695249237120152,0.09948945790529251,0.1011320911347866,0.10239555314183235,0.10338159166276455,0.0029494297628946207,0.7708942259877386,0.7708942259877386,0.02064890162689385,0.03859561309218407,0.02064890162689385,0.0,0.003084311238490045,0.012976042460650206,0.017932828050106764,0.02232483960688114,0.024651422165334225,0.025542836636304855,0.028159531112760327,0.005383760238620558,,,,,,,,,,,,,3.7525720050069155e-05,0,,,,,,,,,,,,,,,,,,,,,,,,,,,,,,,,,,,,,,,filter,,,,,,,42,,,,,,,,,,,,,,,,,,,,,,,,,U
,,,,,,,,,,,,,,,,,,,,,,,,,,,ele-fashion,0.026401612799703197,0.0501631423830986,-0.01984761171990861,-0.06116132065653801,-0.05750587377697229,-0.04650597274303436,-0.03771979920566082,-0.02386627532541752,-0.005202010739594698,0.015367641113698483,0.034259255789220344,0.02288948704978918,-0.039186857640743256,,,,,,,,,,,,,,,,,,,,,,,,,0.02055675077656743,0.06346219778060913,-0.005871606709784361,-0.04861325025558472,-0.04407485462725162,-0.033154767006635666,-0.024307996034622192,-0.010134350508451462,0.009339960059151053,0.030297625809907913,0.04884676970541478,0.023447211341154427,0.08685249835252762,1,,,,,,,,,,,,,,,,,,,,,,,,,,visual,0.6444367170333862,,,,,,,,0.03250092014020239,-0.029621059074997902,-0.03250092014020239,-0.034469325095415115,-0.03412699047476053,-0.033765966072678566,-0.03331260196864605,-0.032715003937482834,-0.03179866075515747,-0.030775461345911026,-0.03014423409476876,0.0010680469548493212,-0.0030094313195653975,-0.0030094313195653975,0.0011887155659455202,-0.0,-0.0011887155659455202,-0.0022218714002519846,-0.0016210873378440737,-0.0014704494969919324,-0.0014191326044965535,-0.0012851959327235818,-0.0010323566966690123,-0.0007470045529771596,-0.00017755756707629118,0.00030993220417541736,,,,,,,,,,,,,0.0005497717196767608,0,,,,,,,,,,,,,,,,,,,,,,,,,,,,,,,,,,,,,,,filter,,,,,,,42,,,,,,,,,,,,,,,,,,,,,,,,,U
,,,,,,,,,,,,,,,,,,,,,,,,,,,ele-fashion,0.06349506753185724,-0.04859837889671326,-0.06349506753185724,-0.06556998938322067,-0.06556642577052116,-0.06519665196537971,-0.06477952562272549,-0.06404951587319374,-0.06281863525509834,-0.06101349554955959,-0.0568172900006175,0.0018645459991319337,-0.05344528332352638,,,,,,,,,,,,,,,,,,,,,,,,,0.5151100956470367,0.5346781015396118,0.5151100956470367,0.5048291087150574,0.5107961088418961,0.5121689438819885,0.5130903869867325,0.5142226219177246,0.5163530260324478,0.5194448828697205,0.5254111349582673,0.0030880948352914983,0.6742045283317566,2,,,,,,,,,,,,,,,,,,,,,,,,,,visual,0.0,,,,,,,,0.032178958464414875,-0.029169533401727676,-0.032178958464414875,-0.03427072986960411,-0.03390673622488975,-0.03352459706366062,-0.03303602896630764,-0.03240151144564152,-0.031428780406713486,-0.03035718761384487,-0.029705690685659644,0.0011289611969361477,0.7003575507780262,0.7003575507780262,0.009975127023551718,-0.0,-0.009975127023551718,-0.018644873052835464,-0.013603381859138609,-0.012339302338659763,-0.011908675776794553,-0.010784743819385767,-0.008663038956001401,-0.006268501514568925,-0.0014899774279911013,0.002600801398622941,,,,,,,,,,,,,9.536329711754027e-06,0,,,,,,,,,,,,,,,,,,,,,,,,,,,,,,,,,,,,,,,filter,,,,,,,42,,,,,,,,,,,,,,,,,,,,,,,,,U
,,,,,,,,,,,,,,,,,,,,,,,,,,,ele-fashion,0.05667452547116448,-0.037435222417116165,-0.05667452547116448,-0.05954381078481674,-0.05954325199127197,-0.059102073311805725,-0.05849479418247938,-0.05753617361187935,-0.05565239116549492,-0.05316636152565479,-0.04695905055850744,0.0026933166492355497,-0.049348846077919006,,,,,,,,,,,,,,,,,,,,,,,,,0.19580099416470964,-0.17307426035404205,-0.19580099416470964,-0.20457082986831665,-0.20051756650209426,-0.1993064507842064,-0.19839265942573547,-0.19697007536888123,-0.19417263194918633,-0.19049608707427979,-0.18336875215172768,0.003742186713253391,-0.04607655853033066,3,,,,,,,,,,,,,,,,,,,,,,,,,,visual,1.0,,,,,,,,0.034216004759285115,-0.03216651454567909,-0.034216004759285115,-0.03558371961116791,-0.03534810915589333,-0.03510483726859093,-0.034785427153110504,-0.034372881054878235,-0.03372137248516083,-0.03299541026353836,-0.03254158534109593,0.0007528734221329099,0.4987826300893315,0.4987826300893315,0.009485059321002996,-0.0,-0.009485059321002996,-0.01772886887192726,-0.012935061752796174,-0.011733084917068481,-0.01132361451163888,-0.010254900436848402,-0.008237432222813368,-0.0059605364222079515,-0.001416776381665835,0.002473026708876823,,,,,,,,,,,,,1.4003961396850218e-05,0,,,,,,,,,,,,,,,,,,,,,,,,,,,,,,,,,,,,,,,filter,,,,,,,42,,,,,,,,,,,,,,,,,,,,,,,,,U
,,,,,,,,,,,,0.01718930877321062,-0.0,-0.01718930877321062,-0.14527325332164764,-0.07651974119246006,-0.03960373587906361,-0.02392776496708393,-0.012296590022742748,-0.005038456991314888,-0.001723067089915273,0.0,0.01671652509614183,0.0,0,,ele-fashion,,,,,,,,,,,,,,,,,,,,,,,,,,0.05024225510542491,0.05536492168903351,-0.011354413305043146,-0.42869338393211365,-0.2544056895375252,-0.11827203854918478,-0.03449719399213791,0.016420230269432068,0.03772880136966705,0.04701010137796402,0.05389894530177114,0.07096350512851507,,,,,,,,,,,,,,,1.0,0.0447972968589605,0.25033053755760193,0.0447972968589605,0.0,0.001819532929221168,0.013876923359930515,0.02587147057056427,0.03792992979288101,0.051014930941164494,0.08669401332736015,0.16580702066421585,0.032094580089806195,0.04578576462436407,0.05246046930551529,-0.008329159099307806,-0.3000597357749939,-0.20280973523855209,-0.10576322972774503,-0.033346857875585556,0.016154996119439602,0.03635704889893532,0.04489940032362938,0.05114242605864999,0.061620056231630436,text,,399172,496938.0,0.0,0.0,0.004032335135550561,0.0263167166711833,0.006594559675180893,,,,,,,,,,,,,,,,,,,,,,,,,,,0.04578576321266997,0.0524604506790638,-0.008329159889070455,-0.3000597357749939,-0.20280974388122558,-0.10576321035623548,-0.03334682434797287,0.01615496166050434,0.0363570936024189,0.04489937797188759,0.05114242315292356,0.061620055236358356,,,0.9935340180507937,1,0.05893101021603374,1.0538609027862549,0.9935340180507937,0.7407739758491516,0.8164335632324219,0.8996376276016236,0.9672030210494995,1.0162861943244934,1.037026047706604,1.0459226369857788,1.0524727833271026,0.0585499633677873,0.15476935694981397,1.1679797172546387,8.22055748265091e-09,-1.3080134391784668,-0.6752059906721115,-0.2816543072462081,-0.08767378330230713,0.02533930540084839,0.12344127893447876,0.22915971279144287,0.4731424498558011,0.215887856447488,0.017108812813962183,0.1291130632162094,9.102196830841158e-10,-0.14459294080734253,-0.07463991984724999,-0.031135172955691806,-0.009691804647445679,0.002801106311380863,0.013645684346556664,0.025332214310765266,0.052303025089203946,0.02386509188736342,relation,0.0,0.0,-0.05546238273382187,-0.11106403172016144,0.11054392904043198,0.11082728952169418,43,0.6084565183790844,1.000000238418579,0.5530883026250183,-0.9011958241462708,-0.5464380234479904,-0.028233117237687105,0.3557361960411072,0.6720713078975677,0.8448202610015869,0.9258209347724915,0.987303867936134,0.37589454191123656,0.0674335867086151,0.11082731932401657,0.06129727742617518,-0.09987708926200867,-0.060560245364904404,-0.0031289999606087795,0.03942527994513512,0.07448384165763855,0.0936291366815567,0.10260622426867486,0.1094202101230621,0.04165937321598357,U
,,,,,,,,,,,,0.0056648292871294605,-0.0,-0.0056648292871294605,-0.04530986770987511,-0.023153023552149533,-0.012846542615443468,-0.008103768341243267,-0.004174624569714069,-0.0017318783793598413,-0.0006136296957265578,0.0,0.005203908857515706,0.0,0,,ele-fashion,,,,,,,,,,,,,,,,,,,,,,,,,,0.12061005987357394,0.15240231156349182,-0.11683207254844469,-0.3379535675048828,-0.2325634503364563,-0.1854640930891037,-0.1636679619550705,-0.1312261000275612,-0.0770934671163559,-0.022898812219500315,0.05559179812669712,0.06429804006273489,,,,,,,,,,,,,,,1.0,0.10567696374889127,0.20513823628425598,0.10567696374889127,0.0,0.008089608559384943,0.055640747770667076,0.08694433607161045,0.11322926357388496,0.13157136365771294,0.1413479745388031,0.16062629371881487,0.0342291351536057,0.10527777571938048,0.13224752247333527,-0.10167577812305878,-0.2525898814201355,-0.1886827653646469,-0.15644849687814713,-0.14064832031726837,-0.11600342392921448,-0.07157546281814575,-0.0223861927166579,0.05266410417854748,0.05381946127735086,visual,,399172,496938.0,0.0,0.0,0.007583924625232364,0.049495884867863195,0.012167020184967486,,,,,,,,,,,,,,,,,,,,,,,,,,,0.10527777732467601,0.13224749267101288,-0.10167578005682594,-0.2525899112224579,-0.18868274852633476,-0.15644852370023726,-0.14064833521842957,-0.11600342020392418,-0.07157546281814575,-0.02238619513809659,0.052664107084273916,0.05381946245520072,,,0.9046539406182585,1,0.05523315209956876,1.1413908004760742,0.9046539406182585,0.7767863869667053,0.828049151301384,0.8551755607128143,0.8687947988510132,0.8904721736907959,0.9309260249137878,0.9778625190258028,1.0540755271911617,0.049966888699697745,0.18106005659439078,1.270259141921997,-1.6117350344952095e-09,-1.4482002258300781,-0.7183887183666229,-0.32885622680187226,-0.11636391282081604,0.026446625590324402,0.1435229778289795,0.27520834803581257,0.5474184489250176,0.2458612732511785,0.022027425476090982,0.17618530988693237,1.991307029906594e-10,-0.15453733503818512,-0.066597895398736,-0.03348132818937301,-0.017460735514760017,-0.003217446617782116,0.014156614430248737,0.04000802747905255,0.08739781536161853,0.02991101945004013,relation,0.0,0.0,-0.06640958786010742,-0.031287018209695816,-0.12165811657905579,-0.09779788553714752,43,0.5443888441428425,1.000000238418579,0.45765463496638575,-0.959016740322113,-0.644568145275116,-0.15847876369953154,0.20234423875808716,0.5576633512973785,0.7907198667526245,0.9027428805828095,0.9999999403953552,0.40892560361695623,0.0532400778535278,0.09378980845212936,-0.04475765559020179,-0.09779790788888931,-0.09779787808656693,-0.08828634321689606,-0.07733073085546494,-0.05453829653561115,-0.019788838922977448,0.0154988881200552,0.06303740292787552,0.039992059366580006,U
,,,,,,,,,,,,,,,,,,,,,,,,,,,ele-fashion,0.05301232451261208,0.05553031712770462,0.05301232451261208,0.03818144276738167,0.04516468849033117,0.04946346394717693,0.052302731201052666,0.05397799797356129,0.05453822761774063,0.05483490228652954,0.05516987480223179,0.0023102550574473205,0.037704478949308395,,,,,,,,,,,,,,,,,,,,,,,,,0.401314781072343,0.47604691982269287,0.401314781072343,0.37630710005760193,0.38554503917694094,0.39026451110839844,0.3942243531346321,0.39862868189811707,0.4038243293762207,0.41681860387325287,0.44561296701431274,0.01178398347463212,0.19814863801002502,0,,,,,,,,,,,,,,,,,,,,,,,,,,text,0.0,,,,,,,,0.09647729016310505,0.0994570404291153,0.09647729016310505,0.09246419370174408,0.09391508623957634,0.09494984149932861,0.09568729065358639,0.09658470004796982,0.0973353274166584,0.09780780225992203,0.09854326546192169,0.0010936693839121647,0.9577986397906493,0.9577986397906493,0.01597204575042405,0.08925294876098633,0.01597204575042405,0.0,0.0006487369886599481,0.0049476835411041975,0.009224223904311657,0.013523552101105452,0.018188882619142532,0.030909916386008263,0.05911690052598742,0.011443014135837228,,,,,,,,,,,,,0.00013886226653040288,0,,,,,,,,,,,,,,,,,,,,,,,,,,,,,,,,,,,,,,,filter,,,,,,,43,,,,,,,,,,,,,,,,,,,,,,,,,U
,,,,,,,,,,,,,,,,,,,,,,,,,,,ele-fashion,0.034060936763046085,0.08261451870203018,-0.011535071216368955,-0.08907173573970795,-0.08396996408700944,-0.06551004946231842,-0.044407607056200504,-0.010622725822031498,0.020456401631236076,0.04142634756863117,0.05967999547719958,0.03895506924533615,-0.04930392652750015,,,,,,,,,,,,,,,,,,,,,,,,,0.032850329887523885,0.09038485586643219,-0.004098165666673,-0.08402284234762192,-0.07627421133220195,-0.05798247642815113,-0.036630977876484394,-0.0028074030997231603,0.02757943794131279,0.04810802452266216,0.06654957272112376,0.03866386389920211,0.08509058505296707,1,,,,,,,,,,,,,,,,,,,,,,,,,,text,0.5238221883773804,,,,,,,,0.03189070544569329,-0.03044683113694191,-0.03189070544569329,-0.03297612816095352,-0.032636269368231295,-0.032365286722779274,-0.03219579812139273,-0.03192859701812267,-0.031609282828867435,-0.03134511969983578,-0.030975088849663733,0.0003907016416085978,-0.0010936687938666058,-0.0010936687938666058,0.0035409524607018985,0.019787099212408066,0.0035409524607018985,0.0,0.00014382295630639417,0.001096885942388326,0.0020449815783649683,0.0029981291154399514,0.004032418364658952,0.006852631689980626,0.013106031762436092,0.0025368803550708573,,,,,,,,,,,,,0.0014948943716160238,0,,,,,,,,,,,,,,,,,,,,,,,,,,,,,,,,,,,,,,,filter,,,,,,,43,,,,,,,,,,,,,,,,,,,,,,,,,U
,,,,,,,,,,,,,,,,,,,,,,,,,,,ele-fashion,0.05532945012705934,-0.013828998431563377,-0.05532945012705934,-0.06446260213851929,-0.06440103575587272,-0.06277646124362946,-0.061251564882695675,-0.05808592401444912,-0.051531970500946045,-0.04297684691846371,-0.031662225723266595,0.007910360580948314,-0.046786852180957794,,,,,,,,,,,,,,,,,,,,,,,,,0.5238268437055339,0.5659873485565186,0.5238268437055339,0.48519060015678406,0.5008768856525421,0.5131643414497375,0.5179110169410706,0.522476315498352,0.5291887372732162,0.5375126600265503,0.5493214845657349,0.009754800115738765,0.6652299761772156,2,,,,,,,,,,,,,,,,,,,,,,,,,,text,0.0,,,,,,,,0.03168249228256707,-0.030181754380464554,-0.03168249228256707,-0.03280637040734291,-0.03246137406677008,-0.03218412213027477,-0.03200570493936539,-0.0317216832190752,-0.03138389531522989,-0.031108158640563488,-0.030719783157110214,0.0004119505159706561,0.34436742872787174,0.34436742872787174,0.007604345511080145,-0.0,-0.007604345511080145,-0.042493633925914764,-0.028145758341997864,-0.014716317411512136,-0.008659789804369211,-0.006438609212636948,-0.004391684662550688,-0.0023556090891361237,-0.00030886589374858156,0.0054480580973350935,,,,,,,,,,,,,9.515612529801702e-05,0,,,,,,,,,,,,,,,,,,,,,,,,,,,,,,,,,,,,,,,filter,,,,,,,43,,,,,,,,,,,,,,,,,,,,,,,,,U
,,,,,,,,,,,,,,,,,,,,,,,,,,,ele-fashion,0.046357155284055714,-0.01044306717813015,-0.046357155284055714,-0.05978018790483475,-0.05967314783483744,-0.05607258155941963,-0.05301151517778635,-0.048198673874139786,-0.041300853714346886,-0.03333554230630398,-0.02243414986878633,0.008751541142081985,-0.0441267266869545,,,,,,,,,,,,,,,,,,,,,,,,,0.1895922476395017,-0.14507433772087097,-0.1895922476395017,-0.2471093237400055,-0.2236403524875641,-0.20423290878534317,-0.1969696246087551,-0.18979671597480774,-0.18176008015871048,-0.17363884299993515,-0.16121022924780842,0.012423406160872183,-0.054295625537633896,3,,,,,,,,,,,,,,,,,,,,,,,,,,text,1.0,,,,,,,,0.03290409248217005,-0.031835608184337616,-0.03290409248217005,-0.03368937224149704,-0.03344677407294512,-0.03325835056602955,-0.03313376568257809,-0.03293313831090927,-0.03269386477768421,-0.032497888430953026,-0.03221947085112333,0.00029133770561627203,0.49526020164270096,0.49526020164270096,0.0119086514066197,-0.0,-0.0119086514066197,-0.06654641032218933,-0.04407716896384955,-0.023046229034662247,-0.013561510713770986,-0.010083070956170559,-0.0068775201216340065,-0.003688960103318095,-0.0004836939973756557,0.008531835459301168,,,,,,,,,,,,,0.0001543410206379969,0,,,,,,,,,,,,,,,,,,,,,,,,,,,,,,,,,,,,,,,filter,,,,,,,43,,,,,,,,,,,,,,,,,,,,,,,,,U
,,,,,,,,,,,,,,,,,,,,,,,,,,,ele-fashion,0.07173791435429375,0.07272431999444962,0.07173791435429375,0.05713395029306412,0.0683961909264326,0.07072007283568382,0.07146250084042549,0.07198962941765785,0.0723035242408514,0.07247290015220642,0.07262792438268661,0.0008776866162009913,0.056329917162656784,,,,,,,,,,,,,,,,,,,,,,,,,0.4708454919722116,0.5084823369979858,0.4708454919722116,0.4270550310611725,0.439032681286335,0.45500312745571136,0.4651809185743332,0.47250130772590637,0.47852951288223267,0.4834616482257843,0.4916136622428894,0.011198449036544274,0.19814863801002502,0,,,,,,,,,,,,,,,,,,,,,,,,,,visual,0.0,,,,,,,,0.11018426651367713,0.11895794421434402,0.11018426651367713,0.09631474316120148,0.09877776689827442,0.10189516842365265,0.10702897235751152,0.11120087653398514,0.11418438516557217,0.11618709936738014,0.11750042028725148,0.005073231210075025,0.9103727103147807,0.9103727103147807,0.034444767296743235,0.06686356663703918,0.034444767296743235,0.0,0.002636758901644498,0.018135765567421913,0.028338981326669455,0.036906393244862556,0.0428848909214139,0.04607151634991169,0.05235516969114543,0.011156779618691206,,,,,,,,,,,,,0.00012540526082407936,0,,,,,,,,,,,,,,,,,,,,,,,,,,,,,,,,,,,,,,,filter,,,,,,,43,,,,,,,,,,,,,,,,,,,,,,,,,U
,,,,,,,,,,,,,,,,,,,,,,,,,,,ele-fashion,0.03451373797019866,0.08309374004602432,-0.00787768998561227,-0.0850473940372467,-0.0770715769380331,-0.06050548516213894,-0.041659110225737095,-0.009105696808546782,0.02589392103254795,0.04646463692188263,0.0647313077002764,0.03934534456564368,-0.026336701586842537,,,,,,,,,,,,,,,,,,,,,,,,,0.04081240152877951,0.12165523320436478,0.02828854478173467,-0.05659124627709389,-0.04308459740132094,-0.026574495248496532,-0.007530367933213711,0.027356190606951714,0.06371919065713882,0.08501257002353668,0.10421957597136498,0.04113693054346672,0.08509058505296707,1,,,,,,,,,,,,,,,,,,,,,,,,,,visual,0.3066505789756775,,,,,,,,0.035702399209332554,-0.030402222648262978,-0.035702399209332554,-0.039114803075790405,-0.038547265157103536,-0.03802507743239403,-0.037246801890432835,-0.03609034977853298,-0.0344823794439435,-0.03251614421606064,-0.031331480294466016,0.0019551922720326916,0.02447253128017901,0.02447253128017901,0.013114748660045276,0.025458116084337234,0.013114748660045276,0.0,0.0010039386164862663,0.00690514175221324,0.010789987863972783,0.014052006416022778,0.016328302677720785,0.01754160039126873,0.019934083148837094,0.004247912587653984,,,,,,,,,,,,,0.0016922470545380048,0,,,,,,,,,,,,,,,,,,,,,,,,,,,,,,,,,,,,,,,filter,,,,,,,43,,,,,,,,,,,,,,,,,,,,,,,,,U
,,,,,,,,,,,,,,,,,,,,,,,,,,,ele-fashion,0.08261380419161005,-0.02449962869286537,-0.08261380419161005,-0.08731921017169952,-0.08731551729142666,-0.086862962692976,-0.08637520112097263,-0.08495721593499184,-0.08161852695047855,-0.07420758530497551,-0.06063267942517995,0.005936428063134884,-0.07678274065256119,,,,,,,,,,,,,,,,,,,,,,,,,0.4487919047094734,0.4992222785949707,0.4487919047094734,0.426809698343277,0.43661429136991503,0.4401297867298126,0.4422571137547493,0.44645997881889343,0.4533935785293579,0.46139633655548096,0.4753853097558022,0.008667473738079757,0.6652299761772156,2,,,,,,,,,,,,,,,,,,,,,,,,,,visual,0.0,,,,,,,,0.03585999143739268,-0.030683448538184166,-0.03585999143739268,-0.03921261057257652,-0.03864881601184607,-0.03814278915524483,-0.03737305384129286,-0.03623472526669502,-0.03465093486011028,-0.03273680992424488,-0.031585224159061905,0.0019176751531113576,0.6395106752727834,0.6395106752727834,0.0211815127094264,-0.0,-0.0211815127094264,-0.04111717268824577,-0.032195360586047175,-0.028331280685961246,-0.026371693704277277,-0.022695268504321575,-0.01742681208997965,-0.011152432300150394,-0.0016214522183872699,0.006860765446058775,,,,,,,,,,,,,7.512510100030228e-05,0,,,,,,,,,,,,,,,,,,,,,,,,,,,,,,,,,,,,,,,filter,,,,,,,43,,,,,,,,,,,,,,,,,,,,,,,,,U
,,,,,,,,,,,,,,,,,,,,,,,,,,,ele-fashion,0.08462865483487124,-0.04214119911193848,-0.08462865483487124,-0.08772052079439163,-0.08772042393684387,-0.0874992087483406,-0.08713336288928986,-0.08619688078761101,-0.08380848169326782,-0.07981738820672035,-0.06739585958421229,0.004202587223787014,-0.07736525684595108,,,,,,,,,,,,,,,,,,,,,,,,,0.2812894110458147,-0.21851462125778198,-0.2812894110458147,-0.30728036165237427,-0.2950191184878349,-0.29088832437992096,-0.2883778363466263,-0.2836756110191345,-0.2764502167701721,-0.2675134837627411,-0.2527730673551559,0.009550595057013379,-0.054295625537633896,3,,,,,,,,,,,,,,,,,,,,,,,,,,visual,1.0,,,,,,,,0.038621875894501195,-0.035225044935941696,-0.038621875894501195,-0.0406305193901062,-0.04030873104929924,-0.040017809718847275,-0.03956514969468117,-0.03888215869665146,-0.037896331399679184,-0.036645952612161636,-0.0358607230708003,0.0012010057109022962,0.8186362350569454,0.8186362350569454,0.026378001736684108,-0.0,-0.026378001736684108,-0.05120450630784035,-0.04009389169514179,-0.03528183326125145,-0.03284149896353483,-0.02826312929391861,-0.02170215593650937,-0.013888473622500896,-0.0020192452240735217,0.008543926268736417,,,,,,,,,,,,,9.121386594304837e-05,0,,,,,,,,,,,,,,,,,,,,,,,,,,,,,,,,,,,,,,,filter,,,,,,,43,,,,,,,,,,,,,,,,,,,,,,,,,U
,,,,,,,,,,,,0.01581009866196684,-0.0,-0.01581009866196684,-0.15203317999839783,-0.07316744521260261,-0.035750788822770115,-0.02163282036781311,-0.011168221943080425,-0.00480929808691144,-0.001657311373855918,0.0,0.015617359537750182,0.0,0,,ele-fashion,,,,,,,,,,,,,,,,,,,,,,,,,,0.04604534969776531,0.06368938088417053,-0.011696428112840525,-0.45310255885124207,-0.25386116981506346,-0.10783423483371735,-0.031091811135411263,0.014081928879022598,0.033298131078481674,0.04192575365304947,0.049352626800537,0.0672581191724637,,,,,,,,,,,,,,,1.0,0.04089252344776293,0.2346699833869934,0.04089252344776293,0.0,0.00153534933924675,0.012341405265033245,0.02266537304967642,0.033419135957956314,0.04601865168660879,0.08142230659723282,0.15955651178956037,0.031282767040778314,0.042037753949039865,0.05987587571144104,-0.008824791850032524,-0.31181731820106506,-0.2024635396897793,-0.09733783453702927,-0.030154258012771606,0.013886385597288609,0.03222504258155823,0.04023868553340436,0.0470315295457839,0.05821738192556358,text,,399172,496938.0,0.0,0.0,0.0037309040203042194,0.024349450313315535,0.006152609215453229,,,,,,,,,,,,,,,,,,,,,,,,,,,0.04203775287954598,0.05987592041492462,-0.008824792428498098,-0.31181731820106506,-0.20246355026960372,-0.09733787924051285,-0.030154259875416756,0.01388638187199831,0.032225094735622406,0.04023871310055256,0.04703150071203699,0.05821738125074525,,,0.9928433571766054,1,0.05558341721816824,1.0617047548294067,0.9928433571766054,0.7321152687072754,0.8167162585258484,0.9072494506835938,0.9702958464622498,1.0139832496643066,1.032749891281128,1.0410592317581178,1.0481550562381743,0.05518562655428968,0.15191211887814027,1.220611572265625,-4.546813158458183e-09,-1.4608184099197388,-0.691250678896904,-0.2690767765045166,-0.08587557077407837,0.025488466024398804,0.12004196643829346,0.2236963093280795,0.4633637067675567,0.21353067252269653,0.018044001811055876,0.14498327672481537,-5.366616293814185e-10,-0.17351485788822174,-0.08210621006786824,-0.03196072764694691,-0.01020023226737976,0.0030274998862296343,0.014258489944040775,0.02657047100365165,0.05503797549754354,0.025363005075222708,relation,0.0,0.0,-0.051345985382795334,-0.10407397896051407,0.11877921223640442,0.09974036365747452,44,0.6121198581636548,1.000000238418579,0.5560402480608008,-0.9429906606674194,-0.6077461397647858,0.0020634137094021066,0.38342970609664917,0.6701676249504089,0.8333351612091064,0.9150918841362,0.9850254201889037,0.3693411213524774,0.06105305725528849,0.09974038600921631,0.05545965654892122,-0.09405422955751419,-0.06061682265251875,0.00020580562850227798,0.03824341669678688,0.06684276461601257,0.08311714977025986,0.09127159416675568,0.0982467908412218,0.036838217752744366,U
,,,,,,,,,,,,0.0076564241433974365,-0.0,-0.0076564241433974365,-0.05864269658923149,-0.03172602798789739,-0.01730485241860151,-0.010663455352187157,-0.005673392675817013,-0.002494924468919635,-0.0008620310050901018,0.0,0.007021119863551716,0.0,0,,ele-fashion,,,,,,,,,,,,,,,,,,,,,,,,,,0.10265684443195346,0.09162892401218414,-0.10043017255945509,-0.3362453877925873,-0.20253520265221595,-0.15703050047159195,-0.1366613805294037,-0.1096433587372303,-0.06913936138153076,-0.026293030567467207,0.037796504050493035,0.05176354042933551,,,,,,,,,,,,,,,1.0,0.09042864348786353,0.18619030714035034,0.09042864348786353,0.0,0.007150112837553024,0.04868626408278942,0.07564239762723446,0.0966736264526844,0.11103890836238861,0.11989116296172142,0.139279741793871,0.02872032952281232,0.09141339810987911,0.08393780142068863,-0.08926648224969402,-0.25163447856903076,-0.16842349082231522,-0.13571852296590806,-0.12023051828145981,-0.09880957752466202,-0.06466823071241379,-0.025619429349899286,0.03641991324722748,0.044091458952945334,visual,,399172,496938.0,0.0,0.0,0.006388993103846051,0.0416972587039454,0.010295128586289096,,,,,,,,,,,,,,,,,,,,,,,,,,,0.09141340020083817,0.08393779397010803,-0.08926648453175884,-0.2516344487667084,-0.16842350572347642,-0.13571855276823044,-0.12023051083087921,-0.09880955144762993,-0.06466823816299438,-0.025619418360292905,0.03641995891928654,0.04409146145146771,,,0.9155021176013465,1,0.04491988784416128,1.0875612497329712,0.9155021176013465,0.7775288820266724,0.8449959117174148,0.8730883538722992,0.8867160081863403,0.9059152007102966,0.9373784065246582,0.9747059643268585,1.037091244459152,0.041124252443789554,0.170565055804079,1.3064055442810059,1.1262000944999706e-09,-1.2044346332550049,-0.6854048430919647,-0.30765491425991054,-0.10820883512496948,0.027489185333251953,0.13654673099517822,0.24941001534461976,0.5087841141223903,0.2314242780462523,0.019954103426885566,0.14090466499328613,-1.2923242036856291e-10,-0.15283407270908356,-0.05952175192534923,-0.029178036004304887,-0.015974359586834908,-0.003215910983271897,0.012659159488976002,0.03599200248718262,0.08018429636955253,0.027073915919233225,relation,0.0,0.0,-0.05375674366950989,-0.044888585805892944,-0.11698822677135468,-0.07791159301996231,44,0.5686017761567933,1.000000238418579,0.5007856098549482,-0.9466148614883423,-0.6028506231307983,-0.08275602534413327,0.28295037150382996,0.6042054891586304,0.8032110333442688,0.9061522245407104,0.9999999403953552,0.38586884552997264,0.04430067015957186,0.0737522691488266,-0.03901700461314056,-0.0779116079211235,-0.07791158556938171,-0.07059976309537888,-0.0625794529914856,-0.047074612230062485,-0.022045115008950233,0.006447653938084872,0.04696905236691225,0.03006365643114973,U
,,,,,,,,,,,,,,,,,,,,,,,,,,,ele-fashion,0.06374511345426118,0.06473436951637268,0.06374511345426118,0.055216699838638306,0.059930890798568726,0.06231138855218887,0.06350799277424812,0.06416601687669754,0.06437648460268974,0.06448857486248016,0.06461046300828457,0.001023052191296528,0.045847464352846146,,,,,,,,,,,,,,,,,,,,,,,,,0.42635595093565665,0.4920201301574707,0.42635595093565665,0.40834543108940125,0.4127729520201683,0.41666068136692047,0.42004308104515076,0.423758327960968,0.4283283054828644,0.44034187495708466,0.46673831194639215,0.010688479738133035,0.2025168091058731,0,,,,,,,,,,,,,,,,,,,,,,,,,,text,0.0,,,,,,,,0.10042176477167075,0.10407385975122452,0.10042176477167075,0.09559324383735657,0.09736337885260582,0.09871352463960648,0.09962587803602219,0.10061269253492355,0.10132492706179619,0.10182686895132065,0.1026019748300314,0.0012012790800817893,0.9834054619171547,0.9834054619171547,0.013824803039920938,0.07933641970157623,0.013824803039920938,0.0,0.0005190655559999868,0.004172339802607894,0.007662630639970303,0.011298225726932287,0.01555782719515264,0.0275269728153944,0.053942312858998795,0.010575969791546597,,,,,,,,,,,,,0.00011424359911248043,0,,,,,,,,,,,,,,,,,,,,,,,,,,,,,,,,,,,,,,,filter,,,,,,,44,,,,,,,,,,,,,,,,,,,,,,,,,U
,,,,,,,,,,,,,,,,,,,,,,,,,,,ele-fashion,0.036510369219579134,0.09499599784612656,-0.007806602194870196,-0.09600226581096649,-0.09000202268362045,-0.0706959180533886,-0.04750911705195904,0.0019720435375347733,0.028192281257361174,0.042652428150177,0.059191574156284364,0.04258893033980174,-0.04294745624065399,,,,,,,,,,,,,,,,,,,,,,,,,0.038036767570672876,0.10994288325309753,0.006769147599723199,-0.08298251777887344,-0.07499157302081585,-0.05602988228201866,-0.03242035489529371,0.016638613305985928,0.042533665895462036,0.05666924826800823,0.07316331118345262,0.042268304089388156,0.08837468177080154,1,,,,,,,,,,,,,,,,,,,,,,,,,,text,0.3964875340461731,,,,,,,,0.03309781362725729,-0.03134883567690849,-0.03309781362725729,-0.03445771709084511,-0.03389778360724449,-0.03361022099852562,-0.03342696093022823,-0.033167678862810135,-0.0328081576153636,-0.03247270733118057,-0.031979252584278584,0.00043902539004334436,-0.0015166517669277905,-0.0015166517669277905,0.0022463379288587076,0.012891062535345554,0.0022463379288587076,0.0,8.434092778770718e-05,0.0006779471004847437,0.0012450707436073571,0.0018358043162152171,0.0025279303081333637,0.004472749773412943,0.008764874376356604,0.0017184477792579985,,,,,,,,,,,,,0.0017866095305929875,0,,,,,,,,,,,,,,,,,,,,,,,,,,,,,,,,,,,,,,,filter,,,,,,,44,,,,,,,,,,,,,,,,,,,,,,,,,U
,,,,,,,,,,,,,,,,,,,,,,,,,,,ele-fashion,0.04870610651680251,-0.032203104346990585,-0.04870610651680251,-0.052213601768016815,-0.05219049509614706,-0.051300350576639175,-0.05040748976171017,-0.049102652817964554,-0.04740993119776249,-0.04566906951367855,-0.04165210388600822,0.002302501762622202,-0.04695134609937668,,,,,,,,,,,,,,,,,,,,,,,,,0.5337054737911646,0.5546750426292419,0.5337054737911646,0.5019878149032593,0.5146120905876159,0.5264747142791748,0.5314447432756424,0.5344151556491852,0.5373129099607468,0.5398598313331604,0.5444690465927124,0.0057258076528583,0.6692960858345032,2,,,,,,,,,,,,,,,,,,,,,,,,,,text,0.0,,,,,,,,0.032951115958567596,-0.031129984185099602,-0.032951115958567596,-0.03433454781770706,-0.03377382159233093,-0.033483754843473434,-0.033293225802481174,-0.033022262156009674,-0.03264894615858793,-0.03230616822838783,-0.03179877325892448,0.00045370917608575834,0.8528353520215851,0.8528353520215851,0.006982035835802145,-0.0,-0.006982035835802145,-0.04006781801581383,-0.027242859546095132,-0.01390213705599308,-0.007857277290895581,-0.005706021096557379,-0.003869911248330027,-0.0021071855444461107,-0.0002621472740429431,0.005341255122986734,,,,,,,,,,,,,3.278487327753067e-05,0,,,,,,,,,,,,,,,,,,,,,,,,,,,,,,,,,,,,,,,filter,,,,,,,44,,,,,,,,,,,,,,,,,,,,,,,,,U
,,,,,,,,,,,,,,,,,,,,,,,,,,,ele-fashion,0.05351012816729893,-0.026665618643164635,-0.05351012816729893,-0.06117009371519089,-0.06116626691073179,-0.060006072744727135,-0.058556501753628254,-0.05624772794544697,-0.050094722770154476,-0.04154127091169357,-0.03489319738000631,0.006993075251866997,-0.045328289270401,,,,,,,,,,,,,,,,,,,,,,,,,0.1932673050368488,-0.15957410633563995,-0.1932673050368488,-0.23875792324543,-0.22167999669909477,-0.20561110973358154,-0.19874722510576248,-0.1937410682439804,-0.18727654218673706,-0.17902596294879913,-0.17116096764802927,0.010335817216693622,-0.05096694454550743,3,,,,,,,,,,,,,,,,,,,,,,,,,,text,1.0,,,,,,,,0.03437283515770596,-0.03311442956328392,-0.03437283515770596,-0.03528158739209175,-0.034928261674940585,-0.034733980894088745,-0.03460592404007912,-0.03442205488681793,-0.034167769365012646,-0.0339334923774004,-0.03358495607972145,0.0003088973363035779,0.5058348828240683,0.5058348828240683,0.009089104188059345,-0.0,-0.009089104188059345,-0.05215965583920479,-0.035464325174689296,-0.018097583204507828,-0.010228479281067848,-0.007428008364513516,-0.005037789582274854,-0.002743100980296731,-0.0003412591991946071,0.006953161727087258,,,,,,,,,,,,,0.0001068291175369003,0,,,,,,,,,,,,,,,,,,,,,,,,,,,,,,,,,,,,,,,filter,,,,,,,44,,,,,,,,,,,,,,,,,,,,,,,,,U
,,,,,,,,,,,,,,,,,,,,,,,,,,,ele-fashion,0.07835804638504364,0.07947291433811188,0.07835804638504364,0.05800073966383934,0.07188757546246052,0.07646144181489944,0.07823387905955315,0.07898321002721786,0.07921556755900383,0.079311802983284,0.0793953888118267,0.0015571356570846303,0.06322325766086578,,,,,,,,,,,,,,,,,,,,,,,,,0.48167667844879414,0.5135635137557983,0.48167667844879414,0.4423101842403412,0.45507105737924575,0.46867500245571136,0.47658951580524445,0.48303449153900146,0.4884564280509949,0.4921669214963913,0.49862489849329,0.009385068834099486,0.2025168091058731,0,,,,,,,,,,,,,,,,,,,,,,,,,,visual,0.0,,,,,,,,0.11049259495606407,0.11871617287397385,0.11049259495606407,0.09531717002391815,0.09852400645613671,0.10214944556355476,0.10744194127619267,0.11192157492041588,0.11432098969817162,0.11588811874389648,0.11735561527311802,0.005017610016866942,0.809789670753373,0.809789670753373,0.027085970447653457,0.05576933175325394,0.027085970447653457,0.0,0.002141663827933371,0.014582931064069271,0.022657065652310848,0.0289565222337842,0.03325933590531349,0.035910839214921,0.041718275286257295,0.008602561827753563,,,,,,,,,,,,,8.807951702078547e-05,0,,,,,,,,,,,,,,,,,,,,,,,,,,,,,,,,,,,,,,,filter,,,,,,,44,,,,,,,,,,,,,,,,,,,,,,,,,U
,,,,,,,,,,,,,,,,,,,,,,,,,,,ele-fashion,0.0409112873065778,0.10831273347139359,-0.02118281387319542,-0.10831772536039352,-0.09553963728249074,-0.07292060181498528,-0.05539152771234512,-0.027271270751953125,0.009567651897668839,0.0401940792798996,0.08025067485868942,0.04304586565432312,-0.029587090015411377,,,,,,,,,,,,,,,,,,,,,,,,,0.03646156844973859,0.14477303624153137,0.010615859390105693,-0.08290158957242966,-0.06473540104925632,-0.042095087468624115,-0.024445493705570698,0.004404416307806969,0.04191064089536667,0.07341589778661728,0.11425998769700528,0.043924434573144426,0.08837468177080154,1,,,,,,,,,,,,,,,,,,,,,,,,,,visual,0.4662356972694397,,,,,,,,0.03633966268931362,-0.030907204374670982,-0.03633966268931362,-0.03929581120610237,-0.03879562728106976,-0.03826519288122654,-0.03770889714360237,-0.03684806078672409,-0.03525412920862436,-0.03335975110530853,-0.03208162970840931,0.0017909381019675001,0.0011004935499358535,0.0011004935499358535,0.009350744205087975,0.019252946600317955,0.009350744205087975,0.0,0.0007393550680717453,0.005034387111663818,0.007821776904165745,0.00999650452286005,0.011481942608952522,0.01239730603992939,0.014402175927534708,0.002969816248790669,,,,,,,,,,,,,0.0019293559525704455,0,,,,,,,,,,,,,,,,,,,,,,,,,,,,,,,,,,,,,,,filter,,,,,,,44,,,,,,,,,,,,,,,,,,,,,,,,,U
,,,,,,,,,,,,,,,,,,,,,,,,,,,ele-fashion,0.07852107910530631,-0.07254662364721298,-0.07852107910530631,-0.07934297621250153,-0.07934268563985825,-0.07924062386155128,-0.0790468119084835,-0.07868412509560585,-0.07820142805576324,-0.07758060842752457,-0.07608827129006385,0.0007095222810420364,-0.066846564412117,,,,,,,,,,,,,,,,,,,,,,,,,0.47304376272005577,0.49332597851753235,0.47304376272005577,0.4568983316421509,0.4644717305898666,0.4675811380147934,0.4694116786122322,0.4720866084098816,0.47562119364738464,0.4802696108818054,0.48775027841329577,0.005078105570363387,0.6692960858345032,2,,,,,,,,,,,,,,,,,,,,,,,,,,visual,0.0,,,,,,,,0.035823152206926986,-0.030132196843624115,-0.035823152206926986,-0.03900504857301712,-0.03846621867269277,-0.037896351888775826,-0.03728681243956089,-0.03636055625975132,-0.034643218852579594,-0.032645173370838165,-0.03130218759179115,0.0019141336299445355,0.8719781166345122,0.8719781166345122,0.015061542300496725,-0.0,-0.015061542300496725,-0.03101133555173874,-0.023198044300079344,-0.019968736916780472,-0.01849433034658432,-0.01610168907791376,-0.012598785571753979,-0.008109048008918762,-0.0011909028224181193,0.004783577873370757,,,,,,,,,,,,,2.5787156183755662e-05,0,,,,,,,,,,,,,,,,,,,,,,,,,,,,,,,,,,,,,,,filter,,,,,,,44,,,,,,,,,,,,,,,,,,,,,,,,,U
,,,,,,,,,,,,,,,,,,,,,,,,,,,ele-fashion,0.06800686224295671,-0.058203309774398804,-0.06800686224295671,-0.06938226521015167,-0.06938222050666809,-0.06924515590071678,-0.0689600333571434,-0.06847921013832092,-0.06751025654375553,-0.06612249836325645,-0.06301793940365313,0.0013917074577411194,-0.06412472575902939,,,,,,,,,,,,,,,,,,,,,,,,,0.24280347949221562,-0.21486608684062958,-0.24280347949221562,-0.26503026485443115,-0.25405396372079847,-0.2498861402273178,-0.2477194145321846,-0.244448684155941,-0.23938802257180214,-0.2326480746269226,-0.22240183129906654,0.006941258277031914,-0.05096694454550743,3,,,,,,,,,,,,,,,,,,,,,,,,,,visual,1.0,,,,,,,,0.038329780068625516,-0.03425348922610283,-0.038329780068625516,-0.04043758660554886,-0.04009462706744671,-0.03972732461988926,-0.03932848200201988,-0.03871410712599754,-0.037549455650150776,-0.03614271804690361,-0.035154149308800696,0.001313257361794387,0.953250257882796,0.953250257882796,0.021375170622131665,-0.0,-0.021375170622131665,-0.044010937213897705,-0.0329224044457078,-0.028339406475424767,-0.026246946305036545,-0.022851334884762764,-0.017880055122077465,-0.011508269235491753,-0.0016901158029213276,0.0067887996577303735,,,,,,,,,,,,,4.818106646846406e-05,0,,,,,,,,,,,,,,,,,,,,,,,,,,,,,,,,,,,,,,,filter,,,,,,,44,,,,,,,,,,,,,,,,,,,,,,,,,U
,,,,,,,,,,,,0.014934822682726553,-0.0,-0.014934822682726553,-0.11459332704544067,-0.060684941709041595,-0.034431097283959385,-0.021089977119117975,-0.01059568440541625,-0.004898119950667024,-0.001733696530573069,0.0,0.013833185178362635,0.0,0,,Reddit-S,,,,,,,,,,,,,,,,,,,,,,,,,,0.036665758412985125,0.023544635623693466,-0.024689832888583084,-0.26409849524497986,-0.21835049986839294,-0.11404288411140442,-0.038013193756341934,0.0002838931977748871,0.012609437108039856,0.017418723553419113,0.020965691655874252,0.05682259215124772,,,,,,,,,,,,,,,nan,0.030403337641302645,0.1896222084760666,0.030403337641302645,2.04216248675948e-05,0.001161721651442349,0.007995176035910845,0.013821203261613846,0.02192559279501438,0.04117300733923912,0.064704280346632,0.11049980044364922,0.0242398522231457,0.03332732852251055,0.023003043606877327,-0.02152367854842543,-0.20892244577407837,-0.1792181134223938,-0.10236849635839462,-0.03662111982703209,0.0002838566288119182,0.012452442897483706,0.017120545729994774,0.020535126328468323,0.04948058177922729,text,,283080,298974.0,0.0,0.0,0.0010998291451398687,0.020688330653475848,0.0027763486986645256,,,,,,,,,,,,,,,,,,,,,,,,,,,0.03332732828495181,0.02300303615629673,-0.02152367848251204,-0.2089224010705948,-0.179218128323555,-0.10236848592758178,-0.03662111051380634,0.0002838126238202676,0.012452419148758054,0.017120506428182126,0.02053515799343586,0.049480582257006994,,,0.9798738278628608,1,0.04756943803085838,1.0232696533203125,0.9798738278628608,0.811458170413971,0.8359235525131226,0.9026968479156494,0.9640413224697113,1.0002838969230652,1.0125302970409393,1.0172679424285889,1.020747423171997,0.04661204733262991,0.2073846233235397,1.591240406036377,-3.87915526302888e-09,-1.0092412233352661,-0.821447491645813,-0.40842063426971437,-0.11309795081615448,0.049376219511032104,0.16041229665279388,0.3012689828872681,0.6017504334449768,0.2826763453809546,0.01518320481823834,0.11649913340806961,-2.868202455784068e-10,-0.0738893523812294,-0.0601404532790184,-0.02990161031484604,-0.008280215552076697,0.003614970250055194,0.011744230287149549,0.022056739218533045,0.04405582323670387,0.020695521106394534,relation,0.0,0.0,-0.050938334316015244,-0.07201509177684784,0.07321278005838394,0.0732465609908104,42,0.6370958287150175,1.000000238418579,0.5622560851284113,-0.9695591926574707,-0.68764728307724,-0.07413382232189172,0.38061006367206573,0.7117027938365936,0.8658016622066498,0.9302867889404297,0.9783705472946167,0.4052632135808793,0.04666507847145371,0.07324657589197159,0.041183324628351246,-0.07101687788963318,-0.050367798656225204,-0.005430047633126374,0.027878378983587027,0.05212978087365627,0.0634169951081276,0.06814030781388283,0.07166227698326111,0.02968413668882239,U
,,,,,,,,,,,,0.004576993490346989,-0.0,-0.004576993490346989,-0.06505300849676132,-0.03960129991173744,-0.01169886915013194,-0.0038716073613613844,-0.0014980366104282439,-0.0007723138696746901,-0.00027113927935715757,0.0,0.008179634560748304,0.0,0,,Reddit-S,,,,,,,,,,,,,,,,,,,,,,,,,,0.014998297490915437,0.012987468391656876,-0.003006851840519511,-0.17561902105808258,-0.1462443321943283,-0.023951810039579868,0.00014392845332622528,0.0074001457542181015,0.00986838061362505,0.010730164870619775,0.011508245021104813,0.02937263047942383,,,,,,,,,,,,,,,nan,0.014658280821259103,0.13879570364952087,0.014658280821259103,9.808593858906534e-06,0.0006863336806418374,0.004269526107236743,0.0066160212736576796,0.009179510176181793,0.01439729193225503,0.03446068242192269,0.07530569486320013,0.015588599310798288,0.014212761514610275,0.012820911593735218,-0.002328352787095832,-0.14938431978225708,-0.12758563458919525,-0.023391517624258992,0.00014393486344488338,0.0073457504622638226,0.009771963581442833,0.01061625499278307,0.011377335526049137,0.026527049787950608,visual,,283080,298974.0,0.0,0.0,0.00047766556714119577,0.008985125770185322,0.0014734601474632907,,,,,,,,,,,,,,,,,,,,,,,,,,,0.014212761003552976,0.0128209562972188,-0.002328353234792381,-0.1493843048810959,-0.12758566439151764,-0.02339153978973627,0.0001439077350369189,0.007345786318182945,0.00977194751612842,0.010616251081228257,0.011377312242984772,0.026527049986777653,,,0.9980153788360681,1,0.025400080462723244,1.0129034519195557,0.9980153788360681,0.8612380623817444,0.8802180290222168,0.9768799424171448,1.0001439452171326,1.007372796535492,1.0098198652267456,1.0106728076934814,1.0114423036575317,0.02534967092549675,0.09905012305474581,1.4078036546707153,-2.590990199600722e-09,-0.9555995464324951,-0.7795809507369995,-0.12248926758766163,-0.017299816012382507,0.016503602266311646,0.03931407630443573,0.09942398071289066,0.7742810845375061,0.20284237422849621,0.004699093906931627,0.06678842008113861,-1.246146076143358e-10,-0.04533514752984047,-0.03698454797267914,-0.005811083735898131,-0.0008207305509131402,0.0007829568930901587,0.0018651217396836728,0.0047168304678052685,0.03673311322927475,0.009623161839477827,relation,0.0,0.0,-0.038071807473897934,-0.04620886221528053,0.047441575676202774,0.049580056220293045,42,0.8436818714726207,1.000000238418579,0.7995543432406158,-0.9692384004592896,-0.7150331735610962,0.5050445854663849,0.8108065277338028,0.9205040335655212,0.9658514559268951,0.9831600308418273,0.9999999403953552,0.33308588666047495,0.04182979461129535,0.04958006739616394,0.03964194927927863,-0.04805489256978035,-0.035451386123895645,0.02504013814032078,0.040199832059443,0.04563864320516586,0.04788696859031916,0.048745130002498624,0.04958005249500275,0.01651441698335913,U
,,,,,,,,,,,,,,,,,,,,,,,,,,,Reddit-S,0.023677149881890715,0.05169183015823364,-0.0038187412411006183,-0.05033668503165245,-0.04292111936956644,-0.03550683557987213,-0.027197005692869425,-0.008966527413576841,0.0186865059658885,0.037396672368049624,0.04731718920171261,0.026690774883733465,0.018473491072654724,,,,,,,,,,,,,,,,,,,,,,,,,0.2721526020200534,0.35508793592453003,0.2721526020200534,0.22213275730609894,0.230261452794075,0.23908371180295945,0.2485239952802658,0.26808100938796997,0.29519692063331604,0.3116142451763153,0.32643572866916654,0.026947263720429545,0.16985520720481873,0,,,,,,,,,,,,,,,,,,,,,,,,,,text,0.0,,,,,,,,0.07983853455951218,0.08140023797750473,0.07983853455951218,0.07759662717580795,0.07808820448815823,0.07868585884571075,0.07935854233801365,0.07999414950609207,0.0803958848118782,0.08070316836237908,0.08102518446743488,0.0007389434952455867,0.06060218003276031,0.06060218003276031,0.007804110549439609,0.0486733615398407,0.007804110549439609,5.241944563749712e-06,0.00029819764313288033,0.002052249596454203,0.0035477092023938894,0.005627992330119014,0.010568533791229129,0.01660868190228939,0.02836374938488005,0.0062220302426536115,,,,,,,,,,,,,0.0007261550220183784,0,,,,,,,,,,,,,,,,,,,,,,,,,,,,,,,,,,,,,,,filter,,,,,,,42,,,,,,,,,,,,,,,,,,,,,,,,,U
,,,,,,,,,,,,,,,,,,,,,,,,,,,Reddit-S,0.028733816216840995,0.04891179874539375,-0.004526417399613051,-0.0596102699637413,-0.05621653649955988,-0.05061604343354702,-0.03794972877949476,-9.894534014165401e-05,0.02404924388974905,0.03922171257436276,0.04603786259889602,0.03276170976788957,-0.012677152641117573,,,,,,,,,,,,,,,,,,,,,,,,,0.06577541938952082,0.1204410120844841,0.06577541938952082,0.0069363052025437355,0.014543990725651384,0.02028034031391144,0.03251640871167183,0.06962089240550995,0.09440364688634872,0.10955100879073144,0.11698085993528366,0.03265967502479077,0.11098910868167877,1,,,,,,,,,,,,,,,,,,,,,,,,,,text,0.0,,,,,,,,0.02600722120540636,-0.02513052150607109,-0.02600722120540636,-0.026621010154485703,-0.02647333700209856,-0.0263470608741045,-0.026225533802062273,-0.02606797404587269,-0.025818375404924154,-0.025555375032126904,-0.025321557875722645,0.0002898809202724488,0.005338399554819965,0.005338399554819965,0.0020028952637976905,-1.345325131296704e-06,-0.0020028952637976905,-0.012491832487285137,-0.0072794482903555035,-0.004262555064633489,-0.0027123738545924425,-0.0014444028493016958,-0.0009105060598812997,-0.0005267020431347191,-7.653129432583228e-05,0.0015968603765507006,,,,,,,,,,,,,0.0010666543727249423,0,,,,,,,,,,,,,,,,,,,,,,,,,,,,,,,,,,,,,,,filter,,,,,,,42,,,,,,,,,,,,,,,,,,,,,,,,,U
,,,,,,,,,,,,,,,,,,,,,,,,,,,Reddit-S,0.02462044877394016,0.053418394178152084,0.0037387081627310343,-0.05440368503332138,-0.04677976168692112,-0.03574119880795479,-0.022019315045326948,0.006976758595556021,0.026784961577504873,0.04159475043416024,0.0500128573179245,0.028108193480914458,-0.01559360045939684,,,,,,,,,,,,,,,,,,,,,,,,,0.6640092824913052,0.7155336141586304,0.6640092824913052,0.6030838489532471,0.613326622247696,0.6249109447002411,0.6384148448705673,0.666752964258194,0.6871805489063263,0.7020972728729248,0.7111194211244584,0.028108984917563043,0.7046568989753723,2,,,,,,,,,,,,,,,,,,,,,,,,,,text,0.0,,,,,,,,0.026304101303306047,-0.02549058385193348,-0.026304101303306047,-0.0268732737749815,-0.026736191641539335,-0.02661865036934614,-0.026506696827709675,-0.026360463351011276,-0.026129451114684343,-0.025885201804339886,-0.025668690465390682,0.0002686445430753974,0.010313809417205612,0.010313809417205612,0.002488635155538504,-1.6715919173293514e-06,-0.002488635155538504,-0.01552133820950985,-0.009044851679354905,-0.005296305008232594,-0.003370175778400153,-0.0017946977750398219,-0.0011313209834042937,-0.0006544372532516717,-9.509157825959846e-05,0.0019841291474696154,,,,,,,,,,,,,0.0007901150330957867,0,,,,,,,,,,,,,,,,,,,,,,,,,,,,,,,,,,,,,,,filter,,,,,,,42,,,,,,,,,,,,,,,,,,,,,,,,,U
,,,,,,,,,,,,,,,,,,,,,,,,,,,Reddit-S,0.035358807399206986,0.06629902124404907,-0.0037595831888064877,-0.06766629219055176,-0.06517160452902317,-0.05922920703887939,-0.044546459801495075,0.0010801012977026403,0.029500902630388737,0.049454487860202796,0.06359973974525929,0.040236443100019295,-0.01593066193163395,,,,,,,,,,,,,,,,,,,,,,,,,0.06856517786000232,0.004209108650684357,-0.06853987700112806,-0.14439640939235687,-0.1295107565820217,-0.12317143604159356,-0.10941746272146702,-0.0646575354039669,-0.035400278866291046,-0.014789077825844281,0.00022628516773693004,0.04027922726375723,-0.018009837716817856,3,,,,,,,,,,,,,,,,,,,,,,,,,,text,0.9876053929328918,,,,,,,,0.027527212046346484,-0.02697552926838398,-0.027527212046346484,-0.027905955910682678,-0.02781561588868499,-0.02773774806410074,-0.027663320302963257,-0.027565784752368927,-0.027410694397985935,-0.027245670184493066,-0.02709793496876955,0.00018042433120668173,0.0069020241230356005,0.0069020241230356005,0.0033125802665507804,-2.2250278561841697e-06,-0.0033125802665507804,-0.020660191774368286,-0.012039449913427234,-0.007049822341650724,-0.004485983867198229,-0.002388891880400479,-0.001505882217315957,-0.0008711103757377713,-0.00012657478509936482,0.0026410408330996573,,,,,,,,,,,,,0.001622416148965404,0,,,,,,,,,,,,,,,,,,,,,,,,,,,,,,,,,,,,,,,filter,,,,,,,42,,,,,,,,,,,,,,,,,,,,,,,,,U
,,,,,,,,,,,,,,,,,,,,,,,,,,,Reddit-S,0.018947085449884583,0.023800775408744812,0.018433924949264692,-0.008427804335951805,-0.006543453317135572,0.012878232542425394,0.018085293006151915,0.02016591839492321,0.021542233414947987,0.022507270239293574,0.023444549068808555,0.005923780749525009,0.018654245883226395,,,,,,,,,,,,,,,,,,,,,,,,,0.29034287237335005,0.32366353273391724,0.29034287237335005,0.2659090459346771,0.2671058773994446,0.28423280715942384,0.28870440274477005,0.290693074464798,0.2921920195221901,0.2967135161161423,0.30765315145254135,0.006471109560177437,0.16985520720481873,0,,,,,,,,,,,,,,,,,,,,,,,,,,visual,0.0,,,,,,,,0.07967557090568861,0.0822494626045227,0.07967557090568861,0.07636535912752151,0.07756929621100425,0.07831646427512169,0.0790043119341135,0.07976099103689194,0.0803240779787302,0.08064975216984749,0.0822494626045227,0.0009883187743526106,0.3582376073901276,0.3582376073901276,0.0037239266479096116,0.03526096045970917,0.0037239266479096116,2.4918667804740835e-06,0.00017436262336559594,0.0010846703196875753,0.001680795947322622,0.0023320484906435013,0.003657622612081468,0.008754714019596578,0.019131361227482543,0.003960273452011165,,,,,,,,,,,,,4.187525893981982e-05,0,,,,,,,,,,,,,,,,,,,,,,,,,,,,,,,,,,,,,,,filter,,,,,,,42,,,,,,,,,,,,,,,,,,,,,,,,,U
,,,,,,,,,,,,,,,,,,,,,,,,,,,Reddit-S,0.02287325453254831,-0.010700315237045288,-0.02287325453254831,-0.025828907266259193,-0.02538812030106783,-0.024958951584994792,-0.024557560216635466,-0.02374603971838951,-0.02205422194674611,-0.020299375616014,-0.010700317099690437,0.0027401751003081473,-0.018557796254754066,,,,,,,,,,,,,,,,,,,,,,,,,0.04234745330889187,0.053796716034412384,0.04234745330889187,0.03192146494984627,0.036821283400058746,0.040047106146812436,0.040984817780554295,0.041697707027196884,0.043312638998031616,0.044991147518157956,0.053796716034412384,0.00279724038216485,0.11098910868167877,1,,,,,,,,,,,,,,,,,,,,,,,,,,visual,0.0,,,,,,,,0.026130295862405423,-0.02489815466105938,-0.026130295862405423,-0.02709577977657318,-0.02709577977657318,-0.026494468003511427,-0.02637244714424014,-0.026161673478782177,-0.025879379361867905,-0.025623281113803388,-0.025345520675182344,0.0003696907362108084,0.18159613683668388,0.18159613683668388,0.001080310695088741,-7.228902632050449e-07,-0.001080310695088741,-0.0102292001247406,-0.005550005696713925,-0.0025397414341568943,-0.0010610758617985994,-0.0006765270372852683,-0.0004875987069681287,-0.000314662733580917,-5.058257665950813e-05,0.0011488748759307494,,,,,,,,,,,,,7.824553755613756e-06,0,,,,,,,,,,,,,,,,,,,,,,,,,,,,,,,,,,,,,,,filter,,,,,,,42,,,,,,,,,,,,,,,,,,,,,,,,,U
,,,,,,,,,,,,,,,,,,,,,,,,,,,Reddit-S,0.018739894917100007,-0.014762753620743752,-0.018739894917100007,-0.020288538187742233,-0.02013233443722129,-0.019950356893241407,-0.01955326274037361,-0.01880540605634451,-0.01818648912012577,-0.017595695890486242,-0.015261108055710793,0.0010316927634204237,-0.019643820822238922,,,,,,,,,,,,,,,,,,,,,,,,,0.6386316711345799,0.6431227922439575,0.6386316711345799,0.627620279788971,0.6328082633018494,0.6364612936973572,0.6380659341812134,0.6389855742454529,0.6396510601043701,0.640273141860962,0.6414887309074402,0.0017271517700035296,0.7046568989753723,2,,,,,,,,,,,,,,,,,,,,,,,,,,visual,0.0,,,,,,,,0.026350719174758074,-0.025184178724884987,-0.026350719174758074,-0.02726135216653347,-0.02726135216653347,-0.026694867201149462,-0.026579583063721657,-0.026380594819784164,-0.026113443542271852,-0.0258710790425539,-0.02560738328844309,0.00034912011147979465,0.68547250092463,0.68547250092463,0.0012907705063818359,-8.637194923721836e-07,-0.0012907705063818359,-0.012221992947161198,-0.0066312255803495646,-0.0030345191480591893,-0.001267788524273783,-0.0008083240245468915,-0.0005825898406328633,-0.0003759634884772821,-6.0436779240262786e-05,0.001372691956982717,,,,,,,,,,,,,2.9830532366263254e-06,0,,,,,,,,,,,,,,,,,,,,,,,,,,,,,,,,,,,,,,,filter,,,,,,,42,,,,,,,,,,,,,,,,,,,,,,,,,U
,,,,,,,,,,,,,,,,,,,,,,,,,,,Reddit-S,0.008963473853119337,0.00023186606995295733,-0.00894979019722773,-0.01156049408018589,-0.011345561491325498,-0.010959353018552064,-0.010578348068520427,-0.009471500292420387,-0.008205515099689364,-0.006446265615522861,0.00023186393082141876,0.0022627082908782173,-0.019788019359111786,,,,,,,,,,,,,,,,,,,,,,,,,0.07529504834804968,-0.06650835275650024,-0.07529504834804968,-0.08810937404632568,-0.08209122784435749,-0.07801899388432502,-0.07659967057406902,-0.07542846724390984,-0.0742163434624672,-0.07243204563856125,-0.06650835275650024,0.002638621386977394,-0.018009837716817856,3,,,,,,,,,,,,,,,,,,,,,,,,,,visual,1.0,,,,,,,,0.027194555529606663,-0.026283016428351402,-0.027194555529606663,-0.02789231948554516,-0.02789231948554516,-0.027460496686398984,-0.027371931355446577,-0.02721853367984295,-0.02701178565621376,-0.026823141798377036,-0.02661653758957982,0.00026951307575402987,0.33467211095070554,0.33467211095070554,0.0013528454476568082,-9.052569680534361e-07,-0.0013528454476568082,-0.01280976552516222,-0.006950130350887775,-0.0031804533675312994,-0.0013287581386975944,-0.0008471974870190024,-0.0006106073997216299,-0.00039404408598784344,-6.334326797514233e-05,0.0014387066142285457,,,,,,,,,,,,,6.962322823814507e-06,0,,,,,,,,,,,,,,,,,,,,,,,,,,,,,,,,,,,,,,,filter,,,,,,,42,,,,,,,,,,,,,,,,,,,,,,,,,U
,,,,,,,,,,,,0.00917851633426031,-0.0,-0.00917851633426031,-0.08165806531906128,-0.040743324905633926,-0.02114220801740884,-0.012654220219701529,-0.006784157361835241,-0.002376652555540204,-0.0007264697342179707,0.0,0.008999452771822824,0.0,0,,Reddit-S,,,,,,,,,,,,,,,,,,,,,,,,,,0.025325811013642008,0.005322210490703583,-0.02530928633956301,-0.17649497091770172,-0.14650242030620575,-0.07384053170681,-0.032139101065695286,-0.011215475387871265,-0.004247045144438744,-0.0015353523194789882,3.489479422569275e-05,0.033134587966214976,,,,,,,,,,,,,,,nan,0.020966532200846752,0.12674900889396667,0.020966532200846752,2.975673123728484e-05,0.0006237622787011787,0.0029083552770316603,0.007287587504833937,0.016523811034858227,0.029235564172267914,0.04543570727109909,0.08311561055481433,0.01798173395083817,0.02374161493760992,0.005293994210660458,-0.023725117721111202,-0.1500176340341568,-0.12778203189373016,-0.06876305863261223,-0.031138347927480936,-0.011091089341789484,-0.004229102749377489,-0.001533007912803441,3.4927710657939315e-05,0.029711598839181817,text,,283080,298974.0,0.0,0.0,0.0006617424904431312,0.012447703818579053,0.0017846087175425467,,,,,,,,,,,,,,,,,,,,,,,,,,,0.023741614265541614,0.005294034257531166,-0.023725117015246034,-0.1500176191329956,-0.12778204679489136,-0.06876303181052208,-0.031138342805206776,-0.011091083753854036,-0.004229084122925997,-0.001532998553011566,3.489357550279237e-05,0.029711598976487875,,,0.9769774639515515,1,0.02891509031462607,1.0053080320358276,0.9769774639515515,0.8606927990913391,0.8800451755523682,0.9335478484630585,0.9693414568901062,0.9889701902866364,0.9957798272371292,0.9984681665897369,1.0000349283218384,0.02824939160554236,0.18166958294747407,1.616250991821289,2.984107814553398e-09,-0.9809219241142273,-0.7869482040405273,-0.3470484584569931,-0.09386518597602844,0.027658134698867798,0.15446053445339203,0.25957017242908476,0.542110025882721,0.25442581060190733,0.009934746034638972,0.08838597685098648,1.6290640082411663e-10,-0.05364249646663666,-0.04303488880395889,-0.01897862125188112,-0.005133092636242509,0.0015125072095543146,0.008446797728538513,0.014194802287966013,0.02964571863412857,0.013913478372833483,relation,0.0,0.0,-0.0381857305765152,-0.05052313208580017,0.0546857975423336,0.03831016644835472,43,0.6420073370704118,1.000000238418579,0.5756947164816816,-0.945181131362915,-0.6866933107376099,-0.004169660806655877,0.399103045463562,0.7047528028488159,0.8753503113985062,0.9444496393203736,0.9836773872375488,0.3939328065149236,0.02459540794038479,0.03831017389893532,0.022054960408656024,-0.03621004521846771,-0.02630733512341976,-0.0001597403956111518,0.01528970431536436,0.026999197900295258,0.03353481646627188,0.036182022467255597,0.0376848429441452,0.01509163138356637,U
,,,,,,,,,,,,0.0038756293877000468,-0.0,-0.0038756293877000468,-0.0688583254814148,-0.036470022052526474,-0.008962323609739541,-0.0030393205233849585,-0.001387611497193575,-0.0007364775374298915,-0.0002595655212644487,0.0,0.007165221670792626,0.0,0,,Reddit-S,,,,,,,,,,,,,,,,,,,,,,,,,,0.013097410575116007,0.015285983681678772,-0.002169296699008232,-0.1589275300502777,-0.14031538367271423,-0.0176029535010457,0.0007627671584486961,0.006663089618086815,0.008768879808485508,0.009560937434434891,0.011299017816781998,0.02632657588819006,,,,,,,,,,,,,,,nan,0.012495952296710638,0.12985236942768097,0.012495952296710638,1.2393887118378188e-05,0.0005879482487216592,0.003941630059853196,0.005928635597229004,0.007953076157718897,0.011374394409358501,0.029007798060774803,0.06670515388250348,0.013497254261600205,0.012465791138284608,0.015055829659104347,-0.0016246595099287241,-0.13713328540325165,-0.12304964661598206,-0.017298463732004162,0.0007621721015311778,0.0066189575009047985,0.008692639879882336,0.009470418095588684,0.011172826401889324,0.023875928607962008,visual,,283080,298974.0,0.0,0.0,0.0003970096983154394,0.007467948951600088,0.001250108735955392,,,,,,,,,,,,,,,,,,,,,,,,,,,0.01246579104939858,0.015055840834975243,-0.0016246593911945298,-0.13713327050209045,-0.12304962426424026,-0.01729845013469457,0.0007621857221238315,0.006618986837565899,0.00869265478104353,0.00947039145976305,0.011172776110470295,0.023875928786005723,,,0.9986532918869885,1,0.022883931641037192,1.0151697397232056,0.9986532918869885,0.8718540072441101,0.884219765663147,0.982850295305252,1.0007624626159668,1.006640911102295,1.0087305307388306,1.009515404701233,1.0112354755401611,0.02285311366466149,0.09437027743953584,1.6766772270202637,-1.0979795712391772e-08,-0.9785250425338745,-0.840979814529419,-0.10998485088348388,-0.015155360102653503,0.01877140998840332,0.04163515567779541,0.08348481059074403,0.7765448689460754,0.19835773499955336,0.004268612800348659,0.07584046572446823,-4.91182947344668e-10,-0.044261228293180466,-0.03803970292210579,-0.004974900558590889,-0.0006855163082946092,0.0008490796317346394,0.0018832662026397884,0.0037762349471449855,0.035125140100717545,0.00897223564270862,relation,0.0,0.0,-0.0332944355905056,-0.04106832668185234,0.04523259773850441,0.04317456856369972,43,0.8562702965834877,1.000000238418579,0.8106802213760504,-0.9610927104949951,-0.8094800710678101,0.576025050878525,0.8292296379804611,0.9230552911758423,0.9692768007516861,0.9888217031955719,0.9999999403953552,0.3347241399818209,0.0369691006142202,0.04317457973957062,0.03500076878838449,-0.041494764387607574,-0.03494895249605179,0.0248696330934763,0.03580163232982159,0.03985251300036907,0.04184810817241669,0.04269195050001144,0.043174564838409424,0.01445157031928243,U
,,,,,,,,,,,,,,,,,,,,,,,,,,,Reddit-S,0.014600746950117247,0.03446781635284424,0.0041943169325863545,-0.028552453964948654,-0.024080831687897444,-0.017837446928024293,-0.01007975242100656,0.002781821647658944,0.01960189687088132,0.02776103671640158,0.03217847470194101,0.016660184351798262,0.01547626405954361,,,,,,,,,,,,,,,,,,,,,,,,,0.27372018315438973,0.3232930302619934,0.27372018315438973,0.23776422441005707,0.24222160056233405,0.24971700459718704,0.25881529599428177,0.273154154419899,0.2898218557238579,0.2968667894601822,0.3066285207867622,0.017664366164901777,0.1697191745042801,0,,,,,,,,,,,,,,,,,,,,,,,,,,text,0.0,,,,,,,,0.07959361053226023,0.08082544803619385,0.07959361053226023,0.0778440460562706,0.07828435733914375,0.07878085598349571,0.07919524237513542,0.07968098297715187,0.08003526739776134,0.08024956583976746,0.08054475106298924,0.0005556804242558827,0.10798732658275345,0.10798732658275345,0.004736809822797072,0.02863544411957264,0.004736809822797072,6.7227128965896554e-06,0.0001409218784829136,0.0006570627039764077,0.0016464295331388712,0.003733099438250065,0.006604969617910683,0.010264945309609174,0.018777679949998856,0.0040624769633966044,,,,,,,,,,,,,0.0003120298320077267,0,,,,,,,,,,,,,,,,,,,,,,,,,,,,,,,,,,,,,,,filter,,,,,,,43,,,,,,,,,,,,,,,,,,,,,,,,,U
,,,,,,,,,,,,,,,,,,,,,,,,,,,Reddit-S,0.01737407895674488,0.034807976335287094,-0.0054962168111755165,-0.04192280024290085,-0.039427692592144015,-0.03481606654822826,-0.02428781846538186,-0.002221861155703664,0.011941318865865469,0.0188527537509799,0.026765103973448275,0.019911741220948676,-0.013928147032856941,,,,,,,,,,,,,,,,,,,,,,,,,0.06007621013428732,0.1008753627538681,0.06007621013428732,0.021385924890637398,0.02708023363724351,0.031010280176997185,0.04079089779406786,0.06358116492629051,0.07729631662368774,0.08448095321655273,0.09266024559736251,0.019938746556896626,0.10692600905895233,1,,,,,,,,,,,,,,,,,,,,,,,,,,text,0.0,,,,,,,,0.02599014014725687,-0.02531670220196247,-0.02599014014725687,-0.026466984301805496,-0.026358494237065315,-0.026243673637509346,-0.026160674169659615,-0.02602378372102976,-0.025836159475147724,-0.02567612398415804,-0.02548482172191143,0.00021469515094459568,0.011724612647526523,0.011724612647526523,0.001435296756327945,-2.0370434867800213e-06,-0.001435296756327945,-0.008676801808178425,-0.005689809308387339,-0.00311037243809551,-0.0020013662287965417,-0.0011311633279547095,-0.000498883193358779,-0.000199096008145716,-4.270062116120244e-05,0.0012309677236091042,,,,,,,,,,,,,0.0003975536142601571,0,,,,,,,,,,,,,,,,,,,,,,,,,,,,,,,,,,,,,,,filter,,,,,,,43,,,,,,,,,,,,,,,,,,,,,,,,,U
,,,,,,,,,,,,,,,,,,,,,,,,,,,Reddit-S,0.014106362217809577,0.02523905225098133,-0.00857178044501094,-0.03643127530813217,-0.03421111539006233,-0.030910509638488293,-0.023291999474167824,-0.0060681195463985205,0.004497157875448465,0.010231345798820258,0.0179321358166635,0.015360539092760729,-0.015304840169847012,,,,,,,,,,,,,,,,,,,,,,,,,0.6488593705340693,0.6845175623893738,0.6488593705340693,0.6139582395553589,0.6231120693683624,0.6268547534942627,0.633314698934555,0.6515035629272461,0.6622248142957687,0.6680797457695007,0.6764109987020492,0.015653615209833868,0.7014093399047852,2,,,,,,,,,,,,,,,,,,,,,,,,,,text,0.0,,,,,,,,0.026370818631207178,-0.025759398937225342,-0.026370818631207178,-0.026801547035574913,-0.026703220196068286,-0.026600068621337413,-0.026525210589170456,-0.026401085779070854,-0.026231537107378244,-0.026087041199207305,-0.02591391509398818,0.00019411759215036596,0.036272447206897866,0.036272447206897866,0.002302507009888659,-3.267830834374763e-06,-0.002302507009888659,-0.013919348828494549,-0.009127607615664602,-0.0049896679352968935,-0.0032105972641147673,-0.001814615330658853,-0.0008003098191693425,-0.00031939036562107494,-6.850045756436885e-05,0.0019747218118395713,,,,,,,,,,,,,0.0002450356691375422,0,,,,,,,,,,,,,,,,,,,,,,,,,,,,,,,,,,,,,,,filter,,,,,,,43,,,,,,,,,,,,,,,,,,,,,,,,,U
,,,,,,,,,,,,,,,,,,,,,,,,,,,Reddit-S,0.013606863094789869,0.024793390184640884,-0.005519842087027339,-0.03390222787857056,-0.03187210973352194,-0.028310645557940006,-0.020403984934091568,-0.0026981353294104338,0.008066906360909343,0.013293102011084558,0.01918357567861676,0.015481350448068684,-0.01547233946621418,,,,,,,,,,,,,,,,,,,,,,,,,0.07039059407407156,-0.039837971329689026,-0.07039059407407156,-0.09896353632211685,-0.0962222719937563,-0.09293885380029679,-0.08557563461363316,-0.06760427355766296,-0.05671153124421835,-0.051390402391552924,-0.045341116115450865,0.01555873907777946,-0.02116675302386284,3,,,,,,,,,,,,,,,,,,,,,,,,,,text,1.0,,,,,,,,0.027232651764812207,-0.026767944917082787,-0.027232651764812207,-0.027556927874684334,-0.027483030539005995,-0.02740571480244398,-0.027349389623850584,-0.027255920693278313,-0.027127575129270554,-0.02701775059103966,-0.02688569687306881,0.00014687012300189248,0.014203960436902675,0.014203960436902675,0.0009990058915762753,-1.4178381206875201e-06,-0.0009990058915762753,-0.006039291620254517,-0.003960263328626752,-0.002164904377423227,-0.0013930057466495782,-0.0007873206923250109,-0.0003472364041954279,-0.00013857628073310477,-2.9720802886004097e-05,0.0008567872825578705,,,,,,,,,,,,,0.00024207436169042167,0,,,,,,,,,,,,,,,,,,,,,,,,,,,,,,,,,,,,,,,filter,,,,,,,43,,,,,,,,,,,,,,,,,,,,,,,,,U
,,,,,,,,,,,,,,,,,,,,,,,,,,,Reddit-S,0.01848353861886106,0.022187989205121994,0.018222095665027343,-0.004485624842345715,-0.0032873789314180613,0.014488644991070032,0.01814971538260579,0.019752482883632183,0.02066068071871996,0.021145457029342653,0.021684544552117588,0.0049737342476740675,0.017998935654759407,,,,,,,,,,,,,,,,,,,,,,,,,0.28781302183082724,0.3170379102230072,0.28781302183082724,0.26728326082229614,0.2674683630466461,0.28348037600517273,0.28660742193460464,0.2882246822118759,0.2894407659769058,0.29250041842460633,0.301471089720726,0.00529511413718366,0.1697191745042801,0,,,,,,,,,,,,,,,,,,,,,,,,,,visual,0.0,,,,,,,,0.07891199520373174,0.08089546859264374,0.07891199520373174,0.07577844709157944,0.07674775622785092,0.07776175886392593,0.07826761342585087,0.07890620455145836,0.0796048529446125,0.08000922501087189,0.08071951568126678,0.000907025295928239,0.3235486275342453,0.3235486275342453,0.0029608226617180104,0.030767548829317093,0.0029608226617180104,2.936639248218853e-06,0.00013930995191913098,0.0009339398704469204,0.0014047459699213505,0.0018844220321625471,0.002695077972020954,0.00687318155542016,0.015805288515985002,0.0031980736865804076,,,,,,,,,,,,,2.8038233725802257e-05,0,,,,,,,,,,,,,,,,,,,,,,,,,,,,,,,,,,,,,,,filter,,,,,,,43,,,,,,,,,,,,,,,,,,,,,,,,,U
,,,,,,,,,,,,,,,,,,,,,,,,,,,Reddit-S,0.02532249844451513,-0.013407304883003235,-0.02532249844451513,-0.027157539501786232,-0.026835311278700827,-0.026577537320554255,-0.026294837705790997,-0.025842477567493916,-0.02519277250394225,-0.024357899278402328,-0.013407310470938683,0.0022536219865374124,-0.017390914261341095,,,,,,,,,,,,,,,,,,,,,,,,,0.037278830277335875,0.04874127730727196,0.037278830277335875,0.02878820151090622,0.03264686476439237,0.03559323698282242,0.03658110648393631,0.03711774945259094,0.037615603767335415,0.03830464072525501,0.04874126985669136,0.0023242122167787147,0.10692600905895233,1,,,,,,,,,,,,,,,,,,,,,,,,,,visual,0.0,,,,,,,,0.026014270173270657,-0.024887723848223686,-0.026014270173270657,-0.026730360463261604,-0.026666609570384026,-0.02641010135412216,-0.026263732463121414,-0.026011768728494644,-0.02578176511451602,-0.025600117258727552,-0.025236134584993124,0.000326914847224959,0.18654890683594375,0.18654890683594375,0.0009194957661754543,-9.119854667005711e-07,-0.0009194957661754543,-0.009554989635944366,-0.004908397998660803,-0.002134494949132204,-0.0008369676361326128,-0.0005852150788996369,-0.00043624971294775605,-0.00029003890231251713,-4.32632805313915e-05,0.0009931750578679097,,,,,,,,,,,,,5.401962428623427e-06,0,,,,,,,,,,,,,,,,,,,,,,,,,,,,,,,,,,,,,,,filter,,,,,,,43,,,,,,,,,,,,,,,,,,,,,,,,,U
,,,,,,,,,,,,,,,,,,,,,,,,,,,Reddit-S,0.02516869818647601,-0.020435383543372154,-0.02516869818647601,-0.027391867712140083,-0.027048113159835338,-0.02663380429148674,-0.02602048171684146,-0.025295527651906013,-0.0245327758602798,-0.02387663722038269,-0.020435385406017303,0.0012722581998732773,-0.017850812524557114,,,,,,,,,,,,,,,,,,,,,,,,,0.6312641972031131,0.6358835697174072,0.6312641972031131,0.621587336063385,0.6260330712795258,0.6293910801410675,0.6305066645145416,0.6314418911933899,0.6321616470813751,0.6328027904033661,0.6355825662612915,0.0016452900852375449,0.7014093399047852,2,,,,,,,,,,,,,,,,,,,,,,,,,,visual,0.0,,,,,,,,0.026093137257384276,-0.024989206343889236,-0.026093137257384276,-0.026794493198394775,-0.026732178404927254,-0.026480701752007008,-0.026337798684835434,-0.026090947911143303,-0.02586551010608673,-0.025686964206397534,-0.025329868998378514,0.00032029524730210524,0.4967359120514653,0.4967359120514653,0.0010324905168280203,-1.0240572692055139e-06,-0.0010324905168280203,-0.01072918064892292,-0.005511579704470932,-0.002396798226982355,-0.0009398207039339468,-0.0006571308185812086,-0.0004898594343103468,-0.0003256811294704675,-4.85798082081601e-05,0.0011152240890015465,,,,,,,,,,,,,2.7069794645809677e-06,0,,,,,,,,,,,,,,,,,,,,,,,,,,,,,,,,,,,,,,,filter,,,,,,,43,,,,,,,,,,,,,,,,,,,,,,,,,U
,,,,,,,,,,,,,,,,,,,,,,,,,,,Reddit-S,0.019347170961354403,-0.01421445608139038,-0.019347170961354403,-0.020538413897156715,-0.020308873206377028,-0.020197434164583684,-0.020086885429918766,-0.019612912088632584,-0.019127370789647102,-0.01839152183383703,-0.01421445608139038,0.0011525456302500542,-0.01793009229004383,,,,,,,,,,,,,,,,,,,,,,,,,0.08625744183305091,-0.0814218744635582,-0.08625744183305091,-0.09600391983985901,-0.09088523007929325,-0.08776001334190368,-0.08682679571211338,-0.0861813835799694,-0.08565438166260719,-0.08505223989486695,-0.0814218744635582,0.0015139882529447083,-0.02116675302386284,3,,,,,,,,,,,,,,,,,,,,,,,,,,visual,1.0,,,,,,,,0.02680458741868905,-0.025901520624756813,-0.02680458741868905,-0.027370603755116463,-0.02732071839272976,-0.02711857743561268,-0.027003310155123472,-0.026803535409271717,-0.026620345655828714,-0.026474867574870588,-0.02618238016963005,0.0002598168887090796,0.527865878354717,0.527865878354717,0.001008836175182837,-1.0005961712522549e-06,-0.001008836175182837,-0.010483375750482082,-0.005385309383273125,-0.00234188768081367,-0.0009182894136756659,-0.0006420759600587189,-0.00047863676445558667,-0.00031821977172512555,-4.746684498968534e-05,0.0010896743217157561,,,,,,,,,,,,,2.29216043005457e-06,0,,,,,,,,,,,,,,,,,,,,,,,,,,,,,,,,,,,,,,,filter,,,,,,,43,,,,,,,,,,,,,,,,,,,,,,,,,U
,,,,,,,,,,,,0.010225429527065417,-0.0,-0.010225429527065417,-0.09257432073354721,-0.04361433908343315,-0.023170637153089046,-0.014208358945325017,-0.007537911646068096,-0.0031588455312885344,-0.0011302961385808877,0.0,0.009571015446333266,0.0,0,,Reddit-S,,,,,,,,,,,,,,,,,,,,,,,,,,0.029708327305348826,0.02386298030614853,-0.019805202849951,-0.22917437553405762,-0.17158323526382446,-0.0847936078906059,-0.03349172975867987,-0.003086445853114128,0.010511450469493866,0.0160835400223732,0.019619107246398926,0.04363617596423083,,,,,,,,,,,,,,,nan,0.027018431425221923,0.16039185225963593,0.027018431425221923,3.730738899321295e-05,0.0009864886524155736,0.007383512239903212,0.013171946397051215,0.020287908613681793,0.03606512490659952,0.055646126717329054,0.09345023766160011,0.020419983938994045,0.0276468825936516,0.023306824266910553,-0.017877975702993015,-0.18644580245018005,-0.14645418524742126,-0.07816566228866575,-0.0324063953012228,-0.003076931112445891,0.010402093408629298,0.015828934684395793,0.019241582602262497,0.039176236342103994,text,,283080,298974.0,0.0,0.0,0.0009150399823887765,0.017212355028473313,0.0023663420324813323,,,,,,,,,,,,,,,,,,,,,,,,,,,0.027646882178036215,0.02330681122839451,-0.017877975298752583,-0.18644578754901886,-0.14645417034626007,-0.07816565707325934,-0.03240638226270676,-0.003076949156820774,0.01040210947394371,0.015828954987227917,0.019241604954004288,0.03917623659558708,,,0.9830199521376586,1,0.03802202596151633,1.023580551147461,0.9830199521376586,0.8299035429954529,0.863765299320221,0.9248112082481384,0.9681130647659302,0.996927797794342,1.010456383228302,1.0159548759460448,1.0194278955459595,0.03737641014090462,0.1729420457544359,1.5657036304473877,1.3878048666456383e-10,-0.9829801321029663,-0.7182977199554443,-0.3246723800897598,-0.10070471465587616,0.03409451246261597,0.14160947501659393,0.24845399856567385,0.5056465268135071,0.23688000576640755,0.010780690869812624,0.09760128706693649,8.320560255111539e-12,-0.06127604842185974,-0.04477653652429581,-0.02023910768330097,-0.006277631386183202,0.002125350176356733,0.008827512152493,0.015487880911678078,0.03152049332857132,0.0147663924313104,relation,0.0,0.0,-0.04701536148786545,-0.05912633612751961,0.06233701482415199,0.06772339344024658,44,0.6059808358880039,1.000000238418579,0.5527718896609407,-0.959082305431366,-0.5853005647659302,-0.0024988800287246704,0.3566273897886276,0.6613425016403198,0.8458070307970047,0.9256802499294281,0.9785570502281189,0.37188639578640814,0.04103907856009679,0.06772340834140778,0.037435588160887885,-0.0649523064494133,-0.039638541638851166,-0.00016923263319768012,0.02415201673284173,0.044788358733057976,0.05728092323988676,0.06269020512700081,0.06627120077610016,0.025185408688753866,U
,,,,,,,,,,,,0.0037893618937912036,-0.0,-0.0037893618937912036,-0.07932683080434799,-0.031403798609972,-0.009612931404262781,-0.0037769670598208904,-0.0013887384557165205,-0.0006756055954610929,-0.00024183191999327372,0.0,0.006264005429348735,0.0,0,,Reddit-S,,,,,,,,,,,,,,,,,,,,,,,,,,0.014781674830764384,0.017541412264108658,0.000669018384629814,-0.16873417794704437,-0.12157087028026581,-0.018785715475678443,0.002753310836851597,0.009749621152877808,0.011972338892519474,0.012670153751969337,0.013216886669397354,0.02498276301122465,,,,,,,,,,,,,,,nan,0.014613682475880458,0.13280761241912842,0.014613682475880458,1.696840990916826e-05,0.0009488504147157073,0.005271806521341205,0.008031161967664957,0.010713552124798298,0.013819100335240364,0.030414353311061876,0.0702485404163599,0.01358917654934524,0.014207514567742437,0.01723901368677616,0.0010777067240510542,-0.14437341690063477,-0.10839338600635529,-0.018439301848411558,0.002745759440585971,0.009655500296503305,0.011830642819404602,0.012511584535241128,0.013044498860836029,0.022970330548895516,visual,,283080,298974.0,0.0,0.0,0.0004512598553260784,0.00848842125968422,0.0013739262222498523,,,,,,,,,,,,,,,,,,,,,,,,,,,0.01420751418265817,0.01723901554942131,0.001077706652796364,-0.14437344670295715,-0.10839339345693588,-0.01843932084739208,0.0027457507676444948,0.00965548399835825,0.011830697767436504,0.012511629518121481,0.013044479303061962,0.02297033045050428,,,1.0013357663552134,1,0.02211179045596996,1.0173884630203247,1.0013357663552134,0.8655644655227661,0.8972745537757874,0.9817296624183655,1.0027495324611664,1.0097022652626038,1.0119009017944336,1.0125901818275451,1.0131299495697021,0.022141326641736684,0.08549806225428486,1.7898238897323608,3.293963059439773e-09,-0.9782112240791321,-0.678067684173584,-0.11614935994148254,-0.014539793133735657,0.015482664108276367,0.04448460042476654,0.09901871085166943,0.5749526619911194,0.16518117108185557,0.004050213754781082,0.0847875252366066,1.5691508815620708e-10,-0.046339817345142365,-0.03212141990661621,-0.005502226762473583,-0.0006887789786560461,0.0007334447000175714,0.0021073243115097284,0.004690713668242102,0.027236655354499817,0.00782496156591752,relation,0.0,0.0,-0.0340007059276104,-0.044321026653051376,0.0473719947040081,0.04716290161013603,44,0.8466566264106062,1.000000238418579,0.8154520768311779,-0.9658063054084778,-0.5513577461242676,0.5314078032970428,0.8125051707029343,0.9291970133781433,0.9721547365188599,0.9870784044265747,0.9999998211860657,0.30363580435299986,0.03993078318205414,0.04716291278600693,0.038459086079813014,-0.04555022716522217,-0.026003630831837654,0.025062733516097068,0.038320102728903294,0.04382362775504589,0.045849637128412724,0.04655348286032677,0.047162894159555435,0.014320345572428363,U
,,,,,,,,,,,,,,,,,,,,,,,,,,,Reddit-S,0.022158647011962802,0.050693295896053314,0.017429017495309222,-0.04110202565789223,-0.02725767157971859,-0.010438703093677759,0.003552420297637582,0.019620495848357677,0.03365681227296591,0.041079635545611386,0.0468411098793149,0.01917436800155888,0.015199732035398483,,,,,,,,,,,,,,,,,,,,,,,,,0.2820648846188491,0.34248098731040955,0.2820648846188491,0.2232709527015686,0.23651201769709587,0.25428045988082887,0.26824433356523514,0.2843238264322281,0.2979643642902374,0.30501681566238403,0.31752961248159406,0.019434754568583103,0.16562768816947937,0,,,,,,,,,,,,,,,,,,,,,,,,,,text,0.0,,,,,,,,0.0772548789202762,0.07938024401664734,0.0772548789202762,0.07451177388429642,0.07552028298377991,0.07622266411781312,0.07672028802335262,0.07729824632406235,0.07782704383134842,0.0782094307243824,0.07870842330157757,0.0007515527387072302,0.07425720223618808,0.07425720223618808,0.006553564289155945,0.03890449181199074,0.006553564289155945,9.049243999470491e-06,0.00023928172595333308,0.0017909374553710224,0.0031949744443409145,0.004921015352010727,0.008747921558097005,0.013497469946742065,0.02266719873994589,0.0049530513251515055,,,,,,,,,,,,,0.0003777096851410618,0,,,,,,,,,,,,,,,,,,,,,,,,,,,,,,,,,,,,,,,filter,,,,,,,44,,,,,,,,,,,,,,,,,,,,,,,,,U
,,,,,,,,,,,,,,,,,,,,,,,,,,,Reddit-S,0.013869853651306887,0.02507159858942032,-0.010770203617557518,-0.03296244516968727,-0.03154099740087986,-0.028597460687160493,-0.023726164363324642,-0.009788328781723976,0.0007943393429741263,0.006459289137274027,0.01455250007100403,0.013296817534869403,-0.015529828146100044,,,,,,,,,,,,,,,,,,,,,,,,,0.05622862613270894,0.09251800179481506,0.05622862613270894,0.03064657747745514,0.03618049323558807,0.03880971409380436,0.04300862271338701,0.05691753886640072,0.067748649045825,0.07349331080913543,0.08186584889888762,0.01325735185444117,0.10942529141902924,1,,,,,,,,,,,,,,,,,,,,,,,,,,text,0.0,,,,,,,,0.025199275209982244,-0.024144750088453293,-0.025199275209982244,-0.02602212131023407,-0.02576136391609907,-0.02556831743568182,-0.025419768877327442,-0.025215553119778633,-0.02499244548380375,-0.024800938740372657,-0.024532290063798427,0.000290076229311171,0.015572339019813844,0.015572339019813844,0.0016973601992375852,-2.3437362415279495e-06,-0.0016973601992375852,-0.010076186619699001,-0.00587075961753726,-0.0034958180040121074,-0.0022656943765468895,-0.0012745332205668092,-0.0008274920401163399,-0.00046384927118197066,-6.197349284775555e-05,0.0012828305037060075,,,,,,,,,,,,,0.0001757573781924547,0,,,,,,,,,,,,,,,,,,,,,,,,,,,,,,,,,,,,,,,filter,,,,,,,44,,,,,,,,,,,,,,,,,,,,,,,,,U
,,,,,,,,,,,,,,,,,,,,,,,,,,,Reddit-S,0.01803484375055753,0.02663310058414936,-0.017324095799435186,-0.03683225065469742,-0.03591403145343065,-0.03382640592753887,-0.028565385844558477,-0.01781560853123665,-0.007055609719827771,-0.0008753253729082621,0.008894124049693341,0.012388361510877188,-0.017467698082327843,,,,,,,,,,,,,,,,,,,,,,,,,0.6408347909077318,0.6856827139854431,0.6408347909077318,0.6138057708740234,0.6221954679489136,0.6250601291656495,0.6290725320577621,0.640098363161087,0.6512113213539124,0.6576238811016083,0.6679539477825165,0.012476543932983265,0.7034355998039246,2,,,,,,,,,,,,,,,,,,,,,,,,,,text,0.0,,,,,,,,0.025438616932731306,-0.024445442482829094,-0.025438616932731306,-0.02621237374842167,-0.025966574791818856,-0.025785444863140584,-0.025646365247666836,-0.02545409183949232,-0.02524409629404545,-0.02506404183804989,-0.024809970259666442,0.000272909158057173,0.031136188626879443,0.031136188626879443,0.0023704184630934616,-3.273103402534616e-06,-0.0023704184630934616,-0.014071720652282238,-0.008198705594986677,-0.004882023017853497,-0.003164115361869335,-0.0017799268243834376,-0.0011556194222066551,-0.0006477805436588821,-8.654798875795677e-05,0.0017915143252037657,,,,,,,,,,,,,0.00015566414851166154,0,,,,,,,,,,,,,,,,,,,,,,,,,,,,,,,,,,,,,,,filter,,,,,,,44,,,,,,,,,,,,,,,,,,,,,,,,,U
,,,,,,,,,,,,,,,,,,,,,,,,,,,Reddit-S,0.013923034649322229,0.024227440357208252,-0.012407087556376926,-0.03231879323720932,-0.031235299855470657,-0.02886900436133146,-0.02358926460146904,-0.011804482899606228,-0.0023197626578621566,0.0027537691174075014,0.01161576802842319,0.011975953597454597,-0.017673984169960022,,,,,,,,,,,,,,,,,,,,,,,,,0.07833815752106131,-0.04056964069604874,-0.07833815752106131,-0.10646004974842072,-0.09785889081656933,-0.09424639567732811,-0.08996411971747875,-0.0779581069946289,-0.06808805093169212,-0.06293314099311828,-0.05344535447657109,0.012116740117406016,-0.019154313951730728,3,,,,,,,,,,,,,,,,,,,,,,,,,,text,1.0,,,,,,,,0.02661698658208686,-0.02592158131301403,-0.02661698658208686,-0.0271457526832819,-0.026978926230221988,-0.026855871826410294,-0.02676068851724267,-0.02662849798798561,-0.02648306032642722,-0.02635769732296467,-0.026179648339748382,0.00018857238337983802,0.033376609778133934,0.033376609778133934,0.0024857852838946395,-3.4324034459132235e-06,-0.0024857852838946395,-0.01475658267736435,-0.008597731264308095,-0.005119628133252263,-0.0033181110629811883,-0.0018665548413991928,-0.0012118626909796149,-0.0006793076114263382,-9.076022979570553e-05,0.00187870623466715,,,,,,,,,,,,,0.00014681539107275635,0,,,,,,,,,,,,,,,,,,,,,,,,,,,,,,,,,,,,,,,filter,,,,,,,44,,,,,,,,,,,,,,,,,,,,,,,,,U
,,,,,,,,,,,,,,,,,,,,,,,,,,,Reddit-S,0.018368677421507773,0.022097930312156677,0.01765857413276956,-0.010831494815647602,-0.008695730939507484,0.014558975212275982,0.016823886428028345,0.01950077712535858,0.020546717569231987,0.02112683430314064,0.021734740771353244,0.00590741749545361,0.014686819165945053,,,,,,,,,,,,,,,,,,,,,,,,,0.2785853101211298,0.3107408583164215,0.2785853101211298,0.2517445385456085,0.254925936460495,0.27462158501148226,0.27682553231716156,0.2791309356689453,0.28069617599248886,0.28381559550762175,0.2935394763946533,0.006066583866506174,0.16562768816947937,0,,,,,,,,,,,,,,,,,,,,,,,,,,visual,0.0,,,,,,,,0.0769677415046697,0.08006732910871506,0.0769677415046697,0.07384750992059708,0.07463976286351681,0.07559101954102516,0.07639540173113346,0.07695334404706955,0.07757341116666794,0.07801159545779228,0.08006732910871506,0.0010641243059569757,0.29233431129672544,0.29233431129672544,0.0036444835936231537,0.03312068432569504,0.0036444835936231537,4.231725597492186e-06,0.00023663233150728047,0.0013147275894880295,0.0020028791041113436,0.0026718361768871546,0.0034463239717297256,0.007584988279268149,0.01751917479559779,0.0033889836527386825,,,,,,,,,,,,,3.680343980935299e-05,0,,,,,,,,,,,,,,,,,,,,,,,,,,,,,,,,,,,,,,,filter,,,,,,,44,,,,,,,,,,,,,,,,,,,,,,,,,U
,,,,,,,,,,,,,,,,,,,,,,,,,,,Reddit-S,0.019010957213625175,-0.0015844209119677544,-0.019010957213625175,-0.022575218230485916,-0.022324380390346052,-0.021899213269352912,-0.021262700203806162,-0.01991682220250368,-0.01822952600196004,-0.015822221897542472,-0.0015844241715967655,0.0037856187031486133,-0.017604241147637367,,,,,,,,,,,,,,,,,,,,,,,,,0.04638165497606965,0.06279332935810089,0.04638165497606965,0.03537621349096298,0.04058408606797457,0.0436351764947176,0.04443669319152832,0.0455841850489378,0.0473400866612792,0.04954432845115662,0.0627933219075203,0.0036974143327288093,0.10942529141902924,1,,,,,,,,,,,,,,,,,,,,,,,,,,visual,0.0,,,,,,,,0.025320634249505442,-0.02418294921517372,-0.025320634249505442,-0.0264584943652153,-0.0264584943652153,-0.025702329725027083,-0.02554175816476345,-0.02531473059207201,-0.025110865011811256,-0.02481697089970112,-0.02447120822966099,0.00038962541802417647,0.08882210824042958,0.08882210824042958,0.0011078057489670229,-1.286308361159172e-06,-0.0011078057489670229,-0.010067622177302837,-0.0053252652287483215,-0.002305592317134142,-0.0010475715971551836,-0.0008121522259898484,-0.0006088108057156205,-0.00039963489107321934,-7.192861812654883e-05,0.0010301419849724864,,,,,,,,,,,,,1.3670872747868427e-05,0,,,,,,,,,,,,,,,,,,,,,,,,,,,,,,,,,,,,,,,filter,,,,,,,44,,,,,,,,,,,,,,,,,,,,,,,,,U
,,,,,,,,,,,,,,,,,,,,,,,,,,,Reddit-S,0.02509179187597426,-0.007714113220572472,-0.02509179187597426,-0.029767781496047974,-0.02939294122159481,-0.028867763467133045,-0.027982793748378754,-0.026446392759680748,-0.023041356820613146,-0.021169470623135567,-0.007714113220572472,0.0042048726961450445,-0.018399957567453384,,,,,,,,,,,,,,,,,,,,,,,,,0.6332146774954476,0.6496400833129883,0.6332146774954476,0.6201931238174438,0.6259505105018616,0.6296383440494537,0.6305035799741745,0.6320428550243378,0.6354401558637619,0.6374212622642517,0.6496400833129883,0.004224996106341682,0.7034355998039246,2,,,,,,,,,,,,,,,,,,,,,,,,,,visual,0.0,,,,,,,,0.025467327646386127,-0.024372169747948647,-0.025467327646386127,-0.02655971422791481,-0.02655971422791481,-0.025834541022777557,-0.02568019414320588,-0.025461971759796143,-0.025265923235565424,-0.02498318925499916,-0.02464897371828556,0.0003744068774418696,0.1056523851216217,0.1056523851216217,0.001261849397707184,-1.4651733408754808e-06,-0.001261849397707184,-0.011467554606497288,-0.006065759207122028,-0.002626191708259284,-0.001193239528220147,-0.0009250843722838908,-0.0006934677221579477,-0.00045520529965870066,-8.193049870897084e-05,0.0011733862591572228,,,,,,,,,,,,,1.7850592098602373e-05,0,,,,,,,,,,,,,,,,,,,,,,,,,,,,,,,,,,,,,,,filter,,,,,,,44,,,,,,,,,,,,,,,,,,,,,,,,,U
,,,,,,,,,,,,,,,,,,,,,,,,,,,Reddit-S,0.01514370294492564,0.004456144757568836,-0.01488071940771466,-0.018735144287347794,-0.018443939555436373,-0.017829940654337406,-0.017056198325008154,-0.01567870657891035,-0.014127634465694427,-0.01218300238251686,0.004456141963601112,0.003975709897287752,-0.018479282036423683,,,,,,,,,,,,,,,,,,,,,,,,,0.07996892535289542,-0.06135985627770424,-0.07996892535289542,-0.09159274399280548,-0.08666417308151722,-0.08304032608866692,-0.08188592456281185,-0.08054151758551598,-0.07899671047925949,-0.07702732980251312,-0.061359863728284836,0.004017878503732968,-0.019154313951730728,3,,,,,,,,,,,,,,,,,,,,,,,,,,visual,1.0,,,,,,,,0.02617977953412701,-0.025292377918958664,-0.02617977953412701,-0.027049114927649498,-0.027049114927649498,-0.02647472620010376,-0.026351432781666517,-0.02617661375552416,-0.026018815580755472,-0.025790379941463472,-0.02551865004003048,0.00030009768843718983,0.10413407066581719,0.10413407066581719,0.0012748285755156423,-1.4802438954575337e-06,-0.0012748285755156423,-0.011585508473217487,-0.00612815076019615,-0.002653204323723912,-0.0012055129336658865,-0.0009345996368210763,-0.0007006006198935211,-0.00045988747733645126,-8.277322194771841e-05,0.001185455518955606,,,,,,,,,,,,,1.614334767075948e-05,0,,,,,,,,,,,,,,,,,,,,,,,,,,,,,,,,,,,,,,,filter,,,,,,,44,,,,,,,,,,,,,,,,,,,,,,,,,U
,,,,,,,,,,,,0.0002891451838367134,-0.0,-0.0002891451838367134,-0.007049982901662588,-0.001434785546734929,-0.000616545497905463,-0.0003778570971917361,-0.00021131549146957695,-9.849084744928405e-05,-3.780570114031434e-05,-1.7164461496577132e-06,0.0002974494095354669,0.052410971373319626,1,,Movies,,,,,,,,,,,,,,,,,,,,,,,,,,0.0998342996743152,-0.08972059935331345,-0.0998342996743152,-0.10111911594867706,-0.100539430975914,-0.10034456104040146,-0.10016889125108719,-0.09989717602729797,-0.09958058595657349,-0.0992596298456192,-0.09847855567932129,0.0004553566245684614,,,,,,,,,,,,,,,nan,0.004755268742331713,0.004796060733497143,0.004755268742331713,0.0043151830323040485,0.0046854265965521336,0.004731467273086309,0.004747078288346529,0.004759224830195308,0.004768700688146055,0.0047752549406141044,0.004785188939422369,2.1277718493953308e-05,0.004757447256248008,-0.004315196070820093,-0.004757447256248008,-0.004813075996935368,-0.0047879815101623535,-0.004779536742717028,-0.00477193109691143,-0.004760192707180977,-0.004746478050947189,-0.004732524044811726,-0.004698628559708595,1.9741482853439523e-05,text,,160802,177474.0,0.0,0.0,0.00011066311880681174,0.001318692535494011,0.00027487547069764487,,,,,,,,,,,,,,,,,,,,,,,,,,,0.09077197187984837,-0.08233357965946198,-0.09077197187984837,-0.09183303266763687,-0.09135468304157257,-0.09119376540184021,-0.09104864299297333,-0.09082410484552383,-0.09056234359741211,-0.09029680490493774,-0.08964996039867401,0.00037666922008029806,,,0.995253851664419,1,1.9741769513066436e-05,0.995694100856781,0.995253851664419,0.9951984882354736,0.9952234625816345,0.9952318668365479,0.9952394366264343,0.9952511191368103,0.9952647686004639,0.9952786564826965,0.9953123927116394,1.9648072146570316e-05,0.007068683726845599,0.14255249500274658,-2.9698163825103525e-09,-0.172349750995636,-0.03329789638519287,-0.011971652507781982,-0.004094421863555908,0.0014907121658325195,0.005717158317565918,0.00976097583770752,0.021336793899536133,0.010141195613935478,0.0002348658377043635,0.004736484494060278,-9.861414173749372e-11,-0.005726535338908434,-0.0011063641868531704,-0.00039777308120392263,-0.00013604227569885552,4.953077223035507e-05,0.00018995972641278058,0.00032432060106657445,0.0007089416030794382,0.00033695387929720956,relation,0.0,0.0,-0.04968749359250069,-0.040905095636844635,0.03322624787688255,-0.050852078944444656,42,0.9804448873044466,1.0000001192092896,0.9804448873044466,0.7095300555229187,0.9239349365234375,0.9599235653877258,0.9740312099456787,0.9849464893341064,0.9916154146194458,0.9950506687164307,0.9984526634216309,0.01613837457578682,0.04985766080986937,-0.03608107939362526,-0.04985766080986937,-0.05085208639502525,-0.050773393362760544,-0.05060039460659027,-0.050425704568624496,-0.050086576491594315,-0.04953151196241379,-0.048814110457897186,-0.04698401317000389,0.0008206699013017804,AB
,,,,,,,,,,,,0.004598111840805409,0.02649109624326229,0.004598111840805409,0.0,3.0517407139996067e-05,0.0006791226333007216,0.0017668569926172495,0.0037376764230430126,0.0065141781233251095,0.00974904466420412,0.016423868015408516,0.0036995235257924106,0.05132311210036278,1,,Movies,,,,,,,,,,,,,,,,,,,,,,,,,,0.05295984805448258,0.13069826364517212,0.052900061748555924,-0.01616596058011055,0.0015989318490028381,0.02275361493229866,0.03753418102860451,0.0541679710149765,0.06972870975732803,0.08002623170614243,0.09783662855625153,0.0220106212936025,,,,,,,,,,,,,,,nan,0.0025265243189792597,0.004706260282546282,0.0025265243189792597,3.0446699383901432e-05,0.0008647015132009984,0.0017972008907236158,0.002219625748693943,0.002601507236249745,0.0029188152984716,0.0031483670230954886,0.003628358868882062,0.000560064181018633,0.002560233106068225,0.005932461470365524,0.0025571847211326485,-0.0008164996397681534,8.189342770492658e-05,0.001141849672421813,0.0018566290382295847,0.0026372435968369246,0.003345371223986149,0.0038028082344681025,0.0045738364569842815,0.0010251035578253372,visual,,160802,177474.0,0.0,0.0,8.523194204136348e-05,0.001015647552386585,0.0001642801256550845,,,,,,,,,,,,,,,,,,,,,,,,,,,0.04988460779104624,0.11559075862169266,0.04982521185503199,-0.015908779576420784,0.0015963793266564608,0.022247405722737312,0.03617633134126663,0.0513845719397068,0.06518354266881943,0.07409656047821045,0.08911766111850739,0.0199735276304433,,,1.0025609838138332,1,0.001024938344726361,1.0059500932693481,1.0025609838138332,0.9991838335990906,1.0000818967819214,1.0011425018310547,1.0018583536148071,1.002640724182129,1.0033509731292725,1.0038100481033325,1.0045843124389648,0.0010275631952384073,0.21742365287236773,1.0637214183807373,3.2887208961574305e-10,-1.2526426315307617,-0.7627966403961182,-0.3851032853126526,-0.16053643822669983,0.03472593426704407,0.18696248531341553,0.31971365213394165,0.5731228590011597,0.27906053726299923,0.008693355342437292,0.04253128916025162,1.3438553990263937e-11,-0.05008501932024956,-0.03049926832318306,-0.015397771261632442,-0.006418806035071611,0.0013884638901799917,0.007475411519408226,0.012783265672624111,0.022915448993444443,0.011157812779425406,relation,0.0,0.0,0.035825151950120926,0.021148167550563812,0.03998348489403725,0.033498793840408325,42,0.4636860935009106,1.000000238418579,0.37245513995761326,-0.9240252375602722,-0.617825448513031,-0.18389540910720825,0.12943238019943237,0.4428985118865967,0.6760904788970947,0.8074036836624146,0.9302873611450195,0.37794793697133755,0.015532924852657672,0.03349880129098892,0.012476797947878282,-0.030953731387853622,-0.020696407184004784,-0.006160274613648653,0.0043358285911381245,0.014836565591394901,0.022648215293884277,0.027047049254179,0.031163504347205162,0.012660800023441512,AB
,,,,,,,,,,,,,,,,,,,,,,,,,,,Movies,0.058550940126255724,0.05991794168949127,0.058550940126255724,0.05392063409090042,0.05606322389096022,0.057430433481931685,0.05809880141168833,0.058694131672382355,0.059168982319533825,0.05948329456150532,0.05974697258323431,0.0008212765612264036,0.041888654232025146,,,,,,,,,,,,,,,,,,,,,,,,,0.3626515706804458,0.3659181296825409,0.3626515706804458,0.3586678206920624,0.36075183510780334,0.3614777237176895,0.3619300499558449,0.3626006692647934,0.36334727704524994,0.3638851195573807,0.36498315036296847,0.0009480398292335613,0.16917213797569275,0,,,,,,,,,,,,,,,,,,,,,,,,,,text,0.0,,,,,,,,0.09187370979212825,0.09489349275827408,0.09187370979212825,0.08932217955589294,0.08989681258797645,0.09059371054172516,0.09120362438261509,0.09192567318677902,0.0925210677087307,0.09304218739271164,0.09393886923789979,0.0009256164991825414,-0.0005678565933238888,-0.0005678565933238888,0.0011661285149336179,0.0011761318892240524,0.0011661285149336179,0.001058206777088344,0.0011490012076683343,0.001160291687119752,0.001164119952591136,0.0011670987005345523,0.0011694223794620484,0.0011710297432728112,0.001173465745523572,5.2179079862643e-06,,,,,,,,,,,,,8.987795178132e-07,0,,,,,,,,,,,,,,,,,,,,,,,,,,,,,,,,,,,,,,,filter,,,,,,,42,,,,,,,,,,,,,,,,,,,,,,,,,AB
,,,,,,,,,,,,,,,,,,,,,,,,,,,Movies,0.0503322668525528,-0.044105831533670425,-0.0503322668525528,-0.0510491244494915,-0.05104717720299959,-0.050966355949640274,-0.05082507245242596,-0.050578948110342026,-0.05003752466291189,-0.04935319498181343,-0.04778513956815004,0.0007144208687425347,-0.0436212383210659,,,,,,,,,,,,,,,,,,,,,,,,,0.0014686324516267654,0.005054356064647436,-0.0013895679431543736,-0.003021863056346774,-0.002577917696908116,-0.0021953416522592305,-0.0019346076878719032,-0.0015503854374401271,-0.0010283261653967202,-0.0003499835380353034,0.001237409434979788,0.000783609856794662,0.12294888496398926,1,,,,,,,,,,,,,,,,,,,,,,,,,,text,0.93953937292099,,,,,,,,0.03026576844538292,-0.029361365363001823,-0.03026576844538292,-0.03134528174996376,-0.03099592711776495,-0.030676009505987166,-0.03049189317971468,-0.03028383105993271,-0.030032222159206867,-0.029816094599664212,-0.029568477515131236,0.00032538350993706545,7.210010481313723e-05,7.210010481313723e-05,0.00011917556264703245,-0.0001081462178262882,-0.00011917556264703245,-0.00012019788118777797,-0.00011992541112704203,-0.00011967645841650664,-0.00011951219312322792,-0.00011927471496164799,-0.00011897029071405996,-0.00011857905410579405,-0.00011742519222025293,5.332578174569795e-07,,,,,,,,,,,,,6.140444076657508e-07,0,,,,,,,,,,,,,,,,,,,,,,,,,,,,,,,,,,,,,,,filter,,,,,,,42,,,,,,,,,,,,,,,,,,,,,,,,,AB
,,,,,,,,,,,,,,,,,,,,,,,,,,,Movies,0.055153261481349906,-0.049094945192337036,-0.055153261481349906,-0.05607280507683754,-0.056067019216716286,-0.05596286430954933,-0.05581797752529383,-0.05552389472723007,-0.05479119997471571,-0.05374994203448295,-0.05188122186809778,0.0009581000978046549,-0.04231635481119156,,,,,,,,,,,,,,,,,,,,,,,,,0.5802657805962377,0.5857698917388916,0.5802657805962377,0.5784316062927246,0.5788734579086303,0.579290509223938,0.5795781761407852,0.5799954235553741,0.580690011382103,0.5817190825939178,0.5834220761060714,0.0009945564594170755,0.7080817222595215,2,,,,,,,,,,,,,,,,,,,,,,,,,,text,0.0,,,,,,,,0.029954726851680234,-0.029017135500907898,-0.029954726851680234,-0.031071316450834274,-0.03071596732363105,-0.030385370180010796,-0.030192970763891935,-0.029973438940942287,-0.029707633890211582,-0.029484330303967,-0.029229617323726417,0.00034075831285006484,0.00019689521756779935,0.00019689521756779935,0.00039157654937612725,-0.00035533730988390744,-0.00039157654937612725,-0.0003949356032535434,-0.0003940403403248638,-0.00039322233642451464,-0.0003926826248061843,-0.00039190232928376645,-0.00039090210339054465,-0.0003896165842888877,-0.00038582534936722364,1.7521313926074572e-06,,,,,,,,,,,,,9.89142550968229e-07,0,,,,,,,,,,,,,,,,,,,,,,,,,,,,,,,,,,,,,,,filter,,,,,,,42,,,,,,,,,,,,,,,,,,,,,,,,,AB
,,,,,,,,,,,,,,,,,,,,,,,,,,,Movies,0.05079945069496411,-0.04244661331176758,-0.05079945069496411,-0.052278533577919006,-0.052270371466875076,-0.052088580280542376,-0.05182607192546129,-0.05134637653827667,-0.050194453448057175,-0.04861733913421631,-0.0461111044883728,0.0014527642034722608,-0.04330576956272125,,,,,,,,,,,,,,,,,,,,,,,,,0.15346542382237435,-0.14482532441616058,-0.15346542382237435,-0.1556154489517212,-0.15525595396757125,-0.15484055429697036,-0.1545107588171959,-0.15395782887935638,-0.15282247960567474,-0.1512417733669281,-0.14875707596540452,0.0014822359042942004,-0.027051614597439766,3,,,,,,,,,,,,,,,,,,,,,,,,,,text,1.0,,,,,,,,0.03165321445853169,-0.030943674966692924,-0.03165321445853169,-0.032495513558387756,-0.03222632519900799,-0.03198072798550129,-0.031835829839110374,-0.031669981777668,-0.03146455157548189,-0.03129359856247902,-0.03109791623428464,0.000259965844729481,0.00021530081820319357,0.00021530081820319357,0.0006553762678618419,-0.0005947231547906995,-0.0006553762678618419,-0.0006609982810914516,-0.0006594998994842172,-0.0006581307854503394,-0.0006572274724021554,-0.0006559215253219008,-0.0006542474584421143,-0.0006520959257613867,-0.0006457505701109766,2.9325182733535007e-06,,,,,,,,,,,,,2.197023275978846e-06,0,,,,,,,,,,,,,,,,,,,,,,,,,,,,,,,,,,,,,,,filter,,,,,,,42,,,,,,,,,,,,,,,,,,,,,,,,,AB
,,,,,,,,,,,,,,,,,,,,,,,,,,,Movies,0.00488896674246501,0.012468351051211357,0.004132063451991148,-0.010143095627427101,-0.006063477382995188,-0.0011917549883946775,0.001385645882692188,0.004452815279364586,0.0071543315425515175,0.009215970803052188,0.011340061305090788,0.004004278015146062,-0.0002783148956950754,,,,,,,,,,,,,,,,,,,,,,,,,0.2384153117082527,0.24579347670078278,0.2384153117082527,0.22535912692546844,0.22938691079616547,0.23356012552976607,0.2360033541917801,0.2387649118900299,0.24112118035554886,0.24287010431289674,0.24453516975045203,0.003551480178581706,0.16917213797569275,0,,,,,,,,,,,,,,,,,,,,,,,,,,visual,0.0,,,,,,,,0.06488477047590893,0.06699776649475098,0.06488477047590893,0.062246404588222504,0.06324881799519062,0.06405911594629288,0.06448124535381794,0.06490498036146164,0.06530006416141987,0.06570465117692947,0.06633707776665687,0.0006439044439166884,-0.0005729930865844278,-0.0005729930865844278,0.0005046486995108831,0.0009400298004038632,0.0005046486995108831,6.081432275095722e-06,0.00017271573102334514,0.0003589734144043177,0.0004433486901689321,0.0005196258134674281,0.0005830049922224134,0.0006288557138759643,0.0007247294508852068,0.0001118673818295883,,,,,,,,,,,,,1.2613011458858747e-05,0,,,,,,,,,,,,,,,,,,,,,,,,,,,,,,,,,,,,,,,filter,,,,,,,42,,,,,,,,,,,,,,,,,,,,,,,,,AB
,,,,,,,,,,,,,,,,,,,,,,,,,,,Movies,0.018291018941045754,0.03450367599725723,0.018290299269626133,-0.004417912568897009,0.006302274386398495,0.011307335551828146,0.014533614739775658,0.01845385041087866,0.02215943392366171,0.02504441849887371,0.02962820688262582,0.005286758959356415,0.020225796848535538,,,,,,,,,,,,,,,,,,,,,,,,,0.1399405329066352,0.1560678482055664,0.1399405329066352,0.11769214272499084,0.12809360563755035,0.13301820904016495,0.1362403966486454,0.14008712768554688,0.1437656134366989,0.14658233374357224,0.1511832942068577,0.005232130298202827,0.12294888496398926,1,,,,,,,,,,,,,,,,,,,,,,,,,,visual,0.0,,,,,,,,0.021407525416534224,-0.020460229367017746,-0.021407525416534224,-0.022168952971696854,-0.021931223031133415,-0.02170282378792763,-0.02155690686777234,-0.021414832212030888,-0.021262118592858315,-0.02111007831990719,-0.020818627420812846,0.00023203868140205317,-0.0005698258263436862,-0.0005698258263436862,0.00011691899225911906,-1.408970206284721e-06,-0.00011691899225911906,-0.00021778978407382965,-0.00016790816691354847,-0.00014569576451322063,-0.00013507288531400263,-0.00012038894783472642,-0.00010271676728734747,-8.316836829180829e-05,-4.001545865321515e-05,2.591787427342011e-05,,,,,,,,,,,,,2.7375187457372e-05,0,,,,,,,,,,,,,,,,,,,,,,,,,,,,,,,,,,,,,,,filter,,,,,,,42,,,,,,,,,,,,,,,,,,,,,,,,,AB
,,,,,,,,,,,,,,,,,,,,,,,,,,,Movies,0.0056237094049301365,0.01086429227143526,0.005543684451718761,-0.008292139507830143,-0.0015292643907014278,0.002189837582409382,0.004122778307646513,0.005896809510886669,0.007344482699409127,0.008415381703525782,0.009727618172764779,0.002468072735018473,0.010228324681520462,,,,,,,,,,,,,,,,,,,,,,,,,0.7020905896906889,0.7073633074760437,0.7020905896906889,0.6890444755554199,0.6953843945264816,0.6988830089569091,0.7007316797971725,0.7024224996566772,0.7038312703371048,0.7048445582389832,0.7061083436012268,0.0023652866516447315,0.7080817222595215,2,,,,,,,,,,,,,,,,,,,,,,,,,,visual,0.0,,,,,,,,0.02158587498433044,-0.02069251798093319,-0.02158587498433044,-0.02230222336947918,-0.022077498380094766,-0.02186361327767372,-0.021726561710238457,-0.021592801436781883,-0.021449069026857615,-0.021306217834353446,-0.021032183561474085,0.00021801829222855713,0.00025459037875663073,0.00025459037875663073,0.00017727765721876383,-2.136341890945914e-06,-0.00017727765721876383,-0.00033022233401425183,-0.00025458965334109964,-0.00022091024584369734,-0.00020480337843764573,-0.00018253895541420206,-0.00015574363351333886,-0.00012610349513124673,-6.067317877750585e-05,3.929780734853596e-05,,,,,,,,,,,,,5.594580944448746e-06,0,,,,,,,,,,,,,,,,,,,,,,,,,,,,,,,,,,,,,,,filter,,,,,,,42,,,,,,,,,,,,,,,,,,,,,,,,,AB
,,,,,,,,,,,,,,,,,,,,,,,,,,,Movies,0.004930238739825393,7.605098653584719e-05,-0.004930229616626432,-0.0076100486330688,-0.00715399554464966,-0.0063375038094818596,-0.005779593368060887,-0.004979002522304654,-0.00415881653316319,-0.0034373368369415404,-0.002314066451508549,0.0011063156560959099,-0.0040446179918944836,,,,,,,,,,,,,,,,,,,,,,,,,0.05812828480391164,-0.05338331311941147,-0.05812828480391164,-0.0610475167632103,-0.06038127861917019,-0.059532250836491586,-0.05895321909338236,-0.058160172775387764,-0.057356610894203186,-0.056660456210374834,-0.0556109607219696,0.0010967317975160407,-0.027051614597439766,3,,,,,,,,,,,,,,,,,,,,,,,,,,visual,1.0,,,,,,,,0.02189137010364534,-0.02109365724027157,-0.02189137010364534,-0.02252659574151039,-0.022327675633132458,-0.022138052433729172,-0.02201676554977894,-0.021897848695516586,-0.02176998183131218,-0.021642526797950267,-0.021397880241274835,0.00019385038638011903,0.007965876615326856,0.007965876615326856,0.0002104520325343852,-2.5361202915519243e-06,-0.0002104520325343852,-0.0003920176241081208,-0.0003022316034184769,-0.00026224968896713106,-0.00024312871391884983,-0.00021669789566658437,-0.00018488829664420336,-0.00014970153424656018,-7.202709100965845e-05,4.665169636158212e-05,,,,,,,,,,,,,1.2028206356827659e-06,0,,,,,,,,,,,,,,,,,,,,,,,,,,,,,,,,,,,,,,,filter,,,,,,,42,,,,,,,,,,,,,,,,,,,,,,,,,AB
,,,,,,,,,,,,0.0008386250097777874,-0.0,-0.0008386250097777874,-0.012019848451018333,-0.005832130089402199,-0.0019058642210438848,-0.0009881833102554083,-0.0004887632676400244,-0.00021464870951604098,-8.155535033438355e-05,-3.8450993997685146e-06,0.00110343942505107,0.05214037001132965,1,,Movies,,,,,,,,,,,,,,,,,,,,,,,,,,0.08969895789498597,-0.06659449636936188,-0.08969895789498597,-0.09745849668979645,-0.09233886003494263,-0.09151984751224518,-0.09114342927932739,-0.09036599099636078,-0.08901133388280869,-0.08693966269493103,-0.08120995759963989,0.002229822508267537,,,,,,,,,,,,,,,nan,0.004288737876491014,0.004445197526365519,0.004288737876491014,0.003451531520113349,0.003955069067887962,0.00420173779129982,0.004268835764378309,0.004312155302613974,0.0043379656272009015,0.004353190679103136,0.004370935042388737,8.212463230098932e-05,0.004291751934006344,-0.003255475079640746,-0.004291751934006344,-0.004630242008715868,-0.004407568369060755,-0.0043717678636312485,-0.004355304874479771,-0.004321242216974497,-0.004261740483343601,-0.004170459229499102,-0.003916292916983366,9.834654730050756e-05,text,,160802,177474.0,0.0,0.0,9.983929280366596e-05,0.0011897128111763575,0.0002481138762766581,,,,,,,,,,,,,,,,,,,,,,,,,,,0.08231149659486875,-0.06243656575679779,-0.08231149659486875,-0.08880381286144257,-0.08453316986560822,-0.08384625613689423,-0.08353020250797272,-0.08287674933671951,-0.08173591643571854,-0.07998573035001755,-0.07511026412248611,0.0018861889779644282,,,0.9957174492877798,1,9.83570644011481e-05,0.9967498183250427,0.9957174492877798,0.9953804612159729,0.9956021308898926,0.9956377744674683,0.9956541657447815,0.9956880807876587,0.9957473278045654,0.9958382248878479,0.996091365814209,9.793584528504343e-05,0.02776780789559686,0.3661034107208252,2.4747852069184183e-09,-0.39799055457115173,-0.1851351261138916,-0.0436517596244812,-0.008091390132904053,0.006705224514007568,0.020040512084960938,0.036881983280181885,0.09305322170257568,0.04589050389478762,0.00036876744294046484,0.004861997906118631,3.284446164377382e-11,-0.005285471677780151,-0.002458667615428567,-0.0005797125631943345,-0.00010745684994617477,8.904802962206304e-05,0.0002661459147930145,0.0004898072802461684,0.0012357834493741393,0.0006094439951645655,relation,0.0,0.0,-0.045305393636226654,-0.030201340094208717,0.013280394487082958,-0.04622514918446541,43,0.9422346937226572,1.0000001192092896,0.9422346937226572,0.23108719289302826,0.6130563020706177,0.8612143397331238,0.9343801736831665,0.9688750505447388,0.9848977327346802,0.9916350841522217,0.9971914887428284,0.07506020566288815,0.043554939281784444,-0.010682039894163609,-0.043554939281784444,-0.04622515290975571,-0.04609532654285431,-0.045838478952646255,-0.04552704468369484,-0.04478639364242554,-0.04319186136126518,-0.039809759706258774,-0.028338618576526642,0.0034696692023036485,AB
,,,,,,,,,,,,0.010554182531321218,-0.0,-0.010554182531321218,-0.056657593697309494,-0.035947285592556,-0.02186729945242405,-0.014820988290011883,-0.008874038234353065,-0.0043012769892811775,-0.0016463029896840453,-6.779516843380406e-05,0.008139987785159083,0.051885176450014114,1,,Movies,,,,,,,,,,,,,,,,,,,,,,,,,,0.03562434724381378,0.06304238736629486,0.012741595685603744,-0.15853843092918396,-0.10267084091901779,-0.04798641800880432,-0.007622076198458672,0.02723153866827488,0.04194632172584534,0.04914994165301323,0.0550476536154747,0.038857895601587374,,,,,,,,,,,,,,,nan,0.001700226658287065,0.004497353453189135,0.001700226658287065,1.2649380778384511e-06,0.00015809585820534267,0.0009458683081902564,0.0013198912201914936,0.0017246064962819219,0.002097702759783715,0.002412698930129409,0.003140155780129135,0.0005991772402441349,0.001766241455466754,0.0030769407749176025,0.0006473588744505002,-0.007100158371031284,-0.004831103608012199,-0.0023758001625537872,-0.000392454385291785,0.0013754441170021892,0.0020887479186058044,0.0024307011626660824,0.00270715169608593,0.001901886300984254,visual,,160802,177474.0,0.0,0.0,9.355949415439426e-05,0.0011148809819952498,0.0001455667886615181,,,,,,,,,,,,,,,,,,,,,,,,,,,0.034041350367945866,0.05930373817682266,0.012476757070633997,-0.1368434727191925,-0.093111053109169,-0.04578915983438492,-0.007564419414848089,0.026509638875722885,0.040257662534713745,0.0468473918735981,0.05217551440000534,0.036655677772214935,,,1.0006493768550153,1,0.001899744284771923,1.0030816793441772,1.0006493768550153,0.9929249882698059,0.9951805472373962,0.9976270198822021,0.9996076226234436,1.0013763904571533,1.0020909309387207,1.0024336576461792,1.0027108192443848,0.0019009779347428013,0.26631022243966723,1.3315986394882202,-7.156267790169807e-10,-1.4296224117279053,-0.8942394852638245,-0.4765689969062805,-0.2028658539056778,0.05189192295074463,0.2360140085220337,0.3795851469039917,0.6591618061065674,0.33631485478808304,0.013422552104681221,0.06711515784263611,-3.708899952774146e-11,-0.07205574214458466,-0.04507140442728996,-0.024020003154873848,-0.010224833153188229,0.00261545367538929,0.011895564384758472,0.019131828099489212,0.03322303295135498,0.016950921451608605,relation,0.0,0.0,0.008461005985736847,-0.039631158113479614,0.05040194094181061,0.04418400675058365,43,0.4800615301892092,1.0000001192092896,0.3357498191429836,-0.9586846828460693,-0.7331605553627014,-0.32181286811828613,0.03824508190155029,0.4213210642337799,0.6990721821784973,0.8431295156478882,0.9512287974357605,0.43694896514299203,0.02121104188718947,0.04418401047587395,0.01483477227424735,-0.042358528822660446,-0.03239396959543228,-0.014218982309103012,0.0016898208996281028,0.01861565187573433,0.03088781051337719,0.03725283965468407,0.04202910140156746,0.01930615602052246,AB
,,,,,,,,,,,,,,,,,,,,,,,,,,,Movies,0.055259887619532155,0.0564822256565094,0.055259887619532155,0.04994377866387367,0.053800869844853876,0.05451526790857315,0.05487461481243372,0.055280301719903946,0.05568994581699371,0.05599595755338669,0.05634889151901007,0.0005754350057757619,0.040967389941215515,,,,,,,,,,,,,,,,,,,,,,,,,0.362881261408472,0.3651407063007355,0.362881261408472,0.35966601967811584,0.3615853214263916,0.3621245861053467,0.3624720498919487,0.36287732422351837,0.3632699027657509,0.3636086344718933,0.3644573375582695,0.0005972783568623901,0.1728382706642151,0,,,,,,,,,,,,,,,,,,,,,,,,,,text,0.0,,,,,,,,0.09279311170949889,0.09529009461402893,0.09279311170949889,0.09004925936460495,0.0909289602190256,0.0917385146021843,0.09230924770236015,0.09285757318139076,0.0933405440300703,0.09370740354061127,0.0943211331218481,0.0007547867861684557,0.0035714343548596318,0.0035714343548596318,0.0010226013777924635,0.001059907372109592,0.0010226013777924635,0.0008229789091274142,0.0009430418018018826,0.0010018571279942988,0.0010178559750784189,0.001028184953611344,0.0010343391622882336,0.001037969463504851,0.0010422004119027405,1.9581696481073953e-05,,,,,,,,,,,,,3.567414355762367e-07,0,,,,,,,,,,,,,,,,,,,,,,,,,,,,,,,,,,,,,,,filter,,,,,,,43,,,,,,,,,,,,,,,,,,,,,,,,,AB
,,,,,,,,,,,,,,,,,,,,,,,,,,,Movies,0.055532322939120644,-0.04499899595975876,-0.055532322939120644,-0.05656702071428299,-0.05656372334808111,-0.05644708499312401,-0.05625377129763365,-0.0558865275233984,-0.05513190384954214,-0.05413256213068962,-0.051818219646811485,0.0010430761347844234,-0.040926672518253326,,,,,,,,,,,,,,,,,,,,,,,,,0.005182208126099372,0.00515391631051898,-0.005176838507475888,-0.006904286798089743,-0.006507858936674893,-0.006199799198657274,-0.005926281912252307,-0.0054682542104274035,-0.004733341280370951,-0.003749717120081187,-0.001463793648872506,0.0010781960365258652,0.12223818898200989,1,,,,,,,,,,,,,,,,,,,,,,,,,,text,0.9982605576515198,,,,,,,,0.030750773558634443,-0.029799507930874825,-0.030750773558634443,-0.03161052241921425,-0.031274495013058186,-0.031065735220909118,-0.03093772055581212,-0.030773268081247807,-0.030585134867578745,-0.030388899520039557,-0.03010941894724965,0.0002589539189706259,0.0006750728010252501,0.0006750728010252501,0.0002052584717578728,-0.00016518987831659615,-0.0002052584717578728,-0.0002127465995727107,-0.00020919242437230422,-0.0002083431783830747,-0.0002076144992315676,-0.00020637922716559842,-0.0002043059648713097,-0.0002010946613154374,-0.00018928912162664342,3.93047496833533e-06,,,,,,,,,,,,,1.162506693180085e-06,0,,,,,,,,,,,,,,,,,,,,,,,,,,,,,,,,,,,,,,,filter,,,,,,,43,,,,,,,,,,,,,,,,,,,,,,,,,AB
,,,,,,,,,,,,,,,,,,,,,,,,,,,Movies,0.04767435300029857,-0.038869671523571014,-0.04767435300029857,-0.04889123514294624,-0.04887781135737896,-0.04871505945920944,-0.04852272663265467,-0.04811522550880909,-0.04720783233642578,-0.04600745737552643,-0.04333018321543932,0.0012201985664082845,-0.04416761174798012,,,,,,,,,,,,,,,,,,,,,,,,,0.5813063263657169,0.5900304913520813,0.5813063263657169,0.57936692237854,0.5797933167219163,0.5801268815994263,0.5804264694452286,0.5809371769428253,0.5818195790052414,0.5830185949802399,0.5857432001829147,0.0012669302731018578,0.7037168145179749,2,,,,,,,,,,,,,,,,,,,,,,,,,,text,0.0,,,,,,,,0.030272288510156706,-0.02925570122897625,-0.030272288510156706,-0.03120778687298298,-0.030839134845882653,-0.03061107639223337,-0.03047601692378521,-0.030296008102595806,-0.030092974193394184,-0.029880328662693502,-0.029580284114927052,0.0002801919430547977,0.0008995120467924291,0.0008995120467924291,0.0002962088635727564,-0.00023838580818846822,-0.0002962088635727564,-0.0003070149978157133,-0.00030188594188075514,-0.00030066040053498,-0.0002996088660438545,-0.0002978262200485915,-0.0002948343026218936,-0.00029020006477367135,-0.0002731634629890322,5.672075392169243e-06,,,,,,,,,,,,,1.605112316901948e-06,0,,,,,,,,,,,,,,,,,,,,,,,,,,,,,,,,,,,,,,,filter,,,,,,,43,,,,,,,,,,,,,,,,,,,,,,,,,AB
,,,,,,,,,,,,,,,,,,,,,,,,,,,Movies,0.05052552736925601,-0.041522316634655,-0.05052552736925601,-0.052236638963222504,-0.05221665073186159,-0.051969776302576064,-0.0516830263659358,-0.051110634580254555,-0.04982268251478672,-0.04812517389655113,-0.04523771941661834,0.0016191209129530295,-0.045151036232709885,,,,,,,,,,,,,,,,,,,,,,,,,0.16228554998622804,-0.15319621562957764,-0.16228554998622804,-0.16454944014549255,-0.16416993349790573,-0.16379407942295074,-0.1634514294564724,-0.1628464236855507,-0.16157089173793793,-0.15985671430826187,-0.15693468779325484,0.0016440483529307588,-0.034317802637815475,3,,,,,,,,,,,,,,,,,,,,,,,,,,text,1.0,,,,,,,,0.031770049697686445,-0.030994046479463577,-0.031770049697686445,-0.03247179836034775,-0.03220419365912676,-0.032031673938035965,-0.03192833159118891,-0.03178901597857475,-0.03163131233304739,-0.031467429175972936,-0.03123547285795212,0.00021655038836551144,0.0007529911144565643,0.0007529911144565643,0.0005211340065498862,-0.00041940322262234986,-0.0005211340065498862,-0.0005401457310654223,-0.0005311219691066071,-0.0005289657798130065,-0.0005271157715469599,-0.0005239794845692813,-0.0005187156639294699,-0.0005105624557472765,-0.0004805891716387122,9.979145369376773e-06,,,,,,,,,,,,,2.702894986774341e-06,0,,,,,,,,,,,,,,,,,,,,,,,,,,,,,,,,,,,,,,,filter,,,,,,,43,,,,,,,,,,,,,,,,,,,,,,,,,AB
,,,,,,,,,,,,,,,,,,,,,,,,,,,Movies,0.005901781787838314,0.01463358011096716,0.00516561351119347,-0.01085609756410122,-0.006623394507914782,-0.000687967956764623,0.002989314089063555,0.0058417413383722305,0.008099756902083755,0.009861339628696442,0.012357675582170487,0.004152559525452853,0.001994828460738063,,,,,,,,,,,,,,,,,,,,,,,,,0.24830178045015247,0.2560199201107025,0.24830178045015247,0.23440870642662048,0.23824210420250894,0.24329899698495866,0.2464800477027893,0.24885213375091553,0.2507564350962639,0.2523046672344208,0.25447728246450424,0.003516348364299982,0.1728382706642151,0,,,,,,,,,,,,,,,,,,,,,,,,,,visual,0.0,,,,,,,,0.06794899577478701,0.0704738199710846,0.06794899577478701,0.06513061374425888,0.06610172756016254,0.06683355346322059,0.06735334359109402,0.06794573739171028,0.0685061402618885,0.0690575510263443,0.06992621064186097,0.0008496956646734506,0.0024588789099215785,0.0024588789099215785,0.00035406709622320655,0.0009365603909827769,0.00035406709622320655,2.6341953685005137e-07,3.2922987338679376e-05,0.000196974232676439,0.00027486337057780474,0.00035914410545956343,0.0004368402878753841,0.0005024372832849621,0.0006539280421566219,0.0001247768610865183,,,,,,,,,,,,,1.2364705819115159e-05,0,,,,,,,,,,,,,,,,,,,,,,,,,,,,,,,,,,,,,,,filter,,,,,,,43,,,,,,,,,,,,,,,,,,,,,,,,,AB
,,,,,,,,,,,,,,,,,,,,,,,,,,,Movies,0.004433392119555227,0.019960733130574226,0.0026575124443341323,-0.01325824111700058,-0.00802519105374813,-0.0035722752334550025,-0.000783730240073055,0.0026461610104888678,0.0059542665258049965,0.00900023505091667,0.013827206864953048,0.004840271300390806,0.014197412878274918,,,,,,,,,,,,,,,,,,,,,,,,,0.11659804329851682,0.1336420625448227,0.11659804329851682,0.10104849934577942,0.10601148992776871,0.11049002110958099,0.11318820714950562,0.11654854565858841,0.11985709704458714,0.12287108600139618,0.1276126427948475,0.004777323785741139,0.12223818898200989,1,,,,,,,,,,,,,,,,,,,,,,,,,,visual,0.0,,,,,,,,0.022429487414701865,-0.021421896293759346,-0.022429487414701865,-0.023337027058005333,-0.02314025016501546,-0.022827073372900485,-0.022629044484347105,-0.02242799662053585,-0.02221562433987856,-0.02203008495271206,-0.021768460478633643,0.0003047020885301868,-0.0002687325832172796,-0.0002687325832172796,6.557988815779137e-05,-4.8790255391395476e-08,-6.557988815779137e-05,-0.00017346860840916634,-0.00012111977288441267,-9.306084102718159e-05,-8.091103882179596e-05,-6.652024603681639e-05,-5.090986996947322e-05,-3.648333477030974e-05,-6.097956670600963e-06,2.311102239924091e-05,,,,,,,,,,,,,2.2822822553808045e-05,0,,,,,,,,,,,,,,,,,,,,,,,,,,,,,,,,,,,,,,,filter,,,,,,,43,,,,,,,,,,,,,,,,,,,,,,,,,AB
,,,,,,,,,,,,,,,,,,,,,,,,,,,Movies,0.0023819059051971903,-0.0005971540231257677,-0.0023819059051971903,-0.004112955182790756,-0.0036195176164619623,-0.0030969186453148724,-0.002763628726825118,-0.0023944369750097394,-0.001985142705962062,-0.0016443926142528653,-0.0011827728105708913,0.0005510519449097196,0.004892133176326752,,,,,,,,,,,,,,,,,,,,,,,,,0.6835003851371283,0.6853088736534119,0.6835003851371283,0.6814223527908325,0.6821844631433487,0.6827962040901184,0.6831431090831757,0.6835236847400665,0.6838913559913635,0.684160029888153,0.6845996683835983,0.0005321464907406724,0.7037168145179749,2,,,,,,,,,,,,,,,,,,,,,,,,,,visual,0.0,,,,,,,,0.02260598816731033,-0.021652858704328537,-0.02260598816731033,-0.023460889235138893,-0.023275529108941553,-0.02298122700303793,-0.022794383578002453,-0.022604884579777718,-0.022404523566365242,-0.022228451445698738,-0.02198103807866573,0.00028753002978273366,0.007954998106442627,0.007954998106442627,0.00012064598279266655,-8.975843712732967e-08,-0.00012064598279266655,-0.0003191266441717744,-0.0002228215780633036,-0.00017120212578447536,-0.00014885039126966149,-0.00012237593909958377,-9.365784899273422e-05,-6.711764290230348e-05,-1.1218286335861163e-05,4.251687662227812e-05,,,,,,,,,,,,,2.8317988760761256e-07,0,,,,,,,,,,,,,,,,,,,,,,,,,,,,,,,,,,,,,,,filter,,,,,,,43,,,,,,,,,,,,,,,,,,,,,,,,,AB
,,,,,,,,,,,,,,,,,,,,,,,,,,,Movies,0.02822802449930048,-0.017298636958003044,-0.02822802449930048,-0.03164750710129738,-0.03156409598886967,-0.030904806219041348,-0.03022810723632574,-0.028897547163069248,-0.026702789589762688,-0.02438147012144327,-0.02138537589460611,0.0025257695971333937,-0.014017602428793907,,,,,,,,,,,,,,,,,,,,,,,,,0.09964478907091347,-0.0892145112156868,-0.09964478907091347,-0.1036936566233635,-0.10310151986777782,-0.10233152285218239,-0.10162525065243244,-0.10031351447105408,-0.09812327474355698,-0.09578006044030189,-0.09290643408894537,0.0025208648846348656,-0.034317802637815475,3,,,,,,,,,,,,,,,,,,,,,,,,,,visual,1.0,,,,,,,,0.02291352018797073,-0.022055866196751595,-0.02291352018797073,-0.023675911128520966,-0.0235106454603374,-0.023249225690960884,-0.023082407657057047,-0.022912954911589622,-0.022733340971171856,-0.02257505860179663,-0.02235265728086233,0.0002574647552714696,0.0017360891507904534,0.0017360891507904534,0.00016784122529564776,-1.2487085143675358e-07,-0.00016784122529564776,-0.0004439651092980057,-0.0003099866714910604,-0.0002381743222940713,-0.00020707886142190546,-0.00017024792032316327,-0.00013029565889155492,-9.337325536762364e-05,-1.5606743891112232e-05,5.9148962149142046e-05,,,,,,,,,,,,,6.3547597665851554e-06,0,,,,,,,,,,,,,,,,,,,,,,,,,,,,,,,,,,,,,,,filter,,,,,,,43,,,,,,,,,,,,,,,,,,,,,,,,,AB
,,,,,,,,,,,,0.000758290080747247,-0.0,-0.000758290080747247,-0.016284167766571045,-0.004780605435371399,-0.001720153959468007,-0.0009266448323614895,-0.0004561831010505557,-0.00020176683028694242,-7.772423123242334e-05,-3.179535042363568e-06,0.0009723052747536525,0.052365437150001526,1,,Movies,,,,,,,,,,,,,,,,,,,,,,,,,,0.09895284464758985,-0.0788322389125824,-0.09895284464758985,-0.10246135294437408,-0.10032963007688522,-0.10005393624305725,-0.09978785365819931,-0.09927010536193848,-0.09847399592399597,-0.09746617823839188,-0.09471195936203003,0.001195688389309394,,,,,,,,,,,,,,,nan,0.00470922954794781,0.004798858892172575,0.00470922954794781,0.00382643798366189,0.004492168971337378,0.0046470063272863625,0.004692859831266105,0.004724099999293685,0.0047448467230424285,0.004756593937054276,0.004770277282223106,5.7107887689338845e-05,0.0047150765438356956,-0.0038264193572103977,-0.0047150765438356956,-0.004866800736635923,-0.004774745553731918,-0.004762827884405851,-0.004751329310238361,-0.004728870932012796,-0.004694376606494188,-0.004650601651519537,-0.004530544392764568,5.196652995024832e-05,text,,160802,177474.0,0.0,0.0,0.00010950349589032556,0.0013048741459488213,0.00027195893716919147,,,,,,,,,,,,,,,,,,,,,,,,,,,0.09004176888321645,-0.07307182252407074,-0.09004176888321645,-0.09293872863054276,-0.0911814272403717,-0.09095366299152374,-0.09073372930288315,-0.09030546993017197,-0.08964617550373077,-0.08881018310785294,-0.08651769161224365,0.0009923825405427063,,,0.9952960233239339,1,5.196945398905001e-05,0.9961808919906616,0.9952960233239339,0.9951450228691101,0.9952366352081299,0.9952484965324402,0.9952599406242371,0.9952822923660278,0.9953166246414185,0.9953601956367493,0.9954797029495239,5.1724990889669594e-05,0.017754739358281882,0.26789337396621704,6.471916380258457e-10,-0.38128042221069336,-0.10856300592422485,-0.02771759033203125,-0.006694018840789795,0.0038106441497802734,0.012884199619293213,0.024616777896881104,0.0593295693397522,0.028870559429138905,0.0006578662284249537,0.009926251135766506,2.3946106038709736e-11,-0.0141275804489851,-0.004022584296762943,-0.0010270196944475174,-0.0002480334369465709,0.0001411957637174055,0.000477398163639009,0.0009121252805925906,0.0021983380429446697,0.0010697406288788563,relation,0.0,0.0,-0.04985534027218819,-0.04270916432142258,0.03705299273133278,-0.050475943833589554,44,0.9576683596822406,1.0000001192092896,0.9576683596822406,0.3031509816646576,0.759896457195282,0.9046628475189209,0.9491028189659119,0.9741228818893433,0.9872626066207886,0.9928897023200989,0.9976503849029541,0.04989656892725794,0.04833921433045147,-0.015301831997931004,-0.04833921433045147,-0.05047595128417015,-0.05035734549164772,-0.050117045640945435,-0.049833010882139206,-0.04916977137327194,-0.04790686070919037,-0.04566371068358421,-0.038356490433216095,0.0025185764119371574,AB
,,,,,,,,,,,,0.0068517581583342115,0.04742440581321716,0.0068517581583342115,0.0,3.842303704004735e-05,0.0009232130250893533,0.0024317821953445673,0.005274638067930937,0.0096092838793993,0.01502112578600645,0.02663339301943779,0.005921668903320402,0.051641449332237244,1,,Movies,,,,,,,,,,,,,,,,,,,,,,,,,,0.029123435288107583,0.15896247327327728,-0.01226876165217556,-0.06195083633065224,-0.047287873923778534,-0.041054029017686844,-0.03489089384675026,-0.02302604168653488,0.0008447382133454084,0.03459543734788895,0.09048016369342804,0.0315194389659108,,,,,,,,,,,,,,,nan,0.0014186053917735364,0.003906398545950651,0.0014186053917735364,8.880801942723338e-07,0.00016417320002801717,0.000807864748639986,0.0011066084261983633,0.0014133935328572989,0.0017281340551562607,0.002014840254560113,0.002824192170519382,0.0005027631085676448,0.0014476392548029898,0.007083067204803228,-0.0006217932500278061,-0.0030126008205115795,-0.0023317679297178984,-0.0020364979282021523,-0.0017410763539373875,-0.0011623101308941841,4.362964682513848e-05,0.0017268045339733362,0.004284844733774662,0.0015456905206982928,visual,,160802,177474.0,0.0,0.0,7.374470481371105e-05,0.0008787624352049629,0.0001196347470706834,,,,,,,,,,,,,,,,,,,,,,,,,,,0.02803250663319266,0.1371592879295349,-0.012040584052402869,-0.05833682417869568,-0.0451527014374733,-0.03943506255745888,-0.03371456265449524,-0.02250777743756771,0.0008440252277068794,0.03343861177563667,0.08297277241945267,0.029931201138243133,,,0.9993795947253654,1,0.0015473703068707904,1.007108211517334,0.9993795947253654,0.9969919323921204,0.9976709485054016,0.9979655742645264,0.9982604384422302,0.9988383650779724,1.0000436305999756,1.0017282962799072,1.0042940378189087,0.0015464103101721421,0.18836629328917653,1.1383479833602905,5.088690784874206e-11,-1.3037762641906738,-0.7063062191009521,-0.3351735472679138,-0.12956276535987854,0.030332207679748535,0.15400177240371704,0.277701199054718,0.5464228987693787,0.24896704232215333,0.009539041370888129,0.06602442264556885,-1.8109221925545598e-12,-0.0576469823718071,-0.02767135575413704,-0.014063042588531971,-0.007798790466040373,-0.0015360506949946284,0.006561176851391792,0.016973495483398438,0.035767991095781326,0.012607918728892125,relation,0.0,0.0,0.0024366334546357393,0.03637465089559555,-0.05064091458916664,-0.04861979931592941,44,0.5112721067888601,1.0000001192092896,0.44338220067978595,-0.9158424139022827,-0.5871827006340027,-0.08862124383449554,0.24035975337028503,0.5264939665794373,0.7221128940582275,0.8367254734039307,0.9380315542221069,0.3607590507082338,0.024857947229542203,0.04452807456254959,-0.021557153619215123,-0.04861980676651001,-0.045606907457113266,-0.04068142548203468,-0.035108983516693115,-0.025598030537366867,-0.011686243116855621,0.004308747127652168,0.028548704460263252,0.01754003264906895,AB
,,,,,,,,,,,,,,,,,,,,,,,,,,,Movies,0.06078390028053312,0.061719827353954315,0.06078390028053312,0.056463971734046936,0.059160366207361224,0.06021948009729385,0.060589696280658245,0.0608709380030632,0.06108398921787739,0.06126561760902405,0.061485314257442955,0.0004645537115824636,0.04874695837497711,,,,,,,,,,,,,,,,,,,,,,,,,0.37895786244021784,0.3820195198059082,0.37895786244021784,0.3740932047367096,0.3761457797884941,0.377338120341301,0.37817032635211945,0.3790663778781891,0.37983333319425583,0.3803781747817993,0.3812336304783821,0.0011660049489865848,0.17211538553237915,0,,,,,,,,,,,,,,,,,,,,,,,,,,text,0.0,,,,,,,,0.09617613087946303,0.09928431361913681,0.09617613087946303,0.09232524037361145,0.09360903970897198,0.0947109580039978,0.09541337005794048,0.09625234827399254,0.0970004815608263,0.09752111732959748,0.09822839975357056,0.0010765908092162549,0.0014189370696624313,0.0014189370696624313,0.0011354872779916786,0.0011570986825972795,0.0011354872779916786,0.0009226289112120867,0.0010831497563049198,0.0011204840731807054,0.0011315402516629547,0.001139072875957936,0.00114407527144067,0.0011469077668152749,0.0011502070806454867,1.3769828477153471e-05,,,,,,,,,,,,,1.3595675410612085e-06,0,,,,,,,,,,,,,,,,,,,,,,,,,,,,,,,,,,,,,,,filter,,,,,,,44,,,,,,,,,,,,,,,,,,,,,,,,,AB
,,,,,,,,,,,,,,,,,,,,,,,,,,,Movies,0.054010369154649664,-0.046533286571502686,-0.054010369154649664,-0.05491054803133011,-0.05490867480635643,-0.054820630326867105,-0.05467137601226568,-0.05433898791670799,-0.05367411579936743,-0.05273505784571171,-0.05053010553121567,0.00095346773406492,-0.03879912570118904,,,,,,,,,,,,,,,,,,,,,,,,,0.0053597521237406034,0.012638331390917301,0.0053597521237406034,0.0035635053645819426,0.003954571080394089,0.004341036686673761,0.004654499003663659,0.00512137939222157,0.0057797221234068274,0.006711035361513495,0.008838067864999178,0.0010211183257646868,0.1299573928117752,1,,,,,,,,,,,,,,,,,,,,,,,,,,text,0.0,,,,,,,,0.03171864285552964,-0.03040545992553234,-0.03171864285552964,-0.03286576271057129,-0.03243665669113398,-0.032190201058983806,-0.032005567103624344,-0.03174499422311783,-0.03145332355052233,-0.0312041649594903,-0.030819841492921114,0.0003762350618838051,0.00019604696144580845,0.00019604696144580845,6.950670346176351e-05,-5.64769834454637e-05,-6.950670346176351e-05,-7.082959928084165e-05,-7.04077487171162e-05,-7.02057863236405e-05,-7.003239988989662e-05,-6.97261857567355e-05,-6.926509195182007e-05,-6.858831184217707e-05,-6.630295734794344e-05,8.428939102170087e-07,,,,,,,,,,,,,1.0426826352124771e-06,0,,,,,,,,,,,,,,,,,,,,,,,,,,,,,,,,,,,,,,,filter,,,,,,,44,,,,,,,,,,,,,,,,,,,,,,,,,AB
,,,,,,,,,,,,,,,,,,,,,,,,,,,Movies,0.044370684102168684,-0.03527851402759552,-0.044370684102168684,-0.046073321253061295,-0.0460423568636179,-0.04575251005589962,-0.04543883353471756,-0.04487195611000061,-0.04367265850305557,-0.042220696434378625,-0.039446056447923185,0.001485342254969931,-0.03951016440987587,,,,,,,,,,,,,,,,,,,,,,,,,0.5878270785869484,0.5962207913398743,0.5878270785869484,0.5852571129798889,0.5857219028472901,0.5862683594226837,0.586721882224083,0.587422102689743,0.5885766744613647,0.5900000929832458,0.5927245402336121,0.0015382589075922414,0.7033216953277588,2,,,,,,,,,,,,,,,,,,,,,,,,,,text,0.0,,,,,,,,0.031215094121851406,-0.02975519374012947,-0.031215094121851406,-0.03238880634307861,-0.03199079547077417,-0.031724224984645846,-0.031526489183306694,-0.03124398458749056,-0.030925693456083536,-0.030660654604434966,-0.030249863881617784,0.0004065319167435395,0.0007350010357803551,0.0007350010357803551,0.0003986477049833003,-0.0003239172510802746,-0.0003986477049833003,-0.0004062350490130484,-0.0004038155396119691,-0.00040265720745082947,-0.000401662771764677,-0.00039990652294363827,-0.0003972619815613143,-0.00039338036731351167,-0.00038027299597160886,4.834321214549616e-06,,,,,,,,,,,,,2.3662404667868758e-06,0,,,,,,,,,,,,,,,,,,,,,,,,,,,,,,,,,,,,,,,filter,,,,,,,44,,,,,,,,,,,,,,,,,,,,,,,,,AB
,,,,,,,,,,,,,,,,,,,,,,,,,,,Movies,0.04589985519372313,-0.036211684346199036,-0.04589985519372313,-0.047772012650966644,-0.04773894116282463,-0.04743603467941284,-0.047088141553103924,-0.04647491127252579,-0.045164741575717926,-0.04346775338053703,-0.0402152881026268,0.0016812222642588848,-0.041407857090234756,,,,,,,,,,,,,,,,,,,,,,,,,0.15900150503276805,-0.1493424028158188,-0.15900150503276805,-0.16145378351211548,-0.16113321185112,-0.16064646244049072,-0.16021255403757095,-0.1595197543501854,-0.15823303908109665,-0.15655361115932465,-0.15341317683458328,0.0017116111753041282,-0.037784066051244736,3,,,,,,,,,,,,,,,,,,,,,,,,,,text,1.0,,,,,,,,0.03324239384275709,-0.032164596021175385,-0.03324239384275709,-0.03407171741127968,-0.033796032704412934,-0.03361028619110584,-0.03346922621130943,-0.03326693922281265,-0.03303012065589428,-0.03283929899334907,-0.032539348751306534,0.0002948878826031965,0.0011358859397905242,0.0011358859397905242,0.0006673328537120678,-0.0005422346876002848,-0.0006673328537120678,-0.0006800339906476438,-0.0006759837479330599,-0.000674044742481783,-0.0006723800615873188,-0.0006694401090499014,-0.0006650131690548733,-0.0006585153576452285,-0.0006365737476153299,8.092612635168559e-06,,,,,,,,,,,,,2.9296128154259795e-06,0,,,,,,,,,,,,,,,,,,,,,,,,,,,,,,,,,,,,,,,filter,,,,,,,44,,,,,,,,,,,,,,,,,,,,,,,,,AB
,,,,,,,,,,,,,,,,,,,,,,,,,,,Movies,0.015760115931610082,0.021303780376911163,0.015737870228702117,-0.007230415008962154,0.0014136592159047724,0.01045960895717144,0.014158079167827964,0.016856969334185123,0.018491995986551046,0.019456295669078826,0.020511385537683963,0.003961448378803161,-0.0024038096889853477,,,,,,,,,,,,,,,,,,,,,,,,,0.25344342403757364,0.258487343788147,0.25344342403757364,0.23143285512924194,0.23971873998641968,0.24847264885902404,0.2519843205809593,0.25454936921596527,0.25604642927646637,0.25691832304000856,0.2578641125559807,0.0037660313452421677,0.17211538553237915,0,,,,,,,,,,,,,,,,,,,,,,,,,,visual,0.0,,,,,,,,0.06791123913890627,0.06887298077344894,0.06791123913890627,0.0670883059501648,0.06731735184788704,0.06755765527486801,0.06771242059767246,0.06790244206786156,0.06809857487678528,0.06827854886651039,0.06856251463294029,0.00027737226166310195,-0.0005981471590284324,-0.0005981471590284324,8.273985540427764e-05,0.0002278398460475728,8.273985540427764e-05,5.179708750802092e-08,9.575366811986897e-06,4.7118537986534646e-05,6.454270078393165e-05,8.24358758109156e-05,0.00010079304774990305,0.00011751512647606432,0.00016472039846121336,2.9323550568016206e-05,,,,,,,,,,,,,1.418299209334653e-05,0,,,,,,,,,,,,,,,,,,,,,,,,,,,,,,,,,,,,,,,filter,,,,,,,44,,,,,,,,,,,,,,,,,,,,,,,,,AB
,,,,,,,,,,,,,,,,,,,,,,,,,,,Movies,0.020199705147888818,0.03527211397886276,0.020199545671040802,-0.0008381020161323249,0.007038808288052678,0.012812904641032219,0.016377483028918505,0.020266449078917503,0.02413797192275524,0.02749312538653612,0.0326823740079999,0.005630163985756388,0.019237788394093513,,,,,,,,,,,,,,,,,,,,,,,,,0.1472026871073984,0.1623133271932602,0.1472026871073984,0.1261882334947586,0.13405299171805382,0.13982106894254684,0.143382728099823,0.14726296067237854,0.1511247493326664,0.1544707804918289,0.1596277403831482,0.005620550545808616,0.1299573928117752,1,,,,,,,,,,,,,,,,,,,,,,,,,,visual,0.0,,,,,,,,0.022312269425542486,-0.022006412968039513,-0.022312269425542486,-0.02267158217728138,-0.022554732859134674,-0.02244898583739996,-0.0223822183907032,-0.022308995947241783,-0.022238141857087612,-0.02218075729906559,-0.02209055094048381,0.00010314524509672939,-0.0002444669624538442,-0.0002444669624538442,0.00012023153380248565,0.0003310802858322859,0.00012023153380248565,7.526775647193062e-08,1.3914225692133188e-05,6.846922988188454e-05,9.378875074617099e-05,0.0001197898127429653,0.00014646512136096135,0.00017076442600227892,0.00023935969045851382,4.261084864642588e-05,,,,,,,,,,,,,3.159058843798953e-05,0,,,,,,,,,,,,,,,,,,,,,,,,,,,,,,,,,,,,,,,filter,,,,,,,44,,,,,,,,,,,,,,,,,,,,,,,,,AB
,,,,,,,,,,,,,,,,,,,,,,,,,,,Movies,0.002963260185009118,-6.304122507572174e-06,-0.002963260185009118,-0.0062425569631159306,-0.00522608904633671,-0.004027097672224045,-0.0034208965953439474,-0.0028813243843615055,-0.002429524203762412,-0.0020201404113322496,-0.0013078740681521568,0.0008065370147172853,0.001693642814643681,,,,,,,,,,,,,,,,,,,,,,,,,0.6794759363093326,0.6823079586029053,0.6794759363093326,0.6763013601303101,0.6772964173555374,0.6784732580184937,0.6790512502193451,0.6795563399791718,0.679978683590889,0.6803677618503571,0.6810442411899567,0.0007660303183335246,0.7033216953277588,2,,,,,,,,,,,,,,,,,,,,,,,,,,visual,0.0,,,,,,,,0.022610106482997272,-0.022333210334181786,-0.022610106482997272,-0.02293337881565094,-0.02282950880005956,-0.02273376602679491,-0.022673262283205986,-0.0226071635261178,-0.022543168626725674,-0.02249105889350176,-0.022410302031785248,9.336750548732844e-05,0.0008081701396425264,0.0008081701396425264,3.394180320996027e-05,9.346517617814243e-05,3.394180320996027e-05,2.1248363069048537e-08,3.928036858269479e-06,1.932911327457987e-05,2.64769087152672e-05,3.381710484973155e-05,4.134764003538294e-05,4.8207424697466195e-05,6.757211849617307e-05,1.2029198963365478e-05,,,,,,,,,,,,,5.868024486061609e-07,0,,,,,,,,,,,,,,,,,,,,,,,,,,,,,,,,,,,,,,,filter,,,,,,,44,,,,,,,,,,,,,,,,,,,,,,,,,AB
,,,,,,,,,,,,,,,,,,,,,,,,,,,Movies,0.02732039886423308,-0.012882017530500889,-0.02732039886423308,-0.031763702630996704,-0.0316308468580246,-0.030823657661676405,-0.029980415478348732,-0.028143763542175293,-0.025246395263820887,-0.022409581765532496,-0.01842914281412959,0.0032745448941346213,-0.019787849858403206,,,,,,,,,,,,,,,,,,,,,,,,,0.10811809309661717,-0.09423677623271942,-0.10811809309661717,-0.1129227951169014,-0.1124118935316801,-0.11159902885556221,-0.11075972393155098,-0.10893558710813522,-0.10606714710593224,-0.10321952849626541,-0.09927213363349438,0.0032552975499653353,-0.037784066051244736,3,,,,,,,,,,,,,,,,,,,,,,,,,,visual,1.0,,,,,,,,0.022988863280418395,-0.022748682647943497,-0.022988863280418395,-0.023268016055226326,-0.02317903285846114,-0.02309612538665533,-0.023043572902679443,-0.022986289113759995,-0.022930916864424944,-0.022885901853442192,-0.022815434485673903,8.087241678746075e-05,0.0010428117483467672,0.0010428117483467672,0.00023691317575586245,-1.4831319106178853e-07,-0.00023691317575586245,-0.0006523852935060859,-0.00047165219380985947,-0.0003364869626238942,-0.0002886057845898904,-0.0002360427679377608,-0.0001848083447839599,-0.00013491686986526476,-2.7417627352405954e-05,8.396359230651916e-05,,,,,,,,,,,,,1.0596962138810314e-05,0,,,,,,,,,,,,,,,,,,,,,,,,,,,,,,,,,,,,,,,filter,,,,,,,44,,,,,,,,,,,,,,,,,,,,,,,,,AB
,,,,,,,,,,,,0.00045893882321683155,-0.0,-0.00045893882321683155,-0.002606204943731427,-0.0015911214286461473,-0.0009891468798741698,-0.0006657815538346767,-0.0003690303710754961,-0.00016522592341061682,-5.7783970987657085e-05,-4.8484476877774796e-08,0.0003746399057620701,0.0508236438035965,1,,Toys,,,,,,,,,,,,,,,,,,,,,,,,,,0.031234197859623086,0.08526907116174698,0.027141537799386547,-0.05758507549762726,-0.031015364453196526,-0.007110493257641792,0.012498082593083382,0.03242633491754532,0.04500424861907959,0.05169721692800522,0.06306714564561844,0.022706770819721344,,,,,,,,,,,,,,,1.0,0.0015317920942804894,0.0030566530767828226,0.0015317920942804894,0.0,0.00014159699290757998,0.0007889304193668068,0.0011972906650044024,0.0015883659943938255,0.0019287483883090317,0.002182850707322359,0.0025182561110705143,0.0005349431806871609,0.0015264982869405306,0.003993157297372818,0.0013228288564732407,-0.0027673353906720877,-0.0015288947615772486,-0.00035882473457604647,0.0006273209000937641,0.0015962490579113364,0.00218878872692585,0.00249824533239007,0.0030151403043419123,0.0011026482301959616,text,,113402,134097.0,0.0,0.0,0.00011186228153274722,0.0007977764711875802,0.00016623956633198277,,,,,,,,,,,,,,,,,,,,,,,,,,,0.030035196680574666,0.07856951653957367,0.026027820276111367,-0.05444958806037903,-0.030082348734140396,-0.0070602912455797195,0.012343808077275753,0.03140789270401001,0.04306609183549881,0.04915598779916763,0.05932564288377762,0.02169557746507572,,,1.001324312727623,1,0.001102175863666902,1.0040011405944824,1.001324312727623,0.9972364902496338,0.998472273349762,0.9996412396430969,1.0006275177001953,1.00159752368927,1.002191185951233,1.002501368522644,1.0030196905136108,0.0011036354891923372,0.22976997633908952,1.2735695838928223,1.7231791789471874e-09,-1.304809331893921,-0.7618759274482727,-0.4131820797920227,-0.1722375750541687,0.029551059007644653,0.19233274459838867,0.3454042673110962,0.6463093757629395,0.2966057775027476,0.0073827317143692235,0.04092102497816086,5.652531762116384e-11,-0.04192478582262993,-0.024479810148477554,-0.013275939971208572,-0.005534159950911999,0.0009495041449554265,0.006179837044328451,0.011098173446953297,0.020766545087099075,0.009530230689246548,relation,0.0,0.0,0.014352740719914436,-0.001997383777052164,0.03213096782565117,0.033132847398519516,42,0.5079598427452858,1.0000001192092896,0.39983692607401683,-0.907078742980957,-0.6345974206924438,-0.23753494024276733,0.11235412955284119,0.4890597462654114,0.7468227744102478,0.8809632658958435,0.9905140399932861,0.42066069324948024,0.016830155954995738,0.033132851123809814,0.013247735857732578,-0.03005410172045231,-0.021026019006967545,-0.007870208472013474,0.0037226122803986073,0.01620394177734852,0.024744365364313126,0.029188821092247963,0.03281855210661888,0.013937686555655963,AB
,,,,,,,,,,,,0.002759516322281668,0.02202981524169445,0.002759516322281668,0.0,0.0,0.00033750725560821593,0.0009262468083761632,0.0021158207673579454,0.0038958117365837097,0.006109093781560659,0.01099441573023796,0.0024397981979188766,0.051088422536849976,1,,Toys,,,,,,,,,,,,,,,,,,,,,,,,,,0.02736241101137656,0.08683968335390091,0.027362344542463432,-0.0018844269216060638,0.015361976809799671,0.020055655390024185,0.022491615265607834,0.025360804051160812,0.030085410922765732,0.037998709827661514,0.05482214689254761,0.007847714857688853,,,,,,,,,,,,,,,1.0,0.0013304770669100416,0.0024769927840679884,0.0013304770669100416,0.0,0.0010139166889712213,0.0011655859416350722,0.001247627311386168,0.0013239821419119835,0.0013951751752756536,0.001493112719617784,0.0018180822464637458,0.00014934083779142012,0.0013578048735155084,0.004081966355443001,0.0013578014842525207,-9.608730033505708e-05,0.0007728926721028984,0.0010044296504929662,0.0011237503495067358,0.0012636542087420821,0.0014921018155291677,0.0018701935186982155,0.002655196702107787,0.00037532798265788145,visual,,113402,134097.0,0.0,0.0,6.739837823709817e-05,0.00048066997755644175,0.0001146162822790917,,,,,,,,,,,,,,,,,,,,,,,,,,,0.026577539799368062,0.07990109920501709,0.02657747345547909,-0.0018808824243023992,0.015129555948078632,0.01966133527457714,0.021996870636940002,0.024733541533350945,0.029206713661551476,0.03660766780376434,0.051972877234220505,0.007346633380663838,,,1.0013587942590318,1,0.0003754373782802802,1.0040903091430664,1.0013587942590318,0.9999039173126221,1.0007731914520264,1.001004934310913,1.001124382019043,1.0012644529342651,1.001493215560913,1.001871943473816,1.002658724784851,0.0003759475204348889,0.1506248545073047,1.2024707794189453,-6.462065641136746e-11,-1.1300675868988037,-0.584619402885437,-0.2627146244049072,-0.10254886746406555,0.019406676292419434,0.1244320273399353,0.2276732623577118,0.4332338869571686,0.20105474067907095,0.006556338330400421,0.04918912798166275,2.6085696645925774e-12,-0.05234066769480705,-0.01885763183236122,-0.009910070337355137,-0.005416227504611015,-0.0008447260479442775,0.004463706165552139,0.011435337364673615,0.02544707991182804,0.008751430214741744,relation,0.0,0.0,0.0211362075060606,0.018320458009839058,-0.043527599424123764,0.0072902194224298,42,0.5135380703915253,1.000000238418579,0.4755166480861138,-0.8338847160339355,-0.43366217613220215,0.004278987646102905,0.27053743600845337,0.5326130390167236,0.7359211444854736,0.8541226983070374,0.9593614339828491,0.3277467322600526,0.0037438052153309677,0.007290221285074949,0.0034666207038118397,-0.006079202517867088,-0.0031614925246685743,3.1194758776109666e-05,0.00197227718308568,0.0038828658871352673,0.0053650266490876675,0.006226741708815098,0.0069939554668962955,0.002389345593848641,AB
,,,,,,,,,,,,,,,,,,,,,,,,,,,Toys,0.003880564289958358,0.009086785838007927,0.002619620743927565,-0.006952410098165274,-0.005308715850114823,-0.0028346601407974958,-0.00019165123376296833,0.0031520312186330557,0.005761312087997794,0.007115787360817196,0.008204087056219585,0.0036751031372886118,0.008876988664269447,,,,,,,,,,,,,,,,,,,,,,,,,0.2139469762928793,0.2199615240097046,0.2139469762928793,0.20486392080783844,0.20643921375274657,0.20874107480049134,0.21127426624298096,0.21447183191776276,0.2169196754693985,0.21818662881851197,0.21921221524477005,0.003486160323783092,0.12967035174369812,0,,,,,,,,,,,,,,,,,,,,,,,,,,text,0.0,,,,,,,,0.07264274043733297,0.0733863115310669,0.07264274043733297,0.0719962865114212,0.072182946652174,0.07234838008880615,0.07246990501880646,0.07262880355119705,0.07279811799526215,0.07295845746994019,0.07320531457662582,0.00023265073688613486,0.00017286630955666522,0.00017286630955666522,0.00013726924813322802,0.0002739173942245543,0.00013726924813322802,0.0,1.268900190552813e-05,7.069881248753518e-05,0.00010729340647230856,0.00014233903493732214,0.00017284188652411103,0.0001956128893652931,0.0002256697445409373,4.793812976334892e-05,,,,,,,,,,,,,1.215331380311943e-05,0,,,,,,,,,,,,,,,,,,,,,,,,,,,,,,,,,,,,,,,filter,,,,,,,42,,,,,,,,,,,,,,,,,,,,,,,,,AB
,,,,,,,,,,,,,,,,,,,,,,,,,,,Toys,0.027012229028402477,-0.005389141850173473,-0.027012229028402477,-0.032874755561351776,-0.03255023367702961,-0.030916814506053925,-0.029489907436072826,-0.02753957360982895,-0.025193138048052788,-0.02256917245686054,-0.016274891979992382,0.003458341214421626,-0.017602035775780678,,,,,,,,,,,,,,,,,,,,,,,,,0.05016055095938128,0.0715644434094429,0.05016055095938128,0.04411306977272034,0.04468310706317425,0.0462935708463192,0.04769909381866455,0.04964964836835861,0.05199001915752888,0.054558836668729786,0.060707695484161384,0.003416529016035171,0.1192282885313034,1,,,,,,,,,,,,,,,,,,,,,,,,,,text,0.0,,,,,,,,0.024235768750846372,-0.02401960827410221,-0.024235768750846372,-0.024479402229189873,-0.024421691969037054,-0.024340426176786424,-0.024287295527756214,-0.024231286719441414,-0.024178345687687397,-0.02413820065557957,-0.024083368331193924,7.711145710850388e-05,-0.0007865817480308476,-0.0007865817480308476,0.00021770588985462922,-0.0,-0.00021770588985462922,-0.00043442670721560717,-0.00035790705296676604,-0.00031023757765069604,-0.00027412328927312046,-0.00022574645117856562,-0.0001701648870948702,-0.00011212670360691843,-2.012446730077483e-05,7.602877797478496e-05,,,,,,,,,,,,,1.1672670517410254e-05,0,,,,,,,,,,,,,,,,,,,,,,,,,,,,,,,,,,,,,,,filter,,,,,,,42,,,,,,,,,,,,,,,,,,,,,,,,,AB
,,,,,,,,,,,,,,,,,,,,,,,,,,,Toys,0.006402723994958848,-0.0034831766970455647,-0.006402723994958848,-0.009828767739236355,-0.008589213024824858,-0.007620978355407715,-0.007032791152596474,-0.00637521967291832,-0.005739891203120351,-0.005215694103389978,-0.004481292227283118,0.0009234012692554226,0.003928269725292921,,,,,,,,,,,,,,,,,,,,,,,,,0.7180326549953295,0.7209376096725464,0.7180326549953295,0.7147479057312012,0.715902349948883,0.7168347120285035,0.717415988445282,0.7180559039115906,0.7186824679374695,0.719205093383789,0.7199171125888825,0.0009043846864030103,0.7446873188018799,2,,,,,,,,,,,,,,,,,,,,,,,,,,text,0.0,,,,,,,,0.024115712929982356,-0.02389467880129814,-0.024115712929982356,-0.024372849613428116,-0.02430909126996994,-0.024224164336919783,-0.02416906412690878,-0.02411103993654251,-0.02405628375709057,-0.024014484882354737,-0.02395751863718033,8.00332434489133e-05,0.0002013714943373747,0.0002013714943373747,6.447106439185353e-05,-0.0,-6.447106439185353e-05,-0.00012865041207987815,-0.00010599001136142761,-9.187324467347935e-05,-8.117842298815958e-05,-6.685218249913305e-05,-5.039235111325979e-05,-3.320501709822565e-05,-5.959626614639953e-06,2.2515037352974223e-05,,,,,,,,,,,,,8.179116610002714e-07,0,,,,,,,,,,,,,,,,,,,,,,,,,,,,,,,,,,,,,,,filter,,,,,,,42,,,,,,,,,,,,,,,,,,,,,,,,,AB
,,,,,,,,,,,,,,,,,,,,,,,,,,,Toys,0.002743479214896628,0.010115770623087883,0.002709255855369111,-0.002602172549813986,-0.000601163562387228,0.0005542888538911939,0.0014364167000167072,0.002581109059974551,0.003904085257090628,0.005027388222515585,0.006801743544638158,0.0017088089795021422,0.006033490877598524,,,,,,,,,,,,,,,,,,,,,,,,,0.007712101893610649,0.01501513086259365,0.007712101893610649,0.0023866042029112577,0.004479446476325393,0.005598990619182587,0.006459084805101156,0.007587384898215532,0.008872988168150187,0.009994561783969406,0.011763491164892913,0.001675537522592843,0.02311570569872856,3,,,,,,,,,,,,,,,,,,,,,,,,,,text,0.0,,,,,,,,0.024291258705651655,-0.024081995710730553,-0.024291258705651655,-0.02453404851257801,-0.024474256746470927,-0.024393780529499053,-0.02434195578098297,-0.02428673766553402,-0.02423526905477047,-0.024195855483412743,-0.024141723364591597,7.55591132452249e-05,0.0027548603978030423,0.0027548603978030423,0.0001449076972155014,0.0002891597105190158,0.0001449076972155014,0.0,1.3395090645644814e-05,7.463290239684284e-05,0.00011326382445986383,0.0001502595841884613,0.00018245980754727498,0.0002064979198621586,0.00023822731163818396,5.060568253411388e-05,,,,,,,,,,,,,2.8074259896165622e-06,0,,,,,,,,,,,,,,,,,,,,,,,,,,,,,,,,,,,,,,,filter,,,,,,,42,,,,,,,,,,,,,,,,,,,,,,,,,AB
,,,,,,,,,,,,,,,,,,,,,,,,,,,Toys,0.032386453494008365,-0.026949483901262283,-0.032386453494008365,-0.03313726559281349,-0.03300444573163986,-0.032843226194381715,-0.032705437391996384,-0.03250254690647125,-0.0322270505130291,-0.031861834973096845,-0.030211113914847373,0.0005252350354482187,-0.024182407185435295,,,,,,,,,,,,,,,,,,,,,,,,,0.12465785001356205,0.12958857417106628,0.12465785001356205,0.12358921021223068,0.1238965106010437,0.12415689527988434,0.12434834986925125,0.12458661943674088,0.12486213445663452,0.1251962125301361,0.12644168496131897,0.0004893790383685113,0.12967035174369812,0,,,,,,,,,,,,,,,,,,,,,,,,,,visual,0.0,,,,,,,,0.05147065759662788,0.05232216790318489,0.05147065759662788,0.050632644444704056,0.05090454503893852,0.051140579581260684,0.05129445530474186,0.0514686182141304,0.05164519511163235,0.051803432404994965,0.05206224493682385,0.00025491888564335344,0.00012754064069081555,0.00012754064069081555,8.570324000968571e-05,0.00015955654089339077,8.570324000968571e-05,0.0,6.531187405926175e-05,7.508171256631613e-05,8.036643703235313e-05,8.52848679642193e-05,8.98707949090749e-05,9.617948671802878e-05,0.00011711253231624142,9.61985289767675e-06,,,,,,,,,,,,,2.394918431944889e-07,0,,,,,,,,,,,,,,,,,,,,,,,,,,,,,,,,,,,,,,,filter,,,,,,,42,,,,,,,,,,,,,,,,,,,,,,,,,AB
,,,,,,,,,,,,,,,,,,,,,,,,,,,Toys,0.01347120935002832,-0.0037835990078747272,-0.01347120935002832,-0.020149827003479004,-0.018711608126759528,-0.016558921337127684,-0.01523584220558405,-0.013592460192739964,-0.011819077655673027,-0.01020229514688253,-0.007373060761019586,0.0024666929726571253,-0.009050624445080757,,,,,,,,,,,,,,,,,,,,,,,,,0.07934664450612844,0.08900562673807144,0.07934664450612844,0.07256287336349487,0.07405832529067993,0.07623777389526368,0.0775751881301403,0.07923498004674911,0.0810285396873951,0.08264546543359756,0.08542399600148201,0.002478303622232551,0.1192282885313034,1,,,,,,,,,,,,,,,,,,,,,,,,,,visual,0.0,,,,,,,,0.01719172793933521,-0.016912216320633888,-0.01719172793933521,-0.01747184619307518,-0.01738486934453249,-0.017300352081656457,-0.017248601652681828,-0.017191177234053612,-0.017134212888777256,-0.017084093391895296,-0.01700682733207941,8.319616179929707e-05,0.0002778818261210114,0.0002778818261210114,0.00016808414062928427,-0.0,-0.00016808414062928427,-0.00031292776111513376,-0.00022968511271756142,-0.0001886305137304589,-0.00017625770124141127,-0.0001672636135481298,-0.00015761742542963475,-0.0001472528383601457,-0.00012809189298423006,1.886678623603877e-05,,,,,,,,,,,,,6.141988843970983e-06,0,,,,,,,,,,,,,,,,,,,,,,,,,,,,,,,,,,,,,,,filter,,,,,,,42,,,,,,,,,,,,,,,,,,,,,,,,,AB
,,,,,,,,,,,,,,,,,,,,,,,,,,,Toys,0.035032754741549696,0.03627457469701767,0.035032754741549696,0.029683733358979225,0.031915604621171954,0.03349800482392311,0.03450905904173851,0.035342730581760406,0.0358095895498991,0.036064206063747405,0.03625684082508087,0.0010296151235947696,0.025646507740020752,,,,,,,,,,,,,,,,,,,,,,,,,0.7881495101724336,0.789657473564148,0.7881495101724336,0.7827446460723877,0.7850315952301026,0.7866019248962403,0.7876226305961609,0.7884580492973328,0.7889264822006226,0.7891851663589478,0.7894183719158172,0.0010330184326953218,0.7446873188018799,2,,,,,,,,,,,,,,,,,,,,,,,,,,visual,0.0,,,,,,,,0.017187118558534883,-0.016910821199417114,-0.017187118558534883,-0.01746714860200882,-0.01738138034939766,-0.01729617901146412,-0.01724433433264494,-0.017186373472213745,-0.01712916139513254,-0.017078740894794463,-0.017001044638454914,8.364956649991012e-05,-0.00035438252477229467,-0.00035438252477229467,2.9952987109421153e-05,-0.0,-2.9952987109421153e-05,-5.576445983024314e-05,-4.0930427276180125e-05,-3.361439885338768e-05,-3.140953413094394e-05,-2.980676799779758e-05,-2.8087792998121586e-05,-2.624079934321344e-05,-2.282627479871735e-05,3.3621054403105373e-06,,,,,,,,,,,,,1.0671270822882992e-06,0,,,,,,,,,,,,,,,,,,,,,,,,,,,,,,,,,,,,,,,filter,,,,,,,42,,,,,,,,,,,,,,,,,,,,,,,,,AB
,,,,,,,,,,,,,,,,,,,,,,,,,,,Toys,0.03468772070727636,0.035693299025297165,0.03468772070727636,0.02927827462553978,0.031394205242395404,0.03319698125123978,0.03427697904407978,0.035057466477155685,0.0354162510484457,0.035586658865213394,0.0356893951445818,0.001006006684420335,0.026079900562763214,,,,,,,,,,,,,,,,,,,,,,,,,0.0669038497739568,0.06819840520620346,0.0669038497739568,0.061447806656360626,0.06356060579419136,0.06539708375930786,0.06648179888725281,0.06726617366075516,0.06764227151870728,0.0678244411945343,0.06800450965762138,0.0010240195147617306,0.02311570569872856,3,,,,,,,,,,,,,,,,,,,,,,,,,,visual,0.0,,,,,,,,0.017091811085257102,-0.01680154539644718,-0.017091811085257102,-0.01738317310810089,-0.017296311035752295,-0.017207229509949684,-0.017152443528175354,-0.017091330140829086,-0.01703084073960781,-0.016977442428469658,-0.016895830705761908,8.821721760151466e-05,0.0015514799506033893,0.0015514799506033893,0.0001123338811206255,0.00020913567277602851,0.0001123338811206255,0.0,8.560628688428551e-05,9.841191786108539e-05,0.00010533877139096148,0.00011178550630575046,0.00011779642591136508,0.00012606542732100933,0.00015350300061982126,1.2609037994533866e-05,,,,,,,,,,,,,1.0486159666128503e-06,0,,,,,,,,,,,,,,,,,,,,,,,,,,,,,,,,,,,,,,,filter,,,,,,,42,,,,,,,,,,,,,,,,,,,,,,,,,AB
,,,,,,,,,,,,0.001961374961267911,0.011259292252361774,0.001961374961267911,0.0,1.1234175190111273e-07,0.00025275012012571096,0.0006946007488295436,0.001573556917719543,0.0028448160737752914,0.004248086363077164,0.006883744616061449,0.0016062452252916383,0.04946319758892059,1,,Toys,,,,,,,,,,,,,,,,,,,,,,,,,,0.016962112333278392,0.03170878440141678,0.016962112333278392,0.004945280030369759,0.0102127930149436,0.01246353518217802,0.014028145931661129,0.016571655869483948,0.01965855062007904,0.022015167400240898,0.026013096794486046,0.0037030443415428864,,,,,,,,,,,,,,,1.0,0.000814261530073653,0.0012721898965537548,0.000814261530073653,0.0,0.0004679555457551032,0.000646528578363359,0.0007453615835402161,0.0008315955055877566,0.0009002928272821009,0.0009518329054117203,0.0010533220181241643,0.0001230111391711269,0.0008243622183743569,0.001520192832686007,0.0008243622183743569,0.00024339574156329036,0.0005000770906917751,0.000608854868914932,0.0006842655711807311,0.0008063640561886132,0.0009535771678201854,0.001065520802512765,0.0012540103634819388,0.0001768630993436658,text,,113402,134097.0,0.0,0.0,3.989285236867777e-05,0.0002845067931050025,7.050149816392249e-05,,,,,,,,,,,,,,,,,,,,,,,,,,,0.016666178075216514,0.030734237283468246,0.016666178075216514,0.004920944571495056,0.010109546594321728,0.012310107238590717,0.013834078796207905,0.016301512718200684,0.019279543310403824,0.021540939807891846,0.02535357140004635,0.003575650032675364,,,1.000824717751605,1,0.00017686891460601107,1.001521348953247,1.000824717751605,1.0002434253692627,1.000500202178955,1.000609040260315,1.0006844997406006,1.0008066892623901,1.000954031944275,1.0010660886764526,1.0012547969818115,0.00017701478153977064,0.18315222819357818,0.9624890685081482,-8.964848260614948e-10,-1.0513871908187866,-0.6163289546966553,-0.32221752405166626,-0.1393241286277771,0.019209086894989014,0.15229785442352295,0.28226691484451294,0.5216503739356995,0.23673161021905562,0.0006051268194382944,0.0031800211872905493,-2.90856209120777e-12,-0.0034737365785986185,-0.0020363235380500555,-0.0010645923903211951,-0.0004603207344189286,6.346596637740731e-05,0.0005031853215768933,0.0009325973223894835,0.0017235096311196685,0.0007821507156035253,relation,0.0,0.0,0.01049087755382061,0.010708987712860107,0.003303955541923642,0.009408908896148205,43,0.5182612372586946,1.0000001192092896,0.4793180450937896,-0.8451270461082458,-0.39760759472846985,-0.021464399993419647,0.2503032982349396,0.5444337129592896,0.7521277666091919,0.8733808994293213,0.9910011291503906,0.3398442510392173,0.004876272765895156,0.00940890982747078,0.004509859818628284,-0.007951723411679268,-0.003741053631529212,-0.00020195658726152033,0.0023550810292363167,0.00512252701446414,0.007076701615005732,0.008217561058700085,0.009324239566922188,0.0031975635968854044,AB
,,,,,,,,,,,,0.0034486822246214497,0.02686389908194542,0.0034486822246214497,0.0,0.0,0.0004391299153212458,0.0012162557104602456,0.0026299937162548304,0.004768617916852236,0.0075138285756111145,0.014166487380862236,0.0030782256693293927,0.05100778490304947,1,,Toys,,,,,,,,,,,,,,,,,,,,,,,,,,0.028676002871224977,0.08716562390327454,0.028676002871224977,0.01987019181251526,0.022605765610933304,0.02352306991815567,0.024012921378016472,0.024943068623542786,0.03055952861905098,0.039827413856983185,0.057891491800546646,0.007797749592942939,,,,,,,,,,,,,,,1.0,0.0013943891012179344,0.002939205151051283,0.0013943891012179344,0.0,0.001172661711461842,0.001205453835427761,0.0012431791983544827,0.0013379877200350165,0.0014811704750172794,0.0016584004741162061,0.002131840218789876,0.00020700253147376706,0.0014191206519022655,0.004089683759957552,0.0014191206519022655,0.000993830617517233,0.0011275607394054532,0.0011723319767042994,0.0011961455456912518,0.0012412709183990955,0.0015125750796869397,0.0019537187181413174,0.0027913199737668037,0.00036986610606138873,visual,,113402,134097.0,0.0,0.0,6.768392194891304e-05,0.0004827064106745593,0.000119324882533334,,,,,,,,,,,,,,,,,,,,,,,,,,,0.027821650100157,0.0801769495010376,0.027821650100157,0.019483059644699097,0.022106042131781578,0.02298245206475258,0.023449823260307312,0.02433605119585991,0.029653336852788925,0.038301944732666016,0.05472346767783165,0.007251172245569939,,,1.0014201965965448,1,0.00037001157355425455,1.0040980577468872,1.0014201965965448,1.000994324684143,1.0011281967163086,1.0011730194091797,1.0011968612670898,1.0012420415878296,1.0015137195587158,1.0019556283950806,1.0027952194213867,0.00037053706273206856,0.15052888612668194,0.9877250790596008,-1.465279646217166e-09,-1.172561764717102,-0.6043104529380798,-0.2673422694206238,-0.0985821783542633,0.026548683643341064,0.1237834095954895,0.21941059827804565,0.42557093501091003,0.20177045507255043,0.004048661077744599,0.0315375030040741,3.928471133107121e-11,-0.026566090062260628,-0.011446258053183556,-0.005901320371776819,-0.0033293082378804684,-0.0007140597444958985,0.0026514900382608175,0.007190501783043146,0.016253679990768433,0.005426866625180798,relation,0.0,0.0,0.02670254558324814,0.022910434752702713,-0.026896240189671516,-0.002895473735406995,43,0.5474182232476955,1.000000238418579,0.5094934762113962,-0.8919824361801147,-0.43840134143829346,0.026795610785484314,0.3210982084274292,0.5879536271095276,0.7659734487533569,0.8649141788482666,0.951974093914032,0.32853089703927246,0.001585035087602619,0.002582711633294821,-0.0014752249785455426,-0.0028954744338989258,-0.0027564160991460085,-0.002504336182028055,-0.00221785600297153,-0.0017024042317643762,-0.000929731409996748,-7.758598803775385e-05,0.0012693795142695308,0.0009512525837070734,AB
,,,,,,,,,,,,,,,,,,,,,,,,,,,Toys,0.003613592592131491,0.009236822836101055,0.003094337876772161,-0.005209056660532951,-0.0033535568322986364,-0.001085837255232036,0.0009155982697848231,0.0033741649240255356,0.005451361881569028,0.006741557549685241,0.008218657448887827,0.00291913449466229,0.002969294786453247,,,,,,,,,,,,,,,,,,,,,,,,,0.2005722302843563,0.2064802348613739,0.2005722302843563,0.19283796846866608,0.19459302663803102,0.19667735695838928,0.1984967440366745,0.2008049488067627,0.20278526097536087,0.20403950810432434,0.2054405164718628,0.0027403667422500806,0.12545433640480042,0,,,,,,,,,,,,,,,,,,,,,,,,,,text,0.0,,,,,,,,0.06901010726566158,0.06982504576444626,0.06901010726566158,0.06815460324287415,0.06839672058820724,0.06864719837903976,0.06881868094205856,0.06900470703840256,0.06918998062610626,0.06939138621091842,0.06965264737606049,0.00028134423037317843,-0.00023563439001666152,-0.00023563439001666152,4.415396502234376e-05,6.898548599565402e-05,4.415396502234376e-05,0.0,2.5375252844241912e-05,3.505851636873558e-05,4.0417813579551876e-05,4.509391146712005e-05,4.8819078074302524e-05,5.161387889529579e-05,5.711720463295939e-05,6.670374726270491e-06,,,,,,,,,,,,,7.50960988203032e-06,0,,,,,,,,,,,,,,,,,,,,,,,,,,,,,,,,,,,,,,,filter,,,,,,,43,,,,,,,,,,,,,,,,,,,,,,,,,AB
,,,,,,,,,,,,,,,,,,,,,,,,,,,Toys,0.004445716536065359,0.0006852361839264631,-0.004445611618423757,-0.010354826226830482,-0.008000283427536488,-0.006321442313492298,-0.005433967569842935,-0.0044486913830041885,-0.0034421460004523396,-0.0025368751958012577,-0.0011968810483813281,0.001470348955894773,-0.0051903692074120045,,,,,,,,,,,,,,,,,,,,,,,,,0.0861895407648817,0.09128328412771225,0.0861895407648817,0.08021150529384613,0.08264915183186532,0.08435011953115464,0.0852321907877922,0.08620621263980865,0.08718622848391533,0.08805000334978104,0.08935697063803674,0.001441626976304922,0.11897248774766922,1,,,,,,,,,,,,,,,,,,,,,,,,,,text,0.0,,,,,,,,0.02304816142338418,-0.02276500314474106,-0.02304816142338418,-0.02331584133207798,-0.02325943935662508,-0.023173201456665994,-0.023107479326426983,-0.02304639108479023,-0.022985262796282768,-0.022928788140416146,-0.02284740600734949,9.232400512844356e-05,-0.00026357221419070234,-0.00026357221419070234,9.88014585447987e-05,-0.0,-9.88014585447987e-05,-0.00015436590183526278,-0.00012780874880263582,-0.00011549419141374529,-0.00010924038724624552,-0.00010090474097523838,-9.044122998602688e-05,-7.844895590096711e-05,-5.678112902387508e-05,1.4926015180203952e-05,,,,,,,,,,,,,2.078288338810072e-06,0,,,,,,,,,,,,,,,,,,,,,,,,,,,,,,,,,,,,,,,filter,,,,,,,43,,,,,,,,,,,,,,,,,,,,,,,,,AB
,,,,,,,,,,,,,,,,,,,,,,,,,,,Toys,0.0033307530446812614,5.0419941544532776e-05,-0.0033307481720123515,-0.0067475480027496815,-0.0055051105003803965,-0.004596380144357681,-0.004043388878926635,-0.003369193524122238,-0.0026586841559037566,-0.0019387270323932167,-0.001050071290228515,0.0010045092303310641,0.0015318538062274456,,,,,,,,,,,,,,,,,,,,,,,,,0.7242856565492976,0.7275405526161194,0.7242856565492976,0.720856785774231,0.7221660470962524,0.7230653882026672,0.7236067950725555,0.7242637276649475,0.724943608045578,0.7255885601043701,0.726438752412796,0.0009613556303527578,0.7490867376327515,2,,,,,,,,,,,,,,,,,,,,,,,,,,text,0.0,,,,,,,,0.022969573995134024,-0.02268172614276409,-0.022969573995134024,-0.02324412204325199,-0.023186151199042798,-0.023098164424300193,-0.023030326701700687,-0.022967806085944176,-0.02290500607341528,-0.02284719981253147,-0.022763113379478454,9.487205746082892e-05,-0.0006297756521011667,-0.0006297756521011667,3.259785233474789e-05,-0.0,-3.259785233474789e-05,-5.093039362691343e-05,-4.216831533994991e-05,-3.810533380601555e-05,-3.604199810069986e-05,-3.329179162392393e-05,-2.9839537091902457e-05,-2.5882892077788708e-05,-1.873396373412105e-05,4.924583571812064e-06,,,,,,,,,,,,,9.242046480109484e-07,0,,,,,,,,,,,,,,,,,,,,,,,,,,,,,,,,,,,,,,,filter,,,,,,,43,,,,,,,,,,,,,,,,,,,,,,,,,AB
,,,,,,,,,,,,,,,,,,,,,,,,,,,Toys,0.0026736395589028053,0.0012393849901854992,-0.002656937324553125,-0.007287401705980301,-0.005366413220763207,-0.004137138277292252,-0.003488869173452258,-0.0027393517084419727,-0.0019204796990379691,-0.0009574545314535486,0.00034141075564549084,0.0012258193427476414,0.002647371031343937,,,,,,,,,,,,,,,,,,,,,,,,,0.0036641948644652936,0.007423228118568659,0.0036638480848522077,-0.0010889386758208275,0.0010298034898005425,0.0022486571688205004,0.002879623672924936,0.0036064498126506805,0.004369690548628569,0.005272098444402218,0.006503383861854672,0.0011703605901554016,0.026578539982438087,3,,,,,,,,,,,,,,,,,,,,,,,,,,text,0.0007731335936114192,,,,,,,,0.022992371882695196,-0.022703709080815315,-0.022992371882695196,-0.023265093564987183,-0.02320762988179922,-0.02311985120177269,-0.02305256389081478,-0.022990696132183075,-0.02292815502732992,-0.02287085950374603,-0.02278737500309944,9.417017695783185e-05,0.001454761645258389,0.001454761645258389,8.724534794712892e-05,0.0001363108167424798,8.724534794712892e-05,0.0,5.013984002289362e-05,6.927333306521178e-05,7.986295531736687e-05,8.910262113204226e-05,9.646330727264285e-05,0.00010198565141763539,0.00011285986314760534,1.3180224323628284e-05,,,,,,,,,,,,,1.3697439109889e-06,0,,,,,,,,,,,,,,,,,,,,,,,,,,,,,,,,,,,,,,,filter,,,,,,,43,,,,,,,,,,,,,,,,,,,,,,,,,AB
,,,,,,,,,,,,,,,,,,,,,,,,,,,Toys,0.03642767624496175,-0.03275517746806145,-0.03642767624496175,-0.037284448742866516,-0.03713520370423794,-0.036945895105600354,-0.03678744658827782,-0.03653967007994652,-0.03618594817817211,-0.035757047683000566,-0.03476178660988807,0.0004999869622824034,-0.02815035916864872,,,,,,,,,,,,,,,,,,,,,,,,,0.10987174305853334,0.11306459456682205,0.10987174305853334,0.10887119174003601,0.1091639006137848,0.10942999571561814,0.1096080057322979,0.10982178896665573,0.11007740721106529,0.11036479920148849,0.11106728613376618,0.00039072114241026735,0.12545433640480042,0,,,,,,,,,,,,,,,,,,,,,,,,,,visual,0.0,,,,,,,,0.048899056127204445,0.04977017268538475,0.048899056127204445,0.04798923805356026,0.04822419986128807,0.04847194254398346,0.04866104945540428,0.04890041425824165,0.04913628660142422,0.04932543933391571,0.04956257089972496,0.0003198335289378323,0.0013612225983557482,0.0013612225983557482,9.638407371149451e-05,0.00020316608424764127,9.638407371149451e-05,0.0,8.105765635264107e-05,8.332434226758778e-05,8.593202437623404e-05,9.24854539334774e-05,0.00010238264439976774,0.0001146332811913453,0.00014735875069163743,1.4308593741793374e-05,,,,,,,,,,,,,1.5266301112638442e-07,0,,,,,,,,,,,,,,,,,,,,,,,,,,,,,,,,,,,,,,,filter,,,,,,,43,,,,,,,,,,,,,,,,,,,,,,,,,AB
,,,,,,,,,,,,,,,,,,,,,,,,,,,Toys,0.018852443477500244,-0.008221106603741646,-0.018852443477500244,-0.02464861050248146,-0.023991947583854197,-0.02205619588494301,-0.02075137197971344,-0.019070861861109734,-0.017188056372106075,-0.015304121747612953,-0.012177743129432199,0.002617402015163069,-0.009830408729612827,,,,,,,,,,,,,,,,,,,,,,,,,0.07379592197057734,0.08429290354251862,0.07379592197057734,0.06774906814098358,0.06862743213772773,0.07059021592140198,0.07188870757818222,0.0735844150185585,0.07546883076429367,0.0773490458726883,0.08047252595424653,0.0026260454112283804,0.11897248774766922,1,,,,,,,,,,,,,,,,,,,,,,,,,,visual,0.0,,,,,,,,0.016331996690679012,-0.016035761684179306,-0.016331996690679012,-0.016618577763438225,-0.016549407690763473,-0.016471590474247934,-0.016409737057983875,-0.016332220286130905,-0.016254176385700703,-0.01619259938597679,-0.016111655384302138,0.00010439325106997201,0.00020343907274343202,0.00020343907274343202,0.0001617177736529854,-0.0,-0.0001617177736529854,-0.0003408816992305219,-0.0002472454955568537,-0.00019233716011513025,-0.00017178246343974024,-0.0001551764871692285,-0.00014418081991607323,-0.00013980553485453128,-0.00013600238191429522,2.400763783384899e-05,,,,,,,,,,,,,6.896114501833634e-06,0,,,,,,,,,,,,,,,,,,,,,,,,,,,,,,,,,,,,,,,filter,,,,,,,43,,,,,,,,,,,,,,,,,,,,,,,,,AB
,,,,,,,,,,,,,,,,,,,,,,,,,,,Toys,0.034411513979818315,0.035697270184755325,0.034411513979818315,0.027717886492609978,0.03081108331680298,0.032904195785522464,0.03387484699487686,0.03471379354596138,0.03523071110248566,0.035482116788625714,0.03568005256354809,0.00108639012594954,0.028957687318325043,,,,,,,,,,,,,,,,,,,,,,,,,0.7960713745488381,0.7975563406944275,0.7960713745488381,0.7894663214683533,0.7925676345825196,0.7945859432220459,0.7955451309680939,0.7963729500770569,0.7968637943267822,0.7971239686012268,0.7973708057403565,0.0010660459235384443,0.7490867376327515,2,,,,,,,,,,,,,,,,,,,,,,,,,,visual,0.0,,,,,,,,0.016331198830612043,-0.016033142805099487,-0.016331198830612043,-0.01661711186170578,-0.016549187377095223,-0.0164711844176054,-0.01640906371176243,-0.016331832855939865,-0.016253136098384857,-0.016191146150231362,-0.016110132709145547,0.00010478526853849878,-0.00019551072843739366,-0.00019551072843739366,5.334334076348834e-05,-0.0,-5.334334076348834e-05,-0.00011244136840105057,-8.155505202012137e-05,-6.344328285194934e-05,-5.666322431352455e-05,-5.118566696182825e-05,-4.75586984975962e-05,-4.611548793036491e-05,-4.486100238864309e-05,7.919028170152063e-06,,,,,,,,,,,,,1.1364539110929346e-06,0,,,,,,,,,,,,,,,,,,,,,,,,,,,,,,,,,,,,,,,filter,,,,,,,43,,,,,,,,,,,,,,,,,,,,,,,,,AB
,,,,,,,,,,,,,,,,,,,,,,,,,,,Toys,0.030961692986294795,0.03225349634885788,0.030961692986294795,0.02515195682644844,0.027409408017992975,0.02936522290110588,0.03041258081793785,0.03129907697439194,0.03178320825099945,0.03203997910022736,0.03223935566842556,0.0011061457221970313,0.02923765778541565,,,,,,,,,,,,,,,,,,,,,,,,,0.07066070534924315,0.07220346480607986,0.07066070534924315,0.06484770774841309,0.06710455551743508,0.0690507397055626,0.07010776177048683,0.07099276781082153,0.07148842141032219,0.07176565080881118,0.07200958147644997,0.0011173848257538977,0.026578539982438087,3,,,,,,,,,,,,,,,,,,,,,,,,,,visual,0.0,,,,,,,,0.016235860586382392,-0.01592034101486206,-0.016235860586382392,-0.016534481197595596,-0.016466092318296432,-0.01638336218893528,-0.01631831657141447,-0.016236450523138046,-0.016153267584741116,-0.016087818145751952,-0.016001959815621376,0.0001107761112168485,0.0002362299090370197,0.0002362299090370197,0.00011867703056487141,0.000250156968832016,0.00011867703056487141,0.0,9.980572067433969e-05,0.00010259667033096775,0.00010580749221844599,0.00011387668928364292,0.00012606303062057123,0.00014114714576862752,0.00018144178873626517,1.7618070666516082e-05,,,,,,,,,,,,,1.2485488488250685e-06,0,,,,,,,,,,,,,,,,,,,,,,,,,,,,,,,,,,,,,,,filter,,,,,,,43,,,,,,,,,,,,,,,,,,,,,,,,,AB
,,,,,,,,,,,,0.003078244423241802,0.017986120656132698,0.003078244423241802,0.0,4.225406087243755e-07,0.0003827268665190786,0.0010656652739271522,0.002414944116026163,0.0044102054089307785,0.0067564514465630054,0.0114153316244483,0.002603165104361221,0.050219763070344925,1,,Toys,,,,,,,,,,,,,,,,,,,,,,,,,,0.030136469625746932,0.06384113430976868,0.030136469625746932,0.0038066441193223,0.011817650869488716,0.01832507736980915,0.023563699796795845,0.030255228281021118,0.03682921826839447,0.04140589386224747,0.04894408583641052,0.008788101289744103,,,,,,,,,,,,,,,1.0,0.0014847964187948998,0.0024090090300887823,0.0014847964187948998,0.0,0.0006647347414400429,0.0010986522072926163,0.0013199118548072875,0.001522278063930571,0.0016921798815019429,0.0018155825091525912,0.0020143040968105207,0.00028670447088335524,0.0014656218282144676,0.0030137142166495323,0.0014656218282144676,0.00019047829846385866,0.0005865760613232851,0.0009036748087964952,0.0011561383726075292,0.0014748420799151063,0.0017838055500760674,0.0019966682884842157,0.0023432911839336157,0.00041600230322484086,text,,113402,134097.0,0.0,0.0,7.674474639411045e-05,0.0005473261596452938,0.00013312066348603242,,,,,,,,,,,,,,,,,,,,,,,,,,,0.02918416819527821,0.06001002714037895,0.02918416819527821,0.00379220861941576,0.011679624207317829,0.017995310947299004,0.023021234199404716,0.029366731643676758,0.0355210080742836,0.03975960984826088,0.04666033759713173,0.008283634861030781,,,1.001466783032283,1,0.0004159987688308636,1.0030182600021362,1.001466783032283,1.0001904964447021,1.000586748123169,1.0009040832519531,1.0011568069458008,1.0014759302139282,1.001785397529602,1.0019986629486084,1.0023460388183594,0.0004166089487668514,0.17976912365341632,1.0503873825073242,4.731942728949957e-10,-1.0476734638214111,-0.6278198957443237,-0.3125290274620056,-0.13359659910202026,0.01510000228881836,0.14636605978012085,0.2792004346847534,0.5362685918807983,0.23543236874640655,0.001209129049908274,0.007064916659146547,3.3488515042109332e-12,-0.007046662736684084,-0.004222723189741373,-0.0021020735148340464,-0.0008985721506178379,0.00010156277858186513,0.000984459649771452,0.0018779051024466753,0.0036069483030587435,0.0015835206323306186,relation,0.0,0.0,0.0166619885712862,0.017123321071267128,0.006726010702550411,0.022639594972133636,44,0.5098999388643712,1.0000001192092896,0.45920594625485317,-0.89797043800354,-0.462860107421875,-0.053128793835639954,0.23654964566230774,0.5214927792549133,0.7365227937698364,0.8682767152786255,0.9893205761909485,0.3509488617492558,0.011543928092511502,0.022639596834778786,0.010396236632268754,-0.020329687744379044,-0.010478965006768703,-0.0012028143974021077,0.005355388391762972,0.011806385591626167,0.016674578189849854,0.019657433032989502,0.02239781804382801,0.007945340085833563,AB
,,,,,,,,,,,,0.0028889093934117726,0.027574408799409866,0.0028889093934117726,0.0,0.0,0.00034769426565617323,0.0009653093293309212,0.0021417918615043163,0.003975170664489269,0.006423390004783869,0.012521491385996342,0.002684454663202313,0.05079002305865288,1,,Toys,,,,,,,,,,,,,,,,,,,,,,,,,,0.019913778925158408,0.08860022574663162,0.019913778925158408,0.005415242165327072,0.012010835111141205,0.014506345614790916,0.01562465075403452,0.01672833412885666,0.021734030917286873,0.030221963301301003,0.048718616366386414,0.007573587111277004,,,,,,,,,,,,,,,1.0,0.0009598046057214265,0.002469676546752453,0.0009598046057214265,0.0,0.0007309227145742625,0.0008087184862233699,0.0008473556081298739,0.0009118066518567502,0.0010289058554917574,0.0011804334819316864,0.001578690779861064,0.00017305012848296982,0.0009889713238898962,0.004133728798478842,0.0009889713238898962,0.0002735478919930756,0.0006027788622304797,0.000726197671610862,0.0007813499541953206,0.0008356655016541481,0.0010804060148075223,0.0014899593079462647,0.0023594654630869627,0.0003638759087045598,visual,,113402,134097.0,0.0,0.0,5.0054723161109776e-05,0.00035697895539571424,8.494267972681605e-05,,,,,,,,,,,,,,,,,,,,,,,,,,,0.019471767133629758,0.08138912916183472,0.019471767133629758,0.005386075470596552,0.01186828687787056,0.014298920519649982,0.015384277328848839,0.016453102231025696,0.021271711215376854,0.029335390776395798,0.04645537585020065,0.007164319448331809,,,1.0009895268030005,1,0.0003640192233345706,1.0041422843933105,1.0009895268030005,1.000273585319519,1.0006029605865479,1.0007264614105225,1.0007816553115845,1.0008360147476196,1.0010809898376465,1.0014910697937012,1.0023622512817383,0.0003643794301132316,0.147526074449529,0.9973259568214417,-8.988993234860283e-10,-1.408124566078186,-0.6231477856636047,-0.2593768239021301,-0.0924757719039917,0.025035589933395386,0.11963909864425659,0.21575069427490234,0.4303601384162903,0.20138601402765838,0.004602856815244694,0.04393389821052551,2.8168676967919403e-11,-0.03111686185002327,-0.013427362777292728,-0.006731485016644001,-0.0037327748723328114,-0.0007811177638359368,0.002885271329432726,0.008092633448541164,0.019442394375801086,0.006283302735026327,relation,0.0,0.0,0.01705051027238369,0.019582364708185196,-0.031200293451547623,-4.840713882003911e-05,44,0.5667998346291203,1.0000001192092896,0.5296899627230374,-0.8553848266601562,-0.4345650374889374,0.040664173662662506,0.34375929832458496,0.6163930296897888,0.7872841358184814,0.8805205821990967,0.9629803895950317,0.3313998206137826,2.7437158276101594e-05,4.140673263464123e-05,-2.564077555390466e-05,-4.840714609599672e-05,-4.661512502934784e-05,-4.262348375050351e-05,-3.811017086263746e-05,-2.9837823603884317e-05,-1.664040428295266e-05,-1.9684362086991314e-06,2.1036050384282134e-05,1.604211711937867e-05,AB
,,,,,,,,,,,,,,,,,,,,,,,,,,,Toys,0.006842419787610004,0.01576465740799904,0.003236500591732243,-0.014632152393460274,-0.01179081629961729,-0.0072895967401564125,-0.0025975361932069063,0.004423012491315603,0.009402845054864883,0.011981033161282541,0.014203668832778934,0.007162627295189822,-0.0019138100324198604,,,,,,,,,,,,,,,,,,,,,,,,,0.1923420459392077,0.20469190180301666,0.1923420459392077,0.17508618533611298,0.17783145636320113,0.18211588859558106,0.18664076179265976,0.1934981793165207,0.1983494758605957,0.20083469152450562,0.2029627439379692,0.0069542313623478765,0.12411724030971527,0,,,,,,,,,,,,,,,,,,,,,,,,,,text,0.0,,,,,,,,0.06683406201169871,0.06755344569683075,0.06683406201169871,0.06609917432069778,0.06632730677723885,0.06650046408176422,0.06664376705884933,0.0668243020772934,0.06701308488845825,0.06717880964279174,0.06742181345820426,0.00025563186389516957,-6.5652358982171e-05,-6.5652358982171e-05,6.805131234337587e-05,0.00011040989920729771,6.805131234337587e-05,0.0,3.046617770451121e-05,5.0353519327472895e-05,6.0494308854686096e-05,6.97691721143201e-05,7.755613114568405e-05,8.321192726725713e-05,9.231975200236779e-05,1.3140263035476236e-05,,,,,,,,,,,,,4.8361333841062806e-05,0,,,,,,,,,,,,,,,,,,,,,,,,,,,,,,,,,,,,,,,filter,,,,,,,44,,,,,,,,,,,,,,,,,,,,,,,,,AB
,,,,,,,,,,,,,,,,,,,,,,,,,,,Toys,0.020937900191456922,-0.00777654442936182,-0.020937900191456922,-0.026164956390857697,-0.025822776332497598,-0.02440457195043564,-0.02323092147707939,-0.021424103528261185,-0.019194480031728745,-0.016813512146472927,-0.012116232886910439,0.0030361285616665777,-0.014442122541368008,,,,,,,,,,,,,,,,,,,,,,,,,0.06047908694423262,0.07348877936601639,0.06047908694423262,0.055125873535871506,0.055639290288090705,0.057017961889505385,0.058184342458844185,0.06001066789031029,0.0622185543179512,0.06459146440029144,0.06918886303901672,0.0030183344666446107,0.11839784681797028,1,,,,,,,,,,,,,,,,,,,,,,,,,,text,0.0,,,,,,,,0.022309694107955826,-0.022069362923502922,-0.022309694107955826,-0.022546350955963135,-0.022503244504332543,-0.022423142567276955,-0.022368723526597023,-0.02230648137629032,-0.022247079759836197,-0.02220004126429558,-0.02214283775538206,8.421677306269229e-05,0.0005406420518078924,0.0005406420518078924,0.0002290420613136758,-0.0,-0.0002290420613136758,-0.00037160946521908045,-0.0003107229649322107,-0.0002800685469992459,-0.0002610326773719862,-0.0002348239067941904,-0.00020360726193757728,-0.00016947614494711155,-0.00010254080247250384,4.422652303102884e-05,,,,,,,,,,,,,9.110342952534805e-06,0,,,,,,,,,,,,,,,,,,,,,,,,,,,,,,,,,,,,,,,filter,,,,,,,44,,,,,,,,,,,,,,,,,,,,,,,,,AB
,,,,,,,,,,,,,,,,,,,,,,,,,,,Toys,0.0026964990630855916,2.989458153024316e-06,-0.0026964987741792713,-0.004478718154132366,-0.004019956802949309,-0.003611849620938301,-0.003252262598834932,-0.002768217818811536,-0.0021971844835206866,-0.0016633852617815121,-0.0009569093340542121,0.0007300650264006815,0.0021746738348156214,,,,,,,,,,,,,,,,,,,,,,,,,0.723040578543319,0.7257564663887024,0.723040578543319,0.7212504744529724,0.7216901838779449,0.7221310615539551,0.7224901616573334,0.7229733467102051,0.7235371172428131,0.7240718364715576,0.7247598493099212,0.0007273956889895753,0.7458285689353943,2,,,,,,,,,,,,,,,,,,,,,,,,,,text,0.0,,,,,,,,0.02222772022422586,-0.021977996453642845,-0.02222772022422586,-0.022472163662314415,-0.02242734707891941,-0.022344903275370597,-0.022288599982857704,-0.022224273532629013,-0.022163094952702522,-0.022114270925521852,-0.02205581858754158,8.682647727595095e-05,-0.0012647484385585714,-0.0012647484385585714,3.8446844092920286e-05,-0.0,-3.8446844092920286e-05,-6.237810885068029e-05,-5.215774617681745e-05,-4.701211364590563e-05,-4.381676444609184e-05,-3.9417380321538076e-05,-3.417737752897665e-05,-2.844814989657606e-05,-1.721242817438906e-05,7.423833977971151e-06,,,,,,,,,,,,,5.291044883606189e-07,0,,,,,,,,,,,,,,,,,,,,,,,,,,,,,,,,,,,,,,,filter,,,,,,,44,,,,,,,,,,,,,,,,,,,,,,,,,AB
,,,,,,,,,,,,,,,,,,,,,,,,,,,Toys,0.0014256833360227121,0.006047911010682583,3.935445692861828e-05,-0.005052612163126469,-0.0032304837042465805,-0.001998076355084777,-0.001223643368575722,-0.00029931950848549604,0.0011160430149175227,0.0027178724296391043,0.0045195902977138765,0.0017862070376248346,0.00589330168440938,,,,,,,,,,,,,,,,,,,,,,,,,0.007843708516048832,0.013659214600920677,0.007843708516048832,0.002853271085768938,0.004641423374414444,0.005860629677772522,0.006614635931327939,0.007516012992709875,0.008889411110430956,0.010455079190433026,0.012247410342097283,0.0017450174776830554,0.024008262902498245,3,,,,,,,,,,,,,,,,,,,,,,,,,,text,0.0,,,,,,,,0.022296647683567226,-0.022051816806197166,-0.022296647683567226,-0.022534945979714394,-0.022491242326796054,-0.02241079546511173,-0.022355985827744007,-0.02229318767786026,-0.02223370037972927,-0.022186051309108733,-0.022129278481006622,8.459556636583747e-05,0.003114687119391196,0.003114687119391196,0.0001994376187807815,0.00032357769669033587,0.0001994376187807815,0.0,8.928706374717876e-05,0.0001475707860663533,0.00017729035607771948,0.00020447213319130242,0.00022729333431925625,0.00024386875447817148,0.00027056100021582107,3.851009892056781e-05,,,,,,,,,,,,,3.0450859974193328e-06,0,,,,,,,,,,,,,,,,,,,,,,,,,,,,,,,,,,,,,,,filter,,,,,,,44,,,,,,,,,,,,,,,,,,,,,,,,,AB
,,,,,,,,,,,,,,,,,,,,,,,,,,,Toys,0.037934863092848055,-0.034819088876247406,-0.037934863092848055,-0.038645632565021515,-0.03851709008216858,-0.03836666792631149,-0.0382427666336298,-0.038043081760406494,-0.03772844187915325,-0.03735402375459671,-0.03654686138033867,0.0004308396240945255,-0.02781800553202629,,,,,,,,,,,,,,,,,,,,,,,,,0.10886241672738332,0.11198675632476807,0.10886241672738332,0.10787207633256912,0.10821159958839416,0.10845826864242554,0.10861261561512947,0.10880324989557266,0.1090434230864048,0.109335857629776,0.11006242170929909,0.00037471392581145445,0.12411724030971527,0,,,,,,,,,,,,,,,,,,,,,,,,,,visual,0.0,,,,,,,,0.05046511004442868,0.05109695345163345,0.05046511004442868,0.04951492324471474,0.049902747571468356,0.0501344308257103,0.05029148608446121,0.05048765242099762,0.05064915120601654,0.05076074227690697,0.050915177315473556,0.00023926045871560468,0.0002779667504400925,0.0002779667504400925,3.29387364174988e-05,8.475477807223797e-05,3.29387364174988e-05,0.0,2.508392892195843e-05,2.7753737595048732e-05,2.907969246734865e-05,3.129153628833592e-05,3.531016409397125e-05,4.0510316466679797e-05,5.417777669208594e-05,5.938763509223408e-06,,,,,,,,,,,,,1.4041052619703217e-07,0,,,,,,,,,,,,,,,,,,,,,,,,,,,,,,,,,,,,,,,filter,,,,,,,44,,,,,,,,,,,,,,,,,,,,,,,,,AB
,,,,,,,,,,,,,,,,,,,,,,,,,,,Toys,0.014448803086616828,-0.0018409369513392448,-0.014448803086616828,-0.022831061854958534,-0.021273196637630463,-0.018429379910230637,-0.01661896612495184,-0.014622620306909084,-0.012397060636430979,-0.010294153727591036,-0.006492828726768493,0.0031707451668100666,-0.007180893328040838,,,,,,,,,,,,,,,,,,,,,,,,,0.0798127212542991,0.09254417568445206,0.0798127212542991,0.0713413804769516,0.07295814126729966,0.07580121159553528,0.07762552425265312,0.07964012026786804,0.08188648894429207,0.08402315378189087,0.08785472854971886,0.003202609794308588,0.11839784681797028,1,,,,,,,,,,,,,,,,,,,,,,,,,,visual,0.0,,,,,,,,0.01685233295286053,-0.016536477953195572,-0.01685233295286053,-0.017062483355402946,-0.01699921306222677,-0.016949502006173133,-0.016912578605115414,-0.016859646886587143,-0.016795992851257324,-0.016743795573711397,-0.01666739948093891,7.849435852227007e-05,0.0003353288698210231,0.0003353288698210231,0.00010309762781989997,-0.0,-0.00010309762781989997,-0.00026528086164034903,-0.00016957542160525918,-0.0001267965300939977,-0.00011052015543100424,-9.794192010303959e-05,-9.101889008888975e-05,-8.686868095537647e-05,-7.85122255911119e-05,1.8588218468108772e-05,,,,,,,,,,,,,1.0256709494601297e-05,0,,,,,,,,,,,,,,,,,,,,,,,,,,,,,,,,,,,,,,,filter,,,,,,,44,,,,,,,,,,,,,,,,,,,,,,,,,AB
,,,,,,,,,,,,,,,,,,,,,,,,,,,Toys,0.03302348531498213,0.034478988498449326,0.03302348531498213,0.027810677886009216,0.029739739298820497,0.031391724944114685,0.03243461064994335,0.03333044797182083,0.033858755603432655,0.03415985926985741,0.03443763822317123,0.001103877096662789,0.026356950402259827,,,,,,,,,,,,,,,,,,,,,,,,,0.7883325254666572,0.7899786233901978,0.7883325254666572,0.7832109928131104,0.7851033556461334,0.7867053031921387,0.7877433896064758,0.788637638092041,0.7891598343849182,0.7894670367240906,0.789783730506897,0.001098562714327647,0.7458285689353943,2,,,,,,,,,,,,,,,,,,,,,,,,,,visual,0.0,,,,,,,,0.01685527178919468,-0.016545837745070457,-0.01685527178919468,-0.01706111989915371,-0.01700277168303728,-0.016952088847756386,-0.016915371641516685,-0.016862692311406136,-0.016798371449112892,-0.016746911406517028,-0.016671283841133117,7.829861544644563e-05,-0.00017033790402013678,-0.00017033790402013678,2.1192312735056313e-05,-0.0,-2.1192312735056313e-05,-5.4530013585463166e-05,-3.485720728349406e-05,-2.6063758923555724e-05,-2.271805533382576e-05,-2.0132527424721047e-05,-1.8709459254750982e-05,-1.7856358317658303e-05,-1.613864154933253e-05,3.820915654734371e-06,,,,,,,,,,,,,1.2068400373109273e-06,0,,,,,,,,,,,,,,,,,,,,,,,,,,,,,,,,,,,,,,,filter,,,,,,,44,,,,,,,,,,,,,,,,,,,,,,,,,AB
,,,,,,,,,,,,,,,,,,,,,,,,,,,Toys,0.029163849018073135,0.030678894370794296,0.029163849018073135,0.023521777242422104,0.025917780585587025,0.02752184048295021,0.028560670092701912,0.02945663221180439,0.030013732612133026,0.03032875433564186,0.030637557692825793,0.001114637177653135,0.026645008474588394,,,,,,,,,,,,,,,,,,,,,,,,,0.06315096629219633,0.0648994892835617,0.06315096629219633,0.05742017552256584,0.059928562864661215,0.0615048423409462,0.06254425644874573,0.06343959271907806,0.06399626284837723,0.064324551820755,0.06467007651925087,0.0011148497023395194,0.024008262902498245,3,,,,,,,,,,,,,,,,,,,,,,,,,,visual,0.0,,,,,,,,0.016757505301563426,-0.016432614997029305,-0.016757505301563426,-0.01697334088385105,-0.016913488544523715,-0.016859690472483636,-0.016821053810417652,-0.016765354201197624,-0.016697535291314125,-0.016643427312374115,-0.016563277281820773,8.263620839141868e-05,0.0009165606240230459,0.0009165606240230459,9.135119770696298e-05,0.00023505609715357423,9.135119770696298e-05,0.0,6.956693629035726e-05,7.697129185544327e-05,8.064864960033447e-05,8.678290760144591e-05,9.792803757591173e-05,0.00011234996345592663,0.0001502548408461736,1.6470369517652052e-05,,,,,,,,,,,,,1.242889858806515e-06,0,,,,,,,,,,,,,,,,,,,,,,,,,,,,,,,,,,,,,,,filter,,,,,,,44,,,,,,,,,,,,,,,,,,,,,,,,,AB
,,,,,,,,,,,,0.01543539691250565,-0.0,-0.01543539691250565,-0.09584123641252518,-0.058551590889692307,-0.03314020484685898,-0.021605217829346657,-0.012176483869552612,-0.00573718105442822,-0.002168449340388179,-0.00013460562331601977,0.01298304448214794,0.053280673921108246,1,,Grocery,,,,,,,,,,,,,,,,,,,,,,,,,,0.058347766055772896,0.10895605385303497,0.02639758427068324,-0.2721482813358307,-0.16547614336013794,-0.06828966736793518,0.0005636315327137709,0.049733273684978485,0.0699432771652937,0.07923656702041626,0.08971929550170898,0.060666530034702335,,,,,,,,,,,,,,,nan,0.0028117574122148237,0.00682924734428525,0.0028117574122148237,1.2709746215477935e-06,0.00031626032752683384,0.0016260777483694255,0.002256428764667362,0.002890427364036441,0.0034370493376627564,0.003851973731070757,0.004955270108766857,0.0009158697807490876,0.0028946500791834644,0.005234820768237114,0.0013463578696408106,-0.011398239061236382,-0.0075648934580385685,-0.0034059404861181974,3.0010488444531802e-05,0.0025242867413908243,0.0034830340882763267,0.00391182117164135,0.00438668392598629,0.002946019861273332,text,,142262,159336.0,0.0,0.0,0.00015210508532721972,0.00167880255258504,0.00024318934572571457,,,,,,,,,,,,,,,,,,,,,,,,,,,0.05432832909213502,0.09825100749731064,0.02526915844859727,-0.21392811834812164,-0.1419815868139267,-0.06392429769039154,0.0005633139953715727,0.04737705737352371,0.06537101417779922,0.07341909408569336,0.08233248442411423,0.05529246566545278,,,1.001351604148308,1,0.002940086678036709,1.0052485466003418,1.001351604148308,0.9886664748191833,0.9924636483192444,0.9965998530387878,1.0000300109386444,1.0025274753570557,1.0034891068935394,1.0039194822311401,1.0043963193893433,0.002944060511390069,0.2404258541728499,1.2395344972610474,9.955309493875793e-10,-1.4928486347198486,-0.9007781744003296,-0.44237619638442993,-0.1616959199309349,0.05277860164642334,0.20290088653564453,0.3429771661758423,0.6196938157081604,0.314166351262247,0.020914291879071883,0.10782528668642044,8.796495014684261e-11,-0.12986071407794952,-0.07835736870765686,-0.03848165646195412,-0.014065690571442246,0.00459113297984004,0.017650050576776266,0.029835080727934837,0.05390625447034836,0.027328869399261827,relation,0.0,0.0,0.013841548934578896,-0.06420023739337921,0.08698853105306625,0.06692049652338028,42,0.5302805355330146,1.0,0.4182789145933068,-0.9327329993247986,-0.6957517266273499,-0.2415887415409088,0.14211931824684143,0.5227277278900146,0.7669211626052856,0.8922914862632751,0.9932375550270081,0.4296671082689279,0.03548663673495956,0.06692049652338028,0.027991432649696554,-0.06241895630955696,-0.046560052782297134,-0.016167238354682922,0.009510695235803723,0.034981198608875275,0.051322744227945805,0.05971258878707886,0.06646794825792313,0.02875353622547757,AB
,,,,,,,,,,,,0.005170157505265041,-0.0,-0.005170157505265041,-0.028076114133000374,-0.01758728176355362,-0.010980658233165741,-0.0074417657451704144,-0.004254769533872604,-0.001914358203066513,-0.0007501307991333306,-4.6278597437776625e-05,0.004097770546549997,0.05340764299035072,1,,Grocery,,,,,,,,,,,,,,,,,,,,,,,,,,0.04941022525424838,0.13184413313865662,0.03377840425310624,-0.14397203922271729,-0.08746662735939026,-0.03378397226333618,0.005928974598646164,0.04434646666049957,0.06916314736008644,0.08232307434082031,0.10113847255706787,0.04496551113718944,,,,,,,,,,,,,,,nan,0.002457638349974783,0.005545112304389477,0.002457638349974783,7.099756089701259e-07,0.00021121141850017011,0.0012663908419199288,0.0018844801816157997,0.0024764573900029063,0.0031043989001773298,0.003626737324520946,0.0042613002052530645,0.0008997242317399036,0.0024812180237036795,0.006221214309334755,0.001689266995909396,-0.0067215049639344215,-0.0042956811375916,-0.0017453753389418125,0.0003147821989841759,0.00226788641884923,0.003454908961430192,0.004062258172780275,0.004905451089143753,0.0022379472810992768,visual,,142262,159336.0,0.0,0.0,0.00012971424563443864,0.0014316720983343005,0.0002136067293814702,,,,,,,,,,,,,,,,,,,,,,,,,,,0.046458111883909525,0.11648611724376678,0.03162968895987383,-0.1258527636528015,-0.08043155074119568,-0.03267991542816162,0.005894029280170798,0.04246336594223976,0.06468904763460159,0.07606145739555359,0.09184900671243668,0.04190313121545362,,,1.0016932014503557,1,0.002235805951555926,1.0062406063079834,1.0016932014503557,0.9933010339736938,0.9957135319709778,0.9982561469078064,1.0003148317337036,1.0022704601287842,1.0034608840942383,1.004070520401001,1.0049175024032593,0.0022395916214380503,0.23582393773731855,1.1639370918273926,-4.2358018687594233e-10,-1.2806224822998047,-0.7835321426391602,-0.4171508550643921,-0.18048541247844696,0.034352272748947144,0.20334875583648682,0.3546036183834076,0.62957364320755,0.3009121980566624,0.015714190807603,0.07755925506353378,-2.7871258622829994e-11,-0.08533462136983871,-0.05221087113022804,-0.02779695764183998,-0.012026693439111114,0.0022890728432685137,0.013550198404118419,0.02362910658121109,0.04195180535316467,0.020051364344073334,relation,0.0,0.0,0.0184735469520092,-0.02192380279302597,0.06663526594638824,0.06132924556732178,42,0.4530138317624715,1.000000238418579,0.33385401328157777,-0.9215274453163147,-0.6427809000015259,-0.26171231269836426,0.044502489268779755,0.38281816244125366,0.6629682779312134,0.8482696413993835,0.9981486797332764,0.4122909359011298,0.027782996534643375,0.06132926046848297,0.020475014760574166,-0.056516584008932114,-0.03942126780748367,-0.016050618141889572,0.0027293041348457336,0.0234779492020607,0.0406593456864357,0.052023738622665405,0.061215706169605255,0.025285492055869344,AB
,,,,,,,,,,,,,,,,,,,,,,,,,,,Grocery,0.04848037922892995,0.054596006870269775,0.04848037922892995,0.0026819943450391293,0.024332620762288572,0.04024613164365291,0.04644834715873003,0.05055512487888336,0.052788409404456615,0.053746432065963745,0.05435896221548319,0.006285914175130191,0.032922111451625824,,,,,,,,,,,,,,,,,,,,,,,,,0.3081691062019625,0.31440088152885437,0.3081691062019625,0.2630366384983063,0.28448028534650804,0.300254887342453,0.30631987005472183,0.3102487772703171,0.3122612312436104,0.3130990654230118,0.31370684385299685,0.006070822260736987,0.13603267073631287,0,,,,,,,,,,,,,,,,,,,,,,,,,,text,0.0,,,,,,,,0.09019552102589322,0.09125174582004547,0.09019552102589322,0.08919229358434677,0.08949744626879692,0.08975919783115387,0.0899562444537878,0.09019215777516365,0.09042835608124733,0.0906427912414074,0.09092855386435986,0.0003314225739594766,0.0037093897569524877,0.0037093897569524877,0.0005384163885726995,0.0013077154289931059,0.0005384163885726995,2.433757515518664e-07,6.0559894955076736e-05,0.00031137357000261546,0.00043207788257859647,0.0005534806987270713,0.0006581519555766135,0.0007376047899015248,0.0009488722973037517,0.0001753776118527552,,,,,,,,,,,,,3.685488292145974e-05,0,,,,,,,,,,,,,,,,,,,,,,,,,,,,,,,,,,,,,,,filter,,,,,,,42,,,,,,,,,,,,,,,,,,,,,,,,,AB
,,,,,,,,,,,,,,,,,,,,,,,,,,,Grocery,0.007541670244566976,-0.0035595532972365618,-0.007541670244566976,-0.010883755050599575,-0.010052794981747866,-0.009133260138332844,-0.008454563794657588,-0.007556399796158075,-0.006638554856181145,-0.005930608324706554,-0.004982329504564404,0.001209293625247559,-0.01145724207162857,,,,,,,,,,,,,,,,,,,,,,,,,0.06947913092152079,0.07350780069828033,0.06947913092152079,0.06629253178834915,0.06707920879125595,0.06795520558953286,0.06860693357884884,0.06946774572134018,0.07033926621079445,0.07101500108838081,0.0719130963087082,0.0011537529770606991,0.11827688664197922,1,,,,,,,,,,,,,,,,,,,,,,,,,,text,0.0,,,,,,,,0.02959632968532895,-0.02920966036617756,-0.02959632968532895,-0.03002287447452545,-0.02987413490191102,-0.029764881171286107,-0.02968463022261858,-0.029594164341688156,-0.029505827464163303,-0.029432137869298457,-0.029328102692961693,0.00012550283697882893,0.00859423739098146,0.00859423739098146,0.0002025137602736033,-9.15405635737443e-08,-0.0002025137602736033,-0.0004918691120110452,-0.00035689792886842045,-0.0002774342108750716,-0.00024754973128437996,-0.00020817988115595654,-0.0001625168188184034,-0.00011711647457559592,-2.2778304028179193e-05,6.596452178866424e-05,,,,,,,,,,,,,1.3311459320764261e-06,0,,,,,,,,,,,,,,,,,,,,,,,,,,,,,,,,,,,,,,,filter,,,,,,,42,,,,,,,,,,,,,,,,,,,,,,,,,AB
,,,,,,,,,,,,,,,,,,,,,,,,,,,Grocery,0.052519785588079404,-0.012347346171736717,-0.052519785588079404,-0.06373617053031921,-0.0634762194007635,-0.06155921071767807,-0.0593233210965991,-0.05492112599313259,-0.04810054134577513,-0.03944138213992118,-0.025455047544091936,0.008875140652117704,-0.02910442277789116,,,,,,,,,,,,,,,,,,,,,,,,,0.6321134239634181,0.6720268726348877,0.6321134239634181,0.6206814050674438,0.6212152194976807,0.6231455445289612,0.625353679060936,0.6297314167022705,0.6364990621805191,0.6451000392436981,0.6591004741191864,0.008826860294990333,0.7436651587486267,2,,,,,,,,,,,,,,,,,,,,,,,,,,text,0.0,,,,,,,,0.02970061710564062,-0.029332902282476425,-0.02970061710564062,-0.030079104006290436,-0.029968067687004805,-0.02986417282372713,-0.029786134604364634,-0.02970000822097063,-0.029613377060741186,-0.029540902003645897,-0.029444122742861508,0.00012154927469990045,0.0008929467551539468,0.0008929467551539468,0.00022692046009376913,-1.0257291904736121e-07,-0.00022692046009376913,-0.0005511485505849123,-0.0003999108020798303,-0.0003108702163444832,-0.00027738411154132336,-0.00023326944938162342,-0.00018210312919109128,-0.0001312312000663951,-2.5523516360408315e-05,7.391448176218144e-05,,,,,,,,,,,,,7.791346266727682e-05,0,,,,,,,,,,,,,,,,,,,,,,,,,,,,,,,,,,,,,,,filter,,,,,,,42,,,,,,,,,,,,,,,,,,,,,,,,,AB
,,,,,,,,,,,,,,,,,,,,,,,,,,,Grocery,0.056552878253873624,-0.0076744696125388145,-0.056552878253873624,-0.0725732147693634,-0.07231847800314427,-0.06945577412843704,-0.06589863076806068,-0.059235960245132446,-0.04975839238613844,-0.03922511450946331,-0.02203951857984064,0.011861126527854558,-0.037715423852205276,,,,,,,,,,,,,,,,,,,,,,,,,0.1071466617580755,-0.05844070017337799,-0.1071466617580755,-0.12332756817340851,-0.1228694636374712,-0.12002275213599205,-0.11646541580557823,-0.10982587188482285,-0.10035286657512188,-0.08986899629235268,-0.07278568953275678,0.01182942391714824,0.018129197880625725,3,,,,,,,,,,,,,,,,,,,,,,,,,,text,1.0,,,,,,,,0.030898574336379665,-0.03063058666884899,-0.030898574336379665,-0.03117174655199051,-0.031087859403342008,-0.031015138141810894,-0.030959337949752808,-0.030899014323949814,-0.0308367433026433,-0.030783389508724213,-0.030714512020349503,8.665678847576368e-05,0.0002972856917605615,0.0002972856917605615,0.00010898211194535626,-4.926225116719252e-08,-0.00010898211194535626,-0.0002646977372933179,-0.00019206344324629754,-0.000149300298653543,-0.00013321806545718573,-0.00011203131361980923,-8.745788545638788e-05,-6.302584442892112e-05,-1.2258069109520837e-05,3.549858982252313e-05,,,,,,,,,,,,,0.0001399352702115988,0,,,,,,,,,,,,,,,,,,,,,,,,,,,,,,,,,,,,,,,filter,,,,,,,42,,,,,,,,,,,,,,,,,,,,,,,,,AB
,,,,,,,,,,,,,,,,,,,,,,,,,,,Grocery,0.008679777984973821,0.011493893340229988,-0.008403748128502496,-0.015752246603369713,-0.014361619260162115,-0.01234607445076108,-0.010925478069111705,-0.009222730062901974,-0.0068806171184405684,-0.0032209778204560216,0.004728122255764906,0.0038696029580166666,-0.017466219142079353,,,,,,,,,,,,,,,,,,,,,,,,,0.16614798178637322,0.18422523140907288,0.16614798178637322,0.15983977913856506,0.16106869295239448,0.16278439164161682,0.16402653232216835,0.16545172035694122,0.1673038750886917,0.17055135369300842,0.17805047646164895,0.0033668033463745035,0.13603267073631287,0,,,,,,,,,,,,,,,,,,,,,,,,,,visual,0.0,,,,,,,,0.05576405222358044,0.05738634616136551,0.05576405222358044,0.053361278027296066,0.05410557840019464,0.054811641201376916,0.05527422018349171,0.05579755641520023,0.056297626346349716,0.05667699910700321,0.057035380564630034,0.0007003004162213576,0.0017796800918913381,0.0017796800918913381,0.0002212242121300837,0.0004991430905647576,0.0002212242121300837,6.390842344217162e-08,1.901218667626381e-05,0.00011399411814636551,0.00016963140296866186,0.00022291820641839877,0.00027944233443122357,0.00032646060863044117,0.0003835807688301429,8.098863873746692e-05,,,,,,,,,,,,,1.1335364773158555e-05,0,,,,,,,,,,,,,,,,,,,,,,,,,,,,,,,,,,,,,,,filter,,,,,,,42,,,,,,,,,,,,,,,,,,,,,,,,,AB
,,,,,,,,,,,,,,,,,,,,,,,,,,,Grocery,0.012809677526060895,-0.0021687003318220377,-0.012809677526060895,-0.019300952553749084,-0.01881694043055177,-0.016634461097419263,-0.015028359135612845,-0.012947944924235344,-0.010763789992779493,-0.008752012532204388,-0.005698908925987778,0.002991793824386633,-0.007059120107442141,,,,,,,,,,,,,,,,,,,,,,,,,0.07970876276713003,0.09024185687303543,0.07970876276713003,0.07289236038923264,0.07376461632549763,0.07596596628427506,0.07755210250616074,0.07959281653165817,0.08169814758002758,0.08365009054541588,0.08660655111074447,0.002919807726996148,0.11827688664197922,1,,,,,,,,,,,,,,,,,,,,,,,,,,visual,0.0,,,,,,,,0.018602833560695968,-0.01780848018825054,-0.018602833560695968,-0.01914001628756523,-0.01902408879250288,-0.018905244208872317,-0.018779735546559095,-0.018614056520164013,-0.018440576270222664,-0.01828765757381916,-0.018053311351686717,0.00023193723738631835,4.2973420094001716e-05,4.2973420094001716e-05,9.649313680131687e-05,-2.787544950422216e-08,-9.649313680131687e-05,-0.00021771523461211473,-0.0001673094964644406,-0.0001423949404852465,-0.00012188660184619948,-9.723201947053894e-05,-7.39894876460312e-05,-4.9721727918949896e-05,-8.292697903016229e-06,3.532546329033361e-05,,,,,,,,,,,,,8.525277162626414e-06,0,,,,,,,,,,,,,,,,,,,,,,,,,,,,,,,,,,,,,,,filter,,,,,,,42,,,,,,,,,,,,,,,,,,,,,,,,,AB
,,,,,,,,,,,,,,,,,,,,,,,,,,,Grocery,0.03273868619940963,0.03437650948762894,0.03273868619940963,0.0220675989985466,0.027928967028856277,0.030550223030149936,0.031955950893461704,0.03324592486023903,0.03391005098819733,0.034185674786567685,0.034368798024952414,0.0015418748195782416,0.024982446804642677,,,,,,,,,,,,,,,,,,,,,,,,,0.7825252891208244,0.7848027944564819,0.7825252891208244,0.7714680433273315,0.777576574087143,0.7803098976612091,0.7817691415548325,0.7830244302749634,0.7836896926164627,0.7840107321739197,0.7844047701358795,0.0015862130254541053,0.7436651587486267,2,,,,,,,,,,,,,,,,,,,,,,,,,,visual,0.0,,,,,,,,0.018609208861906795,-0.01781408302485943,-0.018609208861906795,-0.01914459839463234,-0.019029091261327267,-0.018910521268844606,-0.01878514140844345,-0.018620005808770657,-0.018447311129420996,-0.018294697813689708,-0.018061738964170217,0.00023108922438843575,0.0007802915272606565,0.0007802915272606565,0.0002517991767224853,-7.274108071442242e-08,-0.0002517991767224853,-0.0005681286565959454,-0.0004365947001497261,-0.00037158009072300045,-0.000318063517624978,-0.000253727295785211,-0.00019307582260807976,-0.0001297490234719589,-2.1639824717567524e-05,9.218191965154765e-05,,,,,,,,,,,,,2.5160717621202666e-06,0,,,,,,,,,,,,,,,,,,,,,,,,,,,,,,,,,,,,,,,filter,,,,,,,42,,,,,,,,,,,,,,,,,,,,,,,,,AB
,,,,,,,,,,,,,,,,,,,,,,,,,,,Grocery,0.025000675889909185,0.026022734120488167,0.025000675889909185,0.01651475764811039,0.021595810577273368,0.02349456734955311,0.02445476921275258,0.025398345664143562,0.02581384778022766,0.025954094156622885,0.026022014282643793,0.0010863834707133479,0.022691022604703903,,,,,,,,,,,,,,,,,,,,,,,,,0.04739595280694671,0.049208056181669235,0.04739595280694671,0.03868148475885391,0.043677708879113195,0.045827267318964006,0.04686463437974453,0.047775302082300186,0.048200574703514576,0.04844944700598717,0.04878923401236534,0.0011550520837075393,0.018129197880625725,3,,,,,,,,,,,,,,,,,,,,,,,,,,visual,0.0,,,,,,,,0.01855200978712293,-0.017738711088895798,-0.01855200978712293,-0.019101722165942192,-0.018983366675674917,-0.018861369229853153,-0.01873285137116909,-0.01856297254562378,-0.01838585687801242,-0.018229257315397263,-0.01799046128988266,0.0002372857149311758,0.004575089831362078,0.004575089831362078,0.00012706811243887007,0.0002867008442990482,0.00012706811243887007,3.670811210554348e-08,1.0920335771515966e-05,6.547663651872427e-05,9.743391638039611e-05,0.00012804112338926643,0.0001605077959538903,0.00018751443712972105,0.00022032345688785426,4.651874832676735e-05,,,,,,,,,,,,,1.3341453160771286e-06,0,,,,,,,,,,,,,,,,,,,,,,,,,,,,,,,,,,,,,,,filter,,,,,,,42,,,,,,,,,,,,,,,,,,,,,,,,,AB
,,,,,,,,,,,,0.009864142461277738,-0.0,-0.009864142461277738,-0.06923788040876389,-0.04036825895309448,-0.0213173795491457,-0.013631505891680717,-0.0075895595364272594,-0.003541052748914808,-0.0013476517051458359,-8.73223616508767e-05,0.008658348675845539,0.051326118409633636,1,,Grocery,,,,,,,,,,,,,,,,,,,,,,,,,,0.04387888539009486,0.07599089294672012,0.03012580765618835,-0.17457877099514008,-0.09740502387285233,-0.026931820437312126,0.01739436946809292,0.04517492651939392,0.05573730729520321,0.060292892158031464,0.06589481979608536,0.03740047309378468,,,,,,,,,,,,,,,nan,0.0021412939706324115,0.004468169063329697,0.0021412939706324115,5.964561182736361e-07,0.00029354794591199604,0.0013270877301692964,0.0017889660084620118,0.0022433517733588815,0.002586116665042937,0.0028066964587196708,0.0032468263013288408,0.0006082485683320857,0.0021402467103625532,0.00362489465624094,0.0014756434217144388,-0.0076286764815449715,-0.004555692430585623,-0.0013460632180795074,0.0008775018795859069,0.0022184066474437714,0.002709767082706094,0.0029186292085796595,0.00317308004014194,0.0018033494550850685,text,,142262,159336.0,0.0,0.0,0.00010233074664952586,0.00112943704882439,0.00017054445021091882,,,,,,,,,,,,,,,,,,,,,,,,,,,0.04169897800182333,0.07062410563230515,0.028750339418320277,-0.14863096177577972,-0.0887594074010849,-0.02622552029788494,0.017096978146582842,0.04322235658764839,0.05279467534273863,0.05686437711119652,0.06182112544775009,0.035135124026634094,,,1.0014783595261612,1,0.001800643374840126,1.0036314725875854,1.0014783595261612,0.9924003481864929,0.9954546689987183,0.998654842376709,1.0008778870105743,1.002220869064331,1.0027134418487549,1.0029228925704956,1.0031781196594238,0.0018033053731283406,0.23000211769035056,1.103798747062683,-5.581113962526423e-10,-1.6144189834594727,-0.9333258867263794,-0.42466074228286743,-0.14259250089526176,0.05200999975204468,0.19453969597816467,0.3273560404777527,0.5892775654792786,0.3060378859698165,0.013374875251694623,0.06418710947036743,-3.4151694679484246e-11,-0.09388023614883423,-0.05427392199635506,-0.02469448745250702,-0.008291910169646144,0.0030244383960962296,0.011312696617096663,0.01903611235320568,0.034267134964466095,0.017796438521453715,relation,0.0,0.0,0.021405229344964027,-0.04288718104362488,0.05815109610557556,0.0386795699596405,43,0.5686149994839196,1.0,0.4804789995271588,-0.9297925233840942,-0.6728667616844177,-0.15646637976169586,0.23846231028437614,0.5970926284790039,0.811004027724266,0.9113730788230896,0.9935368895530701,0.4142620085157275,0.02199378365767991,0.0386795699596405,0.01858472108020558,-0.03596397489309311,-0.026026196777820587,-0.006052052136510611,0.009223619475960732,0.023095285519957542,0.031369288451969624,0.035251520574092865,0.03842958062887192,0.016023476345185198,AB
,,,,,,,,,,,,0.0007870231830657331,-0.0,-0.0007870231830657331,-0.0047641322016716,-0.002970155794173479,-0.0016640607500448823,-0.0010938702034763992,-0.0006303267437033355,-0.0003001010700245388,-0.0001167239825008437,-7.77581772126723e-06,0.0006513037226943324,0.0509636364877224,1,,Grocery,,,,,,,,,,,,,,,,,,,,,,,,,,0.033381962395521644,0.06597498804330826,0.033017013098118775,-0.02768895961344242,-0.007480733096599579,0.011845745146274567,0.024261117447167635,0.03623828664422035,0.04426834546029568,0.048838913440704346,0.05483188480138779,0.014482428773513916,,,,,,,,,,,,,,,nan,0.0016419084232162356,0.002695296425372362,0.0016419084232162356,4.341978183219908e-06,0.00036738202499691396,0.0010714138741604983,0.0013848700909875333,0.0016950458521023393,0.0019599670195020735,0.0021544481394812466,0.002408410254865885,0.0004349275641024186,0.0016376686583648079,0.003154185600578785,0.0016192605904254238,-0.0013731007929891348,-0.00037844188045710325,0.0005965837044641376,0.0012071294186171144,0.0017822586232796311,0.0021604786161333323,0.0023731421679258347,0.0026491330936551094,0.0006998785754848599,visual,,142262,159336.0,0.0,0.0,6.192101329032356e-05,0.0006834298468510482,0.00011954578531842437,,,,,,,,,,,,,,,,,,,,,,,,,,,0.032134057826929,0.06189168617129326,0.0317728576561759,-0.026942936703562737,-0.0074251871556043625,0.011707066558301449,0.023686456494033337,0.03497099503874779,0.04239173326641321,0.0465647429227829,0.05198163539171219,0.013732900651759652,,,1.00162081756002,1,0.0006996543926472519,1.0031591653823853,1.00162081756002,0.9986278414726257,0.9996216297149658,1.0005967617034912,1.001207858324051,1.001783847808838,1.0021628141403198,1.0023759603500366,1.002652645111084,0.0007007884047734995,0.20339708294003214,1.1467430591583252,-1.4320536277933386e-09,-1.231235146522522,-0.7518189549446106,-0.3569084703922272,-0.1469753012061119,0.036907196044921875,0.17255167663097382,0.29243773221969604,0.5549712777137756,0.26401259888280165,0.004142660043505406,0.02335611917078495,-2.9017687825994574e-11,-0.02507700026035309,-0.015312561765313148,-0.00726928049698472,-0.0029934978228993714,0.000751701882109046,0.0035144207649864256,0.0059561822563409805,0.011303295381367207,0.00537723761139126,relation,0.0,0.0,0.023304374888539314,-0.003869392676278949,0.020367352291941643,0.024961033836007118,43,0.4918481402111872,1.000000238418579,0.42064208929575564,-0.8642245531082153,-0.5407618284225464,-0.1287374496459961,0.16992928087711334,0.48309195041656494,0.72216796875,0.8630702495574951,0.99681156873703,0.37609398393592613,0.012277038069426304,0.024961039423942566,0.01049966142329465,-0.021571937948465347,-0.0134979747235775,-0.0032134198118001223,0.004241610411554575,0.012058474123477936,0.01802605902776122,0.021543126553297043,0.024881446734070778,0.009387694657644103,AB
,,,,,,,,,,,,,,,,,,,,,,,,,,,Grocery,0.0248484866826211,0.03682974725961685,0.024723216114840015,-0.015318884514272213,-0.0022826221049763265,0.011515142582356929,0.019806115422397852,0.027377777732908726,0.03167257085442543,0.033942246809601784,0.03572783421725035,0.009001294664275648,0.018047424033284187,,,,,,,,,,,,,,,,,,,,,,,,,0.2497010510993029,0.26109546422958374,0.2497010510993029,0.21065713465213776,0.22355224221944808,0.23698565661907195,0.24505889788269997,0.25232143700122833,0.2563793584704399,0.25845223665237427,0.26004574954509735,0.0086626429745776,0.12778885662555695,0,,,,,,,,,,,,,,,,,,,,,,,,,,text,0.0,,,,,,,,0.07887523892001007,0.08011943101882935,0.07887523892001007,0.0775514543056488,0.07792035304009914,0.07829299569129944,0.0785635095089674,0.07888446748256683,0.07918925024569035,0.07943937778472901,0.0798233176767826,0.00043608539087788535,0.0008126696362290428,0.0008126696362290428,0.00026631725468687653,0.0005557156400755048,0.00026631725468687653,7.418250902446744e-08,3.650917973573086e-05,0.00016505270468769595,0.00022249748872127384,0.0002790104044834152,0.00032164080039365217,0.000349074782570824,0.0004038146731909368,7.564915941626268e-05,,,,,,,,,,,,,7.504138330499868e-05,0,,,,,,,,,,,,,,,,,,,,,,,,,,,,,,,,,,,,,,,filter,,,,,,,43,,,,,,,,,,,,,,,,,,,,,,,,,AB
,,,,,,,,,,,,,,,,,,,,,,,,,,,Grocery,0.007228755372224811,0.008582426235079765,0.007228755372224811,0.0034731989726424217,0.004871613518334925,0.006125684082508087,0.006771666347049177,0.007357852067798376,0.007824199041351676,0.008152241166681052,0.008496678723022342,0.0008041136189220954,0.019264858216047287,,,,,,,,,,,,,,,,,,,,,,,,,0.14360597388965263,0.14536090195178986,0.14360597388965263,0.1396930068731308,0.14125601679086686,0.1425049051642418,0.14314931631088257,0.14372917264699936,0.14420373365283012,0.14453127086162568,0.14492399543523787,0.0008063916230798783,0.14326316118240356,1,,,,,,,,,,,,,,,,,,,,,,,,,,text,0.0,,,,,,,,0.026006102732244057,-0.025528578087687492,-0.026006102732244057,-0.026467494666576385,-0.026351015139371155,-0.026211571507155897,-0.02611968107521534,-0.02600875124335289,-0.025894001126289368,-0.025794474966824056,-0.025658925343304873,0.0001582136908924142,0.0018839285104001664,0.0018839285104001664,0.00014470192569764935,-4.0306630921804754e-08,-0.00014470192569764935,-0.00030194484861567616,-0.00021941034065093846,-0.00018966773786814882,-0.00017476164794061333,-0.00015159867325564846,-0.00012089271331205964,-8.968042384367436e-05,-1.9837049167108417e-05,4.1103529174756005e-05,,,,,,,,,,,,,6.502674497734005e-07,0,,,,,,,,,,,,,,,,,,,,,,,,,,,,,,,,,,,,,,,filter,,,,,,,43,,,,,,,,,,,,,,,,,,,,,,,,,AB
,,,,,,,,,,,,,,,,,,,,,,,,,,,Grocery,0.017230555300442752,-0.011303586885333061,-0.017230555300442752,-0.021364854648709297,-0.020869178380817175,-0.01956399194896221,-0.0186834461055696,-0.017417030408978462,-0.015813251957297325,-0.014594252966344355,-0.012906183870509265,0.001894687929463098,-0.022507108747959137,,,,,,,,,,,,,,,,,,,,,,,,,0.6765815781125478,0.6825860142707825,0.6765815781125478,0.672170102596283,0.6728929090499878,0.6742070317268372,0.6751158982515335,0.6764061748981476,0.6780161112546921,0.6792214274406433,0.6809117370843887,0.0019059663911849191,0.7427000999450684,2,,,,,,,,,,,,,,,,,,,,,,,,,,text,0.0,,,,,,,,0.026155820538479556,-0.025695541873574257,-0.026155820538479556,-0.026588765904307365,-0.02648454559966922,-0.026350780762732028,-0.026264391839504242,-0.026159333996474743,-0.02604776155203581,-0.025954046100378037,-0.025825266260653734,0.00015119655449048728,0.0018599013187259761,0.0018599013187259761,0.00022501533251643175,-6.267788421610021e-08,-0.00022501533251643175,-0.0004695322422776371,-0.00034118890238460153,-0.0002949383604573086,-0.0002717589886742644,-0.00023573995713377371,-0.00018799137615133077,-0.000139455430326052,-3.084713636781078e-05,6.391707805059273e-05,,,,,,,,,,,,,3.6327078843264645e-06,0,,,,,,,,,,,,,,,,,,,,,,,,,,,,,,,,,,,,,,,filter,,,,,,,43,,,,,,,,,,,,,,,,,,,,,,,,,AB
,,,,,,,,,,,,,,,,,,,,,,,,,,,Grocery,0.037715535506294535,-0.0167527012526989,-0.037715535506294535,-0.04834793508052826,-0.0479756834730506,-0.04534232839941978,-0.042707656510174274,-0.03858153708279133,-0.0333798099309206,-0.02885715216398239,-0.022204622831195592,0.006275428021560475,-0.023412097245454788,,,,,,,,,,,,,,,,,,,,,,,,,0.06709504950670724,-0.04637448862195015,-0.06709504950670724,-0.0779823511838913,-0.07733529329299926,-0.07466755732893944,-0.07205493748188019,-0.06794498488306999,-0.0627709124237299,-0.05827538967132568,-0.051666103042662136,0.006238199838452981,0.02064249850809574,3,,,,,,,,,,,,,,,,,,,,,,,,,,text,1.0,,,,,,,,0.026713315642740907,-0.026313595473766327,-0.026713315642740907,-0.027080612257122993,-0.026989818420261144,-0.026878269389271736,-0.026805610861629248,-0.02671609539538622,-0.02662232331931591,-0.026543338038027286,-0.026431495398283003,0.00012782086578432377,-0.0003967194852356435,-0.0003967194852356435,0.00010339998015286847,0.00021576140716206282,0.00010339998015286847,2.880200078436701e-08,1.4175004644130238e-05,6.408314002328552e-05,8.638657891424373e-05,0.00010832820407813415,0.00012487982894526795,0.00013553130120271816,0.0001567845407407732,2.9371441189028077e-05,,,,,,,,,,,,,3.89151372244748e-05,0,,,,,,,,,,,,,,,,,,,,,,,,,,,,,,,,,,,,,,,filter,,,,,,,43,,,,,,,,,,,,,,,,,,,,,,,,,AB
,,,,,,,,,,,,,,,,,,,,,,,,,,,Grocery,0.024149461890889044,-0.012562538497149944,-0.024149461890889044,-0.025573860853910446,-0.025315743945538996,-0.025042947940528394,-0.02480966132134199,-0.024451845325529575,-0.02389464247971773,-0.02283434346318245,-0.019923860263079393,0.001072540067784844,-0.023946549743413925,,,,,,,,,,,,,,,,,,,,,,,,,0.13144337721199542,0.14203143119812012,0.13144337721199542,0.1297484189271927,0.1302567283809185,0.1306299611926079,0.13090980425477028,0.1312837079167366,0.1317327506840229,0.1323254019021988,0.13484431236982344,0.0008672562032517309,0.12778885662555695,0,,,,,,,,,,,,,,,,,,,,,,,,,,visual,0.0,,,,,,,,0.05171402433687049,0.0526135079562664,0.05171402433687049,0.05018717423081398,0.05062464531511068,0.051122644916176796,0.051443805918097496,0.05176382511854172,0.05204151663929224,0.05221337452530861,0.052423944845795635,0.000416037757812765,0.00011823061650750615,0.00011823061650750615,3.651148661841165e-05,5.993591184960678e-05,3.651148661841165e-05,9.655354915594216e-08,8.169556977009052e-06,2.3825270727684255e-05,3.0795667044003494e-05,3.769311661017127e-05,4.358422665973194e-05,4.7908947090036234e-05,5.35563603261835e-05,9.67158200835676e-06,,,,,,,,,,,,,7.521333220786075e-07,0,,,,,,,,,,,,,,,,,,,,,,,,,,,,,,,,,,,,,,,filter,,,,,,,43,,,,,,,,,,,,,,,,,,,,,,,,,AB
,,,,,,,,,,,,,,,,,,,,,,,,,,,Grocery,0.0196737303454514,0.028427597135305405,0.0196737303454514,0.006980567239224911,0.010223603062331676,0.01443308126181364,0.01707344874739647,0.019807196222245693,0.022489636205136776,0.024629148468375207,0.027893048450350764,0.0039256140866126745,0.017779432237148285,,,,,,,,,,,,,,,,,,,,,,,,,0.16355710042710606,0.17263326048851013,0.16355710042710606,0.15095052123069763,0.15412772044539452,0.15832580029964446,0.16097082197666168,0.1637008711695671,0.16635428741574287,0.16848744601011276,0.1717517527937889,0.0039107568576798235,0.14326316118240356,1,,,,,,,,,,,,,,,,,,,,,,,,,,visual,0.0,,,,,,,,0.017228053045760514,-0.016710767522454262,-0.017228053045760514,-0.01753338798880577,-0.017466870844364168,-0.01739600021392107,-0.017338081263005733,-0.017244846560060978,-0.017137249000370502,-0.017029218003153802,-0.016861992832273246,0.00013996115817489316,0.0005339507406593441,0.0005339507406593441,6.882237395135404e-05,0.00011297627497697249,6.882237395135404e-05,1.819987431872505e-07,1.5399217136291555e-05,4.4909475764143285e-05,5.804833381262142e-05,7.104968972271308e-05,8.215414527512621e-05,9.030603105202318e-05,0.00010095113437273541,1.8230461008098236e-05,,,,,,,,,,,,,1.5294019199889765e-05,0,,,,,,,,,,,,,,,,,,,,,,,,,,,,,,,,,,,,,,,filter,,,,,,,43,,,,,,,,,,,,,,,,,,,,,,,,,AB
,,,,,,,,,,,,,,,,,,,,,,,,,,,Grocery,0.03395570296463844,0.03598722815513611,0.03395570296463844,0.024851970374584198,0.029124554377049208,0.03152374140918255,0.03293168544769287,0.03442922607064247,0.03529881592839956,0.0356938760727644,0.03597347691655159,0.0016816868799823784,0.02557079866528511,,,,,,,,,,,,,,,,,,,,,,,,,0.7847649089706661,0.7872323393821716,0.7847649089706661,0.7754276394844055,0.7798718845844269,0.7823395192623138,0.7837629020214081,0.7852334082126617,0.7860969603061676,0.7864859938621521,0.7868698704242706,0.0016794947914368856,0.7427000999450684,2,,,,,,,,,,,,,,,,,,,,,,,,,,visual,0.0,,,,,,,,0.01725140774407211,-0.01674617826938629,-0.01725140774407211,-0.017547879368066788,-0.017486335672438146,-0.01741639953106642,-0.017359770834445953,-0.01726794708520174,-0.01716192439198494,-0.01705652493983507,-0.016894161887466907,0.00013755585438941854,-0.00022594986017789257,-0.00022594986017789257,0.0002102960513862377,-5.561216767091537e-07,-0.0002102960513862377,-0.00034521427005529404,-0.00030846981942886484,-0.00027594225539360193,-0.00025103307416429743,-0.00021710190776502714,-0.00017737451707944274,-0.00013722695875912903,-4.705438495875568e-05,5.570563384505442e-05,,,,,,,,,,,,,2.8207027544636277e-06,0,,,,,,,,,,,,,,,,,,,,,,,,,,,,,,,,,,,,,,,filter,,,,,,,43,,,,,,,,,,,,,,,,,,,,,,,,,AB
,,,,,,,,,,,,,,,,,,,,,,,,,,,Grocery,0.011710059642589928,0.01305196713656187,0.011710059642589928,0.0067808437161147594,0.009468230092898012,0.010512398276478051,0.011159909889101982,0.011931628920137882,0.01238634530454874,0.012599516566842795,0.012780678123235703,0.0008382728363313218,0.02343824878334999,,,,,,,,,,,,,,,,,,,,,,,,,0.038661207463315195,0.0402657575905323,0.038661207463315195,0.03363737836480141,0.036313550733029845,0.03743183612823486,0.03811747394502163,0.038878241553902626,0.039335804991424084,0.03956240750849247,0.03986233472824097,0.0008578444969906274,0.02064249850809574,3,,,,,,,,,,,,,,,,,,,,,,,,,,visual,0.0,,,,,,,,0.01723456350623727,-0.016721311956644058,-0.01723456350623727,-0.017532235011458397,-0.01747146379202604,-0.01740096341818571,-0.017343873623758554,-0.01725117862224579,-0.017144456040114164,-0.017037820443511008,-0.016874063964933156,0.00013860717545862453,0.00258400444766862,0.00258400444766862,0.00010496219826394949,0.00017230208322871476,0.00010496219826394949,2.7756942699852516e-07,2.3485613328375622e-05,6.849221899756231e-05,8.853051986079663e-05,0.0001083591123460792,0.0001252947113243863,0.00013772729580523445,0.00015396232207422146,2.780359284702951e-05,,,,,,,,,,,,,7.358971810171026e-07,0,,,,,,,,,,,,,,,,,,,,,,,,,,,,,,,,,,,,,,,filter,,,,,,,43,,,,,,,,,,,,,,,,,,,,,,,,,AB
,,,,,,,,,,,,0.015234404117267173,-0.0,-0.015234404117267173,-0.0944843664765358,-0.057540640234947205,-0.033090244978666306,-0.0214072298258543,-0.011917933821678162,-0.00557519297581166,-0.0021479299757629633,-0.0001252869114978239,0.012864953711553695,0.05311626195907593,1,,Grocery,,,,,,,,,,,,,,,,,,,,,,,,,,0.0654605340428462,0.11654753983020782,0.03599141209022865,-0.26662740111351013,-0.1623683124780655,-0.06414131820201874,0.010275428416207433,0.06208478659391403,0.08071838319301605,0.0883013978600502,0.09912826120853424,0.0630407036302733,,,,,,,,,,,,,,,nan,0.0031574541112954864,0.006980128586292267,0.0031574541112954864,2.7104317723569693e-06,0.00043822388543048876,0.001910957379732281,0.0026232123491354287,0.0032899384386837482,0.003816934418864548,0.0041755935177207,0.005179124758578837,0.0009398138951303749,0.003220432466912961,0.005544403567910194,0.0017981977262822534,-0.011181045323610306,-0.0074196853674948215,-0.0032015976030379534,0.0005401999806053936,0.003104987321421504,0.003967243363149464,0.004309652838855982,0.004790495615452528,0.0030450103237450337,text,,142262,159336.0,0.0,0.0,0.00016393246466827978,0.0018093427944543233,0.00026515410747554347,,,,,,,,,,,,,,,,,,,,,,,,,,,0.060629878892037616,0.10438206046819687,0.03385399647241799,-0.21050183475017548,-0.13968749344348907,-0.06027518957853317,0.010170918190851808,0.058455582708120346,0.07468956708908081,0.08113689720630646,0.09018807858228683,0.05732727061798924,,,1.0018044531289225,1,0.003038404818754911,1.0055598020553589,1.0018044531289225,0.9888812303543091,0.9926077723503113,0.9968035221099854,1.0005403459072113,1.0031098127365112,1.003975123167038,1.0043189525604248,1.0048019886016846,0.003043887477840085,0.2568800409847443,1.3097214698791504,5.555255165590268e-10,-1.5931799411773682,-0.9605302810668945,-0.48114925622940063,-0.16838204115629196,0.05886209011077881,0.21602990850806236,0.36670032143592834,0.6531110405921936,0.3362210168346246,0.022200677369248616,0.11319176107645035,4.669718565178594e-11,-0.13768945634365082,-0.083013154566288,-0.04158298671245575,-0.014552299631759524,0.005087114870548248,0.01867023389786482,0.03169181942939758,0.05644466355443001,0.029057665562861847,relation,0.0,0.0,0.02259407378733158,-0.05930551886558533,0.08642429858446121,0.06395108997821808,44,0.5737570618437037,1.0000001192092896,0.4477131335422262,-0.9674930572509766,-0.7646191120147705,-0.27782291173934937,0.17552203685045242,0.5881437659263611,0.8169085085391998,0.9172168374061584,0.9946022033691406,0.4568642778813786,0.03669238948201531,0.06395109742879868,0.028631742880660286,-0.06187223643064499,-0.04889822378754616,-0.017767077311873436,0.011224825633689761,0.037612434476614,0.05224218871444464,0.05865701660513878,0.063605897128582,0.02921696853952423,AB
,,,,,,,,,,,,0.007813055309932499,-0.0,-0.007813055309932499,-0.042649928480386734,-0.027387632057070732,-0.016514187678694725,-0.011037942953407764,-0.006400333717465401,-0.002996924624312669,-0.0011635840637609363,-6.68723660055548e-05,0.006232957445524864,0.052787039428949356,1,,Grocery,,,,,,,,,,,,,,,,,,,,,,,,,,0.048764338947289376,0.09889893233776093,0.0396525054625833,-0.11700418591499329,-0.06672051548957825,-0.01703677698969841,0.01873714756220579,0.05160132050514221,0.06808464601635933,0.07654117047786713,0.08447596430778503,0.03692056918550996,,,,,,,,,,,,,,,nan,0.002415982617978567,0.004525563679635525,0.002415982617978567,2.1372700302890735e-06,0.0002484597347211093,0.0013195465784519912,0.0018913354724645615,0.0024853956419974566,0.0030222685309126973,0.003460976574569941,0.003869496930856258,0.0008224355948718727,0.0024286563364995066,0.004750750958919525,0.001968037201272924,-0.005529344081878662,-0.0033017005771398544,-0.0008842681418173015,0.0009709054138511419,0.002590278862044215,0.0033648558892309666,0.0037531666457653046,0.004111884627491236,0.001826748943951971,visual,,142262,159336.0,0.0,0.0,0.00011461678699494126,0.0012650395886650162,0.00019582002973662698,,,,,,,,,,,,,,,,,,,,,,,,,,,0.04600857266756941,0.08999820798635483,0.03728258414425717,-0.1047482118010521,-0.06254732608795166,-0.01675138622522354,0.018392523750662804,0.04906928166747093,0.06374461390078068,0.07109915465116501,0.0778956487774849,0.034606012783375,,,1.0019716456918148,1,0.001824849263426047,1.004762053489685,1.0019716456918148,0.9944859147071838,0.9967037439346313,0.9991161227226257,1.0009713768959045,1.0025936365127563,1.0033705234527588,1.0037602186203003,1.0041203498840332,0.0018284472196163175,0.22947189484511027,1.181713581085205,-1.4985532883699088e-09,-1.2526417970657349,-0.7841778993606567,-0.41250982880592346,-0.17202090844511986,0.04137980937957764,0.19671538472175598,0.333109974861145,0.6051958799362183,0.29354684535408193,0.011792027177699758,0.060725513845682144,-7.66360234438678e-11,-0.06437034904956818,-0.04029707983136177,-0.02119792066514492,-0.008839754620566964,0.00212641223333776,0.010108746588230133,0.01711774803698063,0.031099610030651093,0.015084689915059837,relation,0.0,0.0,0.02867865189909935,-0.03404798358678818,0.05138767510652542,0.049729734659194946,44,0.484515395241556,1.000000238418579,0.3777801967030424,-0.9110211133956909,-0.6269709467887878,-0.23121801018714905,0.08276557922363281,0.44866248965263367,0.7194772213697433,0.8691163659095764,0.9973648190498352,0.4148792565291163,0.02409482204556757,0.04972974583506584,0.018786908941214382,-0.04530483856797218,-0.031179098412394524,-0.011498410254716873,0.004115910152904689,0.022311866283416748,0.03577941097319126,0.04322092607617378,0.04959868639707565,0.02063183534537331,AB
,,,,,,,,,,,,,,,,,,,,,,,,,,,Grocery,0.03681508649163069,0.042160626500844955,0.03681508649163069,0.011951390653848648,0.021509459018707273,0.030605834908783436,0.03486323542892933,0.03825654834508896,0.04004610702395439,0.040939566865563395,0.04174865286797285,0.004474303463297351,0.03244347125291824,,,,,,,,,,,,,,,,,,,,,,,,,0.2938641200628216,0.2991422116756439,0.2938641200628216,0.26975202560424805,0.27932766437530515,0.2881437659263611,0.2921612188220024,0.29523856937885284,0.29681097716093063,0.2975881278514862,0.29836400896310805,0.004164667499391903,0.135680690407753,0,,,,,,,,,,,,,,,,,,,,,,,,,,text,0.0,,,,,,,,0.08831890941249189,0.0897381529211998,0.08831890941249189,0.08694439381361008,0.08734620064496994,0.08770967796444892,0.08797769621014595,0.08830539137125015,0.08864711597561836,0.08896064162254333,0.08938987895846368,0.0004703864844115501,0.005583034236893177,0.005583034236893177,0.0006059549706393025,0.0013395739952102304,0.0006059549706393025,5.201657700126816e-07,8.410065092903096e-05,0.00036673663707915695,0.0005034272908233106,0.0006313803896773607,0.0007325174665311351,0.0008013486454728991,0.0009939388593193143,0.00018036205132052657,,,,,,,,,,,,,1.734445538049121e-05,0,,,,,,,,,,,,,,,,,,,,,,,,,,,,,,,,,,,,,,,filter,,,,,,,44,,,,,,,,,,,,,,,,,,,,,,,,,AB
,,,,,,,,,,,,,,,,,,,,,,,,,,,Grocery,0.01889647885909832,-0.006893400568515062,-0.01889647885909832,-0.028273887932300568,-0.027438077628612518,-0.02399464212357998,-0.02179636899381876,-0.019002225250005722,-0.016089063603430986,-0.013564341887831687,-0.009843373615294694,0.00398305623521009,0.0008198342984542251,,,,,,,,,,,,,,,,,,,,,,,,,0.09153728675207629,0.10358603298664093,0.09153728675207629,0.08201119303703308,0.08305133812129498,0.08650375753641129,0.08868319913744926,0.09144129231572151,0.09429852478206158,0.09682179689407348,0.10051785305142404,0.0039392785931383545,0.13881048560142517,1,,,,,,,,,,,,,,,,,,,,,,,,,,text,0.0,,,,,,,,0.02907308869496297,-0.028536245226860046,-0.02907308869496297,-0.029590362682938576,-0.029469260349869728,-0.02930738404393196,-0.029193155001848936,-0.02906766813248396,-0.028947800863534212,-0.02885008305311203,-0.02871591804549098,0.00017269328910254217,0.0007545398379414055,0.0007545398379414055,0.00012346345680831357,-1.0598388655580493e-07,-0.00012346345680831357,-0.00027293848688714206,-0.00020251525682397187,-0.00016327496414305642,-0.00014925059440429322,-0.00012864389282185584,-0.00010257342182740103,-7.472266879631207e-05,-1.7135525213234355e-05,3.674880718313667e-05,,,,,,,,,,,,,1.5517915834358092e-05,0,,,,,,,,,,,,,,,,,,,,,,,,,,,,,,,,,,,,,,,filter,,,,,,,44,,,,,,,,,,,,,,,,,,,,,,,,,AB
,,,,,,,,,,,,,,,,,,,,,,,,,,,Grocery,0.03669857967235179,-0.023921921849250793,-0.03669857967235179,-0.04193214327096939,-0.0417340375110507,-0.04038885608315468,-0.03918952960520983,-0.03723965585231781,-0.034675504080951214,-0.03218568116426468,-0.028100352752953764,0.00319138247034972,-0.026516389101743698,,,,,,,,,,,,,,,,,,,,,,,,,0.6468628339135174,0.6596397757530212,0.6468628339135174,0.6413067579269409,0.6417826592922211,0.6431781947612762,0.6443904787302017,0.6463306844234467,0.6488909274339676,0.6513336896896362,0.6553663730621337,0.00317397083194376,0.7394720315933228,2,,,,,,,,,,,,,,,,,,,,,,,,,,text,0.0,,,,,,,,0.029110912606905577,-0.028615016490221024,-0.029110912606905577,-0.029622944071888924,-0.029499403089284896,-0.029343275167047978,-0.02922995062544942,-0.029106399975717068,-0.02898710360750556,-0.028890046663582324,-0.028757080789655446,0.00017060853064814155,0.002759123902259923,0.002759123902259923,0.0002833272996865382,-2.4321471414623375e-07,-0.0002833272996865382,-0.0006263466784730554,-0.0004647375416243449,-0.0003746878239326179,-0.0003425043396418914,-0.0002952155045932159,-0.00023538828099844977,-0.00017147561447927728,-3.932306983188027e-05,8.433216241110287e-05,,,,,,,,,,,,,1.0074090842029764e-05,0,,,,,,,,,,,,,,,,,,,,,,,,,,,,,,,,,,,,,,,filter,,,,,,,44,,,,,,,,,,,,,,,,,,,,,,,,,AB
,,,,,,,,,,,,,,,,,,,,,,,,,,,Grocery,0.0574864725121604,-0.03129970282316208,-0.0574864725121604,-0.06488781422376633,-0.06482773020863533,-0.06369102150201797,-0.06211427412927151,-0.05890263617038727,-0.054112935438752174,-0.04929188378155231,-0.04034370839595794,0.005811280428832567,-0.036115437746047974,,,,,,,,,,,,,,,,,,,,,,,,,0.1086687743458694,-0.08254259079694748,-0.1086687743458694,-0.11633722484111786,-0.11602833300828934,-0.11483678594231606,-0.1132789496332407,-0.11007588356733322,-0.1052959281951189,-0.10051851570606231,-0.09164066798985003,0.005784336473062596,0.015267209149897099,3,,,,,,,,,,,,,,,,,,,,,,,,,,text,1.0,,,,,,,,0.03013490808531389,-0.02975074201822281,-0.03013490808531389,-0.030532000586390495,-0.030432224683463575,-0.03030927088111639,-0.03022527927532792,-0.0301315700635314,-0.030040398705750704,-0.029966970160603523,-0.02986540425568819,0.00012951438389210626,0.0011213905995777452,0.0011213905995777452,0.00019916418226278347,-1.709671408889335e-07,-0.00019916418226278347,-0.000440288771642372,-0.00032668604399077594,-0.0002633858297485858,-0.00024076252157101408,-0.00020752096315845847,-0.00016546557526453398,-0.00012053833415848203,-2.7642050081340127e-05,5.9281072430077293e-05,,,,,,,,,,,,,3.3458548433602233e-05,0,,,,,,,,,,,,,,,,,,,,,,,,,,,,,,,,,,,,,,,filter,,,,,,,44,,,,,,,,,,,,,,,,,,,,,,,,,AB
,,,,,,,,,,,,,,,,,,,,,,,,,,,Grocery,0.023207700735070853,-0.012780750170350075,-0.023207700735070853,-0.024584975093603134,-0.02436153955757618,-0.024124669097363948,-0.023914964869618416,-0.023541398346424103,-0.02291780523955822,-0.021916489675641058,-0.018682619258761406,0.0011373868432909726,-0.02024725265800953,,,,,,,,,,,,,,,,,,,,,,,,,0.14650722699368798,0.15515971183776855,0.14650722699368798,0.14429427683353424,0.1450623869895935,0.14558951258659364,0.14590851590037346,0.14635875821113586,0.1468939334154129,0.14755765199661255,0.14980166777968407,0.0009211305237178201,0.135680690407753,0,,,,,,,,,,,,,,,,,,,,,,,,,,visual,0.0,,,,,,,,0.0539816647307214,0.055466178804636,0.0539816647307214,0.05154255032539368,0.052420219145715236,0.05306274481117725,0.05352108459919691,0.05403502658009529,0.05451372265815735,0.054791947826743126,0.055116844549775126,0.0006541577288119175,0.009620190404856985,0.009620190404856985,0.00029982332138175645,0.0005616222624666989,0.00029982332138175645,2.652351156484656e-07,3.0833841337880584e-05,0.00016375566046917812,0.00023471464373869821,0.0003084374766331166,0.0003750633550225757,0.00042950700444635006,0.000480204368068371,0.00010206421602559912,,,,,,,,,,,,,8.484814417246655e-07,0,,,,,,,,,,,,,,,,,,,,,,,,,,,,,,,,,,,,,,,filter,,,,,,,44,,,,,,,,,,,,,,,,,,,,,,,,,AB
,,,,,,,,,,,,,,,,,,,,,,,,,,,Grocery,0.01435994293838375,0.02147211693227291,0.01435994293838375,0.0023846570402383804,0.008056375002488493,0.010626732371747494,0.01243516756221652,0.014449810609221458,0.016310913022607565,0.017887992970645427,0.02067939203232527,0.0027756016150665454,0.010428006760776043,,,,,,,,,,,,,,,,,,,,,,,,,0.1455927046745251,0.15336523950099945,0.1455927046745251,0.13343967497348785,0.13922201097011566,0.1418043166399002,0.1436534821987152,0.14567074179649353,0.1475764587521553,0.1491769313812256,0.151908490806818,0.0028098221956157883,0.13881048560142517,1,,,,,,,,,,,,,,,,,,,,,,,,,,visual,0.0,,,,,,,,0.01799066019531078,-0.01716684363782406,-0.01799066019531078,-0.018488144502043724,-0.018369452822953464,-0.01826171576976776,-0.018168547190725803,-0.018008665181696415,-0.01783674443140626,-0.017683687806129455,-0.017466819547116756,0.00021867947947472972,-0.00012157279091517257,-0.00012157279091517257,1.5075061162670688e-05,-1.333597232644479e-08,-1.5075061162670688e-05,-2.8238262530067004e-05,-2.4144587205228162e-05,-2.1595533689833245e-05,-1.8858116163755767e-05,-1.550817887618905e-05,-1.1801408618339337e-05,-8.23360460344702e-06,-1.550319798298005e-06,5.131769904684478e-06,,,,,,,,,,,,,7.89510077097513e-06,0,,,,,,,,,,,,,,,,,,,,,,,,,,,,,,,,,,,,,,,filter,,,,,,,44,,,,,,,,,,,,,,,,,,,,,,,,,AB
,,,,,,,,,,,,,,,,,,,,,,,,,,,Grocery,0.025277280231028588,0.02714315429329872,0.025277280231028588,0.01785353384912014,0.021526142098009585,0.023396271653473376,0.02452846011146903,0.025644646026194096,0.026297498028725386,0.026607224345207216,0.02685519553720951,0.0012947789013487904,0.022703401744365692,,,,,,,,,,,,,,,,,,,,,,,,,0.7691226054881459,0.7712715268135071,0.7691226054881459,0.7613491415977478,0.7652445697784424,0.7672179400920868,0.7683954536914825,0.7694779932498932,0.7701224535703659,0.7704487562179565,0.7708557182550431,0.0013118242044568391,0.7394720315933228,2,,,,,,,,,,,,,,,,,,,,,,,,,,visual,0.0,,,,,,,,0.01801460236365505,-0.017214389517903328,-0.01801460236365505,-0.01850373111665249,-0.018389033209532498,-0.018281913362443447,-0.018190159928053617,-0.018032104708254337,-0.017862437292933464,-0.01771164182573557,-0.01750041117891669,0.0002157638448369844,0.002010671126641244,0.002010671126641244,0.00031551299593143086,-2.791147721836751e-07,-0.00031551299593143086,-0.0005910117761231959,-0.0005053333309479058,-0.0004519830021308735,-0.00039469033072236925,-0.00032457792258355767,-0.00024699718778720126,-0.0001723249559290707,-3.244736763008404e-05,0.00010740520916827847,,,,,,,,,,,,,1.7208827433988186e-06,0,,,,,,,,,,,,,,,,,,,,,,,,,,,,,,,,,,,,,,,filter,,,,,,,44,,,,,,,,,,,,,,,,,,,,,,,,,AB
,,,,,,,,,,,,,,,,,,,,,,,,,,,Grocery,0.02360997950788895,0.02483283542096615,0.02360997950788895,0.0171827245503664,0.020392121225595475,0.021919457986950875,0.022948852740228176,0.023990877903997898,0.024500799365341663,0.024707727879285813,0.024830421470105647,0.0011229347167551887,0.021209828555583954,,,,,,,,,,,,,,,,,,,,,,,,,0.04214137891665078,0.04403756186366081,0.04214137891665078,0.035503897815942764,0.03872732009738684,0.040448814257979394,0.04149197693914175,0.04250483028590679,0.043002497404813766,0.043270642310380934,0.04362072311341763,0.0011489438556807321,0.015267209149897099,3,,,,,,,,,,,,,,,,,,,,,,,,,,visual,0.0,,,,,,,,0.017976402119718446,-0.017161311581730843,-0.017976402119718446,-0.018474305048584938,-0.01835776671767235,-0.018248964101076126,-0.01815528515726328,-0.017994234338402748,-0.017821477260440588,-0.01766833048313856,-0.0174525829218328,0.00021972935032167076,0.0007100679355482249,0.0007100679355482249,3.076477629475635e-05,5.762787986896001e-05,3.076477629475635e-05,2.7215691034143674e-08,3.1638506106901333e-06,1.6802916979941075e-05,2.4083995867840713e-05,3.16486712108599e-05,3.8485133700305596e-05,4.4071579031879084e-05,4.9273618715233175e-05,1.0472776956471535e-05,,,,,,,,,,,,,1.3200719835065068e-06,0,,,,,,,,,,,,,,,,,,,,,,,,,,,,,,,,,,,,,,,filter,,,,,,,44,,,,,,,,,,,,,,,,,,,,,,,,,AB
,,,,,,,,,,,,0.013992302826448236,-0.0,-0.013992302826448236,-0.16979269683361053,-0.07476702414453029,-0.034043263271451,-0.019054923206567764,-0.008508138824254274,-0.003168978728353977,-0.00104656749172136,0.0,0.01598083570800108,0.057550784200429916,1,,ele-fashion,,,,,,,,,,,,,,,,,,,,,,,,,,0.04167982382383866,0.05198965594172478,-0.010025351544586208,-0.4839889407157898,-0.2508761614561081,-0.09683371931314468,-0.022944265976548195,0.015586726367473602,0.03027736023068428,0.03549207523465157,0.03935230627655981,0.06327489678764979,,,,,,,,,,,,,,,1.0,0.0021371519515593234,0.013197267428040504,0.0021371519515593234,0.0,8.68524075485766e-05,0.0006581332418136299,0.0011741068155970424,0.0017015108023770154,0.0023225003387778997,0.004438778618350625,0.008498042402789015,0.0016899372972815495,0.002196059752046522,0.0028442188631743193,-0.000425950385285301,-0.01876961439847946,-0.011542425183579326,-0.005080877942964434,-0.0012908561620861292,0.000883248692844063,0.0016912217251956463,0.001972635742276907,0.002179034985601902,0.003144592895064906,text,,399172,496938.0,0.0,0.0,0.00019107900202716037,0.0012470620097589323,0.00032737982085461674,,,,,,,,,,,,,,,,,,,,,,,,,,,0.038158643993004664,0.0494203083217144,-0.007401291224583547,-0.32614052295684814,-0.20056034445762635,-0.08828477710485458,-0.022429635748267174,0.015347509179264307,0.02938758209347725,0.03427556417882443,0.03786233570426701,0.05464031237757941,,,0.9995790727684938,1,0.003135357424960058,1.0028482675552368,0.9995790727684938,0.9814054369926453,0.9885239332914353,0.9949320077896118,0.9987099766731262,1.0008836388587952,1.0016926527023315,1.0019745826721191,1.0021814107894897,0.0031340376676425225,0.13640107102805027,1.267108678817749,6.4574100859070124e-09,-1.655189037322998,-0.7153080260753631,-0.24042639732360824,-0.05795794725418091,0.01896737515926361,0.09788617491722107,0.20792378187179578,0.46779446393251395,0.20706156161248027,0.0153768357464203,0.14284434914588928,7.281835749012369e-10,-0.18659362196922302,-0.08063847295939923,-0.027103871852159483,-0.006533745210617781,0.002138239797204733,0.011034954339265823,0.023439770005643384,0.052735646739602064,0.02334257053643425,relation,0.0,0.0,-0.050503481179475784,-0.10258205980062485,0.11273251473903656,0.08963140845298767,42,0.6619166291619017,1.000000238418579,0.6077158950779347,-0.9265487194061279,-0.5852802991867065,0.013948619924485752,0.4366583824157715,0.7503126859664917,0.8948324918746948,0.9502251327037812,0.9910948801040648,0.38217188958025655,0.05932851976814093,0.08963143080472946,0.054470431631827604,-0.08304786682128906,-0.05245949700474739,0.0012502344907261494,0.0391383059322834,0.06725158542394638,0.08020509779453278,0.08517001420259476,0.0888332327455282,0.034254604746133045,AB
,,,,,,,,,,,,0.004393230223071975,-0.0,-0.004393230223071975,-0.04106362909078598,-0.021392905451357365,-0.010898287221789357,-0.006264981813728809,-0.002708911895751953,-0.0009508496150374413,-0.000308038419461809,0.0,0.004756314840198901,0.05324729532003403,1,,ele-fashion,,,,,,,,,,,,,,,,,,,,,,,,,,0.08567746477115815,0.012611441314220428,-0.08565863120273834,-0.18406836688518524,-0.13185712993144988,-0.11217731982469559,-0.10671010613441467,-0.09477578103542328,-0.06919413805007935,-0.041532574966549864,-0.0076702091097832,0.028498838224693197,,,,,,,,,,,,,,,1.0,0.004237718852596161,0.0071162632666528225,0.004237718852596161,0.0,0.0008425060892477632,0.002774393418803811,0.0037158761988393962,0.0045574025716632605,0.005026816274039447,0.005194725934416056,0.0055327280424535275,0.0010334858587632623,0.004167530729639169,0.0006631797295995057,-0.004166533241748338,-0.008277486078441143,-0.006203106218017638,-0.0053706481121480465,-0.005134149920195341,-0.0046096728183329105,-0.0034459528978914022,-0.0021232898812741027,-0.00040531681705033534,0.0013222234103458788,visual,,399172,496938.0,0.0,0.0,0.00027114703913837723,0.0017696197278653622,0.00046014207939246594,,,,,,,,,,,,,,,,,,,,,,,,,,,0.07826746404744857,0.012454374693334103,-0.0782487310764878,-0.15545417368412018,-0.11649626515805721,-0.10086279362440109,-0.0964210107922554,-0.08657095208764076,-0.0647161602973938,-0.03987640365958213,-0.007611824581399587,0.024831746622142957,,,0.9958430056148224,1,0.0013231264569639883,1.00066339969635,0.9958430056148224,0.9917566776275635,0.9938160932064056,0.9946437478065491,0.9948790073394775,0.9954009354114532,0.9965599775314331,0.9978789627552033,0.999594765305519,0.0013176262277128322,0.15384751717731918,1.2751154899597168,1.994530329492321e-09,-1.438016414642334,-0.7200421476364136,-0.28128552734851836,-0.07522934675216675,0.017321407794952393,0.10856121778488159,0.24480758905410815,0.5319658452272393,0.2267423896980228,0.004626683052264258,0.043245717883110046,-6.029786813074108e-11,-0.03834676742553711,-0.01599790109321475,-0.007362140994518992,-0.0032647803891450167,-0.000520909670740366,0.002262385096400976,0.008459148462861778,0.021653952281922045,0.006818863189541708,relation,0.0,0.0,-0.047363460063934326,-0.028555743396282196,-0.030073173344135284,-0.06194626912474632,42,0.61977876085906,1.000000238418579,0.5472797849661809,-0.9464678764343262,-0.6245167469978332,-0.08826753497123711,0.32777804136276245,0.6787285208702087,0.8744714260101318,0.9497457027435304,0.9999999403953552,0.4084563931254996,0.038392981919023884,0.05863015353679657,-0.03390194084837279,-0.061946284025907516,-0.061946265399456024,-0.058833203837275506,-0.05417024344205856,-0.04204469919204712,-0.02030462585389614,0.0054678443819284606,0.038686483427881974,0.02530234965407334,AB
,,,,,,,,,,,,,,,,,,,,,,,,,,,ele-fashion,0.064288645337982,0.06556537002325058,0.064288645337982,0.05774395167827606,0.060829137824475764,0.06244637817144394,0.06375890411436558,0.0647839605808258,0.06509582325816154,0.06526554003357887,0.06541819237172604,0.0011431752122861032,0.042636726051568985,,,,,,,,,,,,,,,,,,,,,,,,,0.4018790469031125,0.40747785568237305,0.4018790469031125,0.39708197116851807,0.3997209757566452,0.4005955010652542,0.4011427015066147,0.4017942249774933,0.40252768248319626,0.40326377749443054,0.40477280616760253,0.0010666548612451676,0.19555820524692535,0,,,,,,,,,,,,,,,,,,,,,,,,,,text,0.0,,,,,,,,0.0986420372655909,0.10171803086996078,0.0986420372655909,0.09466718137264252,0.09614641442894936,0.09701711311936378,0.09759249538183212,0.09844079986214638,0.09991993010044098,0.10046004131436348,0.10099427402019501,0.0013092479897715606,0.3315238180086428,0.3315238180086428,0.000753436807556682,0.004652597010135651,0.000753436807556682,0.0,3.061916140723042e-05,0.00023201991280075163,0.0004139225056860596,0.0005998548294883221,0.0008187799830920994,0.001564857899211347,0.0029959208681248194,0.0005957746532890534,,,,,,,,,,,,,1.1377525930179476e-06,0,,,,,,,,,,,,,,,,,,,,,,,,,,,,,,,,,,,,,,,filter,,,,,,,42,,,,,,,,,,,,,,,,,,,,,,,,,AB
,,,,,,,,,,,,,,,,,,,,,,,,,,,ele-fashion,0.02239823250539517,0.05672961100935936,-0.016486572826956248,-0.06986032426357269,-0.06633050069212913,-0.05356192775070667,-0.03738183155655861,-0.010841047391295433,0.003537949756719172,0.011635004077106714,0.024443730246275667,0.02440957862526021,-0.043610572814941406,,,,,,,,,,,,,,,,,,,,,,,,,0.020478073693005968,0.0669282078742981,-0.006630580508424379,-0.06050490215420723,-0.056010189838707446,-0.04340130463242531,-0.027450747787952423,-0.0012797345407307148,0.013278205646201968,0.0215355372056365,0.03462253604084253,0.024309414062214697,0.0858856663107872,1,,,,,,,,,,,,,,,,,,,,,,,,,,text,0.5168770551681519,,,,,,,,0.03248860229064623,-0.031029153615236282,-0.03248860229064623,-0.03361630439758301,-0.03334404192864895,-0.03314744308590889,-0.03295239992439747,-0.0324165765196085,-0.032106525264680386,-0.03189457580447197,-0.031572241336107254,0.00047635744687376874,-0.00013764392400613385,-0.00013764392400613385,6.950111277518014e-05,0.0004291808872949332,6.950111277518014e-05,0.0,2.8244783152331365e-06,2.140277956641512e-05,3.818246568698669e-05,5.533387229661457e-05,7.552872557425871e-05,0.00014435100456466898,0.00027636004670057506,5.4957497333408386e-05,,,,,,,,,,,,,0.0005909476120482017,0,,,,,,,,,,,,,,,,,,,,,,,,,,,,,,,,,,,,,,,filter,,,,,,,42,,,,,,,,,,,,,,,,,,,,,,,,,AB
,,,,,,,,,,,,,,,,,,,,,,,,,,,ele-fashion,0.053263991799240525,-0.04430876672267914,-0.053263991799240525,-0.055326543748378754,-0.05532117076218128,-0.05495533533394337,-0.054403988644480705,-0.05349326878786087,-0.05241504032164812,-0.05134512856602669,-0.048719761706888666,0.0014628238722048206,-0.039468057453632355,,,,,,,,,,,,,,,,,,,,,,,,,0.5461928709154737,0.5554341673851013,0.5461928709154737,0.5424796938896179,0.5435649752616882,0.5443825721740723,0.5450709462165833,0.5460450649261475,0.5471299737691879,0.548187643289566,0.5503260552883148,0.0014942840633643362,0.6715436577796936,2,,,,,,,,,,,,,,,,,,,,,,,,,,text,0.0,,,,,,,,0.03224416310098144,-0.030727533623576164,-0.03224416310098144,-0.03343069553375244,-0.033151583187282084,-0.03294537030160427,-0.032736663706600666,-0.03216460905969143,-0.03184018284082413,-0.03161952644586563,-0.031288106366991995,0.000504291409007294,0.033566914896941205,0.033566914896941205,0.0003745818696087823,-0.0,-0.0003745818696087823,-0.002313105156645179,-0.0014894648571498691,-0.0007779914594721049,-0.0004070681461598724,-0.0002982263686135411,-0.0002057874771708157,-0.00011535201338119805,-1.5222753972921055e-05,0.0002961978779850758,,,,,,,,,,,,,2.2328848620246315e-06,0,,,,,,,,,,,,,,,,,,,,,,,,,,,,,,,,,,,,,,,filter,,,,,,,42,,,,,,,,,,,,,,,,,,,,,,,,,AB
,,,,,,,,,,,,,,,,,,,,,,,,,,,ele-fashion,0.05355143142094823,-0.03841214254498482,-0.05355143142094823,-0.05785788595676422,-0.057855401374399665,-0.05698523670434952,-0.05568363983184099,-0.053990669548511505,-0.05209545884281397,-0.0496302992105484,-0.044020794890820954,0.002977130331586193,-0.041241876780986786,,,,,,,,,,,,,,,,,,,,,,,,,0.17799575805116583,-0.16320843994617462,-0.17799575805116583,-0.18410368263721466,-0.18253358751535415,-0.181332528591156,-0.18008802086114883,-0.17837003618478775,-0.17653490230441093,-0.1741926595568657,-0.16877005249261856,0.0029041995226550335,-0.048844825476408005,3,,,,,,,,,,,,,,,,,,,,,,,,,,text,1.0,,,,,,,,0.033909271912886625,-0.03291048854589462,-0.033909271912886625,-0.03467101976275444,-0.03449730090796947,-0.03436660394072533,-0.03423130884766579,-0.033857282251119614,-0.03364629950374365,-0.03350134938955307,-0.033281431347131726,0.00032910149454661334,0.012672475049779856,0.012672475049779856,0.000448356114856317,-0.0,-0.000448356114856317,-0.002768673235550523,-0.0017828162817750126,-0.0009312175970990211,-0.00048724061343818903,-0.0003569623513612896,-0.00024631752603454515,-0.00013807069626636803,-1.8220889614894986e-05,0.00035453432342676436,,,,,,,,,,,,,8.434374867389725e-06,0,,,,,,,,,,,,,,,,,,,,,,,,,,,,,,,,,,,,,,,filter,,,,,,,42,,,,,,,,,,,,,,,,,,,,,,,,,AB
,,,,,,,,,,,,,,,,,,,,,,,,,,,ele-fashion,0.06431507142610657,0.06689799576997757,0.06431507142610657,0.03969426453113556,0.051019272021949294,0.05900631472468376,0.06402821466326714,0.06589644774794579,0.06640888750553131,0.06661055609583855,0.06677964553236962,0.003563688991792619,0.05173696577548981,,,,,,,,,,,,,,,,,,,,,,,,,0.4140206104027055,0.41940778493881226,0.4140206104027055,0.39361923933029175,0.4045941948890686,0.41062089800834656,0.41230499744415283,0.41474415361881256,0.4160999730229378,0.4168788939714432,0.4179545506834984,0.002786307605922815,0.19555820524692535,0,,,,,,,,,,,,,,,,,,,,,,,,,,visual,0.0,,,,,,,,0.1011505831373109,0.10685397684574127,0.1011505831373109,0.09273548424243927,0.09462086111307144,0.0965208001434803,0.09936493076384068,0.10160414129495621,0.10334513895213604,0.10473629459738731,0.10582831837236881,0.0029126901277848165,-0.004069559699552358,-0.004069559699552358,0.0012597848338017842,0.0021155155263841152,0.0012597848338017842,0.0,0.0002504593678168021,0.0008247688820119947,0.0011046519211959094,0.0013548200950026512,0.0014943669084459543,0.0015442829462699592,0.0016447638627141714,0.00030723364528893434,,,,,,,,,,,,,7.76351007482333e-06,0,,,,,,,,,,,,,,,,,,,,,,,,,,,,,,,,,,,,,,,filter,,,,,,,42,,,,,,,,,,,,,,,,,,,,,,,,,AB
,,,,,,,,,,,,,,,,,,,,,,,,,,,ele-fashion,0.029480726516123358,0.07087267935276031,-0.015386856544556122,-0.07091201096773148,-0.06557097360491752,-0.05204405076801777,-0.040139418095350266,-0.020175598561763763,0.006211100029759109,0.031166167929768562,0.0526766473427415,0.030595054412964534,-0.04010803997516632,,,,,,,,,,,,,,,,,,,,,,,,,0.026539481092790734,0.08364004641771317,-0.002756386665761445,-0.0599447600543499,-0.053548210114240644,-0.04016337729990482,-0.028188735712319613,-0.007705319207161665,0.01954566966742277,0.044737232849001884,0.06576017402112486,0.03118532912517908,0.0858856663107872,1,,,,,,,,,,,,,,,,,,,,,,,,,,visual,0.577705979347229,,,,,,,,0.03316938190632783,-0.030080202966928482,-0.03316938190632783,-0.03526492416858673,-0.034889625199139115,-0.03448421694338322,-0.033974362537264824,-0.03333570808172226,-0.03251152765005827,-0.031471941620111465,-0.030778895597904917,0.001068339919785166,4.8675281447013e-05,4.8675281447013e-05,2.222544800223176e-05,3.732246841536835e-05,2.222544800223176e-05,0.0,4.4186686864122745e-06,1.4550784726452548e-05,1.9488553334667813e-05,2.3902084649307653e-05,2.636400540723116e-05,2.7244636839895975e-05,2.9017346605542116e-05,5.420294979212466e-06,,,,,,,,,,,,,0.0009725247526457427,0,,,,,,,,,,,,,,,,,,,,,,,,,,,,,,,,,,,,,,,filter,,,,,,,42,,,,,,,,,,,,,,,,,,,,,,,,,AB
,,,,,,,,,,,,,,,,,,,,,,,,,,,ele-fashion,0.0677824601750661,-0.052185505628585815,-0.0677824601750661,-0.070044606924057,-0.07004066072404384,-0.06963510811328888,-0.06915980949997902,-0.06835315749049187,-0.06705851666629314,-0.06512891501188278,-0.06054830364882946,0.002005547886747072,-0.057448502629995346,,,,,,,,,,,,,,,,,,,,,,,,,0.5126749183793233,0.5280258059501648,0.5126749183793233,0.5083931684494019,0.5093742996454239,0.5105302333831787,0.5114478319883347,0.5125431418418884,0.5135363340377808,0.5147711932659149,0.5189786434173584,0.0018552976705194936,0.6715436577796936,2,,,,,,,,,,,,,,,,,,,,,,,,,,visual,0.0,,,,,,,,0.03298230452340983,-0.029820041730999947,-0.03298230452340983,-0.035161975771188736,-0.0347671564668417,-0.03434980474412441,-0.033816853538155556,-0.033149903640151024,-0.03229677304625511,-0.031228763051331043,-0.030519409477710722,0.0011058758078060986,0.007261930690442142,0.007261930690442142,0.0006554683339198964,-0.0,-0.0006554683339198964,-0.001100706635043025,-0.00085577362915501,-0.0008034931961447,-0.0007775217964081094,-0.0007049153500702232,-0.0005747523973695934,-0.00042912874778266996,-0.00013031446942477444,0.00015985422289353378,,,,,,,,,,,,,3.442129446235059e-06,0,,,,,,,,,,,,,,,,,,,,,,,,,,,,,,,,,,,,,,,filter,,,,,,,42,,,,,,,,,,,,,,,,,,,,,,,,,AB
,,,,,,,,,,,,,,,,,,,,,,,,,,,ele-fashion,0.06149370880683231,-0.039444927126169205,-0.06149370880683231,-0.06426781415939331,-0.06426748633384705,-0.06387379765510559,-0.06324782781302929,-0.06230676919221878,-0.06066126562654972,-0.058136604726314545,-0.05129398033022879,0.002703850902128269,-0.053226083517074585,,,,,,,,,,,,,,,,,,,,,,,,,0.199190060276259,-0.17710798978805542,-0.199190060276259,-0.20335827767848969,-0.20256687998771666,-0.2016790509223938,-0.20079047977924347,-0.19966159760951996,-0.19844837486743927,-0.19627515226602554,-0.1895028755068779,0.0025445312238534887,-0.048844825476408005,3,,,,,,,,,,,,,,,,,,,,,,,,,,visual,1.0,,,,,,,,0.03499889677309333,-0.03283524513244629,-0.03499889677309333,-0.03642706573009491,-0.036171803064644334,-0.035904498770833015,-0.03555704653263092,-0.035118747502565384,-0.03454821929335594,-0.03382174111902714,-0.03332698047161102,0.0007390262392965383,0.01260793643457621,0.01260793643457621,0.0006265419431752471,-0.0,-0.0006265419431752471,-0.0010521314106881618,-0.0008180075674317777,-0.0007680343405809253,-0.0007432090933434665,-0.0006738068186677992,-0.0005493880889844149,-0.0004101909144083038,-0.0001245635809027586,0.00015279971617753122,,,,,,,,,,,,,6.474639149165333e-06,0,,,,,,,,,,,,,,,,,,,,,,,,,,,,,,,,,,,,,,,filter,,,,,,,42,,,,,,,,,,,,,,,,,,,,,,,,,AB
,,,,,,,,,,,,0.015385551284319668,-0.0,-0.015385551284319668,-0.14276082813739777,-0.07567155718803406,-0.03621159717440605,-0.0209233146160841,-0.010256373323500156,-0.004178619012236595,-0.0013784395414404565,0.0,0.016088660361848903,0.0570673793554306,1,,ele-fashion,,,,,,,,,,,,,,,,,,,,,,,,,,0.045801104563483304,0.0479830801486969,-0.010209238830681961,-0.42262887954711914,-0.2553485333919525,-0.10858118906617165,-0.025671089068055153,0.01739184930920601,0.03374810516834259,0.040196543931961065,0.04498047672212121,0.06762313805137314,,,,,,,,,,,,,,,1.0,0.002360415990437034,0.013420511968433857,0.002360415990437034,0.0,0.00010000155380112118,0.0007499557395931333,0.0013142143725417554,0.0019012901466339827,0.0025200191303156316,0.0048068249598145485,0.00945751676335933,0.0018472853950158958,0.0023845588479217013,0.002612869720906019,-0.00041802977884527836,-0.016953377053141594,-0.011608002707362175,-0.005589514598250389,-0.0014283123891800642,0.0009755500359460711,0.0018630543490871787,0.0022053105989471105,0.0024564220081083454,0.003334731127618555,text,,399172,496938.0,0.0,0.0,0.00021399195572820945,0.0013966015917580158,0.0003623792690181766,,,,,,,,,,,,,,,,,,,,,,,,,,,0.041784973676029874,0.04578612372279167,-0.007325193422032923,-0.2970759868621826,-0.20340847969055176,-0.09794608652591705,-0.02502857707440853,0.017094544135034084,0.03264635056257248,0.03864322192966938,0.04304432310163972,0.05843498194357634,,,0.9995876048759764,1,0.003325188295320641,1.002616286277771,0.9995876048759764,0.9831895232200623,0.9884591102600098,0.9944260776042938,0.9985727071762085,1.000976026058197,1.0018647909164429,1.0022077441215516,1.002459441423416,0.0033238170038845157,0.15379538702998982,1.1704319715499878,1.3676050130571697e-09,-1.4270503520965576,-0.741299455165863,-0.2805528998374939,-0.0742698609828949,0.027336955070495605,0.11820423603057861,0.22421793937683127,0.4863197734951969,0.22252481485552797,0.01567599366949043,0.11929931491613388,1.3614628460572036e-10,-0.14545580744743347,-0.07555887028574944,-0.028596082143485545,-0.007570147980004549,0.0027863900177180767,0.012048273347318172,0.022853995487093947,0.04956940453499552,0.02268141884363801,relation,0.0,0.0,-0.053936831653118134,-0.10003909468650818,0.10192759335041046,0.09970955550670624,43,0.6555412969131008,1.000000238418579,0.5928533510230196,-0.9158926010131836,-0.6337828040122986,-0.004364497261121708,0.4302600622177124,0.7320634126663208,0.8795076608657837,0.9419898986816406,0.989924463033676,0.3885747983372089,0.06536373132332932,0.09970957785844803,0.05911314410625749,-0.09132324159145355,-0.06319420039653778,-0.00043518207094164817,0.042901039123535156,0.07299371808767319,0.08769531548023224,0.09392539709806443,0.09870492883026598,0.03874462041431222,AB
,,,,,,,,,,,,0.00334516756831991,-0.0,-0.00334516756831991,-0.039358437061309814,-0.018922709226608277,-0.008812108635902404,-0.004533800296485424,-0.0017454014159739017,-0.0006069936789572239,-0.00019971238943981,0.0,0.0040961759772293925,0.054671574383974075,1,,ele-fashion,,,,,,,,,,,,,,,,,,,,,,,,,,0.1210470063072612,0.02119574323296547,-0.12101315261440118,-0.22109176218509674,-0.16485140562057496,-0.14731680750846862,-0.1433699131011963,-0.13377728313207626,-0.1081453263759613,-0.07071873396635055,-0.014344044029712786,0.03286600645925796,,,,,,,,,,,,,,,1.0,0.005966074510268341,0.008706050924956799,0.005966074510268341,0.0,0.0015964272723067551,0.0043251835741102695,0.00554119807202369,0.00642355578020215,0.006783269578590989,0.006916852900758386,0.007156364619731903,0.0011887004960709794,0.005859721769487674,0.001134705264121294,-0.0058578876434123815,-0.009898857213556767,-0.007737204870209098,-0.007019902113825083,-0.006855388637632132,-0.006450851447880268,-0.005335472524166107,-0.00361092963721603,-0.0007731230749050206,0.0014989460924882921,visual,,399172,496938.0,0.0,0.0,0.0003712422502545087,0.0024228832147867806,0.0006358070329023976,,,,,,,,,,,,,,,,,,,,,,,,,,,0.10718040989429901,0.020755808800458908,-0.10714686197290353,-0.18106073141098022,-0.14152140244841577,-0.12840116620063782,-0.12539240717887878,-0.11799256131052971,-0.09759128093719482,-0.06604791432619093,-0.01414120219647895,0.027417283452035705,,,0.9941603540908326,1,0.0015007701886348152,1.0011353492736816,0.9941603540908326,0.990149974822998,0.9922926503419877,0.9930046796798706,0.9931680560112,0.9935699105262756,0.9946787357330322,0.9963955819606781,0.9992271757125855,0.0014920062221436543,0.11956838781159897,1.2793195247650146,1.2892069762403859e-09,-1.4068129062652588,-0.6495969307422638,-0.21311534494161594,-0.0443037748336792,0.013347625732421875,0.07435888051986694,0.18888222575187694,0.4730319133400914,0.18903204874622676,0.004000939384811673,0.0470740906894207,-4.365851928795402e-11,-0.04280797019600868,-0.01582836428657174,-0.00632028542459011,-0.00248816073872149,-0.0004466317768674344,0.0014824714744463563,0.0071311622858047635,0.021736497245728938,0.006325298706881975,relation,0.0,0.0,-0.06223900243639946,-0.027977023273706436,-0.03346151486039162,-0.08421895653009415,43,0.6992681829169518,1.000000238418579,0.6581532806606069,-0.9241774082183838,-0.5317749565839768,0.11022573709487915,0.5141904354095459,0.7991935908794403,0.9222497940063477,0.9650552272796631,0.9999999403953552,0.3609747128094731,0.05889163669276084,0.07783325761556625,-0.05542898252534936,-0.08421897888183594,-0.08421894907951355,-0.08127594739198685,-0.07767091691493988,-0.067307248711586,-0.04330458119511604,-0.0092830965295434,0.04478553224354962,0.030400913645035946,AB
,,,,,,,,,,,,,,,,,,,,,,,,,,,ele-fashion,0.05525679819586435,0.05669817700982094,0.05525679819586435,0.046772412955760956,0.0510550431907177,0.05349560268223286,0.05494340043514967,0.05570129305124283,0.05602703429758549,0.05621621757745743,0.056444860994815826,0.0011934065330816196,0.03870173543691635,,,,,,,,,,,,,,,,,,,,,,,,,0.3879557407565874,0.393827348947525,0.3879557407565874,0.380006343126297,0.38419974148273467,0.38635700941085815,0.38718391954898834,0.3879892826080322,0.3887721225619316,0.3895415663719177,0.3913578391075134,0.0013548654716395968,0.19771838188171387,0,,,,,,,,,,,,,,,,,,,,,,,,,,text,0.0,,,,,,,,0.09548482305496377,0.09808367490768433,0.09548482305496377,0.09223069995641708,0.09327704943716526,0.094175536185503,0.09489045292139053,0.09566572308540344,0.09613271057605743,0.09647650644183159,0.09710958115756511,0.0008879929897325983,0.24963980888808285,0.24963980888808285,0.0007939947543473311,0.004514380358159542,0.0007939947543473311,0.0,3.3638438617344944e-05,0.00025226948491763324,0.0004420743352966383,0.0006395543750841171,0.0008476819493807852,0.0016169158043339849,0.0031813114881515574,0.0006213883151070227,,,,,,,,,,,,,1.8356604462411869e-06,0,,,,,,,,,,,,,,,,,,,,,,,,,,,,,,,,,,,,,,,filter,,,,,,,43,,,,,,,,,,,,,,,,,,,,,,,,,AB
,,,,,,,,,,,,,,,,,,,,,,,,,,,ele-fashion,0.032562186082718214,0.07405507564544678,-0.011645313652759537,-0.08223868161439896,-0.07805572599172592,-0.06246469356119633,-0.04339148662984371,-0.01123804971575737,0.018940515350550413,0.03962462581694126,0.055671758949756664,0.03695817922708327,-0.050362251698970795,,,,,,,,,,,,,,,,,,,,,,,,,0.03224677742952107,0.07493581622838974,-0.010692902536035899,-0.08192473649978638,-0.0767693605273962,-0.06129986234009266,-0.04248840734362602,-0.010276089888066053,0.019788221921771765,0.04031399264931679,0.056399540230631845,0.036806353943439105,0.08275000751018524,1,,,,,,,,,,,,,,,,,,,,,,,,,,text,0.5993289947509766,,,,,,,,0.03153603888283425,-0.030358240008354187,-0.03153603888283425,-0.032518599182367325,-0.032130762562155725,-0.03189066797494888,-0.0317649757489562,-0.03160083666443825,-0.031323847360908985,-0.03106739465147257,-0.030744073912501335,0.0003183357232341126,-0.0002341474552090305,-0.0002341474552090305,0.00010069418240091622,0.0005725123919546604,0.00010069418240091622,0.0,4.266017140253098e-06,3.199274397047702e-05,5.606373906630324e-05,8.110809721983969e-05,0.0001075027794286143,0.00020505679276539013,0.00040345298766624274,7.880428421712668e-05,,,,,,,,,,,,,0.0013547076906097154,0,,,,,,,,,,,,,,,,,,,,,,,,,,,,,,,,,,,,,,,filter,,,,,,,43,,,,,,,,,,,,,,,,,,,,,,,,,AB
,,,,,,,,,,,,,,,,,,,,,,,,,,,ele-fashion,0.054612808476786685,-0.027566423639655113,-0.054612808476786685,-0.0602865070104599,-0.0602501280605793,-0.059076737612485886,-0.05792789813131094,-0.05607355386018753,-0.05278561823070049,-0.0475488156080246,-0.039543075114488596,0.0047111900258759425,-0.04312269017100334,,,,,,,,,,,,,,,,,,,,,,,,,0.542923102546162,0.5697119235992432,0.542923102546162,0.5358966588973999,0.5372700870037079,0.5385592877864838,0.5396736711263657,0.5414832532405853,0.5447356700897217,0.5498468577861786,0.5578088164329529,0.004633454724988247,0.6724022030830383,2,,,,,,,,,,,,,,,,,,,,,,,,,,text,0.0,,,,,,,,0.03136762219998986,-0.03016221523284912,-0.03136762219998986,-0.032327648252248764,-0.03197214752435684,-0.03173818998038769,-0.031609768979251385,-0.03143490478396416,-0.031144614797085524,-0.030879964120686054,-0.03054571943357587,0.0003310219752119019,0.008985553565625233,0.008985553565625233,0.0003759611261173212,-0.0,-0.0003759611261173212,-0.002137585310265422,-0.0015063694852869957,-0.0007656190427951515,-0.0004013823199784383,-0.0003028327046195045,-0.00020932477127644233,-0.00011945106598432176,-1.5927996810205306e-05,0.00029423097488085116,,,,,,,,,,,,,2.146890268851591e-05,0,,,,,,,,,,,,,,,,,,,,,,,,,,,,,,,,,,,,,,,filter,,,,,,,43,,,,,,,,,,,,,,,,,,,,,,,,,AB
,,,,,,,,,,,,,,,,,,,,,,,,,,,ele-fashion,0.04568442415068126,-0.021012011915445328,-0.04568442415068126,-0.05499016493558884,-0.05493250899016857,-0.052210841327905655,-0.04974181391298771,-0.04661700502038002,-0.042548890225589275,-0.037652598693966866,-0.029804585687816142,0.005658790781047197,-0.040458276867866516,,,,,,,,,,,,,,,,,,,,,,,,,0.1661569298489127,-0.141439750790596,-0.1661569298489127,-0.17740656435489655,-0.17534978538751603,-0.17258818447589874,-0.17020950466394424,-0.1670948937535286,-0.1630522944033146,-0.15817586332559586,-0.1503641776740551,0.005616801513115935,-0.04691433906555176,3,,,,,,,,,,,,,,,,,,,,,,,,,,text,1.0,,,,,,,,0.03258116195482132,-0.03170733153820038,-0.03258116195482132,-0.0332488939166069,-0.03301296383142471,-0.03284922614693642,-0.032757632434368134,-0.03263035975396633,-0.03241986222565174,-0.032228030264377594,-0.03198550809174776,0.0002393033136502921,0.008125169219745066,0.008125169219745066,0.0005187278180472626,-0.0,-0.0005187278180472626,-0.0029493076726794243,-0.0020783949992619457,-0.0010563535615801811,-0.0005538023979170248,-0.00041782976768445224,-0.00028881330945296213,-0.0001648111647227779,-2.197645981141221e-05,0.0004059616302364578,,,,,,,,,,,,,3.1548459237741466e-05,0,,,,,,,,,,,,,,,,,,,,,,,,,,,,,,,,,,,,,,,filter,,,,,,,43,,,,,,,,,,,,,,,,,,,,,,,,,AB
,,,,,,,,,,,,,,,,,,,,,,,,,,,ele-fashion,0.06675413722911638,0.06740245223045349,0.06675413722911638,0.06098831817507744,0.06523873955011368,0.06614425778388977,0.0665444266051054,0.0668736882507801,0.06708402186632156,0.06720105558633804,0.06731283664703369,0.00045613599735011253,0.05219446122646332,,,,,,,,,,,,,,,,,,,,,,,,,0.4225107757787503,0.42998233437538147,0.4225107757787503,0.4136359393596649,0.4155037567019463,0.41695915162563324,0.4197573661804199,0.4230394959449768,0.42535801231861115,0.4269988685846329,0.42830474525690077,0.0035697595198662434,0.19771838188171387,0,,,,,,,,,,,,,,,,,,,,,,,,,,visual,0.0,,,,,,,,0.10400878631322769,0.1123698353767395,0.10400878631322769,0.0948849618434906,0.09633730351924896,0.0979028269648552,0.1009704414755106,0.10449276119470596,0.10716553591191769,0.10925236716866493,0.11064608916640283,0.0039993033628725845,-0.039270094283493075,-0.039270094283493075,0.0018350091973261934,0.002677754731848836,0.0018350091973261934,0.0,0.000491019431501627,0.0013303138548508286,0.0017043283150997013,0.001975718419998884,0.0020863571553491056,0.0021274437895044684,0.002201111288741231,0.00036561332590677865,,,,,,,,,,,,,1.2743183029675673e-05,0,,,,,,,,,,,,,,,,,,,,,,,,,,,,,,,,,,,,,,,filter,,,,,,,43,,,,,,,,,,,,,,,,,,,,,,,,,AB
,,,,,,,,,,,,,,,,,,,,,,,,,,,ele-fashion,0.024631019672218032,0.05393475294113159,-0.018799678868139994,-0.06912931799888611,-0.06204236410558224,-0.04897875338792801,-0.03717455919831991,-0.019751116633415222,-0.0009669000282883644,0.012194967828691006,0.03204541504383092,0.023048193490502144,-0.032564785331487656,,,,,,,,,,,,,,,,,,,,,,,,,0.02007846868233863,0.0713854655623436,-0.0018290689651528924,-0.05483604595065117,-0.046537209488451484,-0.033474529162049294,-0.021104921586811543,-0.0022586232516914606,0.016923082061111927,0.029622914269566536,0.04942067917436366,0.02376962801840153,0.08275000751018524,1,,,,,,,,,,,,,,,,,,,,,,,,,,visual,0.5305525660514832,,,,,,,,0.033590970735253856,-0.03007873333990574,-0.033590970735253856,-0.03686320409178734,-0.036181401647627356,-0.0356240589171648,-0.03481688071042299,-0.033771365880966187,-0.03241119720041752,-0.031229509972035885,-0.030626358278095723,0.001549003142011993,0.0009068864070706803,0.0009068864070706803,0.00037635845586571055,0.0005492046475410461,0.00037635845586571055,0.0,0.0001007075738016283,0.00027284598036203533,0.0003495559358270839,0.0004052177828270942,0.0004279096465324983,0.00043633651512209326,0.0004514456377364695,7.498690845833712e-05,,,,,,,,,,,,,0.0005649952161331791,0,,,,,,,,,,,,,,,,,,,,,,,,,,,,,,,,,,,,,,,filter,,,,,,,43,,,,,,,,,,,,,,,,,,,,,,,,,AB
,,,,,,,,,,,,,,,,,,,,,,,,,,,ele-fashion,0.06969804845865711,-0.04012636840343475,-0.06969804845865711,-0.07294313609600067,-0.07294000498950481,-0.07255249843001366,-0.07212270237505436,-0.07114296033978462,-0.06894304975867271,-0.06448592990636826,-0.055206757038831704,0.0038441477297862657,-0.06280995905399323,,,,,,,,,,,,,,,,,,,,,,,,,0.5049874701055955,0.532015860080719,0.5049874701055955,0.49914324283599854,0.5006354212760925,0.5021278560161591,0.5031805634498596,0.5043132901191711,0.5053619742393494,0.508893221616745,0.5177642911672592,0.0032733547299947175,0.6724022030830383,2,,,,,,,,,,,,,,,,,,,,,,,,,,visual,0.0,,,,,,,,0.03394203979027093,-0.030593199655413628,-0.03394203979027093,-0.037064697593450546,-0.03641409166157246,-0.03589438647031784,-0.03511027619242668,-0.034112611785531044,-0.03280644677579403,-0.0316877793520689,-0.03111160919070244,0.0014825157316804556,0.016606860872334563,0.016606860872334563,0.0009647004284073682,-0.0,-0.0009647004284073682,-0.0014077483210712671,-0.001157167600467801,-0.0011184390750713646,-0.0010968390270136297,-0.0010386740323156118,-0.0008959988772403449,-0.0006993721472099423,-0.0002581385910161736,0.0001922101166196777,,,,,,,,,,,,,1.071485118837879e-05,0,,,,,,,,,,,,,,,,,,,,,,,,,,,,,,,,,,,,,,,filter,,,,,,,43,,,,,,,,,,,,,,,,,,,,,,,,,AB
,,,,,,,,,,,,,,,,,,,,,,,,,,,ele-fashion,0.06981273141829994,-0.030460119247436523,-0.06981273141829994,-0.07292816042900085,-0.07292796671390533,-0.07266787812113762,-0.07225705869495869,-0.07135041058063507,-0.06891334615647793,-0.06517776474356651,-0.052442571707069806,0.004098156794984781,-0.06289193779230118,,,,,,,,,,,,,,,,,,,,,,,,,0.21734145119576842,-0.17782525718212128,-0.21734145119576842,-0.22209970653057098,-0.22128108963370324,-0.22027630358934402,-0.21933645755052567,-0.2183951810002327,-0.21682413667440414,-0.21338342875242233,-0.20047475919127464,0.0038607533854393967,-0.04691433906555176,3,,,,,,,,,,,,,,,,,,,,,,,,,,visual,1.0,,,,,,,,0.036475775768231675,-0.03421302139759064,-0.036475775768231675,-0.038441937416791916,-0.03805171400308609,-0.03773488663136959,-0.03723827935755253,-0.03660294972360134,-0.03574477322399616,-0.03498810902237892,-0.0345880014821887,0.0009685349131872221,0.019261941164585034,0.019261941164585034,0.0012466670783133614,-0.0,-0.0012466670783133614,-0.0018192108254879713,-0.0014953892678022385,-0.001445341156795621,-0.0014174276147969067,-0.0013422620249912143,-0.0011578851554077119,-0.0009037875570356846,-0.00033358839718857327,0.0002483900879577257,,,,,,,,,,,,,1.4905416703181764e-05,0,,,,,,,,,,,,,,,,,,,,,,,,,,,,,,,,,,,,,,,filter,,,,,,,43,,,,,,,,,,,,,,,,,,,,,,,,,AB
,,,,,,,,,,,,0.025320313055101018,-0.0,-0.025320313055101018,-0.2004358470439911,-0.10456222631037235,-0.05622486844658851,-0.03567872941493988,-0.01891618687659502,-0.008237876929342747,-0.0028849786380305865,0.0,0.023075791059202762,0.06029164418578148,1,,ele-fashion,,,,,,,,,,,,,,,,,,,,,,,,,,0.07130337139601299,0.08766844868659973,-0.022361172740383475,-0.5882340669631958,-0.3545150995254517,-0.17276388257741926,-0.06113745644688606,0.014902189373970032,0.04877352714538574,0.06453498899936677,0.0778797034919261,0.1000134443609329,,,,,,,,,,,,,,,1.0,0.003630219467530262,0.0177523884922266,0.003630219467530262,0.0,0.0001338325149845332,0.0011060599936172366,0.002088861132506281,0.0031424365006387234,0.004326375899836421,0.006907898699864745,0.012571036256849771,0.002476604905008962,0.003779642986193985,0.0048596602864563465,-0.0009767158974019231,-0.02233022078871727,-0.01578005064278841,-0.008881783112883568,-0.003473705379292369,0.000885273446328938,0.002803921001031995,0.003655063919723034,0.004356249519623811,0.004995958439025554,text,,399172,496938.0,0.0,0.0,0.0003422806374676804,0.0022338675371631955,0.0005380643183369084,,,,,,,,,,,,,,,,,,,,,,,,,,,0.06268933172478428,0.08060218393802643,-0.016199859483113543,-0.37036988139152527,-0.26172842621803283,-0.14731344431638718,-0.057615023106336594,0.014683375135064125,0.04650529846549034,0.06062270440161229,0.07225268632173532,0.08286319515890574,,,0.9990362026783705,1,0.004980383891588432,1.0048714876174927,0.9990362026783705,0.9779172539710999,0.9843438023328781,0.9911575436592102,0.9965323209762573,1.0008856654167175,1.002807855606079,1.0036617517471313,1.0043657517433167,0.0049755838109380125,0.17768856500679514,1.155094027519226,1.8007353847248751e-09,-1.40658438205719,-0.7220466029644013,-0.3198195606470107,-0.11108383536338806,0.027859985828399658,0.14555245637893677,0.2653696686029435,0.5086402708291997,0.24040991857673022,0.02676058916992984,0.17396165430545807,2.7020167771727903e-10,-0.21183708310127258,-0.10874302782118321,-0.048166071251034726,-0.016729658469557762,0.004195822402834892,0.021920766681432724,0.03996570520102978,0.07660320200026019,0.03620666902867872,relation,0.0,0.0,-0.06658914685249329,-0.14249826967716217,0.15060389041900635,0.14563722908496857,44,0.5515126118993909,1.000000238418579,0.4775447001330381,-0.9411136507987976,-0.6186444753408432,-0.11128854900598523,0.2518713176250458,0.5786927044391632,0.7863298654556274,0.8907910108566285,0.9813907122611998,0.3895330778084338,0.08032076860297326,0.14563725888729095,0.06954828689338197,-0.13706117868423462,-0.09009766839444637,-0.016207755915820594,0.03668184205889702,0.08427920192480087,0.114518903195858,0.12973234057426453,0.14292702332139012,0.05673051807826618,AB
,,,,,,,,,,,,0.01126505803309976,-0.0,-0.01126505803309976,-0.08443344384431839,-0.04526610851287842,-0.025142605230212205,-0.015821605920791626,-0.008498266339302063,-0.0037509258836507797,-0.0013313321396708488,0.0,0.01009987756527634,0.05555849149823189,1,,ele-fashion,,,,,,,,,,,,,,,,,,,,,,,,,,0.13012607298575565,0.10780637711286545,-0.1273850731204999,-0.41977712512016296,-0.26178784638643265,-0.20467599332332612,-0.1785494089126587,-0.13909566402435303,-0.08129675686359406,-0.026807451248168836,0.042925508320331526,0.06926050730706632,,,,,,,,,,,,,,,1.0,0.006190295851399725,0.01268765889108181,0.006190295851399725,0.0,0.0004105328378500417,0.00306728039868176,0.005005249287933111,0.0066139958798885345,0.007787088514305651,0.008454647846519947,0.009699968015775088,0.002121107148643231,0.006236699265845577,0.005406638607382774,-0.006090079534010948,-0.016426634043455124,-0.01152694646269083,-0.00943946884945035,-0.008417048491537571,-0.006784273777157068,-0.004177162889391184,-0.0014504814753308836,0.0022867131489329017,0.0031429728114748916,visual,,399172,496938.0,0.0,0.0,0.0004409801379344989,0.0028780220288056515,0.0007121243369166003,,,,,,,,,,,,,,,,,,,,,,,,,,,0.11225465368977623,0.09731518477201462,-0.109615637602821,-0.29566410183906555,-0.2074737386405468,-0.16990128308534622,-0.15149930119514465,-0.12211060523986816,-0.07518449425697327,-0.026107574999332323,0.041158747151493986,0.0565705223183738,,,0.9939333403736934,1,0.003146626788115905,1.0054212808609009,0.9939333403736934,0.9837075471878052,0.9885392343997955,0.9906049430370331,0.991618275642395,0.9932386875152588,0.9958315491676331,0.9985505700111389,1.002289329767227,0.003127537274424534,0.19859213488212726,1.4519383907318115,1.5665853526471054e-09,-1.4884803295135498,-0.7731404781341552,-0.35953116416931147,-0.1312350481748581,0.032401442527770996,0.16000580787658691,0.29230012297630314,0.5896957010030743,0.2667227753561399,0.021806128802718476,0.16344048082828522,-1.7161596489296238e-10,-0.15942804515361786,-0.06475070141255855,-0.03209560364484787,-0.01756921224296093,-0.003557794727385044,0.014410079456865788,0.03947780989110473,0.08489360041916297,0.02928711752665059,relation,0.0,0.0,-0.06848809868097305,-0.05672459304332733,-0.10980358719825745,-0.10950035601854324,44,0.5399715900271641,1.000000238418579,0.43499325579496584,-0.939166784286499,-0.6900613886117936,-0.21731275171041478,0.17046156525611877,0.5426338911056519,0.7794592380523682,0.8962452173233034,0.9999999403953552,0.4255974839792018,0.05912708133415911,0.10283909738063812,-0.04763191636699644,-0.10950038582086563,-0.10950034856796265,-0.09813916981220244,-0.08535106480121613,-0.059418605640530586,-0.018665602430701256,0.023795823194086595,0.07556196525692926,0.046603076001442555,AB
,,,,,,,,,,,,,,,,,,,,,,,,,,,ele-fashion,0.07130226181578493,0.07202594727277756,0.07130226181578493,0.06525729596614838,0.06886345632374287,0.07044667750597,0.07113626226782799,0.0715307705104351,0.071709755808115,0.0718093141913414,0.0719163741916418,0.0006419090913105278,0.05213698744773865,,,,,,,,,,,,,,,,,,,,,,,,,0.4389879638028316,0.4468936622142792,0.4389879638028316,0.4325302541255951,0.43522528260946275,0.43688881397247314,0.43790486454963684,0.4389646649360657,0.4400155022740364,0.441052183508873,0.4432936429977417,0.0016548069244085885,0.20953215658664703,0,,,,,,,,,,,,,,,,,,,,,,,,,,text,0.0,,,,,,,,0.10459026974340428,0.10844757407903671,0.10459026974340428,0.09870301187038422,0.10090926848351955,0.10252895951271057,0.10364944860339165,0.10483893007040024,0.1056723054498434,0.10624092072248459,0.10711121894419194,0.0014322596138387027,0.3497477373951066,0.3497477373951066,0.0014262733512127302,0.0069747185334563255,0.0014262733512127302,0.0,5.2581324052880514e-05,0.0004345588095020503,0.0008206905913539231,0.0012346287840045989,0.0016997855564113706,0.0027140375459566712,0.00493902205489576,0.0009730308632516383,,,,,,,,,,,,,2.738385957070612e-06,0,,,,,,,,,,,,,,,,,,,,,,,,,,,,,,,,,,,,,,,filter,,,,,,,44,,,,,,,,,,,,,,,,,,,,,,,,,AB
,,,,,,,,,,,,,,,,,,,,,,,,,,,ele-fashion,0.03801697784098257,0.1013835072517395,-0.004823496822323941,-0.10141680389642715,-0.09246273823082447,-0.07071293145418167,-0.04479846823960543,0.004881704458966851,0.03234609216451645,0.04769629240036011,0.06715150699019438,0.04444240791654594,-0.04439655318856239,,,,,,,,,,,,,,,,,,,,,,,,,0.03903102897663408,0.11221344023942947,0.005065089451870999,-0.09238779544830322,-0.08180779963731766,-0.06034106761217117,-0.034622606821358204,0.014565644320100546,0.0420051496475935,0.057334957644343376,0.07686357498168947,0.044161591279374836,0.08851046860218048,1,,,,,,,,,,,,,,,,,,,,,,,,,,text,0.4080662131309509,,,,,,,,0.03449493989235166,-0.03237161785364151,-0.03449493989235166,-0.03592827916145325,-0.03541516326367855,-0.03509547561407089,-0.03488914016634226,-0.03458581492304802,-0.034153902903199196,-0.03374175354838371,-0.03314965181052685,0.0005218589939840117,6.699836963727805e-06,6.699836963727805e-06,0.00026961072764179224,0.0013184421695768833,0.00026961072764179224,0.0,9.939531810232439e-06,8.214534318540245e-05,0.00015513645485043526,0.0002333838419872336,0.00032131318585015833,0.0005130388308316469,0.0009336312243249271,0.00018393357684380057,,,,,,,,,,,,,0.0019502461443265554,0,,,,,,,,,,,,,,,,,,,,,,,,,,,,,,,,,,,,,,,filter,,,,,,,44,,,,,,,,,,,,,,,,,,,,,,,,,AB
,,,,,,,,,,,,,,,,,,,,,,,,,,,ele-fashion,0.05516983900704116,-0.033591434359550476,-0.05516983900704116,-0.058821599930524826,-0.0588040204718709,-0.057976214215159416,-0.05706487316638231,-0.05564875528216362,-0.053768012672662735,-0.05180211737751961,-0.047247520647943,0.0025526824646309194,-0.05272166058421135,,,,,,,,,,,,,,,,,,,,,,,,,0.5191622161632098,0.5418038964271545,0.5191622161632098,0.5133945941925049,0.5150554776191711,0.5161679983139038,0.5171752721071243,0.5187013149261475,0.5206765532493591,0.5226945281028748,0.5273092180490494,0.002678675244878934,0.6619784832000732,2,,,,,,,,,,,,,,,,,,,,,,,,,,text,0.0,,,,,,,,0.03427678189591469,-0.03203421086072922,-0.03427678189591469,-0.03575478866696358,-0.03524231407791376,-0.034908879548311234,-0.034690313041210175,-0.034370532259345055,-0.03391563147306442,-0.03349067084491253,-0.03287717662751675,0.000546818083407209,0.025859786145063544,0.025859786145063544,0.0006479669248420858,-0.0,-0.0006479669248420858,-0.003168668132275343,-0.002243835630360991,-0.0012330081081017852,-0.0007722256414126605,-0.0005609013023786247,-0.00037284602876752615,-0.00019742340373340994,-2.3888099622126814e-05,0.0004420553848313966,,,,,,,,,,,,,7.175301067527217e-06,0,,,,,,,,,,,,,,,,,,,,,,,,,,,,,,,,,,,,,,,filter,,,,,,,44,,,,,,,,,,,,,,,,,,,,,,,,,AB
,,,,,,,,,,,,,,,,,,,,,,,,,,,ele-fashion,0.06249697810895163,-0.03703309968113899,-0.06249697810895163,-0.06748054921627045,-0.06747977435588837,-0.06679635122418404,-0.06575200892984867,-0.06400706246495247,-0.06094113923609257,-0.055174445733428,-0.04777511730790138,0.004629548943150877,-0.051372550427913666,,,,,,,,,,,,,,,,,,,,,,,,,0.20921999652509402,-0.1833653450012207,-0.20921999652509402,-0.21739740669727325,-0.2147466704249382,-0.21352769434452057,-0.21244872361421585,-0.21065016835927963,-0.20758917182683945,-0.20203287154436111,-0.19453829750418664,0.004610025472074499,-0.05848400294780731,3,,,,,,,,,,,,,,,,,,,,,,,,,,text,1.0,,,,,,,,0.03581854797620953,-0.034297168254852295,-0.03581854797620953,-0.03677906468510628,-0.03645203467458487,-0.036236874759197235,-0.036094880662858486,-0.035883037373423576,-0.03557901829481125,-0.0352952741086483,-0.03488098457455635,0.00036400862553648386,0.029374463243194593,0.029374463243194593,0.0010479170399105453,-0.0,-0.0010479170399105453,-0.005124492105096579,-0.0036288172588683663,-0.0019940680358558893,-0.0012488729553297162,-0.0009071111853700131,-0.000602980944677256,-0.00031928071985021234,-3.86327532396534e-05,0.0007149089757335754,,,,,,,,,,,,,2.1252334853175708e-05,0,,,,,,,,,,,,,,,,,,,,,,,,,,,,,,,,,,,,,,,filter,,,,,,,44,,,,,,,,,,,,,,,,,,,,,,,,,AB
,,,,,,,,,,,,,,,,,,,,,,,,,,,ele-fashion,0.08490989482809083,0.08567675948143005,0.08490989482809083,0.07230079919099808,0.08137906901538372,0.08381656557321548,0.08474109508097172,0.08524256572127342,0.0854466911405325,0.08553390204906464,0.0856076255440712,0.000892323547898771,0.06891263276338577,,,,,,,,,,,,,,,,,,,,,,,,,0.4799896251607092,0.48836666345596313,0.4799896251607092,0.4653569757938385,0.4698036313056946,0.47364674508571625,0.4779984951019287,0.48112262785434723,0.48279111832380295,0.4839278608560562,0.485616934299469,0.0038547621536476097,0.20953215658664703,0,,,,,,,,,,,,,,,,,,,,,,,,,,visual,0.0,,,,,,,,0.11474506617512394,0.12325093895196915,0.11474506617512394,0.09899959713220596,0.10378611013293267,0.10777415335178375,0.11250674724578857,0.11604759842157364,0.11787368357181549,0.11899276450276375,0.12066883966326714,0.004220103346401627,0.009597582624289908,0.009597582624289908,0.001889867459446295,0.0038734811823815107,0.001889867459446295,0.0,0.00012533369517768732,0.0009364259312860668,0.001528078457340598,0.0020192209631204605,0.0023773605353198946,0.0025811631930992007,0.0029613534105010337,0.0006475637797599856,,,,,,,,,,,,,1.4859191261193956e-05,0,,,,,,,,,,,,,,,,,,,,,,,,,,,,,,,,,,,,,,,filter,,,,,,,44,,,,,,,,,,,,,,,,,,,,,,,,,AB
,,,,,,,,,,,,,,,,,,,,,,,,,,,ele-fashion,0.03644674310571433,0.11667987704277039,-0.009028458456640643,-0.11639350652694702,-0.08718725591897965,-0.060964539647102356,-0.041874272748827934,-0.013957771472632885,0.022215633187443018,0.050635071471333504,0.08762595728039747,0.04222108381625164,-0.024064917117357254,,,,,,,,,,,,,,,,,,,,,,,,,0.03691260404247532,0.1479114443063736,0.01878311669632372,-0.08745656907558441,-0.05999752767384052,-0.03382720611989498,-0.014429694972932339,0.014055189210921526,0.050139373168349266,0.07890843600034714,0.11697110272944,0.04265527327170995,0.08851046860218048,1,,,,,,,,,,,,,,,,,,,,,,,,,,visual,0.37840354442596436,,,,,,,,0.03749162805467735,-0.03174309432506561,-0.03749162805467735,-0.04062522575259209,-0.03968013636767864,-0.03905593976378441,-0.03863916639238596,-0.03796756826341152,-0.03667032718658447,-0.034932203590869904,-0.03349270056933164,0.001547311618805547,-0.00017290795363212867,-0.00017290795363212867,0.0008576480261281384,0.0017578393453732133,0.0008576480261281384,0.0,5.687816646968713e-05,0.00042496305832173675,0.0006934631383046508,0.0009163504582829773,0.0010788791405502707,0.001171367650385946,0.0013439032307360325,0.00029387341116624027,,,,,,,,,,,,,0.0018194723378842528,0,,,,,,,,,,,,,,,,,,,,,,,,,,,,,,,,,,,,,,,filter,,,,,,,44,,,,,,,,,,,,,,,,,,,,,,,,,AB
,,,,,,,,,,,,,,,,,,,,,,,,,,,ele-fashion,0.08973214821048847,-0.08275885879993439,-0.08973214821048847,-0.09046867489814758,-0.09046852588653564,-0.0903901755809784,-0.090235635638237,-0.08993224054574966,-0.08946621417999268,-0.08880326524376869,-0.08709566704928874,0.0007136812669608038,-0.0770585685968399,,,,,,,,,,,,,,,,,,,,,,,,,0.45654464437998254,0.4621085226535797,0.45654464437998254,0.4525351822376251,0.4538583055138588,0.45468875765800476,0.45534899830818176,0.4562869518995285,0.45759380608797073,0.4588804841041565,0.4603233844041824,0.0015597495388705552,0.6619784832000732,2,,,,,,,,,,,,,,,,,,,,,,,,,,visual,0.0,,,,,,,,0.03756282711330136,-0.0318915881216526,-0.03756282711330136,-0.04068777710199356,-0.039731934666633606,-0.03911800496280193,-0.03870593290776014,-0.03803475387394428,-0.03674236498773098,-0.035021547228097916,-0.033591678366065025,0.0015381870656677803,0.040374694084347296,0.040374694084347296,0.001080309920885413,-0.0,-0.001080309920885413,-0.002214208245277405,-0.0016928062599617989,-0.0014754771837033331,-0.0013589769077952951,-0.0011542526772245765,-0.0008734994917176664,-0.000535291648702696,-7.164483249653107e-05,0.00037016859121061766,,,,,,,,,,,,,2.4328186240069097e-06,0,,,,,,,,,,,,,,,,,,,,,,,,,,,,,,,,,,,,,,,filter,,,,,,,44,,,,,,,,,,,,,,,,,,,,,,,,,AB
,,,,,,,,,,,,,,,,,,,,,,,,,,,ele-fashion,0.07896209074677328,-0.06829605251550674,-0.07896209074677328,-0.08021466434001923,-0.08021464943885803,-0.08011974021792412,-0.0798959881067276,-0.07947259396314621,-0.0785243771970272,-0.07711045816540718,-0.07367039956152438,0.0014038583923272612,-0.07415752857923508,,,,,,,,,,,,,,,,,,,,,,,,,0.2529614314417403,-0.2428736388683319,-0.2529614314417403,-0.25677138566970825,-0.2556360766291618,-0.2548385560512543,-0.2541353330016136,-0.2530908137559891,-0.25199509412050247,-0.25102537870407104,-0.2483501136302948,0.0015522569617961676,-0.05848400294780731,3,,,,,,,,,,,,,,,,,,,,,,,,,,visual,1.0,,,,,,,,0.03969061101804301,-0.03536490350961685,-0.03969061101804301,-0.041937921196222305,-0.041255003213882445,-0.04082500748336315,-0.04053199291229248,-0.0400466863065958,-0.039100111462175846,-0.0378149189054966,-0.03670985996723175,0.0011355051370454023,0.12441340424896036,0.12441340424896036,0.0016672056507730372,-0.0,-0.0016672056507730372,-0.003417112398892641,-0.0026124503812752662,-0.0022770537761971354,-0.002097262942697853,-0.0017813189188018441,-0.0013480421621352434,-0.0008260973845608532,-0.00011056703624490148,0.0005712686291672382,,,,,,,,,,,,,2.409501675444669e-06,0,,,,,,,,,,,,,,,,,,,,,,,,,,,,,,,,,,,,,,,filter,,,,,,,44,,,,,,,,,,,,,,,,,,,,,,,,,AB
,,,,,,,,,,,,0.015537707369201651,-0.0,-0.015537707369201651,-0.11139470338821411,-0.06022683158516884,-0.035493964329361916,-0.02220605779439211,-0.011361648794263601,-0.005083309137262404,-0.0018185035558417428,0.0,0.01398900869120616,0.054081179201602936,1,,Reddit-S,,,,,,,,,,,,,,,,,,,,,,,,,,0.0477395122317826,0.017194844782352448,-0.0471517269652649,-0.2904636561870575,-0.24200505018234253,-0.14221513867378235,-0.06601917371153831,-0.021892055869102478,-0.0059023890644311905,0.00035222098231315626,0.005524046719074249,0.05985836066618151,,,,,,,,,,,,,,,nan,0.0022573680099118817,0.011084242723882198,0.0022573680099118817,2.538486114644911e-07,5.0307688070461154e-05,0.0003912864340236411,0.0010010996484197676,0.002002379624173045,0.0032024667598307133,0.004473011288791896,0.006870651552453637,0.0016005528492484785,0.0023115951907375586,0.0009141556802205741,-0.0022799422063467033,-0.012172816321253777,-0.010537758469581604,-0.006733572063967586,-0.003349259088281542,-0.0011585805332288146,-0.00031732587376609445,1.9073304429184645e-05,0.0002971446083392948,0.002723245230289004,text,,283080,298974.0,0.0,0.0,7.106781884144902e-05,0.0013368208521390282,0.00018342647466029625,,,,,,,,,,,,,,,,,,,,,,,,,,,0.04274306236778547,0.016904179006814957,-0.04215777620529085,-0.22508472204208374,-0.19485028088092804,-0.124508186429739,-0.06193056795746088,-0.02142306137830019,-0.00586775504052639,0.00035209694178774966,0.005493699107319117,0.05035476779640571,,,0.9977263496810473,1,0.0027179479374921517,1.0009145736694336,0.9977263496810473,0.987900972366333,0.9895175695419312,0.9932890474796295,0.9966563433408737,0.9988420903682709,0.9996827244758606,1.0000190734863281,1.00029718875885,0.002711768274299894,0.21526581287086027,1.5433082580566406,-4.326718466816202e-09,-0.9936571717262268,-0.8067111968994141,-0.4164603352546691,-0.13046686723828316,0.045305222272872925,0.1694747507572174,0.31653766632080077,0.6246802806854248,0.2896575448070888,0.01748159922679789,0.1253310739994049,-3.5075076346893496e-10,-0.08069426566362381,-0.06551250070333481,-0.033820479735732066,-0.010595130734145641,0.0036792082246392965,0.013762936228886247,0.02570582237094641,0.05072988569736481,0.02352290427998032,relation,0.0,0.0,-0.06788792461156845,-0.0721791684627533,0.08120936155319214,0.07295028120279312,42,0.5925274875089834,1.000000238418579,0.49724147552313774,-0.9681817293167114,-0.7143707871437073,-0.16884877681732172,0.2691353112459183,0.6383788585662842,0.8293382674455643,0.9106994688510895,0.9707610607147217,0.424203811976188,0.04322504683108733,0.07295029610395432,0.03627390545706005,-0.07062912732362747,-0.052113551646471024,-0.012317566107958552,0.019633496645838022,0.04656991735100746,0.06050046067684889,0.06643578335642815,0.07081729173660278,0.030945787375002805,AB
,,,,,,,,,,,,0.005004771932206613,-0.0,-0.005004771932206613,-0.07026723027229309,-0.041572462767362595,-0.012925282306969163,-0.004401382291689515,-0.0018327817087993026,-0.0009180356428259984,-0.00032902479288168216,0.0,0.008538195670480834,0.05302494764328003,1,,Reddit-S,,,,,,,,,,,,,,,,,,,,,,,,,,0.01564997011430849,0.013347458094358444,-0.005241878273106887,-0.18847933411598206,-0.1563921868801117,-0.02961727082729339,-0.0023709479719400406,0.006111137568950653,0.009058894589543343,0.01018921211361885,0.011069819331169128,0.03147946569632451,,,,,,,,,,,,,,,nan,0.0008409788690783294,0.007668293081223965,0.0008409788690783294,7.88156810926921e-08,2.9861773782613454e-05,0.00021100699086673558,0.0003389378543943167,0.0004879373882431537,0.0008940927364164963,0.0020786056527867915,0.004335940917953848,0.0009253932479437556,0.0007815180988815214,0.0006984416977502406,-0.00023424202169202498,-0.008409174159169197,-0.007171175442636013,-0.001525265339296311,-0.0001254160306416452,0.00032205163734033704,0.00047600860125385225,0.000534868217073381,0.000580499938223511,0.0014974258134984439,visual,,283080,298974.0,0.0,0.0,2.800650554558087e-05,0.0005268162329901677,8.706428566200254e-05,,,,,,,,,,,,,,,,,,,,,,,,,,,0.014738691764201327,0.013171649537980556,-0.004417577307933824,-0.15858864784240723,-0.13524147868156433,-0.028765322454273698,-0.0023653398384340107,0.0060740187764167786,0.008977568242698908,0.010086439549922943,0.010948620736598969,0.028240028278830917,,,0.9997669045140518,1,0.001493868777865795,1.0006986856460571,0.9997669045140518,0.9916260838508606,0.9928544759750366,0.9984758973121644,0.9998745918273926,1.0003221035003662,1.0004761219024658,1.000535011291504,1.0005806684494019,0.0014935205637985694,0.10147208493279647,1.4246727228164673,2.187936898003498e-09,-0.9508954882621765,-0.7681944370269775,-0.13640423715114589,-0.019645631313323975,0.01829230785369873,0.04535353183746338,0.10266517400741591,0.7514312863349915,0.20066020353523978,0.00518942825551006,0.07285980880260468,1.1427472096565607e-10,-0.048630163073539734,-0.03928656876087189,-0.0069759087637066815,-0.0010047057876363397,0.0009354949288535863,0.0023194447276182473,0.005250444449484355,0.038429275155067444,0.01026205119300926,relation,0.0,0.0,-0.04266729578375816,-0.04932166263461113,0.05114143714308739,0.05373711511492729,42,0.8323892883079674,1.000000238418579,0.7895881517834558,-0.9564385414123535,-0.7017821073532104,0.4789335072040558,0.7948385924100876,0.9096737504005432,0.9608732461929321,0.9820162057876587,1.0,0.3323057376315705,0.0447301990030409,0.05373712629079819,0.04243018940727799,-0.05139624699950218,-0.037711746990680695,0.025736504234373573,0.04271233454346657,0.04888324253261089,0.05163455754518509,0.052770718932151794,0.05373711511492729,0.017857151668197447,AB
,,,,,,,,,,,,,,,,,,,,,,,,,,,Reddit-S,0.023930241910194907,0.055298447608947754,0.0039435269496692965,-0.04980197548866272,-0.04058406293392181,-0.031007431633770465,-0.020199290476739407,0.0009230783907696605,0.02848021825775504,0.04467438086867333,0.052253372743725775,0.027631663547075257,0.021966008469462395,,,,,,,,,,,,,,,,,,,,,,,,,0.2799088136880476,0.32948464155197144,0.2799088136880476,0.226979598402977,0.23624019533395768,0.2456848219037056,0.2562030404806137,0.27711834013462067,0.30408934503793716,0.3194441616535187,0.3264744532108307,0.02696463965143163,0.17142927646636963,0,,,,,,,,,,,,,,,,,,,,,,,,,,text,0.0,,,,,,,,0.08199203353948499,0.08360318094491959,0.08199203353948499,0.07987424731254578,0.0803350955247879,0.08089222162961959,0.08152629621326923,0.08212519809603691,0.08251036703586578,0.08283882141113282,0.0832082148641348,0.0007117270569117312,-0.0015104708356989665,-0.0015104708356989665,0.0005779663551259798,0.0028379596769809723,0.0005779663551259798,6.49942606401055e-08,1.2880554095318075e-05,0.0001001832148176618,0.0002563170564826578,0.00051268027164042,0.0008199451840482652,0.001145249721594155,0.0017591307300608605,0.0004097983543146504,,,,,,,,,,,,,0.0007270917915315589,0,,,,,,,,,,,,,,,,,,,,,,,,,,,,,,,,,,,,,,,filter,,,,,,,42,,,,,,,,,,,,,,,,,,,,,,,,,AB
,,,,,,,,,,,,,,,,,,,,,,,,,,,Reddit-S,0.030054391437317723,0.048331234604120255,-0.009621521587072477,-0.06373544037342072,-0.061009210683405396,-0.05619566738605499,-0.044209059327840805,-0.006043906090781093,0.019243752118200064,0.037197041884064676,0.04573172032833099,0.03391022621912164,-0.017531821504235268,,,,,,,,,,,,,,,,,,,,,,,,,0.05477198646765825,0.11242561042308807,0.05477198646765825,0.0012902652379125357,0.0040014550695195794,0.008683654479682446,0.020292242988944054,0.05826215259730816,0.08346814662218094,0.10129200145602227,0.10983215428888798,0.03366396707131541,0.10853429138660431,1,,,,,,,,,,,,,,,,,,,,,,,,,,text,0.0,,,,,,,,0.026438966505974812,-0.025563182309269905,-0.026438966505974812,-0.0271109901368618,-0.026945674754679204,-0.026791244372725488,-0.02665430959314108,-0.026493697427213192,-0.02624482335522771,-0.02598255332559347,-0.02575286913663149,0.0002956275014946355,-0.0003341274221262708,-0.0003341274221262708,0.0001699972456783134,-1.9116761507120827e-08,-0.0001699972456783134,-0.0008347291150130332,-0.0005174131481908261,-0.00033685228263493624,-0.00024117047723848373,-0.00015079464355949312,-7.539053694927134e-05,-2.9466889827745022e-05,-3.788557251027669e-06,0.00012053399118438292,,,,,,,,,,,,,0.0011332626789786083,0,,,,,,,,,,,,,,,,,,,,,,,,,,,,,,,,,,,,,,,filter,,,,,,,42,,,,,,,,,,,,,,,,,,,,,,,,,AB
,,,,,,,,,,,,,,,,,,,,,,,,,,,Reddit-S,0.02595031793672838,0.055847521871328354,0.005908682190118499,-0.055844496935606,-0.0475262900441885,-0.035567762330174446,-0.020279180258512497,0.009816957637667656,0.029944613575935364,0.04474035911262036,0.053011756129562854,0.02919049820548742,-0.017893165349960327,,,,,,,,,,,,,,,,,,,,,,,,,0.6639734987149347,0.7137264609336853,0.6639734987149347,0.6028472185134888,0.6109057641029358,0.6228814125061035,0.637958824634552,0.6677747368812561,0.6878770738840103,0.702585631608963,0.7108086389303208,0.02898771392327323,0.7034041881561279,2,,,,,,,,,,,,,,,,,,,,,,,,,,text,0.0,,,,,,,,0.027268637566577266,-0.02654959075152874,-0.027268637566577266,-0.027815882116556168,-0.027681687977164984,-0.02755624856799841,-0.02744464762508869,-0.02731382753700018,-0.027110493276268244,-0.026895190216600896,-0.026706022042781115,0.0002416851686392708,-0.00035398050259110024,-0.00035398050259110024,0.00017753924996783766,-1.9964884856449316e-08,-0.00017753924996783766,-0.000871762225870043,-0.0005403683980694041,-0.00035179689002688973,-0.0002518701076041907,-0.00015748471923870966,-7.873527283663861e-05,-3.0774202241445874e-05,-3.956638465751894e-06,0.0001258815358573292,,,,,,,,,,,,,0.0008402875584975286,0,,,,,,,,,,,,,,,,,,,,,,,,,,,,,,,,,,,,,,,filter,,,,,,,42,,,,,,,,,,,,,,,,,,,,,,,,,AB
,,,,,,,,,,,,,,,,,,,,,,,,,,,Reddit-S,0.03602026388504805,0.06762416660785675,-0.0033266779395285094,-0.0686354711651802,-0.0660652270168066,-0.060055167973041536,-0.04504070710390806,0.0017193322419188917,0.030319159850478172,0.05096376463770868,0.06539452381432057,0.04106257360588079,-0.01814749464392662,,,,,,,,,,,,,,,,,,,,,,,,,0.06923075940053411,0.0015788397286087275,-0.06922417339517092,-0.13406410813331604,-0.13148565500974654,-0.12560628056526185,-0.11083786562085152,-0.06424326449632645,-0.035691563971340656,-0.015113672986626603,-0.0006245209049666317,0.040902002335170495,-0.019235141575336456,3,,,,,,,,,,,,,,,,,,,,,,,,,,text,0.9945891499519348,,,,,,,,0.028284429432126963,-0.027761491015553474,-0.028284429432126963,-0.028676321730017662,-0.028580832686275245,-0.028491314314305783,-0.028411453124135733,-0.0283176451921463,-0.028170877136290073,-0.028014611452817917,-0.02787620261311531,0.00017441667741228096,-0.0004794022143777639,-0.0004794022143777639,0.00023042983933314748,-2.5912608947464832e-08,-0.00023042983933314748,-0.0011314682196825743,-0.0007013491255929694,-0.0004566004412481561,-0.0003269045555498451,-0.00020440087973838672,-0.00010219123760180082,-3.9942121657077205e-05,-5.135357696417486e-06,0.0001633828130281878,,,,,,,,,,,,,0.0016729737950262928,0,,,,,,,,,,,,,,,,,,,,,,,,,,,,,,,,,,,,,,,filter,,,,,,,42,,,,,,,,,,,,,,,,,,,,,,,,,AB
,,,,,,,,,,,,,,,,,,,,,,,,,,,Reddit-S,0.021098893461324045,0.025647932663559914,0.020795440503379274,-0.006160373333841562,-0.0040051680989563465,0.015981336683034898,0.020603020675480366,0.02247687615454197,0.02369646029546857,0.02452745530754328,0.02523935841396451,0.005743184692880373,0.020029528066515923,,,,,,,,,,,,,,,,,,,,,,,,,0.2929474896749821,0.2980719804763794,0.2929474896749821,0.26907995343208313,0.2708059847354889,0.2886900156736374,0.2929985895752907,0.2945955842733383,0.29535069316625595,0.2958624392747879,0.29678255289793015,0.005056850284293303,0.17142927646636963,0,,,,,,,,,,,,,,,,,,,,,,,,,,visual,0.0,,,,,,,,0.08047585259751282,0.08320225775241852,0.08047585259751282,0.07702244073152542,0.0782877729088068,0.07907743379473686,0.07979205809533596,0.08055838197469711,0.08111501485109329,0.08149833753705024,0.08320225775241852,0.0010233476107844187,0.0009738091563016867,0.0009738091563016867,0.0002173896517443376,0.0019822230096906424,0.0002173896517443376,2.0373537523710183e-08,7.71914872530033e-06,5.454445890791249e-05,8.761407298152335e-05,0.0001261298530152999,0.00023111938207875937,0.0005373111926019193,0.0011208232527133077,0.0002392104289174561,,,,,,,,,,,,,2.5571734797757264e-05,0,,,,,,,,,,,,,,,,,,,,,,,,,,,,,,,,,,,,,,,filter,,,,,,,42,,,,,,,,,,,,,,,,,,,,,,,,,AB
,,,,,,,,,,,,,,,,,,,,,,,,,,,Reddit-S,0.0261654493359588,-0.013068526983261108,-0.0261654493359588,-0.029004359617829323,-0.028579368852078915,-0.028162988647818566,-0.02779224654659629,-0.027084129862487316,-0.025458100251853466,-0.023785913735628127,-0.013068529777228832,0.002825245315628786,-0.020657500252127647,,,,,,,,,,,,,,,,,,,,,,,,,0.035366344723742206,0.04743319749832153,0.035366344723742206,0.03245318681001663,0.03304042506963015,0.033517897501587866,0.033882259391248226,0.03454498201608658,0.03599975258111954,0.037500474601984024,0.04743319749832153,0.002596695541363802,0.10853429138660431,1,,,,,,,,,,,,,,,,,,,,,,,,,,visual,0.0,,,,,,,,0.026275204853436564,-0.02495643123984337,-0.026275204853436564,-0.027326885610818863,-0.027326885610818863,-0.026667818240821362,-0.026520161423832178,-0.026306385174393654,-0.026012189220637083,-0.025738954730331897,-0.02543631400913,0.00039330571591910264,0.002045796765251449,0.002045796765251449,6.979035714409434e-05,-6.5406813298807265e-09,-6.979035714409434e-05,-0.0006363690481521189,-0.000359826956409961,-0.00017249735683435574,-7.41981239116285e-05,-4.049248673254624e-05,-2.8127453333581798e-05,-1.751084837451344e-05,-2.47814059548546e-06,7.679565760704408e-05,,,,,,,,,,,,,6.742827734538647e-06,0,,,,,,,,,,,,,,,,,,,,,,,,,,,,,,,,,,,,,,,filter,,,,,,,42,,,,,,,,,,,,,,,,,,,,,,,,,AB
,,,,,,,,,,,,,,,,,,,,,,,,,,,Reddit-S,0.02032754980756608,-0.01607838273048401,-0.02032754980756608,-0.021909812465310097,-0.021745832189917564,-0.021561643667519094,-0.02116940403357148,-0.02038886770606041,-0.01976767973974347,-0.019172351993620395,-0.01656065508723259,0.001075392364340056,-0.020748967304825783,,,,,,,,,,,,,,,,,,,,,,,,,0.6355706296492721,0.6397805213928223,0.6355706296492721,0.6333991289138794,0.6338371992111206,0.6345441937446594,0.6348816752433777,0.635503888130188,0.6360890418291092,0.636652946472168,0.6384140253067017,0.0009349637481399775,0.7034041881561279,2,,,,,,,,,,,,,,,,,,,,,,,,,,visual,0.0,,,,,,,,0.02668513651837399,-0.02549029141664505,-0.02668513651837399,-0.027630871161818504,-0.027630871161818504,-0.02703943196684122,-0.02690650150179863,-0.026713554747402668,-0.026448098942637444,-0.026200730167329312,-0.025927579645067454,0.0003546201368465352,0.01884557107445854,0.01884557107445854,7.189801122623761e-05,-6.738208213619146e-09,-7.189801122623761e-05,-0.0006555872969329357,-0.0003706936439266428,-0.00017770673584891484,-7.643889330211096e-05,-4.171535147179384e-05,-2.8976896373933414e-05,-1.8039671522274146e-05,-2.552979881329524e-06,7.911487029162277e-05,,,,,,,,,,,,,8.741572103359553e-07,0,,,,,,,,,,,,,,,,,,,,,,,,,,,,,,,,,,,,,,,filter,,,,,,,42,,,,,,,,,,,,,,,,,,,,,,,,,AB
,,,,,,,,,,,,,,,,,,,,,,,,,,,Reddit-S,0.010563769372911909,-0.0011186585761606693,-0.010563769372911909,-0.012908343225717545,-0.012711091479286552,-0.012377463653683663,-0.012048814445734024,-0.01105866814032197,-0.010007132077589631,-0.00830232510343194,-0.0011186590418219566,0.002191259842883422,-0.020873557776212692,,,,,,,,,,,,,,,,,,,,,,,,,0.07826368130740691,-0.0695241242647171,-0.07826368130740691,-0.08081267029047012,-0.08026842318475247,-0.0799665741622448,-0.07960801385343075,-0.07873979210853577,-0.07775833830237389,-0.07615274414420127,-0.0695241242647171,0.002029746762603345,-0.019235141575336456,3,,,,,,,,,,,,,,,,,,,,,,,,,,visual,1.0,,,,,,,,0.027515511410044838,-0.026575731113553047,-0.027515511410044838,-0.028244510293006897,-0.028244510293006897,-0.027790877595543863,-0.027688232250511646,-0.02753855660557747,-0.02733181556686759,-0.027138083986938,-0.02692276919260621,0.00027542871791477383,0.005355872560506184,0.005355872560506184,7.57012759484823e-05,-7.094646647942682e-09,-7.57012759484823e-05,-0.0006902665481902659,-0.0003903026253101416,-0.00018710707954596728,-8.048235940805171e-05,-4.3922011172981e-05,-3.0509717817039927e-05,-1.8993935918842903e-05,-2.6880275981966445e-06,8.329989273775715e-05,,,,,,,,,,,,,4.119871920298759e-06,0,,,,,,,,,,,,,,,,,,,,,,,,,,,,,,,,,,,,,,,filter,,,,,,,42,,,,,,,,,,,,,,,,,,,,,,,,,AB
,,,,,,,,,,,,0.008884936707046572,-0.0,-0.008884936707046572,-0.07534908503293991,-0.038338761776685715,-0.02015308402478695,-0.012486676685512066,-0.006590003380551934,-0.0025214666966348886,-0.0008505424601025878,0.0,0.008397477763388247,0.051997698843479156,1,,Reddit-S,,,,,,,,,,,,,,,,,,,,,,,,,,0.029726147770492647,0.003452025353908539,-0.029725542796350108,-0.17913879454135895,-0.14363572001457214,-0.07578110247850418,-0.037775442004203796,-0.016803458333015442,-0.009105815552175045,-0.005907239019870758,-0.0036735311150550842,0.03131541741414094,,,,,,,,,,,,,,,nan,0.0013437782428811272,0.006518414709717035,0.0013437782428811272,0.00019240443361923099,0.0002464345854241401,0.0004142517427681014,0.0006863952294224873,0.001165609573945403,0.0017773125146050006,0.0025032406207174066,0.004246867243200539,0.0008650464465594063,0.001456817599393303,0.00017891713650897145,-0.0014567861890109333,-0.007899648509919643,-0.006530702114105225,-0.003662860812619328,-0.0018927474739030004,-0.0008593018283136189,-0.0004691986250691116,-0.00030534161487594247,-0.00019033574790228158,0.0014562571740180366,text,,283080,298974.0,0.0,0.0,3.787213948721442e-05,0.0007123936910822722,9.957587072717875e-05,,,,,,,,,,,,,,,,,,,,,,,,,,,0.028016960158391547,0.003440149826928973,-0.028016356252864902,-0.15192341804504395,-0.12559568881988525,-0.07044286802411079,-0.03640040196478367,-0.016525767743587494,-0.009023647755384445,-0.005872548278421164,-0.0036600856110453606,0.028006186005148564,,,0.9985453323087771,1,0.0014544017375803032,1.0001789331436157,0.9985453323087771,0.9921314716339111,0.9934905767440796,0.9963438391685486,0.9981090426445007,0.9991410672664642,0.9995309114456177,0.9996947050094604,0.9998096823692322,0.001452286066364041,0.17598970641908565,1.492488145828247,1.4887080154497105e-09,-0.965563178062439,-0.7390541434288025,-0.32864396274089813,-0.09993518888950348,0.027594953775405884,0.14748704433441162,0.25801037549972533,0.5191278457641602,0.24215588584718742,0.009934982469208415,0.08425404131412506,8.377974738685142e-11,-0.0545080341398716,-0.04172113165259361,-0.018552631326019763,-0.005641547963023186,0.0015577921294607222,0.008325948379933834,0.014565218891948463,0.02930583991110325,0.013670199977529841,relation,0.0,0.0,-0.04156363010406494,-0.05048554763197899,0.05645206570625305,0.037849634885787964,43,0.6054412402004118,1.000000238418579,0.5475092164336893,-0.9171465635299683,-0.6288325786590576,0.0013984479010105133,0.35572436451911926,0.6572183072566986,0.8405508399009705,0.9220165193080903,0.9755924940109253,0.37596471455564917,0.02291572988815619,0.03784964233636856,0.020723023940337044,-0.034713663160800934,-0.023801082745194435,5.293074354995042e-05,0.013464037328958511,0.02487547229975462,0.03181454353034496,0.03489798977971077,0.036925818771123886,0.014230127176502832,AB
,,,,,,,,,,,,0.003945741974618184,-0.0,-0.003945741974618184,-0.07007557153701782,-0.03822610527276993,-0.009216069802641868,-0.003096161352004856,-0.0014237461145967245,-0.0007588962762383744,-0.000271166514721699,0.0,0.007323022322613884,0.05205415189266205,1,,Reddit-S,,,,,,,,,,,,,,,,,,,,,,,,,,0.012499826160002007,0.015704769641160965,-0.004146368250393469,-0.16803927719593048,-0.14855967462062836,-0.020689053647220134,-0.0010627591982483864,0.004950214177370071,0.007042642682790756,0.007870210707187653,0.010073918849229813,0.027049191511676583,,,,,,,,,,,,,,,nan,0.0006538139185860551,0.007109003607183695,0.0006538139185860551,7.551011549367104e-07,3.247720313083846e-05,0.00016951281722867864,0.0002578537678346038,0.0003535434079822153,0.0006662112864432856,0.0016405016183853151,0.0036850849213078615,0.000782651884099714,0.000615635902282572,0.0008048156159929931,-0.0001836398275856299,-0.007488743867725134,-0.006732906214892864,-0.001055141445249319,-5.525503365788609e-05,0.0002563863235991448,0.00036399890086613595,0.00040642108069732785,0.0005191409145481884,0.0012681064608733488,visual,,283080,298974.0,0.0,0.0,2.1397681208223058e-05,0.0004025009757284509,7.050920433402999e-05,,,,,,,,,,,,,,,,,,,,,,,,,,,0.011826835919232127,0.015461944043636322,-0.0035278648497614824,-0.14386440813541412,-0.12934432923793793,-0.020269692689180375,-0.0010616309300530702,0.004925830289721489,0.006993390619754791,0.007808754127472639,0.009973447769880295,0.024361296828305467,,,0.9998171796969847,1,0.0012651836955990836,1.000805139541626,0.9998171796969847,0.9925392270088196,0.9932897090911865,0.998945415019989,0.9999447464942932,1.0002564191818237,1.000364065170288,1.0004065036773682,1.0005192756652832,0.0012649523943337492,0.09131412841075649,1.6217201948165894,7.866576610858685e-09,-0.970629096031189,-0.8333824276924133,-0.10834525227546689,-0.014461591839790344,0.018480688333511353,0.04053583741188049,0.08127604126930238,0.7784304022789001,0.19250780151408492,0.004415957488507744,0.07842650264501572,3.786538341100359e-10,-0.04693968966603279,-0.04030242934823036,-0.0052395838778465965,-0.0006993635615799576,0.0008937273523770273,0.001960315858013928,0.003930515004321933,0.037644948810338974,0.009309690430428603,relation,0.0,0.0,-0.03683793917298317,-0.04321064054965973,0.04836006835103035,0.04501093551516533,43,0.8565098121161331,1.000000238418579,0.8139646962423286,-0.954063355922699,-0.8002755641937256,0.568730628490448,0.8344220668077469,0.9249826669692993,0.9690728783607483,0.9889716684818268,1.0,0.3290195410224213,0.038552307920816965,0.045010946691036224,0.03663731245291402,-0.042943283915519714,-0.0360211506485939,0.025599097274243834,0.0375581169500947,0.0416343342512846,0.0436188755556941,0.0445145383477211,0.04501093551516533,0.014809477344695093,AB
,,,,,,,,,,,,,,,,,,,,,,,,,,,Reddit-S,0.015559982293953235,0.03681669756770134,0.0069232679604477,-0.029261942952871323,-0.02395326744765043,-0.01639366690069437,-0.007581774261780083,0.006343167740851641,0.02276110276579857,0.03065272867679596,0.03474203761667013,0.01716989860231249,0.01819233037531376,,,,,,,,,,,,,,,,,,,,,,,,,0.2778595821488739,0.3063865900039673,0.2778595821488739,0.2424934059381485,0.2475530406832695,0.2550675362348557,0.26385244727134705,0.2774507403373718,0.2933914214372635,0.3007196933031082,0.30439918220043183,0.016677425021573978,0.1710188239812851,0,,,,,,,,,,,,,,,,,,,,,,,,,,text,0.0,,,,,,,,0.08142973836434027,0.08273547142744064,0.08142973836434027,0.07952751219272614,0.07999615162611008,0.08055033013224602,0.08101185224950314,0.08153495192527771,0.08190342970192432,0.08212022185325622,0.08242758333683015,0.0005959555201315893,0.0024616772784784823,0.0024616772784784823,0.00029541577746849956,0.0014330062549561262,0.00029541577746849956,4.229812839184888e-05,5.4176097473828126e-05,9.106897341553122e-05,0.00015089690714376047,0.0002562472363933921,0.0003907238133251667,0.0005503116175532342,0.0009336299530696121,0.0001901715327533212,,,,,,,,,,,,,0.00027813650535022175,0,,,,,,,,,,,,,,,,,,,,,,,,,,,,,,,,,,,,,,,filter,,,,,,,43,,,,,,,,,,,,,,,,,,,,,,,,,AB
,,,,,,,,,,,,,,,,,,,,,,,,,,,Reddit-S,0.01805576523033629,0.035147760063409805,-0.008348624174299565,-0.043920110911130905,-0.04172001529484987,-0.03750758282840252,-0.027671908494085073,-0.005279560806229711,0.009106806246563792,0.01672573443502188,0.025666868556290832,0.020220321369998077,-0.017580876126885414,,,,,,,,,,,,,,,,,,,,,,,,,0.052765763394733343,0.09593591839075089,0.052765763394733343,0.01792401634156704,0.019903819430619477,0.0239486925303936,0.03353724256157875,0.05574840120971203,0.07010085694491863,0.07765081673860551,0.08654765285551547,0.020040529345742537,0.105318583548069,1,,,,,,,,,,,,,,,,,,,,,,,,,,text,0.0,,,,,,,,0.026521423071476594,-0.025776563212275505,-0.026521423071476594,-0.027035081759095192,-0.026914018243551253,-0.02679244875907898,-0.026707271113991737,-0.02656244020909071,-0.026357296388596296,-0.02617651503533125,-0.02596020232886076,0.00023380752304456628,0.00024410166405035449,0.00024410166405035449,0.00010189866289001968,-1.4590022146876436e-05,-0.00010189866289001968,-0.0004942911909893155,-0.0003220398147823289,-0.00018982065812451763,-0.00013477355969371274,-8.838814392220229e-05,-5.204932949709473e-05,-3.141269662592094e-05,-1.8687125684664376e-05,6.559644544654418e-05,,,,,,,,,,,,,0.0004016228164575678,0,,,,,,,,,,,,,,,,,,,,,,,,,,,,,,,,,,,,,,,filter,,,,,,,43,,,,,,,,,,,,,,,,,,,,,,,,,AB
,,,,,,,,,,,,,,,,,,,,,,,,,,,Reddit-S,0.014978409897529242,0.026439446955919266,-0.009417784124991791,-0.038270846009254456,-0.03611834466457367,-0.03279902264475822,-0.024979840964078903,-0.00677806930616498,0.004455447779037058,0.010356827359646563,0.018716929275542495,0.016174369338132228,-0.017748992890119553,,,,,,,,,,,,,,,,,,,,,,,,,0.645920531212256,0.6815690994262695,0.645920531212256,0.617699146270752,0.6196720558404922,0.6228367686271667,0.6304609924554825,0.6485181748867035,0.6596705317497253,0.6655373573303223,0.673840903043747,0.016019716535996917,0.7002822756767273,2,,,,,,,,,,,,,,,,,,,,,,,,,,text,0.0,,,,,,,,0.027046233509825778,-0.0263944361358881,-0.027046233509825778,-0.027494031935930252,-0.027388374358415603,-0.027282992377877235,-0.027208613231778145,-0.027082275599241257,-0.02690294710919261,-0.026744792796671392,-0.026554909758269785,0.00020429780061979332,0.0006523711412178795,0.0006523711412178795,0.0001487154717554565,-2.1293331883498468e-05,-0.0001487154717554565,-0.0007213907083496451,-0.00046999933023471384,-0.0002770327701000497,-0.00019669456378323957,-0.00012899760622531176,-7.596312207169831e-05,-4.584509588312357e-05,-2.7272828629065807e-05,9.573438987362866e-05,,,,,,,,,,,,,0.00025663131789369303,0,,,,,,,,,,,,,,,,,,,,,,,,,,,,,,,,,,,,,,,filter,,,,,,,43,,,,,,,,,,,,,,,,,,,,,,,,,AB
,,,,,,,,,,,,,,,,,,,,,,,,,,,Reddit-S,0.0147028571762628,0.02611629292368889,-0.006375110189646774,-0.036260418593883514,-0.03428143747150898,-0.03073429837822914,-0.022380037233233452,-0.0035918792709708214,0.008197559509426355,0.013901003263890745,0.020335772559046745,0.016613036164554038,-0.017899509519338608,,,,,,,,,,,,,,,,,,,,,,,,,0.07447600567051715,-0.042221520096063614,-0.07447600567051715,-0.10402131825685501,-0.10205029800534249,-0.09855854734778405,-0.09038985334336758,-0.07168423384428024,-0.05998903978615999,-0.054336867108941075,-0.047969939559698103,0.016486785539145357,-0.022294502705335617,3,,,,,,,,,,,,,,,,,,,,,,,,,,text,1.0,,,,,,,,0.02786208160232827,-0.02735651656985283,-0.02786208160232827,-0.02820635586977005,-0.028125400990247726,-0.028044646419584752,-0.027987460605800152,-0.02789025940001011,-0.027751646004617214,-0.027629030123353004,-0.027481227703392504,0.00015785118066396098,0.0002472152445396757,0.0002472152445396757,4.48016584665726e-05,-6.414776635210728e-06,-4.48016584665726e-05,-0.00021732439927291125,-0.00014159085170831532,-8.345821042894385e-05,-5.925572168052895e-05,-3.8861504435772076e-05,-2.288446466991445e-05,-1.3811181452183517e-05,-8.216145888582116e-06,2.884070761704833e-05,,,,,,,,,,,,,0.00027181409741377247,0,,,,,,,,,,,,,,,,,,,,,,,,,,,,,,,,,,,,,,,filter,,,,,,,43,,,,,,,,,,,,,,,,,,,,,,,,,AB
,,,,,,,,,,,,,,,,,,,,,,,,,,,Reddit-S,0.020362908258111916,0.023927468806505203,0.020223454559852708,-0.0031887441873550415,-0.0017823472153395414,0.016851851344108583,0.02031758427619934,0.021757659502327442,0.022557721007615328,0.02299233190715313,0.02349213942885399,0.005016696838310335,0.01918453350663185,,,,,,,,,,,,,,,,,,,,,,,,,0.2902240112463273,0.29444420337677,0.2902240112463273,0.2691613435745239,0.27003389596939087,0.28754923641681673,0.29030636698007584,0.2915130853652954,0.29221320897340775,0.2927381545305252,0.29337768524885177,0.004506933305111139,0.1710188239812851,0,,,,,,,,,,,,,,,,,,,,,,,,,,visual,0.0,,,,,,,,0.07964043196033378,0.08170252293348312,0.07964043196033378,0.07633940875530243,0.07735462285578251,0.07842307612299919,0.07896094210445881,0.07961247116327286,0.08039949461817741,0.08082626312971115,0.08151169866323471,0.0009649209546550848,-0.0016113356872322828,-0.0016113356872322828,0.0001567707876510851,0.001704589114524424,0.0001567707876510851,1.8105733090578724e-07,7.787348286001361e-06,4.0645598710398195e-05,6.182789365993813e-05,8.477225492242724e-05,0.00015974342022673227,0.00039335768669843677,0.0008836056699510663,0.00018766341456591978,,,,,,,,,,,,,2.0312447816720014e-05,0,,,,,,,,,,,,,,,,,,,,,,,,,,,,,,,,,,,,,,,filter,,,,,,,43,,,,,,,,,,,,,,,,,,,,,,,,,AB
,,,,,,,,,,,,,,,,,,,,,,,,,,,Reddit-S,0.027329952609109455,-0.0156029611825943,-0.027329952609109455,-0.02910981886088848,-0.028791530914604666,-0.028543864376842976,-0.028283641207963228,-0.027843574061989784,-0.02721454994753003,-0.026380626112222673,-0.015602963045239449,0.002213998704331276,-0.018838346004486084,,,,,,,,,,,,,,,,,,,,,,,,,0.03292766000186724,0.04398292675614357,0.03292766000186724,0.03121255710721016,0.03164581812918186,0.03192767351865768,0.03213790152221918,0.03249271586537361,0.03292433172464371,0.033578261733055115,0.04398292675614357,0.0020461891290262067,0.105318583548069,1,,,,,,,,,,,,,,,,,,,,,,,,,,visual,0.0,,,,,,,,0.026172617443090598,-0.024963201954960823,-0.026172617443090598,-0.026932695880532265,-0.026862073689699173,-0.02660899646580219,-0.026451596058905125,-0.02616181131452322,-0.02592256059870124,-0.025725099816918374,-0.02533342842012644,0.00035488448448587706,0.0014737462266570093,0.0014737462266570093,5.000747329989817e-05,-5.7754508731022725e-08,-5.000747329989817e-05,-0.0005437377258203924,-0.0002818566272617318,-0.00012547505612019448,-5.095569667901145e-05,-2.7041047360398807e-05,-1.9722148863365874e-05,-1.2965321366209528e-05,-2.484044421180443e-06,5.986174673253447e-05,,,,,,,,,,,,,4.186889951745026e-06,0,,,,,,,,,,,,,,,,,,,,,,,,,,,,,,,,,,,,,,,filter,,,,,,,43,,,,,,,,,,,,,,,,,,,,,,,,,AB
,,,,,,,,,,,,,,,,,,,,,,,,,,,Reddit-S,0.026727135790430165,-0.021805567666888237,-0.026727135790430165,-0.028728347271680832,-0.02844841970130801,-0.028056363947689532,-0.02754697622731328,-0.02686248440295458,-0.02617815136909485,-0.02551706340163946,-0.021805567666888237,0.0012451824104667383,-0.0188642218708992,,,,,,,,,,,,,,,,,,,,,,,,,0.628256675528628,0.6325440406799316,0.628256675528628,0.6260013580322266,0.6266966462135315,0.6270782291889191,0.6275038868188858,0.6281375288963318,0.6287177056074142,0.6292954564094544,0.6325440406799316,0.0010971301012335265,0.7002822756767273,2,,,,,,,,,,,,,,,,,,,,,,,,,,visual,0.0,,,,,,,,0.026381289403957325,-0.025232354179024696,-0.026381289403957325,-0.02710099332034588,-0.027034303173422813,-0.02679487653076649,-0.02664588624611497,-0.02637134026736021,-0.02614426938816905,-0.0259569488465786,-0.025585062857717274,0.00033642264862620067,0.008110651703642793,0.008110651703642793,5.296169307498318e-05,-6.11663892868819e-08,-5.296169307498318e-05,-0.0005758593906648457,-0.0002985074673779309,-0.0001328875674516894,-5.3965934057487175e-05,-2.8638512958423235e-05,-2.0887247046630364e-05,-1.3731255148741173e-05,-2.630790893363156e-06,6.339811331841476e-05,,,,,,,,,,,,,1.2036944590326884e-06,0,,,,,,,,,,,,,,,,,,,,,,,,,,,,,,,,,,,,,,,filter,,,,,,,43,,,,,,,,,,,,,,,,,,,,,,,,,AB
,,,,,,,,,,,,,,,,,,,,,,,,,,,Reddit-S,0.020463339790933437,-0.015412481501698494,-0.020463339790933437,-0.021499648690223694,-0.021398516446352003,-0.021289850957691668,-0.021178765688091516,-0.020716973580420017,-0.020260377787053585,-0.01953221149742603,-0.015412482433021069,0.0011291804144842345,-0.018945900723338127,,,,,,,,,,,,,,,,,,,,,,,,,0.08884406795558111,-0.08430292457342148,-0.08884406795558111,-0.09019534289836884,-0.08992641888558865,-0.08961124271154404,-0.08937237970530987,-0.08907271176576614,-0.08869382366538048,-0.08807454258203506,-0.08430292457342148,0.001007597552724669,-0.022294502705335617,3,,,,,,,,,,,,,,,,,,,,,,,,,,visual,1.0,,,,,,,,0.027086524985078124,-0.02614385262131691,-0.027086524985078124,-0.027668839320540428,-0.027615316212177277,-0.027422412112355233,-0.02730198623612523,-0.027079198509454727,-0.026894152630120516,-0.02674099653959274,-0.026435499265789985,0.00027361516670861263,0.005384791535209136,0.005384791535209136,5.3801626772696185e-05,-6.213644354602366e-08,-5.3801626772696185e-05,-0.0005849920562468469,-0.00030324157938594,-0.00013499507331289352,-5.482179312821245e-05,-2.90926973320893e-05,-2.12185032069101e-05,-1.394902301399269e-05,-2.672513230663754e-06,6.440356104338623e-05,,,,,,,,,,,,,1.015252828256742e-06,0,,,,,,,,,,,,,,,,,,,,,,,,,,,,,,,,,,,,,,,filter,,,,,,,43,,,,,,,,,,,,,,,,,,,,,,,,,AB
,,,,,,,,,,,,0.0040951049457031785,-0.0,-0.0040951049457031785,-0.03209187462925911,-0.015697959810495377,-0.009007972385734319,-0.0057566993637010455,-0.0031912652775645256,-0.0014600295980926603,-0.0005125922034494576,0.0,0.003515371170251598,0.05054440349340439,1,,Reddit-S,,,,,,,,,,,,,,,,,,,,,,,,,,0.013043977977634024,0.011837629601359367,-0.011437598185794567,-0.08796337246894836,-0.06223125383257866,-0.03506838791072368,-0.018865454476326704,-0.006395809352397919,0.0006430847570300102,0.00353728998452425,0.005906680598855019,0.015903551632535505,,,,,,,,,,,,,,,nan,0.0006002311173263368,0.003429110860452056,0.0006002311173263368,1.390536823464572e-07,2.0538795070024207e-05,0.00013196438667364418,0.0002517598040867597,0.0005284775979816914,0.0008588796481490135,0.0011776633444242181,0.0018166712904348961,0.0004214972045541995,0.0006406617308187584,0.0005913416389375925,-0.0005597848906527631,-0.004086607601493597,-0.0029611876234412193,-0.0017124763689935207,-0.0009358879906358197,-0.000321201398037374,3.245420339226257e-05,0.00017820201173890382,0.0002967870968859643,0.0007695283152695266,text,,283080,298974.0,0.0,0.0,1.9693994766644545e-05,0.0003704537904097371,4.92024931463921e-05,,,,,,,,,,,,,,,,,,,,,,,,,,,0.012675223790478307,0.011699140071868896,-0.011075114309835338,-0.08085141330957413,-0.058585409075021744,-0.03388026244938373,-0.01851613912731409,-0.006355162709951401,0.0006426714244298637,0.003524821670725942,0.005871996283531189,0.015224795491761945,,,0.9994406675827509,1,0.0007691457583526543,1.000591516494751,0.9994406675827509,0.9959217309951782,0.9970431923866272,0.9982889890670776,0.9990645498037338,0.9996788501739502,1.0000324547290802,1.0001782178878784,1.0002968311309814,0.0007687155501971871,0.16976828311420755,1.3304134607315063,4.829862296488623e-10,-0.9177433848381042,-0.6113756895065308,-0.29996685981750487,-0.12384635210037231,0.02254447340965271,0.13710693269968033,0.2500832378864289,0.5288150310516357,0.22374057953380974,0.005209513076599669,0.040825095027685165,1.5215423890444398e-11,-0.028161892667412758,-0.018760686740279198,-0.009204789437353611,-0.0038003518129698932,0.0006918002036400139,0.0042072663782164454,0.007674059597775343,0.016227228567004204,0.006865708090778282,relation,0.0,0.0,-0.017840836197137833,-0.024121731519699097,0.030686020851135254,0.023267151787877083,44,0.5095702149793784,1.000000238418579,0.4512087702327988,-0.918888509273529,-0.5041370391845703,-0.08179635033011433,0.20133298262953758,0.5179150998592377,0.7607904225587845,0.8762107253074646,0.9596672058105469,0.3674497912913531,0.011856247539638294,0.02326715737581253,0.010498342946032845,-0.021379917860031128,-0.011729832738637924,-0.001903168088756501,0.0046844452153891325,0.012050409335643053,0.017701426055282354,0.020386927761137486,0.022328723222017288,0.008549510068599914,AB
,,,,,,,,,,,,0.0026621751041469984,-0.0,-0.0026621751041469984,-0.052675072103738785,-0.020192088559269905,-0.006762346578761934,-0.002950873284135014,-0.001066013122908771,-0.0005262061458779499,-0.00019733092194655906,0.0,0.004052135980306522,0.05120372399687767,1,,Reddit-S,,,,,,,,,,,,,,,,,,,,,,,,,,0.007651880517116631,0.008607568219304085,-0.005821534336614452,-0.11463586241006851,-0.07990270107984543,-0.020440639369189738,-0.005369493272155523,0.00012724380940198898,0.001961427740752697,0.0024990340694785117,0.0036149006336927414,0.015785684580848627,,,,,,,,,,,,,,,nan,0.0004396110661922363,0.004872594494372606,0.0004396110661922363,1.0605608480318551e-07,8.333745709023788e-06,6.130798356025481e-05,0.00010710060450946912,0.00023168530606199056,0.0005660428287228569,0.001131345529574901,0.002443804943468421,0.0005307178851814688,0.00037814617614925414,0.000436925794929266,-0.0002846291380402084,-0.005266083404421806,-0.0037886055652052164,-0.001025672093965113,-0.0002734587833401747,6.556489552167477e-06,0.00010024998482549563,0.00012766500003635883,0.00018439977429807186,0.0007605595987249577,visual,,283080,298974.0,0.0,0.0,1.4609881947014972e-05,0.0002748191115535992,4.750299557738251e-05,,,,,,,,,,,,,,,,,,,,,,,,,,,0.007385131133404074,0.008534110151231289,-0.005558757035366511,-0.10284602642059326,-0.07399065047502518,-0.020031188055872916,-0.005340815871022642,0.00012722762767225504,0.0019575878977775574,0.002492804639041424,0.0036018802784383297,0.014853598990823669,,,0.9997157002773025,1,0.0007596486151357898,1.0004370212554932,0.9997157002773025,0.9947477579116821,0.9962185621261597,0.9989748537540436,0.9997265785932541,1.0000065565109253,1.0001002550125122,1.0001276731491089,1.000184416770935,0.0007594326472459187,0.08783634539157462,1.7379720211029053,-2.4395334875581965e-09,-0.9566502571105957,-0.6290833353996277,-0.13217873275279998,-0.018702924251556396,0.017033696174621582,0.045401930809020996,0.11593555212020876,0.5604058504104614,0.15996909216005323,0.0029966113369581738,0.05929238721728325,-8.52088765849846e-11,-0.03263693302869797,-0.021461710333824158,-0.004509389447048306,-0.0006380660925060511,0.0005811189766973257,0.0015489253273699433,0.00395523956976831,0.019118720665574074,0.005457481103150468,relation,0.0,0.0,-0.026257308200001717,-0.030308354645967484,0.03411584720015526,0.029024379327893257,44,0.8206869566452334,1.000000238418579,0.7958119885056042,-0.9790149927139282,-0.4631626605987549,0.4696602880954743,0.7655300945043564,0.9081235826015472,0.9663895219564438,0.9857815027236938,0.9999998807907104,0.2949358291522879,0.023819929536002038,0.029024386778473854,0.02309794902527345,-0.02841530181467533,-0.013443008996546268,0.013631598465144635,0.022219035774469376,0.026357723399996758,0.028048856649547815,0.028611695766448973,0.02902437560260296,0.008560329379964185,AB
,,,,,,,,,,,,,,,,,,,,,,,,,,,Reddit-S,0.015576406335811383,0.029225660488009453,0.015415655488362507,-0.01205836795270443,-0.003335869559086859,0.005259230453521013,0.010453232796862721,0.016414682380855083,0.021234048064798117,0.02410290539264679,0.027374663949012754,0.0072616057221298585,0.0075898063369095325,,,,,,,,,,,,,,,,,,,,,,,,,0.2559912616488498,0.26933810114860535,0.2559912616488498,0.22926397621631622,0.23782091841101646,0.2462170749902725,0.25125061720609665,0.2569834589958191,0.261546827852726,0.26428895592689516,0.2674964666366577,0.006971073677961527,0.16087935864925385,0,,,,,,,,,,,,,,,,,,,,,,,,,,text,0.0,,,,,,,,0.07206482422091953,0.07305333018302917,0.07206482422091953,0.07111768424510956,0.0713581108301878,0.07159374579787255,0.07179308123886585,0.0720657929778099,0.07232354395091534,0.07254267409443856,0.07280106171965599,0.00035230644599310365,-0.0003561418412617312,-0.0003561418412617312,4.162095818023334e-05,0.00023777986643835902,4.162095818023334e-05,9.642198151027515e-09,1.4241919643609435e-06,9.15061573323328e-06,1.7457415651733754e-05,3.664545693027321e-05,5.955604501650669e-05,8.166100960806944e-05,0.00012597081033163698,2.922727099868116e-05,,,,,,,,,,,,,4.8595868223568044e-05,0,,,,,,,,,,,,,,,,,,,,,,,,,,,,,,,,,,,,,,,filter,,,,,,,44,,,,,,,,,,,,,,,,,,,,,,,,,AB
,,,,,,,,,,,,,,,,,,,,,,,,,,,Reddit-S,0.011043988639138802,0.006166862323880196,-0.010993071458671058,-0.02132408693432808,-0.020598275270313025,-0.018284358084201813,-0.015835842117667198,-0.010844478849321604,-0.0065392026444897056,-0.0036699140910059205,0.0008400580805027832,0.00554819722173486,-0.007372742518782616,,,,,,,,,,,,,,,,,,,,,,,,,0.07301991034500237,0.0899595096707344,0.07301991034500237,0.0628480538725853,0.06359983243048191,0.06584544032812119,0.06828048080205917,0.0731421671807766,0.07739416882395744,0.08023312017321586,0.08480075910687447,0.005463506272509753,0.11513993889093399,1,,,,,,,,,,,,,,,,,,,,,,,,,,text,0.0,,,,,,,,0.02368780126511803,-0.02333931066095829,-0.02368780126511803,-0.024052631109952927,-0.023959518540650607,-0.023863879032433033,-0.023783071897923946,-0.02368806954473257,-0.023587622679769993,-0.023514300212264062,-0.023427550066262483,0.0001298037713700305,-0.0005022347414848235,-0.0005022347414848235,6.641144341022581e-05,-1.5385333895778786e-08,-6.641144341022581e-05,-0.0003794075164478272,-0.00020100217734579927,-0.00013030035042902455,-9.502912143943831e-05,-5.8472409364185296e-05,-2.7855490316142095e-05,-1.4600951453758168e-05,-2.2724764221493388e-06,4.663576570767986e-05,,,,,,,,,,,,,2.9849900789753415e-05,0,,,,,,,,,,,,,,,,,,,,,,,,,,,,,,,,,,,,,,,filter,,,,,,,44,,,,,,,,,,,,,,,,,,,,,,,,,AB
,,,,,,,,,,,,,,,,,,,,,,,,,,,Reddit-S,0.004360499004139081,0.00461298692971468,-0.004198730811352461,-0.00975334458053112,-0.009165665451437235,-0.008044939767569304,-0.006958388374187052,-0.004139752825722098,-0.0018341252580285072,-0.00028615412011276923,0.0019425305526237916,0.0029402074917401094,-0.0074442788027226925,,,,,,,,,,,,,,,,,,,,,,,,,0.6744883990488788,0.6832489967346191,0.6744883990488788,0.6692113876342773,0.6696833062171936,0.6707650125026703,0.6718004196882248,0.6745366454124451,0.6767757833003998,0.6783014953136444,0.6805247819423675,0.0028545265452404457,0.7101245522499084,2,,,,,,,,,,,,,,,,,,,,,,,,,,text,0.0,,,,,,,,0.023960724066578697,-0.02363894321024418,-0.023960724066578697,-0.024296699091792107,-0.02421093126758933,-0.024123109877109528,-0.0240486366674304,-0.023961049504578114,-0.023868378717452288,-0.023800646699965,-0.0237206082418561,0.00011971864514661092,-0.0008984142507192586,-0.0008984142507192586,3.243588545087186e-05,-7.514320721213608e-09,-3.243588545087186e-05,-0.0001853056892286986,-9.817108548304532e-05,-6.363974171108566e-05,-4.641299165086821e-05,-2.855839647963876e-05,-1.3604846571979579e-05,-7.1312226282316245e-06,-1.1098958339061937e-06,2.277728469295956e-05,,,,,,,,,,,,,8.148321797482355e-06,0,,,,,,,,,,,,,,,,,,,,,,,,,,,,,,,,,,,,,,,filter,,,,,,,44,,,,,,,,,,,,,,,,,,,,,,,,,AB
,,,,,,,,,,,,,,,,,,,,,,,,,,,Reddit-S,0.0067429818226855814,0.006188984494656324,-0.006554020265598795,-0.014480026438832283,-0.013498976919800043,-0.012012630887329578,-0.010021144291386008,-0.0063705837819725275,-0.0036457524984143674,-0.0012416132260113955,0.0026245725876651686,0.004083887779046873,-0.007494629360735416,,,,,,,,,,,,,,,,,,,,,,,,,0.05079815228359158,-0.038322385400533676,-0.05079815228359158,-0.05874752998352051,-0.057641121372580525,-0.05615445151925087,-0.0542075727134943,-0.05062354356050491,-0.04793883394449949,-0.04557380117475986,-0.04178924817591906,0.004012058066445831,-0.01239042915403843,3,,,,,,,,,,,,,,,,,,,,,,,,,,text,1.0,,,,,,,,0.024416298944185715,-0.024139437824487686,-0.024416298944185715,-0.02470400370657444,-0.0246308084577322,-0.024555662460625172,-0.024491812102496624,-0.02441676240414381,-0.024337070528417826,-0.02427879422903061,-0.024209851045161487,0.00010278404997454685,0.0008568769640922253,0.0008568769640922253,5.722637678304001e-05,0.00032693336834199727,5.722637678304001e-05,1.3257457354143298e-08,1.9581805190682644e-06,1.2581560167745921e-05,2.4002923055377323e-05,5.0385355280013755e-05,8.188607171177864e-05,0.00011227909490116874,0.00017320247483439737,4.018578366504515e-05,,,,,,,,,,,,,1.6096609928533064e-05,0,,,,,,,,,,,,,,,,,,,,,,,,,,,,,,,,,,,,,,,filter,,,,,,,44,,,,,,,,,,,,,,,,,,,,,,,,,AB
,,,,,,,,,,,,,,,,,,,,,,,,,,,Reddit-S,0.013985000265240428,0.01765301078557968,0.013985000265240428,0.00023805277305655181,0.002587419468909502,0.011186910420656204,0.012959250248968601,0.014858497772365808,0.015826385002583265,0.016495588421821594,0.01723160268738866,0.0029752100694901895,0.010587811470031738,,,,,,,,,,,,,,,,,,,,,,,,,0.2595573164081069,0.2638862729072571,0.2595573164081069,0.24827644228935242,0.2500326633453369,0.2571261703968048,0.25867968052625656,0.2601111829280853,0.2611592561006546,0.2617834538221359,0.2632478982210159,0.0025345134984407543,0.16087935864925385,0,,,,,,,,,,,,,,,,,,,,,,,,,,visual,0.0,,,,,,,,0.07401232170420381,0.07594824582338333,0.07401232170420381,0.07174857705831528,0.07247673265635968,0.0730220578610897,0.07366558164358139,0.0740344189107418,0.07436943799257278,0.07478439807891846,0.07594824582338333,0.0007047391005715945,-0.0009818722137937017,-0.0009818722137937017,9.282478112626029e-05,0.001028858358040452,9.282478112626029e-05,2.239396046377351e-08,1.759687683033917e-06,1.2945307116751795e-05,2.261451300000772e-05,4.892082870355807e-05,0.00011952110435231589,0.00023888592695584524,0.0005160144285764544,0.0001120621734276909,,,,,,,,,,,,,6.4237586737783925e-06,0,,,,,,,,,,,,,,,,,,,,,,,,,,,,,,,,,,,,,,,filter,,,,,,,44,,,,,,,,,,,,,,,,,,,,,,,,,AB
,,,,,,,,,,,,,,,,,,,,,,,,,,,Reddit-S,0.014926464520420584,-0.004433004185557365,-0.014926464520420584,-0.017754998058080673,-0.017370406445115803,-0.01695977058261633,-0.01641769101843238,-0.015459686517715454,-0.01442570798099041,-0.012653705570846795,-0.004433006513863802,0.002414133606543738,-0.012823945842683315,,,,,,,,,,,,,,,,,,,,,,,,,0.06289641908003735,0.07272458076477051,0.06289641908003735,0.06025644764304161,0.060525798201560975,0.0611050508916378,0.0615438399836421,0.06237690895795822,0.06334521993994713,0.06502824574708939,0.07272458076477051,0.0022458557544071237,0.11513993889093399,1,,,,,,,,,,,,,,,,,,,,,,,,,,visual,0.0,,,,,,,,0.024461746258126523,-0.02366149052977562,-0.024461746258126523,-0.02514832653105259,-0.02514832653105259,-0.024735230021178722,-0.024588126223534346,-0.02446943335235119,-0.024338778108358383,-0.024111241288483142,-0.023918488286435603,0.00024965671727911204,0.0010207372921353078,0.0010207372921353078,3.1362294219022046e-05,-7.56614682018153e-09,-3.1362294219022046e-05,-0.0003476157726254314,-0.0001743434928357601,-8.071132397162728e-05,-4.0382062252319884e-05,-1.6528661944903433e-05,-7.64066453484702e-06,-4.37377298112551e-06,-5.94537814890828e-07,3.786194603942348e-05,,,,,,,,,,,,,5.043868069603591e-06,0,,,,,,,,,,,,,,,,,,,,,,,,,,,,,,,,,,,,,,,filter,,,,,,,44,,,,,,,,,,,,,,,,,,,,,,,,,AB
,,,,,,,,,,,,,,,,,,,,,,,,,,,Reddit-S,0.018462445625827436,-0.011519706808030605,-0.018462445625827436,-0.02173086442053318,-0.021382251530885698,-0.020985222421586514,-0.020054650492966175,-0.018783886916935444,-0.017188111320137978,-0.01597569528967142,-0.013042639940977097,0.0020275253783505393,-0.012833677232265472,,,,,,,,,,,,,,,,,,,,,,,,,0.6542243304921048,0.660979151725769,0.6542243304921048,0.6509418487548828,0.6516122138500213,0.6520244896411895,0.652698814868927,0.6538569033145905,0.6554149985313416,0.6566266417503357,0.6590584129095077,0.001864571232938691,0.7101245522499084,2,,,,,,,,,,,,,,,,,,,,,,,,,,visual,0.0,,,,,,,,0.02457234059951846,-0.023796191439032555,-0.02457234059951846,-0.025237156078219414,-0.025237156078219414,-0.024837301485240458,-0.024694837629795074,-0.024579856544733047,-0.024453296326100826,-0.02423259187489748,-0.024045649990439413,0.000241859096113877,0.0026620986441779093,0.0026620986441779093,3.178200756747217e-05,-7.667402712741023e-09,-3.178200756747217e-05,-0.0003522678161971271,-0.0001766766842047218,-8.179145952453837e-05,-4.092248400411336e-05,-1.674986106081633e-05,-7.742917432551621e-06,-4.432306104718006e-06,-6.02494371264584e-07,3.83686425138188e-05,,,,,,,,,,,,,3.476625882702511e-06,0,,,,,,,,,,,,,,,,,,,,,,,,,,,,,,,,,,,,,,,filter,,,,,,,44,,,,,,,,,,,,,,,,,,,,,,,,,AB
,,,,,,,,,,,,,,,,,,,,,,,,,,,Reddit-S,0.010681752597731967,-0.004794648848474026,-0.010681752597731967,-0.012761367484927177,-0.01245332919061184,-0.011943756975233555,-0.01150953909382224,-0.010928224306553602,-0.010171103291213512,-0.009492526482790708,-0.004794648848474026,0.0013657924698102899,-0.012857474386692047,,,,,,,,,,,,,,,,,,,,,,,,,0.060937571557637384,-0.055614862591028214,-0.060937571557637384,-0.06307903677225113,-0.0626619965583086,-0.06211779341101646,-0.06169735360890627,-0.06113051436841488,-0.06048324052244425,-0.05984131209552288,-0.055614862591028214,0.0012474452451453643,-0.01239042915403843,3,,,,,,,,,,,,,,,,,,,,,,,,,,visual,1.0,,,,,,,,0.024978234941132552,-0.02429090067744255,-0.024978234941132552,-0.025562772527337074,-0.025562772527337074,-0.025211894512176515,-0.025086520239710808,-0.024985138326883316,-0.024873492773622274,-0.024678228050470354,-0.024512679651379585,0.00021322447133974737,0.002565467434261692,0.002565467434261692,2.9680479338037497e-05,-7.160409598583328e-09,-2.9680479338037497e-05,-0.000328974740114063,-0.0001649942535732407,-7.638314564246684e-05,-3.821655900537735e-05,-1.564230569783831e-05,-7.230931032609078e-06,-4.139228030908268e-06,-5.626554928994669e-07,3.5831584881352995e-05,,,,,,,,,,,,,1.556119639635778e-06,0,,,,,,,,,,,,,,,,,,,,,,,,,,,,,,,,,,,,,,,filter,,,,,,,44,,,,,,,,,,,,,,,,,,,,,,,,,AB
,,,,,,,,,,,,nan,nan,nan,nan,nan,nan,nan,nan,nan,nan,nan,nan,0.0525917187333107,1,,Movies,,,,,,,,,,,,,,,,,,,,,,,,,,nan,nan,nan,nan,nan,nan,nan,nan,nan,nan,nan,nan,,,,,,,,,,,,,,,nan,0.04770149753011103,0.052591752260923386,0.04770149753011103,8.949512266553938e-05,0.014527114555239678,0.03668294847011566,0.04631133656948805,0.05174814537167549,0.05257031787186861,0.052591416984796524,0.0525917187333107,0.00818122890349002,0.047630459317138545,0.052570413798093796,-0.01572868058675601,-0.0525917112827301,-0.0525917112827301,-0.052591584622859955,-0.0525837317109108,-0.05105748772621155,0.04797928035259247,0.05229496583342552,0.05251770466566086,0.046261185045001194,text,,160802,177474.0,0.0,0.0,0.0018479715483807108,0.022020943498882773,0.0032463499229060874,,,,,,,,,,,,,,,,,,,,,,,,,,,0.9056645413633291,0.9995944499969482,-0.2990713985274724,-1.0,-1.0,-0.9999974370002747,-0.9998477697372437,-0.9708269834518433,0.9122974872589111,0.9943568110466003,0.9985918998718262,0.8796286143904739,,,0.98545810795354,1,0.046902672161984266,1.0539767742156982,0.98545810795354,0.9487673044204712,0.9487673044204712,0.9487674236297607,0.9487748742103577,0.9502240419387817,1.0491489171981812,1.053686499595642,1.0539212226867676,0.04622061856676109,0.9056645413633291,0.9995944499969482,-0.2990713985274724,-1.0,-1.0,-0.9999974370002747,-0.9998477697372437,-0.9708269834518433,0.9122974872589111,0.9943568110466003,0.9985918998718262,0.8796286143904739,nan,nan,nan,nan,nan,nan,nan,nan,nan,nan,nan,nan,relation,0.8529371619224548,0.8021666407585144,,,,,42,0.8393132675293075,1.000000238418579,0.8385425902740865,-0.31705984473228455,0.07439494878053665,0.5200413465499878,0.7678524255752563,0.942622721195221,0.9840258359909058,0.9933493137359619,0.9982568025588989,0.21605655152522776,nan,nan,nan,nan,nan,nan,nan,nan,nan,nan,nan,nan,B
,,,,,,,,,,,,nan,nan,nan,nan,nan,nan,nan,nan,nan,nan,nan,nan,0.052185531705617905,1,,Movies,,,,,,,,,,,,,,,,,,,,,,,,,,nan,nan,nan,nan,nan,nan,nan,nan,nan,nan,nan,nan,,,,,,,,,,,,,,,nan,0.03250238998064481,0.052177976816892624,0.03250238998064481,2.341506478842348e-05,0.003125345164444298,0.01612873002886772,0.024541855324059725,0.03334631584584713,0.041856017895042896,0.04794036187231541,0.051757191419601445,0.011847138640768584,0.03406502460269433,0.05218510702252388,0.019093253170849634,-0.05209992453455925,-0.05036421865224838,-0.03539838641881943,-0.004713480360805988,0.03137154132127762,0.046902675181627274,0.05096757411956787,0.0521254763007164,0.032174252912513475,visual,,160802,177474.0,0.0,0.0,0.0014367751582856619,0.017121012825619952,0.0024325303428187,,,,,,,,,,,,,,,,,,,,,,,,,,,0.6527675562430889,0.9999913573265076,0.36587251146304184,-0.9983593821525574,-0.9650992155075073,-0.6783186197280884,-0.09032171964645386,0.6011540293693542,0.8987670540809631,0.9766600131988525,0.9988496899604797,0.6165358307558775,,,1.0197999082859046,1,0.031765242538323954,1.0535707473754883,1.0197999082859046,0.9492340087890625,0.9508830308914185,0.9652208089828491,0.9952976107597351,1.031868815422058,1.0480200052261353,1.0522887706756592,1.053507924079895,0.03239419142729405,0.6527675562430889,0.9999913573265076,0.36587251146304184,-0.9983593821525574,-0.9650992155075073,-0.6783186197280884,-0.09032171964645386,0.6011540293693542,0.8987670540809631,0.9766600131988525,0.9988496899604797,0.6165358307558775,nan,nan,nan,nan,nan,nan,nan,nan,nan,nan,nan,nan,relation,0.42855188250541687,0.2820611596107483,,,,,42,0.5694080228236434,1.000000238418579,0.5265958580781189,-0.9080307483673096,-0.49261316657066345,0.03994334116578102,0.3639082610607147,0.613792359828949,0.7758127450942993,0.8667618036270142,0.9498113989830017,0.331899104102118,nan,nan,nan,nan,nan,nan,nan,nan,nan,nan,nan,nan,B
,,,,,,,,,,,,,,,,,,,,,,,,,,,Movies,0.06545526664811338,0.06668011844158173,0.06545526664811338,0.05617666617035866,0.06089990835636854,0.06452947333455086,0.06522685661911964,0.06569566205143929,0.06602741032838821,0.06622477471828461,0.06649622306227684,0.0009748329199872785,0.04987955465912819,,,,,,,,,,,,,,,,,,,,,,,,,0.3984130920373947,0.40453213453292847,0.3984130920373947,0.3829931914806366,0.3888910061120987,0.39546642601490023,0.3974887356162071,0.3987831771373749,0.3998756930232048,0.40115538239479065,0.40284816712141036,0.0025507095427321587,0.17541082203388214,0,,,,,,,,,,,,,,,,,,,,,,,,,,text,0.0,,,,,,,,0.09555956690604378,0.09999599307775497,0.09555956690604378,0.09165891259908676,0.09296396493911743,0.09409894868731498,0.09481392987072468,0.09555555135011673,0.09627367183566093,0.09702879786491395,0.09834661476314067,0.001135191754316932,0.6866674668123206,0.6866674668123206,0.012107885719910642,0.013349159620702267,0.012107885719910642,2.2716199964634143e-05,0.0036873611342161895,0.009311090223491192,0.011755025945603848,0.013135030400007963,0.01334371929988265,0.013349075801670551,0.013349151238799095,0.002076609535306116,,,,,,,,,,,,,6.506119171384898e-06,0,,,,,,,,,,,,,,,,,,,,,,,,,,,,,,,,,,,,,,,filter,,,,,,,42,,,,,,,,,,,,,,,,,,,,,,,,,B
,,,,,,,,,,,,,,,,,,,,,,,,,,,Movies,0.057705067430404794,-0.04868040978908539,-0.057705067430404794,-0.05883413180708885,-0.05882904257625341,-0.05869280360639095,-0.058486671186983585,-0.05806649662554264,-0.05729121807962656,-0.056224992498755455,-0.053658115454018114,0.0011249968713592708,-0.04651849344372749,,,,,,,,,,,,,,,,,,,,,,,,,0.012974230969756405,-0.004506466910243034,-0.012974230969756405,-0.01562919095158577,-0.014737552609294652,-0.014145073480904102,-0.013791127828881145,-0.013238330371677876,-0.012436166638508439,-0.011426442209631205,-0.009114989684894681,0.001174153846224473,0.12456832826137543,1,,,,,,,,,,,,,,,,,,,,,,,,,,text,1.0,,,,,,,,0.031352159933628596,-0.02996162325143814,-0.031352159933628596,-0.03297339379787445,-0.032352696135640145,-0.03188171498477459,-0.031605073250830173,-0.03134647011756897,-0.031085170805454254,-0.030833320692181587,-0.03042824251577258,0.0004062156728969959,0.05097255783752659,0.05097255783752659,0.0019668421556709916,-3.6900892155244946e-06,-0.0019668421556709916,-0.0021684784442186356,-0.0021684772800654173,-0.0021684649400413036,-0.0021675947355106473,-0.0021336947102099657,-0.0019095225725322962,-0.0015125221107155085,-0.0005989862495334797,0.00033733083337114195,,,,,,,,,,,,,1.378637254603723e-06,0,,,,,,,,,,,,,,,,,,,,,,,,,,,,,,,,,,,,,,,filter,,,,,,,42,,,,,,,,,,,,,,,,,,,,,,,,,B
,,,,,,,,,,,,,,,,,,,,,,,,,,,Movies,0.06259377932621991,-0.053378865122795105,-0.06259377932621991,-0.06382399052381516,-0.06381450496613979,-0.06366911381483079,-0.0634744893759489,-0.06306518241763115,-0.06213219463825226,-0.06082789674401283,-0.05799567412585019,0.0012765486283843762,-0.04854673892259598,,,,,,,,,,,,,,,,,,,,,,,,,0.5574676585625035,0.56623375415802,0.5574676585625035,0.5545353889465332,0.5553581011295319,0.5560556948184967,0.556458368897438,0.5570858716964722,0.5581538677215576,0.559436047077179,0.5621611571311951,0.0014395092622826826,0.7036995887756348,2,,,,,,,,,,,,,,,,,,,,,,,,,,text,0.0,,,,,,,,0.03090842622922172,-0.02945421077311039,-0.03090842622922172,-0.03258107602596283,-0.031955701485276225,-0.03145845681428909,-0.031177079770714045,-0.030905555933713913,-0.0306288399733603,-0.03036091160029173,-0.029938123561441897,0.0004254796935186624,0.2101329400686925,0.2101329400686925,0.004182993311262102,-7.847918823244981e-06,-0.004182993311262102,-0.00461182463914156,-0.004611821845173836,-0.0046117957681417465,-0.004609945346601307,-0.004537847824394703,-0.004061088664457202,-0.0032167655881494284,-0.0012738976418040647,0.0007174203659091299,,,,,,,,,,,,,2.0721869161976333e-06,0,,,,,,,,,,,,,,,,,,,,,,,,,,,,,,,,,,,,,,,filter,,,,,,,42,,,,,,,,,,,,,,,,,,,,,,,,,B
,,,,,,,,,,,,,,,,,,,,,,,,,,,Movies,0.05707602738760297,-0.047582630068063736,-0.05707602738760297,-0.05858416110277176,-0.05857648745179176,-0.05841965116560459,-0.05819394160062075,-0.057655561715364456,-0.05646560527384281,-0.0547486636787653,-0.051886327043175695,0.0015530607530239804,-0.050241921097040176,,,,,,,,,,,,,,,,,,,,,,,,,0.17915630467135937,-0.16847091913223267,-0.17915630467135937,-0.1821347177028656,-0.18146932363510132,-0.18090371191501617,-0.180486012250185,-0.17969301342964172,-0.17824622243642807,-0.1765757530927658,-0.17347401306033133,0.0018049856637648908,-0.03258132189512253,3,,,,,,,,,,,,,,,,,,,,,,,,,,text,1.0,,,,,,,,0.03329898069559949,-0.03224307671189308,-0.03329898069559949,-0.0344514399766922,-0.03403116475790739,-0.03368597999215126,-0.03349419217556715,-0.03330119885504246,-0.03310081548988819,-0.03290376216173172,-0.032593456991016866,0.00030448960481312213,0.2820471118966561,0.2820471118966561,0.005958050041236249,-1.1178190106875263e-05,-0.005958050041236249,-0.006568856071680784,-0.006568852346390486,-0.006568815093487501,-0.006566179217770696,-0.006463487632572651,-0.005784415057860315,-0.004581802524626255,-0.0018144771433435314,0.0010218583000300451,,,,,,,,,,,,,3.2579732463967834e-06,0,,,,,,,,,,,,,,,,,,,,,,,,,,,,,,,,,,,,,,,filter,,,,,,,42,,,,,,,,,,,,,,,,,,,,,,,,,B
,,,,,,,,,,,,,,,,,,,,,,,,,,,Movies,0.011985792133223124,0.016688644886016846,0.011957029814267604,-0.0070900749415159225,0.0006194360100198541,0.007275387737900019,0.010625059949234128,0.012852899730205536,0.014290589839220047,0.015191425569355488,0.016218678485602142,0.0033412373675387992,0.002865071874111891,,,,,,,,,,,,,,,,,,,,,,,,,0.2642415984919842,0.2711753249168396,0.2642415984919842,0.24509072303771973,0.2533456927537918,0.25937106013298034,0.26222535967826843,0.2648455947637558,0.2668923959136009,0.26828347742557523,0.2698950591683388,0.0035792722136799805,0.17541082203388214,0,,,,,,,,,,,,,,,,,,,,,,,,,,visual,0.0,,,,,,,,0.06846364657528656,0.07125494629144669,0.06846364657528656,0.06529588252305984,0.06629392027854919,0.06740947812795639,0.06792424246668816,0.06846129894256592,0.06901008449494839,0.06955905109643937,0.07041189014911652,0.0008480757046746176,0.3373834344464324,0.3373834344464324,0.005545024140440429,0.008901749737560749,0.005545024140440429,3.9946939978108276e-06,0.0005331950593972579,0.002751618972979486,0.004186928388662636,0.005689000943675637,0.007140786852687597,0.008178796805441379,0.008829962452873588,0.002021164282596227,,,,,,,,,,,,,1.2811189579621586e-05,0,,,,,,,,,,,,,,,,,,,,,,,,,,,,,,,,,,,,,,,filter,,,,,,,42,,,,,,,,,,,,,,,,,,,,,,,,,B
,,,,,,,,,,,,,,,,,,,,,,,,,,,Movies,0.020254871343169095,0.031605251133441925,0.02025475246534759,-0.0009909655200317502,0.007937480434775353,0.013680300302803516,0.017148188315331936,0.020811080932617188,0.023862230591475964,0.026025769487023353,0.029052945971488966,0.004778877788359598,0.016753671690821648,,,,,,,,,,,,,,,,,,,,,,,,,0.13958446297619398,0.15066532790660858,0.13958446297619398,0.11815004050731659,0.12710072562098504,0.13297281712293624,0.13644326478242874,0.14013513177633286,0.14320463314652443,0.14539739191532136,0.14835922062397003,0.004800265112820796,0.12456832826137543,1,,,,,,,,,,,,,,,,,,,,,,,,,,visual,0.0,,,,,,,,0.022465970716439188,-0.02129223197698593,-0.022465970716439188,-0.02350977435708046,-0.023194713722914456,-0.02287468295544386,-0.02266947738826275,-0.022464645095169544,-0.022264886181801558,-0.022073284536600114,-0.021659439168870448,0.0003160364015951799,0.0008965662371075431,0.0008965662371075431,0.00047367952220539326,0.0007604252896271646,0.00047367952220539326,3.4124371950383647e-07,4.5547788795374805e-05,0.00023505499120801687,0.00035766521614277735,0.0004859786422457546,0.0006099963356973603,0.0006986676016822457,0.0007542928855400532,0.0001726564408150074,,,,,,,,,,,,,2.304254515336445e-05,0,,,,,,,,,,,,,,,,,,,,,,,,,,,,,,,,,,,,,,,filter,,,,,,,42,,,,,,,,,,,,,,,,,,,,,,,,,B
,,,,,,,,,,,,,,,,,,,,,,,,,,,Movies,0.0036750955048886497,0.001376244006678462,-0.00367392451360217,-0.007716787047684193,-0.006683674794621766,-0.005393913574516773,-0.004573088954202831,-0.0036585418274626136,-0.0027591903344728053,-0.001994851417839527,-0.0008031786169158277,0.0013033052420627952,0.0006657972699031234,,,,,,,,,,,,,,,,,,,,,,,,,0.6757223999696192,0.6821762323379517,0.6757223999696192,0.670674741268158,0.6724404853582382,0.6738333880901337,0.6746832877397537,0.6756832599639893,0.6767456531524658,0.6776792943477631,0.679289796948433,0.0014920449697051145,0.7036995887756348,2,,,,,,,,,,,,,,,,,,,,,,,,,,visual,0.0,,,,,,,,0.02270306774422673,-0.02160644717514515,-0.02270306774422673,-0.023672673851251602,-0.023378916382789612,-0.02308283429592848,-0.022892393171787262,-0.02270207740366459,-0.022516108583658934,-0.022337718680500985,-0.021952172350138424,0.00029389331989630594,0.3238276150094509,0.3238276150094509,0.0022659804032575974,-1.6324361240549479e-06,-0.0022659804032575974,-0.0036377101205289364,-0.0036083740298636256,-0.0033422747161239385,-0.002918090671300888,-0.0023248166544362903,-0.0017109930340666324,-0.0011244522407650947,-0.00021789077247376417,0.0008259510773166142,,,,,,,,,,,,,2.226198191622336e-06,0,,,,,,,,,,,,,,,,,,,,,,,,,,,,,,,,,,,,,,,filter,,,,,,,42,,,,,,,,,,,,,,,,,,,,,,,,,B
,,,,,,,,,,,,,,,,,,,,,,,,,,,Movies,0.020884521074629712,-0.011502929031848907,-0.020884521074629712,-0.025206033140420914,-0.024902097173035143,-0.023639898002147674,-0.022705758921802044,-0.02135117817670107,-0.01936189504340291,-0.01736297030001879,-0.01449135608971117,0.0024095484388426285,-0.01221288088709116,,,,,,,,,,,,,,,,,,,,,,,,,0.09272605456159791,-0.08053648471832275,-0.09272605456159791,-0.09878620505332947,-0.09752473451197147,-0.0959834635257721,-0.0947390515357256,-0.09304163977503777,-0.09103800915181637,-0.08898001462221146,-0.08553347244858742,0.0026985990704828182,-0.03258132189512253,3,,,,,,,,,,,,,,,,,,,,,,,,,,visual,1.0,,,,,,,,0.023294608121994353,-0.022397203370928764,-0.023294608121994353,-0.024072494357824326,-0.02383921282365918,-0.023601647838950156,-0.02344866469502449,-0.023294512182474136,-0.023143605329096317,-0.022997997514903546,-0.022682614251971246,0.00023815153034048114,0.23286089855048306,0.23286089855048306,0.0037527235775847998,-2.703501650103135e-06,-0.0037527235775847998,-0.0060244654305279255,-0.00597588175907731,-0.005535190552473068,-0.004832692793570459,-0.0038501631934195757,-0.0028336007380858064,-0.0018622219911776483,-0.0003608521286514565,0.0013678697648027316,,,,,,,,,,,,,7.2824369432107314e-06,0,,,,,,,,,,,,,,,,,,,,,,,,,,,,,,,,,,,,,,,filter,,,,,,,42,,,,,,,,,,,,,,,,,,,,,,,,,B
,,,,,,,,,,,,nan,nan,nan,nan,nan,nan,nan,nan,nan,nan,nan,nan,0.05192652344703674,1,,Movies,,,,,,,,,,,,,,,,,,,,,,,,,,nan,nan,nan,nan,nan,nan,nan,nan,nan,nan,nan,nan,,,,,,,,,,,,,,,nan,0.0435710745391868,0.05192652344703674,0.0435710745391868,0.0001640075643081218,0.009722531717270612,0.029915557615458967,0.03937773033976555,0.04705578088760376,0.05115616042166948,0.05185286775231361,0.05192635953426361,0.009723844660912395,0.04273219237782969,0.05191679671406746,-0.019825658285866413,-0.05192650854587555,-0.05192650854587555,-0.05191081389784813,-0.05159168690443039,-0.044667504727840424,0.017609676346182823,0.05012289807200432,0.051730941981077194,0.04016084524797456,text,,160802,177474.0,0.0,0.0,0.0017536285284154363,0.020896725805168975,0.0030532703187217,,,,,,,,,,,,,,,,,,,,,,,,,,,0.822935670826927,0.9998123645782471,-0.38180210918795765,-1.0,-0.9999995827674866,-0.9996976256370544,-0.9935517907142639,-0.8602061867713928,0.3391263484954834,0.9652646780014038,0.9962331056594849,0.7734167208682194,,,0.9811694828573992,1,0.04084315268985307,1.0532881021499634,0.9811694828573992,0.9493986368179321,0.9493986368179321,0.949413537979126,0.9497165679931641,0.9563153982162476,1.0177656412124634,1.0514003038406372,1.053092360496521,0.04007405500300978,0.822935670826927,0.9998123645782471,-0.38180210918795765,-1.0,-0.9999995827674866,-0.9996976256370544,-0.9935517907142639,-0.8602061867713928,0.3391263484954834,0.9652646780014038,0.9962331056594849,0.7734167208682194,nan,nan,nan,nan,nan,nan,nan,nan,nan,nan,nan,nan,relation,0.7187721729278564,0.6191962957382202,,,,,43,0.8000075469663592,1.0000001192092896,0.7945711681737739,-0.6393527388572693,-0.11095550656318665,0.3947426974773407,0.7167373299598694,0.9143407344818115,0.9727084636688232,0.988750159740448,0.9973340034484863,0.2635647722479131,nan,nan,nan,nan,nan,nan,nan,nan,nan,nan,nan,nan,B
,,,,,,,,,,,,nan,nan,nan,nan,nan,nan,nan,nan,nan,nan,nan,nan,0.05285806953907013,1,,Movies,,,,,,,,,,,,,,,,,,,,,,,,,,nan,nan,nan,nan,nan,nan,nan,nan,nan,nan,nan,nan,,,,,,,,,,,,,,,nan,0.03492890426390844,0.0528578944504261,0.03492890426390844,4.758006980409846e-05,0.0040010458370670675,0.01994780395179987,0.02782318601384759,0.03588537871837616,0.043572346679866314,0.049248206615448,0.052697397731244565,0.011228800195411635,0.0349443263655651,0.05285811051726341,0.005438106276746829,-0.05285799130797386,-0.0526857003569603,-0.04846927896142006,-0.03324037417769432,0.010464323684573174,0.04408768191933632,0.051448922604322433,0.05284137651324272,0.03801138500433968,visual,,160802,177474.0,0.0,0.0,0.0018041433091803571,0.021498673997530214,0.002838374957969473,,,,,,,,,,,,,,,,,,,,,,,,,,,0.661097230090729,1.0,0.10288127961203924,-0.9999979734420776,-0.9967393279075623,-0.9169702529907227,-0.6288612484931946,0.19796942174434662,0.8340765833854675,0.9733414649963379,0.9996839165687561,0.7191216365747577,,,1.0061776872758443,1,0.03786455796485064,1.0542800426483154,1.0061776872758443,0.9485146999359131,0.9486781358718872,0.952686607837677,0.9673060178756714,1.01051926612854,1.0450739860534668,1.05279541015625,1.054262399673462,0.03809847336283343,0.661097230090729,1.0,0.10288127961203924,-0.9999979734420776,-0.9967393279075623,-0.9169702529907227,-0.6288612484931946,0.19796942174434662,0.8340765833854675,0.9733414649963379,0.9996839165687561,0.7191216365747577,nan,nan,nan,nan,nan,nan,nan,nan,nan,nan,nan,nan,relation,0.4469471871852875,0.3097100853919983,,,,,43,0.5525243164634375,1.0000001192092896,0.5128993722762469,-0.8568733930587769,-0.4437273442745209,0.017532262951135635,0.3211610019207001,0.5967211127281189,0.7738078832626343,0.8670361638069153,0.9522100687026978,0.3329983478089552,nan,nan,nan,nan,nan,nan,nan,nan,nan,nan,nan,nan,B
,,,,,,,,,,,,,,,,,,,,,,,,,,,Movies,0.06665653773586153,0.06732689589262009,0.06665653773586153,0.062365707010030746,0.0651084028184414,0.06608741283416748,0.06645778752863407,0.06676784157752991,0.06697073392570019,0.06708648428320885,0.06722580321133137,0.00044707525300193175,0.05164983868598938,,,,,,,,,,,,,,,,,,,,,,,,,0.40539018781730574,0.4094688892364502,0.40539018781730574,0.3940238058567047,0.3972157284617424,0.40215094983577726,0.4044501483440399,0.4060433357954025,0.40699242800474167,0.40763404965400696,0.40863935470581053,0.0023523424682899588,0.18024379014968872,0,,,,,,,,,,,,,,,,,,,,,,,,,,text,0.0,,,,,,,,0.09621906199808913,0.09994002431631088,0.09621906199808913,0.09275441616773605,0.0939379969984293,0.09492779299616813,0.09558251686394215,0.09625048190355301,0.09684108383953571,0.09741495177149773,0.09864569664001464,0.0009800929416651407,0.9452555222791809,0.9452555222791809,0.010620959155810138,0.012657697312533855,0.010620959155810138,3.9978760469239205e-05,0.002369980774819851,0.007292266935110092,0.009598782751709223,0.011470397002995014,0.012469913111999631,0.012639742717146874,0.012657657265663147,0.002370300894708769,,,,,,,,,,,,,5.533515088120495e-06,0,,,,,,,,,,,,,,,,,,,,,,,,,,,,,,,,,,,,,,,filter,,,,,,,43,,,,,,,,,,,,,,,,,,,,,,,,,B
,,,,,,,,,,,,,,,,,,,,,,,,,,,Movies,0.0553454583843244,-0.0441531166434288,-0.0553454583843244,-0.05703065171837807,-0.05701715737581253,-0.056773625686764716,-0.05645269341766834,-0.05579979717731476,-0.0547048831358552,-0.053237137570977214,-0.04997748665511608,0.001539496290394558,-0.04155174270272255,,,,,,,,,,,,,,,,,,,,,,,,,0.01175502112081301,-0.0007982696406543255,-0.01175502112081301,-0.014570091851055622,-0.01383419026620686,-0.013303526304662227,-0.01287583471275866,-0.012165235821157694,-0.011058499570935965,-0.009615371376276017,-0.006337962131947264,0.0015913805741844275,0.11886192858219147,1,,,,,,,,,,,,,,,,,,,,,,,,,,text,1.0,,,,,,,,0.0317815535250674,-0.030561158433556557,-0.0317815535250674,-0.033093564212322235,-0.03262920301407576,-0.032199233397841455,-0.03200119640678167,-0.03179108537733555,-0.03155865799635649,-0.03133244290947914,-0.03099103206768632,0.00034226954247518746,0.06629744562349812,0.06629744562349812,0.0019381988168915118,-7.295648629224161e-06,-0.0019381988168915118,-0.0023098792880773544,-0.002309872070327401,-0.0023066027788445354,-0.0022756108664907515,-0.0020932111656293273,-0.001751663745380938,-0.0013307521003298464,-0.00043249334208667197,0.0004325517422426155,,,,,,,,,,,,,2.532492131891558e-06,0,,,,,,,,,,,,,,,,,,,,,,,,,,,,,,,,,,,,,,,filter,,,,,,,43,,,,,,,,,,,,,,,,,,,,,,,,,B
,,,,,,,,,,,,,,,,,,,,,,,,,,,Movies,0.04126893750589874,-0.030289147049188614,-0.04126893750589874,-0.04367106035351753,-0.04356636628508568,-0.0430466003715992,-0.042559522204101086,-0.04172021709382534,-0.040380400605499744,-0.03882626406848431,-0.035732910558581354,0.0017428983281054036,-0.04045800119638443,,,,,,,,,,,,,,,,,,,,,,,,,0.572937442933615,0.5854605436325073,0.572937442933615,0.5692256689071655,0.5701578730344772,0.5709093332290649,0.5715124905109406,0.5725055634975433,0.5739758461713791,0.5756115436553955,0.5788714563846589,0.001926053408043858,0.6896929144859314,2,,,,,,,,,,,,,,,,,,,,,,,,,,text,0.0,,,,,,,,0.031290668271117324,-0.03000405989587307,-0.031290668271117324,-0.032688602805137634,-0.032202582731842996,-0.031737570837140086,-0.03152331802994013,-0.03130259923636913,-0.03105250047519803,-0.030806424096226692,-0.0304363183863461,0.00036775042983136594,0.18427978352071822,0.18427978352071822,0.0037378424291817486,-1.4069756616663653e-05,-0.0037378424291817486,-0.004454633221030235,-0.004454619251191616,-0.00444831452332437,-0.0043885462218895555,-0.004036785801872611,-0.0033781069796532393,-0.0025663731154054407,-0.0008340691810008123,0.0008341818415932861,,,,,,,,,,,,,3.7096817306373604e-06,0,,,,,,,,,,,,,,,,,,,,,,,,,,,,,,,,,,,,,,,filter,,,,,,,43,,,,,,,,,,,,,,,,,,,,,,,,,B
,,,,,,,,,,,,,,,,,,,,,,,,,,,Movies,0.04915729619186343,-0.039209142327308655,-0.04915729619186343,-0.050647541880607605,-0.050639204420149325,-0.050467400997877124,-0.05023419391363859,-0.04971325397491455,-0.048577326349914074,-0.04692243151366711,-0.043994376249611375,0.0015182321461012865,-0.042612820863723755,,,,,,,,,,,,,,,,,,,,,,,,,0.17649361361068408,-0.16422925889492035,-0.17649361361068408,-0.17929933965206146,-0.17876766845583916,-0.17831839472055436,-0.17787891626358032,-0.17700031399726868,-0.17558547854423523,-0.17398740202188492,-0.17023710936307904,0.0018564688800096069,-0.046631742268800735,3,,,,,,,,,,,,,,,,,,,,,,,,,,text,1.0,,,,,,,,0.033146840247822544,-0.03218921646475792,-0.033146840247822544,-0.03415786474943161,-0.03381432674825192,-0.033476023748517034,-0.03331878315657377,-0.033158374950289726,-0.03297301474958658,-0.03278818726539612,-0.03251079376786947,0.0002711742198586413,0.34085377699462116,0.34085377699462116,0.004944917727248829,-1.861335476860404e-05,-0.004944917727248829,-0.005893184337764978,-0.005893166176974773,-0.005884825205430389,-0.005805755499750376,-0.005340399919077754,-0.004469011561013758,-0.0033951416378840806,-0.0011034181935247014,0.0011035672731960935,,,,,,,,,,,,,3.4464767024441243e-06,0,,,,,,,,,,,,,,,,,,,,,,,,,,,,,,,,,,,,,,,filter,,,,,,,43,,,,,,,,,,,,,,,,,,,,,,,,,B
,,,,,,,,,,,,,,,,,,,,,,,,,,,Movies,0.017113348600075705,0.022846795618534088,0.0169865202574861,-0.011576803401112556,-0.0026325421617366374,0.010746518895030022,0.01568973110988736,0.01864774525165558,0.020193451084196568,0.021031119488179685,0.021955300178378823,0.0049932377589719315,0.005635946057736874,,,,,,,,,,,,,,,,,,,,,,,,,0.2810997299782059,0.29025140404701233,0.2810997299782059,0.25323379039764404,0.2633253067731857,0.2750050097703934,0.279175341129303,0.2821686267852783,0.28438127040863037,0.2859777003526688,0.2880132699012756,0.004918525077284109,0.18024379014968872,0,,,,,,,,,,,,,,,,,,,,,,,,,,visual,0.0,,,,,,,,0.07088515616778192,0.07372113317251205,0.07088515616778192,0.06762286275625229,0.06870775684714317,0.06970230117440224,0.07022462412714958,0.0708436444401741,0.07154558412730694,0.07215632721781731,0.07303262487053871,0.0009435256248041717,0.22112418597500813,0.22112418597500813,0.007348316399897135,0.011120203882455826,0.007348316399897135,1.0009859579440672e-05,0.0008417370333336294,0.004196603875607253,0.00585342082194984,0.007549538742750883,0.009166717063635588,0.01036080028861761,0.011086438689380885,0.002362306469670378,,,,,,,,,,,,,2.4191888935872644e-05,0,,,,,,,,,,,,,,,,,,,,,,,,,,,,,,,,,,,,,,,filter,,,,,,,43,,,,,,,,,,,,,,,,,,,,,,,,,B
,,,,,,,,,,,,,,,,,,,,,,,,,,,Movies,0.007318420064362664,0.027645312249660492,0.003430235159944171,-0.020428217947483063,-0.013007537247613072,-0.007404961669817567,-0.002975778596010059,0.0032272881362587214,0.009622469544410706,0.014759839419275519,0.0212058155424893,0.008294945387044677,0.014708206988871098,,,,,,,,,,,,,,,,,,,,,,,,,0.1129953393555334,0.1370629221200943,0.1129953393555334,0.08931806683540344,0.09665262803435326,0.10211653336882591,0.10657792538404465,0.1128610260784626,0.1191958449780941,0.12428712397813797,0.13057096615433694,0.008272886674484994,0.11886192858219147,1,,,,,,,,,,,,,,,,,,,,,,,,,,visual,0.0,,,,,,,,0.023314152714092956,-0.022120511159300804,-0.023314152714092956,-0.024360090494155884,-0.02410515770316124,-0.023781351186335085,-0.023556401021778584,-0.02329845353960991,-0.023071080446243286,-0.02288006227463484,-0.02251570925116539,0.00034672907605665223,0.0010223696900827687,0.0010223696900827687,0.0006908777290651499,-9.411120345248492e-07,-0.0006908777290651499,-0.001045504934154451,-0.0010423304128926248,-0.0009741069981828332,-0.0008618410647613928,-0.0007097963825799525,-0.0005503298889379948,-0.0003945584321627394,-7.913885630841777e-05,0.00022210052514252113,,,,,,,,,,,,,6.84406539288714e-05,0,,,,,,,,,,,,,,,,,,,,,,,,,,,,,,,,,,,,,,,filter,,,,,,,43,,,,,,,,,,,,,,,,,,,,,,,,,B
,,,,,,,,,,,,,,,,,,,,,,,,,,,Movies,0.004992225987989723,-0.0010265492601320148,-0.004992225987989723,-0.007498425431549549,-0.006885587922297418,-0.006165412813425064,-0.005696105305105448,-0.005075605819001794,-0.004354120697826147,-0.003702512849122286,-0.0025628667068667704,0.0009569251051189026,-0.0027528165373951197,,,,,,,,,,,,,,,,,,,,,,,,,0.6554579795114768,0.6615458130836487,0.6554579795114768,0.651740550994873,0.6527905452251435,0.6538161516189576,0.6545056700706482,0.6553455889225006,0.6562910974025726,0.6572320878505706,0.6589770483970642,0.0013416602494302902,0.6896929144859314,2,,,,,,,,,,,,,,,,,,,,,,,,,,visual,0.0,,,,,,,,0.02362471453980909,-0.02253585308790207,-0.02362471453980909,-0.02457141876220703,-0.024341557193547487,-0.02404903285205364,-0.023845245130360126,-0.023610884323716164,-0.023404167033731937,-0.023229910433292388,-0.022898151371628046,0.0003149665020699205,0.46250117628215437,0.46250117628215437,0.0028651537984684997,-3.902905518771149e-06,-0.0028651537984684997,-0.004335836041718721,-0.0043226708378642795,-0.00403974000364542,-0.003574159403797239,-0.002943611703813076,-0.0022822848986834288,-0.0016362817375920715,-0.0003281984420027561,0.0009210778346029193,,,,,,,,,,,,,1.8000522249013483e-06,0,,,,,,,,,,,,,,,,,,,,,,,,,,,,,,,,,,,,,,,filter,,,,,,,43,,,,,,,,,,,,,,,,,,,,,,,,,B
,,,,,,,,,,,,,,,,,,,,,,,,,,,Movies,0.03574355200012152,-0.020575007423758507,-0.03574355200012152,-0.040273550897836685,-0.04014311842620373,-0.03934035636484623,-0.038463763892650604,-0.03669549524784088,-0.033736055716872215,-0.030482071451842785,-0.02594771955162286,0.0034562227003007533,-0.02571556344628334,,,,,,,,,,,,,,,,,,,,,,,,,0.13582943116883156,-0.11882007867097855,-0.13582943116883156,-0.14215542376041412,-0.141018385887146,-0.13964572101831435,-0.1384948492050171,-0.13662821054458618,-0.13378572091460228,-0.13067311495542527,-0.12566019415855406,0.003527582091054623,-0.046631742268800735,3,,,,,,,,,,,,,,,,,,,,,,,,,,visual,1.0,,,,,,,,0.023946288892429057,-0.022966498509049416,-0.023946288892429057,-0.02478962391614914,-0.024585874006152152,-0.024325638078153133,-0.02414381317794323,-0.023934396915137768,-0.02374927280470729,-0.023592860624194145,-0.023293929286301137,0.00028183202012508273,0.09369738478389461,0.09369738478389461,0.0037922845470923982,-5.1658412303368095e-06,-0.0037922845470923982,-0.005738862790167332,-0.005721436841413379,-0.005346953077241779,-0.004730716114863753,-0.003896130481734872,-0.0030208059470169246,-0.002165763592347503,-0.0004343996831448718,0.0012191280074368464,,,,,,,,,,,,,1.2443835409129306e-05,0,,,,,,,,,,,,,,,,,,,,,,,,,,,,,,,,,,,,,,,filter,,,,,,,43,,,,,,,,,,,,,,,,,,,,,,,,,B
,,,,,,,,,,,,nan,nan,nan,nan,nan,nan,nan,nan,nan,nan,nan,nan,0.051556698977947235,1,,Movies,,,,,,,,,,,,,,,,,,,,,,,,,,nan,nan,nan,nan,nan,nan,nan,nan,nan,nan,nan,nan,,,,,,,,,,,,,,,nan,0.041210112761258216,0.051556702703237534,0.041210112761258216,6.560584006365389e-05,0.007488419343717396,0.026193834096193313,0.03531282301992178,0.04344724304974079,0.05103037878870964,0.05154510848224163,0.05155664682388306,0.010648767856157731,0.04062330099491173,0.048076990991830826,-0.015836597076423785,-0.05155673250555992,-0.05155666917562485,-0.0515495128929615,-0.051293496042490005,-0.04102009907364845,0.031965408474206924,0.04201429337263107,0.04593808948993683,0.03961193860683169,text,,160802,177474.0,0.0,0.0,0.0016497118234773064,0.01965842541572965,0.002898613604787447,,,,,,,,,,,,,,,,,,,,,,,,,,,0.7879344103099538,0.9325060844421387,-0.30716852585419907,-1.0,-0.9999989867210388,-0.9998611211776733,-0.99489426612854,-0.7956302762031555,0.6200041770935059,0.8149146437644958,0.8910207152366638,0.768317903496401,,,0.9850654893624329,1,0.03997970520897702,1.0492514371871948,0.9850654893624329,0.949749767780304,0.9497498273849487,0.9497566223144531,0.9499998092651367,0.9598098397254944,1.0324817895889282,1.0429093837738037,1.0470095872879028,0.039382627876286734,0.7879344103099538,0.9325060844421387,-0.30716852585419907,-1.0,-0.9999989867210388,-0.9998611211776733,-0.99489426612854,-0.7956302762031555,0.6200041770935059,0.8149146437644958,0.8910207152366638,0.768317903496401,nan,nan,nan,nan,nan,nan,nan,nan,nan,nan,nan,nan,relation,0.6162858605384827,0.4545341432094574,,,,,44,0.7766793948532531,1.0000001192092896,0.7716756558435693,-0.48365527391433716,-0.1022343784570694,0.2839222252368927,0.6538662910461426,0.9188756346702576,0.9742960333824158,0.988695502281189,0.9969256520271301,0.2891691493176575,nan,nan,nan,nan,nan,nan,nan,nan,nan,nan,nan,nan,B
,,,,,,,,,,,,nan,nan,nan,nan,nan,nan,nan,nan,nan,nan,nan,nan,0.05084310472011566,1,,Movies,,,,,,,,,,,,,,,,,,,,,,,,,,nan,nan,nan,nan,nan,nan,nan,nan,nan,nan,nan,nan,,,,,,,,,,,,,,,nan,0.016702451598202637,0.05083446577191353,0.016702451598202637,1.0742122640294838e-06,0.000709686833433807,0.00391612988896668,0.006721886689774692,0.012096763588488102,0.02263189945369959,0.03913301527500153,0.05071023538708687,0.013506301439453914,0.018026020132887895,0.05083796754479408,0.015272375182389839,-0.034521762281656265,-0.01686614193022251,-0.005633636377751827,0.0012219827622175217,0.011017678305506706,0.02754082903265953,0.04841538891196251,0.05078403279185295,0.018590235423957983,visual,,160802,177474.0,0.0,0.0,0.0006843048702466252,0.008154367363997309,0.0013936790737274123,,,,,,,,,,,,,,,,,,,,,,,,,,,0.35454206238658237,0.999898374080658,0.3003824095084843,-0.6789862513542175,-0.3317289650440216,-0.11080391705036163,0.02403431385755539,0.2166992723941803,0.5416827201843262,0.9522508382797241,0.9988375902175903,0.36563923986370384,,,1.015565633440941,1,0.01868090890924875,1.052152395248413,1.015565633440941,0.9660673141479492,0.983275294303894,0.9943822026252747,1.0012227296829224,1.0110785961151123,1.027923583984375,1.0496065616607666,1.052095651626587,0.018971689089692406,0.35454206238658237,0.999898374080658,0.3003824095084843,-0.6789862513542175,-0.3317289650440216,-0.11080391705036163,0.02403431385755539,0.2166992723941803,0.5416827201843262,0.9522508382797241,0.9988375902175903,0.36563923986370384,nan,nan,nan,nan,nan,nan,nan,nan,nan,nan,nan,nan,relation,0.14862999320030212,0.11930199712514877,,,,,44,0.5475535975102391,1.0000001192092896,0.5106381784847513,-0.8398568034172058,-0.4228726327419281,0.022704651579260826,0.2980157136917114,0.5729061961174011,0.78220534324646,0.9098637104034424,0.9793992042541504,0.34005142479325473,nan,nan,nan,nan,nan,nan,nan,nan,nan,nan,nan,nan,B
,,,,,,,,,,,,,,,,,,,,,,,,,,,Movies,0.049688422654026086,0.052116021513938904,0.049688422654026086,0.043969642370939255,0.04634854841977358,0.04796842485666275,0.04883263912051916,0.04975009895861149,0.050715054385364056,0.05135473795235157,0.051842798665165904,0.0012995401529216537,0.03977807238698006,,,,,,,,,,,,,,,,,,,,,,,,,0.3442678519143882,0.348739892244339,0.3442678519143882,0.3333930969238281,0.3365206581354141,0.3404886484146118,0.34240081161260605,0.34442080557346344,0.3468145877122879,0.3475703001022339,0.3481813782453537,0.002805440037816223,0.15324999392032623,0,,,,,,,,,,,,,,,,,,,,,,,,,,text,0.0,,,,,,,,0.09220144917451975,0.09383099526166916,0.09220144917451975,0.08999112248420715,0.09067285180091858,0.09128294140100479,0.09179915115237236,0.09227513521909714,0.09266375005245209,0.09295658767223358,0.09335763819515705,0.0006233165802035171,0.8162997859615208,0.8162997859615208,0.009349917601799937,0.011697393842041492,0.009349917601799937,1.4884918527968694e-05,0.0016990028833970428,0.005942963389679789,0.008011916652321815,0.009857486933469772,0.011577979428693652,0.011694763507694005,0.011697381734848022,0.0024160356591958953,,,,,,,,,,,,,7.87049380578229e-06,0,,,,,,,,,,,,,,,,,,,,,,,,,,,,,,,,,,,,,,,filter,,,,,,,44,,,,,,,,,,,,,,,,,,,,,,,,,B
,,,,,,,,,,,,,,,,,,,,,,,,,,,Movies,0.05289445353753243,-0.04522213712334633,-0.05289445353753243,-0.05391152203083038,-0.05390900745987892,-0.05379979722201824,-0.05362610053271055,-0.05324559658765793,-0.052484544925391674,-0.051488494873046874,-0.04927017085254192,0.0010274677864085147,-0.03644101321697235,,,,,,,,,,,,,,,,,,,,,,,,,0.010067177137392153,0.019298307597637177,0.010067177137392153,0.008057275786995888,0.008341483194381,0.008690203540027142,0.009044054662808776,0.0097523950971663,0.01076133269816637,0.01190476082265377,0.014307986879721287,0.0013415444850932846,0.13377945125102997,1,,,,,,,,,,,,,,,,,,,,,,,,,,text,0.0,,,,,,,,0.03056542444565278,-0.029796352609992027,-0.03056542444565278,-0.03112795017659664,-0.03096344992518425,-0.030824375338852406,-0.03072334686294198,-0.0305893337354064,-0.030428478959947824,-0.030256509594619275,-0.030040877871215343,0.0002131713565420779,0.46847486678779654,0.46847486678779654,0.0038113829143757863,-6.067660251574125e-06,-0.0038113829143757863,-0.004768303595483303,-0.00476829893887043,-0.004767231503501534,-0.004719625925645232,-0.004018287407234311,-0.003265962761361152,-0.0024225784931331874,-0.0006925783678889256,0.0009848682548381554,,,,,,,,,,,,,1.799741605484206e-06,0,,,,,,,,,,,,,,,,,,,,,,,,,,,,,,,,,,,,,,,filter,,,,,,,44,,,,,,,,,,,,,,,,,,,,,,,,,B
,,,,,,,,,,,,,,,,,,,,,,,,,,,Movies,0.03128304146386633,-0.02461146004498005,-0.03128304146386633,-0.03388569504022598,-0.03369835291057825,-0.033063780143857004,-0.032533884048461914,-0.03171594627201557,-0.030316668562591076,-0.028762410581111907,-0.026605972256511443,0.0016719105913525505,-0.03357311710715294,,,,,,,,,,,,,,,,,,,,,,,,,0.6228216198807486,0.631279468536377,0.6228216198807486,0.6197963953018188,0.620210440158844,0.6209058403968811,0.6215095818042755,0.6224499344825745,0.6238275170326233,0.625367933511734,0.6277535325288772,0.0017402866744846307,0.7199895977973938,2,,,,,,,,,,,,,,,,,,,,,,,,,,text,0.0,,,,,,,,0.030210148991687107,-0.02940344624221325,-0.030210148991687107,-0.030809646472334862,-0.03063529310747981,-0.03048738241195679,-0.03038075240328908,-0.03023663628846407,-0.030062223318964243,-0.02987144812941551,-0.02964490098878741,0.00022918732798586346,0.09181805288372692,0.09181805288372692,0.002101697135306848,-3.34586798089731e-06,-0.002101697135306848,-0.0026293685659766197,-0.002629365772008896,-0.0026287773391231893,-0.002602526277769357,-0.0022157898638397455,-0.001800937985535711,-0.001335873710922897,-0.0003819060008390796,0.0005430823500058884,,,,,,,,,,,,,3.028597709388775e-06,0,,,,,,,,,,,,,,,,,,,,,,,,,,,,,,,,,,,,,,,filter,,,,,,,44,,,,,,,,,,,,,,,,,,,,,,,,,B
,,,,,,,,,,,,,,,,,,,,,,,,,,,Movies,0.042551776069134205,-0.033451907336711884,-0.042551776069134205,-0.044357240200042725,-0.044338581152260303,-0.044080822914838794,-0.04376823827624321,-0.04315393976867199,-0.04182103928178549,-0.04002136699855328,-0.037097071595489965,0.0016914742611185748,-0.0350060872733593,,,,,,,,,,,,,,,,,,,,,,,,,0.12860905114452278,-0.11849411576986313,-0.12860905114452278,-0.1312207579612732,-0.13092491269111634,-0.13046931475400925,-0.12999755144119263,-0.12911400198936462,-0.12765564396977425,-0.12599694281816481,-0.1228240007162094,0.001843929639396536,-0.016188474372029305,3,,,,,,,,,,,,,,,,,,,,,,,,,,text,1.0,,,,,,,,0.03142587566377788,-0.03078792244195938,-0.03142587566377788,-0.03189340606331825,-0.031760621331632134,-0.031644486263394354,-0.03156176581978798,-0.031447725370526314,-0.031309367157518864,-0.0311567647382617,-0.030979576837271452,0.0001816292479845471,0.18586573631482917,0.18586573631482917,0.003436835927182808,-5.471387794386828e-06,-0.003436835927182808,-0.004299719352275133,-0.004299715161323547,-0.004298752546310425,-0.004255825420841575,-0.0036234077997505665,-0.0029450145084410906,-0.0021845102310180664,-0.0006245182733982784,0.000888084633713609,,,,,,,,,,,,,3.400076515045039e-06,0,,,,,,,,,,,,,,,,,,,,,,,,,,,,,,,,,,,,,,,filter,,,,,,,44,,,,,,,,,,,,,,,,,,,,,,,,,B
,,,,,,,,,,,,,,,,,,,,,,,,,,,Movies,0.005875346874531233,0.0046501243487000465,-0.005759514741564218,-0.012980607338249683,-0.011995349060744048,-0.010161326080560683,-0.008472346002236009,-0.005970665253698826,-0.0032581815612502396,-0.001034228794742378,0.001895816137548542,0.003400242915929176,-0.012667026370763779,,,,,,,,,,,,,,,,,,,,,,,,,0.19505816784413843,0.20657391846179962,0.19505816784413843,0.18679194152355194,0.1883095209300518,0.190717875957489,0.1926027610898018,0.19485576450824738,0.19745005294680595,0.19967690408229827,0.20301938086748123,0.0033907045729812623,0.15324999392032623,0,,,,,,,,,,,,,,,,,,,,,,,,,,visual,0.0,,,,,,,,0.058877311441144636,0.059098031371831894,0.058877311441144636,0.05867161229252815,0.058745193406939504,0.05879877805709839,0.05883536394685507,0.05887780338525772,0.05891900137066841,0.05895333290100098,0.05901410087943077,5.961324030001544e-05,0.05820667487351774,0.05820667487351774,0.001357407402189673,0.004131314344704151,0.001357407402189673,8.730118139510523e-08,5.767621056293138e-05,0.00031826368358451874,0.0005462874396471307,0.0009831032948568463,0.0018392933416180313,0.003180338186211884,0.004121218281798064,0.0010976564379106878,,,,,,,,,,,,,1.1496877501236043e-05,0,,,,,,,,,,,,,,,,,,,,,,,,,,,,,,,,,,,,,,,filter,,,,,,,44,,,,,,,,,,,,,,,,,,,,,,,,,B
,,,,,,,,,,,,,,,,,,,,,,,,,,,Movies,0.029084095112544138,0.03892335295677185,0.029084095112544138,0.008415035903453827,0.016096981838345528,0.021848207153379918,0.02561124600470066,0.029598694294691086,0.03301850613206625,0.035531756654381755,0.038254086524248124,0.005189022340851911,0.024235924705863,,,,,,,,,,,,,,,,,,,,,,,,,0.1687576507152042,0.18028570711612701,0.1687576507152042,0.1474008411169052,0.15563830509781837,0.16145559698343276,0.1652180626988411,0.16922347992658615,0.17271500825881958,0.17532485276460646,0.17821670576930046,0.005256601324373227,0.13377945125102997,1,,,,,,,,,,,,,,,,,,,,,,,,,,visual,0.0,,,,,,,,0.019508509751679216,-0.01943655125796795,-0.019508509751679216,-0.019588053226470947,-0.01955665497109294,-0.019535244442522526,-0.019523256924003363,-0.019508720375597477,-0.019493727013468742,-0.019481063075363635,-0.019461617544293403,2.0927375631677904e-05,0.028628587600754967,0.028628587600754967,0.0011666949168814592,0.0035508747678250074,0.0011666949168814592,7.50355724221663e-08,4.957284105330473e-05,0.0002735483867581934,0.00046953534183558077,0.000844979687826708,0.0015808770549483597,0.002733508381061256,0.0035421970416791735,0.000943438341575976,,,,,,,,,,,,,2.7631857483402365e-05,0,,,,,,,,,,,,,,,,,,,,,,,,,,,,,,,,,,,,,,,filter,,,,,,,44,,,,,,,,,,,,,,,,,,,,,,,,,B
,,,,,,,,,,,,,,,,,,,,,,,,,,,Movies,0.007490234882579776,0.010826014913618565,0.0074894684285612126,-0.002059119287878275,0.0025067377975210546,0.005086365155875683,0.006476891576312482,0.007774517638608813,0.008818525122478604,0.009459576662629842,0.010099651729688049,0.001726667136110117,0.013975018635392189,,,,,,,,,,,,,,,,,,,,,,,,,0.7219193492749717,0.7252308130264282,0.7219193492749717,0.7122854590415955,0.7169050425291061,0.7195048749446868,0.7209052294492722,0.7222206890583038,0.723251610994339,0.7238894820213317,0.7245128190517426,0.0017288644212890168,0.7199895977973938,2,,,,,,,,,,,,,,,,,,,,,,,,,,visual,0.0,,,,,,,,0.019666791198960185,-0.01959952525794506,-0.019666791198960185,-0.01973780430853367,-0.01971166141331196,-0.019691731408238412,-0.01968041667714715,-0.019666937179863453,-0.019653143361210823,-0.019641072303056718,-0.019623502492904663,1.9497571487655806e-05,0.0059241701570764554,0.0059241701570764554,0.000132049842860636,0.0004018980835098773,0.000132049842860636,8.492738956533685e-09,5.610795083157428e-06,3.0960984440753235e-05,5.3143344302952755e-05,9.563719868310727e-05,0.00017892814867082052,0.00030938624404370786,0.0004009159212000668,0.0001067810298206734,,,,,,,,,,,,,2.988972187199007e-06,0,,,,,,,,,,,,,,,,,,,,,,,,,,,,,,,,,,,,,,,filter,,,,,,,44,,,,,,,,,,,,,,,,,,,,,,,,,B
,,,,,,,,,,,,,,,,,,,,,,,,,,,Movies,0.003228073155266094,0.004271534271538258,-0.003205738618394888,-0.007838478311896324,-0.006430160407908261,-0.005236186506226659,-0.004326523165218532,-0.0032146836165338755,-0.002146163722500205,-0.0011884299223311246,0.0004522208342677929,0.001550129820796765,-0.00027539118309505284,,,,,,,,,,,,,,,,,,,,,,,,,0.042027767863162147,-0.033357083797454834,-0.042027767863162147,-0.04941060021519661,-0.048215602189302445,-0.045719803869724275,-0.043438500724732876,-0.04175828769803047,-0.04032282531261444,-0.03909834511578083,-0.03720698609948158,0.0024674268846160167,-0.016188474372029305,3,,,,,,,,,,,,,,,,,,,,,,,,,,visual,1.0,,,,,,,,0.01970201056323688,-0.01963333785533905,-0.01970201056323688,-0.01977217197418213,-0.01974760662764311,-0.019727102480828762,-0.019715639296919107,-0.019702119752764702,-0.01968832639977336,-0.01967624444514513,-0.0196590337716043,1.955976129152708e-05,0.6838076024058188,0.6838076024058188,0.0026561522221135265,-1.7082949455016205e-07,-0.0026561522221135265,-0.008084087632596493,-0.00806433136574924,-0.0062232330907136205,-0.003599098534323275,-0.0019237202941440046,-0.0010689661430660635,-0.0006227730889804662,-0.00011285984910500687,0.0021478758585143916,,,,,,,,,,,,,6.088195430925903e-06,0,,,,,,,,,,,,,,,,,,,,,,,,,,,,,,,,,,,,,,,filter,,,,,,,44,,,,,,,,,,,,,,,,,,,,,,,,,B
,,,,,,,,,,,,nan,nan,nan,nan,nan,nan,nan,nan,nan,nan,nan,nan,0.05068761482834816,1,,Toys,,,,,,,,,,,,,,,,,,,,,,,,,,nan,nan,nan,nan,nan,nan,nan,nan,nan,nan,nan,nan,,,,,,,,,,,,,,,1.0,0.025271671436906656,0.05035096034407616,0.025271671436906656,0.0,0.0011106079421006143,0.00550056491047144,0.01148833567276597,0.02480691857635975,0.03878449462354183,0.04643430709838868,0.04952431686222553,0.014911540936003245,0.022477751203288307,0.050406765192747116,0.01956389170766826,-0.03824625536799431,-0.022357404232025146,-0.005182859022170305,0.003732145531103015,0.01863320730626583,0.037596967071294785,0.04635096341371536,0.049688100814819336,0.019469789824507852,text,,113402,134097.0,0.0,0.0,0.0015416463735878517,0.01099467297544795,0.0027424479065194613,,,,,,,,,,,,,,,,,,,,,,,,,,,0.44345645233407466,0.9944586157798767,0.38596983448478256,-0.7545479536056519,-0.4410826563835144,-0.10225127637386322,0.07362937927246094,0.36760905385017395,0.7417376041412354,0.914444625377655,0.980281412601471,0.3841133272054295,,,1.0199496805419792,1,0.01944958958740937,1.0516988039016724,1.0199496805419792,0.9624758958816528,0.97789067029953,0.9948305487632751,1.0037391185760498,1.0188078880310059,1.0383126735687256,1.0474419593811035,1.0509432554244995,0.019837602686370245,0.44345645233407466,0.9944586157798767,0.38596983448478256,-0.7545479536056519,-0.4410826563835144,-0.10225127637386322,0.07362937927246094,0.36760905385017395,0.7417376041412354,0.914444625377655,0.980281412601471,0.3841133272054295,nan,nan,nan,nan,nan,nan,nan,nan,nan,nan,nan,nan,relation,0.20491701364517212,0.11513024568557739,,,,,42,0.731350727954999,1.0000001192092896,0.7167184900829753,-0.7672766447067261,-0.2784154415130615,0.2955176830291748,0.6044611930847168,0.8196295499801636,0.9276525974273682,0.9709919691085815,0.9969378113746643,0.2905890774598293,nan,nan,nan,nan,nan,nan,nan,nan,nan,nan,nan,nan,B
,,,,,,,,,,,,nan,nan,nan,nan,nan,nan,nan,nan,nan,nan,nan,nan,0.05041533708572388,1,,Toys,,,,,,,,,,,,,,,,,,,,,,,,,,nan,nan,nan,nan,nan,nan,nan,nan,nan,nan,nan,nan,,,,,,,,,,,,,,,1.0,0.03727158714930082,0.05038583651185036,0.03727158714930082,0.0,0.014024918098002673,0.024760331213474273,0.03132686950266361,0.03850458934903145,0.04477030038833618,0.047960801422595976,0.050019493624567986,0.008916660581921199,0.036459953559808085,0.05040030553936958,0.03643721424765158,-0.02228408120572567,0.009691804647445679,0.0229768306016922,0.029931725934147835,0.03777157887816429,0.044636085629463196,0.048165153712034225,0.05009319260716438,0.009814707426034151,visual,,113402,134097.0,0.0,0.0,0.0018230512744284008,0.013001589030541492,0.0033010381659805193,,,,,,,,,,,,,,,,,,,,,,,,,,,0.7231916530748161,0.9997015595436096,0.7227406133685553,-0.44200998544692993,0.19224019348621368,0.4557509124279022,0.5937021970748901,0.7492090463638306,0.8853670358657837,0.9553658962249756,0.9936109185218811,0.19467698755732996,,,1.0371590168683698,1,0.009778902504880348,1.051692008972168,1.0371590168683698,0.9779623746871948,1.0097389221191406,1.0232428312301636,1.0303841829299927,1.0384939908981323,1.0456472635269165,1.0493439435958862,1.051369071006775,0.01014227690802312,0.7231916530748161,0.9997015595436096,0.7227406133685553,-0.44200998544692993,0.19224019348621368,0.4557509124279022,0.5937021970748901,0.7492090463638306,0.8853670358657837,0.9553658962249756,0.9936109185218811,0.19467698755732996,nan,nan,nan,nan,nan,nan,nan,nan,nan,nan,nan,nan,relation,0.41128021478652954,0.21869102120399475,,,,,42,0.7163842221078239,1.000000238418579,0.7125845988159377,-0.7753186225891113,-0.021072763949632645,0.429455429315567,0.6208760738372803,0.7678784728050232,0.8643373250961304,0.9193263053894043,0.9754376411437988,0.21211690585452714,nan,nan,nan,nan,nan,nan,nan,nan,nan,nan,nan,nan,B
,,,,,,,,,,,,,,,,,,,,,,,,,,,Toys,0.004877281077718941,0.012450751848518848,0.001914475977765266,-0.010829025879502296,-0.00928065862506628,-0.006092571094632149,-0.002096174517646432,0.0025072130374610424,0.006368725094944239,0.008566819131374359,0.010858720373362305,0.005356395145285195,0.005005299113690853,,,,,,,,,,,,,,,,,,,,,,,,,0.20371800081961453,0.21462474763393402,0.20371800081961453,0.19051393866539001,0.19209733009338378,0.1953564018011093,0.19953277707099915,0.2043318748474121,0.208363875746727,0.21069213151931762,0.21301733821630478,0.00558410545010905,0.12736952304840088,0,,,,,,,,,,,,,,,,,,,,,,,,,,text,0.0,,,,,,,,0.0699313319616486,0.07005813717842102,0.0699313319616486,0.06981211155653,0.06986120119690895,0.06989219635725022,0.0699106976389885,0.06992993503808975,0.06995061784982681,0.06997164934873581,0.07001590192317962,3.160605133454766e-05,0.04106604668049708,0.04106604668049708,0.0005026302895880514,-0.0,-0.0005026302895880514,-0.0010014341678470373,-0.0009849930834025145,-0.0009235356585122645,-0.0007713878876529634,-0.000493386818561703,-0.0002284924266859889,-0.0001094011735403909,-2.2088969817559657e-05,0.0002965768275134275,,,,,,,,,,,,,3.1182233677937596e-05,0,,,,,,,,,,,,,,,,,,,,,,,,,,,,,,,,,,,,,,,filter,,,,,,,42,,,,,,,,,,,,,,,,,,,,,,,,,B
,,,,,,,,,,,,,,,,,,,,,,,,,,,Toys,0.018002414305706326,0.000877944054082036,-0.01800232945969965,-0.02710665576159954,-0.02607037641108036,-0.0231133408844471,-0.02111299429088831,-0.018503235653042793,-0.01530557731166482,-0.012026574090123174,-0.007011994048953053,0.004271080327111454,-0.00906316190958023,,,,,,,,,,,,,,,,,,,,,,,,,0.06924343981959447,0.08499275147914886,0.06924343981959447,0.05859602987766266,0.06223922148346901,0.0650960311293602,0.06690101698040962,0.06903914362192154,0.07135769724845886,0.07373543977737428,0.07805566251277925,0.0033574444742253077,0.12285889685153961,1,,,,,,,,,,,,,,,,,,,,,,,,,,text,0.0,,,,,,,,0.023355419931905833,-0.023317614570260048,-0.023355419931905833,-0.023396946489810944,-0.02338357850909233,-0.02336886003613472,-0.02336184587329626,-0.023354999721050262,-0.02334848139435053,-0.02334234192967415,-0.02333216730505228,1.052381365534632e-05,-0.15194573267053307,-0.15194573267053307,0.003194545753533914,-0.0,-0.003194545753533914,-0.006364772561937571,-0.006260278057307005,-0.0058696758933365345,-0.004902677144855261,-0.0031357973348349333,-0.0014522194978781044,-0.0006953163305297486,-0.00014038991765119108,0.0018849406112348528,,,,,,,,,,,,,1.1272433397506053e-05,0,,,,,,,,,,,,,,,,,,,,,,,,,,,,,,,,,,,,,,,filter,,,,,,,42,,,,,,,,,,,,,,,,,,,,,,,,,B
,,,,,,,,,,,,,,,,,,,,,,,,,,,Toys,0.002176158459243303,0.0010936770122498274,-0.0021631617039566324,-0.005630553234368563,-0.004391939137130976,-0.003444654168561101,-0.0028580103535205126,-0.002203957410529256,-0.0015333591727539897,-0.0007537172641605139,0.00025300541601609624,0.0010253869828269263,0.0040979147888720036,,,,,,,,,,,,,,,,,,,,,,,,,0.7287899819973386,0.7320854663848877,0.7287899819973386,0.7252823114395142,0.7265385353565216,0.7274892568588257,0.7280774712562561,0.7287459373474121,0.7294337749481201,0.7302344560623169,0.7312479889392853,0.0010459098863739677,0.7500916719436646,2,,,,,,,,,,,,,,,,,,,,,,,,,,text,0.0,,,,,,,,0.02328363732565541,-0.023242516443133354,-0.02328363732565541,-0.023326124995946884,-0.023312116153538228,-0.023297250643372534,-0.023290123790502548,-0.023283185437321663,-0.02327666524797678,-0.02327035926282406,-0.023260158747434617,1.0631781224289425e-05,0.019089427570574018,0.019089427570574018,4.717118737409022e-05,9.398327529197559e-05,4.717118737409022e-05,0.0,2.073020500574785e-06,1.0267155448673294e-05,2.1443712284963112e-05,4.630369949154556e-05,7.23937337170355e-05,8.667259971844034e-05,9.24402974487748e-05,2.783334271778217e-05,,,,,,,,,,,,,1.0939274904148062e-06,0,,,,,,,,,,,,,,,,,,,,,,,,,,,,,,,,,,,,,,,filter,,,,,,,42,,,,,,,,,,,,,,,,,,,,,,,,,B
,,,,,,,,,,,,,,,,,,,,,,,,,,,Toys,0.0027714723469149313,0.00830298662185669,-0.0004695804985469165,-0.011608032509684563,-0.00846330812200904,-0.004933255352079868,-0.002696774434298277,-0.0005428454605862498,0.0018910979852080345,0.004189903382211926,0.006694690389558674,0.0034098923715743332,0.0053551108576357365,,,,,,,,,,,,,,,,,,,,,,,,,0.012470064182449865,0.024736415594816208,0.012469356190494241,-0.0012937976280227304,0.002352985297329724,0.005751018226146698,0.008335019927471876,0.012251585721969604,0.016399993561208248,0.019934154301881796,0.0229561535269022,0.005212057998971604,0.027226096019148827,3,,,,,,,,,,,,,,,,,,,,,,,,,,text,0.0005798502243123949,,,,,,,,0.023292274705527426,-0.023250816389918327,-0.023292274705527426,-0.02333526313304901,-0.023320671394467352,-0.023305796459317206,-0.02329876460134983,-0.02329183742403984,-0.02328537032008171,-0.023279014974832535,-0.02326874915510416,1.0602150299585446e-05,0.37135416431656637,0.37135416431656637,0.0036500049734009463,0.007272223476320505,0.0036500049734009463,0.0,0.0001604058756493032,0.0007944503915496171,0.0016592682804912329,0.003582880599424243,0.005601671291515231,0.00670653907582164,0.007152830874547362,0.0021536841643861114,,,,,,,,,,,,,2.716554858464388e-05,0,,,,,,,,,,,,,,,,,,,,,,,,,,,,,,,,,,,,,,,filter,,,,,,,42,,,,,,,,,,,,,,,,,,,,,,,,,B
,,,,,,,,,,,,,,,,,,,,,,,,,,,Toys,0.032122177434992925,-0.029528193175792694,-0.032122177434992925,-0.03276119381189346,-0.03260822393000126,-0.03245515897870064,-0.03234359622001648,-0.03218645602464676,-0.03197834827005863,-0.03172212615609169,-0.030977938696742053,0.0003249866654737003,-0.025881988927721977,,,,,,,,,,,,,,,,,,,,,,,,,0.1194670132351227,0.12165416032075882,0.1194670132351227,0.11838030815124512,0.11873124897480011,0.11905558556318283,0.11924515292048454,0.11944214254617691,0.119658213108778,0.1198932722210884,0.12050505578517914,0.00034791793764231475,0.12736952304840088,0,,,,,,,,,,,,,,,,,,,,,,,,,,visual,0.0,,,,,,,,0.050298173413469066,0.05106255039572716,0.050298173413469066,0.04940972477197647,0.04973237872123718,0.04996656849980354,0.05012871138751507,0.05030117556452751,0.05046824924647808,0.05062829926609993,0.05084954530000687,0.00025130438390364286,-0.014876295146399442,-0.014876295146399442,0.00019651498080417796,-0.0,-0.00019651498080417796,-0.0002656600554473698,-0.00026372851338237526,-0.0002528740034904331,-0.0002360520593356341,-0.00020301601034589112,-0.00016517136828042567,-0.00013054921000730244,-7.39465796505101e-05,4.701322151150655e-05,,,,,,,,,,,,,1.2104689133328162e-07,0,,,,,,,,,,,,,,,,,,,,,,,,,,,,,,,,,,,,,,,filter,,,,,,,42,,,,,,,,,,,,,,,,,,,,,,,,,B
,,,,,,,,,,,,,,,,,,,,,,,,,,,Toys,0.008787971195878696,0.002010147087275982,-0.008785191912613097,-0.016787685453891754,-0.014861000813543796,-0.012259463965892791,-0.01079164957627654,-0.009030699729919434,-0.0070100100710988045,-0.004876179434359071,-0.0011208336381241537,0.0029044240443885953,-0.004148819949477911,,,,,,,,,,,,,,,,,,,,,,,,,0.08827530664611652,0.10022696107625961,0.08827530664611652,0.07887785881757736,0.08156295582652091,0.08426163345575333,0.08598024025559425,0.0880042314529419,0.09030356630682945,0.0927114486694336,0.09684096306562424,0.003288705108291157,0.12285889685153961,1,,,,,,,,,,,,,,,,,,,,,,,,,,visual,0.0,,,,,,,,0.01679946461759506,-0.016510862857103348,-0.01679946461759506,-0.017050856724381447,-0.01697931334376335,-0.01690727062523365,-0.016855214722454548,-0.016800476238131523,-0.01674392819404602,-0.016691252961754798,-0.01661467123776674,8.206938279307785e-05,0.16918669298201738,0.16918669298201738,0.004850115175979878,-0.0,-0.004850115175979878,-0.00655665947124362,-0.006508987778797746,-0.00624109199270606,-0.005825915606692433,-0.005010564811527729,-0.004076534882187843,-0.0032220378052443266,-0.0018250488070771097,0.0011603163194208856,,,,,,,,,,,,,1.081558128930035e-05,0,,,,,,,,,,,,,,,,,,,,,,,,,,,,,,,,,,,,,,,filter,,,,,,,42,,,,,,,,,,,,,,,,,,,,,,,,,B
,,,,,,,,,,,,,,,,,,,,,,,,,,,Toys,0.040337507452660064,0.041724205017089844,0.040337507452660064,0.033705566078424454,0.03621797554194927,0.03863765001296997,0.03979070484638214,0.040706485509872437,0.04122786410152912,0.041495803743600845,0.04170119740068912,0.0012160316070203426,0.031329259276390076,,,,,,,,,,,,,,,,,,,,,,,,,0.8074327738079422,0.8096978068351746,0.8074327738079422,0.7995666265487671,0.8029617249965668,0.8056551575660705,0.8067925870418549,0.8077036142349243,0.8084022700786591,0.8088799595832825,0.8093205595016479,0.0013518848837671229,0.7500916719436646,2,,,,,,,,,,,,,,,,,,,,,,,,,,visual,0.0,,,,,,,,0.01679986300413578,-0.01650981791317463,-0.01679986300413578,-0.017053894698619843,-0.016980282329022885,-0.016907789930701255,-0.01685570925474167,-0.016800973564386368,-0.01674446277320385,-0.016691354289650916,-0.016614485420286654,8.220667713176286e-05,0.19424711235951644,0.19424711235951644,0.0024741826903798593,0.003344740020111203,0.0024741826903798593,0.0,0.0009310097177512944,0.0016436537960544228,0.0020795571617782116,0.0025560325011610985,0.0029719664016738534,0.0031837599352002146,0.0033204210782423614,0.0005919105929046652,,,,,,,,,,,,,1.8275927389580476e-06,0,,,,,,,,,,,,,,,,,,,,,,,,,,,,,,,,,,,,,,,filter,,,,,,,42,,,,,,,,,,,,,,,,,,,,,,,,,B
,,,,,,,,,,,,,,,,,,,,,,,,,,,Toys,0.03968063351122415,0.04059608280658722,0.03968063351122415,0.033510178327560425,0.036104869470000266,0.03821702748537063,0.039343126118183136,0.04006402939558029,0.040376873686909676,0.0405187301337719,0.04059346154332161,0.0010059236291451276,0.031197290867567062,,,,,,,,,,,,,,,,,,,,,,,,,0.08397762002065637,0.08585728704929352,0.08397762002065637,0.0776999294757843,0.08015978246927262,0.08246547728776932,0.08344448357820511,0.08421754837036133,0.08479631319642067,0.08519550114870071,0.08553578585386276,0.001148062654530016,0.027226096019148827,3,,,,,,,,,,,,,,,,,,,,,,,,,,visual,0.0,,,,,,,,0.016698845808119065,-0.016389042139053345,-0.016698845808119065,-0.01697402447462082,-0.016890529841184616,-0.016813533380627632,-0.016758212819695473,-0.016699735075235367,-0.016640374436974525,-0.016583878174424173,-0.016501951701939105,8.718597223641282e-05,0.2514452711540992,0.2514452711540992,0.002572447261974453,0.0034775794483721256,0.002572447261974453,0.0,0.0009679856500588357,0.001708933082409203,0.0021621488267555833,0.002657547825947404,0.0030900008277967572,0.003310205973684788,0.003452294780872762,0.0006154188979565769,,,,,,,,,,,,,1.3180478587265066e-06,0,,,,,,,,,,,,,,,,,,,,,,,,,,,,,,,,,,,,,,,filter,,,,,,,42,,,,,,,,,,,,,,,,,,,,,,,,,B
,,,,,,,,,,,,nan,nan,nan,nan,nan,nan,nan,nan,nan,nan,nan,nan,0.05095861852169037,1,,Toys,,,,,,,,,,,,,,,,,,,,,,,,,,nan,nan,nan,nan,nan,nan,nan,nan,nan,nan,nan,nan,,,,,,,,,,,,,,,1.0,0.03178804558535212,0.050943080335855484,0.03178804558535212,0.0,0.001721163187175989,0.007276262529194355,0.01604601088911295,0.035712748765945435,0.048061057925224304,0.05028472170233727,0.05085406266152859,0.016491117776000912,0.028250385441647423,0.05095171183347702,0.027503697836968877,-0.02161838673055172,-0.009391340427100658,0.0014297273010015488,0.00968023482710123,0.029647773131728172,0.047361310571432114,0.050251465290784836,0.0508667454123497,0.019251797533852942,text,,113402,134097.0,0.0,0.0,0.001721453208859149,0.0122770146242382,0.0031802440073604842,,,,,,,,,,,,,,,,,,,,,,,,,,,0.5543789090488218,0.9998651742935181,0.5397260872105368,-0.42423370480537415,-0.18429400026798248,0.02805563434958458,0.1899627298116684,0.5818008184432983,0.9294081330299377,0.9861238598823547,0.9981977343559265,0.37779272943929443,,,1.028075621526743,1,0.019207048990763597,1.052272081375122,1.028075621526743,0.9786136150360107,0.9906526207923889,1.0014307498931885,1.0097272396087646,1.030091643333435,1.0485007762908936,1.0515354871749878,1.052182674407959,0.019746298828893095,0.5543789090488218,0.9998651742935181,0.5397260872105368,-0.42423370480537415,-0.18429400026798248,0.02805563434958458,0.1899627298116684,0.5818008184432983,0.9294081330299377,0.9861238598823547,0.9981977343559265,0.37779272943929443,nan,nan,nan,nan,nan,nan,nan,nan,nan,nan,nan,nan,relation,0.37812384963035583,0.2894834280014038,,,,,43,0.7647015344744785,1.0000001192092896,0.7611193033572743,-0.6625840663909912,-0.03522341698408127,0.43051332235336304,0.6688803434371948,0.8400576114654541,0.9272153377532959,0.9678337574005127,0.9971315860748291,0.2317219804092059,nan,nan,nan,nan,nan,nan,nan,nan,nan,nan,nan,nan,B
,,,,,,,,,,,,nan,nan,nan,nan,nan,nan,nan,nan,nan,nan,nan,nan,0.051211412996053696,1,,Toys,,,,,,,,,,,,,,,,,,,,,,,,,,nan,nan,nan,nan,nan,nan,nan,nan,nan,nan,nan,nan,,,,,,,,,,,,,,,1.0,0.036404753136216834,0.05118311941623688,0.036404753136216834,0.0,0.007324042757973075,0.021694813296198844,0.029701735824346542,0.037985291332006454,0.0451080035418272,0.04875815436244011,0.05076759316027164,0.010458997264291224,0.03617725293641192,0.05118313431739807,0.036073767934797114,-0.02778901718556881,0.0014531777705997229,0.01932203210890293,0.029121771454811096,0.03866482153534889,0.045569464564323425,0.0489535927772522,0.050768282264471054,0.011774610322466312,visual,,113402,134097.0,0.0,0.0,0.0018699148654587375,0.013335809553912592,0.003290990681590724,,,,,,,,,,,,,,,,,,,,,,,,,,,0.7064294485290982,0.9994475245475769,0.7044087075586872,-0.5426333546638489,0.028376543894410133,0.37729883193969727,0.5686569809913635,0.7550048232078552,0.8898298740386963,0.955912709236145,0.9913464784622192,0.22992157574991953,,,1.0368039022088924,1,0.011704106191724621,1.0525156259536743,1.0368039022088924,0.9725935459136963,1.00145423412323,1.0195099115371704,1.0295499563217163,1.0394220352172852,1.046623706817627,1.0501716136932373,1.0520790815353394,0.012134862971459052,0.7064294485290982,0.9994475245475769,0.7044087075586872,-0.5426333546638489,0.028376543894410133,0.37729883193969727,0.5686569809913635,0.7550048232078552,0.8898298740386963,0.955912709236145,0.9913464784622192,0.22992157574991953,nan,nan,nan,nan,nan,nan,nan,nan,nan,nan,nan,nan,relation,0.42399606108665466,0.22939631342887878,,,,,43,0.6314592031436811,1.000000238418579,0.6155699409041046,-0.7743551135063171,-0.2909749150276184,0.21433837711811066,0.47768983244895935,0.6892229914665222,0.8259116411209106,0.9029462337493896,0.969599723815918,0.2816962544600325,nan,nan,nan,nan,nan,nan,nan,nan,nan,nan,nan,nan,B
,,,,,,,,,,,,,,,,,,,,,,,,,,,Toys,0.02723676740781632,0.03206924349069595,0.02723676740781632,0.004815947264432907,0.011405107099562883,0.020502302050590514,0.02595201786607504,0.02894359454512596,0.030353535898029804,0.031017763167619707,0.03159943550825119,0.0046155239098978375,0.014274492859840393,,,,,,,,,,,,,,,,,,,,,,,,,0.24908529902302318,0.2541164755821228,0.24908529902302318,0.22929272055625916,0.23573799490928649,0.2442565768957138,0.24862279742956161,0.25010913610458374,0.25114281475543976,0.25210954546928405,0.2533271282911301,0.0036086909684320233,0.12866447865962982,0,,,,,,,,,,,,,,,,,,,,,,,,,,text,0.0,,,,,,,,0.07584586767009503,0.07676836848258972,0.07584586767009503,0.07504824548959732,0.0752716800570488,0.07546217292547226,0.0756133683025837,0.07581140846014023,0.07603856176137924,0.07630862444639205,0.0766155532002449,0.0003153399252645582,-0.127656700042131,-0.127656700042131,0.0030636924252592838,0.004909830633550882,0.0030636924252592838,0.0,0.00016588357888394967,0.0007012771442532539,0.0015464946045540273,0.0034419503062963486,0.0046320653054863214,0.0048463791608810425,0.004901251792907715,0.001589393485959075,,,,,,,,,,,,,1.3022650505642853e-05,0,,,,,,,,,,,,,,,,,,,,,,,,,,,,,,,,,,,,,,,filter,,,,,,,43,,,,,,,,,,,,,,,,,,,,,,,,,B
,,,,,,,,,,,,,,,,,,,,,,,,,,,Toys,0.012085963472612355,-0.0012737559154629707,-0.012085963472612355,-0.017021140083670616,-0.016507133804261685,-0.015172262489795686,-0.014111829455941916,-0.012493274174630642,-0.01048612641170621,-0.008326414600014683,-0.00460937269963324,0.002667975920364087,-0.009661411866545677,,,,,,,,,,,,,,,,,,,,,,,,,0.06355281766017125,0.07588478922843933,0.06355281766017125,0.05613872408866882,0.05776480078697205,0.059678664058446886,0.061236241832375526,0.06336688250303268,0.0656248889863491,0.06768604218959809,0.07115235090255738,0.0030590072401646914,0.11546099931001663,1,,,,,,,,,,,,,,,,,,,,,,,,,,text,0.0,,,,,,,,0.025230161977270772,-0.02495053969323635,-0.025230161977270772,-0.025540141388773918,-0.025490075051784515,-0.025387042760849,-0.025294975377619267,-0.025218697264790535,-0.02515147440135479,-0.02510051466524601,-0.02503510758280754,0.00010673428936133692,0.4834050078714405,0.4834050078714405,0.004930642495346726,-0.0,-0.004930642495346726,-0.007901779375970364,-0.007887971494346857,-0.007799661066383123,-0.007454748498275876,-0.005539402831345797,-0.0024888961343094707,-0.0011286207940429443,-0.000266969567164778,0.0025579366272008965,,,,,,,,,,,,,9.357525295380002e-06,0,,,,,,,,,,,,,,,,,,,,,,,,,,,,,,,,,,,,,,,filter,,,,,,,43,,,,,,,,,,,,,,,,,,,,,,,,,B
,,,,,,,,,,,,,,,,,,,,,,,,,,,Toys,0.002000076163587903,0.006080807652324438,-0.0010922318644552556,-0.0062139397487044334,-0.00488368178717792,-0.0036378809250891208,-0.002666114829480648,-0.0013552196323871613,0.0003071824903599918,0.001989310421049595,0.003853266490623365,0.0020883543465803444,-0.0009031395893543959,,,,,,,,,,,,,,,,,,,,,,,,,0.7205661878518996,0.7268809676170349,0.7205661878518996,0.7158854007720947,0.7174504935741425,0.71857248544693,0.7193816602230072,0.7203842997550964,0.7215632498264313,0.722952127456665,0.7247364842891693,0.0016485425644886505,0.7487057447433472,2,,,,,,,,,,,,,,,,,,,,,,,,,,text,0.0,,,,,,,,0.025150937890248273,-0.0248759463429451,-0.025150937890248273,-0.02547101117670536,-0.025417468212544918,-0.025311592593789102,-0.025217740796506405,-0.02513905242085457,-0.0250701941549778,-0.02501802667975426,-0.02495131514966488,0.00010933385610314467,-0.19237559057049758,-0.19237559057049758,0.0009932576750813118,-0.0,-0.0009932576750813118,-0.0015917809214442968,-0.0015889994683675468,-0.0015712096588686108,-0.0015017284895293415,-0.0011158899869769812,-0.0005013778863940388,-0.00022735602105967688,-5.37799185258335e-05,0.0005152858250376532,,,,,,,,,,,,,2.7176925869308166e-06,0,,,,,,,,,,,,,,,,,,,,,,,,,,,,,,,,,,,,,,,filter,,,,,,,43,,,,,,,,,,,,,,,,,,,,,,,,,B
,,,,,,,,,,,,,,,,,,,,,,,,,,,Toys,0.010264327975647705,0.007583129219710827,-0.010148595755620169,-0.022927384823560715,-0.020162526853382587,-0.016528407484292983,-0.013965039979666471,-0.010710983537137508,-0.006744287442415953,-0.002603494748473166,0.0019899739045649793,0.005212753093681428,0.0007008893298916519,,,,,,,,,,,,,,,,,,,,,,,,,0.0067376743921437185,0.014225111342966557,-0.004955866569891666,-0.019920364022254944,-0.016860826574265957,-0.012909935042262077,-0.00988290412351489,-0.005423892289400101,-0.00032685266342014074,0.004063473828136922,0.008637264911085372,0.006304179005366821,0.027096400037407875,3,,,,,,,,,,,,,,,,,,,,,,,,,,text,0.7654989361763,,,,,,,,0.025464767852888558,-0.025211909785866737,-0.025464767852888558,-0.025757228955626488,-0.02570809081196785,-0.025610826164484023,-0.02552546840161085,-0.025453906506299973,-0.02539137378334999,-0.025343916937708856,-0.025283538401126862,9.940035608653911e-05,0.19579365835350707,0.19579365835350707,0.002860207841634185,0.0045837294310331345,0.002860207841634185,0.0,0.00015486590680666268,0.0006546996766701341,0.0014437793870456517,0.003213342512026429,0.004324412206187844,0.0045244918204844,0.004575720066204667,0.0014838290147856158,,,,,,,,,,,,,3.9742672931707793e-05,0,,,,,,,,,,,,,,,,,,,,,,,,,,,,,,,,,,,,,,,filter,,,,,,,43,,,,,,,,,,,,,,,,,,,,,,,,,B
,,,,,,,,,,,,,,,,,,,,,,,,,,,Toys,0.030701517274026768,-0.024680890142917633,-0.030701517274026768,-0.03198693320155144,-0.031837219297885896,-0.03161443769931793,-0.031397609040141106,-0.030967354774475098,-0.03025686927139759,-0.02935383729636669,-0.027743245027959343,0.0009324436163985875,-0.025982538238167763,,,,,,,,,,,,,,,,,,,,,,,,,0.12170708692932106,0.12695512175559998,0.12170708692932106,0.12003879249095917,0.12060726195573807,0.12099207043647767,0.1212286725640297,0.12151454389095306,0.12196603044867516,0.12273471504449844,0.12427103176712989,0.0007499671019503046,0.12866447865962982,0,,,,,,,,,,,,,,,,,,,,,,,,,,visual,0.0,,,,,,,,0.04920556469113679,0.05012395977973938,0.04920556469113679,0.04798555374145508,0.04838111825287342,0.04874637797474861,0.04894733242690563,0.04920850694179535,0.049473727121949196,0.049668385088443755,0.04991132766008377,0.0003526873662577372,0.01941337316903823,0.01941337316903823,0.000521097191429158,0.0007326345075853169,0.000521097191429158,0.0,0.00010483625621418469,0.00031053930288180707,0.0004251502687111497,0.0005437209620140493,0.0006456754344981164,0.0006979236262850464,0.0007266867125872523,0.0001497099591891864,,,,,,,,,,,,,5.624506540077385e-07,0,,,,,,,,,,,,,,,,,,,,,,,,,,,,,,,,,,,,,,,filter,,,,,,,43,,,,,,,,,,,,,,,,,,,,,,,,,B
,,,,,,,,,,,,,,,,,,,,,,,,,,,Toys,0.019549106124416803,-0.006408165208995342,-0.019549106124416803,-0.025493504479527473,-0.024956845752894877,-0.02335575893521309,-0.021916884928941727,-0.019833561033010483,-0.017450210638344288,-0.015330716036260128,-0.011957754734903571,0.0030454243617194328,-0.013383795507252216,,,,,,,,,,,,,,,,,,,,,,,,,0.06127952508219747,0.07457875460386276,0.06127952508219747,0.05345912277698517,0.05536792151629925,0.057514114677906035,0.059065962210297585,0.060994599014520645,0.06326744705438614,0.06538265347480775,0.06919954583048821,0.003061535003320162,0.11546099931001663,1,,,,,,,,,,,,,,,,,,,,,,,,,,visual,0.0,,,,,,,,0.01644712452931763,-0.016050362959504128,-0.01644712452931763,-0.016747206449508667,-0.01667560961097479,-0.01659771129488945,-0.016534019261598587,-0.016447527334094048,-0.016363305039703846,-0.016298530623316765,-0.016178702153265476,0.0001144718865284291,0.11357418097980197,0.11357418097980197,0.004801445321781667,-0.0,-0.004801445321781667,-0.0067505729384720325,-0.006695769354701042,-0.006430742796510458,-0.005949322367087007,-0.005009903572499752,-0.00391738023608923,-0.0028613423462957146,-0.0009659724868834013,0.0013794435936436082,,,,,,,,,,,,,9.372996576554586e-06,0,,,,,,,,,,,,,,,,,,,,,,,,,,,,,,,,,,,,,,,filter,,,,,,,43,,,,,,,,,,,,,,,,,,,,,,,,,B
,,,,,,,,,,,,,,,,,,,,,,,,,,,Toys,0.03289061581828897,0.03418317809700966,0.03289061581828897,0.027483701705932617,0.029695005640387535,0.03136614635586739,0.032353926450014114,0.03318721428513527,0.033676184713840485,0.03394366353750229,0.03415909215807915,0.0010383032035146994,0.028420187532901764,,,,,,,,,,,,,,,,,,,,,,,,,0.7951834500599207,0.7971632480621338,0.7951834500599207,0.7895538210868835,0.7918166971206665,0.7936121344566345,0.7945767939090729,0.7954198122024536,0.7960279285907745,0.7963812351226807,0.7967654061317444,0.0011102308900757358,0.7487057447433472,2,,,,,,,,,,,,,,,,,,,,,,,,,,visual,0.0,,,,,,,,0.01643761794039393,-0.016038043424487114,-0.01643761794039393,-0.01673835888504982,-0.01666817005723715,-0.016588928923010827,-0.0165254520252347,-0.01643853262066841,-0.016353171318769455,-0.01628759354352951,-0.016168291866779327,0.0001153062547716024,0.1500634116258991,0.1500634116258991,0.0016044976369205917,0.0022558372002094984,0.0016044976369205917,0.0,0.0003227987588616088,0.0009561739629134536,0.0013090698630549014,0.0016741580329835415,0.001988083473406732,0.0021489595994353297,0.0022375233983621,0.00046096827913646147,,,,,,,,,,,,,1.2326126292783607e-06,0,,,,,,,,,,,,,,,,,,,,,,,,,,,,,,,,,,,,,,,filter,,,,,,,43,,,,,,,,,,,,,,,,,,,,,,,,,B
,,,,,,,,,,,,,,,,,,,,,,,,,,,Toys,0.033143761697153044,0.034555159509181976,0.033143761697153044,0.026983946561813354,0.02928940415382385,0.03141630440950394,0.03251750394701958,0.033506400883197784,0.03404665179550648,0.03433722704648971,0.03454332128167152,0.0011986764207033386,0.029495814815163612,,,,,,,,,,,,,,,,,,,,,,,,,0.07609100455742696,0.07857279479503632,0.07609100455742696,0.06929034739732742,0.07197925209999084,0.0741968646645546,0.07531533762812614,0.0763532891869545,0.0771334245800972,0.0776193007826805,0.07815810307860374,0.0013740513222223443,0.027096400037407875,3,,,,,,,,,,,,,,,,,,,,,,,,,,visual,0.0,,,,,,,,0.016320822180923157,-0.01589609496295452,-0.016320822180923157,-0.01664399914443493,-0.01656694829463959,-0.016482430696487426,-0.016415021382272243,-0.016321882605552673,-0.01623069029301405,-0.016160645335912705,-0.01603515136986971,0.00012302935987469754,0.26758907556379696,0.26758907556379696,0.0026758501931986767,0.0037621010560542345,0.0026758501931986767,0.0,0.0005383373994845897,0.0015946288593113422,0.002183159813284874,0.002792024053633213,0.003315563197247684,0.0035838593728840353,0.003731558956205845,0.0007687652703005363,,,,,,,,,,,,,1.8880170361009726e-06,0,,,,,,,,,,,,,,,,,,,,,,,,,,,,,,,,,,,,,,,filter,,,,,,,43,,,,,,,,,,,,,,,,,,,,,,,,,B
,,,,,,,,,,,,nan,nan,nan,nan,nan,nan,nan,nan,nan,nan,nan,nan,0.05197004973888397,1,,Toys,,,,,,,,,,,,,,,,,,,,,,,,,,nan,nan,nan,nan,nan,nan,nan,nan,nan,nan,nan,nan,,,,,,,,,,,,,,,1.0,0.027878758206422816,0.051897723227739334,0.027878758206422816,0.0,0.0023102081893011926,0.011900834366679191,0.019340074621140957,0.028126776218414307,0.03697819449007511,0.043432416021823884,0.04980951547622681,0.011651191480670757,0.0276577762794029,0.051866546273231506,0.006404432855893788,-0.05193222314119339,-0.05004940927028656,-0.039358243346214294,-0.020399950444698334,0.012174109928309917,0.033756073564291,0.04327884316444397,0.04971804469823837,0.03045688917588289,text,,113402,134097.0,0.0,0.0,0.0019666915308392055,0.01402599882542257,0.003011010743512953,,,,,,,,,,,,,,,,,,,,,,,,,,,0.5321867964831843,0.9980073571205139,0.12323313672194601,-0.999272346496582,-0.9630436301231384,-0.7573259472846985,-0.39253300428390503,0.23425184190273285,0.6495300531387329,0.8327656388282776,0.956667423248291,0.5860469042186727,,,1.0068902880385957,1,0.030301684644741245,1.0532351732254028,1.0068902880385957,0.9493932127952576,0.9511824250221252,0.9614062309265137,0.9798067212104797,1.0122485160827637,1.034332275390625,1.0442290306091309,1.050974726676941,0.03051047198002851,0.5321867964831843,0.9980073571205139,0.12323313672194601,-0.999272346496582,-0.9630436301231384,-0.7573259472846985,-0.39253300428390503,0.23425184190273285,0.6495300531387329,0.8327656388282776,0.956667423248291,0.5860469042186727,nan,nan,nan,nan,nan,nan,nan,nan,nan,nan,nan,nan,relation,0.2085501104593277,0.08234422653913498,,,,,44,0.6865544705760681,1.0000001192092896,0.6815032975073797,-0.5603212118148804,-0.0988347977399826,0.31304246187210083,0.5484569072723389,0.7496653199195862,0.8763808608055115,0.941358208656311,0.9947579503059387,0.2540265338813943,nan,nan,nan,nan,nan,nan,nan,nan,nan,nan,nan,nan,B
,,,,,,,,,,,,nan,nan,nan,nan,nan,nan,nan,nan,nan,nan,nan,nan,0.05184020474553108,1,,Toys,,,,,,,,,,,,,,,,,,,,,,,,,,nan,nan,nan,nan,nan,nan,nan,nan,nan,nan,nan,nan,,,,,,,,,,,,,,,1.0,0.03969992979372326,0.051839862018823624,0.03969992979372326,0.0,0.010603564716875553,0.02331450507044792,0.03228909149765968,0.04277383163571358,0.04913671128451824,0.05117000490427017,0.051792453080415725,0.01090525290556194,0.038202344177404306,0.05183994770050049,0.0381899752850792,-0.013548003509640694,0.005819639191031456,0.01900428906083107,0.029642680659890175,0.04184442013502121,0.04915528744459152,0.05123624950647354,0.05180146172642708,0.012526043691791292,visual,,113402,134097.0,0.0,0.0,0.0020096708853273213,0.014332517852994981,0.003586979073481289,,,,,,,,,,,,,,,,,,,,,,,,,,,0.7369249661979728,0.9999949336051941,0.7366863696198461,-0.26134181022644043,0.11226208508014679,0.36659300327301025,0.5718082785606384,0.8071796894073486,0.9482073187828064,0.9883500337600708,0.9992519021034241,0.24162794650063132,,,1.0390098032929322,1,0.01245950032871898,1.0532071590423584,1.0390098032929322,0.9865433573722839,1.0058366060256958,1.019186019897461,1.0300863981246948,1.0427322387695312,1.050383448600769,1.0525715351104736,1.0531666278839111,0.012945542985682991,0.7369249661979728,0.9999949336051941,0.7366863696198461,-0.26134181022644043,0.11226208508014679,0.36659300327301025,0.5718082785606384,0.8071796894073486,0.9482073187828064,0.9883500337600708,0.9992519021034241,0.24162794650063132,nan,nan,nan,nan,nan,nan,nan,nan,nan,nan,nan,nan,relation,0.5091620683670044,0.3552318215370178,,,,,44,0.6304863481718032,1.000000238418579,0.611334779168185,-0.8290372490882874,-0.32993388175964355,0.19442814588546753,0.4667636752128601,0.691332995891571,0.8311034440994263,0.9051476120948792,0.9703882932662964,0.2922844680419763,nan,nan,nan,nan,nan,nan,nan,nan,nan,nan,nan,nan,B
,,,,,,,,,,,,,,,,,,,,,,,,,,,Toys,0.05007386961616585,0.054353561252355576,0.05007386961616585,0.008904818445444107,0.025213141590356827,0.04354529827833176,0.04922947660088539,0.05228230357170105,0.053422074764966965,0.053865768015384674,0.05419766426086426,0.005741367478947189,0.030870646238327026,,,,,,,,,,,,,,,,,,,,,,,,,0.3103141787288903,0.3181028664112091,0.3103141787288903,0.2725352942943573,0.28891356706619264,0.30563167929649354,0.30912378430366516,0.3112151026725769,0.31311166286468506,0.31464192271232605,0.31658886015415194,0.004861235854756068,0.13726036250591278,0,,,,,,,,,,,,,,,,,,,,,,,,,,text,0.0,,,,,,,,0.08701724282718563,0.09053293615579605,0.08701724282718563,0.08246126025915146,0.08357520207762718,0.08490343689918518,0.08595968037843704,0.08713234961032867,0.08813995122909546,0.08891853094100952,0.08998130604624749,0.001503553383153366,0.10700806819546246,0.10700806819546246,0.005092057576151916,0.009479123167693615,0.005092057576151916,0.0,0.0004219597176415846,0.002173688495531678,0.0035324663622304797,0.0051373583264648914,0.006754070520401001,0.007932934723794461,0.009097712114453316,0.002128091122718269,,,,,,,,,,,,,2.363161403556596e-05,0,,,,,,,,,,,,,,,,,,,,,,,,,,,,,,,,,,,,,,,filter,,,,,,,44,,,,,,,,,,,,,,,,,,,,,,,,,B
,,,,,,,,,,,,,,,,,,,,,,,,,,,Toys,0.044669021711862295,-0.030596202239394188,-0.044669021711862295,-0.047406867146492004,-0.047372584715485576,-0.04692591726779938,-0.04637427069246769,-0.04533299803733826,-0.04362862929701805,-0.04151067957282066,-0.03635169386863708,0.002358807522357601,-0.030044768005609512,,,,,,,,,,,,,,,,,,,,,,,,,0.004715473574583709,0.011306433007121086,-0.0044317674450198,-0.010934663936495781,-0.009334637112915515,-0.007744622603058815,-0.006485071033239365,-0.004802227020263672,-0.0027971703093498945,-0.000654144398868075,0.0036799944192171382,0.0028323507583249766,0.10316259413957596,1,,,,,,,,,,,,,,,,,,,,,,,,,,text,0.9242329001426697,,,,,,,,0.028845088405111154,-0.027271274477243423,-0.028845088405111154,-0.03006543405354023,-0.029872919917106628,-0.029504386335611345,-0.029235160909593105,-0.028884202241897583,-0.028478647582232952,-0.028113142400979996,-0.02765353847295046,0.0005212087993592236,0.3457883195728038,0.3457883195728038,0.004035479736401251,-0.0,-0.004035479736401251,-0.007512249983847141,-0.007209980394691229,-0.006286888103932142,-0.005352632608264685,-0.004071380477398634,-0.0027994962874799967,-0.0017226583790034044,-0.00033440506085753437,0.001686522290713034,,,,,,,,,,,,,8.022210818184069e-06,0,,,,,,,,,,,,,,,,,,,,,,,,,,,,,,,,,,,,,,,filter,,,,,,,44,,,,,,,,,,,,,,,,,,,,,,,,,B
,,,,,,,,,,,,,,,,,,,,,,,,,,,Toys,0.03456381005510655,-0.026499446481466293,-0.03456381005510655,-0.03713969141244888,-0.036962703466415406,-0.03640278130769729,-0.03583517298102379,-0.03495034947991371,-0.033628448843955994,-0.03212610557675362,-0.02972533039748668,0.0016849772337053865,-0.021956875920295715,,,,,,,,,,,,,,,,,,,,,,,,,0.6550652769977674,0.6635302305221558,0.6550652769977674,0.6497660279273987,0.6513530242443085,0.6526609301567078,0.6536300182342529,0.6548221707344055,0.6562935411930084,0.6578204870223999,0.6604837119579315,0.0020093118651165033,0.742760956287384,2,,,,,,,,,,,,,,,,,,,,,,,,,,text,0.0,,,,,,,,0.028619218010596678,-0.026961999014019966,-0.028619218010596678,-0.029901618137955666,-0.02969975546002388,-0.029312634840607643,-0.029027624055743217,-0.028660284355282784,-0.028232693672180176,-0.0278498075902462,-0.027371336556971073,0.0005476260599081275,0.2773597501634938,0.2773597501634938,0.0025557903401318446,-0.0,-0.0025557903401318446,-0.004757733084261417,-0.004566296935081482,-0.003981674928218127,-0.0033899828558787704,-0.002578527433797717,-0.0017730050021782517,-0.0010910112643614405,-0.00021178876631893216,0.0010681251457966957,,,,,,,,,,,,,4.0373341712979615e-06,0,,,,,,,,,,,,,,,,,,,,,,,,,,,,,,,,,,,,,,,filter,,,,,,,44,,,,,,,,,,,,,,,,,,,,,,,,,B
,,,,,,,,,,,,,,,,,,,,,,,,,,,Toys,0.023903229141323916,-0.01318935677409172,-0.023903229141323916,-0.027919601649045944,-0.02730559218674898,-0.026187335699796678,-0.02534925565123558,-0.024247197434306145,-0.02279053907841444,-0.021244875341653816,-0.017278582900762555,0.002047623918603256,-0.01765621080994606,,,,,,,,,,,,,,,,,,,,,,,,,0.04576964443376255,-0.034470085054636,-0.04576964443376255,-0.05039776861667633,-0.049350375533103945,-0.0481681153178215,-0.04725624807178974,-0.04607117548584938,-0.044570205733180046,-0.04297040998935699,-0.03946478947997093,0.0020803606139814753,0.023843519389629364,3,,,,,,,,,,,,,,,,,,,,,,,,,,text,1.0,,,,,,,,0.029552936483841497,-0.028227979317307472,-0.029552936483841497,-0.030565883964300156,-0.03040562856942415,-0.030101997777819633,-0.0298781031742692,-0.02958747185766697,-0.02924662083387375,-0.028939621150493623,-0.028554547950625418,0.000434994571619558,0.1144460796276159,0.1144460796276159,0.0014992126025228309,0.002790860366076231,0.0014992126025228309,0.0,0.00012423412321368232,0.0006399812060408294,0.0010400349856354296,0.001512550050392747,0.0019885452929884195,0.0023356285877525807,0.002678564516827464,0.0006265563539606589,,,,,,,,,,,,,4.327900284205381e-06,0,,,,,,,,,,,,,,,,,,,,,,,,,,,,,,,,,,,,,,,filter,,,,,,,44,,,,,,,,,,,,,,,,,,,,,,,,,B
,,,,,,,,,,,,,,,,,,,,,,,,,,,Toys,0.03310438474956617,-0.028638752177357674,-0.03310438474956617,-0.034075960516929626,-0.033940141275525096,-0.03377928510308266,-0.03361029550433159,-0.033299271017313004,-0.03280084766447544,-0.032155001908540724,-0.030714458972215652,0.0007007818136564544,-0.023656345903873444,,,,,,,,,,,,,,,,,,,,,,,,,0.13563789837413376,0.14050495624542236,0.13563789837413376,0.1311866194009781,0.13291923344135284,0.13417223393917083,0.1349988356232643,0.13584010303020477,0.13632941246032715,0.1367138385772705,0.13801077634096146,0.001040345574784118,0.13726036250591278,0,,,,,,,,,,,,,,,,,,,,,,,,,,visual,0.0,,,,,,,,0.0515621888015431,0.05253157764673233,0.0515621888015431,0.05034291371703148,0.05072051890194416,0.05107114166021347,0.051312169060111046,0.05158175528049469,0.05182574689388275,0.05201825872063637,0.05230194620788097,0.00036048297802607145,0.7857707058119358,0.7857707058119358,0.0035760777615332826,0.004669615067541599,0.0035760777615332826,0.0,0.0009551445720717311,0.0021001167129725217,0.0029085265705361962,0.00385296787135303,0.00442612124606967,0.004609275609254837,0.004665344040840865,0.0009823199313665875,,,,,,,,,,,,,1.0823189149728965e-06,0,,,,,,,,,,,,,,,,,,,,,,,,,,,,,,,,,,,,,,,filter,,,,,,,44,,,,,,,,,,,,,,,,,,,,,,,,,B
,,,,,,,,,,,,,,,,,,,,,,,,,,,Toys,0.0375782971986144,-0.0230686254799366,-0.0375782971986144,-0.040636736899614334,-0.04057777240872383,-0.03997351825237274,-0.03927202522754669,-0.038122810423374176,-0.03642640449106693,-0.0344418853521347,-0.030498050153255463,0.002281893740658501,-0.023621920496225357,,,,,,,,,,,,,,,,,,,,,,,,,0.019333377857131136,0.037753768265247345,0.019333377857131136,0.014470815658569336,0.015084390081465244,0.016079184040427207,0.01710444502532482,0.01879032328724861,0.020972508937120438,0.02337007001042366,0.028110902197659018,0.0029070449358550923,0.10316259413957596,1,,,,,,,,,,,,,,,,,,,,,,,,,,visual,0.0,,,,,,,,0.017267882464825746,-0.016878196969628334,-0.017267882464825746,-0.01757964678108692,-0.017505300752818583,-0.01741380915045738,-0.017352372407913208,-0.017274420708417892,-0.01718776859343052,-0.017110707983374596,-0.016998481042683124,0.00011540019693611463,0.31892930562542915,0.31892930562542915,0.005361112394831427,-0.0,-0.005361112394831427,-0.007000499404966831,-0.006994097027927637,-0.006910041254013777,-0.006635463563725352,-0.005776214879006147,-0.004360346356406808,-0.0031484107952564947,-0.0014319144724868201,0.0014726546554898997,,,,,,,,,,,,,8.450910259080739e-06,0,,,,,,,,,,,,,,,,,,,,,,,,,,,,,,,,,,,,,,,filter,,,,,,,44,,,,,,,,,,,,,,,,,,,,,,,,,B
,,,,,,,,,,,,,,,,,,,,,,,,,,,Toys,0.028816030501750505,0.029953671619296074,0.028816030501750505,0.024244125932455063,0.026062142103910446,0.027547919750213624,0.028362669982016087,0.029065830633044243,0.029473895207047462,0.02969987317919731,0.029916150718927382,0.0008810450717149053,0.024858558550477028,,,,,,,,,,,,,,,,,,,,,,,,,0.7775443590214415,0.7800310850143433,0.7775443590214415,0.7727720141410828,0.7748047113418579,0.7762253165245057,0.7770136296749115,0.7776710987091064,0.7781722843647003,0.7786831378936767,0.7794188892841339,0.0009661889891583905,0.742760956287384,2,,,,,,,,,,,,,,,,,,,,,,,,,,visual,0.0,,,,,,,,0.017240729203569657,-0.016841573640704155,-0.017240729203569657,-0.01755404658615589,-0.017480938471853735,-0.017388826981186867,-0.0173264192417264,-0.017247125506401062,-0.017159437760710716,-0.01708155795931816,-0.016967663802206517,0.00011702631427915806,0.19898371079403276,0.19898371079403276,0.0016504330816343954,-0.0,-0.0016504330816343954,-0.0021551228128373623,-0.002153151868842542,-0.0021272750105708837,-0.0020427455892786384,-0.0017782235518097878,-0.0013423445634543896,-0.0009692468564026056,-0.00044081877102143945,0.0004533607548454252,,,,,,,,,,,,,9.335211627709125e-07,0,,,,,,,,,,,,,,,,,,,,,,,,,,,,,,,,,,,,,,,filter,,,,,,,44,,,,,,,,,,,,,,,,,,,,,,,,,B
,,,,,,,,,,,,,,,,,,,,,,,,,,,Toys,0.03589063560989318,0.036703236401081085,0.03589063560989318,0.030734896659851074,0.03299774080514908,0.03470294028520584,0.035562315955758095,0.036201439797878265,0.03648770786821842,0.03662223517894745,0.03670035369694233,0.0008415754229639372,0.02997010201215744,,,,,,,,,,,,,,,,,,,,,,,,,0.0760861489055064,0.07809875160455704,0.0760861489055064,0.06886716187000275,0.07199345141649247,0.07434195727109909,0.07538702338933945,0.07635250687599182,0.07710239291191101,0.07748289853334427,0.07778027698397637,0.001296682034951544,0.023843519389629364,3,,,,,,,,,,,,,,,,,,,,,,,,,,visual,0.0,,,,,,,,0.017053577112986662,-0.016618790104985237,-0.017053577112986662,-0.01739881932735443,-0.017317608036100864,-0.017216223850846292,-0.017147178761661053,-0.017060380429029465,-0.016964437440037727,-0.016879261657595634,-0.016755006201565264,0.0001281465284727993,0.5569278025681598,0.5569278025681598,0.0034354690504388883,0.0044860090129077435,0.0034354690504388883,0.0,0.000917588995071128,0.0020175416953861713,0.0027941655134782195,0.003701471956446767,0.004252089653164148,0.004428042378276586,0.004481906499713659,0.0009436958453510393,,,,,,,,,,,,,1.6813842997660774e-06,0,,,,,,,,,,,,,,,,,,,,,,,,,,,,,,,,,,,,,,,filter,,,,,,,44,,,,,,,,,,,,,,,,,,,,,,,,,B
,,,,,,,,,,,,nan,nan,nan,nan,nan,nan,nan,nan,nan,nan,nan,nan,0.05482880398631096,1,,Grocery,,,,,,,,,,,,,,,,,,,,,,,,,,nan,nan,nan,nan,nan,nan,nan,nan,nan,nan,nan,nan,,,,,,,,,,,,,,,nan,0.04525292463066232,0.05482881888747215,0.04525292463066232,0.00019077581237070262,0.009144525425508618,0.03083506189286709,0.04023107513785362,0.048591120168566704,0.05368523579090834,0.05473540611565113,0.054828570298850535,0.010398946149592811,0.04535105652544605,0.054828815162181854,0.024923544967091548,-0.05482883378863335,-0.05481995642185211,-0.05132342502474785,-0.0025625997222959995,0.050013139843940735,0.054592933505773544,0.05481753125786781,0.054828815162181854,0.040436128736231834,text,,142262,159336.0,0.0,0.0,0.0021572297442366338,0.023809610266125294,0.003542465182370948,,,,,,,,,,,,,,,,,,,,,,,,,,,0.8271391820172088,1.0,0.4545702373301045,-1.0,-0.9998384714126587,-0.9360664486885071,-0.04673771187663078,0.9121699333190918,0.9956988394260406,0.9997949600219727,0.9999997615814209,0.7374978422032994,,,1.0260633716542225,1,0.03957861974564499,1.0563597679138184,1.0260633716542225,0.9466471672058105,0.9466555714607239,0.9499713778495789,0.9974406808614731,1.051284909248352,1.0561106204986572,1.0563478469848633,1.0563597679138184,0.040610172021676466,0.8271391820172088,1.0,0.4545702373301045,-1.0,-0.9998384714126587,-0.9360664486885071,-0.04673771187663078,0.9121699333190918,0.9956988394260406,0.9997949600219727,0.9999997615814209,0.7374978422032994,nan,nan,nan,nan,nan,nan,nan,nan,nan,nan,nan,nan,relation,0.720346987247467,0.6273354887962341,,,,,42,0.6249208951002054,1.0000001192092896,0.6144260331931006,-0.7211461067199707,-0.20606829226016998,0.22845283150672913,0.46503762155771255,0.6717910766601562,0.8219818621873856,0.9135727286338806,0.9961206912994385,0.2726452342550318,nan,nan,nan,nan,nan,nan,nan,nan,nan,nan,nan,nan,B
,,,,,,,,,,,,nan,nan,nan,nan,nan,nan,nan,nan,nan,nan,nan,nan,0.05257732421159744,1,,Grocery,,,,,,,,,,,,,,,,,,,,,,,,,,nan,nan,nan,nan,nan,nan,nan,nan,nan,nan,nan,nan,,,,,,,,,,,,,,,nan,0.037328389449916635,0.05257732421159744,0.037328389449916635,1.1344546919644927e-06,0.0037376685068011284,0.018486081808805465,0.02873775688931346,0.03982732072472572,0.04852201137691736,0.05197154618799686,0.052576171569526195,0.012699160710495615,0.03778330845547498,0.05257731303572655,0.02931480832457384,-0.05252537131309509,-0.04811972752213478,-0.01943535916507244,0.014257323928177357,0.04347871616482735,0.05143878888338804,0.052487730979919434,0.05257731303572655,0.028664764100532248,visual,,142262,159336.0,0.0,0.0,0.001633788608870821,0.018032326013664588,0.002913140571041829,,,,,,,,,,,,,,,,,,,,,,,,,,,0.7186235841230029,1.0,0.557556058331944,-0.9990116357803345,-0.9152178764343262,-0.3696524202823639,0.27116934955120087,0.8269475102424622,0.9783457517623901,0.9982959628105164,0.9999992251396179,0.545192473436888,,,1.0301669035607839,1,0.028163927689186928,1.0539840459823608,1.0301669035607839,0.948830246925354,0.9530196785926819,0.9807522892951965,1.0143594443798065,1.0444377660751343,1.0527847409248352,1.0538896322250366,1.0539840459823608,0.029013546179707687,0.7186235841230029,1.0,0.557556058331944,-0.9990116357803345,-0.9152178764343262,-0.3696524202823639,0.27116934955120087,0.8269475102424622,0.9783457517623901,0.9982959628105164,0.9999992251396179,0.545192473436888,nan,nan,nan,nan,nan,nan,nan,nan,nan,nan,nan,nan,relation,0.5488464832305908,0.4352813959121704,,,,,42,0.5365094618964547,1.000000238418579,0.47991322118174395,-0.8902920484542847,-0.5258985757827759,-0.05820940434932709,0.2506810203194618,0.5520864725112915,0.7710295021533966,0.9016095399856567,0.9993477463722229,0.3691273389067729,nan,nan,nan,nan,nan,nan,nan,nan,nan,nan,nan,nan,B
,,,,,,,,,,,,,,,,,,,,,,,,,,,Grocery,0.06391684953584792,0.06997273117303848,0.06391684953584792,0.008561191149055958,0.03475408617407084,0.055158868059515954,0.0623632837086916,0.066476009786129,0.06845811009407043,0.06929345354437828,0.06979204870760441,0.007204166971642828,0.04697060585021973,,,,,,,,,,,,,,,,,,,,,,,,,0.3680394984833234,0.377180814743042,0.3680394984833234,0.3183547556400299,0.34216601490974424,0.36009295880794523,0.36588580906391144,0.3698839992284775,0.3725001662969589,0.3739445090293884,0.3755490881204605,0.0067208111486035975,0.14072543382644653,0,,,,,,,,,,,,,,,,,,,,,,,,,,text,0.0,,,,,,,,0.10409050179987751,0.10835587233304977,0.10409050179987751,0.09911782294511795,0.10058124028146267,0.1020915113389492,0.10303820110857487,0.1041221022605896,0.1051861084997654,0.10609950050711632,0.10720522612333298,0.0015143670792604094,0.1514233533027482,0.1514233533027482,0.012336107375104155,0.014946529641747475,0.012336107375104155,5.200616215006448e-05,0.002492830113042146,0.008405746612697839,0.010967133333906531,0.013246111571788788,0.014634785708039999,0.014921065885573626,0.014946462586522102,0.002834789516099945,,,,,,,,,,,,,4.516930249519441e-05,0,,,,,,,,,,,,,,,,,,,,,,,,,,,,,,,,,,,,,,,filter,,,,,,,42,,,,,,,,,,,,,,,,,,,,,,,,,B
,,,,,,,,,,,,,,,,,,,,,,,,,,,Grocery,0.03205122883500669,-0.008919946849346161,-0.03205122883500669,-0.03970756754279137,-0.03956971265375614,-0.03768244385719299,-0.03572312369942665,-0.03281256929039955,-0.02920747548341751,-0.025536738522350787,-0.0178869279846549,0.004852057787085239,-0.02156759239733219,,,,,,,,,,,,,,,,,,,,,,,,,0.021155712075939054,0.044161465018987656,0.021155712075939054,0.011642687022686005,0.013223196100443601,0.015324172470718623,0.01744256028905511,0.02043173275887966,0.024065712466835976,0.02778226025402546,0.03540927983820439,0.004958260371967621,0.11217848211526871,1,,,,,,,,,,,,,,,,,,,,,,,,,,text,0.0,,,,,,,,0.03399154432755039,-0.032095085829496384,-0.03399154432755039,-0.03562665358185768,-0.03520108718425036,-0.034765392914414404,-0.03441300801932812,-0.03400076739490032,-0.03358559496700764,-0.03322115503251553,-0.03265160467475653,0.0005821572592487923,0.032778348706973215,0.032778348706973215,0.0034124063427678924,-1.4385911526915152e-05,-0.0034124063427678924,-0.004134499933570623,-0.004134481307119131,-0.004127455921843648,-0.0040482652839273214,-0.0036641310434788465,-0.003033721644897014,-0.0023251925129443404,-0.0006895651022205122,0.0007841577106346138,,,,,,,,,,,,,2.4584345916224488e-05,0,,,,,,,,,,,,,,,,,,,,,,,,,,,,,,,,,,,,,,,filter,,,,,,,42,,,,,,,,,,,,,,,,,,,,,,,,,B
,,,,,,,,,,,,,,,,,,,,,,,,,,,Grocery,0.06976665583188008,0.02551177702844143,-0.06970267578276006,-0.0953788310289383,-0.09447980888187885,-0.08990801349282265,-0.08480740152299404,-0.07524806261062622,-0.05958928354084492,-0.040415818244218804,-0.007860071975737732,0.019960924981040663,-0.06632128357887268,,,,,,,,,,,,,,,,,,,,,,,,,0.5636540407896796,0.6568455100059509,0.5636540407896796,0.5369886159896851,0.539261690378189,0.5438855886459351,0.5489044487476349,0.5581452250480652,0.5736307352781296,0.5922429144382477,0.6244890540838242,0.01961935653935462,0.7371871471405029,2,,,,,,,,,,,,,,,,,,,,,,,,,,text,0.0,,,,,,,,0.03395506646887779,-0.03205687925219536,-0.03395506646887779,-0.03560483083128929,-0.03515187244862318,-0.034728062152862546,-0.03437485080212355,-0.033963851630687714,-0.033550381660461426,-0.0331885289400816,-0.0326067778468132,0.000580832258551167,-0.00199616357148484,-0.00199616357148484,0.003554110263487469,-1.498330311733298e-05,-0.003554110263487469,-0.004306189250200987,-0.004306170158088207,-0.004298853129148484,-0.004216373898088932,-0.003816288080997765,-0.0031597002525813878,-0.0024217485915869474,-0.0007182000536704428,0.0008167207209067642,,,,,,,,,,,,,0.00038491915101831694,0,,,,,,,,,,,,,,,,,,,,,,,,,,,,,,,,,,,,,,,filter,,,,,,,42,,,,,,,,,,,,,,,,,,,,,,,,,B
,,,,,,,,,,,,,,,,,,,,,,,,,,,Grocery,0.07309459129367311,0.02263878472149372,-0.07303598170188594,-0.10333286970853806,-0.10269961751997471,-0.0973704494535923,-0.09099136292934418,-0.07849837467074394,-0.05999289080500603,-0.03951493315398692,-0.006193655887618631,0.022737423548178527,-0.07732978463172913,,,,,,,,,,,,,,,,,,,,,,,,,0.18123323366018024,-0.08712555468082428,-0.18123323366018024,-0.21260513365268707,-0.21074712961912156,-0.20527346879243852,-0.1988825798034668,-0.18661915510892868,-0.1685020737349987,-0.1480761796236038,-0.11556154802441597,0.022507359447330254,0.010646014474332333,3,,,,,,,,,,,,,,,,,,,,,,,,,,text,1.0,,,,,,,,0.03614389109574158,-0.03495272248983383,-0.03614389109574158,-0.0371243916451931,-0.03686257284134627,-0.03660873919725418,-0.03640104830265045,-0.03615340776741505,-0.035898683592677116,-0.03567598760128021,-0.035314240977168086,0.00035354372283991076,-0.001553375801538066,-0.001553375801538066,0.0053695916170738945,-2.2636950234300457e-05,-0.0053695916170738945,-0.006505841854959726,-0.006505812518298626,-0.006494757579639554,-0.00637014745734632,-0.005765693029388785,-0.004773712134920061,-0.0036588062997907397,-0.0010850650735665102,0.0012339112803051294,,,,,,,,,,,,,0.0005065812292913265,0,,,,,,,,,,,,,,,,,,,,,,,,,,,,,,,,,,,,,,,filter,,,,,,,42,,,,,,,,,,,,,,,,,,,,,,,,,B
,,,,,,,,,,,,,,,,,,,,,,,,,,,Grocery,0.009323960415948816,0.007722002454102039,-0.009148199578425439,-0.013767403550446033,-0.013278247071430088,-0.01262161647900939,-0.011896582785993814,-0.010707068257033825,-0.007411510334350169,-0.0032250961521640364,0.0032159675005823383,0.0038884251832778855,-0.014078108593821526,,,,,,,,,,,,,,,,,,,,,,,,,0.17664103298380934,0.19170598685741425,0.17664103298380934,0.17148175835609436,0.17281529888510705,0.17380090355873107,0.1744147352874279,0.17556113749742508,0.1778661534190178,0.18142581582069398,0.1872257398068905,0.0032291027884745775,0.14072543382644653,0,,,,,,,,,,,,,,,,,,,,,,,,,,visual,0.0,,,,,,,,0.05771660085545395,0.05924951657652855,0.05771660085545395,0.055184297263622284,0.05604388143867254,0.05669963471591473,0.0571937644854188,0.05777278169989586,0.05830230098217726,0.058642362058162686,0.05898193068802357,0.0007274333453894445,-0.024118420864482747,-0.024118420864482747,0.0014253083231970634,0.0020075577776879072,0.0014253083231970634,4.331683811642506e-08,0.00014271523104980588,0.0007058533024974168,0.0010972925811074674,0.001520724908914417,0.001852713932748884,0.0019844274036586286,0.0020075137028470634,0.0004848915185841628,,,,,,,,,,,,,1.0427104818534291e-05,0,,,,,,,,,,,,,,,,,,,,,,,,,,,,,,,,,,,,,,,filter,,,,,,,42,,,,,,,,,,,,,,,,,,,,,,,,,B
,,,,,,,,,,,,,,,,,,,,,,,,,,,Grocery,0.014942688144902936,-0.003262723097577691,-0.014942688144902936,-0.023069696500897408,-0.022281999681144953,-0.01938124466687441,-0.017449334729462862,-0.01507608499377966,-0.012605226133018732,-0.010250495653599501,-0.006877833069302141,0.0034740350071480234,-0.006627379916608334,,,,,,,,,,,,,,,,,,,,,,,,,0.07281123363838704,0.08448589593172073,0.07281123363838704,0.0637357085943222,0.06545373663306236,0.06837688535451888,0.07028726860880852,0.07270236685872078,0.0751713290810585,0.07750282958149911,0.08100886002182961,0.0034876741374372465,0.11217848211526871,1,,,,,,,,,,,,,,,,,,,,,,,,,,visual,0.0,,,,,,,,0.019236258283686,-0.018391747027635574,-0.019236258283686,-0.019749127328395844,-0.01965834151953459,-0.01954497378319502,-0.019431657623499632,-0.019255048595368862,-0.019061552360653877,-0.018897073902189733,-0.018676961939781904,0.00024286504324462347,0.030845096481305033,0.030845096481305033,0.0014390788268587912,0.002026953734457493,0.0014390788268587912,4.37353406823604e-08,0.00014409406867343932,0.0007126728538423777,0.0011078939714934677,0.001535417337436229,0.0018706137780100107,0.0020035997731611133,0.0020269091939553617,0.000489576259724315,,,,,,,,,,,,,1.2163870888948642e-05,0,,,,,,,,,,,,,,,,,,,,,,,,,,,,,,,,,,,,,,,filter,,,,,,,42,,,,,,,,,,,,,,,,,,,,,,,,,B
,,,,,,,,,,,,,,,,,,,,,,,,,,,Grocery,0.030100641086286517,0.03146521747112274,0.030100641086286517,0.02250838279724121,0.026383408289402725,0.028374726697802544,0.029450433794409037,0.030464432202279568,0.03103358019143343,0.03128661587834358,0.03145782306790352,0.0012053309574462602,0.023931317031383514,,,,,,,,,,,,,,,,,,,,,,,,,0.7674348024409005,0.7729549407958984,0.7674348024409005,0.7577233910560608,0.7621951138973236,0.7647256255149841,0.766137033700943,0.7674351930618286,0.7689134776592255,0.7701732337474823,0.7718327802419662,0.002111355416831032,0.7371871471405029,2,,,,,,,,,,,,,,,,,,,,,,,,,,visual,0.0,,,,,,,,0.01923732042757283,-0.01839189976453781,-0.01923732042757283,-0.019748114049434662,-0.019659489300101994,-0.01954591888934374,-0.01943255914375186,-0.019256004132330418,-0.019062896724790335,-0.018898124992847442,-0.018680313639342784,0.00024259893840670625,0.5933530091368314,0.5933530091368314,0.004546989884093115,-1.3818849708968628e-07,-0.004546989884093115,-0.006404470186680555,-0.006404329831711948,-0.0063306800555437805,-0.005910490523092449,-0.004851386183872819,-0.003500560822430998,-0.0022517989156767724,-0.000455287256045267,0.0015468911497412085,,,,,,,,,,,,,4.45782169618174e-06,0,,,,,,,,,,,,,,,,,,,,,,,,,,,,,,,,,,,,,,,filter,,,,,,,42,,,,,,,,,,,,,,,,,,,,,,,,,B
,,,,,,,,,,,,,,,,,,,,,,,,,,,Grocery,0.017146477928823473,0.017919639125466347,0.017146477928823473,0.011166008189320564,0.01483597089536488,0.016043188609182836,0.016722059808671474,0.017419257201254368,0.017740463837981224,0.017858123779296874,0.01791888928040862,0.0007745185598125915,0.019601013511419296,,,,,,,,,,,,,,,,,,,,,,,,,0.029833087485112993,0.03169551491737366,0.029833087485112993,0.02424193173646927,0.027011538110673427,0.028550976328551768,0.029327620286494493,0.030022600665688515,0.030523949768394232,0.030847830511629582,0.031249754689633848,0.0009402573168952175,0.010646014474332333,3,,,,,,,,,,,,,,,,,,,,,,,,,,visual,0.0,,,,,,,,0.01924302210546729,-0.0184006430208683,-0.01924302210546729,-0.019752921536564827,-0.019664171915501356,-0.019550846703350545,-0.019438037648797035,-0.019261675886809826,-0.019069007597863674,-0.018904791958630086,-0.01868742723017931,0.0002419726930826544,0.29549490921498656,0.29549490921498656,0.0016826027356103266,0.002369958907365799,0.0016826027356103266,5.1136325396328175e-08,0.00016847795632202178,0.0008332727942615747,0.0012953741243109107,0.001795243821106851,0.002187162870541215,0.002342652971856296,0.0023699070420116187,0.0005724233711568997,,,,,,,,,,,,,8.840838219749936e-07,0,,,,,,,,,,,,,,,,,,,,,,,,,,,,,,,,,,,,,,,filter,,,,,,,42,,,,,,,,,,,,,,,,,,,,,,,,,B
,,,,,,,,,,,,nan,nan,nan,nan,nan,nan,nan,nan,nan,nan,nan,nan,0.05186452344059944,1,,Grocery,,,,,,,,,,,,,,,,,,,,,,,,,,nan,nan,nan,nan,nan,nan,nan,nan,nan,nan,nan,nan,,,,,,,,,,,,,,,nan,0.04072839531413226,0.051864512264728546,0.04072839531413226,1.5973089830367826e-05,0.006076023085042834,0.023914687894284727,0.03422054648399353,0.0444241538643837,0.050276556983590126,0.05164264403283596,0.05185752563178539,0.011385542707543782,0.04149688294811215,0.05186450853943825,0.029298536779032085,-0.05186297744512558,-0.05131005868315697,-0.033505987375974655,0.01739753456786275,0.04790337756276131,0.051429446786642075,0.05179500952363014,0.05186190456151962,0.03257008914988948,text,,142262,159336.0,0.0,0.0,0.0016894613412155922,0.018646792814486664,0.0030472388824226144,,,,,,,,,,,,,,,,,,,,,,,,,,,0.8001014273392439,0.9999998807907104,0.5649051027546061,-0.999970018863678,-0.9893088936805725,-0.6460293531417847,0.33544231206178665,0.9236259460449219,0.99161197245121,0.9986585974693298,0.9999487996101379,0.6279839071314527,,,1.0302702142596973,1,0.03185175577933043,1.053233027458191,1.0302702142596973,0.9494589567184448,0.949984073638916,0.9670491218566895,1.017549753189087,1.0490692853927612,1.0527749061584473,1.0531598329544067,1.0532302856445312,0.03281591525135017,0.8001014273392439,0.9999998807907104,0.5649051027546061,-0.999970018863678,-0.9893088936805725,-0.6460293531417847,0.33544231206178665,0.9236259460449219,0.99161197245121,0.9986585974693298,0.9999487996101379,0.6279839071314527,nan,nan,nan,nan,nan,nan,nan,nan,nan,nan,nan,nan,relation,0.6804065704345703,0.5770198702812195,,,,,43,0.7854624476225694,1.0000001192092896,0.7847967156460517,-0.42964300513267517,0.16734886169433594,0.5554502606391907,0.7113305926322937,0.8311644196510315,0.9086454510688782,0.9535928964614868,0.9979214668273926,0.17516092044524062,nan,nan,nan,nan,nan,nan,nan,nan,nan,nan,nan,nan,B
,,,,,,,,,,,,nan,nan,nan,nan,nan,nan,nan,nan,nan,nan,nan,nan,0.0521743968129158,1,,Grocery,,,,,,,,,,,,,,,,,,,,,,,,,,nan,nan,nan,nan,nan,nan,nan,nan,nan,nan,nan,nan,,,,,,,,,,,,,,,nan,0.03529045925881132,0.05217389017343521,0.03529045925881132,6.869337084935978e-06,0.003430829118005931,0.017847221344709396,0.027155762538313866,0.0371061023324728,0.045319195836782455,0.05008071400225163,0.052120438776910305,0.012220177210175867,0.03545476297285093,0.052174244076013565,0.02962763126169547,-0.051290418952703476,-0.04320693388581276,-0.010382059961557388,0.01765233976766467,0.039460211992263794,0.04892688803374767,0.05167943239212036,0.052160099148750305,0.024818865958331902,visual,,142262,159336.0,0.0,0.0,0.0015099999982100514,0.016666055878046274,0.0027188223323210835,,,,,,,,,,,,,,,,,,,,,,,,,,,0.6795432702285134,0.9999975562095642,0.5678576200356193,-0.98305743932724,-0.8281254172325134,-0.19898781180381775,0.33833324909210205,0.7563128471374512,0.9377564936876297,0.9905135035514832,0.9997260570526123,0.47569047974648093,,,1.0303848346334747,1,0.02442725997661505,1.0535593032836914,1.0303848346334747,0.9500027298927307,0.9577131867408752,0.9896716475486755,1.0178090631961823,1.0402491092681885,1.0501435697078705,1.0530381202697754,1.0535444021224976,0.02516947823157782,0.6795432702285134,0.9999975562095642,0.5678576200356193,-0.98305743932724,-0.8281254172325134,-0.19898781180381775,0.33833324909210205,0.7563128471374512,0.9377564936876297,0.9905135035514832,0.9997260570526123,0.47569047974648093,nan,nan,nan,nan,nan,nan,nan,nan,nan,nan,nan,nan,relation,0.46758797764778137,0.3265242874622345,,,,,43,0.5535588975964074,1.000000238418579,0.5145443226642615,-0.8247644901275635,-0.4312559962272644,0.006267853081226349,0.2957547754049301,0.5892715454101562,0.7895375341176987,0.9047666788101196,0.999016523361206,0.34701176324876876,nan,nan,nan,nan,nan,nan,nan,nan,nan,nan,nan,nan,B
,,,,,,,,,,,,,,,,,,,,,,,,,,,Grocery,0.019169928391524163,0.02258351817727089,0.019169928391524163,0.006044328678399324,0.012402754360809922,0.016571551002562045,0.018244861625134945,0.01962193287909031,0.020616762805730104,0.021201508678495885,0.02185207834467292,0.001990672161543347,0.017559263855218887,,,,,,,,,,,,,,,,,,,,,,,,,0.2545871785063507,0.25908413529396057,0.2545871785063507,0.24130578339099884,0.24818391636013984,0.25195352733135223,0.25352440029382706,0.25488361716270447,0.25601666420698166,0.25688780248165133,0.25792975425720216,0.002029142690214066,0.13458232581615448,0,,,,,,,,,,,,,,,,,,,,,,,,,,text,0.0,,,,,,,,0.07843255110349451,0.07854504138231277,0.07843255110349451,0.07828052341938019,0.07833702802658081,0.07838272303342819,0.07840844243764877,0.07843530178070068,0.07845935970544815,0.07847830951213837,0.07850677721202373,3.710737386172926e-05,0.23583358899399295,0.23583358899399295,0.004843113191001522,0.006167336367070675,0.004843113191001522,1.8993991943716537e-06,0.0007225147949066012,0.002843754040077329,0.004069249029271305,0.005282585043460131,0.005978508270345628,0.006140952929854393,0.006166505287401378,0.0013538827554654303,,,,,,,,,,,,,4.117420057249176e-06,0,,,,,,,,,,,,,,,,,,,,,,,,,,,,,,,,,,,,,,,filter,,,,,,,43,,,,,,,,,,,,,,,,,,,,,,,,,B
,,,,,,,,,,,,,,,,,,,,,,,,,,,Grocery,0.01372372945905896,0.01474717352539301,0.01372372945905896,0.0093800388276577,0.011066401759162545,0.012607622053474188,0.013283989625051618,0.013921347446739674,0.014343087328597903,0.014576964545994997,0.014744368074461818,0.0008177045666339865,0.013557427562773228,,,,,,,,,,,,,,,,,,,,,,,,,0.13706074216940567,0.1420890837907791,0.13706074216940567,0.1315511167049408,0.13390538424253465,0.13536515682935715,0.1360929198563099,0.13685857504606247,0.13793110847473145,0.13910775929689406,0.14086218848824503,0.001461905330989129,0.14004167914390564,1,,,,,,,,,,,,,,,,,,,,,,,,,,text,0.0,,,,,,,,0.025884352890056563,-0.025785330682992935,-0.025884352890056563,-0.025980651378631592,-0.025938229765743018,-0.025909432768821718,-0.025897780433297157,-0.0258855689316988,-0.02587106078863144,-0.025856689736247062,-0.025830618031322958,2.1465787326572538e-05,0.6884148352857244,0.6884148352857244,0.004377747692117496,-1.7168895283248276e-06,-0.004377747692117496,-0.005574728827923536,-0.005573977502062916,-0.005550880590453744,-0.00540404487401247,-0.004774991422891617,-0.003678242617752403,-0.0025705031584948297,-0.000653089742409063,0.0012237907472844453,,,,,,,,,,,,,2.1371671967744347e-06,0,,,,,,,,,,,,,,,,,,,,,,,,,,,,,,,,,,,,,,,filter,,,,,,,43,,,,,,,,,,,,,,,,,,,,,,,,,B
,,,,,,,,,,,,,,,,,,,,,,,,,,,Grocery,0.020423982263340565,-0.009968200698494911,-0.020423982263340565,-0.025497324764728546,-0.024878518041223287,-0.02357893157750368,-0.022448783740401268,-0.020790892653167248,-0.01877449732273817,-0.016685172542929647,-0.013128859745338556,0.0026675175828045294,-0.015369541011750698,,,,,,,,,,,,,,,,,,,,,,,,,0.6776005020392392,0.6891500353813171,0.6776005020392392,0.6720575094223022,0.6729639631509781,0.6744577288627625,0.6756388545036316,0.6772502362728119,0.6792612373828888,0.6812261581420899,0.6846348267793655,0.0026229519501171417,0.7425810694694519,2,,,,,,,,,,,,,,,,,,,,,,,,,,text,0.0,,,,,,,,0.02598250660854619,-0.025900954380631447,-0.02598250660854619,-0.026021404191851616,-0.026009469609707594,-0.025999311357736588,-0.025992651004344225,-0.025984090752899647,-0.025973686948418617,-0.02596376147121191,-0.025943904109299185,1.4141659074279021e-05,0.0411898995712426,0.0411898995712426,0.0032045439033473256,-1.2567759313242277e-06,-0.0032045439033473256,-0.004080743063241243,-0.00408019324298948,-0.004063285980373621,-0.00395580125041306,-0.0034953292924910784,-0.002692501002456993,-0.0018816274241544302,-0.0004780665627913532,0.0008958239396386438,,,,,,,,,,,,,6.879876932623317e-06,0,,,,,,,,,,,,,,,,,,,,,,,,,,,,,,,,,,,,,,,filter,,,,,,,43,,,,,,,,,,,,,,,,,,,,,,,,,B
,,,,,,,,,,,,,,,,,,,,,,,,,,,Grocery,0.03175929694219287,-0.01663166843354702,-0.03175929694219287,-0.03921518847346306,-0.03904418230056763,-0.037149461731314656,-0.03530303854495287,-0.03238469548523426,-0.02857474470511079,-0.025472947768867014,-0.020917963180691005,0.004430834825524867,-0.01311268750578165,,,,,,,,,,,,,,,,,,,,,,,,,0.04874145324945561,-0.032875239849090576,-0.04874145324945561,-0.05763139948248863,-0.05623071677982807,-0.05433482378721237,-0.0523697305470705,-0.04938066005706787,-0.0455755777657032,-0.04232480712234974,-0.037539335787296284,0.0045520488415253055,0.01995704509317875,3,,,,,,,,,,,,,,,,,,,,,,,,,,text,1.0,,,,,,,,0.026565691585691477,-0.02649119310081005,-0.026565691585691477,-0.026608265936374664,-0.026595421638339757,-0.026583978906273842,-0.026576564647257328,-0.02656663302332163,-0.026556245051324368,-0.026546226628124715,-0.02652559068053961,1.4997821013274656e-05,0.039606194084085486,0.039606194084085486,0.00273917840254619,0.003488135291263461,0.00273917840254619,1.0742662652774015e-06,0.0004086414811899885,0.0016083765076473355,0.002301494649145752,0.002987735904753208,0.0033813376212492585,0.0034732135711237786,0.0034876653319224713,0.0007657319287399794,,,,,,,,,,,,,2.0721148655631875e-05,0,,,,,,,,,,,,,,,,,,,,,,,,,,,,,,,,,,,,,,,filter,,,,,,,43,,,,,,,,,,,,,,,,,,,,,,,,,B
,,,,,,,,,,,,,,,,,,,,,,,,,,,Grocery,0.01943249440213271,-0.0067049418576061726,-0.01943249440213271,-0.022115319967269897,-0.021460661441087724,-0.020754684507846833,-0.020337637048214674,-0.019758783280849457,-0.01885428000241518,-0.017717180587351323,-0.014461837196722623,0.0013815434794032092,-0.02174445614218712,,,,,,,,,,,,,,,,,,,,,,,,,0.14964894719899252,0.16106539964675903,0.14964894719899252,0.14504794776439667,0.14627438232302667,0.14775349497795104,0.14868829399347305,0.14967461675405502,0.1505596712231636,0.15131141394376754,0.15397699683904648,0.0015004916073882064,0.13458232581615448,0,,,,,,,,,,,,,,,,,,,,,,,,,,visual,0.0,,,,,,,,0.05299150859733069,0.054300546646118164,0.05299150859733069,0.051132429391145706,0.0516377405449748,0.05220029689371586,0.05256388150155544,0.05302577093243599,0.05345056299120188,0.05374619998037815,0.05403594050556421,0.0005814017680745348,0.5512255892570325,0.5512255892570325,0.003252066964166474,0.004807899706065655,0.003252066964166474,6.33019340057217e-07,0.0003161558636929839,0.0016446473309770226,0.0025024429196491838,0.0034193811006844044,0.0041762294713407755,0.0046150105539709335,0.004802973847836256,0.001126107039819118,,,,,,,,,,,,,2.251475063842443e-06,0,,,,,,,,,,,,,,,,,,,,,,,,,,,,,,,,,,,,,,,filter,,,,,,,43,,,,,,,,,,,,,,,,,,,,,,,,,B
,,,,,,,,,,,,,,,,,,,,,,,,,,,Grocery,0.004937104572169875,0.013020867481827736,0.004907434220105491,-0.004501803312450647,-0.0004666948912199587,0.0018568275612778965,0.0033298659254796803,0.004997229669243097,0.006480909534730017,0.007829547114670276,0.00992249168455601,0.002301656700825731,0.010684486478567123,,,,,,,,,,,,,,,,,,,,,,,,,0.13473865850543312,0.1437242329120636,0.13473865850543312,0.12501873075962067,0.1290033406019211,0.13152559697628022,0.13303392380475998,0.13472143560647964,0.13643015548586845,0.13799167424440384,0.14038935035467148,0.002489552229351192,0.14004167914390564,1,,,,,,,,,,,,,,,,,,,,,,,,,,visual,0.0,,,,,,,,0.01766743785230958,-0.01703367754817009,-0.01766743785230958,-0.018102720379829407,-0.018015660289675,-0.017919280380010606,-0.017820386216044426,-0.017678918316960335,-0.017525500617921352,-0.01740345824509859,-0.017218227349221706,0.00019387021273546237,0.19449283076470114,0.19449283076470114,0.003227507200530133,-6.282387516876042e-07,-0.003227507200530133,-0.004771590232849121,-0.004766701501794159,-0.004580157529562712,-0.004144690232351422,-0.0033935578539967537,-0.0024835444055497646,-0.0016322268638759851,-0.00031376824073958996,0.0011176026267557145,,,,,,,,,,,,,6.197870302667491e-06,0,,,,,,,,,,,,,,,,,,,,,,,,,,,,,,,,,,,,,,,filter,,,,,,,43,,,,,,,,,,,,,,,,,,,,,,,,,B
,,,,,,,,,,,,,,,,,,,,,,,,,,,Grocery,0.03169331200926173,0.033268146216869354,0.03169331200926173,0.023330532014369965,0.02758763751015067,0.029657354392111302,0.030914950650185347,0.03211725875735283,0.032778055407106876,0.03307358995079994,0.03325975816696882,0.0013876602792499712,0.02592633292078972,,,,,,,,,,,,,,,,,,,,,,,,,0.7800767537273176,0.7838216423988342,0.7800767537273176,0.7703977823257446,0.775322031378746,0.7777769386768341,0.7791752964258194,0.7803559601306915,0.7812406420707703,0.7819414675235749,0.7829557108879089,0.001667114857109283,0.7425810694694519,2,,,,,,,,,,,,,,,,,,,,,,,,,,visual,0.0,,,,,,,,0.017675134389122008,-0.017062058672308922,-0.017675134389122008,-0.018108868971467018,-0.018021197989583015,-0.01792509891092777,-0.017827171832323074,-0.017686737701296806,-0.01753348344936967,-0.017413331754505636,-0.017227383330464363,0.0001925591959175089,0.2756951620018654,0.2756951620018654,0.002448845015246788,-4.766710617332137e-07,-0.002448845015246788,-0.00362040544860065,-0.0036166963959112764,-0.0034751576371490956,-0.0031447503715753555,-0.002574834506958723,-0.0018843692087102681,-0.0012384388828650117,-0.00023806912198779062,0.0008479719642310201,,,,,,,,,,,,,2.7792719467945054e-06,0,,,,,,,,,,,,,,,,,,,,,,,,,,,,,,,,,,,,,,,filter,,,,,,,43,,,,,,,,,,,,,,,,,,,,,,,,,B
,,,,,,,,,,,,,,,,,,,,,,,,,,,Grocery,0.019455936612284033,0.02054586075246334,0.019455936612284033,0.013784760609269142,0.01675714699551463,0.018006462976336478,0.018903927877545357,0.01976304780691862,0.02021314762532711,0.020404681004583834,0.02053590729832649,0.0009601150648584387,0.023648522794246674,,,,,,,,,,,,,,,,,,,,,,,,,0.04783685114555418,0.0502115860581398,0.04783685114555418,0.040810082107782364,0.044248947389423844,0.04608079418540001,0.04711184184998274,0.048050377517938614,0.04879263415932655,0.04927541576325893,0.04980462025851011,0.0012554346921936103,0.01995704509317875,3,,,,,,,,,,,,,,,,,,,,,,,,,,visual,0.0,,,,,,,,0.017648936393426917,-0.0170296560972929,-0.017648936393426917,-0.01808994635939598,-0.0179990217089653,-0.017902318201959134,-0.017802750691771507,-0.01766085345298052,-0.017505228985100985,-0.017383677139878272,-0.01719655217602849,0.00019502845335030923,0.41597901377514784,0.41597901377514784,0.002424284909435994,0.003584095509722829,0.002424284909435994,4.7189041652018204e-07,0.00023568145930767057,0.0012260182993486524,0.0018654704035725445,0.002549010911025107,0.0031132108415476978,0.003440304310061038,0.0035804235213436186,0.0008394674324112535,,,,,,,,,,,,,1.5761162663632653e-06,0,,,,,,,,,,,,,,,,,,,,,,,,,,,,,,,,,,,,,,,filter,,,,,,,43,,,,,,,,,,,,,,,,,,,,,,,,,B
,,,,,,,,,,,,nan,nan,nan,nan,nan,nan,nan,nan,nan,nan,nan,nan,0.052589889615774155,1,,Grocery,,,,,,,,,,,,,,,,,,,,,,,,,,nan,nan,nan,nan,nan,nan,nan,nan,nan,nan,nan,nan,,,,,,,,,,,,,,,nan,0.02862883555286438,0.0525594986975193,0.02862883555286438,2.7192670586373424e-06,0.002615153391379863,0.013376818317919974,0.020073617342859507,0.02844398096203804,0.03753606230020523,0.04483745768666268,0.05147975135594607,0.011746724257042701,0.0279498494192377,0.05257539078593254,0.010712961353606129,-0.052588194608688354,-0.05097575858235359,-0.03565913811326027,-0.012783815851435065,0.01651228405535221,0.03682074695825577,0.046257633715867996,0.052052147686481476,0.02993563541864363,text,,142262,159336.0,0.0,0.0,0.001511147883263849,0.01667872522670246,0.0025104619239803886,,,,,,,,,,,,,,,,,,,,,,,,,,,0.5314680774838694,0.9997246861457825,0.20370760734616544,-0.9999674558639526,-0.9693068861961365,-0.6780601143836975,-0.24308517575263977,0.31398192048072815,0.7001495957374573,0.8795924186706543,0.989774227142334,0.5692279118947421,,,1.011221440656992,1,0.029728315210902814,1.0539820194244385,1.011221440656992,0.9487706422805786,0.9503017067909241,0.9649691581726074,0.9872975498437881,1.0166493654251099,1.037507027387619,1.0473442077636719,1.0534306764602661,0.03006190973590404,0.5314680774838694,0.9997246861457825,0.20370760734616544,-0.9999674558639526,-0.9693068861961365,-0.6780601143836975,-0.24308517575263977,0.31398192048072815,0.7001495957374573,0.8795924186706543,0.989774227142334,0.5692279118947421,nan,nan,nan,nan,nan,nan,nan,nan,nan,nan,nan,nan,relation,0.23001223802566528,0.11480226367712021,,,,,44,0.5470948210447785,1.000000238418579,0.520145075559455,-0.7509693503379822,-0.35201025009155273,0.06282243132591248,0.3167874440550804,0.5722870230674744,0.7741354405879974,0.8982304334640503,0.9954097270965576,0.32092011252243074,nan,nan,nan,nan,nan,nan,nan,nan,nan,nan,nan,nan,B
,,,,,,,,,,,,nan,nan,nan,nan,nan,nan,nan,nan,nan,nan,nan,nan,0.052426036447286606,1,,Grocery,,,,,,,,,,,,,,,,,,,,,,,,,,nan,nan,nan,nan,nan,nan,nan,nan,nan,nan,nan,nan,,,,,,,,,,,,,,,nan,0.04300540934297713,0.052426036447286606,0.04300540934297713,0.00017521432891953737,0.009604917839169502,0.028131437674164775,0.03764923568814993,0.046458154916763306,0.051396993920207024,0.05235861800611019,0.05242584746330976,0.010211433547098917,0.04369891397655929,0.05242608115077019,0.04342914954569033,-0.04462381452322006,-0.0033727476838976145,0.02545512095093727,0.039624675177037716,0.04908537492156029,0.05217243358492851,0.052414316684007645,0.052425969392061234,0.01272917807675291,visual,,142262,159336.0,0.0,0.0,0.0013506221616874931,0.014906983075161685,0.0028992060293545575,,,,,,,,,,,,,,,,,,,,,,,,,,,0.8335344930208165,1.0,0.8283888737813552,-0.8511760234832764,-0.06433361023664474,0.4855441153049469,0.7558209747076035,0.9362788200378418,0.9951622188091278,0.9997758269309998,0.9999994039535522,0.2428025667185198,,,1.0444698793266898,1,0.012564883948911736,1.0538246631622314,1.0444698793266898,0.9563571810722351,0.9966329336166382,1.0257818698883057,1.0404202044010162,1.0503100156784058,1.0535573959350586,1.0538122653961182,1.053824543952942,0.013123642821886269,0.8335344930208165,1.0,0.8283888737813552,-0.8511760234832764,-0.06433361023664474,0.4855441153049469,0.7558209747076035,0.9362788200378418,0.9951622188091278,0.9997758269309998,0.9999994039535522,0.2428025667185198,nan,nan,nan,nan,nan,nan,nan,nan,nan,nan,nan,nan,relation,0.7088470458984375,0.576063871383667,,,,,44,0.5879097259835352,1.000000238418579,0.5532590981113241,-0.8874278664588928,-0.4494917094707489,0.06701379269361496,0.36836081743240356,0.6315779089927673,0.8099032342433929,0.9159323573112488,0.9991003274917603,0.33533602827183506,nan,nan,nan,nan,nan,nan,nan,nan,nan,nan,nan,nan,B
,,,,,,,,,,,,,,,,,,,,,,,,,,,Grocery,0.03831798727063929,0.04113932326436043,0.03831798727063929,0.02124125510454178,0.03073354870080948,0.03539162650704384,0.03738975990563631,0.03895043022930622,0.03987094759941101,0.04035528190433979,0.040822774432599546,0.0021689592458622705,0.03141577169299126,,,,,,,,,,,,,,,,,,,,,,,,,0.29790134069908975,0.30464738607406616,0.29790134069908975,0.281026691198349,0.28967409193515775,0.29421478509902954,0.2961616590619087,0.2980876713991165,0.29997456818819046,0.30147679448127745,0.3034802809357643,0.0029148141723615265,0.13527168333530426,0,,,,,,,,,,,,,,,,,,,,,,,,,,text,0.0,,,,,,,,0.08790707098588713,0.09008938074111938,0.08790707098588713,0.08551482111215591,0.08628708608448506,0.08691046610474587,0.08735202625393867,0.08792556077241898,0.08846753276884556,0.08886887058615685,0.08942592523992061,0.0007406372385092461,0.5507836273281788,0.5507836273281788,0.004988823769811538,0.009158950299024582,0.004988823769811538,4.738559766792605e-07,0.00045571321883471685,0.002331026969477535,0.0034980024211108685,0.0049566111993044615,0.006540985661558807,0.007813317421823741,0.008970794714987278,0.0020469689413484603,,,,,,,,,,,,,8.496141659399612e-06,0,,,,,,,,,,,,,,,,,,,,,,,,,,,,,,,,,,,,,,,filter,,,,,,,44,,,,,,,,,,,,,,,,,,,,,,,,,B
,,,,,,,,,,,,,,,,,,,,,,,,,,,Grocery,0.014359490595093807,-0.00850438792258501,-0.014359490595093807,-0.016349012032151222,-0.01631983006373048,-0.015833665244281293,-0.015352766029536724,-0.014596083667129278,-0.013594335876405239,-0.012565535679459571,-0.010486889844760294,0.0013062391374035144,0.0020507308654487133,,,,,,,,,,,,,,,,,,,,,,,,,0.09295901246050335,0.09992377460002899,0.09295901246050335,0.08939871937036514,0.09031667247414589,0.09119224995374679,0.09183290228247643,0.09278364107012749,0.09387283585965633,0.094956024736166,0.09707101956009866,0.0014953915640531247,0.13612712919712067,1,,,,,,,,,,,,,,,,,,,,,,,,,,text,0.0,,,,,,,,0.028942747516462662,-0.02802964486181736,-0.028942747516462662,-0.029730653390288353,-0.029497676342725754,-0.029294159449636935,-0.029143929481506348,-0.028949763625860214,-0.028742376249283552,-0.028578586503863336,-0.028351558353751898,0.00026993552973565097,0.25099762087668015,0.25099762087668015,0.0019166062519913062,-1.8204598006832384e-07,-0.0019166062519913062,-0.003518685232847929,-0.0034463997557759285,-0.003001720155589282,-0.0025129158748313785,-0.001904230855870992,-0.0013438625319395214,-0.0008955339435487977,-0.00017507590164314013,0.0007864045016254781,,,,,,,,,,,,,2.236195929841251e-06,0,,,,,,,,,,,,,,,,,,,,,,,,,,,,,,,,,,,,,,,filter,,,,,,,44,,,,,,,,,,,,,,,,,,,,,,,,,B
,,,,,,,,,,,,,,,,,,,,,,,,,,,Grocery,0.03286138564501823,-0.018682338297367096,-0.03286138564501823,-0.03686456009745598,-0.03676132526248693,-0.03596821464598179,-0.03508963529020548,-0.03357537277042866,-0.03132945578545332,-0.028663488663733007,-0.023957094810903072,0.002938811613259008,-0.026172200217843056,,,,,,,,,,,,,,,,,,,,,,,,,0.6508289524120037,0.6664533615112305,0.6508289524120037,0.6449501514434814,0.646052501797676,0.6473645508289337,0.6485307365655899,0.6502110064029694,0.6525246351957321,0.6551972925662994,0.6600645071268082,0.0031190363979582097,0.7414336800575256,2,,,,,,,,,,,,,,,,,,,,,,,,,,text,0.0,,,,,,,,0.028965138129979858,-0.028120897710323334,-0.028965138129979858,-0.029761528596282005,-0.029514547232538463,-0.029313591495156287,-0.029167667031288147,-0.02897198125720024,-0.028764362446963787,-0.028602692298591137,-0.028380125258117915,0.0002684362282691361,0.14549794095128465,0.14549794095128465,0.002605983238902753,-2.475254348155431e-07,-0.002605983238902753,-0.004784307908266783,-0.0046860226988792416,-0.004081397783011198,-0.0034167771809734404,-0.0025891566183418036,-0.0018272314628120512,-0.0012176451855339097,-0.00023804830983863197,0.0010692634172494117,,,,,,,,,,,,,9.728388051788123e-06,0,,,,,,,,,,,,,,,,,,,,,,,,,,,,,,,,,,,,,,,filter,,,,,,,44,,,,,,,,,,,,,,,,,,,,,,,,,B
,,,,,,,,,,,,,,,,,,,,,,,,,,,Grocery,0.057047595515763425,-0.03223569691181183,-0.057047595515763425,-0.062696173787117,-0.06266833066940308,-0.06193914562463761,-0.060868289321660995,-0.05853751860558987,-0.05453755892813206,-0.05010459721088408,-0.041029516160488125,0.004985644591505961,-0.03713434189558029,,,,,,,,,,,,,,,,,,,,,,,,,0.10824653168441373,-0.08348415791988373,-0.10824653168441373,-0.1143752709031105,-0.11395289935171604,-0.1131077416241169,-0.112028943374753,-0.10970994830131531,-0.1057091373950243,-0.10133196786046028,-0.09238503448665142,0.004949948127621041,0.01640082523226738,3,,,,,,,,,,,,,,,,,,,,,,,,,,text,1.0,,,,,,,,0.02999918526613445,-0.029364274814724922,-0.02999918526613445,-0.03059718944132328,-0.03041578708216548,-0.03026385698467493,-0.03015314321964979,-0.030004799365997314,-0.029847274534404278,-0.02972434088587761,-0.02955630695447326,0.00020386064818968193,0.005245422447129785,0.005245422447129785,0.00046623423394481854,-4.428456179539353e-08,-0.00046623423394481854,-0.0008559564594179392,-0.0008383722824510187,-0.0007301993609871715,-0.0006112927076173946,-0.0004632237978512421,-0.00032690841908333823,-0.00021784785931231433,-4.258901826688086e-05,0.00019130100396665557,,,,,,,,,,,,,2.450198646613905e-05,0,,,,,,,,,,,,,,,,,,,,,,,,,,,,,,,,,,,,,,,filter,,,,,,,44,,,,,,,,,,,,,,,,,,,,,,,,,B
,,,,,,,,,,,,,,,,,,,,,,,,,,,Grocery,0.021114460078128186,-0.008748583495616913,-0.021114460078128186,-0.027911582961678505,-0.026524028331041335,-0.024433243088424206,-0.023041771724820137,-0.021395784802734852,-0.019348572473973036,-0.017453918978571892,-0.013809468336403358,0.0027450605216941086,-0.02201613038778305,,,,,,,,,,,,,,,,,,,,,,,,,0.15013924129006176,0.1611560732126236,0.15013924129006176,0.14016780257225037,0.14456819370388985,0.14696950018405913,0.14851174131035805,0.150187686085701,0.15169312059879303,0.15318019986152648,0.15626126796007156,0.002444571778866552,0.13527168333530426,0,,,,,,,,,,,,,,,,,,,,,,,,,,visual,0.0,,,,,,,,0.05239155167586996,0.05366925895214081,0.05239155167586996,0.050470057874917984,0.05094398099929094,0.051561154425144196,0.05198093131184578,0.052445389330387115,0.052846189588308334,0.053143256902694704,0.05346212916076183,0.0005986856105037283,0.21966632406697348,0.21966632406697348,0.005606596643829088,0.006834759376943111,0.005606596643829088,2.2842616090201773e-05,0.0012521889293566346,0.0036674833158031107,0.004908314440399408,0.006056729471310973,0.006700603757053614,0.006825970439240337,0.006834734948351979,0.0013312601823841027,,,,,,,,,,,,,5.9759311820307774e-06,0,,,,,,,,,,,,,,,,,,,,,,,,,,,,,,,,,,,,,,,filter,,,,,,,44,,,,,,,,,,,,,,,,,,,,,,,,,B
,,,,,,,,,,,,,,,,,,,,,,,,,,,Grocery,0.00926662924580503,0.02095414325594902,0.009242929022060796,-0.007329704239964485,0.0003764710878022015,0.004130349215120077,0.006309709162451327,0.009060493670403957,0.012050716206431389,0.014902578480541707,0.018561014421284203,0.004106371922468337,0.010654984042048454,,,,,,,,,,,,,,,,,,,,,,,,,0.13421236514509305,0.14751863479614258,0.13421236514509305,0.11799512058496475,0.12499551810324191,0.1285441994667053,0.13088011741638184,0.13396823406219482,0.13735926151275635,0.1403426244854927,0.14415011659264565,0.004465617787195044,0.13612712919712067,1,,,,,,,,,,,,,,,,,,,,,,,,,,visual,0.0,,,,,,,,0.017460920275325892,-0.01681605540215969,-0.017460920275325892,-0.01788853295147419,-0.017819657102227212,-0.017712034843862058,-0.01761316042393446,-0.017478805035352707,-0.01732446299865842,-0.017183616384863855,-0.016974928602576256,0.0002002398476309831,0.11097306852369553,0.11097306852369553,0.004351758797971673,-1.7730106264934875e-05,-0.004351758797971673,-0.005305041093379259,-0.005305021787062287,-0.005298219202086329,-0.0052009111968800426,-0.004701145458966494,-0.0038097623037174344,-0.0028466472402214997,-0.0009719308582134545,0.0010333047974752767,,,,,,,,,,,,,1.9941742221312762e-05,0,,,,,,,,,,,,,,,,,,,,,,,,,,,,,,,,,,,,,,,filter,,,,,,,44,,,,,,,,,,,,,,,,,,,,,,,,,B
,,,,,,,,,,,,,,,,,,,,,,,,,,,Grocery,0.03188829528194244,0.033387087285518646,0.03188829528194244,0.021656518802046776,0.027623213045299053,0.02991568986326456,0.031156423967331648,0.03233770467340946,0.03295532055199146,0.03321434482932091,0.033380714058876035,0.0013977621832352697,0.0258070956915617,,,,,,,,,,,,,,,,,,,,,,,,,0.77840695537769,0.7829481959342957,0.77840695537769,0.7672070860862732,0.7734205484390259,0.7760834217071533,0.7774799466133118,0.778732568025589,0.779535785317421,0.7803072392940521,0.7815381497144699,0.0017317977336628822,0.7414336800575256,2,,,,,,,,,,,,,,,,,,,,,,,,,,visual,0.0,,,,,,,,0.017484844103368268,-0.016851704567670822,-0.017484844103368268,-0.01790763810276985,-0.01783792570233345,-0.017732890136539937,-0.017634795513004065,-0.017502348870038986,-0.01734929997473955,-0.01721103135496378,-0.0170079230889678,0.0001973822628104627,0.2573345366357474,0.2573345366357474,0.003237258303166527,-1.3189363926358055e-05,-0.003237258303166527,-0.00394640164449811,-0.003946387334726751,-0.00394132686778903,-0.003868939762469381,-0.0034971657441928983,-0.0028340689605101943,-0.002117611072026193,-0.0007230160408653319,0.0007686718618378752,,,,,,,,,,,,,2.9991233903198953e-06,0,,,,,,,,,,,,,,,,,,,,,,,,,,,,,,,,,,,,,,,filter,,,,,,,44,,,,,,,,,,,,,,,,,,,,,,,,,B
,,,,,,,,,,,,,,,,,,,,,,,,,,,Grocery,0.024658756749415384,0.025962648913264275,0.024658756749415384,0.016824690625071526,0.02092850461602211,0.022823646292090417,0.02397419372573495,0.02508908323943615,0.02563595399260521,0.025841079652309418,0.025960658937692643,0.001251446577177637,0.0232144296169281,,,,,,,,,,,,,,,,,,,,,,,,,0.04881064517841771,0.0510355643928051,0.04881064517841771,0.041112020611763,0.04489119902253151,0.04697320945560932,0.04814772214740515,0.049148913472890854,0.04976590536534786,0.050125913321971895,0.050550452657043936,0.0012918053069266885,0.01640082523226738,3,,,,,,,,,,,,,,,,,,,,,,,,,,visual,0.0,,,,,,,,0.01744578732663077,-0.01680229790508747,-0.01744578732663077,-0.017877554520964622,-0.017805608995258806,-0.017698279954493044,-0.01759848464280367,-0.017463546246290207,-0.017307518050074577,-0.017166473530232908,-0.016960289739072324,0.00020109222579980116,0.06947028425452782,0.06947028425452782,0.001982420936537126,0.002416683593764901,0.001982420936537126,8.076856829575263e-06,0.00044275802792981267,0.0012967752525582911,0.0017355173185933381,0.002141582197509706,0.002369247784372419,0.002413575863465667,0.0024166750418953597,0.0004707165901201491,,,,,,,,,,,,,1.6687609510039558e-06,0,,,,,,,,,,,,,,,,,,,,,,,,,,,,,,,,,,,,,,,filter,,,,,,,44,,,,,,,,,,,,,,,,,,,,,,,,,B
,,,,,,,,,,,,nan,nan,nan,nan,nan,nan,nan,nan,nan,nan,nan,nan,0.05489538237452507,1,,ele-fashion,,,,,,,,,,,,,,,,,,,,,,,,,,nan,nan,nan,nan,nan,nan,nan,nan,nan,nan,nan,nan,,,,,,,,,,,,,,,1.0,0.03887544137263355,0.05489534139633179,0.03887544137263355,0.0,0.002467244409490377,0.016933554783463478,0.02871919283643365,0.042758192867040634,0.05168396886438131,0.054368648678064346,0.05488265696913004,0.014433734425994344,0.03835730801028751,0.054895393550395966,-0.0060368946306273135,-0.05489532649517059,-0.05487152561545372,-0.05360762625932693,-0.0472923144698143,-0.014996538870036602,0.03807343170046806,0.05289598926901817,0.0548749715089798,0.04119162333461868,text,,399172,496938.0,0.0,0.0,0.002891123202769922,0.018868687157966524,0.004577646150204177,,,,,,,,,,,,,,,,,,,,,,,,,,,0.698734631109828,0.9999992251396179,-0.10997088638018217,-0.9999983906745911,-0.9995648264884949,-0.9765411734580993,-0.8614993095397949,-0.2731834799051285,0.6935639977455139,0.9635781407356262,0.9996276551485062,0.7503658361811831,,,0.9948276025985554,1,0.041386961280991424,1.0564301013946533,0.9948276025985554,0.9465842247009277,0.9466067552566528,0.9478039264678955,0.9538085460662842,0.9851153492927551,1.0388075113296509,1.054319977760315,1.0564085245132446,0.04117289147004932,0.698734631109828,0.9999992251396179,-0.10997088638018217,-0.9999983906745911,-0.9995648264884949,-0.9765411734580993,-0.8614993095397949,-0.2731834799051285,0.6935639977455139,0.9635781407356262,0.9996276551485062,0.7503658361811831,nan,nan,nan,nan,nan,nan,nan,nan,nan,nan,nan,nan,relation,0.5051255822181702,0.36891865730285645,,,,,42,0.8076082389820897,1.000000238418579,0.7741405727190503,-0.9025784730911255,-0.4690464735031128,0.32171427309513134,0.776255190372467,0.9053438007831573,0.9564889669418335,0.9784165143966674,0.9958252459764481,0.328943617310406,nan,nan,nan,nan,nan,nan,nan,nan,nan,nan,nan,nan,B
,,,,,,,,,,,,nan,nan,nan,nan,nan,nan,nan,nan,nan,nan,nan,nan,0.054386429488658905,1,,ele-fashion,,,,,,,,,,,,,,,,,,,,,,,,,,nan,nan,nan,nan,nan,nan,nan,nan,nan,nan,nan,nan,,,,,,,,,,,,,,,1.0,0.039727033913670905,0.05438642576336861,0.039727033913670905,0.0,0.0027967809000983834,0.017787646502256393,0.029759814497083426,0.0437946654856205,0.053053044714033604,0.05421482026576996,0.05437970161437988,0.014368072873345444,0.038976057994857795,0.054339271038770676,-0.011054862572370813,-0.05438642203807831,-0.05438314750790596,-0.054256781935691833,-0.052835747599601746,-0.02141217701137066,0.031517211347818375,0.045735492929816254,0.053845064304769034,0.04062265130597403,visual,,399172,496938.0,0.0,0.0,0.002905712879021035,0.01896390552730288,0.004645413457695415,,,,,,,,,,,,,,,,,,,,,,,,,,,0.7166503634670864,0.9991326928138733,-0.2032650615134501,-1.0,-0.9999395781755447,-0.9976158738136292,-0.9714875221252441,-0.393704429268837,0.5795039534568787,0.8409360945224763,0.9900453436374663,0.7469261701548929,,,0.989825192920847,1,0.04083049443006397,1.0558427572250366,0.989825192920847,0.947066068649292,0.9470691680908203,0.9471888542175293,0.9485357999801636,0.9788154363632202,1.0320191383361816,1.0467974901199342,1.0553210818767547,0.04041505202633247,0.7166503634670864,0.9991326928138733,-0.2032650615134501,-1.0,-0.9999395781755447,-0.9976158738136292,-0.9714875221252441,-0.393704429268837,0.5795039534568787,0.8409360945224763,0.9900453436374663,0.7469261701548929,nan,nan,nan,nan,nan,nan,nan,nan,nan,nan,nan,nan,relation,0.5215545892715454,0.40099504590034485,,,,,42,0.742319942242604,1.000000238418579,0.73659969300804,-0.6622723340988159,-0.1211822609603405,0.3967279702425003,0.6442775726318359,0.8152666985988617,0.909432053565979,0.9544453859329224,0.9999999403953552,0.2430565903199741,nan,nan,nan,nan,nan,nan,nan,nan,nan,nan,nan,nan,B
,,,,,,,,,,,,,,,,,,,,,,,,,,,ele-fashion,0.06093634962274263,0.06219286844134331,0.06093634962274263,0.048889778554439545,0.05681825783103704,0.059276413172483444,0.060459721833467484,0.06142603978514671,0.06171462871134281,0.0618657972663641,0.06203226670622826,0.0011728745493539239,0.043675702065229416,,,,,,,,,,,,,,,,,,,,,,,,,0.41171158956000625,0.41870543360710144,0.41171158956000625,0.39415645599365234,0.4010730341076851,0.40505002439022064,0.40859977155923843,0.41272203624248505,0.4154506176710129,0.4166014790534973,0.41787582635879517,0.004406791692635303,0.1978076845407486,0,,,,,,,,,,,,,,,,,,,,,,,,,,text,0.0,,,,,,,,0.098166985893876,0.10021617263555527,0.098166985893876,0.0955570787191391,0.09639126323163509,0.09711825847625732,0.09765376709401608,0.0982397273182869,0.09874479286372662,0.09906041622161865,0.09957212992012501,0.0007425352420247005,0.9145551339998609,0.9145551339998609,0.011124863845464277,0.015709228813648224,0.011124863845464277,0.0,0.0007060436211759225,0.004845822462812066,0.008218481903895736,0.012235978618264198,0.014790239976719022,0.015558506362140179,0.015705597959458827,0.004130456775322136,,,,,,,,,,,,,1.9419813022279513e-05,0,,,,,,,,,,,,,,,,,,,,,,,,,,,,,,,,,,,,,,,filter,,,,,,,42,,,,,,,,,,,,,,,,,,,,,,,,,B
,,,,,,,,,,,,,,,,,,,,,,,,,,,ele-fashion,0.030760350027728697,0.011982508935034275,-0.030686140204810954,-0.063858762383461,-0.06299620196223259,-0.054193759337067604,-0.04361655842512846,-0.029184620827436447,-0.017898401245474815,-0.01032104529440403,0.0006900195498019721,0.01624096601088599,-0.03892137482762337,,,,,,,,,,,,,,,,,,,,,,,,,0.016464204601006307,0.029745906591415405,-0.012760488638782833,-0.04725157469511032,-0.04503876846283674,-0.03631787747144699,-0.02572346804663539,-0.011361520271748304,7.406802615150809e-05,0.007782737957313657,0.01894829049706459,0.016331658310357575,0.09148655086755753,1,,,,,,,,,,,,,,,,,,,,,,,,,,text,0.7486856579780579,,,,,,,,0.03247063721202272,-0.03152218088507652,-0.03247063721202272,-0.033197104930877686,-0.03297240659594536,-0.03278349153697491,-0.03267255797982216,-0.03249729797244072,-0.032289872877299786,-0.032099952921271324,-0.031845332123339176,0.00026199687020010855,0.01162467538346021,0.01162467538346021,0.0021688872629794793,-0.0,-0.0021688872629794793,-0.0030626484658569098,-0.0030619405908510087,-0.0030332638416439295,-0.0028834837139584124,-0.0023855086183175445,-0.0016022632480598986,-0.0009447345219086856,-0.0001376492371491622,0.0008052678407868695,,,,,,,,,,,,,0.0002667230631662717,0,,,,,,,,,,,,,,,,,,,,,,,,,,,,,,,,,,,,,,,filter,,,,,,,42,,,,,,,,,,,,,,,,,,,,,,,,,B
,,,,,,,,,,,,,,,,,,,,,,,,,,,ele-fashion,0.05704281320984223,-0.04369256645441055,-0.05704281320984223,-0.05962960422039032,-0.05962124727666378,-0.05913076549768448,-0.05847136676311493,-0.05728958360850811,-0.05601477716118097,-0.05465000681579113,-0.051428009569644925,0.0018179896103990845,-0.04179207235574722,,,,,,,,,,,,,,,,,,,,,,,,,0.5411695119001065,0.5543137192726135,0.5411695119001065,0.536022961139679,0.5372724115848542,0.5383836925029755,0.5394846946001053,0.5408598184585571,0.5425719618797302,0.5443733334541321,0.5474615097045898,0.002305399024806789,0.6767143607139587,2,,,,,,,,,,,,,,,,,,,,,,,,,,text,0.0,,,,,,,,0.03210394698574353,-0.03109777718782425,-0.03210394698574353,-0.032894715666770935,-0.03264495171606541,-0.0324489064514637,-0.0323275662958622,-0.03213083930313587,-0.03190590813755989,-0.031700605526566505,-0.031419537961483,0.0002865191109909824,0.46801495268994076,0.46801495268994076,0.004605993924011452,-0.0,-0.004605993924011452,-0.006504044868052006,-0.00650254157371819,-0.006441641598939896,-0.0061235586181283,-0.005066025536507368,-0.0034026734065264463,-0.002006301423534751,-0.0002923211228335276,0.0017101205975636761,,,,,,,,,,,,,5.314864663580095e-06,0,,,,,,,,,,,,,,,,,,,,,,,,,,,,,,,,,,,,,,,filter,,,,,,,42,,,,,,,,,,,,,,,,,,,,,,,,,B
,,,,,,,,,,,,,,,,,,,,,,,,,,,ele-fashion,0.04954625976134009,-0.031546443700790405,-0.04954625976134009,-0.054213687777519226,-0.05420894436538219,-0.053401028737425804,-0.052110602147877216,-0.05002635344862938,-0.04780934192240238,-0.04517303593456745,-0.03844541292637583,0.003382819229053772,-0.04246368259191513,,,,,,,,,,,,,,,,,,,,,,,,,0.17496676715382178,-0.1568954885005951,-0.17496676715382178,-0.1818707138299942,-0.18068555295467376,-0.1790628284215927,-0.17747103422880173,-0.17539216578006744,-0.17302850633859634,-0.17050247639417648,-0.1643454134464264,0.003467855826370642,-0.04501444101333618,3,,,,,,,,,,,,,,,,,,,,,,,,,,text,1.0,,,,,,,,0.033592401669474956,-0.03288821503520012,-0.033592401669474956,-0.03412434086203575,-0.0339572723954916,-0.03382653743028641,-0.03374531678855419,-0.03361103497445583,-0.03345813415944576,-0.033316975459456444,-0.03312487434595823,0.00019485826047043242,0.1316715430624794,0.1316715430624794,0.004349982077314099,-0.0,-0.004349982077314099,-0.006142534781247377,-0.006141115003265441,-0.006083600223064423,-0.0057831971207633615,-0.00478444411419332,-0.0032135447836481035,-0.0018947864300571382,-0.00027607323718257246,0.0016150681211209508,,,,,,,,,,,,,1.2026024032492811e-05,0,,,,,,,,,,,,,,,,,,,,,,,,,,,,,,,,,,,,,,,filter,,,,,,,42,,,,,,,,,,,,,,,,,,,,,,,,,B
,,,,,,,,,,,,,,,,,,,,,,,,,,,ele-fashion,0.06400286020942776,0.0654059574007988,0.06400286020942776,0.045903995633125305,0.0577660908922553,0.06218516454100609,0.06371350958943367,0.06454812362790108,0.06491930410265923,0.06510977074503899,0.06529292464256287,0.0015486088535965946,0.05446862056851387,,,,,,,,,,,,,,,,,,,,,,,,,0.43113307697747666,0.4397105872631073,0.43113307697747666,0.4123430550098419,0.4213455766439438,0.4258345812559128,0.42901501804590225,0.43117067217826843,0.43401943147182465,0.43606168031692505,0.43803245276212693,0.0038256649407355046,0.1978076845407486,0,,,,,,,,,,,,,,,,,,,,,,,,,,visual,0.0,,,,,,,,0.10392015968978623,0.10912784188985825,0.10392015968978623,0.09571875631809235,0.09717221558094025,0.09893377497792244,0.10214009135961533,0.1048838347196579,0.10606948658823967,0.10694614425301552,0.10793780349195004,0.002924901137414489,0.8235891652879327,0.8235891652879327,0.010933755791067562,0.014968344010412693,0.010933755791067562,0.0,0.0007697357650613412,0.0048955525271594524,0.008190557127818465,0.01205325685441494,0.01460136822424829,0.014921114314347506,0.014966492541134357,0.00395441049861224,,,,,,,,,,,,,1.4635712238772791e-05,0,,,,,,,,,,,,,,,,,,,,,,,,,,,,,,,,,,,,,,,filter,,,,,,,42,,,,,,,,,,,,,,,,,,,,,,,,,B
,,,,,,,,,,,,,,,,,,,,,,,,,,,ele-fashion,0.03998022564189061,0.0816785991191864,-0.028358778901601895,-0.08227819949388504,-0.08059744499623775,-0.07144475355744362,-0.059535104781389236,-0.033880941569805145,-0.0036213098210282624,0.026763642206788063,0.056624092161655426,0.03636926284768248,-0.025039643049240112,,,,,,,,,,,,,,,,,,,,,,,,,0.030921135148672743,0.11599533259868622,0.006340435748139736,-0.05015790835022926,-0.04701565727591515,-0.037983452901244164,-0.025811148807406425,0.000830254633910954,0.03190007247030735,0.06308937817811966,0.09260886684060098,0.03733047902712158,0.09148655086755753,1,,,,,,,,,,,,,,,,,,,,,,,,,,visual,0.4922979474067688,,,,,,,,0.03408692797624474,-0.03106474131345749,-0.03408692797624474,-0.036022886633872986,-0.03556726016104221,-0.035199303179979324,-0.034875545650720596,-0.0344423558562994,-0.03343450836837292,-0.032252613455057144,-0.031599467806518074,0.0010754891844640662,0.008042041985751265,0.008042041985751265,0.002339234815012148,0.003202419262379408,0.002339234815012148,0.0,0.0001646820004680194,0.0010473845177330077,0.0017523381393402815,0.0025787479244172573,0.0031239063246175647,0.0031923146452754736,0.0032020232174545527,0.000846030850673612,,,,,,,,,,,,,0.001393564664394364,0,,,,,,,,,,,,,,,,,,,,,,,,,,,,,,,,,,,,,,,filter,,,,,,,42,,,,,,,,,,,,,,,,,,,,,,,,,B
,,,,,,,,,,,,,,,,,,,,,,,,,,,ele-fashion,0.062440043295172415,-0.049451276659965515,-0.062440043295172415,-0.06425396353006363,-0.06425151228904724,-0.06393370032310486,-0.06351957656443119,-0.06287093088030815,-0.06191285140812397,-0.06040244922041893,-0.05637235976755618,0.0016219391812485131,-0.05372490733861923,,,,,,,,,,,,,,,,,,,,,,,,,0.5200415871097153,0.534415602684021,0.5200415871097153,0.5142027139663696,0.5160817623138427,0.5173225998878479,0.5182748585939407,0.5194274187088013,0.5213950723409653,0.5237456262111664,0.5274272561073303,0.0025344958659017694,0.6767143607139587,2,,,,,,,,,,,,,,,,,,,,,,,,,,visual,0.0,,,,,,,,0.033958405553807615,-0.03088473528623581,-0.033958405553807615,-0.03593903034925461,-0.03548206612467766,-0.03510449640452862,-0.0347707848995924,-0.034319134429097176,-0.03327950835227966,-0.03208152577280998,-0.03142383601516485,0.001103270977818085,0.7272895207816906,0.7272895207816906,0.006549439722793621,-0.0,-0.006549439722793621,-0.008966201916337013,-0.00896509364247322,-0.008937911130487919,-0.008746379986405373,-0.007220033556222916,-0.004906233865767717,-0.002932489733211696,-0.0004610801799572024,0.0023687352890863337,,,,,,,,,,,,,6.42366929427316e-06,0,,,,,,,,,,,,,,,,,,,,,,,,,,,,,,,,,,,,,,,filter,,,,,,,42,,,,,,,,,,,,,,,,,,,,,,,,,B
,,,,,,,,,,,,,,,,,,,,,,,,,,,ele-fashion,0.055045065466705734,-0.037529490888118744,-0.055045065466705734,-0.05695032328367233,-0.0569501644000411,-0.05671962723135948,-0.05631931871175766,-0.055608151480555534,-0.05437164381146431,-0.05276386998593807,-0.04777890015393493,0.0019200534241112543,-0.04962493106722832,,,,,,,,,,,,,,,,,,,,,,,,,0.192282817781202,-0.17412306368350983,-0.192282817781202,-0.1977117508649826,-0.1963018573820591,-0.19509099423885345,-0.1943967416882515,-0.19306550174951553,-0.19065671414136887,-0.18822035193443298,-0.18395521864295006,0.002802559467413064,-0.04501444101333618,3,,,,,,,,,,,,,,,,,,,,,,,,,,visual,1.0,,,,,,,,0.0358748260937756,-0.03375585004687309,-0.0358748260937756,-0.037185147404670715,-0.03689053934067488,-0.036643581464886665,-0.036423846147954464,-0.03612302429974079,-0.03542318008840084,-0.03460291400551796,-0.034140811301767826,0.0007466945138131188,0.6668359035866589,0.6668359035866589,0.006723550446078613,-0.0,-0.006723550446078613,-0.0092045608907938,-0.009203421883285046,-0.00917551713064313,-0.008978893980383873,-0.0074119712226092815,-0.005036661634221673,-0.003010447253473103,-0.0004733375753858077,0.002431705900877789,,,,,,,,,,,,,7.854339568386596e-06,0,,,,,,,,,,,,,,,,,,,,,,,,,,,,,,,,,,,,,,,filter,,,,,,,42,,,,,,,,,,,,,,,,,,,,,,,,,B
,,,,,,,,,,,,nan,nan,nan,nan,nan,nan,nan,nan,nan,nan,nan,nan,0.05346454307436943,1,,ele-fashion,,,,,,,,,,,,,,,,,,,,,,,,,,nan,nan,nan,nan,nan,nan,nan,nan,nan,nan,nan,nan,,,,,,,,,,,,,,,1.0,0.03994498157566969,0.05346454307436943,0.03994498157566969,0.0,0.002946287568192929,0.01791277900338173,0.03162922244518995,0.0447060652077198,0.05174259468913078,0.053365014493465424,0.05346415936946869,0.013803808211024893,0.03975264544765662,0.053464554250240326,0.017799500758209612,-0.05346451699733734,-0.053457602858543396,-0.05012818053364754,-0.015329615212976933,0.03682870417833328,0.050221193581819534,0.053267911076545715,0.053464215248823166,0.038564686275891484,text,,399172,496938.0,0.0,0.0,0.002895048307893096,0.01889430404643407,0.00461543290322978,,,,,,,,,,,,,,,,,,,,,,,,,,,0.7435328090053863,1.0,0.3329215647836062,-0.9999999403953552,-0.9998697638511658,-0.93759685754776,-0.28672510385513306,0.6888425648212433,0.9393371343612671,0.9963225722312927,0.9999942183494568,0.721313234211005,,,1.018708315721869,1,0.03797030279929601,1.0549196004867554,1.018708315721869,0.9479395747184753,0.9479461312294006,0.9511075019836426,0.9847872853279114,1.0375152826309204,1.0515036582946777,1.054712176322937,1.0549192428588867,0.03868066321215818,0.7435328090053863,1.0,0.3329215647836062,-0.9999999403953552,-0.9998697638511658,-0.93759685754776,-0.28672510385513306,0.6888425648212433,0.9393371343612671,0.9963225722312927,0.9999942183494568,0.721313234211005,nan,nan,nan,nan,nan,nan,nan,nan,nan,nan,nan,nan,relation,0.5704458355903625,0.4285871684551239,,,,,43,0.8182610051218099,1.000000238418579,0.7915378421494008,-0.8718138933181763,-0.4096196374297142,0.33636169135570543,0.8018412590026855,0.9219798147678375,0.9635244607925415,0.9811797559261323,0.9965251737833023,0.3168075343616687,nan,nan,nan,nan,nan,nan,nan,nan,nan,nan,nan,nan,B
,,,,,,,,,,,,nan,nan,nan,nan,nan,nan,nan,nan,nan,nan,nan,nan,0.05305486172437668,1,,ele-fashion,,,,,,,,,,,,,,,,,,,,,,,,,,nan,nan,nan,nan,nan,nan,nan,nan,nan,nan,nan,nan,,,,,,,,,,,,,,,1.0,0.04008201153325111,0.05305486544966698,0.04008201153325111,0.0,0.003079682076349854,0.0193280391395092,0.03238360770046711,0.04486827924847603,0.05088736116886139,0.05271555483341217,0.053053134493529795,0.013195337413775541,0.040212134157451146,0.05305325239896774,-0.0015471748055821606,-0.05305488780140877,-0.05305463820695877,-0.052532275393605235,-0.0474284291267395,-0.0047018323093652725,0.04595767334103584,0.052171289920806885,0.05301224701106548,0.042783423166588536,visual,,399172,496938.0,0.0,0.0,0.002968505225281756,0.019373714814009554,0.004645609038208183,,,,,,,,,,,,,,,,,,,,,,,,,,,0.7579348844328693,0.9999704360961914,-0.029161786130539054,-1.0,-0.9999951893091201,-0.9901499629020691,-0.8939511775970459,-0.08862161263823509,0.8662291765213013,0.9833451509475708,0.999196634888649,0.8063995957389508,,,0.9993687694989887,1,0.04281788489834754,1.05448579788208,0.9993687694989887,0.9483279585838318,0.9483281970024109,0.9488236963748932,0.9536787271499634,0.9953092038631439,1.0470300912857056,1.0535561919212342,1.054442559480667,0.04279085694345373,0.7579348844328693,0.9999704360961914,-0.029161786130539054,-1.0,-0.9999951893091201,-0.9901499629020691,-0.8939511775970459,-0.08862161263823509,0.8662291765213013,0.9833451509475708,0.999196634888649,0.8063995957389508,nan,nan,nan,nan,nan,nan,nan,nan,nan,nan,nan,nan,relation,0.6025823354721069,0.4688655436038971,,,,,43,0.784143882321166,1.000000238418579,0.7757817525058897,-0.7219670414924622,-0.17261051312088965,0.40145814418792725,0.7137690782546997,0.8817136883735657,0.9474794864654541,0.9736673831939697,0.9999999403953552,0.26305095446918664,nan,nan,nan,nan,nan,nan,nan,nan,nan,nan,nan,nan,B
,,,,,,,,,,,,,,,,,,,,,,,,,,,ele-fashion,0.05293432763157852,0.05459902063012123,0.05293432763157852,0.03883172944188118,0.04742616806179285,0.05076621100306511,0.052471382543444633,0.05349230580031872,0.053966022096574306,0.054198864847421646,0.05440643839538097,0.0015379917347806914,0.03649074211716652,,,,,,,,,,,,,,,,,,,,,,,,,0.3802596615792818,0.38596561551094055,0.3802596615792818,0.36334043741226196,0.3705498561263084,0.37442992627620697,0.37783050537109375,0.38116537034511566,0.38343940675258636,0.3842838555574417,0.3854057013988495,0.0037991048717608703,0.1875753551721573,0,,,,,,,,,,,,,,,,,,,,,,,,,,text,0.0,,,,,,,,0.09284026801453243,0.09501288086175919,0.09284026801453243,0.09020283818244934,0.09103780575096607,0.09170946478843689,0.09220006875693798,0.092764463275671,0.09362680092453957,0.09398233145475388,0.09435490109026431,0.000857820285581134,0.9038051752946422,0.9038051752946422,0.010418972357862896,0.01394532062113285,0.010418972357862896,0.0,0.0007684892480028793,0.004672245122492313,0.008249947801232338,0.011660819873213768,0.013496180530637503,0.013919360935688019,0.013945220038294792,0.0036004897373456985,,,,,,,,,,,,,1.4433197826637178e-05,0,,,,,,,,,,,,,,,,,,,,,,,,,,,,,,,,,,,,,,,filter,,,,,,,43,,,,,,,,,,,,,,,,,,,,,,,,,B
,,,,,,,,,,,,,,,,,,,,,,,,,,,ele-fashion,0.02459057918492924,0.05770786106586456,-0.00290939273476326,-0.05771489441394806,-0.05287896189838648,-0.040251677855849266,-0.026912836357951164,-0.005179951898753643,0.023945994675159454,0.034533288329839706,0.04678741246461876,0.02804061649821142,-0.03765375167131424,,,,,,,,,,,,,,,,,,,,,,,,,0.026781544608338856,0.07815825939178467,0.016314313416214837,-0.03955787047743797,-0.033838783018291,-0.021405523642897606,-0.007780121290124953,0.01443731039762497,0.04306619241833687,0.053528670221567154,0.06585983820259578,0.028058637763417906,0.08969596773386002,1,,,,,,,,,,,,,,,,,,,,,,,,,,text,0.3320479393005371,,,,,,,,0.03067562638493345,-0.029740644618868828,-0.03067562638493345,-0.03143821656703949,-0.031217728555202485,-0.03107842057943344,-0.030952787026762962,-0.030652286484837532,-0.03044927166774869,-0.03027300350368023,-0.03002865156158805,0.00030485291345102585,0.0075871962763198195,0.0075871962763198195,0.002142883504168367,-0.0,-0.002142883504168367,-0.0028681522235274315,-0.0028681315016001463,-0.002862812951207161,-0.0027757768402807415,-0.0023982960265129805,-0.0016967773553915322,-0.0009609467233531177,-0.00015805617586010982,0.0007405173752631953,,,,,,,,,,,,,0.0007872871531387015,0,,,,,,,,,,,,,,,,,,,,,,,,,,,,,,,,,,,,,,,filter,,,,,,,43,,,,,,,,,,,,,,,,,,,,,,,,,B
,,,,,,,,,,,,,,,,,,,,,,,,,,,ele-fashion,0.050235406390253715,-0.04287753626704216,-0.050235406390253715,-0.051925238221883774,-0.05192090459167957,-0.051614414900541306,-0.051181891933083534,-0.050380073487758636,-0.049523658119142056,-0.048697737976908684,-0.04670665822923183,0.001176217322455146,-0.037210557609796524,,,,,,,,,,,,,,,,,,,,,,,,,0.5595699387104849,0.5701145529747009,0.5595699387104849,0.5559432506561279,0.5565844565629959,0.5572921931743622,0.5580618977546692,0.5592018961906433,0.5607491731643677,0.5624530911445618,0.5649053007364273,0.001973773786424823,0.6819512844085693,2,,,,,,,,,,,,,,,,,,,,,,,,,,text,0.0,,,,,,,,0.030495164719263786,-0.029515549540519714,-0.030495164719263786,-0.03131141513586044,-0.031059759482741357,-0.030921772122383118,-0.030788889154791832,-0.030466251075267792,-0.030255703255534172,-0.03007484506815672,-0.029826091974973677,0.00031930109739204107,0.6276410125501151,0.6276410125501151,0.004440190796728926,-0.0,-0.004440190796728926,-0.005942993797361851,-0.005942950490862131,-0.0059319306164979935,-0.005751585937105119,-0.004969421774148941,-0.00351583055453375,-0.0019911426352337003,-0.00032750244718044824,0.0015343990603121078,,,,,,,,,,,,,3.895782959977783e-06,0,,,,,,,,,,,,,,,,,,,,,,,,,,,,,,,,,,,,,,,filter,,,,,,,43,,,,,,,,,,,,,,,,,,,,,,,,,B
,,,,,,,,,,,,,,,,,,,,,,,,,,,ele-fashion,0.04484067770921469,-0.03151584044098854,-0.04484067770921469,-0.050104811787605286,-0.05008089169859886,-0.048662200570106506,-0.04714543279260397,-0.045407308265566826,-0.04296824708580971,-0.04014471918344498,-0.03626384492963551,0.0032144697300111927,-0.03658302500844002,,,,,,,,,,,,,,,,,,,,,,,,,0.1557595636381264,-0.1398017555475235,-0.1557595636381264,-0.16265347599983215,-0.16168172881007195,-0.15998824685811996,-0.1582413911819458,-0.15616387128829956,-0.15362348780035973,-0.1509544998407364,-0.14697186648845673,0.0034045794926844757,-0.038830485194921494,3,,,,,,,,,,,,,,,,,,,,,,,,,,text,1.0,,,,,,,,0.03166947696779626,-0.03093692660331726,-0.03166947696779626,-0.03226325660943985,-0.03208174202591181,-0.031982894986867905,-0.03188602905720472,-0.03164951130747795,-0.0314945662394166,-0.0313595961779356,-0.031177427060902117,0.00023438113974712257,0.16593931950751165,0.16593931950751165,0.0038358987825956726,-0.0,-0.0038358987825956726,-0.00513417599722743,-0.005134139209985733,-0.005124618764966726,-0.004968818393535912,-0.004293103236705065,-0.0030373401241376996,-0.0017201561713591218,-0.000282930677349212,0.0013255735514343325,,,,,,,,,,,,,1.1591161522007683e-05,0,,,,,,,,,,,,,,,,,,,,,,,,,,,,,,,,,,,,,,,filter,,,,,,,43,,,,,,,,,,,,,,,,,,,,,,,,,B
,,,,,,,,,,,,,,,,,,,,,,,,,,,ele-fashion,0.05234549842024826,0.05438975244760513,0.05234549842024826,0.04073179513216019,0.046570100262761115,0.04973449744284153,0.05169966071844101,0.05295068770647049,0.053597256541252136,0.05387846753001213,0.05412631146609783,0.0017403990647390732,0.03910542652010918,,,,,,,,,,,,,,,,,,,,,,,,,0.38398835426097955,0.39165830612182617,0.38398835426097955,0.36878952383995056,0.37339213490486145,0.3783000409603119,0.3817236125469208,0.3845078945159912,0.38707365840673447,0.38848359882831573,0.39022523164749146,0.003907069704949443,0.1875753551721573,0,,,,,,,,,,,,,,,,,,,,,,,,,,visual,0.0,,,,,,,,0.09400559548876378,0.09924867749214172,0.09400559548876378,0.08745657652616501,0.08864762298762799,0.08997904509305954,0.09214477054774761,0.09427523612976074,0.09599832072854042,0.09749064221978188,0.09844856970012188,0.002626929993487732,0.8243896245747468,0.8243896245747468,0.010956474891446272,0.014502624049782753,0.010956474891446272,0.0,0.0008418355195317417,0.00528334709815681,0.008852105354890227,0.01226480770856142,0.013910133391618729,0.014409871771931648,0.0145021494012326,0.0036069642585424924,,,,,,,,,,,,,1.526519367933373e-05,0,,,,,,,,,,,,,,,,,,,,,,,,,,,,,,,,,,,,,,,filter,,,,,,,43,,,,,,,,,,,,,,,,,,,,,,,,,B
,,,,,,,,,,,,,,,,,,,,,,,,,,,ele-fashion,0.03796300178990309,0.011116579174995422,-0.03792098862253251,-0.07389499992132187,-0.07194049209356308,-0.05994591489434242,-0.05160001013427973,-0.04048449359834194,-0.02514117630198598,-0.010054191574454308,0.00023033004254102707,0.018104835848905397,-0.02847960777580738,,,,,,,,,,,,,,,,,,,,,,,,,0.018026097904157552,0.04082131385803223,-0.009315108940759901,-0.04742779955267906,-0.04377350993454456,-0.03193448483943939,-0.023636240046471357,-0.01220973627641797,0.003994547529146075,0.019740127958357334,0.030094598885625625,0.01874296263997746,0.08969596773386002,1,,,,,,,,,,,,,,,,,,,,,,,,,,visual,0.7023198008537292,,,,,,,,0.030951731171006053,-0.02860192395746708,-0.030951731171006053,-0.032836854457855225,-0.0325467923656106,-0.03219725005328655,-0.031666750088334084,-0.031048404052853584,-0.030287163332104683,-0.029507371596992016,-0.029029296338558195,0.0009421887849549811,-0.0010145997724704105,-0.0010145997724704105,0.0016587509678972613,-0.0,-0.0016587509678972613,-0.0021956185810267925,-0.0021955469506792723,-0.0021815765649080276,-0.00210591871291399,-0.0018568254890851676,-0.0013401607575360686,-0.0007998701184988022,-0.0001274493311939268,0.0005460748563392539,,,,,,,,,,,,,0.00035129864852359073,0,,,,,,,,,,,,,,,,,,,,,,,,,,,,,,,,,,,,,,,filter,,,,,,,43,,,,,,,,,,,,,,,,,,,,,,,,,B
,,,,,,,,,,,,,,,,,,,,,,,,,,,ele-fashion,0.05845777767476257,-0.04503760486841202,-0.05845777767476257,-0.06102657690644264,-0.061019891314208506,-0.06048600934445858,-0.059915438294410706,-0.05907346308231354,-0.05749194510281086,-0.05556303821504116,-0.0515574226155877,0.0020696668902865003,-0.047332700341939926,,,,,,,,,,,,,,,,,,,,,,,,,0.5404549440634177,0.5556108355522156,0.5404549440634177,0.5347282886505127,0.5359345972537994,0.5376167893409729,0.5388468652963638,0.5400789082050323,0.5417968779802322,0.5437890291213989,0.5475052058696747,0.002439744996344435,0.6819512844085693,2,,,,,,,,,,,,,,,,,,,,,,,,,,visual,0.0,,,,,,,,0.030774569894851823,-0.0283601563423872,-0.030774569894851823,-0.03273101523518562,-0.032431088387966156,-0.032072823494672775,-0.03151391260325909,-0.030872110277414322,-0.03008014475926757,-0.029281511902809143,-0.02879460789263248,0.0009757125966260016,0.4039200975749737,0.4039200975749737,0.004931288869882764,-0.0,-0.004931288869882764,-0.006527339108288288,-0.006527125532738864,-0.006485593505203724,-0.006260670721530914,-0.0055201430805027485,-0.003984154434874654,-0.0023779282346367836,-0.0003788932037423283,0.0016234220297312973,,,,,,,,,,,,,5.952355647187708e-06,0,,,,,,,,,,,,,,,,,,,,,,,,,,,,,,,,,,,,,,,filter,,,,,,,43,,,,,,,,,,,,,,,,,,,,,,,,,B
,,,,,,,,,,,,,,,,,,,,,,,,,,,ele-fashion,0.05167692912646054,-0.030818505212664604,-0.05167692912646054,-0.05537055432796478,-0.05536917224526405,-0.05478844419121742,-0.054074822925031185,-0.05278904363512993,-0.05010347347706556,-0.04713839665055275,-0.040229044854640954,0.003345405115205684,-0.04443107917904854,,,,,,,,,,,,,,,,,,,,,,,,,0.17158422228018635,-0.15158210694789886,-0.17158422228018635,-0.1777607947587967,-0.17654779255390168,-0.17490076273679733,-0.17385819926857948,-0.17237962037324905,-0.16998784616589546,-0.16721603274345398,-0.16074146404862402,0.003278806149426238,-0.038830485194921494,3,,,,,,,,,,,,,,,,,,,,,,,,,,visual,1.0,,,,,,,,0.032279294438509555,-0.030494490638375282,-0.032279294438509555,-0.033680789172649384,-0.03346991892904043,-0.033218132331967354,-0.03281718119978905,-0.03235560283064842,-0.03177741076797247,-0.031189417466521263,-0.030824744421988726,0.0007095039252074935,0.14604242930728495,0.14604242930728495,0.0043664342838182725,-0.0,-0.0043664342838182725,-0.00577966496348381,-0.005779475765302777,-0.005742700770497322,-0.005543542094528675,-0.004887838382273912,-0.0035277893184684217,-0.0021055483957752585,-0.00033549288782523223,0.0014374671191159255,,,,,,,,,,,,,1.0750569765515311e-05,0,,,,,,,,,,,,,,,,,,,,,,,,,,,,,,,,,,,,,,,filter,,,,,,,43,,,,,,,,,,,,,,,,,,,,,,,,,B
,,,,,,,,,,,,nan,nan,nan,nan,nan,nan,nan,nan,nan,nan,nan,nan,0.05652045086026192,1,,ele-fashion,,,,,,,,,,,,,,,,,,,,,,,,,,nan,nan,nan,nan,nan,nan,nan,nan,nan,nan,nan,nan,,,,,,,,,,,,,,,1.0,0.048564682451555985,0.056520458310842514,0.048564682451555985,0.0,0.0049414295237511395,0.02852593921124935,0.045496548525989056,0.05550112761557102,0.05650598555803299,0.056520313024520874,0.05652045086026192,0.012691152862525078,0.049244182540540415,0.05652046203613281,0.028540545121149372,-0.05652046948671341,-0.05650816857814789,-0.05366964638233185,0.004417304880917072,0.055943481624126434,0.05651820823550224,0.05652046203613281,0.05652046203613281,0.042381126956886235,text,,399172,496938.0,0.0,0.0,0.0034565649484726607,0.02255899803627761,0.005428926969518154,,,,,,,,,,,,,,,,,,,,,,,,,,,0.8712629795468994,1.0,0.5049595432568922,-1.0,-0.999782258272171,-0.9495618343353271,0.0781538337469101,0.9897922873497009,0.9999603033065796,0.9999996423721313,1.0,0.7498369386092414,,,1.0298610858937043,1,0.04134202822451374,1.0581482648849487,1.0298610858937043,0.94504714012146,0.9450587630271912,0.947745144367218,1.0044270753860474,1.0575379133224487,1.0581458806991577,1.0581482648849487,1.0581482648849487,0.04257654608038723,0.8712629795468994,1.0,0.5049595432568922,-1.0,-0.999782258272171,-0.9495618343353271,0.0781538337469101,0.9897922873497009,0.9999603033065796,0.9999996423721313,1.0,0.7498369386092414,nan,nan,nan,nan,nan,nan,nan,nan,nan,nan,nan,nan,relation,0.7970649003982544,0.7349563837051392,,,,,44,0.7844630594996118,1.000000238418579,0.7674657015077676,-0.820782482624054,-0.3084972831606865,0.3619467794895175,0.7344605326652527,0.8786291778087616,0.9416736960411072,0.9706323087215424,0.994638465642929,0.28699329343239577,nan,nan,nan,nan,nan,nan,nan,nan,nan,nan,nan,nan,B
,,,,,,,,,,,,nan,nan,nan,nan,nan,nan,nan,nan,nan,nan,nan,nan,0.054264385253190994,1,,ele-fashion,,,,,,,,,,,,,,,,,,,,,,,,,,nan,nan,nan,nan,nan,nan,nan,nan,nan,nan,nan,nan,,,,,,,,,,,,,,,1.0,0.04177475716443273,0.054264381527900696,0.04177475716443273,0.0,0.0035321565461345016,0.020513491705060005,0.03343776613473892,0.04689043015241623,0.053573823533952236,0.05423671565949917,0.05426395311951637,0.013692118374952522,0.041636866306729886,0.05426407232880592,-0.0013614107674032253,-0.05426439642906189,-0.054264020174741745,-0.054229149222373964,-0.05190102010965347,0.0006429273926187307,0.04626116156578064,0.05294042080640793,0.054203583672642705,0.04433362310357363,visual,,399172,496938.0,0.0,0.0,0.0029902303990006697,0.019515502443800604,0.00477045804601437,,,,,,,,,,,,,,,,,,,,,,,,,,,0.7672963069550938,0.9999942779541016,-0.02508846849379118,-0.9999999403953552,-0.9999929666519165,-0.999350118637085,-0.9564477205276489,0.011847850400954485,0.8525145649909973,0.9756013751029968,0.9988799899816513,0.8169929240759368,,,0.9996209764186608,1,0.04430180161591304,1.0557633638381958,0.9996209764186608,0.9471816420555115,0.9471819996833801,0.9472150266170501,0.9494228363037109,1.0006431341171265,1.047347903251648,1.0543668270111084,1.0556995022296904,0.044285010188449096,0.7672963069550938,0.9999942779541016,-0.02508846849379118,-0.9999999403953552,-0.9999929666519165,-0.999350118637085,-0.9564477205276489,0.011847850400954485,0.8525145649909973,0.9756013751029968,0.9988799899816513,0.8169929240759368,nan,nan,nan,nan,nan,nan,nan,nan,nan,nan,nan,nan,relation,0.6211056709289551,0.5022596716880798,,,,,44,0.7318629717483376,1.000000238418579,0.7223006893495129,-0.7272450923919678,-0.18906340256333348,0.30305176973342896,0.603257417678833,0.827005535364151,0.926816463470459,0.9672636032104492,0.9999999403953552,0.2789445318764412,nan,nan,nan,nan,nan,nan,nan,nan,nan,nan,nan,nan,B
,,,,,,,,,,,,,,,,,,,,,,,,,,,ele-fashion,0.06169327095809692,0.0621134489774704,0.06169327095809692,0.059480369091033936,0.060859061777591705,0.06139533221721649,0.06158713810145855,0.06174525246024132,0.0618570726364851,0.06192959472537041,0.06201942283660174,0.00023532545836777685,0.04393540695309639,,,,,,,,,,,,,,,,,,,,,,,,,0.4178468506925223,0.42390525341033936,0.4178468506925223,0.40046703815460205,0.4047672912478447,0.411477655172348,0.41611848771572113,0.41847021877765656,0.4215083494782448,0.42260242998600006,0.42320324033498763,0.004350111692803892,0.19913111627101898,0,,,,,,,,,,,,,,,,,,,,,,,,,,text,0.0,,,,,,,,0.09937395350164907,0.10351715236902237,0.09937395350164907,0.0938303992152214,0.0955422893166542,0.09688951075077057,0.09786768443882465,0.09917864203453064,0.10122243873775005,0.10189756751060486,0.1024546556174755,0.0019007617093793924,0.7445858986800273,0.7445858986800273,0.013713106694792553,0.015959562733769417,0.013713106694792553,0.0,0.001395300991134718,0.008054809179157019,0.012846764409914613,0.01567173656076193,0.015955476090312004,0.015959521755576134,0.015959560871124268,0.003583574006140932,,,,,,,,,,,,,1.8923471739869144e-05,0,,,,,,,,,,,,,,,,,,,,,,,,,,,,,,,,,,,,,,,filter,,,,,,,44,,,,,,,,,,,,,,,,,,,,,,,,,B
,,,,,,,,,,,,,,,,,,,,,,,,,,,ele-fashion,0.03419464173142587,0.05893334746360779,-0.01677224984314122,-0.0907624289393425,-0.08768443986773491,-0.07296647876501083,-0.050575438886880875,-0.012539261486381292,0.015153908403590322,0.03341381251811981,0.049617961049079895,0.03857159058729677,-0.04568524286150932,,,,,,,,,,,,,,,,,,,,,,,,,0.03281412001227307,0.06340482085943222,-0.011167886184571327,-0.08577705174684525,-0.08149470277130604,-0.06693609431385994,-0.0448271781206131,-0.006700742058455944,0.02049239305779338,0.03847665339708328,0.05415275432169438,0.038205715750981445,0.08631423115730286,1,,,,,,,,,,,,,,,,,,,,,,,,,,text,0.5636826753616333,,,,,,,,0.0328448337314143,-0.03088914416730404,-0.0328448337314143,-0.03430618718266487,-0.033942896872758865,-0.033740025013685226,-0.033501800149679184,-0.03278042748570442,-0.03231047187000513,-0.03195846453309059,-0.031474721059203147,0.0006762074246675895,0.0008978389680446633,0.0008978389680446633,0.0021797909689158963,-0.0,-0.0021797909689158963,-0.0025368803180754185,-0.002536880085244775,-0.002536873798817396,-0.002536230720579624,-0.0024911282816901803,-0.0020420800428837538,-0.0012803663266822696,-0.0002217925175500556,0.0005696333039573803,,,,,,,,,,,,,0.0014596767160447914,0,,,,,,,,,,,,,,,,,,,,,,,,,,,,,,,,,,,,,,,filter,,,,,,,44,,,,,,,,,,,,,,,,,,,,,,,,,B
,,,,,,,,,,,,,,,,,,,,,,,,,,,ele-fashion,0.040673725926618394,-0.022331271320581436,-0.040673725926618394,-0.04639928787946701,-0.04631313346326351,-0.04456235654652119,-0.04309294745326042,-0.04124702699482441,-0.03874630015343428,-0.03599337860941887,-0.03096694201231002,0.0033791940358751773,-0.044214121997356415,,,,,,,,,,,,,,,,,,,,,,,,,0.5473078043491134,0.5673949122428894,0.5473078043491134,0.5393657684326172,0.5408051133155822,0.5430790185928345,0.5447337329387665,0.5468420386314392,0.5493987798690796,0.552117109298706,0.5577234774827957,0.003609244086595545,0.6703217029571533,2,,,,,,,,,,,,,,,,,,,,,,,,,,text,0.0,,,,,,,,0.03255072148185306,-0.030446603894233704,-0.03255072148185306,-0.03414406254887581,-0.03372552655637264,-0.033512406051158905,-0.033254342153668404,-0.0324726440012455,-0.03197585418820381,-0.031608378514647484,-0.03110253168269992,0.0007225370977732108,0.17085506978467924,0.17085506978467924,0.005575320475283332,-0.0,-0.005575320475283332,-0.006488658953458071,-0.0064886584877967834,-0.006488642189651728,-0.006486997473984957,-0.006371638039126992,-0.005223092739470303,-0.0032748335506767035,-0.0005672857776517018,0.0014569691587967505,,,,,,,,,,,,,1.302664287662491e-05,0,,,,,,,,,,,,,,,,,,,,,,,,,,,,,,,,,,,,,,,filter,,,,,,,44,,,,,,,,,,,,,,,,,,,,,,,,,B
,,,,,,,,,,,,,,,,,,,,,,,,,,,ele-fashion,0.0537396861806343,-0.021731803193688393,-0.0537396861806343,-0.06165727600455284,-0.06165007259696722,-0.060354165732860565,-0.058924552984535694,-0.05634920299053192,-0.05074817407876253,-0.04177508503198624,-0.03297961149364708,0.00718446886730867,-0.04547872021794319,,,,,,,,,,,,,,,,,,,,,,,,,0.18902610710773482,-0.15502658486366272,-0.18902610710773482,-0.19866201281547546,-0.19729454517364503,-0.19558969140052795,-0.19389693811535835,-0.1910826489329338,-0.1860223449766636,-0.17834418267011642,-0.16967672109603882,0.006657397283040466,-0.049871306866407394,3,,,,,,,,,,,,,,,,,,,,,,,,,,text,1.0,,,,,,,,0.03397839836239903,-0.03248349204659462,-0.03397839836239903,-0.035066891461610794,-0.03479012008756399,-0.03464576229453087,-0.03446750529110432,-0.03392752446234226,-0.03358124289661646,-0.03332113102078438,-0.03296289816498756,0.0005024010237717921,-0.005116155445381923,-0.005116155445381923,0.005957995736032983,-0.0,-0.005957995736032983,-0.006934023462235928,-0.00693402299657464,-0.00693400576710701,-0.006932247895747423,-0.006808970356360078,-0.005581591976806521,-0.0034996094182133675,-0.0006062227650545505,0.0015569716731857566,,,,,,,,,,,,,4.4320938584234574e-05,0,,,,,,,,,,,,,,,,,,,,,,,,,,,,,,,,,,,,,,,filter,,,,,,,44,,,,,,,,,,,,,,,,,,,,,,,,,B
,,,,,,,,,,,,,,,,,,,,,,,,,,,ele-fashion,0.07493920524011737,0.07565969228744507,0.07493920524011737,0.06652382761240005,0.07237114757299423,0.07411451265215874,0.07479388453066349,0.07515567168593407,0.07535238564014435,0.0754544734954834,0.07555923946201801,0.0006616655889392898,0.055740486830472946,,,,,,,,,,,,,,,,,,,,,,,,,0.4486914396223825,0.4579479694366455,0.4486914396223825,0.4294854402542114,0.4379723519086838,0.4433872848749161,0.44573068618774414,0.4487522095441818,0.4521009773015976,0.4541666507720947,0.4562681719660759,0.004255026308500564,0.19913111627101898,0,,,,,,,,,,,,,,,,,,,,,,,,,,visual,0.0,,,,,,,,0.10677035011355224,0.11328210681676865,0.10677035011355224,0.09673432260751724,0.09822890236973762,0.10029098764061928,0.10451502539217472,0.10768447443842888,0.10968734882771969,0.11114657297730446,0.11234199553728104,0.003856324654883098,0.5942829435748084,0.5942829435748084,0.012110277438750034,0.015730952844023705,0.012110277438750034,0.0,0.0010239532042760403,0.00594675075262785,0.009693428175523877,0.013593283481895924,0.015530763659626245,0.015722932294011116,0.015730828046798706,0.003969271479962379,,,,,,,,,,,,,1.8105248886031935e-05,0,,,,,,,,,,,,,,,,,,,,,,,,,,,,,,,,,,,,,,,filter,,,,,,,44,,,,,,,,,,,,,,,,,,,,,,,,,B
,,,,,,,,,,,,,,,,,,,,,,,,,,,ele-fashion,0.03485773128628394,0.10331621766090393,-0.018890001828100998,-0.10359258949756622,-0.09001165293157101,-0.06515086442232132,-0.04722786322236061,-0.02172698639333248,0.0061682239174842834,0.0328671894967556,0.07215907424688343,0.03735674684515749,-0.043478380888700485,,,,,,,,,,,,,,,,,,,,,,,,,0.031852703900548694,0.11233847588300705,-0.00909309327548647,-0.0955757424235344,-0.08103077821433544,-0.056190406903624535,-0.0376307126134634,-0.011273188516497612,0.01643315562978387,0.04217208921909332,0.08124903552234174,0.03749512952274125,0.08631423115730286,1,,,,,,,,,,,,,,,,,,,,,,,,,,visual,0.6061923503875732,,,,,,,,0.03514429865722714,-0.03151740878820419,-0.03514429865722714,-0.03751954808831215,-0.03716644402593374,-0.03672685846686363,-0.03619856480509043,-0.03547651879489422,-0.03432958945631981,-0.032800767570734024,-0.0320521155372262,0.0013949875979811265,-0.002203789401310785,-0.002203789401310785,0.0021053569636993483,0.002734806854277849,0.0021053569636993483,0.0,0.00017801301437430083,0.001033835404086858,0.0016851906839292496,0.002363175735808909,0.0027000042609870434,0.002733412547968328,0.002734785433858633,0.0006900530063677398,,,,,,,,,,,,,0.0014058847379271422,0,,,,,,,,,,,,,,,,,,,,,,,,,,,,,,,,,,,,,,,filter,,,,,,,44,,,,,,,,,,,,,,,,,,,,,,,,,B
,,,,,,,,,,,,,,,,,,,,,,,,,,,ele-fashion,0.06940073700939856,-0.051317933946847916,-0.06940073700939856,-0.07221096754074097,-0.07220623418688774,-0.07172015309333801,-0.07118324004113674,-0.07021793723106384,-0.06829746812582016,-0.06604613736271858,-0.06056698933243747,0.002516412605192041,-0.060009606182575226,,,,,,,,,,,,,,,,,,,,,,,,,0.4994246974083551,0.5199573636054993,0.4994246974083551,0.4928005337715149,0.4944020763039589,0.4963230490684509,0.4975161850452423,0.49867817759513855,0.5009258389472961,0.5036298036575317,0.5082941323518753,0.002957226669227647,0.6703217029571533,2,,,,,,,,,,,,,,,,,,,,,,,,,,visual,0.0,,,,,,,,0.03484730815485849,-0.03105476312339306,-0.03484730815485849,-0.03735552355647087,-0.0369880449026823,-0.03652568534016609,-0.0359610952436924,-0.035189688205718994,-0.03397740051150322,-0.032382551580667496,-0.031609667278826234,0.0014709573885286079,0.4871105115797013,0.4871105115797013,0.006639361741397261,-0.0,-0.006639361741397261,-0.008624367415904999,-0.008624299429357052,-0.008619970642030239,-0.008514615707099438,-0.007452407851815224,-0.005314343725331128,-0.0032602580031380057,-0.0005613740679109461,0.002176121012039304,,,,,,,,,,,,,8.745189573191243e-06,0,,,,,,,,,,,,,,,,,,,,,,,,,,,,,,,,,,,,,,,filter,,,,,,,44,,,,,,,,,,,,,,,,,,,,,,,,,B
,,,,,,,,,,,,,,,,,,,,,,,,,,,ele-fashion,0.05793088930376549,-0.03103303164243698,-0.05793088930376549,-0.0626751258969307,-0.06267361342906952,-0.06203874945640564,-0.06126345880329609,-0.05952976271510124,-0.056107956916093826,-0.051354341208934784,-0.04201193284243345,0.004647909946846199,-0.055553022772073746,,,,,,,,,,,,,,,,,,,,,,,,,0.20771023491436558,-0.18090881407260895,-0.20771023491436558,-0.21588028967380524,-0.2140219748020172,-0.21242833882570267,-0.21147803962230682,-0.20903918147087097,-0.20514800399541855,-0.20082412660121918,-0.19248889610171319,0.004871129877324087,-0.049871306866407394,3,,,,,,,,,,,,,,,,,,,,,,,,,,visual,1.0,,,,,,,,0.03677874330079979,-0.03416214883327484,-0.03677874330079979,-0.03841683268547058,-0.03818961009383202,-0.03789389505982399,-0.037526934407651424,-0.03702108934521675,-0.036209095269441605,-0.035109786316752434,-0.03456205539405346,0.0009907541517519647,0.25963384445646176,0.25963384445646176,0.007576272662032175,-0.0,-0.007576272662032175,-0.009841391816735268,-0.009841314516961575,-0.009836374316364527,-0.009716152213513851,-0.008504051249474287,-0.00606427516322583,-0.003720328095369041,-0.0006405921594705423,0.002483203473750434,,,,,,,,,,,,,2.3727906281759374e-05,0,,,,,,,,,,,,,,,,,,,,,,,,,,,,,,,,,,,,,,,filter,,,,,,,44,,,,,,,,,,,,,,,,,,,,,,,,,B
,,,,,,,,,,,,nan,nan,nan,nan,nan,nan,nan,nan,nan,nan,nan,nan,0.05379968136548996,1,,Reddit-S,,,,,,,,,,,,,,,,,,,,,,,,,,nan,nan,nan,nan,nan,nan,nan,nan,nan,nan,nan,nan,,,,,,,,,,,,,,,nan,0.027150385312687104,0.05379752814769745,0.027150385312687104,9.007650987769011e-06,0.0019166837446391582,0.010094201192259789,0.017320655286312103,0.026138451881706715,0.036831457167863846,0.04662261605262757,0.053281631171703335,0.013180315753568213,0.02621076228278349,0.05379887670278549,0.0066083428504701575,-0.05379965156316757,-0.05255219712853432,-0.03832678496837616,-0.016184447798877954,0.009456424973905087,0.03228437155485153,0.04522132873535156,0.05280813202261925,0.02987829477152855,text,,283080,298974.0,0.0,0.0,0.0008210078603554246,0.01544356426558934,0.002058290436572652,,,,,,,,,,,,,,,,,,,,,,,,,,,0.48719174251369185,0.9999842047691345,0.12283237055773068,-0.9999999403953552,-0.9768128395080566,-0.7123983025550842,-0.30082785338163376,0.1757703199982643,0.60008504986763,0.8405499458312988,0.9815695285797119,0.5553618851102815,,,1.0070783148708276,1,0.029747959188809098,1.0552723407745361,1.0070783148708276,0.9476219415664673,0.9488047957420349,0.9623983919620513,0.9839458167552948,1.0095012784004211,1.032811164855957,1.0462594032287598,1.054227352142334,0.029958524610741766,0.48719174251369185,0.9999842047691345,0.12283237055773068,-0.9999999403953552,-0.9768128395080566,-0.7123983025550842,-0.30082785338163376,0.1757703199982643,0.60008504986763,0.8405499458312988,0.9815695285797119,0.5553618851102815,nan,nan,nan,nan,nan,nan,nan,nan,nan,nan,nan,nan,relation,0.1970326453447342,0.09990815073251724,,,,,42,0.7390124803705702,1.000000238418579,0.7370000336761477,-0.6260151863098145,0.03336414322257042,0.44237196147441865,0.6355675011873245,0.795240044593811,0.8965069353580475,0.9483311295509339,0.9844412207603455,0.2127523889713634,nan,nan,nan,nan,nan,nan,nan,nan,nan,nan,nan,nan,B
,,,,,,,,,,,,nan,nan,nan,nan,nan,nan,nan,nan,nan,nan,nan,nan,0.05231497809290886,1,,Reddit-S,,,,,,,,,,,,,,,,,,,,,,,,,,nan,nan,nan,nan,nan,nan,nan,nan,nan,nan,nan,nan,,,,,,,,,,,,,,,nan,0.027988206296924806,0.052301421761512756,0.027988206296924806,1.109227287088288e-05,0.0014395758218597621,0.006989758927375078,0.013664147816598415,0.026311753317713737,0.044661046005785465,0.04971728138625622,0.05211032170802355,0.01608683633154983,0.03308262362872287,0.052313182502985,0.023918156557839913,-0.052314698696136475,-0.05226320028305054,-0.01797544453293085,0.004771602456457913,0.038047898560762405,0.04821763560175896,0.05115993730723858,0.05225706472992897,0.02940529314315436,visual,,283080,298974.0,0.0,0.0,0.0006505642378989856,0.012237435354806044,0.001870390915478962,,,,,,,,,,,,,,,,,,,,,,,,,,,0.6323737844168446,0.9999664425849915,0.45719515225048246,-0.9999940991401672,-0.9990103840827942,-0.3436008960008621,0.09120991453528404,0.7272856831550598,0.9216794520616531,0.9779219090938568,0.9988930225372314,0.5620816723268711,,,1.0246450232079478,1,0.028974407297822316,1.0537056922912598,1.0246450232079478,0.9490301609039307,0.9490790367126465,0.9821851491928101,1.0047830045223236,1.0387809872627258,1.0493990182876587,1.0524912118911742,1.0536465644836426,0.029688482238142657,0.6323737844168446,0.9999664425849915,0.45719515225048246,-0.9999940991401672,-0.9990103840827942,-0.3436008960008621,0.09120991453528404,0.7272856831550598,0.9216794520616531,0.9779219090938568,0.9988930225372314,0.5620816723268711,nan,nan,nan,nan,nan,nan,nan,nan,nan,nan,nan,nan,relation,0.5226154923439026,0.35956621170043945,,,,,42,0.8393877890104118,1.000000238418579,0.8227883814552438,-0.7237967848777771,-0.35023295879364014,0.565681105852127,0.8129902482032776,0.9172137975692749,0.9634591192007065,0.9843239665031434,0.9999999403953552,0.2625570623239142,nan,nan,nan,nan,nan,nan,nan,nan,nan,nan,nan,nan,B
,,,,,,,,,,,,,,,,,,,,,,,,,,,Reddit-S,0.026397978244170863,0.05284757912158966,-0.0038641233769520053,-0.05264163762331009,-0.049315352216362955,-0.04220752455294132,-0.030865132808685303,-0.0067607013043016195,0.023413124959915876,0.038709127157926564,0.04724551521241664,0.029680758700913565,0.01742314174771309,,,,,,,,,,,,,,,,,,,,,,,,,0.269521354815188,0.32910996675491333,0.269521354815188,0.21646928787231445,0.22233813345432282,0.23042578399181365,0.2429504431784153,0.26763518154621124,0.2965848371386528,0.3108358919620514,0.3213289788365364,0.029583622357480386,0.16733093559741974,0,,,,,,,,,,,,,,,,,,,,,,,,,,text,0.0,,,,,,,,0.0808430859638345,0.08308378607034683,0.0808430859638345,0.07797742635011673,0.07860226303339005,0.0793718732893467,0.0800948478281498,0.08093250170350075,0.08166223578155041,0.08216157928109169,0.08261987529695033,0.001022510763788754,0.036527215326605154,0.036527215326605154,0.00778831863887509,0.01543227769434452,0.00778831863887509,2.5839212867140304e-06,0.0005498169921338558,0.002895607380196452,0.004968577064573765,0.0074980370700359344,0.010565416887402534,0.013374093640595676,0.015284288125112653,0.003780885526753294,,,,,,,,,,,,,0.0008751907117900134,0,,,,,,,,,,,,,,,,,,,,,,,,,,,,,,,,,,,,,,,filter,,,,,,,42,,,,,,,,,,,,,,,,,,,,,,,,,B
,,,,,,,,,,,,,,,,,,,,,,,,,,,Reddit-S,0.022818666107578784,0.046724699437618256,-0.005370366946681647,-0.04836316779255867,-0.044974886514246463,-0.03918469846248627,-0.029302703216671944,-0.006750850006937981,0.017691765911877155,0.02965768519788981,0.04019574631005526,0.025509894048295536,-0.014752831310033798,,,,,,,,,,,,,,,,,,,,,,,,,0.05816955014092235,0.11067350208759308,0.05816955014092235,0.01368587277829647,0.019122994486242533,0.02471322063356638,0.03423674125224352,0.056553684175014496,0.08128017000854015,0.09345491454005242,0.10397590771317482,0.025511001189348598,0.1069260910153389,1,,,,,,,,,,,,,,,,,,,,,,,,,,text,0.0,,,,,,,,0.026326888318806304,-0.02520977146923542,-0.026326888318806304,-0.027207553386688232,-0.027024590075016022,-0.02684387695044279,-0.02664730977267027,-0.02636132948100567,-0.02603310067206621,-0.025751358456909658,-0.025451542250812052,0.00040042979595253543,0.013383760165169761,0.013383760165169761,0.002306458048019559,-7.652108706679428e-07,-0.002306458048019559,-0.004570165183395147,-0.004526338935829699,-0.003960647573694587,-0.0031288769096136093,-0.0022204930428415537,-0.0014714106218889356,-0.0008575146202929318,-0.00016282459546346217,0.0011196837534982857,,,,,,,,,,,,,0.0006508111816829457,0,,,,,,,,,,,,,,,,,,,,,,,,,,,,,,,,,,,,,,,filter,,,,,,,42,,,,,,,,,,,,,,,,,,,,,,,,,B
,,,,,,,,,,,,,,,,,,,,,,,,,,,Reddit-S,0.016476779020903713,0.03055800497531891,-0.008691964281003994,-0.03628717362880707,-0.03349513541907072,-0.02983335219323635,-0.024215016048401594,-0.010742145124822855,0.00428618339356035,0.01702618170529604,0.025777737759053707,0.017057634517370385,-0.016385341063141823,,,,,,,,,,,,,,,,,,,,,,,,,0.6470471663911253,0.687294065952301,0.6470471663911253,0.6179937124252319,0.6219697636365891,0.6262088060379029,0.6316796392202377,0.6448380947113037,0.659834697842598,0.6728976488113403,0.6824373662471771,0.017114862498523092,0.7010725140571594,2,,,,,,,,,,,,,,,,,,,,,,,,,,text,0.0,,,,,,,,0.02664669475147724,-0.025612397119402885,-0.02664669475147724,-0.02745921164751053,-0.027290662508457898,-0.027124159410595892,-0.02694309363141656,-0.026678546331822872,-0.026375234592705965,-0.026114806532859802,-0.0258375196903944,0.0003699240433851006,0.021975946026713215,0.021975946026713215,0.0023013716614558315,-7.63523360092222e-07,-0.0023013716614558315,-0.004560086410492659,-0.00451635702047497,-0.003951913304626941,-0.0031219767406582832,-0.002215596381574869,-0.0014681657776236534,-0.0008556235698051751,-0.00016246552695520222,0.0011172145380571302,,,,,,,,,,,,,0.0002929185183433521,0,,,,,,,,,,,,,,,,,,,,,,,,,,,,,,,,,,,,,,,filter,,,,,,,42,,,,,,,,,,,,,,,,,,,,,,,,,B
,,,,,,,,,,,,,,,,,,,,,,,,,,,Reddit-S,0.039703487693228935,0.07007257640361786,-0.012209916367557068,-0.07400594651699066,-0.07171298854053021,-0.06721787303686141,-0.05437565129250288,-0.016433898359537125,0.02708621136844158,0.05120115242898465,0.06423182316124439,0.04342882109206317,-0.01669916696846485,,,,,,,,,,,,,,,,,,,,,,,,,0.08156567456292468,0.0026551440823823214,-0.0815612800645377,-0.14549706876277924,-0.14123790234327316,-0.13611231595277787,-0.1240239143371582,-0.08616375178098679,-0.04213069938123226,-0.017376192286610602,-0.00417858581524343,0.04362798315063053,-0.0216022040694952,3,,,,,,,,,,,,,,,,,,,,,,,,,,text,0.997860848903656,,,,,,,,0.027869502930817917,-0.027155257761478424,-0.027869502930817917,-0.02841702662408352,-0.02830483306199312,-0.028193442896008492,-0.02807159535586834,-0.027892636135220528,-0.027685544919222593,-0.02750594336539507,-0.0273134945333004,0.00025216333046866477,0.009783630876478239,0.009783630876478239,0.003180489734922724,-1.05518734017096e-06,-0.003180489734922724,-0.006302027963101864,-0.006241593966260553,-0.005461534159258008,-0.0043145641684532166,-0.0030619484605267644,-0.002029001247137785,-0.0011824695393443108,-0.00022452694247476757,0.001543987626502298,,,,,,,,,,,,,0.0019034009137917016,0,,,,,,,,,,,,,,,,,,,,,,,,,,,,,,,,,,,,,,,filter,,,,,,,42,,,,,,,,,,,,,,,,,,,,,,,,,B
,,,,,,,,,,,,,,,,,,,,,,,,,,,Reddit-S,0.020332526918399593,0.028037190437316895,0.018893392505848025,-0.01728147640824318,-0.015702027827501297,0.0039392180275172,0.015333715826272964,0.023831193335354328,0.02580245304852724,0.02675061505287886,0.027545083593577147,0.010484533576791528,0.01886027492582798,,,,,,,,,,,,,,,,,,,,,,,,,0.290099280972488,0.30381596088409424,0.290099280972488,0.2535802721977234,0.25461938977241516,0.2748822599649429,0.28728774935007095,0.29266273975372314,0.29721901565790176,0.30095050036907195,0.3025618889927864,0.010803108401493247,0.16733093559741974,0,,,,,,,,,,,,,,,,,,,,,,,,,,visual,0.0,,,,,,,,0.0782554063683968,0.08106499910354614,0.0782554063683968,0.07513486593961716,0.07583383068442345,0.07662737369537354,0.0774015560746193,0.07817600667476654,0.07919535413384438,0.07982395589351654,0.08083023875951767,0.0012116836826875366,0.17813295545737232,0.17813295545737232,0.006759265567885209,0.012631005607545376,0.006759265567885209,2.6788291052071145e-06,0.00034766341617796574,0.0016880552284419537,0.003299947362393141,0.006354395300149918,0.010785824386402965,0.012006925046443939,0.012584854038432241,0.003885036347999394,,,,,,,,,,,,,0.00011670715113441399,0,,,,,,,,,,,,,,,,,,,,,,,,,,,,,,,,,,,,,,,filter,,,,,,,42,,,,,,,,,,,,,,,,,,,,,,,,,B
,,,,,,,,,,,,,,,,,,,,,,,,,,,Reddit-S,0.021826475090049858,0.0010817500296980143,-0.021762634933662425,-0.026025697588920593,-0.025625278353691102,-0.025183086469769477,-0.024600237607955933,-0.02332349307835102,-0.02093788655474782,-0.017584468796849242,0.0010817439761012793,0.00500062163550844,-0.01773497462272644,,,,,,,,,,,,,,,,,,,,,,,,,0.0396322627555721,0.06260396540164948,0.0396322627555721,0.03424317017197609,0.03470923975110054,0.0353561170399189,0.03670805227011442,0.03859984315931797,0.04090763535350561,0.0436257891356945,0.06260395050048828,0.005010561189874581,0.1069260910153389,1,,,,,,,,,,,,,,,,,,,,,,,,,,visual,0.0,,,,,,,,0.02566434715819296,-0.024504369124770164,-0.02566434715819296,-0.026716915890574455,-0.026628103107213974,-0.02625039629638195,-0.026014890521764755,-0.025634118355810642,-0.025345278903841972,-0.02505740486085415,-0.024763092435896396,0.0004523515927835655,0.09297322000417182,0.09297322000417182,0.002131871509378922,-8.44902331209596e-07,-0.002131871509378922,-0.003983817528933287,-0.0039692613389343025,-0.003786982619203627,-0.003401847672648728,-0.0020041754469275475,-0.001040802919305861,-0.0005324124358594418,-0.00010965299989038658,0.0012253399777167888,,,,,,,,,,,,,2.510572343747737e-05,0,,,,,,,,,,,,,,,,,,,,,,,,,,,,,,,,,,,,,,,filter,,,,,,,42,,,,,,,,,,,,,,,,,,,,,,,,,B
,,,,,,,,,,,,,,,,,,,,,,,,,,,Reddit-S,0.015305612719911583,-0.003954642452299595,-0.015305612719911583,-0.019304130226373672,-0.018903464060276747,-0.018267115764319896,-0.017710698302835226,-0.01611241791397333,-0.014503723941743374,-0.009527319483458996,-0.003954644314944744,0.003307275175680007,-0.018445273861289024,,,,,,,,,,,,,,,,,,,,,,,,,0.6391092688238994,0.6507477164268494,0.6391092688238994,0.6335086822509766,0.6346396380662918,0.6357315361499787,0.6368426829576492,0.6385301053524017,0.6404243558645248,0.6431690633296967,0.6507477164268494,0.003217620323239403,0.7010725140571594,2,,,,,,,,,,,,,,,,,,,,,,,,,,visual,0.0,,,,,,,,0.025865111051063327,-0.024761909618973732,-0.025865111051063327,-0.026862334460020065,-0.026778914034366608,-0.02642115280032158,-0.02619803138077259,-0.025836699642241,-0.02556241862475872,-0.025288468413054942,-0.025008272398263216,0.00042936897030391194,0.14455648442702518,0.14455648442702518,0.002347267105473561,-9.302677881350974e-07,-0.002347267105473561,-0.004386326298117638,-0.004370299368165433,-0.004169603856280446,-0.003745556343346834,-0.0022066691890358925,-0.0011459614615887403,-0.0005862051621079445,-0.00012073188889189674,0.0013491433263493374,,,,,,,,,,,,,1.0353080544523243e-05,0,,,,,,,,,,,,,,,,,,,,,,,,,,,,,,,,,,,,,,,filter,,,,,,,42,,,,,,,,,,,,,,,,,,,,,,,,,B
,,,,,,,,,,,,,,,,,,,,,,,,,,,Reddit-S,0.015618336569680513,-0.001134834485128522,-0.015618336569680513,-0.01881176419556141,-0.018501103334128858,-0.018059796094894408,-0.017503795213997364,-0.0162219712510705,-0.014953698497265577,-0.013190901279449463,-0.0011348351836204529,0.003083557322244918,-0.018602482974529266,,,,,,,,,,,,,,,,,,,,,,,,,0.08482910026995974,-0.06987591832876205,-0.08482910026995974,-0.08938387781381607,-0.08899407118558883,-0.0883387267589569,-0.08697617426514626,-0.08541439101099968,-0.08350372314453125,-0.08172674104571342,-0.06987591832876205,0.003480916069864298,-0.0216022040694952,3,,,,,,,,,,,,,,,,,,,,,,,,,,visual,1.0,,,,,,,,0.0267259478297146,-0.02586858905851841,-0.0267259478297146,-0.027485743165016174,-0.027423210442066193,-0.02715241927653551,-0.026982581242918968,-0.026705502532422543,-0.026493762619793415,-0.026281343027949332,-0.02606182811781764,0.0003299681860269131,0.23217117177909258,0.23217117177909258,0.002280126950449659,-9.036588721755834e-07,-0.002280126950449659,-0.0042608617804944515,-0.004245293298736214,-0.0040503384079784155,-0.0036384201957844198,-0.002143550547771156,-0.0011131828650832176,-0.0005694376304745674,-0.00011727852739568383,0.0013105530479485595,,,,,,,,,,,,,1.211677668543951e-05,0,,,,,,,,,,,,,,,,,,,,,,,,,,,,,,,,,,,,,,,filter,,,,,,,42,,,,,,,,,,,,,,,,,,,,,,,,,B
,,,,,,,,,,,,nan,nan,nan,nan,nan,nan,nan,nan,nan,nan,nan,nan,0.05114128068089485,1,,Reddit-S,,,,,,,,,,,,,,,,,,,,,,,,,,nan,nan,nan,nan,nan,nan,nan,nan,nan,nan,nan,nan,,,,,,,,,,,,,,,nan,0.02445055735814433,0.050891947001218796,0.02445055735814433,8.15866224002093e-06,0.0012442648934666068,0.007508778711780907,0.013771579135209322,0.023676611483097076,0.03469659294933081,0.04335397444665432,0.04907289512455463,0.01296830613438454,0.025443767672631738,0.05089189484715462,0.02125188882127322,-0.050547774881124496,-0.03475414589047432,-0.006746216025203463,0.008549398742616177,0.02449886966496706,0.03742367401719093,0.044942278787493704,0.04964068531990051,0.020027241157855213,text,,283080,298974.0,0.0,0.0,0.0005829562008870403,0.01096569471152851,0.0016499125230462694,,,,,,,,,,,,,,,,,,,,,,,,,,,0.497519145187835,0.9951245784759521,0.4155525089589431,-0.9883942604064941,-0.6795708537101746,-0.1319138571619987,0.1671726182103157,0.4790421277284622,0.7317702770233154,0.878785800933838,0.9706586003303528,0.3916061423781743,,,1.0216831822309922,1,0.019880739575121577,1.0522091388702393,1.0216831822309922,0.9507085084915161,0.9658428430557251,0.9932764887809753,1.008586049079895,1.0248014330863953,1.038132756948471,1.0459674835205077,1.0508934259414673,0.02031181727423572,0.497519145187835,0.9951245784759521,0.4155525089589431,-0.9883942604064941,-0.6795708537101746,-0.1319138571619987,0.1671726182103157,0.4790421277284622,0.7317702770233154,0.878785800933838,0.9706586003303528,0.3916061423781743,nan,nan,nan,nan,nan,nan,nan,nan,nan,nan,nan,nan,relation,0.1796453297138214,0.08052847534418106,,,,,43,0.7847088585896246,1.000000238418579,0.7833732054714103,-0.6509666442871094,0.1310415267944336,0.559016090631485,0.717649519443512,0.8326264321804047,0.9048901796340942,0.9462605655193329,0.9837783575057983,0.17710784959131964,nan,nan,nan,nan,nan,nan,nan,nan,nan,nan,nan,nan,B
,,,,,,,,,,,,nan,nan,nan,nan,nan,nan,nan,nan,nan,nan,nan,nan,0.05151929706335068,1,,Reddit-S,,,,,,,,,,,,,,,,,,,,,,,,,,nan,nan,nan,nan,nan,nan,nan,nan,nan,nan,nan,nan,,,,,,,,,,,,,,,nan,0.030444428720249092,0.05151502043008804,0.030444428720249092,6.585883625120914e-07,0.0016711036441847682,0.009206922072917224,0.017988601699471474,0.0314029511064291,0.04346486087888479,0.050615927949547765,0.05147320684045553,0.014867578158696338,0.03528475548524945,0.05151708424091339,0.02314094680785393,-0.05151374265551567,-0.05125986784696579,-0.027573374286293983,0.0006660091021331027,0.03582932986319065,0.05113046616315842,0.05149749666452408,0.05151006579399109,0.031079106285025165,visual,,283080,298974.0,0.0,0.0,0.0006557525456020048,0.012335029990996909,0.001926463332300844,,,,,,,,,,,,,,,,,,,,,,,,,,,0.684884213076469,0.9999569058418274,0.4491704401856611,-0.99989253282547,-0.9949643611907959,-0.5352048337459564,0.012928132433444262,0.6954548954963684,0.9924535006284714,0.9995772302150726,0.9998199939727783,0.6032517028780644,,,1.0239003902636241,1,0.030631999908817212,1.0528671741485596,1.0239003902636241,0.9497905969619751,0.9500317573547363,0.9728033006191253,1.000666230916977,1.0364789366722107,1.0524601936340332,1.0528465509414673,1.0528597831726074,0.03136411666122388,0.684884213076469,0.9999569058418274,0.4491704401856611,-0.99989253282547,-0.9949643611907959,-0.5352048337459564,0.012928132433444262,0.6954548954963684,0.9924535006284714,0.9995772302150726,0.9998199939727783,0.6032517028780644,nan,nan,nan,nan,nan,nan,nan,nan,nan,nan,nan,nan,relation,0.4742334187030792,0.3655998408794403,,,,,43,0.8425921311302988,1.000000238418579,0.8273374306364929,-0.867973804473877,-0.37233585119247437,0.5625661134719849,0.7927625328302383,0.9187801778316498,0.9739381968975067,0.9922240078449249,1.0000001192092896,0.25214252994152875,nan,nan,nan,nan,nan,nan,nan,nan,nan,nan,nan,nan,B
,,,,,,,,,,,,,,,,,,,,,,,,,,,Reddit-S,0.018026949257217765,0.03927094489336014,0.011250209443256394,-0.03152570128440857,-0.025494594983756544,-0.014730956684798001,-0.0032504249829798937,0.012087447103112936,0.028002549428492785,0.03478387929499149,0.03805274084210396,0.018123326173564536,0.013017444871366024,,,,,,,,,,,,,,,,,,,,,,,,,0.264898996688149,0.2920752763748169,0.264898996688149,0.22263550758361816,0.22842621117830275,0.23922256231307984,0.2506762519478798,0.2659618407487869,0.28144365549087524,0.2876739650964737,0.29038302958011625,0.01778468921686976,0.16651533544063568,0,,,,,,,,,,,,,,,,,,,,,,,,,,text,0.0,,,,,,,,0.07551427211739499,0.07734788954257965,0.07551427211739499,0.07320953160524368,0.07372658908367156,0.07428089305758476,0.07490858435630798,0.07564279437065125,0.07611257024109364,0.07652416005730629,0.07707794465124607,0.0008253001403044016,0.023317868170967492,0.023317868170967492,0.0013982660870176698,-4.665734252284892e-07,-0.0013982660870176698,-0.0029103830456733704,-0.0028063557390123604,-0.002479305164888501,-0.001984211034141481,-0.0013540060608647764,-0.000787562079494819,-0.00042940822604577963,-7.115638727555064e-05,0.0007416249214989042,,,,,,,,,,,,,0.0003162951705406436,0,,,,,,,,,,,,,,,,,,,,,,,,,,,,,,,,,,,,,,,filter,,,,,,,43,,,,,,,,,,,,,,,,,,,,,,,,,B
,,,,,,,,,,,,,,,,,,,,,,,,,,,Reddit-S,0.015825881962961214,0.005432090722024441,-0.01581761449657107,-0.025888007134199142,-0.0249333468452096,-0.02370887715369463,-0.020841626916080713,-0.01563962735235691,-0.011601349571719766,-0.0085584900341928,-0.0021799510018900045,0.005735340842021286,-0.011940652504563332,,,,,,,,,,,,,,,,,,,,,,,,,0.055401595664233236,0.07442428171634674,0.055401595664233236,0.045068249106407166,0.046646998301148414,0.04848410300910473,0.0511102844029665,0.055523831397295,0.05881800316274166,0.06206323504447937,0.06834353692829609,0.005144613087815136,0.10982682555913925,1,,,,,,,,,,,,,,,,,,,,,,,,,,text,0.0,,,,,,,,0.024743919931019313,-0.023883156478405,-0.024743919931019313,-0.02543238364160061,-0.025330635793507097,-0.025122249498963356,-0.024967577308416367,-0.02479171846061945,-0.024517071433365345,-0.024282772466540335,-0.024075764585286378,0.00030890216759284,-0.05488328275365453,-0.05488328275365453,0.001923044810804136,-6.416815949705779e-07,-0.001923044810804136,-0.004002669360488653,-0.003859600194264203,-0.003409805125556886,-0.002728898893110454,-0.001862173667177558,-0.0010831394756678492,-0.0005905680125579234,-9.786186237761302e-05,0.0010199617728088404,,,,,,,,,,,,,2.646704382331879e-05,0,,,,,,,,,,,,,,,,,,,,,,,,,,,,,,,,,,,,,,,filter,,,,,,,43,,,,,,,,,,,,,,,,,,,,,,,,,B
,,,,,,,,,,,,,,,,,,,,,,,,,,,Reddit-S,0.015830338863694365,0.0011317208409309387,-0.015829632890127,-0.025549082085490227,-0.024824149664491413,-0.023802973702549933,-0.021561219822615385,-0.0154051105491817,-0.011318907141685486,-0.008230193518102167,-0.0036083140457049013,0.00586632786738964,-0.01266520656645298,,,,,,,,,,,,,,,,,,,,,,,,,0.6506059680012647,0.6671789288520813,0.6506059680012647,0.6413900852203369,0.6420905548334122,0.6431010365486145,0.6451271921396255,0.6509264409542084,0.6548330783843994,0.6579413652420044,0.6625198167562485,0.005593825132119549,0.7044926881790161,2,,,,,,,,,,,,,,,,,,,,,,,,,,text,0.0,,,,,,,,0.025042312172510697,-0.024245625361800194,-0.025042312172510697,-0.0256770309060812,-0.025583535693585874,-0.025391702353954316,-0.025249335449188948,-0.025086740031838417,-0.024832639377564192,-0.02461563069373369,-0.024423927646130324,0.0002855327121558266,-0.009986386817254032,-0.009986386817254032,0.00034956308929492877,-1.1664221233331773e-07,-0.00034956308929492877,-0.0007275886018760502,-0.0007015820662491023,-0.0006198201794177294,-0.0004960479272995144,-0.0003384981828276068,-0.0001968885844689794,-0.00010735100368037814,-1.7788922323234178e-05,0.00018540440989747289,,,,,,,,,,,,,3.129087960873229e-05,0,,,,,,,,,,,,,,,,,,,,,,,,,,,,,,,,,,,,,,,filter,,,,,,,43,,,,,,,,,,,,,,,,,,,,,,,,,B
,,,,,,,,,,,,,,,,,,,,,,,,,,,Reddit-S,0.017352574211082966,0.00015957001596689224,-0.01735255413180576,-0.027426619082689285,-0.026692681685090064,-0.025448567233979702,-0.023155017290264368,-0.017225559800863266,-0.01237534498795867,-0.00925726592540741,-0.004645378370769324,0.006116285732979615,-0.012770673260092735,,,,,,,,,,,,,,,,,,,,,,,,,0.07026020144945055,-0.05119158700108528,-0.07026020144945055,-0.08275146782398224,-0.08149792164564133,-0.07912367433309556,-0.07675750367343426,-0.0703955851495266,-0.06486684828996658,-0.060622286051511765,-0.055178181752562526,0.006973536116614135,-0.018079807981848717,3,,,,,,,,,,,,,,,,,,,,,,,,,,text,1.0,,,,,,,,0.02572803998890314,-0.025080759078264236,-0.02572803998890314,-0.026238467544317245,-0.02616373259574175,-0.02600997406989336,-0.025895516388118267,-0.025764563120901585,-0.02555887959897518,-0.025382565148174763,-0.025226363260298968,0.000230867094892704,0.17724764172069843,0.17724764172069843,0.0036708739213453957,0.0076406411826610565,0.0036708739213453957,1.2248972325323848e-06,0.00018680717184906825,0.001127327245194465,0.00206759013235569,0.0035546778235584497,0.005209157709032297,0.006508930260315538,0.0073675376083701845,0.0019469910692245158,,,,,,,,,,,,,4.863020596972175e-05,0,,,,,,,,,,,,,,,,,,,,,,,,,,,,,,,,,,,,,,,filter,,,,,,,43,,,,,,,,,,,,,,,,,,,,,,,,,B
,,,,,,,,,,,,,,,,,,,,,,,,,,,Reddit-S,0.014528897294224115,0.016892626881599426,0.014498338453042065,-0.0015205052914097905,-0.0003282801480963826,0.01324109649285674,0.014450929593294859,0.015273903962224722,0.015920349396765232,0.01629293691366911,0.01660287855193019,0.003246821411745262,0.016221726313233376,,,,,,,,,,,,,,,,,,,,,,,,,0.28265110700966295,0.28965991735458374,0.28265110700966295,0.2634772062301636,0.26822689175605774,0.27722637057304383,0.2796949967741966,0.28334587812423706,0.2863928824663162,0.28789159655570984,0.2892151576280594,0.004713807211584464,0.16651533544063568,0,,,,,,,,,,,,,,,,,,,,,,,,,,visual,0.0,,,,,,,,0.07869203970290001,0.08031989634037018,0.07869203970290001,0.07660245895385742,0.07712779104709626,0.07772131338715553,0.0780669841915369,0.07877061516046524,0.07921085879206657,0.07966615557670594,0.08007238805294037,0.0007357480858998014,0.5424219288007354,0.5424219288007354,0.006723661597319277,0.011377108283340931,0.006723661597319277,1.4544944804129045e-07,0.00036906375316902995,0.002033351641148329,0.003972788341343403,0.006935351761057973,0.009599228156730533,0.011178543511778116,0.011367873856797814,0.003283509283768486,,,,,,,,,,,,,2.2219978427985698e-05,0,,,,,,,,,,,,,,,,,,,,,,,,,,,,,,,,,,,,,,,filter,,,,,,,43,,,,,,,,,,,,,,,,,,,,,,,,,B
,,,,,,,,,,,,,,,,,,,,,,,,,,,Reddit-S,0.026891686113808377,-0.015866048634052277,-0.026891686113808377,-0.02895466238260269,-0.028631545547395946,-0.028194759041070938,-0.02792513556778431,-0.027432508766651154,-0.026702668983489275,-0.025637587532401085,-0.015866050496697426,0.0021722269618058196,-0.017675047740340233,,,,,,,,,,,,,,,,,,,,,,,,,0.0369061983276144,0.047784119844436646,0.0369061983276144,0.033530473709106445,0.034054998606443405,0.03454158566892147,0.03514953330159187,0.03668292611837387,0.03779495973140001,0.03885551765561104,0.047784119844436646,0.0024760158299460253,0.10982682555913925,1,,,,,,,,,,,,,,,,,,,,,,,,,,visual,0.0,,,,,,,,0.02596864325399986,-0.02522115968167782,-0.02596864325399986,-0.026552371680736542,-0.02646329253911972,-0.026317603699862958,-0.026154241058975458,-0.025996459648013115,-0.025744888000190258,-0.025621507316827774,-0.025409125424921512,0.0002634407596436009,0.2690242028028844,0.2690242028028844,0.0023852483425254134,-5.159882476846178e-08,-0.0023852483425254134,-0.004036078695207834,-0.004032802823930978,-0.003965637180954218,-0.0034053681883960962,-0.002460346440784633,-0.0014093640493229032,-0.0007213403820060192,-0.00013092697190586478,0.0011648392729095276,,,,,,,,,,,,,6.130654390143304e-06,0,,,,,,,,,,,,,,,,,,,,,,,,,,,,,,,,,,,,,,,filter,,,,,,,43,,,,,,,,,,,,,,,,,,,,,,,,,B
,,,,,,,,,,,,,,,,,,,,,,,,,,,Reddit-S,0.015097382772127707,-0.002044632565230131,-0.015097382772127707,-0.01705673709511757,-0.01682071164250374,-0.016452024690806866,-0.016116421669721603,-0.015759481117129326,-0.015079303877428174,-0.013770251534879208,-0.0020446402486413717,0.002495849355330427,-0.017978845164179802,,,,,,,,,,,,,,,,,,,,,,,,,0.6430783184486409,0.6559798121452332,0.6430783184486409,0.6397860050201416,0.6401987046003341,0.6405652284622192,0.641378179192543,0.6425412893295288,0.6439624428749084,0.6454553663730621,0.6559798121452332,0.002805540885703113,0.7044926881790161,2,,,,,,,,,,,,,,,,,,,,,,,,,,visual,0.0,,,,,,,,0.026047603860736547,-0.02531604655086994,-0.026047603860736547,-0.026618916541337967,-0.026532024145126343,-0.026389353349804877,-0.02622952638193965,-0.02607513964176178,-0.0258283750154078,-0.02570747658610344,-0.025499554295092822,0.0002580084895834717,0.21975740884747338,0.21975740884747338,0.0022905368800116067,-4.954998189532489e-08,-0.0022905368800116067,-0.0038758176378905773,-0.0038726716698147356,-0.003808172978460789,-0.0032701505697332323,-0.002362652914598584,-0.0013534021563827991,-0.0006926979520358144,-0.0001257282419828698,0.0011185868005881047,,,,,,,,,,,,,7.871059661351807e-06,0,,,,,,,,,,,,,,,,,,,,,,,,,,,,,,,,,,,,,,,filter,,,,,,,43,,,,,,,,,,,,,,,,,,,,,,,,,B
,,,,,,,,,,,,,,,,,,,,,,,,,,,Reddit-S,0.01874167165146257,-0.010241534560918808,-0.01874167165146257,-0.02067488245666027,-0.02039483342319727,-0.02000524289906025,-0.01975495833903551,-0.019255862571299076,-0.018414140213280916,-0.017161058261990547,-0.010241536423563957,0.0018230618973895856,-0.01805628091096878,,,,,,,,,,,,,,,,,,,,,,,,,0.08360143138602708,-0.07520472258329391,-0.08360143138602708,-0.08647935837507248,-0.086225565969944,-0.08568607419729232,-0.08514157123863697,-0.08401180431246758,-0.08272789791226387,-0.08127103298902512,-0.07520472258329391,0.002154886983610143,-0.018079807981848717,3,,,,,,,,,,,,,,,,,,,,,,,,,,visual,1.0,,,,,,,,0.02667579293294164,-0.02606525830924511,-0.02667579293294164,-0.027148613706231117,-0.0270770825445652,-0.02695933058857918,-0.026827140245586634,-0.026699119247496128,-0.026493860874325037,-0.026392971538007258,-0.02621930405497551,0.0002143006830547747,0.29083380828374134,0.29083380828374134,0.0020478761383323735,-4.4300630719362744e-08,-0.0020478761383323735,-0.003465211484581232,-0.0034623988647945227,-0.003404732956551015,-0.0029237091075628996,-0.002112352172844112,-0.0012100220192223787,-0.0006193131499458102,-0.00011240851745242253,0.0010000830971723888,,,,,,,,,,,,,4.643537912132421e-06,0,,,,,,,,,,,,,,,,,,,,,,,,,,,,,,,,,,,,,,,filter,,,,,,,43,,,,,,,,,,,,,,,,,,,,,,,,,B
,,,,,,,,,,,,nan,nan,nan,nan,nan,nan,nan,nan,nan,nan,nan,nan,0.05019502714276314,1,,Reddit-S,,,,,,,,,,,,,,,,,,,,,,,,,,nan,nan,nan,nan,nan,nan,nan,nan,nan,nan,nan,nan,,,,,,,,,,,,,,,nan,0.020747857824440247,0.049271151423454285,0.020747857824440247,4.297802206565393e-06,0.0012273433385416865,0.005119435675442219,0.010003103641793132,0.01986069045960903,0.030600396916270256,0.038069265708327304,0.04555410880595445,0.012140837248823885,0.021213203000241872,0.021894879639148712,-0.01927241823529515,-0.04962451383471489,-0.04700658097863197,-0.04160756133496761,-0.034372481517493725,-0.020517942495644093,-0.003808454785030335,0.004325486673042181,0.011887660250067711,0.01704498156308142,text,,283080,298974.0,0.0,0.0,0.0004645143236936507,0.008737744370856637,0.0014132466892914411,,,,,,,,,,,,,,,,,,,,,,,,,,,0.42261560509729984,0.43619683384895325,-0.38395072289315996,-0.9886338710784912,-0.9364784955978394,-0.8289179623126983,-0.6847789883613586,-0.40876467525959015,-0.07587343081831932,0.08617460951209074,0.2368302345275879,0.33957508043819745,,,0.9810547024658024,1,0.01706165330907463,1.0221363306045532,0.9810547024658024,0.9515866637229919,0.954081118106842,0.9592461526393891,0.9662115424871445,0.9796911180019379,0.9961987882852554,1.004334855079651,1.0119585990905762,0.016738415210725947,0.42261560509729984,0.43619683384895325,-0.38395072289315996,-0.9886338710784912,-0.9364784955978394,-0.8289179623126983,-0.6847789883613586,-0.40876467525959015,-0.07587343081831932,0.08617460951209074,0.2368302345275879,0.33957508043819745,nan,nan,nan,nan,nan,nan,nan,nan,nan,nan,nan,nan,relation,0.12985022366046906,0.03305072709918022,,,,,44,0.6859272435563708,1.000000238418579,0.6815147177945997,-0.6709992289543152,-0.07074950635433197,0.3770713567733765,0.5815442949533463,0.7389397919178009,0.8417941033840179,0.9035468816757203,0.9642740488052368,0.22305879509337723,nan,nan,nan,nan,nan,nan,nan,nan,nan,nan,nan,nan,B
,,,,,,,,,,,,nan,nan,nan,nan,nan,nan,nan,nan,nan,nan,nan,nan,0.0509890578687191,1,,Reddit-S,,,,,,,,,,,,,,,,,,,,,,,,,,nan,nan,nan,nan,nan,nan,nan,nan,nan,nan,nan,nan,,,,,,,,,,,,,,,nan,0.01872146587454654,0.05098900943994522,0.01872146587454654,2.4123337425407954e-05,0.0006339527812087908,0.0033494672272354363,0.006197210284881294,0.012880533933639526,0.028609038330614567,0.04796652384102345,0.05098790302872658,0.015728217303649435,0.02685487318379895,0.050989098846912384,0.024190592205580917,-0.0506906658411026,-0.025565464049577713,-0.0031988051719963532,0.008202792145311832,0.026686223223805428,0.04215436056256294,0.05096780136227608,0.05098887160420418,0.02055049049282682,visual,,283080,298974.0,0.0,0.0,0.0003730070341823381,0.0070164469575455714,0.0012381489195629244,,,,,,,,,,,,,,,,,,,,,,,,,,,0.526679118104344,0.9999996423721313,0.4744271058047528,-0.9941473007202148,-0.5013908743858337,-0.06273514777421947,0.16087399050593376,0.5233712196350098,0.8267335593700409,0.9995835542678833,0.9999959468841553,0.40303722542289316,,,1.0247012963809332,1,0.020463923981115666,1.0523114204406738,1.0247012963809332,0.950572669506073,0.9747585654258728,0.9968063056468963,1.0082365274429321,1.027045488357544,1.0430554747581482,1.0522890090942383,1.0523111820220947,0.020969409432510557,0.526679118104344,0.9999996423721313,0.4744271058047528,-0.9941473007202148,-0.5013908743858337,-0.06273514777421947,0.16087399050593376,0.5233712196350098,0.8267335593700409,0.9995835542678833,0.9999959468841553,0.40303722542289316,nan,nan,nan,nan,nan,nan,nan,nan,nan,nan,nan,nan,relation,0.26610851287841797,0.22546982765197754,,,,,44,0.8440000301328271,1.000000238418579,0.8395318799365045,-0.7636494636535645,-0.0626918151974678,0.5548838078975677,0.8057561814785004,0.930319219827652,0.9744446128606796,0.9884889841079711,0.9999998807907104,0.2225841775779222,nan,nan,nan,nan,nan,nan,nan,nan,nan,nan,nan,nan,B
,,,,,,,,,,,,,,,,,,,,,,,,,,,Reddit-S,0.011776121601891572,0.028994252905249596,0.006907044905822512,-0.024346651509404182,-0.01831303000450134,-0.010298862121999264,-0.0023555151419714093,0.008561042603105307,0.016959133092314005,0.021355544589459898,0.025320906750857828,0.011803253073604532,0.0043745520524680614,,,,,,,,,,,,,,,,,,,,,,,,,0.246646738423069,0.26889482140541077,0.246646738423069,0.21526789665222168,0.22166565120220183,0.22969817072153093,0.23752819374203682,0.24832449853420258,0.25657398998737335,0.2608955502510071,0.2648208183050156,0.011635367930969807,0.1637115180492401,0,,,,,,,,,,,,,,,,,,,,,,,,,,text,0.0,,,,,,,,0.07081832181898111,0.07086197286844254,0.07081832181898111,0.07074465602636337,0.0707740017771721,0.0707971103489399,0.07080845534801483,0.07081928849220276,0.07082917541265488,0.0708385556936264,0.07085224241018295,1.6344053992572523e-05,-0.01397693300535312,-0.01397693300535312,0.0008353049125412414,0.0019836474675685167,0.0008353049125412414,1.7302872379332257e-07,4.941261431667954e-05,0.00020610752835636958,0.00040272309706779197,0.0007995877240318805,0.001231966307386756,0.0015326615888625389,0.0018340000661555677,0.000488787858842589,,,,,,,,,,,,,0.00013538178688904062,0,,,,,,,,,,,,,,,,,,,,,,,,,,,,,,,,,,,,,,,filter,,,,,,,44,,,,,,,,,,,,,,,,,,,,,,,,,B
,,,,,,,,,,,,,,,,,,,,,,,,,,,Reddit-S,0.012397330602153249,0.006409019697457552,-0.012376131355237045,-0.020520303398370743,-0.019451758190989495,-0.018307266384363176,-0.01671895245090127,-0.013212210033088923,-0.008756001014262438,-0.0049105253070592875,-0.000811267682584006,0.005003021723807011,-0.005504483822733164,,,,,,,,,,,,,,,,,,,,,,,,,0.07554510692412245,0.09330955147743225,0.07554510692412245,0.064516581594944,0.06715509429574013,0.06979188546538354,0.07159704528748989,0.07500959932804108,0.07910695299506187,0.08224136158823966,0.08692243598401546,0.004790722212207719,0.11939984560012817,1,,,,,,,,,,,,,,,,,,,,,,,,,,text,0.0,,,,,,,,0.02334953937199043,-0.02332267165184021,-0.02334953937199043,-0.023365117609500885,-0.02336158720776439,-0.023356748186051844,-0.023353438824415207,-0.02334993239492178,-0.02334604784846306,-0.023341915756464004,-0.023333402909338476,5.858950384190045e-06,0.005867837772984349,0.005867837772984349,0.0026245863998815514,-5.43668363661709e-07,-0.0026245863998815514,-0.006232758518308401,-0.005762556209228933,-0.0048157298937439915,-0.0038709243526682258,-0.002512360457330942,-0.0012653840822167695,-0.0006476042617578058,-0.00015525789058301598,0.0015358056045629378,,,,,,,,,,,,,2.2951019314540423e-05,0,,,,,,,,,,,,,,,,,,,,,,,,,,,,,,,,,,,,,,,filter,,,,,,,44,,,,,,,,,,,,,,,,,,,,,,,,,B
,,,,,,,,,,,,,,,,,,,,,,,,,,,Reddit-S,0.0034678168475054437,0.0012169203255325556,-0.0034664338920381713,-0.006224506534636021,-0.00569290516898036,-0.005037311417981982,-0.004487637779675424,-0.0034458960872143507,-0.002626172616146505,-0.0018922774703241884,-0.0006889007240533834,0.001203228472263792,-0.005715070758014917,,,,,,,,,,,,,,,,,,,,,,,,,0.6806644222279442,0.6857742667198181,0.6806644222279442,0.6773526072502136,0.6781540054082871,0.6791331350803376,0.6797430217266083,0.680649995803833,0.6815437972545624,0.6822165787220001,0.6834497231245041,0.0011998880639028208,0.714264452457428,2,,,,,,,,,,,,,,,,,,,,,,,,,,text,0.0,,,,,,,,0.023569352886150495,-0.023544587194919586,-0.023569352886150495,-0.02358420006930828,-0.023580920081585646,-0.023576272092759608,-0.02357306145131588,-0.023569650948047638,-0.02356600295752287,-0.023562163673341276,-0.023554380983114243,5.5504306478072615e-06,0.08278613855821267,0.08278613855821267,0.0008491709916183153,-1.7590100753750448e-07,-0.0008491709916183153,-0.0020165760070085526,-0.001864444463280961,-0.0015581038314849136,-0.0012524169578682631,-0.0008128609042614698,-0.0004094083051313646,-0.0002095289135468192,-5.02328657603357e-05,0.0004969017471375505,,,,,,,,,,,,,1.43973136589646e-06,0,,,,,,,,,,,,,,,,,,,,,,,,,,,,,,,,,,,,,,,filter,,,,,,,44,,,,,,,,,,,,,,,,,,,,,,,,,B
,,,,,,,,,,,,,,,,,,,,,,,,,,,Reddit-S,0.004967672904328165,0.009076252579689026,-0.004115185012583036,-0.011812496930360794,-0.010819111401215196,-0.009417571127414703,-0.007684638258069754,-0.004522925475612283,-0.0009929622465278953,0.0018288566730916504,0.004975198376923799,0.004179364504835768,-0.005721463821828365,,,,,,,,,,,,,,,,,,,,,,,,,0.039356665997737246,-0.025118058547377586,-0.039356665997737246,-0.049167413264513016,-0.04753335542976856,-0.04563158378005028,-0.04317315202206373,-0.039812639355659485,-0.03583361580967903,-0.032356657460331915,-0.028901804722845554,0.004821677308817096,-0.008259040303528309,3,,,,,,,,,,,,,,,,,,,,,,,,,,text,1.0,,,,,,,,0.02389942956470751,-0.023877399042248726,-0.02389942956470751,-0.02391265705227852,-0.023909734822809697,-0.023905593901872635,-0.023902724497020245,-0.023899690248072147,-0.02389644831418991,-0.023893037624657155,-0.0238861227594316,4.942462449688928e-06,0.1754918546555502,0.1754918546555502,0.002638452711846293,0.006265687756240368,0.002638452711846293,5.465406616167456e-07,0.00015607815294060856,0.0006510257138870657,0.0012720694649033248,0.0025256338994950056,0.003891375265084207,0.004841172276064755,0.005793000971898436,0.0015439196297546286,,,,,,,,,,,,,2.324857207036167e-05,0,,,,,,,,,,,,,,,,,,,,,,,,,,,,,,,,,,,,,,,filter,,,,,,,44,,,,,,,,,,,,,,,,,,,,,,,,,B
,,,,,,,,,,,,,,,,,,,,,,,,,,,Reddit-S,0.02424466761684415,0.029233261942863464,0.02424466761684415,0.002841053530573845,0.006568535226397216,0.019406329467892648,0.02341208467260003,0.025886667892336845,0.0270974594168365,0.027764955535531044,0.0286073537170887,0.004835007665078353,0.010411306284368038,,,,,,,,,,,,,,,,,,,,,,,,,0.27594315380934303,0.28636544942855835,0.27594315380934303,0.2525199055671692,0.2591972351074219,0.26915135979652405,0.2735682502388954,0.276150107383728,0.28024937957525253,0.2829271018505096,0.2851919811964035,0.005869799017330179,0.1637115180492401,0,,,,,,,,,,,,,,,,,,,,,,,,,,visual,0.0,,,,,,,,0.07373654831032551,0.07551473379135132,0.07373654831032551,0.07172106206417084,0.07250375926494598,0.07300053611397743,0.07334710843861103,0.07372143119573593,0.07406877726316452,0.07438296228647232,0.07551473379135132,0.0006031057572746106,0.37304208686811785,0.37304208686811785,0.003839112726931548,0.01045604795217514,0.003839112726931548,4.9468462748336606e-06,0.00013000136896152982,0.0006868576456326991,0.0012708294088952243,0.0026413435116410255,0.005866705323569477,0.00983624365180731,0.010455821640789509,0.0032253029560674142,,,,,,,,,,,,,3.4454540503850335e-05,0,,,,,,,,,,,,,,,,,,,,,,,,,,,,,,,,,,,,,,,filter,,,,,,,44,,,,,,,,,,,,,,,,,,,,,,,,,B
,,,,,,,,,,,,,,,,,,,,,,,,,,,Reddit-S,0.012856230161830323,0.0027536428533494473,-0.012693709082306085,-0.017141643911600113,-0.01675394184887409,-0.015818957053124905,-0.014900365844368935,-0.0135915856808424,-0.011638422030955553,-0.009374986588954925,0.0027536405250430107,0.0036147542278434992,-0.009187704883515835,,,,,,,,,,,,,,,,,,,,,,,,,0.07210080036936847,0.08714884519577026,0.07210080036936847,0.06648606806993484,0.06722324095666408,0.06909268870949745,0.0700132604688406,0.07114487886428833,0.07309387996792793,0.0756296008825302,0.08714883774518967,0.0036158323081995317,0.11939984560012817,1,,,,,,,,,,,,,,,,,,,,,,,,,,visual,0.0,,,,,,,,0.024386305657074902,-0.02367592416703701,-0.024386305657074902,-0.025014208629727364,-0.025014208629727364,-0.02461430858820677,-0.024503374006599188,-0.024380854330956936,-0.02424888964742422,-0.024126766063272954,-0.023951627295464278,0.00021281725621312932,0.05951210781079814,0.05951210781079814,0.0010313245941011165,-1.3289019307194394e-06,-0.0010313245941011165,-0.0028088728431612253,-0.0028088120743632317,-0.0026423709001392125,-0.00157600938109681,-0.0007095604087226093,-0.00034139076160499826,-0.00018451481882948427,-3.4923071398225186e-05,0.0008664330799636375,,,,,,,,,,,,,1.3074243281019552e-05,0,,,,,,,,,,,,,,,,,,,,,,,,,,,,,,,,,,,,,,,filter,,,,,,,44,,,,,,,,,,,,,,,,,,,,,,,,,B
,,,,,,,,,,,,,,,,,,,,,,,,,,,Reddit-S,0.012273496938397074,-0.004885004833340645,-0.012273496938397074,-0.015936007723212242,-0.015444488795474172,-0.014765007793903351,-0.014056115411221981,-0.012415665201842785,-0.011041148332878947,-0.009485557954758405,-0.006860315892845393,0.002133683745179658,-0.009290874004364014,,,,,,,,,,,,,,,,,,,,,,,,,0.6669358622469781,0.6745281219482422,0.6669358622469781,0.6614723801612854,0.6621578252315521,0.6631388008594513,0.6653864830732346,0.6668440997600555,0.6686465591192245,0.6703065514564515,0.6730841678380967,0.0026023762199447313,0.714264452457428,2,,,,,,,,,,,,,,,,,,,,,,,,,,visual,0.0,,,,,,,,0.024479105633009535,-0.02378789149224758,-0.024479105633009535,-0.025090105831623077,-0.025090105831623077,-0.024701076932251452,-0.024593149311840534,-0.024473875761032104,-0.024345311801880598,-0.024226443842053413,-0.02405599843710661,0.00020711361971122267,0.297063489366167,0.297063489366167,0.0012851133434474827,-1.6559185951336985e-06,-0.0012851133434474827,-0.003500081365928054,-0.0035000054631382227,-0.0032926065148785708,-0.001963834394700825,-0.0008841693052090704,-0.0004254003142705187,-0.00022992029844317585,-4.351695715740793e-05,0.0010796452624910774,,,,,,,,,,,,,6.772361990133829e-06,0,,,,,,,,,,,,,,,,,,,,,,,,,,,,,,,,,,,,,,,filter,,,,,,,44,,,,,,,,,,,,,,,,,,,,,,,,,B
,,,,,,,,,,,,,,,,,,,,,,,,,,,Reddit-S,0.00974411952432479,-0.0009203536901623011,-0.00974411952432479,-0.012829669751226902,-0.012265778062865138,-0.011664971616119147,-0.011183319613337517,-0.010274933651089668,-0.009394815191626549,-0.0069020355585962525,-0.0009203548543155193,0.0022958617010324523,-0.009329533204436302,,,,,,,,,,,,,,,,,,,,,,,,,0.05372650557745736,-0.044292062520980835,-0.05372650557745736,-0.05873458459973335,-0.058083350509405135,-0.05701794661581516,-0.05513027589768171,-0.0541162621229887,-0.05286054313182831,-0.04991869144141674,-0.045104511082172394,0.0027605495307268337,-0.008259040303528309,3,,,,,,,,,,,,,,,,,,,,,,,,,,visual,1.0,,,,,,,,0.024871136845625412,-0.024257251992821693,-0.024871136845625412,-0.02541041187942028,-0.02541041187942028,-0.025067590549588202,-0.024972262792289257,-0.02486675512045622,-0.02475283807143569,-0.024647368863224984,-0.02449617611244321,0.0001831748563914909,0.2943813627391806,0.2943813627391806,0.0015226748536924183,-1.9620258626673603e-06,-0.0015226748536924183,-0.0041470942087471485,-0.004147004336118698,-0.003901266283355653,-0.002326861838810146,-0.001047613681294024,-0.000504038340295665,-0.0002724225574638694,-5.156134717253741e-05,0.001279224668448839,,,,,,,,,,,,,7.620633711596143e-06,0,,,,,,,,,,,,,,,,,,,,,,,,,,,,,,,,,,,,,,,filter,,,,,,,44,,,,,,,,,,,,,,,,,,,,,,,,,B
