AB_test_acc,AB_test_macro_f1,AB_val_acc,AB_val_macro_f1,B_test_acc,B_test_macro_f1,B_val_acc,B_val_macro_f1,D_norm_abs_mean,D_norm_max,D_norm_mean,D_norm_min,D_norm_q01,D_norm_q10,D_norm_q25,D_norm_q50,D_norm_q75,D_norm_q90,D_norm_q99,D_norm_std,S_tilde_minus_S_abs_mean,S_tilde_minus_S_max,S_tilde_minus_S_mean,S_tilde_minus_S_min,S_tilde_minus_S_q01,S_tilde_minus_S_q10,S_tilde_minus_S_q25,S_tilde_minus_S_q50,S_tilde_minus_S_q75,S_tilde_minus_S_q90,S_tilde_minus_S_q99,S_tilde_minus_S_std,U_test_acc,U_test_macro_f1,U_val_acc,U_val_macro_f1,abs_relative_term_abs_mean,abs_relative_term_max,abs_relative_term_mean,abs_relative_term_min,abs_relative_term_q01,abs_relative_term_q10,abs_relative_term_q25,abs_relative_term_q50,abs_relative_term_q75,abs_relative_term_q90,abs_relative_term_q99,abs_relative_term_std,alpha_abs_mean,alpha_fraction_gt_0.95,alpha_fraction_lt_0.05,alpha_max,alpha_mean,alpha_min,alpha_q01,alpha_q10,alpha_q25,alpha_q50,alpha_q75,alpha_q90,alpha_q99,alpha_range_ratio,alpha_std,attention_hops,attention_max_row_sum_error,attention_min,attention_nodes,attention_nonuniformity,beta_parameter,beta_parameter_present,comparison,d_abs_mean,d_max,d_mean,d_min,d_q01,d_q10,d_q25,d_q50,d_q75,d_q90,d_q99,d_std,dataset,delta_content_abs_mean,delta_content_max,delta_content_mean,delta_content_min,delta_content_q01,delta_content_q10,delta_content_q25,delta_content_q50,delta_content_q75,delta_content_q90,delta_content_q99,delta_content_std,delta_gamma,delta_gate,delta_test_acc,delta_test_acc_mean,delta_test_acc_population_std,delta_test_macro_f1,delta_test_macro_f1_mean,delta_test_macro_f1_population_std,delta_val_acc,delta_val_acc_mean,delta_val_acc_population_std,delta_val_macro_f1,delta_val_macro_f1_mean,delta_val_macro_f1_population_std,diagonal_excess,diagonal_mass_mean,diagonal_mass_q10,diagonal_mass_q50,diagonal_mass_q90,diagonal_mass_std,dynamic_logit_abs_mean,dynamic_logit_max,dynamic_logit_mean,dynamic_logit_min,dynamic_logit_q01,dynamic_logit_q10,dynamic_logit_q25,dynamic_logit_q50,dynamic_logit_q75,dynamic_logit_q90,dynamic_logit_q99,dynamic_logit_std,effective_order_abs_mean,effective_order_max,effective_order_mean,effective_order_min,effective_order_q01,effective_order_q10,effective_order_q25,effective_order_q50,effective_order_q75,effective_order_q90,effective_order_q99,effective_order_std,effective_radius_abs_mean,effective_radius_max,effective_radius_mean,effective_radius_min,effective_radius_q01,effective_radius_q10,effective_radius_q25,effective_radius_q50,effective_radius_q75,effective_radius_q90,effective_radius_q99,effective_radius_std,eta_abs_mean,eta_max,eta_mean,eta_min,eta_q01,eta_q10,eta_q25,eta_q50,eta_q75,eta_q90,eta_q99,eta_std,exact_within_1e-7,gamma,hop,interaction_gate,interaction_output_norm_mean,isolated_c_zero_fraction,jensen_entropy_gap,local_adaptation_abs_mean,local_adaptation_max,local_adaptation_mean,local_adaptation_min,local_adaptation_q01,local_adaptation_q10,local_adaptation_q25,local_adaptation_q50,local_adaptation_q75,local_adaptation_q90,local_adaptation_q99,local_adaptation_std,log_weight_modulation_abs_mean,log_weight_modulation_max,log_weight_modulation_mean,log_weight_modulation_min,log_weight_modulation_q01,log_weight_modulation_q10,log_weight_modulation_q25,log_weight_modulation_q50,log_weight_modulation_q75,log_weight_modulation_q90,log_weight_modulation_q99,log_weight_modulation_std,max_abs_S_tilde_minus_S,mean_matrix_normalized_entropy,mean_matrix_row_diversity,modality,negative_eta_fraction,node_heterogeneity_mean,node_heterogeneity_q10,node_heterogeneity_q50,node_heterogeneity_q90,node_heterogeneity_std,nodewise_entropy_q10,nodewise_entropy_q50,nodewise_entropy_q90,nodewise_entropy_std,nodewise_normalized_entropy,nonself_edge_count,off_diagonal_mass,old_mean_matrix_normalized_entropy,operator_aligned_edges,operator_missing_learned,operator_missing_raw,operator_weight_mae,operator_weight_relative_l1,operator_weight_rmse,p_abs_mean,p_max,p_mean,p_min,p_q01,p_q10,p_q25,p_q50,p_q75,p_q90,p_q99,p_std,query_diversity_mean,query_diversity_q10,query_diversity_q50,query_diversity_q90,query_diversity_std,reference_residual_abs_mean,reference_residual_max,reference_residual_mean,reference_residual_min,reference_residual_q01,reference_residual_q10,reference_residual_q25,reference_residual_q50,reference_residual_q75,reference_residual_q90,reference_residual_q99,reference_residual_std,relation_covariance_contribution,relation_covariance_over_variance,relation_filter_residual_abs_mean,relation_filter_residual_max,relation_filter_residual_mean,relation_filter_residual_min,relation_filter_residual_q01,relation_filter_residual_q10,relation_filter_residual_q25,relation_filter_residual_q50,relation_filter_residual_q75,relation_filter_residual_q90,relation_filter_residual_q99,relation_filter_residual_std,relation_score_abs_mean,relation_score_max,relation_score_mean,relation_score_min,relation_score_q01,relation_score_q10,relation_score_q25,relation_score_q50,relation_score_q75,relation_score_q90,relation_score_q99,relation_score_std,relation_variance,relation_variance_near_zero,relation_weight_abs_mean,relation_weight_bounds_ok,relation_weight_cv,relation_weight_max,relation_weight_mean,relation_weight_min,relation_weight_q01,relation_weight_q10,relation_weight_q25,relation_weight_q50,relation_weight_q75,relation_weight_q90,relation_weight_q99,relation_weight_std,relative_compatibility_abs_mean,relative_compatibility_max,relative_compatibility_mean,relative_compatibility_min,relative_compatibility_q01,relative_compatibility_q10,relative_compatibility_q25,relative_compatibility_q50,relative_compatibility_q75,relative_compatibility_q90,relative_compatibility_q99,relative_compatibility_std,relative_term_abs_mean,relative_term_max,relative_term_mean,relative_term_min,relative_term_q01,relative_term_q10,relative_term_q25,relative_term_q50,relative_term_q75,relative_term_q90,relative_term_q99,relative_term_std,rho_c,rho_d,rho_p,row_type,score_fraction_abs_gt_0.8,score_fraction_abs_gt_0.9,scorer_bias,scorer_w_abs_r,scorer_w_r,scorer_w_s,seed,semantic_bias,semantic_compatibility_abs_mean,semantic_compatibility_max,semantic_compatibility_mean,semantic_compatibility_min,semantic_compatibility_q01,semantic_compatibility_q10,semantic_compatibility_q25,semantic_compatibility_q50,semantic_compatibility_q75,semantic_compatibility_q90,semantic_compatibility_q99,semantic_compatibility_std,semantic_term_abs_mean,semantic_term_max,semantic_term_mean,semantic_term_min,semantic_term_q01,semantic_term_q10,semantic_term_q25,semantic_term_q50,semantic_term_q75,semantic_term_q90,semantic_term_q99,semantic_term_std,uniform_diagonal_mass,variant
,,,,,,,,,,,,,,,,,,,,,,,,,,,,,,,,,,,,,,,,,,,,,,,,0.15147226506079084,0.0,0.0,0.175335094332695,0.15147226506079084,0.12268759310245514,0.13210609778761864,0.14047102481126786,0.14532650634646416,0.15087074786424637,0.15802376717329025,0.16371831744909288,0.1698658998310566,0.15347557276140047,0.008758821821815747,,,,,,,,,0.07066752627892366,0.46899014711380005,0.07066752627892366,0.0,0.0018655240535736084,0.011522817611694335,0.027177631855010986,0.05443990230560303,0.09551554918289185,0.1495055019855499,0.28592830002307973,0.06105168439718017,Movies,,,,,,,,,,,,,,,,,,,,,,,,,,,,,,,,,,,,,,,,,,,,,,,,,,,,,,,,,,,,,,,,,,,,,,,,,,,,,,,,,,,1,,,,,,,,,,,,,,,,,,,,,,,,,,,,,,,,text,,,,,,,,,,,,,,,,,,,,,9.338356950776133,-4.17953634262085,-9.338356950776133,-13.093449592590332,-12.243613891601562,-11.319769859313965,-10.435225486755371,-9.279932022094727,-8.348756551742554,-7.507472229003906,-5.967003965377805,1.4418721584990555,,,,,,,,,,,,,,,,,,,,,,,,,,,,,,,,,,,,,,,,,,,,,,,,,,,,,,,,,,,,,,,,,,,,,,,,,,,,,,,,,,,,nan,0.044579219073057175,-0.04708249494433403,semantic,,,,,,,42,0.029679272323846817,,,,,,,,,,,,,,,,,,,,,,,,,,U
,,,,,,,,,,,,,,,,,,,,,,,,,,,,,,,,,,,,,,,,,,,,,,,,0.15345131439977325,0.0,0.0,0.1775306761264801,0.15345131439977325,0.12435049563646317,0.1338535302877426,0.1423267126083374,0.14723563194274902,0.15285031497478485,0.1600852571427822,0.16580800563097,0.17201459914445877,0.15302112669628773,0.00885857262452831,,,,,,,,,0.07774336946388123,0.4627336263656616,0.07774336946388123,0.0,0.004830929040908814,0.01914148330688477,0.0359361469745636,0.06276634335517883,0.1020728349685669,0.15475778579711913,0.2881681621074679,0.05933853125540319,Movies,,,,,,,,,,,,,,,,,,,,,,,,,,,,,,,,,,,,,,,,,,,,,,,,,,,,,,,,,,,,,,,,,,,,,,,,,,,,,,,,,,,2,,,,,,,,,,,,,,,,,,,,,,,,,,,,,,,,text,,,,,,,,,,,,,,,,,,,,,9.338356950776133,-4.17953634262085,-9.338356950776133,-13.093449592590332,-12.243613891601562,-11.319769859313965,-10.435225486755371,-9.279932022094727,-8.348756551742554,-7.507472229003906,-5.967003965377805,1.4418721584990555,,,,,,,,,,,,,,,,,,,,,,,,,,,,,,,,,,,,,,,,,,,,,,,,,,,,,,,,,,,,,,,,,,,,,,,,,,,,,,,,,,,,nan,0.044579219073057175,-0.04708249494433403,semantic,,,,,,,42,0.044686682522296906,,,,,,,,,,,,,,,,,,,,,,,,,,U
,,,,,,,,,,,,,,,,,,,,,,,,,,,,,,,,,,,,,,,,,,,,,,,,0.14156008710916693,0.0,0.0,0.16406705975532532,0.14156008710916693,0.11437098681926727,0.12325185060501098,0.1311623454093933,0.1357341967523098,0.14098014682531357,0.14777059108018875,0.1531261146068573,0.15895994037389757,0.15515509806355957,0.008291940987199257,,,,,,,,,0.08660521415453726,0.469115674495697,0.08660521415453726,5.960464477539063e-08,0.006342597603797913,0.024050480127334597,0.04241526126861572,0.07099810242652893,0.1121397614479065,0.16911218166351316,0.31036490797996547,0.06319760891791526,Movies,,,,,,,,,,,,,,,,,,,,,,,,,,,,,,,,,,,,,,,,,,,,,,,,,,,,,,,,,,,,,,,,,,,,,,,,,,,,,,,,,,,3,,,,,,,,,,,,,,,,,,,,,,,,,,,,,,,,text,,,,,,,,,,,,,,,,,,,,,9.338356950776133,-4.17953634262085,-9.338356950776133,-13.093449592590332,-12.243613891601562,-11.319769859313965,-10.435225486755371,-9.279932022094727,-8.348756551742554,-7.507472229003906,-5.967003965377805,1.4418721584990555,,,,,,,,,,,,,,,,,,,,,,,,,,,,,,,,,,,,,,,,,,,,,,,,,,,,,,,,,,,,,,,,,,,,,,,,,,,,,,,,,,,,nan,0.044579219073057175,-0.04708249494433403,semantic,,,,,,,42,-0.050373565405607224,,,,,,,,,,,,,,,,,,,,,,,,,,U
,,,,,,,,,,,,,,,,,,,,,,,,,,,,,,,,,,,,,,,,,,,,,,,,,,,,,,,,,,,,,,,4.0,2.384185791015625e-07,1.4561774357347817e-18,16672.0,0.6204821987267417,,,,,,,,,,,,,,,,Movies,,,,,,,,,,,,,,,,,,,,,,,,,,,-0.004523326035304781,0.24547667396469522,0.23433410731158802,0.24934420102749755,0.25200978387729267,0.01287107004860499,,,,,,,,,,,,,,,,,,,,,,,,,,,,,,,,,,,,,,,,,,,,,,,,,,,,,,,0.4568225435487877,,,,,,,,,,,,,,,,,,,,,,,,,,0.836340344822046,0.004630567414663763,text,,0.4573995357533585,0.25139592790452603,0.45593092655969153,0.655691227198512,0.14946980423532139,0.0002596203025467132,0.37820078663758216,0.8219492393500127,0.3198861301307865,0.3795178012732583,,0.7545233260353048,0.836340344822046,,,,,,,,,,,,,,,,,,,0.021388388443354306,6.648293096371087e-05,0.011356446748929253,0.05403153307270259,0.030581249280293803,,,,,,,,,,,,,,,,,,,,,,,,,,,,,,,,,,,,,,,,,,,,,,,,,,,,,,,,,,,,,,,,,,,,,,,,,,,,,,,,,,attention,,,,,,,42,,,,,,,,,,,,,,,,,,,,,,,,,,0.25,U
,,,,,,,,16.256866099724043,16.395849227905273,16.256866099724043,0.12733733654022217,16.16291736602783,16.205516242980956,16.23044490814209,16.25757598876953,16.287487030029297,16.31713447570801,16.358265266418456,0.18342097220911072,0.059897642489040455,0.3027292490005493,-0.008253263977884135,-0.3108416199684143,-0.16917553037405014,-0.10324732959270477,-0.06004887819290161,-0.009586991276592016,0.04175442177802324,0.08951706290245054,0.16452349945902844,0.07392390455151938,,,,,,,,,,,,,,,,,,,,,,,,,,,,,,,,,,,,,,,,,,,,,,,,,,,,Movies,,,,,,,,,,,,,,0.13191018998622894,,,,,,,,,,,,,,,,,,,,,,,,,,,,,,,,,,,,,,,,,,,,,,,,,,,,,,,,,,,,,,,,,,,,,1,0.09891542047262192,11.987207412719727,,,,,,,,,,,,,,,,,,,,,,,,,,,,,,text,,,,,,,,,,,,,,,,,,,,,,,,,,,,,,,,,,,,,,,,,,,,,,,,,,,,,,,,,,,,,,,,,,,,,,,,,,,,,,,,,,,,,,,,,,,,,,,,,,,,,,,,,,,,,,,,,,,,,,,context,,,,,,,42,,,,,,,,,,,,,,,,,,,,,,,,,,,U
,,,,,,,,15.974397012881663,16.39504051208496,15.974397012881663,0.1273409128189087,10.220851020812988,16.090998077392577,16.175869464874268,16.221071243286133,16.258968353271484,16.293008041381835,16.347323379516602,1.2117433455351532,0.05989872837181368,0.30393028259277344,-0.008252933696213719,-0.310841828584671,-0.16918487697839737,-0.10324741452932358,-0.060053810477256775,-0.009585417807102203,0.041754379868507385,0.0895136572420597,0.1645087808370594,0.07392559619549338,,,,,,,,,,,,,,,,,,,,,,,,,,,,,,,,,,,,,,,,,,,,,,,,,,,,Movies,,,,,,,,,,,,,,0.13191018998622894,,,,,,,,,,,,,,,,,,,,,,,,,,,,,,,,,,,,,,,,,,,,,,,,,,,,,,,,,,,,,,,,,,,,,2,0.09891542047262192,11.98745059967041,,,,,,,,,,,,,,,,,,,,,,,,,,,,,,text,,,,,,,,,,,,,,,,,,,,,,,,,,,,,,,,,,,,,,,,,,,,,,,,,,,,,,,,,,,,,,,,,,,,,,,,,,,,,,,,,,,,,,,,,,,,,,,,,,,,,,,,,,,,,,,,,,,,,,,context,,,,,,,42,,,,,,,,,,,,,,,,,,,,,,,,,,,U
,,,,,,,,15.583393777656278,16.34419822692871,15.583393777656278,0.12737394869327545,6.088255043029785,15.494960403442382,15.96138334274292,16.11491107940674,16.199002265930176,16.246972846984864,16.30037780761719,1.9182131285089994,0.059876392921126634,0.3042014241218567,-0.008245321428958032,-0.3108419179916382,-0.16913621693849565,-0.10321219712495804,-0.060018423944711685,-0.009578746743500233,0.04174333065748215,0.08948453664779663,0.16448853552341464,0.07390181111559102,,,,,,,,,,,,,,,,,,,,,,,,,,,,,,,,,,,,,,,,,,,,,,,,,,,,Movies,,,,,,,,,,,,,,0.13191018998622894,,,,,,,,,,,,,,,,,,,,,,,,,,,,,,,,,,,,,,,,,,,,,,,,,,,,,,,,,,,,,,,,,,,,,3,0.09891542047262192,11.983354568481445,,,,,,,,,,,,,,,,,,,,,,,,,,,,,,text,,,,,,,,,,,,,,,,,,,,,,,,,,,,,,,,,,,,,,,,,,,,,,,,,,,,,,,,,,,,,,,,,,,,,,,,,,,,,,,,,,,,,,,,,,,,,,,,,,,,,,,,,,,,,,,,,,,,,,,context,,,,,,,42,,,,,,,,,,,,,,,,,,,,,,,,,,,U
,,,,,,,,,,,,,,,,,,,,,,,,,,,,,,,,,,,,,,,,,,,,,,,,,,,,,,,,,,,,,,,,,,,,,,,,,,,,,,,,,,,Movies,,,,,,,,,,,,,,,,,,,,,,,,,,,,,,,,,,,,,,,,,,,,,1.462566698960345,1.4694021940231323,1.462566698960345,1.4540797472000122,1.4570011377334595,1.45977942943573,1.4614472687244415,1.462892234325409,1.4639584124088287,1.4647469401359559,1.4663170409202575,0.0019685207282598666,1.462566698960345,1.4694021940231323,1.462566698960345,1.4540797472000122,1.4570011377334595,1.45977942943573,1.4614472687244415,1.462892234325409,1.4639584124088287,1.4647469401359559,1.4663170409202575,0.0019685207282598666,,,,,,,,,,,,,,,,,,,,,,,,,,,,,,,,,,,,,,,,,,,,,,,text,,,,,,,,,,,,,,,,,,,,,,,,,,,,,,,,,,,,,,,,,,,,,,,,,,,,,,,,,,,,,,,,,,,,,,,,,,,,,,,,,,,,,,,,,,,,,,,,,,,,,,,,,,,,,,,,,,,,,,,effective_order,,,,,,,42,,,,,,,,,,,,,,,,,,,,,,,,,,,U
,,,,,,,,,,,,,,,,,,,,,,,,,,,,,,,,,,,,,,,,,,,,,,,,,,,,,,,,,,,,,,,,,,,,,,,,,,,,,,,,,,,Movies,,,,,,,,,,,,,,,,,,,,,,,,,,,,,,,,,,,,,,,,,,,,,,,,,,,,,,,,,,,,,,,,,,,,,,,,,,,,,,,,,1,,,,,,,,,,,,,,,,,,,,,,,,,,,,,,,0.0,,,text,,,,,,,,,,,,,,,,,,,,,,,,,,,,,,,,,,,,,,,,,,,,,,,,,,,,,,,,,,,,,,,,,,,,,,,,,,,,,,,,,,,,,,,,,,,,,,,,,,,,,,,,,,,,,,,,,,,,,,,interaction_off_check,,,,,,,42,,,,,,,,,,,,,,,,,,,,,,,,,,,U
,,,,,,,,,,,,,,,,,,,,,,,,,,,,,,,,,,,,,,,,,,,,,,,,0.10329629636088998,0.0,0.0,0.14209257066249847,0.10329629636088998,0.07256197929382324,0.08210084550082683,0.09125763401389123,0.09710463136434555,0.10291336104273796,0.10925058089196682,0.11566061303019523,0.1275761589407921,0.23624253604224296,0.00951308885194643,,,,,,,,,0.14151289987944482,0.6003658771514893,0.14151289987944482,0.0,0.007522446513175965,0.037327170372009284,0.07451176643371582,0.13384050130844116,0.19719430804252625,0.2558113157749176,0.363534787297249,0.08434574053434703,Movies,,,,,,,,,,,,,,,,,,,,,,,,,,,,,,,,,,,,,,,,,,,,,,,,,,,,,,,,,,,,,,,,,,,,,,,,,,,,,,,,,,,1,,,,,,,,,,,,,,,,,,,,,,,,,,,,,,,,visual,,,,,,,,,,,,,,,,,,,,,1.7258324983386508,7.6257524490356445,-0.4084960081820402,-8.116103172302246,-5.507595777511597,-3.165142869949341,-1.8112617433071136,-0.4089959114789963,0.9454281628131866,2.380980253219604,4.811681818962103,2.158291999284239,,,,,,,,,,,,,,,,,,,,,,,,,,,,,,,,,,,,,,,,,,,,,,,,,,,,,,,,,,,,,,,,,,,,,,,,,,,,,,,,,,,,nan,-0.0037500762846320868,-0.047653988003730774,semantic,,,,,,,42,0.012975648045539856,,,,,,,,,,,,,,,,,,,,,,,,,,U
,,,,,,,,,,,,,,,,,,,,,,,,,,,,,,,,,,,,,,,,,,,,,,,,0.10137677244884954,0.0,0.0,0.1395740807056427,0.10137677244884954,0.07113923132419586,0.08053045243024826,0.08954039812088013,0.0952838584780693,0.10100237280130386,0.10723136737942696,0.11354177743196488,0.12526924282312393,0.23675422615134128,0.009356716029885356,,,,,,,,,0.15058188389221674,0.5838119387626648,0.15058188389221674,0.0,0.02152197539806366,0.053575176000595096,0.08849172294139862,0.14500871300697327,0.20201578736305237,0.25297369360923766,0.3566078048944475,0.07742375816475437,Movies,,,,,,,,,,,,,,,,,,,,,,,,,,,,,,,,,,,,,,,,,,,,,,,,,,,,,,,,,,,,,,,,,,,,,,,,,,,,,,,,,,,2,,,,,,,,,,,,,,,,,,,,,,,,,,,,,,,,visual,,,,,,,,,,,,,,,,,,,,,1.7258324983386508,7.6257524490356445,-0.4084960081820402,-8.116103172302246,-5.507595777511597,-3.165142869949341,-1.8112617433071136,-0.4089959114789963,0.9454281628131866,2.380980253219604,4.811681818962103,2.158291999284239,,,,,,,,,,,,,,,,,,,,,,,,,,,,,,,,,,,,,,,,,,,,,,,,,,,,,,,,,,,,,,,,,,,,,,,,,,,,,,,,,,,,nan,-0.0037500762846320868,-0.047653988003730774,semantic,,,,,,,42,-0.00790672842413187,,,,,,,,,,,,,,,,,,,,,,,,,,U
,,,,,,,,,,,,,,,,,,,,,,,,,,,,,,,,,,,,,,,,,,,,,,,,0.09816871187604978,0.0,0.0,0.1353304088115692,0.09816871187604978,0.0688023492693901,0.07791400223970413,0.08666765093803405,0.09224744699895382,0.09780051559209824,0.10385623015463352,0.10999121665954589,0.12140330500900746,0.23758655151473473,0.009093627540630932,,,,,,,,,0.17298686969846544,0.6074523329734802,0.17298686969846544,0.0,0.02910170078277588,0.0698590636253357,0.10722765326499939,0.16676345467567444,0.2288248986005783,0.28392415046691893,0.3886296498775484,0.08297534780857999,Movies,,,,,,,,,,,,,,,,,,,,,,,,,,,,,,,,,,,,,,,,,,,,,,,,,,,,,,,,,,,,,,,,,,,,,,,,,,,,,,,,,,,3,,,,,,,,,,,,,,,,,,,,,,,,,,,,,,,,visual,,,,,,,,,,,,,,,,,,,,,1.7258324983386508,7.6257524490356445,-0.4084960081820402,-8.116103172302246,-5.507595777511597,-3.165142869949341,-1.8112617433071136,-0.4089959114789963,0.9454281628131866,2.380980253219604,4.811681818962103,2.158291999284239,,,,,,,,,,,,,,,,,,,,,,,,,,,,,,,,,,,,,,,,,,,,,,,,,,,,,,,,,,,,,,,,,,,,,,,,,,,,,,,,,,,,nan,-0.0037500762846320868,-0.047653988003730774,semantic,,,,,,,42,-0.04357684403657913,,,,,,,,,,,,,,,,,,,,,,,,,,U
,,,,,,,,,,,,,,,,,,,,,,,,,,,,,,,,,,,,,,,,,,,,,,,,,,,,,,,,,,,,,,,4.0,2.384185791015625e-07,5.328377751129016e-16,16672.0,0.36419127981620814,,,,,,,,,,,,,,,,Movies,,,,,,,,,,,,,,,,,,,,,,,,,,,-0.006617643805554407,0.2433823561944456,0.2031664657522924,0.24903104742952564,0.2764589403290302,0.04099432471017243,,,,,,,,,,,,,,,,,,,,,,,,,,,,,,,,,,,,,,,,,,,,,,,,,,,,,,,0.35415415632022285,,,,,,,,,,,,,,,,,,,,,,,,,,0.9899628765040147,0.008454504729561682,visual,,0.399426177513034,0.16131167912433875,0.39300383548688256,0.661728484439457,0.17862205662502603,0.1749499713121492,0.7051793928533852,0.9503018689457242,0.27981176715000616,0.6358087201837919,,0.7566176438055544,0.9899628765040147,,,,,,,,,,,,,,,,,,,0.08932500745088094,0.017040947886804738,0.06388855039646539,0.19636951849485432,0.08279005601611175,,,,,,,,,,,,,,,,,,,,,,,,,,,,,,,,,,,,,,,,,,,,,,,,,,,,,,,,,,,,,,,,,,,,,,,,,,,,,,,,,,attention,,,,,,,42,,,,,,,,,,,,,,,,,,,,,,,,,,0.25,U
,,,,,,,,16.550569623425396,16.677743911743164,16.550569623425396,0.10091013461351395,16.48493844985962,16.517824363708495,16.53614902496338,16.556718826293945,16.57692527770996,16.594588851928712,16.623427047729493,0.3135470252568717,0.05690858454911169,0.3632661700248718,-0.0019295483889439783,-0.3623781204223633,-0.16922806099057197,-0.09348639845848082,-0.04976644366979599,-0.0018074922263622284,0.045959713868796825,0.08923642635345458,0.16582719862461132,0.07152085829097225,,,,,,,,,,,,,,,,,,,,,,,,,,,,,,,,,,,,,,,,,,,,,,,,,,,,Movies,,,,,,,,,,,,,,0.16088275611400604,,,,,,,,,,,,,,,,,,,,,,,,,,,,,,,,,,,,,,,,,,,,,,,,,,,,,,,,,,,,,,,,,,,,,1,0.10880053043365479,10.486106872558594,,,,,,,,,,,,,,,,,,,,,,,,,,,,,,visual,,,,,,,,,,,,,,,,,,,,,,,,,,,,,,,,,,,,,,,,,,,,,,,,,,,,,,,,,,,,,,,,,,,,,,,,,,,,,,,,,,,,,,,,,,,,,,,,,,,,,,,,,,,,,,,,,,,,,,,context,,,,,,,42,,,,,,,,,,,,,,,,,,,,,,,,,,,U
,,,,,,,,16.255970300757102,16.647850036621094,16.255970300757102,0.100912906229496,10.369678316116334,16.477766227722167,16.513061046600342,16.536388397216797,16.556918144226074,16.575293159484865,16.60520872116089,1.2768978187814073,0.0569765763002141,0.36282166838645935,-0.0019309005259374088,-0.366021990776062,-0.16942860946059227,-0.09359596967697142,-0.049832532182335854,-0.0018025338649749756,0.04601246304810047,0.08933427929878232,0.16598260641098062,0.07160073122473445,,,,,,,,,,,,,,,,,,,,,,,,,,,,,,,,,,,,,,,,,,,,,,,,,,,,Movies,,,,,,,,,,,,,,0.16088275611400604,,,,,,,,,,,,,,,,,,,,,,,,,,,,,,,,,,,,,,,,,,,,,,,,,,,,,,,,,,,,,,,,,,,,,2,0.10880053043365479,10.497913360595703,,,,,,,,,,,,,,,,,,,,,,,,,,,,,,visual,,,,,,,,,,,,,,,,,,,,,,,,,,,,,,,,,,,,,,,,,,,,,,,,,,,,,,,,,,,,,,,,,,,,,,,,,,,,,,,,,,,,,,,,,,,,,,,,,,,,,,,,,,,,,,,,,,,,,,,context,,,,,,,42,,,,,,,,,,,,,,,,,,,,,,,,,,,U
,,,,,,,,15.6428438694808,16.62607765197754,15.6428438694808,0.10053060203790665,2.0005119943618777,16.14884853363037,16.40057611465454,16.465051651000977,16.50313377380371,16.529031562805176,16.570800094604493,2.988044252095992,0.056998148020194726,0.3629855513572693,-0.001930219212056262,-0.36532357335090637,-0.16946217224001883,-0.09361259341239929,-0.049843382090330124,-0.0017916150391101837,0.04603935591876507,0.08936475813388824,0.16602383986115482,0.07162620608666051,,,,,,,,,,,,,,,,,,,,,,,,,,,,,,,,,,,,,,,,,,,,,,,,,,,,Movies,,,,,,,,,,,,,,0.16088275611400604,,,,,,,,,,,,,,,,,,,,,,,,,,,,,,,,,,,,,,,,,,,,,,,,,,,,,,,,,,,,,,,,,,,,,3,0.10880053043365479,10.501705169677734,,,,,,,,,,,,,,,,,,,,,,,,,,,,,,visual,,,,,,,,,,,,,,,,,,,,,,,,,,,,,,,,,,,,,,,,,,,,,,,,,,,,,,,,,,,,,,,,,,,,,,,,,,,,,,,,,,,,,,,,,,,,,,,,,,,,,,,,,,,,,,,,,,,,,,,context,,,,,,,42,,,,,,,,,,,,,,,,,,,,,,,,,,,U
,,,,,,,,,,,,,,,,,,,,,,,,,,,,,,,,,,,,,,,,,,,,,,,,,,,,,,,,,,,,,,,,,,,,,,,,,,,,,,,,,,,Movies,,,,,,,,,,,,,,,,,,,,,,,,,,,,,,,,,,,,,,,,,,,,,1.5002539629999712,1.524545669555664,1.5002539629999712,1.4857861995697021,1.4899045050144195,1.4935394406318665,1.4960664212703705,1.4995763897895813,1.5038633346557617,1.5080549001693726,1.5154617393016816,0.0056490623078602805,1.5002539629999712,1.524545669555664,1.5002539629999712,1.4857861995697021,1.4899045050144195,1.4935394406318665,1.4960664212703705,1.4995763897895813,1.5038633346557617,1.5080549001693726,1.5154617393016816,0.0056490623078602805,,,,,,,,,,,,,,,,,,,,,,,,,,,,,,,,,,,,,,,,,,,,,,,visual,,,,,,,,,,,,,,,,,,,,,,,,,,,,,,,,,,,,,,,,,,,,,,,,,,,,,,,,,,,,,,,,,,,,,,,,,,,,,,,,,,,,,,,,,,,,,,,,,,,,,,,,,,,,,,,,,,,,,,,effective_order,,,,,,,42,,,,,,,,,,,,,,,,,,,,,,,,,,,U
,,,,,,,,,,,,,,,,,,,,,,,,,,,,,,,,,,,,,,,,,,,,,,,,,,,,,,,,,,,,,,,,,,,,,,,,,,,,,,,,,,,Movies,,,,,,,,,,,,,,,,,,,,,,,,,,,,,,,,,,,,,,,,,,,,,,,,,,,,,,,,,,,,,,,,,,,,,,,,,,,,,,,,,1,,,,,,,,,,,,,,,,,,,,,,,,,,,,,,,0.0,,,visual,,,,,,,,,,,,,,,,,,,,,,,,,,,,,,,,,,,,,,,,,,,,,,,,,,,,,,,,,,,,,,,,,,,,,,,,,,,,,,,,,,,,,,,,,,,,,,,,,,,,,,,,,,,,,,,,,,,,,,,interaction_off_check,,,,,,,42,,,,,,,,,,,,,,,,,,,,,,,,,,,U
,,,,,,,,,,,,,,,,,,,,,,,,,,,,,,,,,,,,,,,,,,,,,,,,0.12924158617929196,0.0,0.0,0.15734899044036865,0.12924158617929196,0.10600724816322327,0.11542311683297157,0.1204198181629181,0.12378485687077045,0.12857302278280258,0.13392911106348038,0.13941869437694548,0.14768420770764354,0.14700280904571975,0.007316596534929527,,,,,,,,,0.09894009876545812,0.6150621771812439,0.09894009875115758,-1.1920928955078125e-07,0.0025392836332321167,0.01616879105567932,0.03738239407539368,0.07543826103210449,0.1338067203760147,0.213787305355072,0.4020682376623155,0.08592215284233547,Movies,,,,,,,,,,,,,,,,,,,,,,,,,,,,,,,,,,,,,,,,,,,,,,,,,,,,,,,,,,,,,,,,,,,,,,,,,,,,,,,,,,,1,,,,,,,,,,,,,,,,,,,,,,,,,,,,,,,,text,,,,,,,,,,,,,,,,,,,,,5.924268580368951,11.073872566223145,5.924268580368951,0.7602871060371399,3.0912861728668215,4.175910139083863,4.878009796142578,5.833759069442749,6.857318043708801,7.886027574539185,9.370167922973634,1.4222145786049238,,,,,,,,,,,,,,,,,,,,,,,,,,,,,,,,,,,,,,,,,,,,,,,,,,,,,,,,,,,,,,,,,,,,,,,,,,,,,,,,,,,,nan,0.043740008026361465,0.0449729822576046,semantic,,,,,,,43,0.017234718427062035,,,,,,,,,,,,,,,,,,,,,,,,,,U
,,,,,,,,,,,,,,,,,,,,,,,,,,,,,,,,,,,,,,,,,,,,,,,,0.13204741907161222,0.0,0.0,0.16061879694461823,0.13204741907161222,0.10833055526018143,0.11794803977012634,0.12303554490208626,0.126477912068367,0.1313587874174118,0.13684072718024254,0.14244542717933656,0.15078230425715447,0.14699175806364603,0.007464170805927713,,,,,,,,,0.10814039693741331,0.6147600412368774,0.10814039693741331,0.0,0.0069921565055847176,0.026556903123855592,0.04897938668727875,0.08644169569015503,0.142922505736351,0.22390931248664855,0.386822258830071,0.08277521631185618,Movies,,,,,,,,,,,,,,,,,,,,,,,,,,,,,,,,,,,,,,,,,,,,,,,,,,,,,,,,,,,,,,,,,,,,,,,,,,,,,,,,,,,2,,,,,,,,,,,,,,,,,,,,,,,,,,,,,,,,text,,,,,,,,,,,,,,,,,,,,,5.924268580368951,11.073872566223145,5.924268580368951,0.7602871060371399,3.0912861728668215,4.175910139083863,4.878009796142578,5.833759069442749,6.857318043708801,7.886027574539185,9.370167922973634,1.4222145786049238,,,,,,,,,,,,,,,,,,,,,,,,,,,,,,,,,,,,,,,,,,,,,,,,,,,,,,,,,,,,,,,,,,,,,,,,,,,,,,,,,,,,nan,0.043740008026361465,0.0449729822576046,semantic,,,,,,,43,0.04154391959309578,,,,,,,,,,,,,,,,,,,,,,,,,,U
,,,,,,,,,,,,,,,,,,,,,,,,,,,,,,,,,,,,,,,,,,,,,,,,0.12267892446678182,0.0,0.0,0.14948610961437225,0.12267892446678182,0.10053177177906036,0.10944517284631729,0.11419225707650185,0.1174325942993164,0.12201225385069847,0.1271921880543232,0.1324668601155281,0.1403261971473694,0.14896285664637993,0.007021841634730771,,,,,,,,,0.12139157581209221,0.6168733835220337,0.12139157581209221,0.0,0.009134417772293091,0.03359829187393189,0.05851435661315918,0.09809553623199463,0.15831023454666138,0.24842206239700318,0.41104023635387427,0.08834420992903448,Movies,,,,,,,,,,,,,,,,,,,,,,,,,,,,,,,,,,,,,,,,,,,,,,,,,,,,,,,,,,,,,,,,,,,,,,,,,,,,,,,,,,,3,,,,,,,,,,,,,,,,,,,,,,,,,,,,,,,,text,,,,,,,,,,,,,,,,,,,,,5.924268580368951,11.073872566223145,5.924268580368951,0.7602871060371399,3.0912861728668215,4.175910139083863,4.878009796142578,5.833759069442749,6.857318043708801,7.886027574539185,9.370167922973634,1.4222145786049238,,,,,,,,,,,,,,,,,,,,,,,,,,,,,,,,,,,,,,,,,,,,,,,,,,,,,,,,,,,,,,,,,,,,,,,,,,,,,,,,,,,,nan,0.043740008026361465,0.0449729822576046,semantic,,,,,,,43,-0.04340680316090584,,,,,,,,,,,,,,,,,,,,,,,,,,U
,,,,,,,,,,,,,,,,,,,,,,,,,,,,,,,,,,,,,,,,,,,,,,,,,,,,,,,,,,,,,,,4.0,2.384185791015625e-07,4.5929936837104355e-23,16672.0,0.6767266570115271,,,,,,,,,,,,,,,,Movies,,,,,,,,,,,,,,,,,,,,,,,,,,,-0.01226534862000625,0.23773465137999375,0.21579531066781785,0.24909021673026643,0.2528788244875614,0.037680788776728834,,,,,,,,,,,,,,,,,,,,,,,,,,,,,,,,,,,,,,,,,,,,,,,,,,,,,,,0.47190174878311325,,,,,,,,,,,,,,,,,,,,,,,,,,0.7951750917715861,0.01239258403007029,text,,0.4540143102671274,0.25000093195611195,0.40284434427798443,0.711477000347232,0.1646300450126479,1.0673311947336842e-05,0.23482923743573636,0.7958441853628233,0.3184997653584041,0.3232733429884728,,0.7622653486200063,0.7951750917715861,,,,,,,,,,,,,,,,,,,0.04127520926571131,4.600438794470919e-05,0.01378225616645068,0.10164303372924524,0.08013989155157619,,,,,,,,,,,,,,,,,,,,,,,,,,,,,,,,,,,,,,,,,,,,,,,,,,,,,,,,,,,,,,,,,,,,,,,,,,,,,,,,,,attention,,,,,,,43,,,,,,,,,,,,,,,,,,,,,,,,,,0.25,U
,,,,,,,,16.26717344989675,16.427284240722656,16.26717344989675,0.2763938307762146,16.138136405944824,16.19464530944824,16.23259973526001,16.27260971069336,16.308334350585938,16.33838233947754,16.38321123123169,0.1841728218101827,0.057963271502077446,0.35693836212158203,-0.0013967132604378433,-0.3592929244041443,-0.16538384929299355,-0.09385741204023361,-0.05066670663654804,-0.0027043569134548306,0.04717732220888138,0.09191822409629821,0.17514726728200916,0.0726906851893507,,,,,,,,,,,,,,,,,,,,,,,,,,,,,,,,,,,,,,,,,,,,,,,,,,,,Movies,,,,,,,,,,,,,,0.1373191922903061,,,,,,,,,,,,,,,,,,,,,,,,,,,,,,,,,,,,,,,,,,,,,,,,,,,,,,,,,,,,,,,,,,,,,1,0.09869292378425598,11.741724014282227,,,,,,,,,,,,,,,,,,,,,,,,,,,,,,text,,,,,,,,,,,,,,,,,,,,,,,,,,,,,,,,,,,,,,,,,,,,,,,,,,,,,,,,,,,,,,,,,,,,,,,,,,,,,,,,,,,,,,,,,,,,,,,,,,,,,,,,,,,,,,,,,,,,,,,context,,,,,,,43,,,,,,,,,,,,,,,,,,,,,,,,,,,U
,,,,,,,,15.961660109142167,16.432186126708984,15.961660109142167,0.2763795554637909,9.530363454818726,16.10286064147949,16.171602249145508,16.22149085998535,16.276376724243164,16.317409133911134,16.37654098510742,1.2836495441927416,0.057988493780070566,0.35697007179260254,-0.0013980675028271827,-0.35996055603027344,-0.16546832919120788,-0.0939051128923893,-0.05068996921181679,-0.002707652747631073,0.04718746989965439,0.09196095019578931,0.1752250444889073,0.0727231011526365,,,,,,,,,,,,,,,,,,,,,,,,,,,,,,,,,,,,,,,,,,,,,,,,,,,,Movies,,,,,,,,,,,,,,0.1373191922903061,,,,,,,,,,,,,,,,,,,,,,,,,,,,,,,,,,,,,,,,,,,,,,,,,,,,,,,,,,,,,,,,,,,,,2,0.09869292378425598,11.747004508972168,,,,,,,,,,,,,,,,,,,,,,,,,,,,,,text,,,,,,,,,,,,,,,,,,,,,,,,,,,,,,,,,,,,,,,,,,,,,,,,,,,,,,,,,,,,,,,,,,,,,,,,,,,,,,,,,,,,,,,,,,,,,,,,,,,,,,,,,,,,,,,,,,,,,,,context,,,,,,,43,,,,,,,,,,,,,,,,,,,,,,,,,,,U
,,,,,,,,15.572942873684694,16.386632919311523,15.572942873684694,0.2763831615447998,5.290481934547424,15.592989921569824,16.00818634033203,16.143640518188477,16.22113561630249,16.27071590423584,16.329607315063477,2.0758188130537563,0.05798312192302502,0.3569600582122803,-0.001396471358142187,-0.360265851020813,-0.16544221103191376,-0.09389195516705512,-0.05068034026771784,-0.0027119480073451996,0.047186972573399544,0.09195636510848998,0.17519025146961215,0.07271637210736531,,,,,,,,,,,,,,,,,,,,,,,,,,,,,,,,,,,,,,,,,,,,,,,,,,,,Movies,,,,,,,,,,,,,,0.1373191922903061,,,,,,,,,,,,,,,,,,,,,,,,,,,,,,,,,,,,,,,,,,,,,,,,,,,,,,,,,,,,,,,,,,,,,3,0.09869292378425598,11.745948791503906,,,,,,,,,,,,,,,,,,,,,,,,,,,,,,text,,,,,,,,,,,,,,,,,,,,,,,,,,,,,,,,,,,,,,,,,,,,,,,,,,,,,,,,,,,,,,,,,,,,,,,,,,,,,,,,,,,,,,,,,,,,,,,,,,,,,,,,,,,,,,,,,,,,,,,context,,,,,,,43,,,,,,,,,,,,,,,,,,,,,,,,,,,U
,,,,,,,,,,,,,,,,,,,,,,,,,,,,,,,,,,,,,,,,,,,,,,,,,,,,,,,,,,,,,,,,,,,,,,,,,,,,,,,,,,,Movies,,,,,,,,,,,,,,,,,,,,,,,,,,,,,,,,,,,,,,,,,,,,,1.4800262189829532,1.4962846040725708,1.4800262189829532,1.468831181526184,1.4731421124935151,1.4764775395393372,1.4783208072185516,1.4798126220703125,1.4812978506088257,1.4836342334747314,1.4906302678585053,0.0031695152808708894,1.4800262189829532,1.4962846040725708,1.4800262189829532,1.468831181526184,1.4731421124935151,1.4764775395393372,1.4783208072185516,1.4798126220703125,1.4812978506088257,1.4836342334747314,1.4906302678585053,0.0031695152808708894,,,,,,,,,,,,,,,,,,,,,,,,,,,,,,,,,,,,,,,,,,,,,,,text,,,,,,,,,,,,,,,,,,,,,,,,,,,,,,,,,,,,,,,,,,,,,,,,,,,,,,,,,,,,,,,,,,,,,,,,,,,,,,,,,,,,,,,,,,,,,,,,,,,,,,,,,,,,,,,,,,,,,,,effective_order,,,,,,,43,,,,,,,,,,,,,,,,,,,,,,,,,,,U
,,,,,,,,,,,,,,,,,,,,,,,,,,,,,,,,,,,,,,,,,,,,,,,,,,,,,,,,,,,,,,,,,,,,,,,,,,,,,,,,,,,Movies,,,,,,,,,,,,,,,,,,,,,,,,,,,,,,,,,,,,,,,,,,,,,,,,,,,,,,,,,,,,,,,,,,,,,,,,,,,,,,,,,1,,,,,,,,,,,,,,,,,,,,,,,,,,,,,,,0.0,,,text,,,,,,,,,,,,,,,,,,,,,,,,,,,,,,,,,,,,,,,,,,,,,,,,,,,,,,,,,,,,,,,,,,,,,,,,,,,,,,,,,,,,,,,,,,,,,,,,,,,,,,,,,,,,,,,,,,,,,,,interaction_off_check,,,,,,,43,,,,,,,,,,,,,,,,,,,,,,,,,,,U
,,,,,,,,,,,,,,,,,,,,,,,,,,,,,,,,,,,,,,,,,,,,,,,,0.10456053538725224,0.0,0.0,0.14497795701026917,0.10456053538725224,0.0679493099451065,0.076600831001997,0.0887038990855217,0.09661504626274109,0.10450110584497452,0.11299407668411732,0.12047710865736007,0.13121837034821512,0.30387382250730327,0.012110967285447343,,,,,,,,,0.14466561162897928,0.56123948097229,0.1446656116003782,-1.1920928955078125e-07,0.007476053237915039,0.037088590860366824,0.07554028928279877,0.13643193244934082,0.20260776579380035,0.2620895802974701,0.370490925312043,0.08641311422915517,Movies,,,,,,,,,,,,,,,,,,,,,,,,,,,,,,,,,,,,,,,,,,,,,,,,,,,,,,,,,,,,,,,,,,,,,,,,,,,,,,,,,,,1,,,,,,,,,,,,,,,,,,,,,,,,,,,,,,,,visual,,,,,,,,,,,,,,,,,,,,,1.9481453320664432,7.915238857269287,-0.47097448267230413,-7.325528621673584,-5.237408399581909,-3.47805700302124,-2.164657950401306,-0.5819739699363708,0.9937968850135803,2.6951522827148433,5.582035307884222,2.376196884147521,,,,,,,,,,,,,,,,,,,,,,,,,,,,,,,,,,,,,,,,,,,,,,,,,,,,,,,,,,,,,,,,,,,,,,,,,,,,,,,,,,,,nan,0.0012480970472097397,-0.05536839738488197,semantic,,,,,,,43,0.01664120890200138,,,,,,,,,,,,,,,,,,,,,,,,,,U
,,,,,,,,,,,,,,,,,,,,,,,,,,,,,,,,,,,,,,,,,,,,,,,,0.10270524536162944,0.0,0.0,0.14251476526260376,0.10270524536162944,0.06669165939092636,0.07520087748765945,0.08709952160716057,0.09488673135638237,0.1026415079832077,0.1110025979578495,0.1183738425374031,0.12894802808761602,0.3045055860566794,0.011920025429712898,,,,,,,,,0.1555217693590214,0.5404605865478516,0.1555217693590214,0.0,0.022354241013526916,0.05488244295120239,0.09099166095256805,0.15058690309524536,0.20922142267227173,0.26174344420433043,0.36203709185123445,0.07977736278069059,Movies,,,,,,,,,,,,,,,,,,,,,,,,,,,,,,,,,,,,,,,,,,,,,,,,,,,,,,,,,,,,,,,,,,,,,,,,,,,,,,,,,,,2,,,,,,,,,,,,,,,,,,,,,,,,,,,,,,,,visual,,,,,,,,,,,,,,,,,,,,,1.9481453320664432,7.915238857269287,-0.47097448267230413,-7.325528621673584,-5.237408399581909,-3.47805700302124,-2.164657950401306,-0.5819739699363708,0.9937968850135803,2.6951522827148433,5.582035307884222,2.376196884147521,,,,,,,,,,,,,,,,,,,,,,,,,,,,,,,,,,,,,,,,,,,,,,,,,,,,,,,,,,,,,,,,,,,,,,,,,,,,,,,,,,,,nan,0.0012480970472097397,-0.05536839738488197,semantic,,,,,,,43,-0.0033760075457394123,,,,,,,,,,,,,,,,,,,,,,,,,,U
,,,,,,,,,,,,,,,,,,,,,,,,,,,,,,,,,,,,,,,,,,,,,,,,0.09944766375858287,0.0,0.0,0.13818171620368958,0.09944766375858287,0.06449168175458908,0.0727418103069067,0.08428605794906616,0.09184619411826134,0.09938035160303116,0.10750653594732285,0.11467687934637069,0.12496970430016521,0.3055961321602796,0.011582901904795093,,,,,,,,,0.17825999394445297,0.5847631096839905,0.17825999391585187,-1.1920928955078125e-07,0.029736929535865785,0.07175827622413636,0.10912759602069855,0.17263567447662354,0.23626123368740082,0.2914713382720947,0.39588997960090644,0.085093164372637,Movies,,,,,,,,,,,,,,,,,,,,,,,,,,,,,,,,,,,,,,,,,,,,,,,,,,,,,,,,,,,,,,,,,,,,,,,,,,,,,,,,,,,3,,,,,,,,,,,,,,,,,,,,,,,,,,,,,,,,visual,,,,,,,,,,,,,,,,,,,,,1.9481453320664432,7.915238857269287,-0.47097448267230413,-7.325528621673584,-5.237408399581909,-3.47805700302124,-2.164657950401306,-0.5819739699363708,0.9937968850135803,2.6951522827148433,5.582035307884222,2.376196884147521,,,,,,,,,,,,,,,,,,,,,,,,,,,,,,,,,,,,,,,,,,,,,,,,,,,,,,,,,,,,,,,,,,,,,,,,,,,,,,,,,,,,nan,0.0012480970472097397,-0.05536839738488197,semantic,,,,,,,43,-0.039314154535532,,,,,,,,,,,,,,,,,,,,,,,,,,U
,,,,,,,,,,,,,,,,,,,,,,,,,,,,,,,,,,,,,,,,,,,,,,,,,,,,,,,,,,,,,,,4.0,2.384185791015625e-07,2.094493947781806e-19,16672.0,0.37832501707547384,,,,,,,,,,,,,,,,Movies,,,,,,,,,,,,,,,,,,,,,,,,,,,-0.014264883137251078,0.23573511686274892,0.18511438824934884,0.24470768882997618,0.2715942041715607,0.04629067501892985,,,,,,,,,,,,,,,,,,,,,,,,,,,,,,,,,,,,,,,,,,,,,,,,,,,,,,,0.3454413095123482,,,,,,,,,,,,,,,,,,,,,,,,,,0.9671162924368744,0.016069010625555286,visual,,0.3936201917350522,0.15219790012374745,0.38471112999269885,0.6118213373070069,0.17998518401966382,0.12242286910443476,0.7001363239156824,0.9574631471134416,0.29980395926807063,0.6216749829245262,,0.764264883137251,0.9671162924368744,,,,,,,,,,,,,,,,,,,0.10163397659915636,0.01906671039760113,0.07371425226544184,0.224427849954615,0.09238106049722723,,,,,,,,,,,,,,,,,,,,,,,,,,,,,,,,,,,,,,,,,,,,,,,,,,,,,,,,,,,,,,,,,,,,,,,,,,,,,,,,,,attention,,,,,,,43,,,,,,,,,,,,,,,,,,,,,,,,,,0.25,U
,,,,,,,,16.559230358609767,16.675859451293945,16.559230358609767,0.09290508180856705,16.483404407501222,16.521290588378907,16.54301404953003,16.566078186035156,16.588274478912354,16.607610130310057,16.638606986999513,0.31422027651375967,0.05844374321536837,0.3547164797782898,-0.003953244812743889,-0.35814642906188965,-0.17258822411298752,-0.09739297032356262,-0.053499914705753326,-0.00438019260764122,0.04521489143371582,0.09005889073014257,0.16736290067434315,0.07310553459918535,,,,,,,,,,,,,,,,,,,,,,,,,,,,,,,,,,,,,,,,,,,,,,,,,,,,Movies,,,,,,,,,,,,,,0.16543817520141602,,,,,,,,,,,,,,,,,,,,,,,,,,,,,,,,,,,,,,,,,,,,,,,,,,,,,,,,,,,,,,,,,,,,,1,0.11206549406051636,10.434429168701172,,,,,,,,,,,,,,,,,,,,,,,,,,,,,,visual,,,,,,,,,,,,,,,,,,,,,,,,,,,,,,,,,,,,,,,,,,,,,,,,,,,,,,,,,,,,,,,,,,,,,,,,,,,,,,,,,,,,,,,,,,,,,,,,,,,,,,,,,,,,,,,,,,,,,,,context,,,,,,,43,,,,,,,,,,,,,,,,,,,,,,,,,,,U
,,,,,,,,16.02939104062555,16.671070098876953,16.02939104062555,0.09292465448379517,4.864984250068664,16.474484062194826,16.51727819442749,16.544893264770508,16.568086624145508,16.5875602722168,16.619325199127196,2.115206204843138,0.05849734310769948,0.3548811078071594,-0.003925561666870148,-0.35573968291282654,-0.17269464686512948,-0.09744491949677467,-0.053509391844272614,-0.004359569400548935,0.04529417306184769,0.09019280225038526,0.16755784302949936,0.07317187336713384,,,,,,,,,,,,,,,,,,,,,,,,,,,,,,,,,,,,,,,,,,,,,,,,,,,,Movies,,,,,,,,,,,,,,0.16543817520141602,,,,,,,,,,,,,,,,,,,,,,,,,,,,,,,,,,,,,,,,,,,,,,,,,,,,,,,,,,,,,,,,,,,,,2,0.11206549406051636,10.443690299987793,,,,,,,,,,,,,,,,,,,,,,,,,,,,,,visual,,,,,,,,,,,,,,,,,,,,,,,,,,,,,,,,,,,,,,,,,,,,,,,,,,,,,,,,,,,,,,,,,,,,,,,,,,,,,,,,,,,,,,,,,,,,,,,,,,,,,,,,,,,,,,,,,,,,,,,context,,,,,,,43,,,,,,,,,,,,,,,,,,,,,,,,,,,U
,,,,,,,,15.67915998300003,16.63901138305664,15.67915998300003,0.09225944429636002,1.7664191293716431,16.17075538635254,16.402350425720215,16.46904468536377,16.51076364517212,16.540458488464356,16.582638339996336,2.9201369654171074,0.05850191157604095,0.3549107313156128,-0.003904429105565673,-0.3550272583961487,-0.17270785674452782,-0.09743521511554717,-0.053488828241825104,-0.0043299198150634766,0.04532296769320965,0.09020127207040787,0.16758842945098906,0.07317760810799752,,,,,,,,,,,,,,,,,,,,,,,,,,,,,,,,,,,,,,,,,,,,,,,,,,,,Movies,,,,,,,,,,,,,,0.16543817520141602,,,,,,,,,,,,,,,,,,,,,,,,,,,,,,,,,,,,,,,,,,,,,,,,,,,,,,,,,,,,,,,,,,,,,3,0.11206549406051636,10.444365501403809,,,,,,,,,,,,,,,,,,,,,,,,,,,,,,visual,,,,,,,,,,,,,,,,,,,,,,,,,,,,,,,,,,,,,,,,,,,,,,,,,,,,,,,,,,,,,,,,,,,,,,,,,,,,,,,,,,,,,,,,,,,,,,,,,,,,,,,,,,,,,,,,,,,,,,,context,,,,,,,43,,,,,,,,,,,,,,,,,,,,,,,,,,,U
,,,,,,,,,,,,,,,,,,,,,,,,,,,,,,,,,,,,,,,,,,,,,,,,,,,,,,,,,,,,,,,,,,,,,,,,,,,,,,,,,,,Movies,,,,,,,,,,,,,,,,,,,,,,,,,,,,,,,,,,,,,,,,,,,,,1.553353203721559,1.5824793577194214,1.553353203721559,1.5274850130081177,1.5382936775684357,1.544984257221222,1.5486970841884613,1.5530364513397217,1.5576222836971283,1.5622825980186463,1.571089836359024,0.006864430397850981,1.553353203721559,1.5824793577194214,1.553353203721559,1.5274850130081177,1.5382936775684357,1.544984257221222,1.5486970841884613,1.5530364513397217,1.5576222836971283,1.5622825980186463,1.571089836359024,0.006864430397850981,,,,,,,,,,,,,,,,,,,,,,,,,,,,,,,,,,,,,,,,,,,,,,,visual,,,,,,,,,,,,,,,,,,,,,,,,,,,,,,,,,,,,,,,,,,,,,,,,,,,,,,,,,,,,,,,,,,,,,,,,,,,,,,,,,,,,,,,,,,,,,,,,,,,,,,,,,,,,,,,,,,,,,,,effective_order,,,,,,,43,,,,,,,,,,,,,,,,,,,,,,,,,,,U
,,,,,,,,,,,,,,,,,,,,,,,,,,,,,,,,,,,,,,,,,,,,,,,,,,,,,,,,,,,,,,,,,,,,,,,,,,,,,,,,,,,Movies,,,,,,,,,,,,,,,,,,,,,,,,,,,,,,,,,,,,,,,,,,,,,,,,,,,,,,,,,,,,,,,,,,,,,,,,,,,,,,,,,1,,,,,,,,,,,,,,,,,,,,,,,,,,,,,,,0.0,,,visual,,,,,,,,,,,,,,,,,,,,,,,,,,,,,,,,,,,,,,,,,,,,,,,,,,,,,,,,,,,,,,,,,,,,,,,,,,,,,,,,,,,,,,,,,,,,,,,,,,,,,,,,,,,,,,,,,,,,,,,interaction_off_check,,,,,,,43,,,,,,,,,,,,,,,,,,,,,,,,,,,U
,,,,,,,,,,,,,,,,,,,,,,,,,,,,,,,,,,,,,,,,,,,,,,,,0.14059558594483174,0.0,0.0,0.16592808067798615,0.14059558594483174,0.12162011116743088,0.1271159741282463,0.13148403763771058,0.1348518244922161,0.1397528126835823,0.14573965594172478,0.15109578967094422,0.1584154956042767,0.13949052455167124,0.0074074674871731265,,,,,,,,,0.06659209646727897,0.5030099153518677,0.06659209643867789,-1.1920928955078125e-07,0.0014615052938461305,0.009752517938613892,0.02318522334098816,0.04758089780807495,0.08867239952087402,0.14641199707984923,0.3080254203081133,0.0637489727207634,Movies,,,,,,,,,,,,,,,,,,,,,,,,,,,,,,,,,,,,,,,,,,,,,,,,,,,,,,,,,,,,,,,,,,,,,,,,,,,,,,,,,,,1,,,,,,,,,,,,,,,,,,,,,,,,,,,,,,,,text,,,,,,,,,,,,,,,,,,,,,7.632888500355255,11.634267807006836,7.632888500355255,4.100596904754639,5.174011406898498,6.017084169387817,6.64455771446228,7.522077798843384,8.552902936935425,9.425978565216065,10.62619996070862,1.2898425620301122,,,,,,,,,,,,,,,,,,,,,,,,,,,,,,,,,,,,,,,,,,,,,,,,,,,,,,,,,,,,,,,,,,,,,,,,,,,,,,,,,,,,nan,0.04696589335799217,0.04673805087804794,semantic,,,,,,,44,0.025661734864115715,,,,,,,,,,,,,,,,,,,,,,,,,,U
,,,,,,,,,,,,,,,,,,,,,,,,,,,,,,,,,,,,,,,,,,,,,,,,0.14293381609666142,0.0,0.0,0.1683926284313202,0.14293381609666142,0.124271459877491,0.12921979427337646,0.13369137048721313,0.137087170034647,0.14208418130874634,0.1481732688844204,0.15361199229955674,0.16100822284817695,0.1393695512805212,0.0075257298891998805,,,,,,,,,0.07336892306647351,0.4620921015739441,0.07336892306647351,0.0,0.003912864923477173,0.01589418053627014,0.0303315669298172,0.0550590455532074,0.0946730226278305,0.15644915699958797,0.30818077921867393,0.06319604449688147,Movies,,,,,,,,,,,,,,,,,,,,,,,,,,,,,,,,,,,,,,,,,,,,,,,,,,,,,,,,,,,,,,,,,,,,,,,,,,,,,,,,,,,2,,,,,,,,,,,,,,,,,,,,,,,,,,,,,,,,text,,,,,,,,,,,,,,,,,,,,,7.632888500355255,11.634267807006836,7.632888500355255,4.100596904754639,5.174011406898498,6.017084169387817,6.64455771446228,7.522077798843384,8.552902936935425,9.425978565216065,10.62619996070862,1.2898425620301122,,,,,,,,,,,,,,,,,,,,,,,,,,,,,,,,,,,,,,,,,,,,,,,,,,,,,,,,,,,,,,,,,,,,,,,,,,,,,,,,,,,,nan,0.04696589335799217,0.04673805087804794,semantic,,,,,,,44,0.04456529766321182,,,,,,,,,,,,,,,,,,,,,,,,,,U
,,,,,,,,,,,,,,,,,,,,,,,,,,,,,,,,,,,,,,,,,,,,,,,,0.13190652809826203,0.0,0.0,0.15572069585323334,0.13190652809826203,0.11449302732944489,0.11907668344676495,0.12325258105993271,0.12642253190279007,0.1310984566807747,0.1368054524064064,0.14192432761192322,0.14879140362143517,0.14155286187154958,0.007048657078812602,,,,,,,,,0.08195355115190234,0.4741862416267395,0.08195355115190234,5.960464477539063e-08,0.005067413449287414,0.020152223110198975,0.03594586253166199,0.062189698219299316,0.10472841560840607,0.1723982810974121,0.3299736827611924,0.06782739345999328,Movies,,,,,,,,,,,,,,,,,,,,,,,,,,,,,,,,,,,,,,,,,,,,,,,,,,,,,,,,,,,,,,,,,,,,,,,,,,,,,,,,,,,3,,,,,,,,,,,,,,,,,,,,,,,,,,,,,,,,text,,,,,,,,,,,,,,,,,,,,,7.632888500355255,11.634267807006836,7.632888500355255,4.100596904754639,5.174011406898498,6.017084169387817,6.64455771446228,7.522077798843384,8.552902936935425,9.425978565216065,10.62619996070862,1.2898425620301122,,,,,,,,,,,,,,,,,,,,,,,,,,,,,,,,,,,,,,,,,,,,,,,,,,,,,,,,,,,,,,,,,,,,,,,,,,,,,,,,,,,,nan,0.04696589335799217,0.04673805087804794,semantic,,,,,,,44,-0.04895680025219917,,,,,,,,,,,,,,,,,,,,,,,,,,U
,,,,,,,,,,,,,,,,,,,,,,,,,,,,,,,,,,,,,,,,,,,,,,,,,,,,,,,,,,,,,,,4.0,2.384185791015625e-07,1.3144280436549384e-18,16672.0,0.6018443261531121,,,,,,,,,,,,,,,,Movies,,,,,,,,,,,,,,,,,,,,,,,,,,,0.0027614801313547988,0.2527614801313548,0.24557089195513981,0.24999203945776857,0.26326846747188026,0.010672424126728903,,,,,,,,,,,,,,,,,,,,,,,,,,,,,,,,,,,,,,,,,,,,,,,,,,,,,,,0.45022695666133944,,,,,,,,,,,,,,,,,,,,,,,,,,0.8483826305082274,0.0033035184700159017,text,,0.4538540879952441,0.24911382485023703,0.452608426239975,0.6539503975576207,0.1479395274907481,0.0005072315734718448,0.4048722199675046,0.8467644905887923,0.3317784097758286,0.39815567384688794,,0.7472385198686452,0.8483826305082274,,,,,,,,,,,,,,,,,,,0.018905152688744018,0.0001650816498628934,0.011148416912571218,0.04676993587830414,0.024027290529672327,,,,,,,,,,,,,,,,,,,,,,,,,,,,,,,,,,,,,,,,,,,,,,,,,,,,,,,,,,,,,,,,,,,,,,,,,,,,,,,,,,attention,,,,,,,44,,,,,,,,,,,,,,,,,,,,,,,,,,0.25,U
,,,,,,,,16.25015536362427,16.358596801757812,16.25015536362427,0.10635899752378464,16.18172668457031,16.21246166229248,16.23066520690918,16.25172233581543,16.2747483253479,16.295829391479494,16.3246152305603,0.18209526190544645,0.05653766928218756,0.2708582580089569,-0.008746974287543023,-0.30182939767837524,-0.1779027622938156,-0.098481485247612,-0.0558493509888649,-0.008248325437307358,0.0384894497692585,0.08034355789422987,0.15878691226244077,0.07073949873557453,,,,,,,,,,,,,,,,,,,,,,,,,,,,,,,,,,,,,,,,,,,,,,,,,,,,Movies,,,,,,,,,,,,,,0.13735240697860718,,,,,,,,,,,,,,,,,,,,,,,,,,,,,,,,,,,,,,,,,,,,,,,,,,,,,,,,,,,,,,,,,,,,,1,0.09525663405656815,11.933393478393555,,,,,,,,,,,,,,,,,,,,,,,,,,,,,,text,,,,,,,,,,,,,,,,,,,,,,,,,,,,,,,,,,,,,,,,,,,,,,,,,,,,,,,,,,,,,,,,,,,,,,,,,,,,,,,,,,,,,,,,,,,,,,,,,,,,,,,,,,,,,,,,,,,,,,,context,,,,,,,44,,,,,,,,,,,,,,,,,,,,,,,,,,,U
,,,,,,,,15.903649469034928,16.34400749206543,15.903649469034928,0.10632182657718658,8.79041681289673,16.078892326354982,16.178465843200684,16.21295928955078,16.240309238433838,16.268092155456543,16.30637731552124,1.410873066846742,0.05647145690823462,0.2708563208580017,-0.008737195835783891,-0.3018295168876648,-0.17770037055015564,-0.09835700541734696,-0.055783046409487724,-0.008250533137470484,0.03843335062265396,0.08026961684226988,0.15859046280384076,0.07065521889703984,,,,,,,,,,,,,,,,,,,,,,,,,,,,,,,,,,,,,,,,,,,,,,,,,,,,Movies,,,,,,,,,,,,,,0.13735240697860718,,,,,,,,,,,,,,,,,,,,,,,,,,,,,,,,,,,,,,,,,,,,,,,,,,,,,,,,,,,,,,,,,,,,,2,0.09525663405656815,11.919462203979492,,,,,,,,,,,,,,,,,,,,,,,,,,,,,,text,,,,,,,,,,,,,,,,,,,,,,,,,,,,,,,,,,,,,,,,,,,,,,,,,,,,,,,,,,,,,,,,,,,,,,,,,,,,,,,,,,,,,,,,,,,,,,,,,,,,,,,,,,,,,,,,,,,,,,,context,,,,,,,44,,,,,,,,,,,,,,,,,,,,,,,,,,,U
,,,,,,,,15.48379135125937,16.30718421936035,15.48379135125937,0.10635215044021606,4.942835383415223,15.377847671508789,15.923425674438477,16.092845916748047,16.173154830932617,16.21731662750244,16.26534418106079,2.1236996713731306,0.0565248251123981,0.27085253596305847,-0.008743211396637854,-0.3018295466899872,-0.1778751090168953,-0.0984562873840332,-0.055834517814219,-0.008246520534157753,0.03847814351320267,0.08033889308571815,0.15875783562660278,0.07072386650796285,,,,,,,,,,,,,,,,,,,,,,,,,,,,,,,,,,,,,,,,,,,,,,,,,,,,Movies,,,,,,,,,,,,,,0.13735240697860718,,,,,,,,,,,,,,,,,,,,,,,,,,,,,,,,,,,,,,,,,,,,,,,,,,,,,,,,,,,,,,,,,,,,,3,0.09525663405656815,11.93055534362793,,,,,,,,,,,,,,,,,,,,,,,,,,,,,,text,,,,,,,,,,,,,,,,,,,,,,,,,,,,,,,,,,,,,,,,,,,,,,,,,,,,,,,,,,,,,,,,,,,,,,,,,,,,,,,,,,,,,,,,,,,,,,,,,,,,,,,,,,,,,,,,,,,,,,,context,,,,,,,44,,,,,,,,,,,,,,,,,,,,,,,,,,,U
,,,,,,,,,,,,,,,,,,,,,,,,,,,,,,,,,,,,,,,,,,,,,,,,,,,,,,,,,,,,,,,,,,,,,,,,,,,,,,,,,,,Movies,,,,,,,,,,,,,,,,,,,,,,,,,,,,,,,,,,,,,,,,,,,,,1.4538295266652863,1.457784652709961,1.4538295266652863,1.4448245763778687,1.4486941385269165,1.4515719890594483,1.4529837667942047,1.4541221857070923,1.4549390375614166,1.455669379234314,1.456790965795517,0.0016717797231714806,1.4538295266652863,1.457784652709961,1.4538295266652863,1.4448245763778687,1.4486941385269165,1.4515719890594483,1.4529837667942047,1.4541221857070923,1.4549390375614166,1.455669379234314,1.456790965795517,0.0016717797231714806,,,,,,,,,,,,,,,,,,,,,,,,,,,,,,,,,,,,,,,,,,,,,,,text,,,,,,,,,,,,,,,,,,,,,,,,,,,,,,,,,,,,,,,,,,,,,,,,,,,,,,,,,,,,,,,,,,,,,,,,,,,,,,,,,,,,,,,,,,,,,,,,,,,,,,,,,,,,,,,,,,,,,,,effective_order,,,,,,,44,,,,,,,,,,,,,,,,,,,,,,,,,,,U
,,,,,,,,,,,,,,,,,,,,,,,,,,,,,,,,,,,,,,,,,,,,,,,,,,,,,,,,,,,,,,,,,,,,,,,,,,,,,,,,,,,Movies,,,,,,,,,,,,,,,,,,,,,,,,,,,,,,,,,,,,,,,,,,,,,,,,,,,,,,,,,,,,,,,,,,,,,,,,,,,,,,,,,1,,,,,,,,,,,,,,,,,,,,,,,,,,,,,,,0.0,,,text,,,,,,,,,,,,,,,,,,,,,,,,,,,,,,,,,,,,,,,,,,,,,,,,,,,,,,,,,,,,,,,,,,,,,,,,,,,,,,,,,,,,,,,,,,,,,,,,,,,,,,,,,,,,,,,,,,,,,,,interaction_off_check,,,,,,,44,,,,,,,,,,,,,,,,,,,,,,,,,,,U
,,,,,,,,,,,,,,,,,,,,,,,,,,,,,,,,,,,,,,,,,,,,,,,,0.10036684951303444,0.0,0.0,0.10389980673789978,0.10036684951303444,0.09581959992647171,0.09733202174305916,0.09884444251656532,0.09960642084479332,0.10041998699307442,0.10118141770362854,0.10184148401021957,0.10291373163461685,0.02986087047830636,0.001181301631236181,,,,,,,,,0.1387592721158449,0.6304438710212708,0.13875927210154437,-1.1920928955078125e-07,0.006638287901878357,0.03419789671897888,0.06934970617294312,0.12730050086975098,0.1950562745332718,0.2564897894859314,0.37918358623981535,0.08686707299302558,Movies,,,,,,,,,,,,,,,,,,,,,,,,,,,,,,,,,,,,,,,,,,,,,,,,,,,,,,,,,,,,,,,,,,,,,,,,,,,,,,,,,,,1,,,,,,,,,,,,,,,,,,,,,,,,,,,,,,,,visual,,,,,,,,,,,,,,,,,,,,,1.1014235323874768,3.098398447036743,-0.6441852076035227,-5.547654628753662,-3.8668398976325986,-2.2430784940719604,-1.4465420246124268,-0.586571991443634,0.21738485246896744,0.9168034493923187,2.0528569483757035,1.2472758853348,,,,,,,,,,,,,,,,,,,,,,,,,,,,,,,,,,,,,,,,,,,,,,,,,,,,,,,,,,,,,,,,,,,,,,,,,,,,,,,,,,,,nan,-0.010870435275137424,0.010393482632935047,semantic,,,,,,,44,0.012204635888338089,,,,,,,,,,,,,,,,,,,,,,,,,,U
,,,,,,,,,,,,,,,,,,,,,,,,,,,,,,,,,,,,,,,,,,,,,,,,0.09822717763710545,0.0,0.0,0.1016588807106018,0.09822717763710545,0.09375233948230743,0.09524051420390606,0.09673726707696914,0.09748122654855251,0.09828005358576775,0.09902695380151272,0.09967630505561828,0.10072833493351936,0.02992082282438494,0.001158811394824617,,,,,,,,,0.1491672287653996,0.6379068493843079,0.1491672287653996,0.0,0.019259895086288455,0.05112290382385254,0.08675551414489746,0.14166927337646484,0.20070897042751312,0.25483786463737484,0.36633662819862367,0.07932413653177867,Movies,,,,,,,,,,,,,,,,,,,,,,,,,,,,,,,,,,,,,,,,,,,,,,,,,,,,,,,,,,,,,,,,,,,,,,,,,,,,,,,,,,,2,,,,,,,,,,,,,,,,,,,,,,,,,,,,,,,,visual,,,,,,,,,,,,,,,,,,,,,1.1014235323874768,3.098398447036743,-0.6441852076035227,-5.547654628753662,-3.8668398976325986,-2.2430784940719604,-1.4465420246124268,-0.586571991443634,0.21738485246896744,0.9168034493923187,2.0528569483757035,1.2472758853348,,,,,,,,,,,,,,,,,,,,,,,,,,,,,,,,,,,,,,,,,,,,,,,,,,,,,,,,,,,,,,,,,,,,,,,,,,,,,,,,,,,,nan,-0.010870435275137424,0.010393482632935047,semantic,,,,,,,44,-0.011607255786657333,,,,,,,,,,,,,,,,,,,,,,,,,,U
,,,,,,,,,,,,,,,,,,,,,,,,,,,,,,,,,,,,,,,,,,,,,,,,0.09672426171520378,0.0,0.0,0.1001310721039772,0.09672426171520378,0.09230601042509079,0.09376809909939766,0.0952516421675682,0.0959855429828167,0.09677586704492569,0.09751317091286182,0.09815409854054451,0.09918215572834016,0.03000753194159625,0.0011451511172804847,,,,,,,,,0.17139144038384685,0.6656714677810669,0.17139144038384685,0.0,0.027155715823173523,0.06642665266990662,0.10471203923225403,0.1633719503879547,0.22771337628364563,0.28558567762374876,0.39609773337841037,0.08497570321420027,Movies,,,,,,,,,,,,,,,,,,,,,,,,,,,,,,,,,,,,,,,,,,,,,,,,,,,,,,,,,,,,,,,,,,,,,,,,,,,,,,,,,,,3,,,,,,,,,,,,,,,,,,,,,,,,,,,,,,,,visual,,,,,,,,,,,,,,,,,,,,,1.1014235323874768,3.098398447036743,-0.6441852076035227,-5.547654628753662,-3.8668398976325986,-2.2430784940719604,-1.4465420246124268,-0.586571991443634,0.21738485246896744,0.9168034493923187,2.0528569483757035,1.2472758853348,,,,,,,,,,,,,,,,,,,,,,,,,,,,,,,,,,,,,,,,,,,,,,,,,,,,,,,,,,,,,,,,,,,,,,,,,,,,,,,,,,,,nan,-0.010870435275137424,0.010393482632935047,semantic,,,,,,,44,-0.028450051322579384,,,,,,,,,,,,,,,,,,,,,,,,,,U
,,,,,,,,,,,,,,,,,,,,,,,,,,,,,,,,,,,,,,,,,,,,,,,,,,,,,,,,,,,,,,,4.0,2.384185791015625e-07,9.643249875923923e-15,16672.0,0.325760119783164,,,,,,,,,,,,,,,,Movies,,,,,,,,,,,,,,,,,,,,,,,,,,,-0.015689087962799664,0.23431091203720034,0.185167380515486,0.24495432164985687,0.26714779073372485,0.04504874623022387,,,,,,,,,,,,,,,,,,,,,,,,,,,,,,,,,,,,,,,,,,,,,,,,,,,,,,,0.29760796134049894,,,,,,,,,,,,,,,,,,,,,,,,,,0.971847841557335,0.016665132426136254,visual,,0.3606942815468253,0.12685411378310366,0.35205739895051774,0.5999111805284034,0.17567246145044546,0.17090915575423124,0.7704649882524923,0.9733690492582473,0.292277601771111,0.674239880216836,,0.7656890879627997,0.971847841557335,,,,,,,,,,,,,,,,,,,0.0907441271604133,0.016105646401714087,0.06016088960071405,0.20793538951935867,0.0914954952140176,,,,,,,,,,,,,,,,,,,,,,,,,,,,,,,,,,,,,,,,,,,,,,,,,,,,,,,,,,,,,,,,,,,,,,,,,,,,,,,,,,attention,,,,,,,44,,,,,,,,,,,,,,,,,,,,,,,,,,0.25,U
,,,,,,,,16.437485788495685,16.57440948486328,16.437485788495685,0.08614703267812729,16.37502216339111,16.40640335083008,16.424099445343018,16.443252563476562,16.462727069854736,16.48041229248047,16.511266803741456,0.3115966303400091,0.05132932246959777,0.30300915241241455,-0.002054523965612924,-0.3329639136791229,-0.1518721504509449,-0.08430783748626708,-0.045404886826872826,-0.0021755006164312363,0.04141195211559534,0.08048003613948822,0.14665044754743653,0.0642859754796872,,,,,,,,,,,,,,,,,,,,,,,,,,,,,,,,,,,,,,,,,,,,,,,,,,,,Movies,,,,,,,,,,,,,,0.15408223867416382,,,,,,,,,,,,,,,,,,,,,,,,,,,,,,,,,,,,,,,,,,,,,,,,,,,,,,,,,,,,,,,,,,,,,1,0.09849650412797928,10.421568870544434,,,,,,,,,,,,,,,,,,,,,,,,,,,,,,visual,,,,,,,,,,,,,,,,,,,,,,,,,,,,,,,,,,,,,,,,,,,,,,,,,,,,,,,,,,,,,,,,,,,,,,,,,,,,,,,,,,,,,,,,,,,,,,,,,,,,,,,,,,,,,,,,,,,,,,,context,,,,,,,44,,,,,,,,,,,,,,,,,,,,,,,,,,,U
,,,,,,,,15.898761544167467,16.541933059692383,15.898761544167467,0.08614053577184677,6.254462757110596,16.366580772399903,16.401755809783936,16.42457389831543,16.44418954849243,16.46111431121826,16.490365543365478,2.0235509861509855,0.05137039510811295,0.3030809164047241,-0.0020260190881818824,-0.3332221508026123,-0.15195310592651368,-0.08436325713992118,-0.04541362076997757,-0.002137240022420883,0.041465915739536285,0.08056794106960295,0.14683126181364073,0.06434142654781347,,,,,,,,,,,,,,,,,,,,,,,,,,,,,,,,,,,,,,,,,,,,,,,,,,,,Movies,,,,,,,,,,,,,,0.15408223867416382,,,,,,,,,,,,,,,,,,,,,,,,,,,,,,,,,,,,,,,,,,,,,,,,,,,,,,,,,,,,,,,,,,,,,2,0.09849650412797928,10.430305480957031,,,,,,,,,,,,,,,,,,,,,,,,,,,,,,visual,,,,,,,,,,,,,,,,,,,,,,,,,,,,,,,,,,,,,,,,,,,,,,,,,,,,,,,,,,,,,,,,,,,,,,,,,,,,,,,,,,,,,,,,,,,,,,,,,,,,,,,,,,,,,,,,,,,,,,,context,,,,,,,44,,,,,,,,,,,,,,,,,,,,,,,,,,,U
,,,,,,,,15.309976085263434,16.521528244018555,15.309976085263434,0.08613596856594086,1.364213445186615,16.02868537902832,16.283949851989746,16.35183811187744,16.388371467590332,16.414657592773438,16.456498107910157,3.6351436133877453,0.05136985260828773,0.30376625061035156,-0.002015082500754177,-0.3333728313446045,-0.15197816193103791,-0.08433844372630118,-0.04540178086608648,-0.002129495143890381,0.04147426784038544,0.08059554994106292,0.14681097969412804,0.06434216155200446,,,,,,,,,,,,,,,,,,,,,,,,,,,,,,,,,,,,,,,,,,,,,,,,,,,,Movies,,,,,,,,,,,,,,0.15408223867416382,,,,,,,,,,,,,,,,,,,,,,,,,,,,,,,,,,,,,,,,,,,,,,,,,,,,,,,,,,,,,,,,,,,,,3,0.09849650412797928,10.430283546447754,,,,,,,,,,,,,,,,,,,,,,,,,,,,,,visual,,,,,,,,,,,,,,,,,,,,,,,,,,,,,,,,,,,,,,,,,,,,,,,,,,,,,,,,,,,,,,,,,,,,,,,,,,,,,,,,,,,,,,,,,,,,,,,,,,,,,,,,,,,,,,,,,,,,,,,context,,,,,,,44,,,,,,,,,,,,,,,,,,,,,,,,,,,U
,,,,,,,,,,,,,,,,,,,,,,,,,,,,,,,,,,,,,,,,,,,,,,,,,,,,,,,,,,,,,,,,,,,,,,,,,,,,,,,,,,,Movies,,,,,,,,,,,,,,,,,,,,,,,,,,,,,,,,,,,,,,,,,,,,,1.5434547679752626,1.562770128250122,1.5434547679752626,1.5234079360961914,1.5306477975845336,1.5363155961036683,1.5396303236484528,1.5433927178382874,1.5472224652767181,1.5508195996284484,1.5566215014457703,0.005629311686753404,1.5434547679752626,1.562770128250122,1.5434547679752626,1.5234079360961914,1.5306477975845336,1.5363155961036683,1.5396303236484528,1.5433927178382874,1.5472224652767181,1.5508195996284484,1.5566215014457703,0.005629311686753404,,,,,,,,,,,,,,,,,,,,,,,,,,,,,,,,,,,,,,,,,,,,,,,visual,,,,,,,,,,,,,,,,,,,,,,,,,,,,,,,,,,,,,,,,,,,,,,,,,,,,,,,,,,,,,,,,,,,,,,,,,,,,,,,,,,,,,,,,,,,,,,,,,,,,,,,,,,,,,,,,,,,,,,,effective_order,,,,,,,44,,,,,,,,,,,,,,,,,,,,,,,,,,,U
,,,,,,,,,,,,,,,,,,,,,,,,,,,,,,,,,,,,,,,,,,,,,,,,,,,,,,,,,,,,,,,,,,,,,,,,,,,,,,,,,,,Movies,,,,,,,,,,,,,,,,,,,,,,,,,,,,,,,,,,,,,,,,,,,,,,,,,,,,,,,,,,,,,,,,,,,,,,,,,,,,,,,,,1,,,,,,,,,,,,,,,,,,,,,,,,,,,,,,,0.0,,,visual,,,,,,,,,,,,,,,,,,,,,,,,,,,,,,,,,,,,,,,,,,,,,,,,,,,,,,,,,,,,,,,,,,,,,,,,,,,,,,,,,,,,,,,,,,,,,,,,,,,,,,,,,,,,,,,,,,,,,,,interaction_off_check,,,,,,,44,,,,,,,,,,,,,,,,,,,,,,,,,,,U
,,,,,,,,,,,,,,,,,,,,,,,,,,,,,,,,,,,,,,,,,,,,,,,,0.09960703381480558,0.0,0.0,0.10593747347593307,0.09960703381480558,0.0927506759762764,0.09441695779561997,0.09658661186695099,0.09813098609447479,0.09975615888834,0.10124774649739265,0.10233906507492066,0.10391029834747315,0.057751475850663044,0.0021887760407816254,,,,,,,,,0.0986594023005229,0.5462523698806763,0.09865940225444056,-2.384185791015625e-07,0.0015042626857757568,0.017303264141082762,0.0410023033618927,0.08254224061965942,0.13704735040664673,0.20311362743377687,0.3392194139957429,0.0754055897031036,Toys,,,,,,,,,,,,,,,,,,,,,,,,,,,,,,,,,,,,,,,,,,,,,,,,,,,,,,,,,,,,,,,,,,,,,,,,,,,,,,,,,,,1,,,,,,,,,,,,,,,,,,,,,,,,,,,,,,,,text,,,,,,,,,,,,,,,,,,,,,1.4465556054667357,5.196742057800293,0.35689478407660596,-5.146242618560791,-3.7654141426086425,-2.0247732162475587,-0.7928899228572845,0.4905160069465637,1.6495728492736816,2.488512563705445,3.6767372941970846,1.717911995936474,,,,,,,,,,,,,,,,,,,,,,,,,,,,,,,,,,,,,,,,,,,,,,,,,,,,,,,,,,,,,,,,,,,,,,,,,,,,,,,,,,,,nan,0.003715620609000325,0.01425574067980051,semantic,,,,,,,42,-0.010067875497043133,,,,,,,,,,,,,,,,,,,,,,,,,,U
,,,,,,,,,,,,,,,,,,,,,,,,,,,,,,,,,,,,,,,,,,,,,,,,0.10047933204064884,0.0,0.0,0.10685984045267105,0.10047933204064884,0.09356646984815598,0.0952569667994976,0.097436061501503,0.09899453818798065,0.1006300300359726,0.10213440656661987,0.10323363393545151,0.10481272786855698,0.05769915380752545,0.0022055188030903946,,,,,,,,,0.10540554413158383,0.49186575412750244,0.10540554409702206,-1.1920928955078125e-07,0.0024300813674926758,0.03178689479827881,0.05707147717475891,0.09296900033950806,0.14002230763435364,0.19626798629760747,0.31613847494125374,0.06717413935715233,Toys,,,,,,,,,,,,,,,,,,,,,,,,,,,,,,,,,,,,,,,,,,,,,,,,,,,,,,,,,,,,,,,,,,,,,,,,,,,,,,,,,,,2,,,,,,,,,,,,,,,,,,,,,,,,,,,,,,,,text,,,,,,,,,,,,,,,,,,,,,1.4465556054667357,5.196742057800293,0.35689478407660596,-5.146242618560791,-3.7654141426086425,-2.0247732162475587,-0.7928899228572845,0.4905160069465637,1.6495728492736816,2.488512563705445,3.6767372941970846,1.717911995936474,,,,,,,,,,,,,,,,,,,,,,,,,,,,,,,,,,,,,,,,,,,,,,,,,,,,,,,,,,,,,,,,,,,,,,,,,,,,,,,,,,,,nan,0.003715620609000325,0.01425574067980051,semantic,,,,,,,42,-0.0004039500199723989,,,,,,,,,,,,,,,,,,,,,,,,,,U
,,,,,,,,,,,,,,,,,,,,,,,,,,,,,,,,,,,,,,,,,,,,,,,,0.09969756090250761,0.0,0.0,0.1060367077589035,0.09969756090250761,0.09282775968313217,0.09451478630304337,0.09667572379112244,0.09822201728820801,0.09984839707612991,0.10133980214595795,0.10243098735809326,0.10400431677699089,0.05772722536854302,0.0021900625335160595,,,,,,,,,0.1250072527173695,0.5455170273780823,0.12500725268280774,-1.1920928955078125e-07,0.004463427066802979,0.04219341278076172,0.07244306802749634,0.11247968673706055,0.16383439302444458,0.22522165775299072,0.3497078514099128,0.0740109605989471,Toys,,,,,,,,,,,,,,,,,,,,,,,,,,,,,,,,,,,,,,,,,,,,,,,,,,,,,,,,,,,,,,,,,,,,,,,,,,,,,,,,,,,3,,,,,,,,,,,,,,,,,,,,,,,,,,,,,,,,text,,,,,,,,,,,,,,,,,,,,,1.4465556054667357,5.196742057800293,0.35689478407660596,-5.146242618560791,-3.7654141426086425,-2.0247732162475587,-0.7928899228572845,0.4905160069465637,1.6495728492736816,2.488512563705445,3.6767372941970846,1.717911995936474,,,,,,,,,,,,,,,,,,,,,,,,,,,,,,,,,,,,,,,,,,,,,,,,,,,,,,,,,,,,,,,,,,,,,,,,,,,,,,,,,,,,nan,0.003715620609000325,0.01425574067980051,semantic,,,,,,,42,-0.009156785905361176,,,,,,,,,,,,,,,,,,,,,,,,,,U
,,,,,,,,,,,,,,,,,,,,,,,,,,,,,,,,,,,,,,,,,,,,,,,,,,,,,,,,,,,,,,,4.0,2.384185791015625e-07,1.9119101646921516e-13,20695.0,0.42439545708778315,,,,,,,,,,,,,,,,Toys,,,,,,,,,,,,,,,,,,,,,,,,,,,2.8173782758544874e-05,0.25002817378275854,0.23569783912971615,0.24980022385716438,0.26328745679929855,0.02016005372483506,,,,,,,,,,,,,,,,,,,,,,,,,,,,,,,,,,,,,,,,,,,,,,,,,,,,,,,0.355733864507237,,,,,,,,,,,,,,,,,,,,,,,,,,0.9313384074194538,0.0052839188354204215,text,,0.4042476419461358,0.17872912617857076,0.42575554637115076,0.5703485343911068,0.15607868460074004,0.0646466242120195,0.6442078719402294,0.9450973829628101,0.31113224695444597,0.5756045429122169,,0.7499718262172415,0.9313384074194538,,,,,,,,,,,,,,,,,,,0.04435460213690986,0.004669888287511034,0.029268638463690877,0.10034818146377805,0.0496803643227548,,,,,,,,,,,,,,,,,,,,,,,,,,,,,,,,,,,,,,,,,,,,,,,,,,,,,,,,,,,,,,,,,,,,,,,,,,,,,,,,,,attention,,,,,,,42,,,,,,,,,,,,,,,,,,,,,,,,,,0.25,U
,,,,,,,,16.252130011525107,16.35707664489746,16.252130011525107,0.0775570198893547,16.193321990966798,16.230105590820312,16.248292922973633,16.266693115234375,16.284574508666992,16.299951553344727,16.325585556030273,0.45334855860357187,0.05319858566748276,0.314008891582489,-0.004345041923414033,-0.3383074402809143,-0.16183683007955552,-0.0902163602411747,-0.048890517093241215,-0.003787100315093994,0.0404046094045043,0.08043599575757983,0.1513402166962621,0.06675201385649164,,,,,,,,,,,,,,,,,,,,,,,,,,,,,,,,,,,,,,,,,,,,,,,,,,,,Toys,,,,,,,,,,,,,,0.13685551285743713,,,,,,,,,,,,,,,,,,,,,,,,,,,,,,,,,,,,,,,,,,,,,,,,,,,,,,,,,,,,,,,,,,,,,1,0.0984712466597557,10.840841293334961,,,,,,,,,,,,,,,,,,,,,,,,,,,,,,text,,,,,,,,,,,,,,,,,,,,,,,,,,,,,,,,,,,,,,,,,,,,,,,,,,,,,,,,,,,,,,,,,,,,,,,,,,,,,,,,,,,,,,,,,,,,,,,,,,,,,,,,,,,,,,,,,,,,,,,context,,,,,,,42,,,,,,,,,,,,,,,,,,,,,,,,,,,U
,,,,,,,,15.860244748219541,16.352399826049805,15.860244748219541,0.07756268978118896,6.423537893295288,16.190333557128906,16.224370002746582,16.247156143188477,16.26677703857422,16.283657455444335,16.310619277954103,1.7439322668752932,0.05322110083932137,0.3140212297439575,-0.004341016491901257,-0.33843550086021423,-0.16189113408327102,-0.09025406166911125,-0.04891308397054672,-0.003782905638217926,0.04043274652212858,0.0804666444659234,0.15142178773879983,0.06677909288256563,,,,,,,,,,,,,,,,,,,,,,,,,,,,,,,,,,,,,,,,,,,,,,,,,,,,Toys,,,,,,,,,,,,,,0.13685551285743713,,,,,,,,,,,,,,,,,,,,,,,,,,,,,,,,,,,,,,,,,,,,,,,,,,,,,,,,,,,,,,,,,,,,,2,0.0984712466597557,10.84529972076416,,,,,,,,,,,,,,,,,,,,,,,,,,,,,,text,,,,,,,,,,,,,,,,,,,,,,,,,,,,,,,,,,,,,,,,,,,,,,,,,,,,,,,,,,,,,,,,,,,,,,,,,,,,,,,,,,,,,,,,,,,,,,,,,,,,,,,,,,,,,,,,,,,,,,,context,,,,,,,42,,,,,,,,,,,,,,,,,,,,,,,,,,,U
,,,,,,,,15.28419509225744,16.31614875793457,15.28419509225744,0.0763104036450386,0.3269106811285019,15.960694694519043,16.124621391296387,16.183156967163086,16.21865177154541,16.242959213256835,16.28116497039795,3.503653780262745,0.05322456957064851,0.31400030851364136,-0.004340941844173823,-0.33848491311073303,-0.16186719566583632,-0.09026432633399964,-0.04891617223620415,-0.003788687288761139,0.0404382711276412,0.08047360181808472,0.15140909552574133,0.06678304776544312,,,,,,,,,,,,,,,,,,,,,,,,,,,,,,,,,,,,,,,,,,,,,,,,,,,,Toys,,,,,,,,,,,,,,0.13685551285743713,,,,,,,,,,,,,,,,,,,,,,,,,,,,,,,,,,,,,,,,,,,,,,,,,,,,,,,,,,,,,,,,,,,,,3,0.0984712466597557,10.845977783203125,,,,,,,,,,,,,,,,,,,,,,,,,,,,,,text,,,,,,,,,,,,,,,,,,,,,,,,,,,,,,,,,,,,,,,,,,,,,,,,,,,,,,,,,,,,,,,,,,,,,,,,,,,,,,,,,,,,,,,,,,,,,,,,,,,,,,,,,,,,,,,,,,,,,,,context,,,,,,,42,,,,,,,,,,,,,,,,,,,,,,,,,,,U
,,,,,,,,,,,,,,,,,,,,,,,,,,,,,,,,,,,,,,,,,,,,,,,,,,,,,,,,,,,,,,,,,,,,,,,,,,,,,,,,,,,Toys,,,,,,,,,,,,,,,,,,,,,,,,,,,,,,,,,,,,,,,,,,,,,1.5568475409100153,1.5818521976470947,1.5568475409100153,1.535313367843628,1.5411381483078004,1.5465561389923095,1.5510570406913757,1.5570827722549438,1.5627018213272095,1.5665618419647216,1.57239590883255,0.007553095539424235,1.5568475409100153,1.5818521976470947,1.5568475409100153,1.535313367843628,1.5411381483078004,1.5465561389923095,1.5510570406913757,1.5570827722549438,1.5627018213272095,1.5665618419647216,1.57239590883255,0.007553095539424235,,,,,,,,,,,,,,,,,,,,,,,,,,,,,,,,,,,,,,,,,,,,,,,text,,,,,,,,,,,,,,,,,,,,,,,,,,,,,,,,,,,,,,,,,,,,,,,,,,,,,,,,,,,,,,,,,,,,,,,,,,,,,,,,,,,,,,,,,,,,,,,,,,,,,,,,,,,,,,,,,,,,,,,effective_order,,,,,,,42,,,,,,,,,,,,,,,,,,,,,,,,,,,U
,,,,,,,,,,,,,,,,,,,,,,,,,,,,,,,,,,,,,,,,,,,,,,,,,,,,,,,,,,,,,,,,,,,,,,,,,,,,,,,,,,,Toys,,,,,,,,,,,,,,,,,,,,,,,,,,,,,,,,,,,,,,,,,,,,,,,,,,,,,,,,,,,,,,,,,,,,,,,,,,,,,,,,,1,,,,,,,,,,,,,,,,,,,,,,,,,,,,,,,0.0,,,text,,,,,,,,,,,,,,,,,,,,,,,,,,,,,,,,,,,,,,,,,,,,,,,,,,,,,,,,,,,,,,,,,,,,,,,,,,,,,,,,,,,,,,,,,,,,,,,,,,,,,,,,,,,,,,,,,,,,,,,interaction_off_check,,,,,,,42,,,,,,,,,,,,,,,,,,,,,,,,,,,U
,,,,,,,,,,,,,,,,,,,,,,,,,,,,,,,,,,,,,,,,,,,,,,,,0.09245801761973219,0.0,0.0,0.10676546394824982,0.09245801761973219,0.07922860234975815,0.08306571826338768,0.08695838153362274,0.08955451101064682,0.09239115566015244,0.09536473825573921,0.09798445105552674,0.10168180704116823,0.11925487703114648,0.004186795411551773,,,,,,,,,0.10631265451897166,0.5909963846206665,0.10631265436920402,-2.384185791015625e-07,0.005750775337219238,0.0244398832321167,0.048750609159469604,0.09135746955871582,0.1475890874862671,0.20744818449020389,0.3374623656272905,0.07515745209589601,Toys,,,,,,,,,,,,,,,,,,,,,,,,,,,,,,,,,,,,,,,,,,,,,,,,,,,,,,,,,,,,,,,,,,,,,,,,,,,,,,,,,,,1,,,,,,,,,,,,,,,,,,,,,,,,,,,,,,,,visual,,,,,,,,,,,,,,,,,,,,,2.102812728058794,3.3483595848083496,-1.9333696678176593,-7.459523677825928,-5.717824459075928,-4.096574497222901,-3.0422775745391846,-1.9225856065750122,-0.7842118144035339,0.19305404126644166,1.525854938030244,1.626974596386981,,,,,,,,,,,,,,,,,,,,,,,,,,,,,,,,,,,,,,,,,,,,,,,,,,,,,,,,,,,,,,,,,,,,,,,,,,,,,,,,,,,,nan,-0.02433701604604721,0.0305485799908638,semantic,,,,,,,42,-0.02612900547683239,,,,,,,,,,,,,,,,,,,,,,,,,,U
,,,,,,,,,,,,,,,,,,,,,,,,,,,,,,,,,,,,,,,,,,,,,,,,0.09246631839203932,0.0,0.0,0.10682626068592072,0.09246631839203932,0.07925155013799667,0.08307801440358162,0.08696196675300598,0.08955300599336624,0.09239570051431656,0.09538169577717781,0.09799637347459794,0.10170161440968513,0.11933433614917895,0.004191198400247206,,,,,,,,,0.11318359487901768,0.585170328617096,0.11318359478685297,-2.384185791015625e-07,0.013506230115890503,0.03963789939880371,0.06285426020622253,0.10057562589645386,0.14992594718933105,0.20289710760116583,0.3243185114860544,0.0675410012848582,Toys,,,,,,,,,,,,,,,,,,,,,,,,,,,,,,,,,,,,,,,,,,,,,,,,,,,,,,,,,,,,,,,,,,,,,,,,,,,,,,,,,,,2,,,,,,,,,,,,,,,,,,,,,,,,,,,,,,,,visual,,,,,,,,,,,,,,,,,,,,,2.102812728058794,3.3483595848083496,-1.9333696678176593,-7.459523677825928,-5.717824459075928,-4.096574497222901,-3.0422775745391846,-1.9225856065750122,-0.7842118144035339,0.19305404126644166,1.525854938030244,1.626974596386981,,,,,,,,,,,,,,,,,,,,,,,,,,,,,,,,,,,,,,,,,,,,,,,,,,,,,,,,,,,,,,,,,,,,,,,,,,,,,,,,,,,,nan,-0.02433701604604721,0.0305485799908638,semantic,,,,,,,42,-0.025864847004413605,,,,,,,,,,,,,,,,,,,,,,,,,,U
,,,,,,,,,,,,,,,,,,,,,,,,,,,,,,,,,,,,,,,,,,,,,,,,0.09370503653993811,0.0,0.0,0.10824529826641083,0.09370503653993811,0.08033376932144165,0.08418364822864532,0.08812445551156997,0.0907539427280426,0.09363560378551483,0.0966678187251091,0.09930408447980882,0.10306950315833092,0.11930659632531769,0.004248145645574126,,,,,,,,,0.13460743206369327,0.6102581024169922,0.13460743199456973,-2.384185791015625e-07,0.018826663494110107,0.05215024948120118,0.07911548018455505,0.12161397933959961,0.1759793758392334,0.23405592441558842,0.3657563436031343,0.07482854983907256,Toys,,,,,,,,,,,,,,,,,,,,,,,,,,,,,,,,,,,,,,,,,,,,,,,,,,,,,,,,,,,,,,,,,,,,,,,,,,,,,,,,,,,3,,,,,,,,,,,,,,,,,,,,,,,,,,,,,,,,visual,,,,,,,,,,,,,,,,,,,,,2.102812728058794,3.3483595848083496,-1.9333696678176593,-7.459523677825928,-5.717824459075928,-4.096574497222901,-3.0422775745391846,-1.9225856065750122,-0.7842118144035339,0.19305404126644166,1.525854938030244,1.626974596386981,,,,,,,,,,,,,,,,,,,,,,,,,,,,,,,,,,,,,,,,,,,,,,,,,,,,,,,,,,,,,,,,,,,,,,,,,,,,,,,,,,,,nan,-0.02433701604604721,0.0305485799908638,semantic,,,,,,,42,-0.010670172050595284,,,,,,,,,,,,,,,,,,,,,,,,,,U
,,,,,,,,,,,,,,,,,,,,,,,,,,,,,,,,,,,,,,,,,,,,,,,,,,,,,,,,,,,,,,,4.0,2.384185791015625e-07,2.158186963748085e-24,20695.0,0.3904171407920858,,,,,,,,,,,,,,,,Toys,,,,,,,,,,,,,,,,,,,,,,,,,,,0.017157260194120227,0.2671572601941202,0.2528560014441609,0.2608430044565466,0.2864733334630728,0.022909087864386554,,,,,,,,,,,,,,,,,,,,,,,,,,,,,,,,,,,,,,,,,,,,,,,,,,,,,,,0.2126629691076496,,,,,,,,,,,,,,,,,,,,,,,,,,0.8222458283155638,0.02361857090782771,visual,,0.27609189228172665,0.11886623306523672,0.24803302186237802,0.4437210330247898,0.14809790977240495,0.2434792043306728,0.6291533306498146,0.9367134438304187,0.251746453477443,0.6095828592079142,,0.7328427398058798,0.8222458283155638,,,,,,,,,,,,,,,,,,,0.0693463622283424,0.0213216218511723,0.05487788989800416,0.12889622385730756,0.057220430069389774,,,,,,,,,,,,,,,,,,,,,,,,,,,,,,,,,,,,,,,,,,,,,,,,,,,,,,,,,,,,,,,,,,,,,,,,,,,,,,,,,,attention,,,,,,,42,,,,,,,,,,,,,,,,,,,,,,,,,,0.25,U
,,,,,,,,16.361480233143798,16.480249404907227,16.361480233143798,0.07957073301076889,16.32767272949219,16.359136199951173,16.375786781311035,16.393159866333008,16.409707069396973,16.423146438598632,16.445831756591797,0.7079203928144645,0.06681245914206566,0.3843708038330078,-0.006702972173021159,-0.42854347825050354,-0.20037624955177308,-0.11336341723799705,-0.06299935653805733,-0.006876658648252487,0.04969608783721924,0.10044574737548828,0.186988551020621,0.08341412560576834,,,,,,,,,,,,,,,,,,,,,,,,,,,,,,,,,,,,,,,,,,,,,,,,,,,,Toys,,,,,,,,,,,,,,0.14175507426261902,,,,,,,,,,,,,,,,,,,,,,,,,,,,,,,,,,,,,,,,,,,,,,,,,,,,,,,,,,,,,,,,,,,,,1,0.12486563622951508,10.701343536376953,,,,,,,,,,,,,,,,,,,,,,,,,,,,,,visual,,,,,,,,,,,,,,,,,,,,,,,,,,,,,,,,,,,,,,,,,,,,,,,,,,,,,,,,,,,,,,,,,,,,,,,,,,,,,,,,,,,,,,,,,,,,,,,,,,,,,,,,,,,,,,,,,,,,,,,context,,,,,,,42,,,,,,,,,,,,,,,,,,,,,,,,,,,U
,,,,,,,,15.982400678426899,16.48161506652832,15.982400678426899,0.07956147938966751,7.895119762420654,16.33028221130371,16.35734272003174,16.376867294311523,16.39379596710205,16.407804870605467,16.430498046875,1.6988492389957095,0.06688275436766863,0.3843275010585785,-0.006736711056030819,-0.42809829115867615,-0.20060865670442582,-0.11350461319088935,-0.06310557574033737,-0.006915643345564604,0.04971504211425781,0.10052637755870827,0.1871729695796963,0.08350034396512925,,,,,,,,,,,,,,,,,,,,,,,,,,,,,,,,,,,,,,,,,,,,,,,,,,,,Toys,,,,,,,,,,,,,,0.14175507426261902,,,,,,,,,,,,,,,,,,,,,,,,,,,,,,,,,,,,,,,,,,,,,,,,,,,,,,,,,,,,,,,,,,,,,2,0.12486563622951508,10.712581634521484,,,,,,,,,,,,,,,,,,,,,,,,,,,,,,visual,,,,,,,,,,,,,,,,,,,,,,,,,,,,,,,,,,,,,,,,,,,,,,,,,,,,,,,,,,,,,,,,,,,,,,,,,,,,,,,,,,,,,,,,,,,,,,,,,,,,,,,,,,,,,,,,,,,,,,,context,,,,,,,42,,,,,,,,,,,,,,,,,,,,,,,,,,,U
,,,,,,,,15.451346676141261,16.43389892578125,15.451346676141261,0.07893823832273483,0.4531976425647736,16.12831916809082,16.266319274902344,16.314931869506836,16.34536838531494,16.366290283203124,16.397123565673827,3.3910712195131865,0.06691522053918254,0.3843074142932892,-0.006753724617218809,-0.42798152565956116,-0.20070937439799308,-0.11356911063194275,-0.06313639879226685,-0.006928442046046257,0.04973328113555908,0.10055196434259416,0.18722624480724298,0.08353923604356357,,,,,,,,,,,,,,,,,,,,,,,,,,,,,,,,,,,,,,,,,,,,,,,,,,,,Toys,,,,,,,,,,,,,,0.14175507426261902,,,,,,,,,,,,,,,,,,,,,,,,,,,,,,,,,,,,,,,,,,,,,,,,,,,,,,,,,,,,,,,,,,,,,3,0.12486563622951508,10.717737197875977,,,,,,,,,,,,,,,,,,,,,,,,,,,,,,visual,,,,,,,,,,,,,,,,,,,,,,,,,,,,,,,,,,,,,,,,,,,,,,,,,,,,,,,,,,,,,,,,,,,,,,,,,,,,,,,,,,,,,,,,,,,,,,,,,,,,,,,,,,,,,,,,,,,,,,,context,,,,,,,42,,,,,,,,,,,,,,,,,,,,,,,,,,,U
,,,,,,,,,,,,,,,,,,,,,,,,,,,,,,,,,,,,,,,,,,,,,,,,,,,,,,,,,,,,,,,,,,,,,,,,,,,,,,,,,,,Toys,,,,,,,,,,,,,,,,,,,,,,,,,,,,,,,,,,,,,,,,,,,,,1.7540049160180617,1.7624311447143555,1.7540049160180617,1.740922451019287,1.7460023593902587,1.7500168561935425,1.7521270513534546,1.7543359994888306,1.7561213970184326,1.7575469017028809,1.759818549156189,0.002967396515143806,1.7540049160180617,1.7624311447143555,1.7540049160180617,1.740922451019287,1.7460023593902587,1.7500168561935425,1.7521270513534546,1.7543359994888306,1.7561213970184326,1.7575469017028809,1.759818549156189,0.002967396515143806,,,,,,,,,,,,,,,,,,,,,,,,,,,,,,,,,,,,,,,,,,,,,,,visual,,,,,,,,,,,,,,,,,,,,,,,,,,,,,,,,,,,,,,,,,,,,,,,,,,,,,,,,,,,,,,,,,,,,,,,,,,,,,,,,,,,,,,,,,,,,,,,,,,,,,,,,,,,,,,,,,,,,,,,effective_order,,,,,,,42,,,,,,,,,,,,,,,,,,,,,,,,,,,U
,,,,,,,,,,,,,,,,,,,,,,,,,,,,,,,,,,,,,,,,,,,,,,,,,,,,,,,,,,,,,,,,,,,,,,,,,,,,,,,,,,,Toys,,,,,,,,,,,,,,,,,,,,,,,,,,,,,,,,,,,,,,,,,,,,,,,,,,,,,,,,,,,,,,,,,,,,,,,,,,,,,,,,,1,,,,,,,,,,,,,,,,,,,,,,,,,,,,,,,0.0,,,visual,,,,,,,,,,,,,,,,,,,,,,,,,,,,,,,,,,,,,,,,,,,,,,,,,,,,,,,,,,,,,,,,,,,,,,,,,,,,,,,,,,,,,,,,,,,,,,,,,,,,,,,,,,,,,,,,,,,,,,,interaction_off_check,,,,,,,42,,,,,,,,,,,,,,,,,,,,,,,,,,,U
,,,,,,,,,,,,,,,,,,,,,,,,,,,,,,,,,,,,,,,,,,,,,,,,0.09830347388248335,0.0,0.0,0.1070765033364296,0.09830347388248335,0.09048975259065628,0.09213827654719353,0.09458883106708527,0.09647516161203384,0.09830176085233688,0.10017799213528633,0.10197763741016388,0.10445115089416504,0.07516322721042784,0.0027693820808789085,,,,,,,,,0.08807957149640637,0.4637119174003601,0.08807957143880342,-1.1920928955078125e-07,0.0012810635566711426,0.015398514270782471,0.03592967987060547,0.07248711585998535,0.12286904454231262,0.18138709068298342,0.30937215924263045,0.06859089620598366,Toys,,,,,,,,,,,,,,,,,,,,,,,,,,,,,,,,,,,,,,,,,,,,,,,,,,,,,,,,,,,,,,,,,,,,,,,,,,,,,,,,,,,1,,,,,,,,,,,,,,,,,,,,,,,,,,,,,,,,text,,,,,,,,,,,,,,,,,,,,,1.685452520358722,6.483068466186523,0.7659976267020507,-5.225539207458496,-3.4970406818389894,-1.8184109926223755,-0.5759317874908447,0.7404683828353882,2.0487451553344727,3.419216060638428,5.232226181030274,1.9642089359240604,,,,,,,,,,,,,,,,,,,,,,,,,,,,,,,,,,,,,,,,,,,,,,,,,,,,,,,,,,,,,,,,,,,,,,,,,,,,,,,,,,,,nan,0.0023181040305644274,-0.01592191495001316,semantic,,,,,,,43,-0.007394770625978708,,,,,,,,,,,,,,,,,,,,,,,,,,U
,,,,,,,,,,,,,,,,,,,,,,,,,,,,,,,,,,,,,,,,,,,,,,,,0.09894738040250636,0.0,0.0,0.10777512937784195,0.09894738040250636,0.09108997881412506,0.09274927452206612,0.09521171748638153,0.09710721671581268,0.09894577413797379,0.10083390772342682,0.1026393249630928,0.10513126984238624,0.07506623668480727,0.0027855577982974834,,,,,,,,,0.09443293114047202,0.4482012987136841,0.09443293107134848,-1.1920928955078125e-07,0.002257169485092163,0.027890026569366455,0.049717485904693604,0.08271348476409912,0.12679541110992432,0.17794592380523688,0.288971911668778,0.061169407853031314,Toys,,,,,,,,,,,,,,,,,,,,,,,,,,,,,,,,,,,,,,,,,,,,,,,,,,,,,,,,,,,,,,,,,,,,,,,,,,,,,,,,,,,2,,,,,,,,,,,,,,,,,,,,,,,,,,,,,,,,text,,,,,,,,,,,,,,,,,,,,,1.685452520358722,6.483068466186523,0.7659976267020507,-5.225539207458496,-3.4970406818389894,-1.8184109926223755,-0.5759317874908447,0.7404683828353882,2.0487451553344727,3.419216060638428,5.232226181030274,1.9642089359240604,,,,,,,,,,,,,,,,,,,,,,,,,,,,,,,,,,,,,,,,,,,,,,,,,,,,,,,,,,,,,,,,,,,,,,,,,,,,,,,,,,,,nan,0.0023181040305644274,-0.01592191495001316,semantic,,,,,,,43,-0.00016563084500376135,,,,,,,,,,,,,,,,,,,,,,,,,,U
,,,,,,,,,,,,,,,,,,,,,,,,,,,,,,,,,,,,,,,,,,,,,,,,0.09941498799099673,0.0,0.0,0.10828915238380432,0.09941498799099673,0.09152249991893768,0.09319042488932609,0.09566347748041153,0.09756723791360855,0.09941357374191284,0.10130837932229042,0.10312400460243225,0.10562572970986367,0.07504428932407377,0.0027973851193728964,,,,,,,,,0.11190152765328425,0.4859418272972107,0.11190152756111954,-1.1920928955078125e-07,0.0038434064388275144,0.036749529838562014,0.06277397274971008,0.09998571872711182,0.14845815300941467,0.20472958087921145,0.3171133458614352,0.06763799537929047,Toys,,,,,,,,,,,,,,,,,,,,,,,,,,,,,,,,,,,,,,,,,,,,,,,,,,,,,,,,,,,,,,,,,,,,,,,,,,,,,,,,,,,3,,,,,,,,,,,,,,,,,,,,,,,,,,,,,,,,text,,,,,,,,,,,,,,,,,,,,,1.685452520358722,6.483068466186523,0.7659976267020507,-5.225539207458496,-3.4970406818389894,-1.8184109926223755,-0.5759317874908447,0.7404683828353882,2.0487451553344727,3.419216060638428,5.232226181030274,1.9642089359240604,,,,,,,,,,,,,,,,,,,,,,,,,,,,,,,,,,,,,,,,,,,,,,,,,,,,,,,,,,,,,,,,,,,,,,,,,,,,,,,,,,,,nan,0.0023181040305644274,-0.01592191495001316,semantic,,,,,,,43,0.005027966573834419,,,,,,,,,,,,,,,,,,,,,,,,,,U
,,,,,,,,,,,,,,,,,,,,,,,,,,,,,,,,,,,,,,,,,,,,,,,,,,,,,,,,,,,,,,,4.0,2.384185791015625e-07,1.1805585675705998e-10,20695.0,0.3325676322103872,,,,,,,,,,,,,,,,Toys,,,,,,,,,,,,,,,,,,,,,,,,,,,-0.013928438106518282,0.23607156189348172,0.20774797052145005,0.2444372633472085,0.2559753067791462,0.030785995751172045,,,,,,,,,,,,,,,,,,,,,,,,,,,,,,,,,,,,,,,,,,,,,,,,,,,,,,,0.2257579104108529,,,,,,,,,,,,,,,,,,,,,,,,,,0.8931902782004657,0.014981063674437271,text,,0.3169308607669629,0.1217838833532247,0.31294876245564457,0.49662811729077094,0.14467795361078234,0.0956435190315571,0.7942538119838193,0.9844938914538831,0.3237334635743938,0.6674323677896128,,0.7639284381065183,0.8931902782004657,,,,,,,,,,,,,,,,,,,0.05187503398633465,0.006238693720661105,0.030675625738998253,0.11766558227439723,0.06525328633021749,,,,,,,,,,,,,,,,,,,,,,,,,,,,,,,,,,,,,,,,,,,,,,,,,,,,,,,,,,,,,,,,,,,,,,,,,,,,,,,,,,attention,,,,,,,43,,,,,,,,,,,,,,,,,,,,,,,,,,0.25,U
,,,,,,,,16.152332789106527,16.252716064453125,16.152332789106527,0.07069714367389679,16.10428466796875,16.136317443847656,16.150850296020508,16.166654586791992,16.181732177734375,16.195250701904296,16.2186625289917,0.4510974942953711,0.04255227658535157,0.2758537828922272,-0.002831571432258416,-0.2445010393857956,-0.12061251491308213,-0.07030947282910346,-0.03959130961447954,-0.0037668347358703613,0.03291747719049454,0.06604755297303203,0.12229125984013078,0.05293064902721057,,,,,,,,,,,,,,,,,,,,,,,,,,,,,,,,,,,,,,,,,,,,,,,,,,,,Toys,,,,,,,,,,,,,,0.13469354808330536,,,,,,,,,,,,,,,,,,,,,,,,,,,,,,,,,,,,,,,,,,,,,,,,,,,,,,,,,,,,,,,,,,,,,1,0.08425202965736389,10.055142402648926,,,,,,,,,,,,,,,,,,,,,,,,,,,,,,text,,,,,,,,,,,,,,,,,,,,,,,,,,,,,,,,,,,,,,,,,,,,,,,,,,,,,,,,,,,,,,,,,,,,,,,,,,,,,,,,,,,,,,,,,,,,,,,,,,,,,,,,,,,,,,,,,,,,,,,context,,,,,,,43,,,,,,,,,,,,,,,,,,,,,,,,,,,U
,,,,,,,,15.487430631230206,16.243019104003906,15.487430631230206,0.07068762928247452,2.5259975481033323,16.095357131958007,16.12694263458252,16.146804809570312,16.164323806762695,16.178962326049806,16.20353157043457,2.7108299700288483,0.04256620387591104,0.27586328983306885,-0.0028245451538113234,-0.2444533109664917,-0.12069485872983933,-0.0703346461057663,-0.0395915387198329,-0.003751784563064575,0.032933808863162994,0.06606667190790179,0.12234568625688527,0.05295096356723967,,,,,,,,,,,,,,,,,,,,,,,,,,,,,,,,,,,,,,,,,,,,,,,,,,,,Toys,,,,,,,,,,,,,,0.13469354808330536,,,,,,,,,,,,,,,,,,,,,,,,,,,,,,,,,,,,,,,,,,,,,,,,,,,,,,,,,,,,,,,,,,,,,2,0.08425202965736389,10.058942794799805,,,,,,,,,,,,,,,,,,,,,,,,,,,,,,text,,,,,,,,,,,,,,,,,,,,,,,,,,,,,,,,,,,,,,,,,,,,,,,,,,,,,,,,,,,,,,,,,,,,,,,,,,,,,,,,,,,,,,,,,,,,,,,,,,,,,,,,,,,,,,,,,,,,,,,context,,,,,,,43,,,,,,,,,,,,,,,,,,,,,,,,,,,U
,,,,,,,,15.147378828039015,16.206470489501953,15.147378828039015,0.06957505643367767,0.12379062980413437,15.812876892089843,16.007452964782715,16.074270248413086,16.110703468322754,16.134746551513672,16.165469703674315,3.5721836555932414,0.04257140929022797,0.27586352825164795,-0.0028200513026649917,-0.2444627434015274,-0.12073095798492431,-0.0703444465994835,-0.03959071822464466,-0.003746066242456436,0.032944051548838615,0.0660712718963623,0.12237305879592886,0.05295945080101944,,,,,,,,,,,,,,,,,,,,,,,,,,,,,,,,,,,,,,,,,,,,,,,,,,,,Toys,,,,,,,,,,,,,,0.13469354808330536,,,,,,,,,,,,,,,,,,,,,,,,,,,,,,,,,,,,,,,,,,,,,,,,,,,,,,,,,,,,,,,,,,,,,3,0.08425202965736389,10.06053352355957,,,,,,,,,,,,,,,,,,,,,,,,,,,,,,text,,,,,,,,,,,,,,,,,,,,,,,,,,,,,,,,,,,,,,,,,,,,,,,,,,,,,,,,,,,,,,,,,,,,,,,,,,,,,,,,,,,,,,,,,,,,,,,,,,,,,,,,,,,,,,,,,,,,,,,context,,,,,,,43,,,,,,,,,,,,,,,,,,,,,,,,,,,U
,,,,,,,,,,,,,,,,,,,,,,,,,,,,,,,,,,,,,,,,,,,,,,,,,,,,,,,,,,,,,,,,,,,,,,,,,,,,,,,,,,,Toys,,,,,,,,,,,,,,,,,,,,,,,,,,,,,,,,,,,,,,,,,,,,,1.5494496336764372,1.5635809898376465,1.5494496336764372,1.5336092710494995,1.5386163735389708,1.542556643486023,1.545492172241211,1.549329161643982,1.553379237651825,1.5565943002700806,1.5603699421882629,0.0052496676242477095,1.5494496336764372,1.5635809898376465,1.5494496336764372,1.5336092710494995,1.5386163735389708,1.542556643486023,1.545492172241211,1.549329161643982,1.553379237651825,1.5565943002700806,1.5603699421882629,0.0052496676242477095,,,,,,,,,,,,,,,,,,,,,,,,,,,,,,,,,,,,,,,,,,,,,,,text,,,,,,,,,,,,,,,,,,,,,,,,,,,,,,,,,,,,,,,,,,,,,,,,,,,,,,,,,,,,,,,,,,,,,,,,,,,,,,,,,,,,,,,,,,,,,,,,,,,,,,,,,,,,,,,,,,,,,,,effective_order,,,,,,,43,,,,,,,,,,,,,,,,,,,,,,,,,,,U
,,,,,,,,,,,,,,,,,,,,,,,,,,,,,,,,,,,,,,,,,,,,,,,,,,,,,,,,,,,,,,,,,,,,,,,,,,,,,,,,,,,Toys,,,,,,,,,,,,,,,,,,,,,,,,,,,,,,,,,,,,,,,,,,,,,,,,,,,,,,,,,,,,,,,,,,,,,,,,,,,,,,,,,1,,,,,,,,,,,,,,,,,,,,,,,,,,,,,,,0.0,,,text,,,,,,,,,,,,,,,,,,,,,,,,,,,,,,,,,,,,,,,,,,,,,,,,,,,,,,,,,,,,,,,,,,,,,,,,,,,,,,,,,,,,,,,,,,,,,,,,,,,,,,,,,,,,,,,,,,,,,,,interaction_off_check,,,,,,,43,,,,,,,,,,,,,,,,,,,,,,,,,,,U
,,,,,,,,,,,,,,,,,,,,,,,,,,,,,,,,,,,,,,,,,,,,,,,,0.09123011756221233,0.0,0.0,0.10722530633211136,0.09123011756221233,0.07627125829458237,0.07998046338558197,0.08391330242156983,0.08703819289803505,0.09107270836830139,0.0953625850379467,0.09886058419942856,0.10303061157464981,0.16384152708673122,0.005563458037004483,,,,,,,,,0.10378087579872793,0.5942456722259521,0.10378087567200146,-1.1920928955078125e-07,0.005689342021942138,0.023115062713623048,0.04782247543334961,0.08949112892150879,0.1439990997314453,0.20162343978881836,0.3361612010002138,0.07332933828171988,Toys,,,,,,,,,,,,,,,,,,,,,,,,,,,,,,,,,,,,,,,,,,,,,,,,,,,,,,,,,,,,,,,,,,,,,,,,,,,,,,,,,,,1,,,,,,,,,,,,,,,,,,,,,,,,,,,,,,,,visual,,,,,,,,,,,,,,,,,,,,,2.508981185418994,3.3815784454345703,-2.2274162954905616,-8.20789623260498,-6.5992107105255124,-4.995062923431396,-3.758660316467285,-2.234246015548706,-0.6676772832870483,0.5492572426795964,1.9724998879432678,2.064859346789806,,,,,,,,,,,,,,,,,,,,,,,,,,,,,,,,,,,,,,,,,,,,,,,,,,,,,,,,,,,,,,,,,,,,,,,,,,,,,,,,,,,,nan,-0.027131950482726097,0.032388363033533096,semantic,,,,,,,43,-0.028365686535835266,,,,,,,,,,,,,,,,,,,,,,,,,,U
,,,,,,,,,,,,,,,,,,,,,,,,,,,,,,,,,,,,,,,,,,,,,,,,0.09117616671716916,0.0,0.0,0.1072240099310875,0.09117616671716916,0.07623966783285141,0.07992130368947983,0.08388236165046692,0.086986493319273,0.09100720286369324,0.09530570730566978,0.09880678057670594,0.10296616718173028,0.16368772085331545,0.005565902812837341,,,,,,,,,0.11063231864854546,0.5435488224029541,0.11063231854486016,-1.1920928955078125e-07,0.01278295397758484,0.03888117074966431,0.061949074268341064,0.09847831726074219,0.14545968174934387,0.19737961292266856,0.32348576188087497,0.06626132966103122,Toys,,,,,,,,,,,,,,,,,,,,,,,,,,,,,,,,,,,,,,,,,,,,,,,,,,,,,,,,,,,,,,,,,,,,,,,,,,,,,,,,,,,2,,,,,,,,,,,,,,,,,,,,,,,,,,,,,,,,visual,,,,,,,,,,,,,,,,,,,,,2.508981185418994,3.3815784454345703,-2.2274162954905616,-8.20789623260498,-6.5992107105255124,-4.995062923431396,-3.758660316467285,-2.234246015548706,-0.6676772832870483,0.5492572426795964,1.9724998879432678,2.064859346789806,,,,,,,,,,,,,,,,,,,,,,,,,,,,,,,,,,,,,,,,,,,,,,,,,,,,,,,,,,,,,,,,,,,,,,,,,,,,,,,,,,,,nan,-0.027131950482726097,0.032388363033533096,semantic,,,,,,,43,-0.028834424912929535,,,,,,,,,,,,,,,,,,,,,,,,,,U
,,,,,,,,,,,,,,,,,,,,,,,,,,,,,,,,,,,,,,,,,,,,,,,,0.09254944717705495,0.0,0.0,0.108807273209095,0.09254944717705495,0.07744522392749786,0.08113325789570808,0.08518175780773163,0.0882948786020279,0.09238036721944809,0.09674039483070374,0.10028618723154067,0.10454248428344727,0.16320388596973232,0.005647926107416493,,,,,,,,,0.1315785161940249,0.577966570854187,0.13157851613642196,-1.1920928955078125e-07,0.016908588409423827,0.051540029048919675,0.07783076167106628,0.11871814727783203,0.17118209600448608,0.22736408710479739,0.36407572269439714,0.07343414161803867,Toys,,,,,,,,,,,,,,,,,,,,,,,,,,,,,,,,,,,,,,,,,,,,,,,,,,,,,,,,,,,,,,,,,,,,,,,,,,,,,,,,,,,3,,,,,,,,,,,,,,,,,,,,,,,,,,,,,,,,visual,,,,,,,,,,,,,,,,,,,,,2.508981185418994,3.3815784454345703,-2.2274162954905616,-8.20789623260498,-6.5992107105255124,-4.995062923431396,-3.758660316467285,-2.234246015548706,-0.6676772832870483,0.5492572426795964,1.9724998879432678,2.064859346789806,,,,,,,,,,,,,,,,,,,,,,,,,,,,,,,,,,,,,,,,,,,,,,,,,,,,,,,,,,,,,,,,,,,,,,,,,,,,,,,,,,,,nan,-0.027131950482726097,0.032388363033533096,semantic,,,,,,,43,-0.011802333407104015,,,,,,,,,,,,,,,,,,,,,,,,,,U
,,,,,,,,,,,,,,,,,,,,,,,,,,,,,,,,,,,,,,,,,,,,,,,,,,,,,,,,,,,,,,,4.0,2.384185791015625e-07,1.2574158839297049e-22,20695.0,0.3721020340633163,,,,,,,,,,,,,,,,Toys,,,,,,,,,,,,,,,,,,,,,,,,,,,0.01765230495743514,0.26765230495743514,0.2528259125632758,0.26015936583280563,0.28822843823581934,0.0248119699706716,,,,,,,,,,,,,,,,,,,,,,,,,,,,,,,,,,,,,,,,,,,,,,,,,,,,,,,0.21508635983552282,,,,,,,,,,,,,,,,,,,,,,,,,,0.8429843257722065,0.024142545645324934,visual,,0.2811246567259934,0.12773285012621255,0.25737188059553695,0.43618931088598834,0.14226765582899709,0.2518248868501587,0.6409221610724063,0.9734090840931219,0.26398175610602953,0.6278979659366837,,0.7323476950425649,0.8429843257722065,,,,,,,,,,,,,,,,,,,0.06881378931832016,0.020021147777636843,0.052839373238384724,0.13158191492160176,0.058931046361328725,,,,,,,,,,,,,,,,,,,,,,,,,,,,,,,,,,,,,,,,,,,,,,,,,,,,,,,,,,,,,,,,,,,,,,,,,,,,,,,,,,attention,,,,,,,43,,,,,,,,,,,,,,,,,,,,,,,,,,0.25,U
,,,,,,,,16.256535514260325,16.372692108154297,16.256535514260325,0.07758878916501999,16.230346488952637,16.257863998413086,16.272194862365723,16.28743553161621,16.302377700805664,16.3155158996582,16.33708194732666,0.7033616202437688,0.060955874381652474,0.3876385986804962,-0.0012787741811383791,-0.3584044277667999,-0.17961221665143967,-0.09944289922714233,-0.05260074883699417,-0.0009170144039671868,0.050488417968153954,0.09642136693000797,0.17473991006612774,0.07636881319691724,,,,,,,,,,,,,,,,,,,,,,,,,,,,,,,,,,,,,,,,,,,,,,,,,,,,Toys,,,,,,,,,,,,,,0.12905767560005188,,,,,,,,,,,,,,,,,,,,,,,,,,,,,,,,,,,,,,,,,,,,,,,,,,,,,,,,,,,,,,,,,,,,,1,0.11612794548273087,10.509408950805664,,,,,,,,,,,,,,,,,,,,,,,,,,,,,,visual,,,,,,,,,,,,,,,,,,,,,,,,,,,,,,,,,,,,,,,,,,,,,,,,,,,,,,,,,,,,,,,,,,,,,,,,,,,,,,,,,,,,,,,,,,,,,,,,,,,,,,,,,,,,,,,,,,,,,,,context,,,,,,,43,,,,,,,,,,,,,,,,,,,,,,,,,,,U
,,,,,,,,15.85698781958033,16.358869552612305,15.85698781958033,0.07757816463708878,6.892900762557983,16.227939987182616,16.252352714538574,16.270896911621094,16.286795616149902,16.300128173828124,16.324768409729003,1.7946700855610307,0.060986895640027225,0.3883587419986725,-0.0012854342239876876,-0.3590637743473053,-0.1796982803940773,-0.09949387609958649,-0.052634863182902336,-0.0009225578978657722,0.05049318540841341,0.09645601809024826,0.174859708994627,0.07640883853453544,,,,,,,,,,,,,,,,,,,,,,,,,,,,,,,,,,,,,,,,,,,,,,,,,,,,Toys,,,,,,,,,,,,,,0.12905767560005188,,,,,,,,,,,,,,,,,,,,,,,,,,,,,,,,,,,,,,,,,,,,,,,,,,,,,,,,,,,,,,,,,,,,,2,0.11612794548273087,10.51491641998291,,,,,,,,,,,,,,,,,,,,,,,,,,,,,,visual,,,,,,,,,,,,,,,,,,,,,,,,,,,,,,,,,,,,,,,,,,,,,,,,,,,,,,,,,,,,,,,,,,,,,,,,,,,,,,,,,,,,,,,,,,,,,,,,,,,,,,,,,,,,,,,,,,,,,,,context,,,,,,,43,,,,,,,,,,,,,,,,,,,,,,,,,,,U
,,,,,,,,15.372753523494648,16.343425750732422,15.372753523494648,0.07717923820018768,0.5206118667125702,16.024444580078125,16.16183853149414,16.210004806518555,16.239700317382812,16.26032066345215,16.292553749084473,3.2951005258873605,0.06101281691104626,0.3885626494884491,-0.0012886101677367881,-0.358827143907547,-0.17978260084986686,-0.09953698813915253,-0.052667503245174885,-0.0009195785969495773,0.05051238276064396,0.09647914320230486,0.17493437051773042,0.0764420462784751,,,,,,,,,,,,,,,,,,,,,,,,,,,,,,,,,,,,,,,,,,,,,,,,,,,,Toys,,,,,,,,,,,,,,0.12905767560005188,,,,,,,,,,,,,,,,,,,,,,,,,,,,,,,,,,,,,,,,,,,,,,,,,,,,,,,,,,,,,,,,,,,,,3,0.11612794548273087,10.519461631774902,,,,,,,,,,,,,,,,,,,,,,,,,,,,,,visual,,,,,,,,,,,,,,,,,,,,,,,,,,,,,,,,,,,,,,,,,,,,,,,,,,,,,,,,,,,,,,,,,,,,,,,,,,,,,,,,,,,,,,,,,,,,,,,,,,,,,,,,,,,,,,,,,,,,,,,context,,,,,,,43,,,,,,,,,,,,,,,,,,,,,,,,,,,U
,,,,,,,,,,,,,,,,,,,,,,,,,,,,,,,,,,,,,,,,,,,,,,,,,,,,,,,,,,,,,,,,,,,,,,,,,,,,,,,,,,,Toys,,,,,,,,,,,,,,,,,,,,,,,,,,,,,,,,,,,,,,,,,,,,,1.7807239270607726,1.7896653413772583,1.7807239270607726,1.7673466205596924,1.7719006586074828,1.7761378288269043,1.7785623669624329,1.780996322631836,1.7831645607948303,1.7848784446716308,1.787650122642517,0.0034153031291385234,1.7807239270607726,1.7896653413772583,1.7807239270607726,1.7673466205596924,1.7719006586074828,1.7761378288269043,1.7785623669624329,1.780996322631836,1.7831645607948303,1.7848784446716308,1.787650122642517,0.0034153031291385234,,,,,,,,,,,,,,,,,,,,,,,,,,,,,,,,,,,,,,,,,,,,,,,visual,,,,,,,,,,,,,,,,,,,,,,,,,,,,,,,,,,,,,,,,,,,,,,,,,,,,,,,,,,,,,,,,,,,,,,,,,,,,,,,,,,,,,,,,,,,,,,,,,,,,,,,,,,,,,,,,,,,,,,,effective_order,,,,,,,43,,,,,,,,,,,,,,,,,,,,,,,,,,,U
,,,,,,,,,,,,,,,,,,,,,,,,,,,,,,,,,,,,,,,,,,,,,,,,,,,,,,,,,,,,,,,,,,,,,,,,,,,,,,,,,,,Toys,,,,,,,,,,,,,,,,,,,,,,,,,,,,,,,,,,,,,,,,,,,,,,,,,,,,,,,,,,,,,,,,,,,,,,,,,,,,,,,,,1,,,,,,,,,,,,,,,,,,,,,,,,,,,,,,,0.0,,,visual,,,,,,,,,,,,,,,,,,,,,,,,,,,,,,,,,,,,,,,,,,,,,,,,,,,,,,,,,,,,,,,,,,,,,,,,,,,,,,,,,,,,,,,,,,,,,,,,,,,,,,,,,,,,,,,,,,,,,,,interaction_off_check,,,,,,,43,,,,,,,,,,,,,,,,,,,,,,,,,,,U
,,,,,,,,,,,,,,,,,,,,,,,,,,,,,,,,,,,,,,,,,,,,,,,,0.09643769115533596,0.0,0.0,0.10646146535873413,0.09643769115533596,0.08696474879980087,0.08859121158719063,0.09179464429616928,0.09402283281087875,0.09657250344753265,0.09897458553314209,0.10093645602464676,0.10329317957162858,0.09479500824690647,0.003432973309470444,,,,,,,,,0.09189504572492085,0.5120627880096436,0.09189504570187967,-1.1920928955078125e-07,0.0014509785175323487,0.016260194778442382,0.038134098052978516,0.07663297653198242,0.12815338373184204,0.18950815200805668,0.31833734512329126,0.0705788922248781,Toys,,,,,,,,,,,,,,,,,,,,,,,,,,,,,,,,,,,,,,,,,,,,,,,,,,,,,,,,,,,,,,,,,,,,,,,,,,,,,,,,,,,1,,,,,,,,,,,,,,,,,,,,,,,,,,,,,,,,text,,,,,,,,,,,,,,,,,,,,,1.939265592177752,4.000351428985596,-1.45815837688991,-7.045397758483887,-6.030553092956543,-4.113164710998535,-2.8114019632339478,-1.3488210439682007,-0.005379680078476667,1.0710094690322878,2.333826332092287,1.9492093871273555,,,,,,,,,,,,,,,,,,,,,,,,,,,,,,,,,,,,,,,,,,,,,,,,,,,,,,,,,,,,,,,,,,,,,,,,,,,,,,,,,,,,nan,0.00483649643138051,0.02029101736843586,semantic,,,,,,,44,-0.011709997430443764,,,,,,,,,,,,,,,,,,,,,,,,,,U
,,,,,,,,,,,,,,,,,,,,,,,,,,,,,,,,,,,,,,,,,,,,,,,,0.09735441680697894,0.0,0.0,0.10748746246099472,0.09735441680697894,0.08779584616422653,0.08943906486034393,0.09267834424972535,0.09491844475269318,0.09749218076467514,0.09991452470421791,0.10189203023910523,0.10426186069846154,0.09464065721386716,0.0034620864346666708,,,,,,,,,0.09805011865049493,0.5088058114051819,0.09805011862745375,-1.1920928955078125e-07,0.0028089284896850586,0.02980456352233887,0.05298188328742981,0.08623754978179932,0.12944164872169495,0.1829857110977173,0.29690542817115795,0.06284980016250549,Toys,,,,,,,,,,,,,,,,,,,,,,,,,,,,,,,,,,,,,,,,,,,,,,,,,,,,,,,,,,,,,,,,,,,,,,,,,,,,,,,,,,,2,,,,,,,,,,,,,,,,,,,,,,,,,,,,,,,,text,,,,,,,,,,,,,,,,,,,,,1.939265592177752,4.000351428985596,-1.45815837688991,-7.045397758483887,-6.030553092956543,-4.113164710998535,-2.8114019632339478,-1.3488210439682007,-0.005379680078476667,1.0710094690322878,2.333826332092287,1.9492093871273555,,,,,,,,,,,,,,,,,,,,,,,,,,,,,,,,,,,,,,,,,,,,,,,,,,,,,,,,,,,,,,,,,,,,,,,,,,,,,,,,,,,,nan,0.00483649643138051,0.02029101736843586,semantic,,,,,,,44,-0.0012622929643839598,,,,,,,,,,,,,,,,,,,,,,,,,,U
,,,,,,,,,,,,,,,,,,,,,,,,,,,,,,,,,,,,,,,,,,,,,,,,0.09652761923903917,0.0,0.0,0.1066022738814354,0.09652761923903917,0.08704080432653427,0.08867016270756721,0.09188845455646515,0.09411248192191124,0.09666415303945541,0.09906601533293724,0.1010301262140274,0.10337805435061455,0.09470524321986322,0.00343551230149308,,,,,,,,,0.11639077312619711,0.540366530418396,0.11639077310315593,-1.1920928955078125e-07,0.004349112510681152,0.0392171859741211,0.06658881902694702,0.10423493385314941,0.15250316262245178,0.21156641244888308,0.3295605802536016,0.0696195602131244,Toys,,,,,,,,,,,,,,,,,,,,,,,,,,,,,,,,,,,,,,,,,,,,,,,,,,,,,,,,,,,,,,,,,,,,,,,,,,,,,,,,,,,3,,,,,,,,,,,,,,,,,,,,,,,,,,,,,,,,text,,,,,,,,,,,,,,,,,,,,,1.939265592177752,4.000351428985596,-1.45815837688991,-7.045397758483887,-6.030553092956543,-4.113164710998535,-2.8114019632339478,-1.3488210439682007,-0.005379680078476667,1.0710094690322878,2.333826332092287,1.9492093871273555,,,,,,,,,,,,,,,,,,,,,,,,,,,,,,,,,,,,,,,,,,,,,,,,,,,,,,,,,,,,,,,,,,,,,,,,,,,,,,,,,,,,nan,0.00483649643138051,0.02029101736843586,semantic,,,,,,,44,-0.010796571150422096,,,,,,,,,,,,,,,,,,,,,,,,,,U
,,,,,,,,,,,,,,,,,,,,,,,,,,,,,,,,,,,,,,,,,,,,,,,,,,,,,,,,,,,,,,,4.0,2.384185791015625e-07,2.022509493215807e-09,20695.0,0.3184610468040152,,,,,,,,,,,,,,,,Toys,,,,,,,,,,,,,,,,,,,,,,,,,,,-0.010117034820828902,0.2398829651791711,0.2189228467643261,0.24562830291688442,0.25545274168252946,0.023405119183198698,,,,,,,,,,,,,,,,,,,,,,,,,,,,,,,,,,,,,,,,,,,,,,,,,,,,,,,0.2489756298613437,,,,,,,,,,,,,,,,,,,,,,,,,,0.9305145830573285,0.01094371609880553,text,,0.33137084545325884,0.12294740396841944,0.32695805237256675,0.5399451844142189,0.15625188577206908,0.13936504016949514,0.7929538922318882,0.9823526575606004,0.305741929785395,0.6815389531959848,,0.7601170348208289,0.9305145830573285,,,,,,,,,,,,,,,,,,,0.044321293815810486,0.006684219123174747,0.029198705529173214,0.09750253620441074,0.050342563422359494,,,,,,,,,,,,,,,,,,,,,,,,,,,,,,,,,,,,,,,,,,,,,,,,,,,,,,,,,,,,,,,,,,,,,,,,,,,,,,,,,,attention,,,,,,,44,,,,,,,,,,,,,,,,,,,,,,,,,,0.25,U
,,,,,,,,16.140584126492865,16.251827239990234,16.140584126492865,0.07188747078180313,16.09477081298828,16.12266960144043,16.137331008911133,16.153865814208984,16.17059898376465,16.18605155944824,16.213747749328615,0.44983460593274116,0.04865394037789066,0.32510146498680115,-0.005576950186267821,-0.2942999005317688,-0.1495247006416321,-0.08398075699806212,-0.046201664954423904,-0.00501406192779541,0.035335518419742584,0.07173873409628875,0.13599896878004056,0.06100607854302367,,,,,,,,,,,,,,,,,,,,,,,,,,,,,,,,,,,,,,,,,,,,,,,,,,,,Toys,,,,,,,,,,,,,,0.1339486539363861,,,,,,,,,,,,,,,,,,,,,,,,,,,,,,,,,,,,,,,,,,,,,,,,,,,,,,,,,,,,,,,,,,,,,1,0.09561436623334885,10.220255851745605,,,,,,,,,,,,,,,,,,,,,,,,,,,,,,text,,,,,,,,,,,,,,,,,,,,,,,,,,,,,,,,,,,,,,,,,,,,,,,,,,,,,,,,,,,,,,,,,,,,,,,,,,,,,,,,,,,,,,,,,,,,,,,,,,,,,,,,,,,,,,,,,,,,,,,context,,,,,,,44,,,,,,,,,,,,,,,,,,,,,,,,,,,U
,,,,,,,,15.672234088555069,16.23199462890625,15.672234088555069,0.07188506424427032,5.275991096496582,16.086870193481445,16.11445426940918,16.13498878479004,16.15359115600586,16.170779418945312,16.198497695922853,1.998130965681879,0.04867231246040442,0.32509443163871765,-0.005556143526145359,-0.29466983675956726,-0.14955581724643707,-0.08399004340171815,-0.046195593662559986,-0.0049912878312170506,0.03538170363754034,0.07180036008358007,0.13602696716785428,0.061029811878691234,,,,,,,,,,,,,,,,,,,,,,,,,,,,,,,,,,,,,,,,,,,,,,,,,,,,Toys,,,,,,,,,,,,,,0.1339486539363861,,,,,,,,,,,,,,,,,,,,,,,,,,,,,,,,,,,,,,,,,,,,,,,,,,,,,,,,,,,,,,,,,,,,,2,0.09561436623334885,10.223959922790527,,,,,,,,,,,,,,,,,,,,,,,,,,,,,,text,,,,,,,,,,,,,,,,,,,,,,,,,,,,,,,,,,,,,,,,,,,,,,,,,,,,,,,,,,,,,,,,,,,,,,,,,,,,,,,,,,,,,,,,,,,,,,,,,,,,,,,,,,,,,,,,,,,,,,,context,,,,,,,44,,,,,,,,,,,,,,,,,,,,,,,,,,,U
,,,,,,,,15.184640175069939,16.21095085144043,15.184640175069939,0.07083819061517715,0.27600910663604733,15.836950492858886,16.008612632751465,16.06708335876465,16.101548194885254,16.126389694213866,16.16477394104004,3.4389014268984046,0.04867766223493828,0.3251682221889496,-0.005544866819741623,-0.29477590322494507,-0.1495496852695942,-0.0839853048324585,-0.046194955706596375,-0.004980519413948059,0.035393841564655304,0.0718194991350174,0.1360451865196226,0.06103567973933441,,,,,,,,,,,,,,,,,,,,,,,,,,,,,,,,,,,,,,,,,,,,,,,,,,,,Toys,,,,,,,,,,,,,,0.1339486539363861,,,,,,,,,,,,,,,,,,,,,,,,,,,,,,,,,,,,,,,,,,,,,,,,,,,,,,,,,,,,,,,,,,,,,3,0.09561436623334885,10.22487735748291,,,,,,,,,,,,,,,,,,,,,,,,,,,,,,text,,,,,,,,,,,,,,,,,,,,,,,,,,,,,,,,,,,,,,,,,,,,,,,,,,,,,,,,,,,,,,,,,,,,,,,,,,,,,,,,,,,,,,,,,,,,,,,,,,,,,,,,,,,,,,,,,,,,,,,context,,,,,,,44,,,,,,,,,,,,,,,,,,,,,,,,,,,U
,,,,,,,,,,,,,,,,,,,,,,,,,,,,,,,,,,,,,,,,,,,,,,,,,,,,,,,,,,,,,,,,,,,,,,,,,,,,,,,,,,,Toys,,,,,,,,,,,,,,,,,,,,,,,,,,,,,,,,,,,,,,,,,,,,,1.5562565265861967,1.591874599456787,1.5562565265861967,1.5311166048049927,1.5368557047843934,1.5414990663528443,1.5459920763969421,1.5546122789382935,1.5657247304916382,1.573814582824707,1.5822463893890382,0.012075559082924243,1.5562565265861967,1.591874599456787,1.5562565265861967,1.5311166048049927,1.5368557047843934,1.5414990663528443,1.5459920763969421,1.5546122789382935,1.5657247304916382,1.573814582824707,1.5822463893890382,0.012075559082924243,,,,,,,,,,,,,,,,,,,,,,,,,,,,,,,,,,,,,,,,,,,,,,,text,,,,,,,,,,,,,,,,,,,,,,,,,,,,,,,,,,,,,,,,,,,,,,,,,,,,,,,,,,,,,,,,,,,,,,,,,,,,,,,,,,,,,,,,,,,,,,,,,,,,,,,,,,,,,,,,,,,,,,,effective_order,,,,,,,44,,,,,,,,,,,,,,,,,,,,,,,,,,,U
,,,,,,,,,,,,,,,,,,,,,,,,,,,,,,,,,,,,,,,,,,,,,,,,,,,,,,,,,,,,,,,,,,,,,,,,,,,,,,,,,,,Toys,,,,,,,,,,,,,,,,,,,,,,,,,,,,,,,,,,,,,,,,,,,,,,,,,,,,,,,,,,,,,,,,,,,,,,,,,,,,,,,,,1,,,,,,,,,,,,,,,,,,,,,,,,,,,,,,,0.0,,,text,,,,,,,,,,,,,,,,,,,,,,,,,,,,,,,,,,,,,,,,,,,,,,,,,,,,,,,,,,,,,,,,,,,,,,,,,,,,,,,,,,,,,,,,,,,,,,,,,,,,,,,,,,,,,,,,,,,,,,,interaction_off_check,,,,,,,44,,,,,,,,,,,,,,,,,,,,,,,,,,,U
,,,,,,,,,,,,,,,,,,,,,,,,,,,,,,,,,,,,,,,,,,,,,,,,0.09244152757857381,0.0,0.0,0.10956762731075287,0.09244152757857381,0.08105792105197906,0.08439172998070717,0.08711093813180923,0.08911903575062752,0.09202011674642563,0.09555430710315704,0.09841311722993851,0.1025748546421528,0.12226300661680806,0.004310562731003765,,,,,,,,,0.10588776642183487,0.6041032075881958,0.10588776620294368,-1.1920928955078125e-07,0.005719219446182251,0.023770058155059816,0.047628164291381836,0.08966970443725586,0.1463710367679596,0.20946307182312013,0.34715677142143253,0.07664600108588562,Toys,,,,,,,,,,,,,,,,,,,,,,,,,,,,,,,,,,,,,,,,,,,,,,,,,,,,,,,,,,,,,,,,,,,,,,,,,,,,,,,,,,,1,,,,,,,,,,,,,,,,,,,,,,,,,,,,,,,,visual,,,,,,,,,,,,,,,,,,,,,2.3138323010422286,4.617372512817383,-2.067712199201318,-6.991354942321777,-5.516110916137695,-4.298885726928711,-3.42993700504303,-2.210731267929077,-0.7535973191261292,0.38441620469093396,2.0156033325195355,1.781555996280259,,,,,,,,,,,,,,,,,,,,,,,,,,,,,,,,,,,,,,,,,,,,,,,,,,,,,,,,,,,,,,,,,,,,,,,,,,,,,,,,,,,,nan,-0.02481825463473797,0.028624165803194046,semantic,,,,,,,44,-0.026210416108369827,,,,,,,,,,,,,,,,,,,,,,,,,,U
,,,,,,,,,,,,,,,,,,,,,,,,,,,,,,,,,,,,,,,,,,,,,,,,0.09241009143512587,0.0,0.0,0.10945132374763489,0.09241009143512587,0.08108353614807129,0.08434015050530434,0.08709037601947785,0.08908343315124512,0.09199473261833191,0.09552642330527306,0.09837395250797272,0.10255125612020494,0.1221032931916761,0.004308774729449221,,,,,,,,,0.11291245061955495,0.5594972968101501,0.11291245052739024,-1.1920928955078125e-07,0.012446677684783936,0.038182735443115234,0.06167864799499512,0.0994831919670105,0.149007648229599,0.20429453849792503,0.3318634390830999,0.06934628215368072,Toys,,,,,,,,,,,,,,,,,,,,,,,,,,,,,,,,,,,,,,,,,,,,,,,,,,,,,,,,,,,,,,,,,,,,,,,,,,,,,,,,,,,2,,,,,,,,,,,,,,,,,,,,,,,,,,,,,,,,visual,,,,,,,,,,,,,,,,,,,,,2.3138323010422286,4.617372512817383,-2.067712199201318,-6.991354942321777,-5.516110916137695,-4.298885726928711,-3.42993700504303,-2.210731267929077,-0.7535973191261292,0.38441620469093396,2.0156033325195355,1.781555996280259,,,,,,,,,,,,,,,,,,,,,,,,,,,,,,,,,,,,,,,,,,,,,,,,,,,,,,,,,,,,,,,,,,,,,,,,,,,,,,,,,,,,nan,-0.02481825463473797,0.028624165803194046,semantic,,,,,,,44,-0.026410697028040886,,,,,,,,,,,,,,,,,,,,,,,,,,U
,,,,,,,,,,,,,,,,,,,,,,,,,,,,,,,,,,,,,,,,,,,,,,,,0.09373767496300194,0.0,0.0,0.11099023371934891,0.09373767496300194,0.08227498829364777,0.08554549470543861,0.08834856599569321,0.09036276862025261,0.09331930428743362,0.0968949906527996,0.09978626966476441,0.10401639997959138,0.122018213844792,0.004367487976070971,,,,,,,,,0.1342853753196355,0.5894992351531982,0.1342853752274708,-1.1920928955078125e-07,0.018486440181732178,0.05025303363800049,0.07796543836593628,0.1203572154045105,0.1752602458000183,0.23645908832550055,0.37627192020416267,0.07693497653818591,Toys,,,,,,,,,,,,,,,,,,,,,,,,,,,,,,,,,,,,,,,,,,,,,,,,,,,,,,,,,,,,,,,,,,,,,,,,,,,,,,,,,,,3,,,,,,,,,,,,,,,,,,,,,,,,,,,,,,,,visual,,,,,,,,,,,,,,,,,,,,,2.3138323010422286,4.617372512817383,-2.067712199201318,-6.991354942321777,-5.516110916137695,-4.298885726928711,-3.42993700504303,-2.210731267929077,-0.7535973191261292,0.38441620469093396,2.0156033325195355,1.781555996280259,,,,,,,,,,,,,,,,,,,,,,,,,,,,,,,,,,,,,,,,,,,,,,,,,,,,,,,,,,,,,,,,,,,,,,,,,,,,,,,,,,,,nan,-0.02481825463473797,0.028624165803194046,semantic,,,,,,,44,-0.010150328278541565,,,,,,,,,,,,,,,,,,,,,,,,,,U
,,,,,,,,,,,,,,,,,,,,,,,,,,,,,,,,,,,,,,,,,,,,,,,,,,,,,,,,,,,,,,,4.0,2.384185791015625e-07,9.687026126824802e-18,20695.0,0.2783355779612058,,,,,,,,,,,,,,,,Toys,,,,,,,,,,,,,,,,,,,,,,,,,,,0.022379261651804372,0.27237926165180437,0.25471367556601765,0.2648399882018566,0.2955698721110821,0.02720772319773045,,,,,,,,,,,,,,,,,,,,,,,,,,,,,,,,,,,,,,,,,,,,,,,,,,,,,,,0.1661474181183451,,,,,,,,,,,,,,,,,,,,,,,,,,0.8878118401571393,0.02562489400257419,visual,,0.24631356367871277,0.10324115876348083,0.22341426713999218,0.41752740982103537,0.13194477639356886,0.4048882062880206,0.7648194925295839,0.9739509288492729,0.21990186257732916,0.7216644220387942,,0.7276207383481956,0.8878118401571393,,,,,,,,,,,,,,,,,,,0.07450681015399951,0.02138271431128184,0.05809221222989436,0.1423302458840301,0.06317837310374959,,,,,,,,,,,,,,,,,,,,,,,,,,,,,,,,,,,,,,,,,,,,,,,,,,,,,,,,,,,,,,,,,,,,,,,,,,,,,,,,,,attention,,,,,,,44,,,,,,,,,,,,,,,,,,,,,,,,,,0.25,U
,,,,,,,,16.242886877814897,16.36275291442871,16.242886877814897,0.08170492202043533,16.19788185119629,16.23729705810547,16.25577449798584,16.274730682373047,16.29228973388672,16.307752227783205,16.33280330657959,0.7027873095132787,0.06352985590321521,0.3869740962982178,-0.0006227169324440398,-0.39242422580718994,-0.18557088434696198,-0.10286696404218673,-0.054239981807768345,-0.0006456297996919602,0.05276080407202244,0.10142742842435841,0.1865530997514721,0.07972102788562312,,,,,,,,,,,,,,,,,,,,,,,,,,,,,,,,,,,,,,,,,,,,,,,,,,,,Toys,,,,,,,,,,,,,,0.127792626619339,,,,,,,,,,,,,,,,,,,,,,,,,,,,,,,,,,,,,,,,,,,,,,,,,,,,,,,,,,,,,,,,,,,,,1,0.11955030262470245,10.649584770202637,,,,,,,,,,,,,,,,,,,,,,,,,,,,,,visual,,,,,,,,,,,,,,,,,,,,,,,,,,,,,,,,,,,,,,,,,,,,,,,,,,,,,,,,,,,,,,,,,,,,,,,,,,,,,,,,,,,,,,,,,,,,,,,,,,,,,,,,,,,,,,,,,,,,,,,context,,,,,,,44,,,,,,,,,,,,,,,,,,,,,,,,,,,U
,,,,,,,,15.709275623728656,16.356294631958008,15.709275623728656,0.08169885724782944,3.9858726596832277,16.203791427612305,16.234174728393555,16.256567001342773,16.276328086853027,16.29250831604004,16.31890609741211,2.3151820298351855,0.06360741939696155,0.3877689838409424,-0.0006266975170164847,-0.39261674880981445,-0.1857659874856472,-0.10299255698919296,-0.0543006993830204,-0.0006528981029987335,0.05282830074429512,0.10152907818555833,0.18675965398549996,0.07981748050258589,,,,,,,,,,,,,,,,,,,,,,,,,,,,,,,,,,,,,,,,,,,,,,,,,,,,Toys,,,,,,,,,,,,,,0.127792626619339,,,,,,,,,,,,,,,,,,,,,,,,,,,,,,,,,,,,,,,,,,,,,,,,,,,,,,,,,,,,,,,,,,,,,2,0.11955030262470245,10.662341117858887,,,,,,,,,,,,,,,,,,,,,,,,,,,,,,visual,,,,,,,,,,,,,,,,,,,,,,,,,,,,,,,,,,,,,,,,,,,,,,,,,,,,,,,,,,,,,,,,,,,,,,,,,,,,,,,,,,,,,,,,,,,,,,,,,,,,,,,,,,,,,,,,,,,,,,,context,,,,,,,44,,,,,,,,,,,,,,,,,,,,,,,,,,,U
,,,,,,,,15.341644596737792,16.327728271484375,15.341644596737792,0.0807335153222084,0.62446497797966,16.002031326293945,16.142359733581543,16.19538688659668,16.2291259765625,16.25323028564453,16.287277030944825,3.3474283909794718,0.06364561777640179,0.38802456855773926,-0.000628883384471117,-0.3932333290576935,-0.18587932705879212,-0.10305646806955338,-0.05434243939816952,-0.0006557963788509369,0.052850982174277306,0.10160201638937004,0.186856522709131,0.07986498361962226,,,,,,,,,,,,,,,,,,,,,,,,,,,,,,,,,,,,,,,,,,,,,,,,,,,,Toys,,,,,,,,,,,,,,0.127792626619339,,,,,,,,,,,,,,,,,,,,,,,,,,,,,,,,,,,,,,,,,,,,,,,,,,,,,,,,,,,,,,,,,,,,,3,0.11955030262470245,10.668680191040039,,,,,,,,,,,,,,,,,,,,,,,,,,,,,,visual,,,,,,,,,,,,,,,,,,,,,,,,,,,,,,,,,,,,,,,,,,,,,,,,,,,,,,,,,,,,,,,,,,,,,,,,,,,,,,,,,,,,,,,,,,,,,,,,,,,,,,,,,,,,,,,,,,,,,,,context,,,,,,,44,,,,,,,,,,,,,,,,,,,,,,,,,,,U
,,,,,,,,,,,,,,,,,,,,,,,,,,,,,,,,,,,,,,,,,,,,,,,,,,,,,,,,,,,,,,,,,,,,,,,,,,,,,,,,,,,Toys,,,,,,,,,,,,,,,,,,,,,,,,,,,,,,,,,,,,,,,,,,,,,1.7759763331596445,1.785993218421936,1.7759763331596445,1.762333869934082,1.766453869342804,1.77087459564209,1.773498773574829,1.7763092517852783,1.7786456942558289,1.780579137802124,1.7835833477973937,0.003752372313412978,1.7759763331596445,1.785993218421936,1.7759763331596445,1.762333869934082,1.766453869342804,1.77087459564209,1.773498773574829,1.7763092517852783,1.7786456942558289,1.780579137802124,1.7835833477973937,0.003752372313412978,,,,,,,,,,,,,,,,,,,,,,,,,,,,,,,,,,,,,,,,,,,,,,,visual,,,,,,,,,,,,,,,,,,,,,,,,,,,,,,,,,,,,,,,,,,,,,,,,,,,,,,,,,,,,,,,,,,,,,,,,,,,,,,,,,,,,,,,,,,,,,,,,,,,,,,,,,,,,,,,,,,,,,,,effective_order,,,,,,,44,,,,,,,,,,,,,,,,,,,,,,,,,,,U
,,,,,,,,,,,,,,,,,,,,,,,,,,,,,,,,,,,,,,,,,,,,,,,,,,,,,,,,,,,,,,,,,,,,,,,,,,,,,,,,,,,Toys,,,,,,,,,,,,,,,,,,,,,,,,,,,,,,,,,,,,,,,,,,,,,,,,,,,,,,,,,,,,,,,,,,,,,,,,,,,,,,,,,1,,,,,,,,,,,,,,,,,,,,,,,,,,,,,,,0.0,,,visual,,,,,,,,,,,,,,,,,,,,,,,,,,,,,,,,,,,,,,,,,,,,,,,,,,,,,,,,,,,,,,,,,,,,,,,,,,,,,,,,,,,,,,,,,,,,,,,,,,,,,,,,,,,,,,,,,,,,,,,interaction_off_check,,,,,,,44,,,,,,,,,,,,,,,,,,,,,,,,,,,U
,,,,,,,,,,,,,,,,,,,,,,,,,,,,,,,,,,,,,,,,,,,,,,,,0.10288376657863237,0.0,0.0,0.1167655885219574,0.10288376657863237,0.0886935219168663,0.0932586394995451,0.09706918224692344,0.09978757984936237,0.10291603580117226,0.10603406839072704,0.108559600263834,0.11208808235824108,0.11168348903728109,0.004345737581925643,,,,,,,,,0.11239394472943154,0.5435969233512878,0.11239394471546771,-1.1920928955078125e-07,0.0017974847555160523,0.013518846035003664,0.04209716618061066,0.09644025564193726,0.16682790219783783,0.2334444046020508,0.34765013396739963,0.08527354392802454,Grocery,,,,,,,,,,,,,,,,,,,,,,,,,,,,,,,,,,,,,,,,,,,,,,,,,,,,,,,,,,,,,,,,,,,,,,,,,,,,,,,,,,,1,,,,,,,,,,,,,,,,,,,,,,,,,,,,,,,,text,,,,,,,,,,,,,,,,,,,,,1.5652608769424206,5.799817085266113,0.15571678154360535,-6.303719520568848,-4.204359750747681,-2.406158685684204,-1.1777875125408173,0.21219749003648758,1.5439791977405548,2.6237368345260625,4.05962477684021,1.90588495333488,,,,,,,,,,,,,,,,,,,,,,,,,,,,,,,,,,,,,,,,,,,,,,,,,,,,,,,,,,,,,,,,,,,,,,,,,,,,,,,,,,,,nan,0.04766681790351868,0.02487213909626007,semantic,,,,,,,42,0.021524790674448013,,,,,,,,,,,,,,,,,,,,,,,,,,U
,,,,,,,,,,,,,,,,,,,,,,,,,,,,,,,,,,,,,,,,,,,,,,,,0.10379890308457836,0.0,0.0,0.1178276464343071,0.10379890308457836,0.08981090039014816,0.09415112257003784,0.0979539468884468,0.10069441236555576,0.10383454337716103,0.10697131790220737,0.10955879762768746,0.11306647010147572,0.11180128492950339,0.00437610969348946,,,,,,,,,0.13220570344576948,0.5201103687286377,0.13220570344576948,0.00012487173080444336,0.007371039986610412,0.041557437181472784,0.0709991604089737,0.12236285209655762,0.18387795984745026,0.2377603054046631,0.3335091358423233,0.07611543955633071,Grocery,,,,,,,,,,,,,,,,,,,,,,,,,,,,,,,,,,,,,,,,,,,,,,,,,,,,,,,,,,,,,,,,,,,,,,,,,,,,,,,,,,,2,,,,,,,,,,,,,,,,,,,,,,,,,,,,,,,,text,,,,,,,,,,,,,,,,,,,,,1.5652608769424206,5.799817085266113,0.15571678154360535,-6.303719520568848,-4.204359750747681,-2.406158685684204,-1.1777875125408173,0.21219749003648758,1.5439791977405548,2.6237368345260625,4.05962477684021,1.90588495333488,,,,,,,,,,,,,,,,,,,,,,,,,,,,,,,,,,,,,,,,,,,,,,,,,,,,,,,,,,,,,,,,,,,,,,,,,,,,,,,,,,,,nan,0.04766681790351868,0.02487213909626007,semantic,,,,,,,42,0.030460454523563385,,,,,,,,,,,,,,,,,,,,,,,,,,U
,,,,,,,,,,,,,,,,,,,,,,,,,,,,,,,,,,,,,,,,,,,,,,,,0.09389097860880014,0.0,0.0,0.10677938163280487,0.09389097860880014,0.08123503625392914,0.08507244996726512,0.08855107948184014,0.0910516194999218,0.09390605986118317,0.09679308906197548,0.0991640143096447,0.10236918888986112,0.11303465982510055,0.003999321941965258,,,,,,,,,0.1562765525915562,0.5395853519439697,0.1562765525915562,0.00012534856796264648,0.012429130077362061,0.059019720554351805,0.09495042264461517,0.14837276935577393,0.2120715081691742,0.2647200167179108,0.3585020023584366,0.07992837178630009,Grocery,,,,,,,,,,,,,,,,,,,,,,,,,,,,,,,,,,,,,,,,,,,,,,,,,,,,,,,,,,,,,,,,,,,,,,,,,,,,,,,,,,,3,,,,,,,,,,,,,,,,,,,,,,,,,,,,,,,,text,,,,,,,,,,,,,,,,,,,,,1.5652608769424206,5.799817085266113,0.15571678154360535,-6.303719520568848,-4.204359750747681,-2.406158685684204,-1.1777875125408173,0.21219749003648758,1.5439791977405548,2.6237368345260625,4.05962477684021,1.90588495333488,,,,,,,,,,,,,,,,,,,,,,,,,,,,,,,,,,,,,,,,,,,,,,,,,,,,,,,,,,,,,,,,,,,,,,,,,,,,,,,,,,,,nan,0.04766681790351868,0.02487213909626007,semantic,,,,,,,42,-0.08202368021011353,,,,,,,,,,,,,,,,,,,,,,,,,,U
,,,,,,,,,,,,,,,,,,,,,,,,,,,,,,,,,,,,,,,,,,,,,,,,,,,,,,,,,,,,,,,4.0,2.384185791015625e-07,6.69963197940422e-25,17074.0,0.5141771783106852,,,,,,,,,,,,,,,,Grocery,,,,,,,,,,,,,,,,,,,,,,,,,,,-0.013092738719962305,0.2369072612800377,0.1933752464610734,0.24572623572657903,0.26709015314409046,0.04239285695907641,,,,,,,,,,,,,,,,,,,,,,,,,,,,,,,,,,,,,,,,,,,,,,,,,,,,,,,0.4639363883754313,,,,,,,,,,,,,,,,,,,,,,,,,,0.9497592100647461,0.01342068288956792,text,,0.4719681622202769,0.24576018228363647,0.4875786273009495,0.6606603345046269,0.1632893773133114,0.026383763151445867,0.5185766393455885,0.8795479078560025,0.3043627475753009,0.4858228216893148,,0.7630927387199623,0.9497592100647461,,,,,,,,,,,,,,,,,,,0.09634314342659302,0.011018395970343894,0.06550759666909775,0.2244267887576523,0.09723372256018589,,,,,,,,,,,,,,,,,,,,,,,,,,,,,,,,,,,,,,,,,,,,,,,,,,,,,,,,,,,,,,,,,,,,,,,,,,,,,,,,,,attention,,,,,,,42,,,,,,,,,,,,,,,,,,,,,,,,,,0.25,U
,,,,,,,,16.64134679382993,16.810142517089844,16.64134679382993,15.741974830627441,16.52373706817627,16.584905433654786,16.611793518066406,16.64185905456543,16.67192506790161,16.69955711364746,16.747961807250977,0.04750665603946977,0.08243483591308469,0.5135459899902344,-0.005680290839647241,-0.5205124616622925,-0.2558456590771675,-0.13707548081874846,-0.07411376386880875,-0.005780711770057678,0.0628302525728941,0.12616840153932574,0.24335848212242173,0.10422580467259487,,,,,,,,,,,,,,,,,,,,,,,,,,,,,,,,,,,,,,,,,,,,,,,,,,,,Grocery,,,,,,,,,,,,,,0.18214264512062073,,,,,,,,,,,,,,,,,,,,,,,,,,,,,,,,,,,,,,,,,,,,,,,,,,,,,,,,,,,,,,,,,,,,,1,0.13430143892765045,12.321322441101074,,,,,,,,,,,,,,,,,,,,,,,,,,,,,,text,,,,,,,,,,,,,,,,,,,,,,,,,,,,,,,,,,,,,,,,,,,,,,,,,,,,,,,,,,,,,,,,,,,,,,,,,,,,,,,,,,,,,,,,,,,,,,,,,,,,,,,,,,,,,,,,,,,,,,,context,,,,,,,42,,,,,,,,,,,,,,,,,,,,,,,,,,,U
,,,,,,,,16.486413141893422,16.798677444458008,16.486413141893422,0.8187485337257385,13.20589581489563,16.51619873046875,16.566086769104004,16.60658073425293,16.641988277435303,16.6709716796875,16.717705116271972,0.8649471139253083,0.08251156094406215,0.5137230157852173,-0.005632089791415489,-0.5252220034599304,-0.25600968331098556,-0.1371592879295349,-0.07412293553352356,-0.0057371556758880615,0.06293703615665436,0.12633867263793955,0.24368936643004424,0.10432407411181618,,,,,,,,,,,,,,,,,,,,,,,,,,,,,,,,,,,,,,,,,,,,,,,,,,,,Grocery,,,,,,,,,,,,,,0.18214264512062073,,,,,,,,,,,,,,,,,,,,,,,,,,,,,,,,,,,,,,,,,,,,,,,,,,,,,,,,,,,,,,,,,,,,,2,0.13430143892765045,12.331804275512695,,,,,,,,,,,,,,,,,,,,,,,,,,,,,,text,,,,,,,,,,,,,,,,,,,,,,,,,,,,,,,,,,,,,,,,,,,,,,,,,,,,,,,,,,,,,,,,,,,,,,,,,,,,,,,,,,,,,,,,,,,,,,,,,,,,,,,,,,,,,,,,,,,,,,,context,,,,,,,42,,,,,,,,,,,,,,,,,,,,,,,,,,,U
,,,,,,,,16.294806744743177,16.765396118164062,16.294806744743177,0.6266996264457703,8.64223134994507,16.440715408325197,16.511996269226074,16.563247680664062,16.603830337524414,16.63829116821289,16.6968936920166,1.4350971445385026,0.08255572650264781,0.5136668086051941,-0.005624432408178187,-0.5230794548988342,-0.2560965672135353,-0.1372194617986679,-0.07414857856929302,-0.005735993385314941,0.06297145783901215,0.126422730088234,0.24385177165269867,0.10437994769553081,,,,,,,,,,,,,,,,,,,,,,,,,,,,,,,,,,,,,,,,,,,,,,,,,,,,Grocery,,,,,,,,,,,,,,0.18214264512062073,,,,,,,,,,,,,,,,,,,,,,,,,,,,,,,,,,,,,,,,,,,,,,,,,,,,,,,,,,,,,,,,,,,,,3,0.13430143892765045,12.338067054748535,,,,,,,,,,,,,,,,,,,,,,,,,,,,,,text,,,,,,,,,,,,,,,,,,,,,,,,,,,,,,,,,,,,,,,,,,,,,,,,,,,,,,,,,,,,,,,,,,,,,,,,,,,,,,,,,,,,,,,,,,,,,,,,,,,,,,,,,,,,,,,,,,,,,,,context,,,,,,,42,,,,,,,,,,,,,,,,,,,,,,,,,,,U
,,,,,,,,,,,,,,,,,,,,,,,,,,,,,,,,,,,,,,,,,,,,,,,,,,,,,,,,,,,,,,,,,,,,,,,,,,,,,,,,,,,Grocery,,,,,,,,,,,,,,,,,,,,,,,,,,,,,,,,,,,,,,,,,,,,,1.4737645001898496,1.5488179922103882,1.4737645001898496,1.4194837808609009,1.43811469912529,1.454902184009552,1.4648327231407166,1.4746946692466736,1.48221817612648,1.4898782134056092,1.513284571170807,0.014611890990140475,1.4737645001898496,1.5488179922103882,1.4737645001898496,1.4194837808609009,1.43811469912529,1.454902184009552,1.4648327231407166,1.4746946692466736,1.48221817612648,1.4898782134056092,1.513284571170807,0.014611890990140475,,,,,,,,,,,,,,,,,,,,,,,,,,,,,,,,,,,,,,,,,,,,,,,text,,,,,,,,,,,,,,,,,,,,,,,,,,,,,,,,,,,,,,,,,,,,,,,,,,,,,,,,,,,,,,,,,,,,,,,,,,,,,,,,,,,,,,,,,,,,,,,,,,,,,,,,,,,,,,,,,,,,,,,effective_order,,,,,,,42,,,,,,,,,,,,,,,,,,,,,,,,,,,U
,,,,,,,,,,,,,,,,,,,,,,,,,,,,,,,,,,,,,,,,,,,,,,,,,,,,,,,,,,,,,,,,,,,,,,,,,,,,,,,,,,,Grocery,,,,,,,,,,,,,,,,,,,,,,,,,,,,,,,,,,,,,,,,,,,,,,,,,,,,,,,,,,,,,,,,,,,,,,,,,,,,,,,,,1,,,,,,,,,,,,,,,,,,,,,,,,,,,,,,,0.0,,,text,,,,,,,,,,,,,,,,,,,,,,,,,,,,,,,,,,,,,,,,,,,,,,,,,,,,,,,,,,,,,,,,,,,,,,,,,,,,,,,,,,,,,,,,,,,,,,,,,,,,,,,,,,,,,,,,,,,,,,,interaction_off_check,,,,,,,42,,,,,,,,,,,,,,,,,,,,,,,,,,,U
,,,,,,,,,,,,,,,,,,,,,,,,,,,,,,,,,,,,,,,,,,,,,,,,0.09443963974839954,0.0,0.0,0.13443994522094727,0.09443963974839954,0.06686453521251678,0.07304222106933594,0.07919922545552253,0.08578972145915031,0.09397447854280472,0.10239506140351295,0.11006770506501198,0.12187220744788647,0.3268593536718326,0.011545107378526664,,,,,,,,,0.13064878914386113,0.5712692737579346,0.13064878893440357,-1.1920928955078125e-07,0.0017995190620422362,0.01685786247253418,0.04940156638622284,0.11380472779273987,0.19565242528915405,0.26711478233337405,0.39916727840900434,0.09707438618836224,Grocery,,,,,,,,,,,,,,,,,,,,,,,,,,,,,,,,,,,,,,,,,,,,,,,,,,,,,,,,,,,,,,,,,,,,,,,,,,,,,,,,,,,1,,,,,,,,,,,,,,,,,,,,,,,,,,,,,,,,visual,,,,,,,,,,,,,,,,,,,,,2.373160962542465,8.480864524841309,0.9874495691384029,-7.2862958908081055,-4.984558820724487,-2.6364217758178707,-0.9818538278341293,0.9494865238666534,2.982120633125305,4.764472484588623,6.528330259323122,2.743200892015304,,,,,,,,,,,,,,,,,,,,,,,,,,,,,,,,,,,,,,,,,,,,,,,,,,,,,,,,,,,,,,,,,,,,,,,,,,,,,,,,,,,,nan,-0.0065029943361878395,-0.04914246127009392,semantic,,,,,,,42,-0.02136661671102047,,,,,,,,,,,,,,,,,,,,,,,,,,U
,,,,,,,,,,,,,,,,,,,,,,,,,,,,,,,,,,,,,,,,,,,,,,,,0.09448878960922855,0.0,0.0,0.1345447301864624,0.09448878960922855,0.06690105050802231,0.07309069529175759,0.0792296826839447,0.08582482673227787,0.09403437748551369,0.10244353860616684,0.11014009788632392,0.12192117400467396,0.32713314806853155,0.011549064309641862,,,,,,,,,0.1523057755680236,0.5229130983352661,0.1523057754842406,-1.1920928955078125e-07,0.01402478277683258,0.04706276655197144,0.0815696120262146,0.14351993799209595,0.21267464756965637,0.2703524231910706,0.3718993359804154,0.0858469594860841,Grocery,,,,,,,,,,,,,,,,,,,,,,,,,,,,,,,,,,,,,,,,,,,,,,,,,,,,,,,,,,,,,,,,,,,,,,,,,,,,,,,,,,,2,,,,,,,,,,,,,,,,,,,,,,,,,,,,,,,,visual,,,,,,,,,,,,,,,,,,,,,2.373160962542465,8.480864524841309,0.9874495691384029,-7.2862958908081055,-4.984558820724487,-2.6364217758178707,-0.9818538278341293,0.9494865238666534,2.982120633125305,4.764472484588623,6.528330259323122,2.743200892015304,,,,,,,,,,,,,,,,,,,,,,,,,,,,,,,,,,,,,,,,,,,,,,,,,,,,,,,,,,,,,,,,,,,,,,,,,,,,,,,,,,,,nan,-0.0065029943361878395,-0.04914246127009392,semantic,,,,,,,42,-0.020648736506700516,,,,,,,,,,,,,,,,,,,,,,,,,,U
,,,,,,,,,,,,,,,,,,,,,,,,,,,,,,,,,,,,,,,,,,,,,,,,0.09508386561515056,0.0,0.0,0.13532963395118713,0.09508386561515056,0.06734126806259155,0.07356985524296761,0.07973641902208328,0.08637372776865959,0.09462923184037209,0.10309229046106339,0.11082339733839035,0.12267709508538246,0.32694272697961024,0.011614088943357925,,,,,,,,,0.17987577686463976,0.5266631841659546,0.17987577675292904,-1.1920928955078125e-07,0.021790482997894284,0.0676107108592987,0.10884280502796173,0.1731286346912384,0.24422802031040192,0.29996295571327214,0.3980934458971024,0.0892456164498037,Grocery,,,,,,,,,,,,,,,,,,,,,,,,,,,,,,,,,,,,,,,,,,,,,,,,,,,,,,,,,,,,,,,,,,,,,,,,,,,,,,,,,,,3,,,,,,,,,,,,,,,,,,,,,,,,,,,,,,,,visual,,,,,,,,,,,,,,,,,,,,,2.373160962542465,8.480864524841309,0.9874495691384029,-7.2862958908081055,-4.984558820724487,-2.6364217758178707,-0.9818538278341293,0.9494865238666534,2.982120633125305,4.764472484588623,6.528330259323122,2.743200892015304,,,,,,,,,,,,,,,,,,,,,,,,,,,,,,,,,,,,,,,,,,,,,,,,,,,,,,,,,,,,,,,,,,,,,,,,,,,,,,,,,,,,nan,-0.0065029943361878395,-0.04914246127009392,semantic,,,,,,,42,-0.013523217290639877,,,,,,,,,,,,,,,,,,,,,,,,,,U
,,,,,,,,,,,,,,,,,,,,,,,,,,,,,,,,,,,,,,,,,,,,,,,,,,,,,,,,,,,,,,,4.0,2.384185791015625e-07,1.8264468759852805e-35,17074.0,0.623633196138256,,,,,,,,,,,,,,,,Grocery,,,,,,,,,,,,,,,,,,,,,,,,,,,0.02475108732096226,0.27475108732096226,0.24877904709844412,0.2539880656913738,0.33215139472192734,0.053931211716716075,,,,,,,,,,,,,,,,,,,,,,,,,,,,,,,,,,,,,,,,,,,,,,,,,,,,,,,0.44626491420735465,,,,,,,,,,,,,,,,,,,,,,,,,,0.8226317180690987,0.02942496998703749,visual,,0.4327459935110423,0.21768720336767292,0.40632319366453956,0.7366022820128473,0.18126807210832033,0.0006517006753962518,0.33906949246925644,0.8719305688140706,0.32782736916082983,0.3763668038617441,,0.7252489126790378,0.8226317180690987,,,,,,,,,,,,,,,,,,,0.10592593299266478,0.0010801533831659473,0.05672181648984035,0.2938124191119433,0.13313520151321157,,,,,,,,,,,,,,,,,,,,,,,,,,,,,,,,,,,,,,,,,,,,,,,,,,,,,,,,,,,,,,,,,,,,,,,,,,,,,,,,,,attention,,,,,,,42,,,,,,,,,,,,,,,,,,,,,,,,,,0.25,U
,,,,,,,,16.761953584431794,16.973955154418945,16.761953584431794,0.08516503125429153,16.690891361236574,16.737872695922853,16.763946056365967,16.79319190979004,16.820621490478516,16.844250297546388,16.889784603118898,0.7069339223462997,0.07611875986550562,0.4568987488746643,-0.009837682124237104,-0.4898340106010437,-0.23483901143074035,-0.13159581124782563,-0.07345172017812729,-0.009377337992191315,0.05440901964902878,0.1111388050019742,0.21060294732451446,0.09511642140779049,,,,,,,,,,,,,,,,,,,,,,,,,,,,,,,,,,,,,,,,,,,,,,,,,,,,Grocery,,,,,,,,,,,,,,0.19462290406227112,,,,,,,,,,,,,,,,,,,,,,,,,,,,,,,,,,,,,,,,,,,,,,,,,,,,,,,,,,,,,,,,,,,,,1,0.13916721940040588,10.96605396270752,,,,,,,,,,,,,,,,,,,,,,,,,,,,,,visual,,,,,,,,,,,,,,,,,,,,,,,,,,,,,,,,,,,,,,,,,,,,,,,,,,,,,,,,,,,,,,,,,,,,,,,,,,,,,,,,,,,,,,,,,,,,,,,,,,,,,,,,,,,,,,,,,,,,,,,context,,,,,,,42,,,,,,,,,,,,,,,,,,,,,,,,,,,U
,,,,,,,,16.614501956098863,16.95412254333496,16.614501956098863,0.08516137301921844,12.40289023399353,16.715118408203125,16.745946884155273,16.77483558654785,16.802128791809082,16.82611999511719,16.869800872802735,1.1699553684222863,0.07626216242207617,0.45786798000335693,-0.010012123192996034,-0.4898395836353302,-0.23534424915909768,-0.1319721534848213,-0.07372159324586391,-0.009563419967889786,0.05433599650859833,0.11118066012859348,0.21092093393206646,0.09528864005451433,,,,,,,,,,,,,,,,,,,,,,,,,,,,,,,,,,,,,,,,,,,,,,,,,,,,Grocery,,,,,,,,,,,,,,0.19462290406227112,,,,,,,,,,,,,,,,,,,,,,,,,,,,,,,,,,,,,,,,,,,,,,,,,,,,,,,,,,,,,,,,,,,,,2,0.13916721940040588,10.987748146057129,,,,,,,,,,,,,,,,,,,,,,,,,,,,,,visual,,,,,,,,,,,,,,,,,,,,,,,,,,,,,,,,,,,,,,,,,,,,,,,,,,,,,,,,,,,,,,,,,,,,,,,,,,,,,,,,,,,,,,,,,,,,,,,,,,,,,,,,,,,,,,,,,,,,,,,context,,,,,,,42,,,,,,,,,,,,,,,,,,,,,,,,,,,U
,,,,,,,,16.248477976038288,16.91646385192871,16.248477976038288,0.08517442643642426,1.3408789312839509,16.570819854736328,16.650710105895996,16.705371856689453,16.74773645401001,16.780687522888183,16.8320693397522,2.3942752892517465,0.07633631283029324,0.4601927399635315,-0.010085531061712423,-0.4898463785648346,-0.2356932631134987,-0.13215533345937727,-0.07386318407952785,-0.009633589535951614,0.054310161620378494,0.11122169494628908,0.21109640300273957,0.09537901951756982,,,,,,,,,,,,,,,,,,,,,,,,,,,,,,,,,,,,,,,,,,,,,,,,,,,,Grocery,,,,,,,,,,,,,,0.19462290406227112,,,,,,,,,,,,,,,,,,,,,,,,,,,,,,,,,,,,,,,,,,,,,,,,,,,,,,,,,,,,,,,,,,,,,3,0.13916721940040588,10.998957633972168,,,,,,,,,,,,,,,,,,,,,,,,,,,,,,visual,,,,,,,,,,,,,,,,,,,,,,,,,,,,,,,,,,,,,,,,,,,,,,,,,,,,,,,,,,,,,,,,,,,,,,,,,,,,,,,,,,,,,,,,,,,,,,,,,,,,,,,,,,,,,,,,,,,,,,,context,,,,,,,42,,,,,,,,,,,,,,,,,,,,,,,,,,,U
,,,,,,,,,,,,,,,,,,,,,,,,,,,,,,,,,,,,,,,,,,,,,,,,,,,,,,,,,,,,,,,,,,,,,,,,,,,,,,,,,,,Grocery,,,,,,,,,,,,,,,,,,,,,,,,,,,,,,,,,,,,,,,,,,,,,1.6517779010093727,1.667842149734497,1.6517779010093727,1.6225535869598389,1.6322961628437043,1.6432082533836365,1.648421049118042,1.6527150869369507,1.6562407612800598,1.658919084072113,1.6628724253177642,0.0063479221448428155,1.6517779010093727,1.667842149734497,1.6517779010093727,1.6225535869598389,1.6322961628437043,1.6432082533836365,1.648421049118042,1.6527150869369507,1.6562407612800598,1.658919084072113,1.6628724253177642,0.0063479221448428155,,,,,,,,,,,,,,,,,,,,,,,,,,,,,,,,,,,,,,,,,,,,,,,visual,,,,,,,,,,,,,,,,,,,,,,,,,,,,,,,,,,,,,,,,,,,,,,,,,,,,,,,,,,,,,,,,,,,,,,,,,,,,,,,,,,,,,,,,,,,,,,,,,,,,,,,,,,,,,,,,,,,,,,,effective_order,,,,,,,42,,,,,,,,,,,,,,,,,,,,,,,,,,,U
,,,,,,,,,,,,,,,,,,,,,,,,,,,,,,,,,,,,,,,,,,,,,,,,,,,,,,,,,,,,,,,,,,,,,,,,,,,,,,,,,,,Grocery,,,,,,,,,,,,,,,,,,,,,,,,,,,,,,,,,,,,,,,,,,,,,,,,,,,,,,,,,,,,,,,,,,,,,,,,,,,,,,,,,1,,,,,,,,,,,,,,,,,,,,,,,,,,,,,,,0.0,,,visual,,,,,,,,,,,,,,,,,,,,,,,,,,,,,,,,,,,,,,,,,,,,,,,,,,,,,,,,,,,,,,,,,,,,,,,,,,,,,,,,,,,,,,,,,,,,,,,,,,,,,,,,,,,,,,,,,,,,,,,interaction_off_check,,,,,,,42,,,,,,,,,,,,,,,,,,,,,,,,,,,U
,,,,,,,,,,,,,,,,,,,,,,,,,,,,,,,,,,,,,,,,,,,,,,,,0.10977101429757545,0.0,0.0,0.13056515157222748,0.10977101429757545,0.09045787155628204,0.09480440974235535,0.10065232142806053,0.10463554225862026,0.10951527580618858,0.11476672813296318,0.11922804713249206,0.12532532215118408,0.16922250216168944,0.007029673798691255,,,,,,,,,0.09666009026150717,0.501093864440918,0.09666009026150717,0.0,0.0015076017379760743,0.011404502391815187,0.03576916456222534,0.08242666721343994,0.1427290141582489,0.20072890520095826,0.31180301487445833,0.07446419458847278,Grocery,,,,,,,,,,,,,,,,,,,,,,,,,,,,,,,,,,,,,,,,,,,,,,,,,,,,,,,,,,,,,,,,,,,,,,,,,,,,,,,,,,,1,,,,,,,,,,,,,,,,,,,,,,,,,,,,,,,,text,,,,,,,,,,,,,,,,,,,,,2.4475620903659667,4.841214656829834,-1.9357747840413084,-8.321877479553223,-6.7563136768341066,-4.958594131469726,-3.5932499766349792,-1.9186923503875732,-0.2994631677865982,1.0484386324882506,3.135783958435059,2.2790853177134407,,,,,,,,,,,,,,,,,,,,,,,,,,,,,,,,,,,,,,,,,,,,,,,,,,,,,,,,,,,,,,,,,,,,,,,,,,,,,,,,,,,,nan,0.05145559087395668,-0.03165925666689873,semantic,,,,,,,43,0.035861581563949585,,,,,,,,,,,,,,,,,,,,,,,,,,U
,,,,,,,,,,,,,,,,,,,,,,,,,,,,,,,,,,,,,,,,,,,,,,,,0.10855991028609706,0.0,0.0,0.12911489605903625,0.10855991028609706,0.08948225528001785,0.09381493918597698,0.09953006729483604,0.10349036939442158,0.10833023861050606,0.11352062597870827,0.11789489388465882,0.12396623492240906,0.16916766549691534,0.006956651048858055,,,,,,,,,0.11459848191512752,0.4680747389793396,0.11459848191512752,0.00011801719665527344,0.005879310965538025,0.03562766909599305,0.06148047745227814,0.10614734888076782,0.1571691930294037,0.20579854249954224,0.2998590165376664,0.0670632944371908,Grocery,,,,,,,,,,,,,,,,,,,,,,,,,,,,,,,,,,,,,,,,,,,,,,,,,,,,,,,,,,,,,,,,,,,,,,,,,,,,,,,,,,,2,,,,,,,,,,,,,,,,,,,,,,,,,,,,,,,,text,,,,,,,,,,,,,,,,,,,,,2.4475620903659667,4.841214656829834,-1.9357747840413084,-8.321877479553223,-6.7563136768341066,-4.958594131469726,-3.5932499766349792,-1.9186923503875732,-0.2994631677865982,1.0484386324882506,3.135783958435059,2.2790853177134407,,,,,,,,,,,,,,,,,,,,,,,,,,,,,,,,,,,,,,,,,,,,,,,,,,,,,,,,,,,,,,,,,,,,,,,,,,,,,,,,,,,,nan,0.05145559087395668,-0.03165925666689873,semantic,,,,,,,43,0.022481193765997887,,,,,,,,,,,,,,,,,,,,,,,,,,U
,,,,,,,,,,,,,,,,,,,,,,,,,,,,,,,,,,,,,,,,,,,,,,,,0.1027847138002534,0.0,0.0,0.12240642309188843,0.1027847138002534,0.08462602645158768,0.08875578843057155,0.09418608397245407,0.09794357232749462,0.10257429257035255,0.10751059837639332,0.11167557463049889,0.11743817634880543,0.1701565340918578,0.0066259185507008,,,,,,,,,0.13496059109486838,0.4837568998336792,0.13496059109486838,0.00011813640594482422,0.010247210264205933,0.05015032291412354,0.08092254400253296,0.127780020236969,0.1800461858510971,0.23018453717231752,0.32383172929286963,0.07038140155169889,Grocery,,,,,,,,,,,,,,,,,,,,,,,,,,,,,,,,,,,,,,,,,,,,,,,,,,,,,,,,,,,,,,,,,,,,,,,,,,,,,,,,,,,3,,,,,,,,,,,,,,,,,,,,,,,,,,,,,,,,text,,,,,,,,,,,,,,,,,,,,,2.4475620903659667,4.841214656829834,-1.9357747840413084,-8.321877479553223,-6.7563136768341066,-4.958594131469726,-3.5932499766349792,-1.9186923503875732,-0.2994631677865982,1.0484386324882506,3.135783958435059,2.2790853177134407,,,,,,,,,,,,,,,,,,,,,,,,,,,,,,,,,,,,,,,,,,,,,,,,,,,,,,,,,,,,,,,,,,,,,,,,,,,,,,,,,,,,nan,0.05145559087395668,-0.03165925666689873,semantic,,,,,,,43,-0.03971751034259796,,,,,,,,,,,,,,,,,,,,,,,,,,U
,,,,,,,,,,,,,,,,,,,,,,,,,,,,,,,,,,,,,,,,,,,,,,,,,,,,,,,,,,,,,,,4.0,2.384185791015625e-07,2.005732051812653e-33,17074.0,0.7067289591700245,,,,,,,,,,,,,,,,Grocery,,,,,,,,,,,,,,,,,,,,,,,,,,,-0.007368159100776844,0.24263184089922316,0.22572067814804342,0.24810176136200823,0.2546574049629271,0.022191032494680803,,,,,,,,,,,,,,,,,,,,,,,,,,,,,,,,,,,,,,,,,,,,,,,,,,,,,,,0.5527844080047559,,,,,,,,,,,,,,,,,,,,,,,,,,0.8460554488347314,0.007316128527472955,text,,0.5150225045786524,0.30503238186292797,0.5427163502533146,0.656843807216835,0.14795873759564224,0.00036329849813055933,0.2336774031025689,0.6968852905992957,0.2728478058521621,0.2932710408299755,,0.7573681591007768,0.8460554488347314,,,,,,,,,,,,,,,,,,,0.03949414384712549,0.0006070821506320103,0.023119972788360123,0.09453660550777108,0.05319994062678018,,,,,,,,,,,,,,,,,,,,,,,,,,,,,,,,,,,,,,,,,,,,,,,,,,,,,,,,,,,,,,,,,,,,,,,,,,,,,,,,,,attention,,,,,,,43,,,,,,,,,,,,,,,,,,,,,,,,,,0.25,U
,,,,,,,,16.362888663047173,16.488887786865234,16.362888663047173,15.585454940795898,16.26305564880371,16.3147891998291,16.340051651000977,16.364895820617676,16.387760639190674,16.4093017578125,16.446103172302244,0.03941879955213801,0.057665993424321195,0.33696448802948,-0.006896310792669479,-0.3452264070510864,-0.1717780189216137,-0.09905704483389854,-0.05575164407491684,-0.0069781767670065165,0.04156301449984312,0.08493232727050781,0.1620532646775248,0.07186570326052419,,,,,,,,,,,,,,,,,,,,,,,,,,,,,,,,,,,,,,,,,,,,,,,,,,,,Grocery,,,,,,,,,,,,,,0.14841444790363312,,,,,,,,,,,,,,,,,,,,,,,,,,,,,,,,,,,,,,,,,,,,,,,,,,,,,,,,,,,,,,,,,,,,,1,0.10153437405824661,11.341922760009766,,,,,,,,,,,,,,,,,,,,,,,,,,,,,,text,,,,,,,,,,,,,,,,,,,,,,,,,,,,,,,,,,,,,,,,,,,,,,,,,,,,,,,,,,,,,,,,,,,,,,,,,,,,,,,,,,,,,,,,,,,,,,,,,,,,,,,,,,,,,,,,,,,,,,,context,,,,,,,43,,,,,,,,,,,,,,,,,,,,,,,,,,,U
,,,,,,,,16.15978464626995,16.476566314697266,16.15978464626995,0.5658835768699646,10.877991857528686,16.26096076965332,16.29590654373169,16.331286430358887,16.36131525039673,16.38465576171875,16.423180446624755,1.0869264399220842,0.05770187318535492,0.3370733857154846,-0.0068715480597124285,-0.3476109504699707,-0.1718691724538803,-0.09909589141607285,-0.05575350392609835,-0.006940711289644241,0.04162084776908159,0.08502336442470551,0.16221295878291186,0.07191638840473726,,,,,,,,,,,,,,,,,,,,,,,,,,,,,,,,,,,,,,,,,,,,,,,,,,,,Grocery,,,,,,,,,,,,,,0.14841444790363312,,,,,,,,,,,,,,,,,,,,,,,,,,,,,,,,,,,,,,,,,,,,,,,,,,,,,,,,,,,,,,,,,,,,,2,0.10153437405824661,11.349409103393555,,,,,,,,,,,,,,,,,,,,,,,,,,,,,,text,,,,,,,,,,,,,,,,,,,,,,,,,,,,,,,,,,,,,,,,,,,,,,,,,,,,,,,,,,,,,,,,,,,,,,,,,,,,,,,,,,,,,,,,,,,,,,,,,,,,,,,,,,,,,,,,,,,,,,,context,,,,,,,43,,,,,,,,,,,,,,,,,,,,,,,,,,,U
,,,,,,,,15.907623481933589,16.464475631713867,15.907623481933589,0.23945389688014984,4.368998508453369,16.167598533630372,16.240808963775635,16.292332649230957,16.331544876098633,16.36178665161133,16.413025341033936,1.9752075250817442,0.05770669114354749,0.33705222606658936,-0.006875764010828754,-0.34751924872398376,-0.17188864350318908,-0.09910620898008346,-0.05576220527291298,-0.00694990623742342,0.04162154346704483,0.08501987755298615,0.16221896871924402,0.071921401277614,,,,,,,,,,,,,,,,,,,,,,,,,,,,,,,,,,,,,,,,,,,,,,,,,,,,Grocery,,,,,,,,,,,,,,0.14841444790363312,,,,,,,,,,,,,,,,,,,,,,,,,,,,,,,,,,,,,,,,,,,,,,,,,,,,,,,,,,,,,,,,,,,,,3,0.10153437405824661,11.35028076171875,,,,,,,,,,,,,,,,,,,,,,,,,,,,,,text,,,,,,,,,,,,,,,,,,,,,,,,,,,,,,,,,,,,,,,,,,,,,,,,,,,,,,,,,,,,,,,,,,,,,,,,,,,,,,,,,,,,,,,,,,,,,,,,,,,,,,,,,,,,,,,,,,,,,,,context,,,,,,,43,,,,,,,,,,,,,,,,,,,,,,,,,,,U
,,,,,,,,,,,,,,,,,,,,,,,,,,,,,,,,,,,,,,,,,,,,,,,,,,,,,,,,,,,,,,,,,,,,,,,,,,,,,,,,,,,Grocery,,,,,,,,,,,,,,,,,,,,,,,,,,,,,,,,,,,,,,,,,,,,,1.4771491248783302,1.5482670068740845,1.4771491248783302,1.4376823902130127,1.4486074900627137,1.4598846077919005,1.4669612050056458,1.4745724201202393,1.4848434031009674,1.4984572649002075,1.5239197158813478,0.015517205789212361,1.4771491248783302,1.5482670068740845,1.4771491248783302,1.4376823902130127,1.4486074900627137,1.4598846077919005,1.4669612050056458,1.4745724201202393,1.4848434031009674,1.4984572649002075,1.5239197158813478,0.015517205789212361,,,,,,,,,,,,,,,,,,,,,,,,,,,,,,,,,,,,,,,,,,,,,,,text,,,,,,,,,,,,,,,,,,,,,,,,,,,,,,,,,,,,,,,,,,,,,,,,,,,,,,,,,,,,,,,,,,,,,,,,,,,,,,,,,,,,,,,,,,,,,,,,,,,,,,,,,,,,,,,,,,,,,,,effective_order,,,,,,,43,,,,,,,,,,,,,,,,,,,,,,,,,,,U
,,,,,,,,,,,,,,,,,,,,,,,,,,,,,,,,,,,,,,,,,,,,,,,,,,,,,,,,,,,,,,,,,,,,,,,,,,,,,,,,,,,Grocery,,,,,,,,,,,,,,,,,,,,,,,,,,,,,,,,,,,,,,,,,,,,,,,,,,,,,,,,,,,,,,,,,,,,,,,,,,,,,,,,,1,,,,,,,,,,,,,,,,,,,,,,,,,,,,,,,0.0,,,text,,,,,,,,,,,,,,,,,,,,,,,,,,,,,,,,,,,,,,,,,,,,,,,,,,,,,,,,,,,,,,,,,,,,,,,,,,,,,,,,,,,,,,,,,,,,,,,,,,,,,,,,,,,,,,,,,,,,,,,interaction_off_check,,,,,,,43,,,,,,,,,,,,,,,,,,,,,,,,,,,U
,,,,,,,,,,,,,,,,,,,,,,,,,,,,,,,,,,,,,,,,,,,,,,,,0.09062315917753763,0.0,0.0,0.1187676414847374,0.09062315917753763,0.07331094890832901,0.07695322841405869,0.08132529109716416,0.0845982227474451,0.08978519961237907,0.09566357173025608,0.10155334919691086,0.11086182534694672,0.22321069231205232,0.007753021866032735,,,,,,,,,0.12684991707899007,0.6476324796676636,0.12684991685556865,-2.384185791015625e-07,0.001848825216293335,0.015848058462142947,0.047567084431648254,0.10887020826339722,0.1878199428319931,0.26208755373954784,0.39193612813949597,0.095715340142941,Grocery,,,,,,,,,,,,,,,,,,,,,,,,,,,,,,,,,,,,,,,,,,,,,,,,,,,,,,,,,,,,,,,,,,,,,,,,,,,,,,,,,,,1,,,,,,,,,,,,,,,,,,,,,,,,,,,,,,,,visual,,,,,,,,,,,,,,,,,,,,,2.909532103449928,5.748323917388916,-2.3736646256470446,-8.403125762939453,-7.030147304534912,-5.4391974925994875,-4.292221426963806,-2.555377960205078,-0.684256374835968,1.0966554164886482,3.705725507736208,2.4796243120207846,,,,,,,,,,,,,,,,,,,,,,,,,,,,,,,,,,,,,,,,,,,,,,,,,,,,,,,,,,,,,,,,,,,,,,,,,,,,,,,,,,,,nan,-0.015291932038962841,0.03737836331129074,semantic,,,,,,,43,-0.021711094304919243,,,,,,,,,,,,,,,,,,,,,,,,,,U
,,,,,,,,,,,,,,,,,,,,,,,,,,,,,,,,,,,,,,,,,,,,,,,,0.09035762808662787,0.0,0.0,0.11831973493099213,0.09035762808662787,0.07315222918987274,0.07673845924437046,0.08108431845903397,0.0843493826687336,0.08952125534415245,0.09536116011440754,0.10125400125980377,0.11043570190668106,0.2232205872116238,0.007724727092797949,,,,,,,,,0.14807562531611673,0.5350384712219238,0.1480756251625145,-2.384185791015625e-07,0.012230011820793151,0.045534461736679084,0.07963818311691284,0.13771167397499084,0.2053384929895401,0.2641137719154358,0.36959979236125956,0.08496458274835021,Grocery,,,,,,,,,,,,,,,,,,,,,,,,,,,,,,,,,,,,,,,,,,,,,,,,,,,,,,,,,,,,,,,,,,,,,,,,,,,,,,,,,,,2,,,,,,,,,,,,,,,,,,,,,,,,,,,,,,,,visual,,,,,,,,,,,,,,,,,,,,,2.909532103449928,5.748323917388916,-2.3736646256470446,-8.403125762939453,-7.030147304534912,-5.4391974925994875,-4.292221426963806,-2.555377960205078,-0.684256374835968,1.0966554164886482,3.705725507736208,2.4796243120207846,,,,,,,,,,,,,,,,,,,,,,,,,,,,,,,,,,,,,,,,,,,,,,,,,,,,,,,,,,,,,,,,,,,,,,,,,,,,,,,,,,,,nan,-0.015291932038962841,0.03737836331129074,semantic,,,,,,,43,-0.02460833080112934,,,,,,,,,,,,,,,,,,,,,,,,,,U
,,,,,,,,,,,,,,,,,,,,,,,,,,,,,,,,,,,,,,,,,,,,,,,,0.09056943019528474,0.0,0.0,0.1185559555888176,0.09056943019528474,0.07334444671869278,0.07693913891911507,0.08127832040190697,0.08455666527152061,0.08972428366541862,0.09558112360537052,0.10149375721812248,0.11067048713564873,0.22320375398635084,0.007738742463643124,,,,,,,,,0.17535922936314063,0.5328235626220703,0.17535922926539377,-2.384185791015625e-07,0.018876314759254453,0.06577646732330322,0.10596077144145966,0.16719654202461243,0.2374567687511444,0.2948836088180542,0.40095212161540994,0.08889637057220681,Grocery,,,,,,,,,,,,,,,,,,,,,,,,,,,,,,,,,,,,,,,,,,,,,,,,,,,,,,,,,,,,,,,,,,,,,,,,,,,,,,,,,,,3,,,,,,,,,,,,,,,,,,,,,,,,,,,,,,,,visual,,,,,,,,,,,,,,,,,,,,,2.909532103449928,5.748323917388916,-2.3736646256470446,-8.403125762939453,-7.030147304534912,-5.4391974925994875,-4.292221426963806,-2.555377960205078,-0.684256374835968,1.0966554164886482,3.705725507736208,2.4796243120207846,,,,,,,,,,,,,,,,,,,,,,,,,,,,,,,,,,,,,,,,,,,,,,,,,,,,,,,,,,,,,,,,,,,,,,,,,,,,,,,,,,,,nan,-0.015291932038962841,0.03737836331129074,semantic,,,,,,,43,-0.02161303535103798,,,,,,,,,,,,,,,,,,,,,,,,,,U
,,,,,,,,,,,,,,,,,,,,,,,,,,,,,,,,,,,,,,,,,,,,,,,,,,,,,,,,,,,,,,,4.0,2.384185791015625e-07,3.0697231753612935e-27,17074.0,0.5618841184763348,,,,,,,,,,,,,,,,Grocery,,,,,,,,,,,,,,,,,,,,,,,,,,,0.029125399569911448,0.27912539956991145,0.2502403743562462,0.2584296265267767,0.33348762020468714,0.05232176433449143,,,,,,,,,,,,,,,,,,,,,,,,,,,,,,,,,,,,,,,,,,,,,,,,,,,,,,,0.27771697901075965,,,,,,,,,,,,,,,,,,,,,,,,,,0.7158328605344249,0.03676377654360355,visual,,0.3178789993756822,0.13723066871173722,0.2900509893935375,0.5337683290378852,0.16171665986831496,0.013651470836285503,0.42452600043084626,0.9311419209876062,0.33307556047335113,0.4381158815236652,,0.7208746004300886,0.7158328605344249,,,,,,,,,,,,,,,,,,,0.10446195195491967,0.007626232156406971,0.058546068881696556,0.2738718839517486,0.12536773260722828,,,,,,,,,,,,,,,,,,,,,,,,,,,,,,,,,,,,,,,,,,,,,,,,,,,,,,,,,,,,,,,,,,,,,,,,,,,,,,,,,,attention,,,,,,,43,,,,,,,,,,,,,,,,,,,,,,,,,,0.25,U
,,,,,,,,16.398253737670103,16.556020736694336,16.398253737670103,0.07649173587560654,16.350980358123778,16.386796760559083,16.406775951385498,16.42890739440918,16.449954509735107,16.46897964477539,16.50106025695801,0.6971354428373495,0.06961449076800941,0.4130924344062805,-0.0038186750852871763,-0.3824954926967621,-0.2034120640158653,-0.11559264585375785,-0.06291380524635315,-0.00407824176363647,0.05480655189603567,0.10843111947178843,0.19828633606433899,0.08697667344309655,,,,,,,,,,,,,,,,,,,,,,,,,,,,,,,,,,,,,,,,,,,,,,,,,,,,Grocery,,,,,,,,,,,,,,0.15677490830421448,,,,,,,,,,,,,,,,,,,,,,,,,,,,,,,,,,,,,,,,,,,,,,,,,,,,,,,,,,,,,,,,,,,,,1,0.12461702525615692,11.155187606811523,,,,,,,,,,,,,,,,,,,,,,,,,,,,,,visual,,,,,,,,,,,,,,,,,,,,,,,,,,,,,,,,,,,,,,,,,,,,,,,,,,,,,,,,,,,,,,,,,,,,,,,,,,,,,,,,,,,,,,,,,,,,,,,,,,,,,,,,,,,,,,,,,,,,,,,context,,,,,,,43,,,,,,,,,,,,,,,,,,,,,,,,,,,U
,,,,,,,,16.245494286770704,16.533218383789062,16.245494286770704,0.07650899142026901,11.506620693206786,16.364815330505373,16.39024543762207,16.41238307952881,16.433768272399902,16.45195789337158,16.483955669403077,1.1061207877698476,0.0697851232681994,0.41301804780960083,-0.003905475793699863,-0.3814704418182373,-0.20397515773773192,-0.1159292072057724,-0.06313896924257278,-0.004158858209848404,0.05485642608255148,0.10861065685749058,0.1987242314219475,0.08718549911835373,,,,,,,,,,,,,,,,,,,,,,,,,,,,,,,,,,,,,,,,,,,,,,,,,,,,Grocery,,,,,,,,,,,,,,0.15677490830421448,,,,,,,,,,,,,,,,,,,,,,,,,,,,,,,,,,,,,,,,,,,,,,,,,,,,,,,,,,,,,,,,,,,,,2,0.12461702525615692,11.182538032531738,,,,,,,,,,,,,,,,,,,,,,,,,,,,,,visual,,,,,,,,,,,,,,,,,,,,,,,,,,,,,,,,,,,,,,,,,,,,,,,,,,,,,,,,,,,,,,,,,,,,,,,,,,,,,,,,,,,,,,,,,,,,,,,,,,,,,,,,,,,,,,,,,,,,,,,context,,,,,,,43,,,,,,,,,,,,,,,,,,,,,,,,,,,U
,,,,,,,,15.861204610994598,16.501218795776367,15.861204610994598,0.0764298215508461,0.9032042652368546,16.237146377563477,16.30876636505127,16.354092597961426,16.386545181274414,16.412860488891603,16.452626972198487,2.5233336473085073,0.06986662766637712,0.4129074811935425,-0.003946420561369779,-0.38135120272636414,-0.2042394383251667,-0.11609800532460213,-0.0632556714117527,-0.00419246032834053,0.05487506277859211,0.10870384275913239,0.19892849847674376,0.08728409959825041,,,,,,,,,,,,,,,,,,,,,,,,,,,,,,,,,,,,,,,,,,,,,,,,,,,,Grocery,,,,,,,,,,,,,,0.15677490830421448,,,,,,,,,,,,,,,,,,,,,,,,,,,,,,,,,,,,,,,,,,,,,,,,,,,,,,,,,,,,,,,,,,,,,3,0.12461702525615692,11.195619583129883,,,,,,,,,,,,,,,,,,,,,,,,,,,,,,visual,,,,,,,,,,,,,,,,,,,,,,,,,,,,,,,,,,,,,,,,,,,,,,,,,,,,,,,,,,,,,,,,,,,,,,,,,,,,,,,,,,,,,,,,,,,,,,,,,,,,,,,,,,,,,,,,,,,,,,,context,,,,,,,43,,,,,,,,,,,,,,,,,,,,,,,,,,,U
,,,,,,,,,,,,,,,,,,,,,,,,,,,,,,,,,,,,,,,,,,,,,,,,,,,,,,,,,,,,,,,,,,,,,,,,,,,,,,,,,,,Grocery,,,,,,,,,,,,,,,,,,,,,,,,,,,,,,,,,,,,,,,,,,,,,1.6482619431798848,1.6562936305999756,1.6482619431798848,1.6305421590805054,1.6416928684711456,1.6456313133239746,1.6470497250556946,1.6483919620513916,1.6496390998363495,1.6508010745048523,1.6531202816963195,0.0022027259811329383,1.6482619431798848,1.6562936305999756,1.6482619431798848,1.6305421590805054,1.6416928684711456,1.6456313133239746,1.6470497250556946,1.6483919620513916,1.6496390998363495,1.6508010745048523,1.6531202816963195,0.0022027259811329383,,,,,,,,,,,,,,,,,,,,,,,,,,,,,,,,,,,,,,,,,,,,,,,visual,,,,,,,,,,,,,,,,,,,,,,,,,,,,,,,,,,,,,,,,,,,,,,,,,,,,,,,,,,,,,,,,,,,,,,,,,,,,,,,,,,,,,,,,,,,,,,,,,,,,,,,,,,,,,,,,,,,,,,,effective_order,,,,,,,43,,,,,,,,,,,,,,,,,,,,,,,,,,,U
,,,,,,,,,,,,,,,,,,,,,,,,,,,,,,,,,,,,,,,,,,,,,,,,,,,,,,,,,,,,,,,,,,,,,,,,,,,,,,,,,,,Grocery,,,,,,,,,,,,,,,,,,,,,,,,,,,,,,,,,,,,,,,,,,,,,,,,,,,,,,,,,,,,,,,,,,,,,,,,,,,,,,,,,1,,,,,,,,,,,,,,,,,,,,,,,,,,,,,,,0.0,,,visual,,,,,,,,,,,,,,,,,,,,,,,,,,,,,,,,,,,,,,,,,,,,,,,,,,,,,,,,,,,,,,,,,,,,,,,,,,,,,,,,,,,,,,,,,,,,,,,,,,,,,,,,,,,,,,,,,,,,,,,interaction_off_check,,,,,,,43,,,,,,,,,,,,,,,,,,,,,,,,,,,U
,,,,,,,,,,,,,,,,,,,,,,,,,,,,,,,,,,,,,,,,,,,,,,,,0.11126796450586791,0.0,0.0,0.13290593028068542,0.11126796450586791,0.08910101652145386,0.09435853585600854,0.10127532780170441,0.10605819709599018,0.11144689843058586,0.1165360826998949,0.12087571173906327,0.12713962852954866,0.17615478115580194,0.007416340387665075,,,,,,,,,0.10903027903995959,0.5303797721862793,0.10903027902599574,-1.1920928955078125e-07,0.0017054212093353272,0.012997370958328248,0.04104641079902649,0.09421932697296143,0.16194680333137512,0.22483685016632082,0.3361111956834794,0.08238457313088166,Grocery,,,,,,,,,,,,,,,,,,,,,,,,,,,,,,,,,,,,,,,,,,,,,,,,,,,,,,,,,,,,,,,,,,,,,,,,,,,,,,,,,,,1,,,,,,,,,,,,,,,,,,,,,,,,,,,,,,,,text,,,,,,,,,,,,,,,,,,,,,2.455671581540068,7.777116775512695,1.9881525859532103,-4.886641025543213,-3.134679820537567,-0.9717668473720549,0.5159245282411575,2.089017152786255,3.5485673546791077,4.739955520629883,6.402457489967347,2.1592459758318174,,,,,,,,,,,,,,,,,,,,,,,,,,,,,,,,,,,,,,,,,,,,,,,,,,,,,,,,,,,,,,,,,,,,,,,,,,,,,,,,,,,,nan,0.06260303407907486,0.03505401685833931,semantic,,,,,,,44,0.04064365476369858,,,,,,,,,,,,,,,,,,,,,,,,,,U
,,,,,,,,,,,,,,,,,,,,,,,,,,,,,,,,,,,,,,,,,,,,,,,,0.11108874380274344,0.0,0.0,0.13283073902130127,0.11108874380274344,0.08890129625797272,0.09420970372855664,0.10110064074397088,0.10588059201836586,0.1112465001642704,0.11635608784854412,0.12065211683511734,0.1270559936761856,0.1759987143763851,0.007409197461110299,,,,,,,,,0.12821788601843467,0.4703359603881836,0.12821788601843467,0.00012254714965820312,0.0068617057800292956,0.04051859378814698,0.06919863820075989,0.12050682306289673,0.1764872670173645,0.22898950576782226,0.32386322855949407,0.07332281652511365,Grocery,,,,,,,,,,,,,,,,,,,,,,,,,,,,,,,,,,,,,,,,,,,,,,,,,,,,,,,,,,,,,,,,,,,,,,,,,,,,,,,,,,,2,,,,,,,,,,,,,,,,,,,,,,,,,,,,,,,,text,,,,,,,,,,,,,,,,,,,,,2.455671581540068,7.777116775512695,1.9881525859532103,-4.886641025543213,-3.134679820537567,-0.9717668473720549,0.5159245282411575,2.089017152786255,3.5485673546791077,4.739955520629883,6.402457489967347,2.1592459758318174,,,,,,,,,,,,,,,,,,,,,,,,,,,,,,,,,,,,,,,,,,,,,,,,,,,,,,,,,,,,,,,,,,,,,,,,,,,,,,,,,,,,nan,0.06260303407907486,0.03505401685833931,semantic,,,,,,,44,0.03762613609433174,,,,,,,,,,,,,,,,,,,,,,,,,,U
,,,,,,,,,,,,,,,,,,,,,,,,,,,,,,,,,,,,,,,,,,,,,,,,0.10071161603390354,0.0,0.0,0.12074409425258636,0.10071161603390354,0.08042425662279129,0.08526812307536602,0.09157516658306122,0.09593501500785351,0.10085446760058403,0.10553420893847942,0.10950052589178086,0.11536086499691009,0.17798700899116998,0.0067918696804036525,,,,,,,,,0.1509141063430458,0.4905446171760559,0.1509141063430458,0.00012296438217163086,0.011593999862670899,0.05750218629837036,0.0914665013551712,0.14376753568649292,0.20282796025276184,0.255161714553833,0.34792557835578924,0.07663112092253872,Grocery,,,,,,,,,,,,,,,,,,,,,,,,,,,,,,,,,,,,,,,,,,,,,,,,,,,,,,,,,,,,,,,,,,,,,,,,,,,,,,,,,,,3,,,,,,,,,,,,,,,,,,,,,,,,,,,,,,,,text,,,,,,,,,,,,,,,,,,,,,2.455671581540068,7.777116775512695,1.9881525859532103,-4.886641025543213,-3.134679820537567,-0.9717668473720549,0.5159245282411575,2.089017152786255,3.5485673546791077,4.739955520629883,6.402457489967347,2.1592459758318174,,,,,,,,,,,,,,,,,,,,,,,,,,,,,,,,,,,,,,,,,,,,,,,,,,,,,,,,,,,,,,,,,,,,,,,,,,,,,,,,,,,,nan,0.06260303407907486,0.03505401685833931,semantic,,,,,,,44,-0.07352617383003235,,,,,,,,,,,,,,,,,,,,,,,,,,U
,,,,,,,,,,,,,,,,,,,,,,,,,,,,,,,,,,,,,,,,,,,,,,,,,,,,,,,,,,,,,,,4.0,2.384185791015625e-07,1.0365799767754455e-30,17074.0,0.6699491196335084,,,,,,,,,,,,,,,,Grocery,,,,,,,,,,,,,,,,,,,,,,,,,,,-0.015268137782408597,0.2347318622175914,0.1966656885669181,0.24558573353142776,0.25786349665268066,0.039526432367870734,,,,,,,,,,,,,,,,,,,,,,,,,,,,,,,,,,,,,,,,,,,,,,,,,,,,,,,0.5209112599888486,,,,,,,,,,,,,,,,,,,,,,,,,,0.8509621403553401,0.014096100707126887,text,,0.4954204721663082,0.2699981014018289,0.5194901579094531,0.6671345894420573,0.15282922349182437,0.0008968569516622264,0.29513413779960784,0.7511646226765116,0.28638626547495677,0.33005088036649155,,0.7652681377824087,0.8509621403553401,,,,,,,,,,,,,,,,,,,0.0781828043772615,0.0013154988023607785,0.044188956035635364,0.20250153452819245,0.09639345500015478,,,,,,,,,,,,,,,,,,,,,,,,,,,,,,,,,,,,,,,,,,,,,,,,,,,,,,,,,,,,,,,,,,,,,,,,,,,,,,,,,,attention,,,,,,,44,,,,,,,,,,,,,,,,,,,,,,,,,,0.25,U
,,,,,,,,16.68440742706043,16.87990379333496,16.68440742706043,15.877081871032715,16.528755321502686,16.611685371398927,16.65024423599243,16.687861442565918,16.723126888275146,16.7527645111084,16.80536874771118,0.05795459407679027,0.0741496930156337,0.4439917206764221,-0.0073435096133207005,-0.4736345410346985,-0.22818564534187316,-0.12504845410585402,-0.0693392101675272,-0.007699253037571907,0.05441215634346008,0.11137224286794663,0.2142467115819463,0.09324897907351667,,,,,,,,,,,,,,,,,,,,,,,,,,,,,,,,,,,,,,,,,,,,,,,,,,,,Grocery,,,,,,,,,,,,,,0.1783009171485901,,,,,,,,,,,,,,,,,,,,,,,,,,,,,,,,,,,,,,,,,,,,,,,,,,,,,,,,,,,,,,,,,,,,,1,0.12556171417236328,11.847843170166016,,,,,,,,,,,,,,,,,,,,,,,,,,,,,,text,,,,,,,,,,,,,,,,,,,,,,,,,,,,,,,,,,,,,,,,,,,,,,,,,,,,,,,,,,,,,,,,,,,,,,,,,,,,,,,,,,,,,,,,,,,,,,,,,,,,,,,,,,,,,,,,,,,,,,,context,,,,,,,44,,,,,,,,,,,,,,,,,,,,,,,,,,,U
,,,,,,,,16.509233179996706,16.8637638092041,16.509233179996706,0.9608047008514404,12.936989793777466,16.513696670532227,16.584413051605225,16.643193244934082,16.69040012359619,16.726811981201173,16.782483654022215,0.9054127349853976,0.07433305765821692,0.4441244304180145,-0.007295079288383205,-0.47418463230133057,-0.2288441142439842,-0.12528678625822065,-0.06944081373512745,-0.007631361484527588,0.05461400747299194,0.11170421317219736,0.21498910814523708,0.09349438422265127,,,,,,,,,,,,,,,,,,,,,,,,,,,,,,,,,,,,,,,,,,,,,,,,,,,,Grocery,,,,,,,,,,,,,,0.1783009171485901,,,,,,,,,,,,,,,,,,,,,,,,,,,,,,,,,,,,,,,,,,,,,,,,,,,,,,,,,,,,,,,,,,,,,2,0.12556171417236328,11.876811981201172,,,,,,,,,,,,,,,,,,,,,,,,,,,,,,text,,,,,,,,,,,,,,,,,,,,,,,,,,,,,,,,,,,,,,,,,,,,,,,,,,,,,,,,,,,,,,,,,,,,,,,,,,,,,,,,,,,,,,,,,,,,,,,,,,,,,,,,,,,,,,,,,,,,,,,context,,,,,,,44,,,,,,,,,,,,,,,,,,,,,,,,,,,U
,,,,,,,,16.349996658567246,16.82222557067871,16.349996658567246,0.7115779519081116,8.752522974014282,16.46324405670166,16.55134153366089,16.61497974395752,16.664749145507812,16.702324867248535,16.764742794036867,1.4247229465332845,0.07430244129565136,0.4441615045070648,-0.0072790368707093545,-0.47442537546157837,-0.22877052575349807,-0.12522345185279846,-0.06940214522182941,-0.007611890323460102,0.054610878229141235,0.11167403087019923,0.21481278032064455,0.09345213405835147,,,,,,,,,,,,,,,,,,,,,,,,,,,,,,,,,,,,,,,,,,,,,,,,,,,,Grocery,,,,,,,,,,,,,,0.1783009171485901,,,,,,,,,,,,,,,,,,,,,,,,,,,,,,,,,,,,,,,,,,,,,,,,,,,,,,,,,,,,,,,,,,,,,3,0.12556171417236328,11.872048377990723,,,,,,,,,,,,,,,,,,,,,,,,,,,,,,text,,,,,,,,,,,,,,,,,,,,,,,,,,,,,,,,,,,,,,,,,,,,,,,,,,,,,,,,,,,,,,,,,,,,,,,,,,,,,,,,,,,,,,,,,,,,,,,,,,,,,,,,,,,,,,,,,,,,,,,context,,,,,,,44,,,,,,,,,,,,,,,,,,,,,,,,,,,U
,,,,,,,,,,,,,,,,,,,,,,,,,,,,,,,,,,,,,,,,,,,,,,,,,,,,,,,,,,,,,,,,,,,,,,,,,,,,,,,,,,,Grocery,,,,,,,,,,,,,,,,,,,,,,,,,,,,,,,,,,,,,,,,,,,,,1.4855485710994945,1.5342434644699097,1.4855485710994945,1.4395432472229004,1.4593156468868256,1.4716508865356446,1.4788206815719604,1.4865965843200684,1.4924322664737701,1.497299611568451,1.5108948636054993,0.010471773493817645,1.4855485710994945,1.5342434644699097,1.4855485710994945,1.4395432472229004,1.4593156468868256,1.4716508865356446,1.4788206815719604,1.4865965843200684,1.4924322664737701,1.497299611568451,1.5108948636054993,0.010471773493817645,,,,,,,,,,,,,,,,,,,,,,,,,,,,,,,,,,,,,,,,,,,,,,,text,,,,,,,,,,,,,,,,,,,,,,,,,,,,,,,,,,,,,,,,,,,,,,,,,,,,,,,,,,,,,,,,,,,,,,,,,,,,,,,,,,,,,,,,,,,,,,,,,,,,,,,,,,,,,,,,,,,,,,,effective_order,,,,,,,44,,,,,,,,,,,,,,,,,,,,,,,,,,,U
,,,,,,,,,,,,,,,,,,,,,,,,,,,,,,,,,,,,,,,,,,,,,,,,,,,,,,,,,,,,,,,,,,,,,,,,,,,,,,,,,,,Grocery,,,,,,,,,,,,,,,,,,,,,,,,,,,,,,,,,,,,,,,,,,,,,,,,,,,,,,,,,,,,,,,,,,,,,,,,,,,,,,,,,1,,,,,,,,,,,,,,,,,,,,,,,,,,,,,,,0.0,,,text,,,,,,,,,,,,,,,,,,,,,,,,,,,,,,,,,,,,,,,,,,,,,,,,,,,,,,,,,,,,,,,,,,,,,,,,,,,,,,,,,,,,,,,,,,,,,,,,,,,,,,,,,,,,,,,,,,,,,,,interaction_off_check,,,,,,,44,,,,,,,,,,,,,,,,,,,,,,,,,,,U
,,,,,,,,,,,,,,,,,,,,,,,,,,,,,,,,,,,,,,,,,,,,,,,,0.09362271156511556,0.0,0.0,0.13743235170841217,0.09362271156511556,0.06753528118133545,0.07338387116789818,0.07901770174503327,0.08404969610273838,0.0926080010831356,0.10191928595304489,0.1101074978709221,0.12148771457374097,0.3320753651098161,0.011761624090272716,,,,,,,,,0.12874547993534968,0.601986289024353,0.12874547975381978,-1.1920928955078125e-07,0.0018625634908676146,0.016117966175079344,0.04798464477062225,0.1103672981262207,0.1916295886039734,0.2660989820957185,0.3940957462787628,0.09710863722903121,Grocery,,,,,,,,,,,,,,,,,,,,,,,,,,,,,,,,,,,,,,,,,,,,,,,,,,,,,,,,,,,,,,,,,,,,,,,,,,,,,,,,,,,1,,,,,,,,,,,,,,,,,,,,,,,,,,,,,,,,visual,,,,,,,,,,,,,,,,,,,,,2.7791908356961224,9.055859565734863,1.3915809259006389,-8.341239929199219,-5.2209830522537235,-2.763653564453125,-0.8537067025899887,1.4863448739051819,3.8338586688041687,5.318467235565186,7.087715468406682,3.032481812129906,,,,,,,,,,,,,,,,,,,,,,,,,,,,,,,,,,,,,,,,,,,,,,,,,,,,,,,,,,,,,,,,,,,,,,,,,,,,,,,,,,,,nan,-0.003705398878082633,-0.04527612030506134,semantic,,,,,,,44,-0.01716631092131138,,,,,,,,,,,,,,,,,,,,,,,,,,U
,,,,,,,,,,,,,,,,,,,,,,,,,,,,,,,,,,,,,,,,,,,,,,,,0.09327676163455481,0.0,0.0,0.13686299324035645,0.09327676163455481,0.0672919899225235,0.07310530461370945,0.07871832028031349,0.08373734541237354,0.09226377680897713,0.10153192095458508,0.10967555567622185,0.12105017937719822,0.3318858293651162,0.011720770778535668,,,,,,,,,0.14976802646338808,0.5379663705825806,0.1497680263656412,-1.1920928955078125e-07,0.012592740654945372,0.04530501961708069,0.0791759192943573,0.14016568660736084,0.2098413109779358,0.26824589967727663,0.3725963842868805,0.0862999540972233,Grocery,,,,,,,,,,,,,,,,,,,,,,,,,,,,,,,,,,,,,,,,,,,,,,,,,,,,,,,,,,,,,,,,,,,,,,,,,,,,,,,,,,,2,,,,,,,,,,,,,,,,,,,,,,,,,,,,,,,,visual,,,,,,,,,,,,,,,,,,,,,2.7791908356961224,9.055859565734863,1.3915809259006389,-8.341239929199219,-5.2209830522537235,-2.763653564453125,-0.8537067025899887,1.4863448739051819,3.8338586688041687,5.318467235565186,7.087715468406682,3.032481812129906,,,,,,,,,,,,,,,,,,,,,,,,,,,,,,,,,,,,,,,,,,,,,,,,,,,,,,,,,,,,,,,,,,,,,,,,,,,,,,,,,,,,nan,-0.003705398878082633,-0.04527612030506134,semantic,,,,,,,44,-0.021176371723413467,,,,,,,,,,,,,,,,,,,,,,,,,,U
,,,,,,,,,,,,,,,,,,,,,,,,,,,,,,,,,,,,,,,,,,,,,,,,0.09386985912252271,0.0,0.0,0.13769565522670746,0.09386985912252271,0.06773724406957626,0.07358013369143009,0.07922997623682022,0.08427584730088711,0.09285152703523636,0.10217198543250561,0.11036084219813347,0.12179483816027642,0.3316385712302854,0.01178680576959006,,,,,,,,,0.17711501394095125,0.5472007989883423,0.17711501380131286,-1.1920928955078125e-07,0.019106540083885192,0.06528857946395876,0.10533672571182251,0.16995328664779663,0.24146020412445068,0.297723263502121,0.40463444054126746,0.09033497462093845,Grocery,,,,,,,,,,,,,,,,,,,,,,,,,,,,,,,,,,,,,,,,,,,,,,,,,,,,,,,,,,,,,,,,,,,,,,,,,,,,,,,,,,,3,,,,,,,,,,,,,,,,,,,,,,,,,,,,,,,,visual,,,,,,,,,,,,,,,,,,,,,2.7791908356961224,9.055859565734863,1.3915809259006389,-8.341239929199219,-5.2209830522537235,-2.763653564453125,-0.8537067025899887,1.4863448739051819,3.8338586688041687,5.318467235565186,7.087715468406682,3.032481812129906,,,,,,,,,,,,,,,,,,,,,,,,,,,,,,,,,,,,,,,,,,,,,,,,,,,,,,,,,,,,,,,,,,,,,,,,,,,,,,,,,,,,nan,-0.003705398878082633,-0.04527612030506134,semantic,,,,,,,44,-0.014070364646613598,,,,,,,,,,,,,,,,,,,,,,,,,,U
,,,,,,,,,,,,,,,,,,,,,,,,,,,,,,,,,,,,,,,,,,,,,,,,,,,,,,,,,,,,,,,4.0,2.384185791015625e-07,1.8799442093424908e-35,17074.0,0.60736485697315,,,,,,,,,,,,,,,,Grocery,,,,,,,,,,,,,,,,,,,,,,,,,,,0.025073030238826843,0.27507303023882684,0.25000071367855853,0.2556409343578707,0.3286750114340521,0.04672047776299286,,,,,,,,,,,,,,,,,,,,,,,,,,,,,,,,,,,,,,,,,,,,,,,,,,,,,,,0.3519872322612936,,,,,,,,,,,,,,,,,,,,,,,,,,0.7446223752881436,0.03318408229555439,visual,,0.36723791576113934,0.16728132245448563,0.336482510561391,0.6558846062532409,0.17665558644035928,0.0012770544806313278,0.3493988471675866,0.9229992309924548,0.3416543832629066,0.39263514302685,,0.7249269697611731,0.7446223752881436,,,,,,,,,,,,,,,,,,,0.10504440493533822,0.001586132221527497,0.05671107253147056,0.2940717811230571,0.12889164777930126,,,,,,,,,,,,,,,,,,,,,,,,,,,,,,,,,,,,,,,,,,,,,,,,,,,,,,,,,,,,,,,,,,,,,,,,,,,,,,,,,,attention,,,,,,,44,,,,,,,,,,,,,,,,,,,,,,,,,,0.25,U
,,,,,,,,16.686783168114932,16.881616592407227,16.686783168114932,0.10268141329288483,16.61795124053955,16.662579154968263,16.687893867492676,16.716611862182617,16.74571657180786,16.772335052490234,16.820821361541746,0.7089743444277443,0.07424944956202946,0.5026608109474182,-0.007115531582739884,-0.4482581615447998,-0.22603557348251344,-0.1261075556278229,-0.06939378380775452,-0.006821710616350174,0.05548399779945612,0.11183447465300561,0.20716047212481514,0.09293814785811594,,,,,,,,,,,,,,,,,,,,,,,,,,,,,,,,,,,,,,,,,,,,,,,,,,,,Grocery,,,,,,,,,,,,,,0.1865541934967041,,,,,,,,,,,,,,,,,,,,,,,,,,,,,,,,,,,,,,,,,,,,,,,,,,,,,,,,,,,,,,,,,,,,,1,0.1321033537387848,11.264656066894531,,,,,,,,,,,,,,,,,,,,,,,,,,,,,,visual,,,,,,,,,,,,,,,,,,,,,,,,,,,,,,,,,,,,,,,,,,,,,,,,,,,,,,,,,,,,,,,,,,,,,,,,,,,,,,,,,,,,,,,,,,,,,,,,,,,,,,,,,,,,,,,,,,,,,,,context,,,,,,,44,,,,,,,,,,,,,,,,,,,,,,,,,,,U
,,,,,,,,16.563711393175083,16.898353576660156,16.563711393175083,0.1026669442653656,13.143612422943114,16.63468208312988,16.668522834777832,16.70000648498535,16.729265689849854,16.75405216217041,16.800257244110107,1.0659379179815776,0.0744796634999372,0.5022788047790527,-0.007227729344505685,-0.4488319754600525,-0.2268588724732399,-0.12657327800989152,-0.0696747899055481,-0.006947037065401673,0.055558105930686,0.11208421513438224,0.2078129035234455,0.09322530395718871,,,,,,,,,,,,,,,,,,,,,,,,,,,,,,,,,,,,,,,,,,,,,,,,,,,,Grocery,,,,,,,,,,,,,,0.1865541934967041,,,,,,,,,,,,,,,,,,,,,,,,,,,,,,,,,,,,,,,,,,,,,,,,,,,,,,,,,,,,,,,,,,,,,2,0.1321033537387848,11.299960136413574,,,,,,,,,,,,,,,,,,,,,,,,,,,,,,visual,,,,,,,,,,,,,,,,,,,,,,,,,,,,,,,,,,,,,,,,,,,,,,,,,,,,,,,,,,,,,,,,,,,,,,,,,,,,,,,,,,,,,,,,,,,,,,,,,,,,,,,,,,,,,,,,,,,,,,,context,,,,,,,44,,,,,,,,,,,,,,,,,,,,,,,,,,,U
,,,,,,,,16.17015760703606,16.847148895263672,16.17015760703606,0.09944680333137512,1.1243793129920958,16.504986000061034,16.580037593841553,16.6325626373291,16.675024032592773,16.709193229675293,16.763925704956055,2.427867707592613,0.07455895006666885,0.5017489194869995,-0.007262234309480855,-0.44921326637268066,-0.22709806457161905,-0.1267271250486374,-0.0697731077671051,-0.006989349145442247,0.05558406561613083,0.11219293475151065,0.20802552282810227,0.0933212426133053,,,,,,,,,,,,,,,,,,,,,,,,,,,,,,,,,,,,,,,,,,,,,,,,,,,,Grocery,,,,,,,,,,,,,,0.1865541934967041,,,,,,,,,,,,,,,,,,,,,,,,,,,,,,,,,,,,,,,,,,,,,,,,,,,,,,,,,,,,,,,,,,,,,3,0.1321033537387848,11.312013626098633,,,,,,,,,,,,,,,,,,,,,,,,,,,,,,visual,,,,,,,,,,,,,,,,,,,,,,,,,,,,,,,,,,,,,,,,,,,,,,,,,,,,,,,,,,,,,,,,,,,,,,,,,,,,,,,,,,,,,,,,,,,,,,,,,,,,,,,,,,,,,,,,,,,,,,,context,,,,,,,44,,,,,,,,,,,,,,,,,,,,,,,,,,,U
,,,,,,,,,,,,,,,,,,,,,,,,,,,,,,,,,,,,,,,,,,,,,,,,,,,,,,,,,,,,,,,,,,,,,,,,,,,,,,,,,,,Grocery,,,,,,,,,,,,,,,,,,,,,,,,,,,,,,,,,,,,,,,,,,,,,1.6020966607959903,1.6225401163101196,1.6020966607959903,1.5746774673461914,1.587877789735794,1.5944106578826904,1.5977454483509064,1.6017670631408691,1.6062433421611786,1.6104116320610047,1.6175906431674958,0.0062945162102200965,1.6020966607959903,1.6225401163101196,1.6020966607959903,1.5746774673461914,1.587877789735794,1.5944106578826904,1.5977454483509064,1.6017670631408691,1.6062433421611786,1.6104116320610047,1.6175906431674958,0.0062945162102200965,,,,,,,,,,,,,,,,,,,,,,,,,,,,,,,,,,,,,,,,,,,,,,,visual,,,,,,,,,,,,,,,,,,,,,,,,,,,,,,,,,,,,,,,,,,,,,,,,,,,,,,,,,,,,,,,,,,,,,,,,,,,,,,,,,,,,,,,,,,,,,,,,,,,,,,,,,,,,,,,,,,,,,,,effective_order,,,,,,,44,,,,,,,,,,,,,,,,,,,,,,,,,,,U
,,,,,,,,,,,,,,,,,,,,,,,,,,,,,,,,,,,,,,,,,,,,,,,,,,,,,,,,,,,,,,,,,,,,,,,,,,,,,,,,,,,Grocery,,,,,,,,,,,,,,,,,,,,,,,,,,,,,,,,,,,,,,,,,,,,,,,,,,,,,,,,,,,,,,,,,,,,,,,,,,,,,,,,,1,,,,,,,,,,,,,,,,,,,,,,,,,,,,,,,0.0,,,visual,,,,,,,,,,,,,,,,,,,,,,,,,,,,,,,,,,,,,,,,,,,,,,,,,,,,,,,,,,,,,,,,,,,,,,,,,,,,,,,,,,,,,,,,,,,,,,,,,,,,,,,,,,,,,,,,,,,,,,,interaction_off_check,,,,,,,44,,,,,,,,,,,,,,,,,,,,,,,,,,,U
,,,,,,,,,,,,,,,,,,,,,,,,,,,,,,,,,,,,,,,,,,,,,,,,0.10417327122329212,0.0,0.0,0.13771207630634308,0.10417327122329212,0.07891149073839188,0.08499276824295521,0.09004002064466476,0.09406586550176144,0.10500730946660042,0.11300180852413177,0.11806489527225494,0.12641910463571548,0.26902173943689184,0.01081448219152141,,,,,,,,,0.04342715879341922,0.7229893207550049,0.0434271586885566,-2.384185791015625e-07,0.0005943655967712402,0.0029219985008239746,0.008387565612792969,0.02482020854949951,0.058296993374824524,0.10708096623420715,0.2564345926046372,0.05352199739628346,ele-fashion,,,,,,,,,,,,,,,,,,,,,,,,,,,,,,,,,,,,,,,,,,,,,,,,,,,,,,,,,,,,,,,,,,,,,,,,,,,,,,,,,,,1,,,,,,,,,,,,,,,,,,,,,,,,,,,,,,,,text,,,,,,,,,,,,,,,,,,,,,2.270664307524088,7.467857360839844,0.3409798651935721,-6.249149799346924,-4.503407216072082,-3.1003538370132446,-2.0445377230644226,0.6569685339927673,2.4721391797065735,3.5654447078704834,5.278020358085638,2.5695310377738667,,,,,,,,,,,,,,,,,,,,,,,,,,,,,,,,,,,,,,,,,,,,,,,,,,,,,,,,,,,,,,,,,,,,,,,,,,,,,,,,,,,,nan,0.032629434019327164,0.04535192623734474,semantic,,,,,,,42,0.023297905921936035,,,,,,,,,,,,,,,,,,,,,,,,,,U
,,,,,,,,,,,,,,,,,,,,,,,,,,,,,,,,,,,,,,,,,,,,,,,,0.10603397751747409,0.0,0.0,0.139976367354393,0.10603397751747409,0.0805031955242157,0.08652078658342362,0.09164223074913025,0.09572900272905827,0.10692120715975761,0.11501762457191944,0.1201392412185669,0.12857205197215088,0.2687535744329846,0.010996561767316254,,,,,,,,,0.07107334837969505,0.5572478175163269,0.07107334833092174,-2.384185791015625e-07,0.0036208629608154297,0.01838397979736328,0.03259013593196869,0.056698381900787354,0.09346020221710205,0.1417580246925354,0.268598720431328,0.05502945478394573,ele-fashion,,,,,,,,,,,,,,,,,,,,,,,,,,,,,,,,,,,,,,,,,,,,,,,,,,,,,,,,,,,,,,,,,,,,,,,,,,,,,,,,,,,2,,,,,,,,,,,,,,,,,,,,,,,,,,,,,,,,text,,,,,,,,,,,,,,,,,,,,,2.270664307524088,7.467857360839844,0.3409798651935721,-6.249149799346924,-4.503407216072082,-3.1003538370132446,-2.0445377230644226,0.6569685339927673,2.4721391797065735,3.5654447078704834,5.278020358085638,2.5695310377738667,,,,,,,,,,,,,,,,,,,,,,,,,,,,,,,,,,,,,,,,,,,,,,,,,,,,,,,,,,,,,,,,,,,,,,,,,,,,,,,,,,,,nan,0.032629434019327164,0.04535192623734474,semantic,,,,,,,42,0.042190857231616974,,,,,,,,,,,,,,,,,,,,,,,,,,U
,,,,,,,,,,,,,,,,,,,,,,,,,,,,,,,,,,,,,,,,,,,,,,,,0.09510498979181424,0.0,0.0,0.12597797811031342,0.09510498979181424,0.07199479639530182,0.07740891017019749,0.08203700929880142,0.0857416670769453,0.09590145573019981,0.1032586470246315,0.10791423544287682,0.11559701524674892,0.2720911510578867,0.00998337076641448,,,,,,,,,0.08952910806946748,0.6399967670440674,0.08952910802069416,-1.1920928955078125e-07,0.005779731273651123,0.02528172731399536,0.04354572296142578,0.07337486743927002,0.1177414208650589,0.1750616729259491,0.3185886263847352,0.06516608857019085,ele-fashion,,,,,,,,,,,,,,,,,,,,,,,,,,,,,,,,,,,,,,,,,,,,,,,,,,,,,,,,,,,,,,,,,,,,,,,,,,,,,,,,,,,3,,,,,,,,,,,,,,,,,,,,,,,,,,,,,,,,text,,,,,,,,,,,,,,,,,,,,,2.270664307524088,7.467857360839844,0.3409798651935721,-6.249149799346924,-4.503407216072082,-3.1003538370132446,-2.0445377230644226,0.6569685339927673,2.4721391797065735,3.5654447078704834,5.278020358085638,2.5695310377738667,,,,,,,,,,,,,,,,,,,,,,,,,,,,,,,,,,,,,,,,,,,,,,,,,,,,,,,,,,,,,,,,,,,,,,,,,,,,,,,,,,,,nan,0.032629434019327164,0.04535192623734474,semantic,,,,,,,42,-0.07948899269104004,,,,,,,,,,,,,,,,,,,,,,,,,,U
,,,,,,,,,,,,,,,,,,,,,,,,,,,,,,,,,,,,,,,,,,,,,,,,,,,,,,,,,,,,,,,4.0,2.384185791015625e-07,1.5384884444095808e-23,97766.0,0.48131498883174817,,,,,,,,,,,,,,,,ele-fashion,,,,,,,,,,,,,,,,,,,,,,,,,,,-0.012647778046213948,0.23735222195378605,0.18964858216349967,0.24563321797177196,0.2715294025838375,0.044009422687263655,,,,,,,,,,,,,,,,,,,,,,,,,,,,,,,,,,,,,,,,,,,,,,,,,,,,,,,0.4190915577065436,,,,,,,,,,,,,,,,,,,,,,,,,,0.9377765688747954,0.010485276938799656,text,,0.4446380334372527,0.22932506467747163,0.4360774356153904,0.6563988436983752,0.16098762063751276,0.11126059941686041,0.5457197372197885,0.8483602637323313,0.26197265491698873,0.5186850111682518,,0.762647778046214,0.9377765688747954,,,,,,,,,,,,,,,,,,,0.10823857110431569,0.017638965024768062,0.0775309165668053,0.24014032922180678,0.10159956543372126,,,,,,,,,,,,,,,,,,,,,,,,,,,,,,,,,,,,,,,,,,,,,,,,,,,,,,,,,,,,,,,,,,,,,,,,,,,,,,,,,,attention,,,,,,,42,,,,,,,,,,,,,,,,,,,,,,,,,,0.25,U
,,,,,,,,16.685126825370578,16.96269989013672,16.685126825370578,0.1603306233882904,16.521131801605225,16.599910736083984,16.646970748901367,16.699950218200684,16.749986171722412,16.791494369506836,16.856475830078125,0.4545055913985536,0.09219217547005397,0.5644311904907227,-0.006607474298876865,-0.5692985653877258,-0.27271855622529984,-0.15520606935024261,-0.08452409505844116,-0.006233930587768555,0.07184796407818794,0.14118219912052155,0.25661100596189523,0.11496594240126792,,,,,,,,,,,,,,,,,,,,,,,,,,,,,,,,,,,,,,,,,,,,,,,,,,,,ele-fashion,,,,,,,,,,,,,,0.1885068714618683,,,,,,,,,,,,,,,,,,,,,,,,,,,,,,,,,,,,,,,,,,,,,,,,,,,,,,,,,,,,,,,,,,,,,1,0.1469084918498993,12.476249694824219,,,,,,,,,,,,,,,,,,,,,,,,,,,,,,text,,,,,,,,,,,,,,,,,,,,,,,,,,,,,,,,,,,,,,,,,,,,,,,,,,,,,,,,,,,,,,,,,,,,,,,,,,,,,,,,,,,,,,,,,,,,,,,,,,,,,,,,,,,,,,,,,,,,,,,context,,,,,,,42,,,,,,,,,,,,,,,,,,,,,,,,,,,U
,,,,,,,,16.26207115798271,16.94358253479004,16.26207115798271,0.15871287882328033,4.978508114814758,16.558448791503906,16.624080657958984,16.678865432739258,16.732532501220703,16.783103942871094,16.860962772369383,2.069565521188133,0.09241529287457231,0.5448637008666992,-0.006604354611821454,-0.5783310532569885,-0.27374371886253357,-0.1554865688085556,-0.08468570373952389,-0.006203173892572522,0.07202234864234924,0.14158400893211365,0.25731921195983887,0.11525723578670097,,,,,,,,,,,,,,,,,,,,,,,,,,,,,,,,,,,,,,,,,,,,,,,,,,,,ele-fashion,,,,,,,,,,,,,,0.1885068714618683,,,,,,,,,,,,,,,,,,,,,,,,,,,,,,,,,,,,,,,,,,,,,,,,,,,,,,,,,,,,,,,,,,,,,2,0.1469084918498993,12.509344100952148,,,,,,,,,,,,,,,,,,,,,,,,,,,,,,text,,,,,,,,,,,,,,,,,,,,,,,,,,,,,,,,,,,,,,,,,,,,,,,,,,,,,,,,,,,,,,,,,,,,,,,,,,,,,,,,,,,,,,,,,,,,,,,,,,,,,,,,,,,,,,,,,,,,,,,context,,,,,,,42,,,,,,,,,,,,,,,,,,,,,,,,,,,U
,,,,,,,,16.265201567928766,16.94152069091797,16.265201567928766,0.1603524386882782,6.860576033592224,16.500521659851074,16.57728862762451,16.637646675109863,16.69388771057129,16.74332618713379,16.826351642608643,1.7896016535069845,0.09216944521218251,0.5620185136795044,-0.006523765580236094,-0.5763354897499084,-0.27236807346343994,-0.1550409346818924,-0.08443774282932281,-0.006184661528095603,0.07190874963998795,0.14126038551330566,0.2566709518432617,0.11492945214143666,,,,,,,,,,,,,,,,,,,,,,,,,,,,,,,,,,,,,,,,,,,,,,,,,,,,ele-fashion,,,,,,,,,,,,,,0.1885068714618683,,,,,,,,,,,,,,,,,,,,,,,,,,,,,,,,,,,,,,,,,,,,,,,,,,,,,,,,,,,,,,,,,,,,,3,0.1469084918498993,12.471386909484863,,,,,,,,,,,,,,,,,,,,,,,,,,,,,,text,,,,,,,,,,,,,,,,,,,,,,,,,,,,,,,,,,,,,,,,,,,,,,,,,,,,,,,,,,,,,,,,,,,,,,,,,,,,,,,,,,,,,,,,,,,,,,,,,,,,,,,,,,,,,,,,,,,,,,,context,,,,,,,42,,,,,,,,,,,,,,,,,,,,,,,,,,,U
,,,,,,,,,,,,,,,,,,,,,,,,,,,,,,,,,,,,,,,,,,,,,,,,,,,,,,,,,,,,,,,,,,,,,,,,,,,,,,,,,,,ele-fashion,,,,,,,,,,,,,,,,,,,,,,,,,,,,,,,,,,,,,,,,,,,,,1.438434014499274,1.4601513147354126,1.438434014499274,1.3941490650177002,1.4141862392425537,1.4280477166175842,1.4335072040557861,1.4384955167770386,1.444805383682251,1.4489251375198364,1.453931885957718,0.008409148816360344,1.438434014499274,1.4601513147354126,1.438434014499274,1.3941490650177002,1.4141862392425537,1.4280477166175842,1.4335072040557861,1.4384955167770386,1.444805383682251,1.4489251375198364,1.453931885957718,0.008409148816360344,,,,,,,,,,,,,,,,,,,,,,,,,,,,,,,,,,,,,,,,,,,,,,,text,,,,,,,,,,,,,,,,,,,,,,,,,,,,,,,,,,,,,,,,,,,,,,,,,,,,,,,,,,,,,,,,,,,,,,,,,,,,,,,,,,,,,,,,,,,,,,,,,,,,,,,,,,,,,,,,,,,,,,,effective_order,,,,,,,42,,,,,,,,,,,,,,,,,,,,,,,,,,,U
,,,,,,,,,,,,,,,,,,,,,,,,,,,,,,,,,,,,,,,,,,,,,,,,,,,,,,,,,,,,,,,,,,,,,,,,,,,,,,,,,,,ele-fashion,,,,,,,,,,,,,,,,,,,,,,,,,,,,,,,,,,,,,,,,,,,,,,,,,,,,,,,,,,,,,,,,,,,,,,,,,,,,,,,,,1,,,,,,,,,,,,,,,,,,,,,,,,,,,,,,,0.0,,,text,,,,,,,,,,,,,,,,,,,,,,,,,,,,,,,,,,,,,,,,,,,,,,,,,,,,,,,,,,,,,,,,,,,,,,,,,,,,,,,,,,,,,,,,,,,,,,,,,,,,,,,,,,,,,,,,,,,,,,,interaction_off_check,,,,,,,42,,,,,,,,,,,,,,,,,,,,,,,,,,,U
,,,,,,,,,,,,,,,,,,,,,,,,,,,,,,,,,,,,,,,,,,,,,,,,0.12492872585032838,0.0,0.0,0.19697830080986023,0.12492872585032838,0.07570471614599228,0.08423678651452064,0.0931926816701889,0.10463535413146019,0.11954458430409431,0.1425577700138092,0.1681412309408188,0.1839497588574887,0.5999304704333774,0.026754243901596204,,,,,,,,,0.05936601631070691,0.6655341386795044,0.059366015857115116,-2.384185791015625e-07,5.960464477539063e-08,0.0030460357666015625,0.009609714150428772,0.032351136207580566,0.08476708829402924,0.15404626727104187,0.3188325673341755,0.07051117294875588,ele-fashion,,,,,,,,,,,,,,,,,,,,,,,,,,,,,,,,,,,,,,,,,,,,,,,,,,,,,,,,,,,,,,,,,,,,,,,,,,,,,,,,,,,1,,,,,,,,,,,,,,,,,,,,,,,,,,,,,,,,visual,,,,,,,,,,,,,,,,,,,,,3.829479493392858,11.926839828491211,3.0959373334573215,-5.251368045806885,-3.4368650555610656,-1.7115784883499146,0.28781332075595856,2.646933436393738,5.827818870544434,8.887760162353516,10.59241771697998,3.7482864651199583,,,,,,,,,,,,,,,,,,,,,,,,,,,,,,,,,,,,,,,,,,,,,,,,,,,,,,,,,,,,,,,,,,,,,,,,,,,,,,,,,,,,nan,0.043125592172145844,0.06401998549699783,semantic,,,,,,,42,0.02830565720796585,,,,,,,,,,,,,,,,,,,,,,,,,,U
,,,,,,,,,,,,,,,,,,,,,,,,,,,,,,,,,,,,,,,,,,,,,,,,0.12707291360850545,0.0,0.0,0.1999853551387787,0.12707291360850545,0.07701050490140915,0.08568882681429386,0.09480854123830795,0.10646988451480865,0.12164109945297241,0.145008135586977,0.17096006870269775,0.1868581809103489,0.5992742694041244,0.027160799003085524,,,,,,,,,0.08929034786258214,0.516433596611023,0.0892903476601729,-2.384185791015625e-07,0.004124164581298828,0.025061428546905518,0.042264461517333984,0.07349929213523865,0.1198800802230835,0.17650029063224792,0.2984880357980729,0.06377856856066919,ele-fashion,,,,,,,,,,,,,,,,,,,,,,,,,,,,,,,,,,,,,,,,,,,,,,,,,,,,,,,,,,,,,,,,,,,,,,,,,,,,,,,,,,,2,,,,,,,,,,,,,,,,,,,,,,,,,,,,,,,,visual,,,,,,,,,,,,,,,,,,,,,3.829479493392858,11.926839828491211,3.0959373334573215,-5.251368045806885,-3.4368650555610656,-1.7115784883499146,0.28781332075595856,2.646933436393738,5.827818870544434,8.887760162353516,10.59241771697998,3.7482864651199583,,,,,,,,,,,,,,,,,,,,,,,,,,,,,,,,,,,,,,,,,,,,,,,,,,,,,,,,,,,,,,,,,,,,,,,,,,,,,,,,,,,,nan,0.043125592172145844,0.06401998549699783,semantic,,,,,,,42,0.0465756356716156,,,,,,,,,,,,,,,,,,,,,,,,,,U
,,,,,,,,,,,,,,,,,,,,,,,,,,,,,,,,,,,,,,,,,,,,,,,,0.11350667263796652,0.0,0.0,0.18002617359161377,0.11350667263796652,0.06826631724834442,0.07609466724097728,0.08427710086107254,0.094820411875844,0.10849607363343239,0.12972882762551308,0.15338076651096344,0.16796026900410657,0.6088070775335882,0.024655687359195974,,,,,,,,,0.10949380531667179,0.591783344745636,0.10949380511182387,-1.1920928955078125e-07,0.006833770871162413,0.03479766845703125,0.05701044201850891,0.09380516409873962,0.14525535702705383,0.20761731266975403,0.33450306057930035,0.07116272963010191,ele-fashion,,,,,,,,,,,,,,,,,,,,,,,,,,,,,,,,,,,,,,,,,,,,,,,,,,,,,,,,,,,,,,,,,,,,,,,,,,,,,,,,,,,3,,,,,,,,,,,,,,,,,,,,,,,,,,,,,,,,visual,,,,,,,,,,,,,,,,,,,,,3.829479493392858,11.926839828491211,3.0959373334573215,-5.251368045806885,-3.4368650555610656,-1.7115784883499146,0.28781332075595856,2.646933436393738,5.827818870544434,8.887760162353516,10.59241771697998,3.7482864651199583,,,,,,,,,,,,,,,,,,,,,,,,,,,,,,,,,,,,,,,,,,,,,,,,,,,,,,,,,,,,,,,,,,,,,,,,,,,,,,,,,,,,nan,0.043125592172145844,0.06401998549699783,semantic,,,,,,,42,-0.08341267704963684,,,,,,,,,,,,,,,,,,,,,,,,,,U
,,,,,,,,,,,,,,,,,,,,,,,,,,,,,,,,,,,,,,,,,,,,,,,,,,,,,,,,,,,,,,,4.0,2.384185791015625e-07,1.822702795670002e-27,97766.0,0.7143574446842027,,,,,,,,,,,,,,,,ele-fashion,,,,,,,,,,,,,,,,,,,,,,,,,,,-0.0012465339195997238,0.24875346608040028,0.23058244773181968,0.24974778165446598,0.2657026818014856,0.027123920630146434,,,,,,,,,,,,,,,,,,,,,,,,,,,,,,,,,,,,,,,,,,,,,,,,,,,,,,,0.5216778431786819,,,,,,,,,,,,,,,,,,,,,,,,,,0.8073203984944792,0.00434022314657873,visual,,0.4846001877893559,0.2642076605983946,0.4502880114935261,0.7407651269113819,0.17368071784123795,0.0013181531595816453,0.19982242782690304,0.7178787383742781,0.27779870343117685,0.28564255531579735,,0.7512465339195997,0.8073203984944792,,,,,,,,,,,,,,,,,,,0.04851299512271953,0.0003777175306255801,0.02370896577000773,0.12608131593515282,0.06955866500039842,,,,,,,,,,,,,,,,,,,,,,,,,,,,,,,,,,,,,,,,,,,,,,,,,,,,,,,,,,,,,,,,,,,,,,,,,,,,,,,,,,attention,,,,,,,42,,,,,,,,,,,,,,,,,,,,,,,,,,0.25,U
,,,,,,,,16.4746005029015,16.76422882080078,16.4746005029015,0.11029428988695145,16.444724750518798,16.48823356628418,16.51063346862793,16.536110877990723,16.56272840499878,16.58727741241455,16.634485912322997,1.0094850765292416,0.0660615152236833,0.3970324397087097,-0.007783621643577858,-0.4773395359516144,-0.20607659295201303,-0.11300307512283325,-0.06277705915272236,-0.00744424806907773,0.04782741889357567,0.09766160324215889,0.18374204933643368,0.08279888270601192,,,,,,,,,,,,,,,,,,,,,,,,,,,,,,,,,,,,,,,,,,,,,,,,,,,,ele-fashion,,,,,,,,,,,,,,0.1761114001274109,,,,,,,,,,,,,,,,,,,,,,,,,,,,,,,,,,,,,,,,,,,,,,,,,,,,,,,,,,,,,,,,,,,,,1,0.12211233377456665,10.815011978149414,,,,,,,,,,,,,,,,,,,,,,,,,,,,,,visual,,,,,,,,,,,,,,,,,,,,,,,,,,,,,,,,,,,,,,,,,,,,,,,,,,,,,,,,,,,,,,,,,,,,,,,,,,,,,,,,,,,,,,,,,,,,,,,,,,,,,,,,,,,,,,,,,,,,,,,context,,,,,,,42,,,,,,,,,,,,,,,,,,,,,,,,,,,U
,,,,,,,,16.32922082480614,16.715900421142578,16.32922082480614,0.11030156910419464,11.950411796569824,16.448179244995117,16.482501983642578,16.513357162475586,16.54283905029297,16.569396018981934,16.617928218841552,1.2685454405976981,0.06607625254459254,0.3970271944999695,-0.0077426828283135235,-0.4772690236568451,-0.20605230331420898,-0.11299246549606323,-0.0627509355545044,-0.007399300113320351,0.04788219928741455,0.09771716594696045,0.18383356928825378,0.08281978287029884,,,,,,,,,,,,,,,,,,,,,,,,,,,,,,,,,,,,,,,,,,,,,,,,,,,,ele-fashion,,,,,,,,,,,,,,0.1761114001274109,,,,,,,,,,,,,,,,,,,,,,,,,,,,,,,,,,,,,,,,,,,,,,,,,,,,,,,,,,,,,,,,,,,,,2,0.12211233377456665,10.817510604858398,,,,,,,,,,,,,,,,,,,,,,,,,,,,,,visual,,,,,,,,,,,,,,,,,,,,,,,,,,,,,,,,,,,,,,,,,,,,,,,,,,,,,,,,,,,,,,,,,,,,,,,,,,,,,,,,,,,,,,,,,,,,,,,,,,,,,,,,,,,,,,,,,,,,,,,context,,,,,,,42,,,,,,,,,,,,,,,,,,,,,,,,,,,U
,,,,,,,,16.175746149847804,16.68740463256836,16.175746149847804,0.11029639095067978,8.046735143661499,16.38771343231201,16.447975635528564,16.482179641723633,16.513044357299805,16.541611671447754,16.58987045288086,1.5910482638449988,0.0661116223241699,0.3969939947128296,-0.007737833314004177,-0.4772814214229584,-0.2061699040234089,-0.1130293607711792,-0.06277688033878803,-0.007399708032608032,0.04792116116732359,0.09777140989899635,0.18393707275390625,0.08286345908456742,,,,,,,,,,,,,,,,,,,,,,,,,,,,,,,,,,,,,,,,,,,,,,,,,,,,ele-fashion,,,,,,,,,,,,,,0.1761114001274109,,,,,,,,,,,,,,,,,,,,,,,,,,,,,,,,,,,,,,,,,,,,,,,,,,,,,,,,,,,,,,,,,,,,,3,0.12211233377456665,10.823219299316406,,,,,,,,,,,,,,,,,,,,,,,,,,,,,,visual,,,,,,,,,,,,,,,,,,,,,,,,,,,,,,,,,,,,,,,,,,,,,,,,,,,,,,,,,,,,,,,,,,,,,,,,,,,,,,,,,,,,,,,,,,,,,,,,,,,,,,,,,,,,,,,,,,,,,,,context,,,,,,,42,,,,,,,,,,,,,,,,,,,,,,,,,,,U
,,,,,,,,,,,,,,,,,,,,,,,,,,,,,,,,,,,,,,,,,,,,,,,,,,,,,,,,,,,,,,,,,,,,,,,,,,,,,,,,,,,ele-fashion,,,,,,,,,,,,,,,,,,,,,,,,,,,,,,,,,,,,,,,,,,,,,1.4208285056466574,1.4589312076568604,1.4208285056466574,1.3836770057678223,1.4026512861251832,1.412088930606842,1.4159864783287048,1.4207706451416016,1.4254615008831024,1.4297007322311401,1.438980507850647,0.007235515125590122,1.4208285056466574,1.4589312076568604,1.4208285056466574,1.3836770057678223,1.4026512861251832,1.412088930606842,1.4159864783287048,1.4207706451416016,1.4254615008831024,1.4297007322311401,1.438980507850647,0.007235515125590122,,,,,,,,,,,,,,,,,,,,,,,,,,,,,,,,,,,,,,,,,,,,,,,visual,,,,,,,,,,,,,,,,,,,,,,,,,,,,,,,,,,,,,,,,,,,,,,,,,,,,,,,,,,,,,,,,,,,,,,,,,,,,,,,,,,,,,,,,,,,,,,,,,,,,,,,,,,,,,,,,,,,,,,,effective_order,,,,,,,42,,,,,,,,,,,,,,,,,,,,,,,,,,,U
,,,,,,,,,,,,,,,,,,,,,,,,,,,,,,,,,,,,,,,,,,,,,,,,,,,,,,,,,,,,,,,,,,,,,,,,,,,,,,,,,,,ele-fashion,,,,,,,,,,,,,,,,,,,,,,,,,,,,,,,,,,,,,,,,,,,,,,,,,,,,,,,,,,,,,,,,,,,,,,,,,,,,,,,,,1,,,,,,,,,,,,,,,,,,,,,,,,,,,,,,,0.0,,,visual,,,,,,,,,,,,,,,,,,,,,,,,,,,,,,,,,,,,,,,,,,,,,,,,,,,,,,,,,,,,,,,,,,,,,,,,,,,,,,,,,,,,,,,,,,,,,,,,,,,,,,,,,,,,,,,,,,,,,,,interaction_off_check,,,,,,,42,,,,,,,,,,,,,,,,,,,,,,,,,,,U
,,,,,,,,,,,,,,,,,,,,,,,,,,,,,,,,,,,,,,,,,,,,,,,,0.09519537483221907,0.0,0.0,0.13365894556045532,0.09519537483221907,0.06656477600336075,0.07538401298224925,0.08246686682105064,0.08699425496160984,0.09417759627103806,0.10275783576071262,0.1098068468272686,0.11967117115855216,0.28719861709791267,0.010461669558643362,,,,,,,,,0.04565356369019335,0.7604020237922668,0.045653563599962727,-1.1920928955078125e-07,0.0006555318832397461,0.0031835734844207764,0.0091056227684021,0.02673417329788208,0.062036022543907166,0.11264041066169739,0.25961717367172266,0.05458184275655288,ele-fashion,,,,,,,,,,,,,,,,,,,,,,,,,,,,,,,,,,,,,,,,,,,,,,,,,,,,,,,,,,,,,,,,,,,,,,,,,,,,,,,,,,,1,,,,,,,,,,,,,,,,,,,,,,,,,,,,,,,,text,,,,,,,,,,,,,,,,,,,,,1.9885530806651457,7.818093776702881,1.2998290998698838,-5.194493293762207,-3.082888603210449,-1.4518401622772217,-0.21344656497240067,1.397402048110962,2.8565520644187927,3.831921339035034,5.461721587181098,2.015070400708257,,,,,,,,,,,,,,,,,,,,,,,,,,,,,,,,,,,,,,,,,,,,,,,,,,,,,,,,,,,,,,,,,,,,,,,,,,,,,,,,,,,,nan,0.02812269516289234,-0.05987285077571869,semantic,,,,,,,43,0.016068777069449425,,,,,,,,,,,,,,,,,,,,,,,,,,U
,,,,,,,,,,,,,,,,,,,,,,,,,,,,,,,,,,,,,,,,,,,,,,,,0.09666296994394036,0.0,0.0,0.1355273425579071,0.09666296994394036,0.06775210797786713,0.07659573145210744,0.08374913036823273,0.08833885192871094,0.09563156589865685,0.1043414305895567,0.11147082969546318,0.1214935690164567,0.2867871672370593,0.010612220702060434,,,,,,,,,0.07507939525290772,0.5841262936592102,0.07507939522120508,-1.1920928955078125e-07,0.003937482833862305,0.0205877423286438,0.03613957762718201,0.0613170862197876,0.09931719303131104,0.14699304103851318,0.26586404144763964,0.05513665041621621,ele-fashion,,,,,,,,,,,,,,,,,,,,,,,,,,,,,,,,,,,,,,,,,,,,,,,,,,,,,,,,,,,,,,,,,,,,,,,,,,,,,,,,,,,2,,,,,,,,,,,,,,,,,,,,,,,,,,,,,,,,text,,,,,,,,,,,,,,,,,,,,,1.9885530806651457,7.818093776702881,1.2998290998698838,-5.194493293762207,-3.082888603210449,-1.4518401622772217,-0.21344656497240067,1.397402048110962,2.8565520644187927,3.831921339035034,5.461721587181098,2.015070400708257,,,,,,,,,,,,,,,,,,,,,,,,,,,,,,,,,,,,,,,,,,,,,,,,,,,,,,,,,,,,,,,,,,,,,,,,,,,,,,,,,,,,nan,0.02812269516289234,-0.05987285077571869,semantic,,,,,,,43,0.03217751905322075,,,,,,,,,,,,,,,,,,,,,,,,,,U
,,,,,,,,,,,,,,,,,,,,,,,,,,,,,,,,,,,,,,,,,,,,,,,,0.08805249412553692,0.0,0.0,0.1238701120018959,0.08805249412553692,0.06158251687884331,0.06965896151959897,0.07617774978280067,0.0803899634629488,0.08708911389112473,0.09511230140924454,0.10168035328388214,0.11092454195022586,0.28962954149183595,0.009761678885178692,,,,,,,,,0.09516314112366805,0.6753653287887573,0.0951631410919654,-2.384185791015625e-07,0.006682059168815612,0.028498947620391846,0.04856869578361511,0.07987335324287415,0.1259949803352356,0.18147236108779907,0.3144142866134644,0.06517681444680447,ele-fashion,,,,,,,,,,,,,,,,,,,,,,,,,,,,,,,,,,,,,,,,,,,,,,,,,,,,,,,,,,,,,,,,,,,,,,,,,,,,,,,,,,,3,,,,,,,,,,,,,,,,,,,,,,,,,,,,,,,,text,,,,,,,,,,,,,,,,,,,,,1.9885530806651457,7.818093776702881,1.2998290998698838,-5.194493293762207,-3.082888603210449,-1.4518401622772217,-0.21344656497240067,1.397402048110962,2.8565520644187927,3.831921339035034,5.461721587181098,2.015070400708257,,,,,,,,,,,,,,,,,,,,,,,,,,,,,,,,,,,,,,,,,,,,,,,,,,,,,,,,,,,,,,,,,,,,,,,,,,,,,,,,,,,,nan,0.02812269516289234,-0.05987285077571869,semantic,,,,,,,43,-0.07129883766174316,,,,,,,,,,,,,,,,,,,,,,,,,,U
,,,,,,,,,,,,,,,,,,,,,,,,,,,,,,,,,,,,,,,,,,,,,,,,,,,,,,,,,,,,,,,4.0,2.384185791015625e-07,2.4972471217463667e-20,97766.0,0.45439128577585564,,,,,,,,,,,,,,,,ele-fashion,,,,,,,,,,,,,,,,,,,,,,,,,,,-0.0201080991403971,0.2298919008596029,0.1455720650966441,0.24505655882082422,0.2836742385989055,0.06297814848145394,,,,,,,,,,,,,,,,,,,,,,,,,,,,,,,,,,,,,,,,,,,,,,,,,,,,,,,0.42874513183455554,,,,,,,,,,,,,,,,,,,,,,,,,,0.9743538460586999,0.018279188894785407,text,,0.4518503224687132,0.23152294527543768,0.45082958489973957,0.6620471258408721,0.1629810064197514,0.11926377738629007,0.5850087215520702,0.8695465986497275,0.26712182383473476,0.5456087142241444,,0.7701080991403971,0.9743538460586999,,,,,,,,,,,,,,,,,,,0.1652956393610024,0.027791981199086102,0.12035290446753302,0.3824096515934321,0.14199677148356943,,,,,,,,,,,,,,,,,,,,,,,,,,,,,,,,,,,,,,,,,,,,,,,,,,,,,,,,,,,,,,,,,,,,,,,,,,,,,,,,,,attention,,,,,,,43,,,,,,,,,,,,,,,,,,,,,,,,,,0.25,U
,,,,,,,,16.832496834518725,17.178985595703125,16.832496834518725,0.2560572624206543,16.642641067504883,16.734639167785645,16.787774562835693,16.846406936645508,16.902840614318848,16.952786445617676,17.03526496887207,0.4577899391754286,0.10528959319957912,0.6790146827697754,-0.006415109756380445,-0.6202648878097534,-0.31076730936765673,-0.17581703513860703,-0.09560848027467728,-0.00617872946895659,0.08310456573963165,0.16301032155752182,0.2937953770160675,0.13133889979304572,,,,,,,,,,,,,,,,,,,,,,,,,,,,,,,,,,,,,,,,,,,,,,,,,,,,ele-fashion,,,,,,,,,,,,,,0.19194921851158142,,,,,,,,,,,,,,,,,,,,,,,,,,,,,,,,,,,,,,,,,,,,,,,,,,,,,,,,,,,,,,,,,,,,,1,0.16006894409656525,13.060338973999023,,,,,,,,,,,,,,,,,,,,,,,,,,,,,,text,,,,,,,,,,,,,,,,,,,,,,,,,,,,,,,,,,,,,,,,,,,,,,,,,,,,,,,,,,,,,,,,,,,,,,,,,,,,,,,,,,,,,,,,,,,,,,,,,,,,,,,,,,,,,,,,,,,,,,,context,,,,,,,43,,,,,,,,,,,,,,,,,,,,,,,,,,,U
,,,,,,,,16.51109151984835,17.13397979736328,16.51109151984835,0.2558341324329376,6.962395095825195,16.694067001342773,16.765405654907227,16.830398559570312,16.88948631286621,16.93751049041748,17.01239147186279,1.6995180903127372,0.10446291420408943,0.669492244720459,-0.006566374111693878,-0.6477014422416687,-0.3092760816216469,-0.17490500211715698,-0.09503907151520252,-0.005961239337921143,0.08226154930889606,0.1610209345817566,0.29169160276651385,0.13036020757840694,,,,,,,,,,,,,,,,,,,,,,,,,,,,,,,,,,,,,,,,,,,,,,,,,,,,ele-fashion,,,,,,,,,,,,,,0.19194921851158142,,,,,,,,,,,,,,,,,,,,,,,,,,,,,,,,,,,,,,,,,,,,,,,,,,,,,,,,,,,,,,,,,,,,,2,0.16006894409656525,12.967551231384277,,,,,,,,,,,,,,,,,,,,,,,,,,,,,,text,,,,,,,,,,,,,,,,,,,,,,,,,,,,,,,,,,,,,,,,,,,,,,,,,,,,,,,,,,,,,,,,,,,,,,,,,,,,,,,,,,,,,,,,,,,,,,,,,,,,,,,,,,,,,,,,,,,,,,,context,,,,,,,43,,,,,,,,,,,,,,,,,,,,,,,,,,,U
,,,,,,,,16.35873433097993,17.15350914001465,16.35873433097993,0.25607678294181824,5.486366438865661,16.62724494934082,16.712631225585938,16.78348731994629,16.847445964813232,16.903538703918457,16.99519157409668,2.0225549128573665,0.10562888824982418,0.6716024279594421,-0.00636609871355114,-0.6592270135879517,-0.31174326241016387,-0.17625150084495544,-0.09580976702272892,-0.006186669692397118,0.08344817161560059,0.1636611819267273,0.29479068517684937,0.13176463573500574,,,,,,,,,,,,,,,,,,,,,,,,,,,,,,,,,,,,,,,,,,,,,,,,,,,,ele-fashion,,,,,,,,,,,,,,0.19194921851158142,,,,,,,,,,,,,,,,,,,,,,,,,,,,,,,,,,,,,,,,,,,,,,,,,,,,,,,,,,,,,,,,,,,,,3,0.16006894409656525,13.100848197937012,,,,,,,,,,,,,,,,,,,,,,,,,,,,,,text,,,,,,,,,,,,,,,,,,,,,,,,,,,,,,,,,,,,,,,,,,,,,,,,,,,,,,,,,,,,,,,,,,,,,,,,,,,,,,,,,,,,,,,,,,,,,,,,,,,,,,,,,,,,,,,,,,,,,,,context,,,,,,,43,,,,,,,,,,,,,,,,,,,,,,,,,,,U
,,,,,,,,,,,,,,,,,,,,,,,,,,,,,,,,,,,,,,,,,,,,,,,,,,,,,,,,,,,,,,,,,,,,,,,,,,,,,,,,,,,ele-fashion,,,,,,,,,,,,,,,,,,,,,,,,,,,,,,,,,,,,,,,,,,,,,1.437330850911941,1.4780827760696411,1.437330850911941,1.3864551782608032,1.4103869497776031,1.4225629568099976,1.4293791353702545,1.4366745948791504,1.4460437297821045,1.4532316327095032,1.4612957656383514,0.011627676499736079,1.437330850911941,1.4780827760696411,1.437330850911941,1.3864551782608032,1.4103869497776031,1.4225629568099976,1.4293791353702545,1.4366745948791504,1.4460437297821045,1.4532316327095032,1.4612957656383514,0.011627676499736079,,,,,,,,,,,,,,,,,,,,,,,,,,,,,,,,,,,,,,,,,,,,,,,text,,,,,,,,,,,,,,,,,,,,,,,,,,,,,,,,,,,,,,,,,,,,,,,,,,,,,,,,,,,,,,,,,,,,,,,,,,,,,,,,,,,,,,,,,,,,,,,,,,,,,,,,,,,,,,,,,,,,,,,effective_order,,,,,,,43,,,,,,,,,,,,,,,,,,,,,,,,,,,U
,,,,,,,,,,,,,,,,,,,,,,,,,,,,,,,,,,,,,,,,,,,,,,,,,,,,,,,,,,,,,,,,,,,,,,,,,,,,,,,,,,,ele-fashion,,,,,,,,,,,,,,,,,,,,,,,,,,,,,,,,,,,,,,,,,,,,,,,,,,,,,,,,,,,,,,,,,,,,,,,,,,,,,,,,,1,,,,,,,,,,,,,,,,,,,,,,,,,,,,,,,0.0,,,text,,,,,,,,,,,,,,,,,,,,,,,,,,,,,,,,,,,,,,,,,,,,,,,,,,,,,,,,,,,,,,,,,,,,,,,,,,,,,,,,,,,,,,,,,,,,,,,,,,,,,,,,,,,,,,,,,,,,,,,interaction_off_check,,,,,,,43,,,,,,,,,,,,,,,,,,,,,,,,,,,U
,,,,,,,,,,,,,,,,,,,,,,,,,,,,,,,,,,,,,,,,,,,,,,,,0.13656780651437864,0.0,0.0,0.2500239610671997,0.13656780651437864,0.06444434076547623,0.07642473354935646,0.08728867024183273,0.10378503799438477,0.12827294319868088,0.16251662746071815,0.20445281267166138,0.22994767501950275,0.8579191935446002,0.041596859749907136,,,,,,,,,0.06349414887830274,0.7152834534645081,0.06349414841495628,-2.384185791015625e-07,5.960464477539063e-08,0.003169119358062744,0.01000697910785675,0.03428497910499573,0.09048324823379517,0.16686296463012695,0.3414848268032078,0.075767337605376,ele-fashion,,,,,,,,,,,,,,,,,,,,,,,,,,,,,,,,,,,,,,,,,,,,,,,,,,,,,,,,,,,,,,,,,,,,,,,,,,,,,,,,,,,1,,,,,,,,,,,,,,,,,,,,,,,,,,,,,,,,visual,,,,,,,,,,,,,,,,,,,,,3.8441104427651624,5.927122116088867,-2.8428114553627273,-11.678915977478027,-10.439071035385131,-8.771382331848145,-5.616984009742737,-2.518410801887512,0.16374221816658974,2.291709303855896,3.899008309841161,3.8786621445570177,,,,,,,,,,,,,,,,,,,,,,,,,,,,,,,,,,,,,,,,,,,,,,,,,,,,,,,,,,,,,,,,,,,,,,,,,,,,,,,,,,,,nan,0.04375070333480835,-0.08961289376020432,semantic,,,,,,,43,0.051900237798690796,,,,,,,,,,,,,,,,,,,,,,,,,,U
,,,,,,,,,,,,,,,,,,,,,,,,,,,,,,,,,,,,,,,,,,,,,,,,0.13563509474560875,0.0,0.0,0.24835951626300812,0.13563509474560875,0.06386546790599823,0.07582153342664241,0.08659767359495163,0.10300824791193008,0.12740929424762726,0.16147970780730247,0.20318002253770828,0.22844983488321322,0.8595293803609889,0.04137538897251524,,,,,,,,,0.09453723357376032,0.563396692276001,0.09453723338354439,-2.384185791015625e-07,0.0044211745262146,0.025721698999404907,0.04406331479549408,0.0777120590209961,0.1287160962820053,0.18764281272888184,0.31086320281028745,0.06754802669837731,ele-fashion,,,,,,,,,,,,,,,,,,,,,,,,,,,,,,,,,,,,,,,,,,,,,,,,,,,,,,,,,,,,,,,,,,,,,,,,,,,,,,,,,,,2,,,,,,,,,,,,,,,,,,,,,,,,,,,,,,,,visual,,,,,,,,,,,,,,,,,,,,,3.8441104427651624,5.927122116088867,-2.8428114553627273,-11.678915977478027,-10.439071035385131,-8.771382331848145,-5.616984009742737,-2.518410801887512,0.16374221816658974,2.291709303855896,3.899008309841161,3.8786621445570177,,,,,,,,,,,,,,,,,,,,,,,,,,,,,,,,,,,,,,,,,,,,,,,,,,,,,,,,,,,,,,,,,,,,,,,,,,,,,,,,,,,,nan,0.04375070333480835,-0.08961289376020432,semantic,,,,,,,43,0.04244333878159523,,,,,,,,,,,,,,,,,,,,,,,,,,U
,,,,,,,,,,,,,,,,,,,,,,,,,,,,,,,,,,,,,,,,,,,,,,,,0.11928884451655414,0.0,0.0,0.2214561402797699,0.11928884451655414,0.05547354742884636,0.06601088494062424,0.07550010830163956,0.09003883972764015,0.1117471195757389,0.14226731657981873,0.180032879114151,0.2031279988586903,0.8762996341802,0.03713258646691433,,,,,,,,,0.11581787673374944,0.5930526256561279,0.11581787654841084,-2.384185791015625e-07,0.007467356324195861,0.03598049283027649,0.059887319803237915,0.09998351335525513,0.1547953486442566,0.21834787726402283,0.34978010952472705,0.0749032477241317,ele-fashion,,,,,,,,,,,,,,,,,,,,,,,,,,,,,,,,,,,,,,,,,,,,,,,,,,,,,,,,,,,,,,,,,,,,,,,,,,,,,,,,,,,3,,,,,,,,,,,,,,,,,,,,,,,,,,,,,,,,visual,,,,,,,,,,,,,,,,,,,,,3.8441104427651624,5.927122116088867,-2.8428114553627273,-11.678915977478027,-10.439071035385131,-8.771382331848145,-5.616984009742737,-2.518410801887512,0.16374221816658974,2.291709303855896,3.899008309841161,3.8786621445570177,,,,,,,,,,,,,,,,,,,,,,,,,,,,,,,,,,,,,,,,,,,,,,,,,,,,,,,,,,,,,,,,,,,,,,,,,,,,,,,,,,,,nan,0.04375070333480835,-0.08961289376020432,semantic,,,,,,,43,-0.1076648086309433,,,,,,,,,,,,,,,,,,,,,,,,,,U
,,,,,,,,,,,,,,,,,,,,,,,,,,,,,,,,,,,,,,,,,,,,,,,,,,,,,,,,,,,,,,,4.0,2.384185791015625e-07,5.817817954875004e-30,97766.0,0.6469366859121739,,,,,,,,,,,,,,,,ele-fashion,,,,,,,,,,,,,,,,,,,,,,,,,,,-0.009807630843904375,0.24019236915609563,0.20270532493304927,0.24824824129791523,0.2669065586524084,0.041366442256113425,,,,,,,,,,,,,,,,,,,,,,,,,,,,,,,,,,,,,,,,,,,,,,,,,,,,,,,0.5047219424691126,,,,,,,,,,,,,,,,,,,,,,,,,,0.8577852565569387,0.012677740256197891,visual,,0.48215131946444106,0.2516585854958166,0.47577258295679925,0.744744927099024,0.17121247582360372,0.0033850906534889993,0.3248949729024442,0.778848789439441,0.29292289445977154,0.3530633140878261,,0.7598076308439043,0.8577852565569387,,,,,,,,,,,,,,,,,,,0.08933127490496133,0.0013232046679689802,0.0501038336036288,0.23765658613410778,0.11017391637001607,,,,,,,,,,,,,,,,,,,,,,,,,,,,,,,,,,,,,,,,,,,,,,,,,,,,,,,,,,,,,,,,,,,,,,,,,,,,,,,,,,attention,,,,,,,43,,,,,,,,,,,,,,,,,,,,,,,,,,0.25,U
,,,,,,,,16.57176049838066,16.909088134765625,16.57176049838066,0.2713856101036072,16.476628494262695,16.562313079833984,16.595088481903076,16.632760047912598,16.671815395355225,16.707098960876465,16.772208595275877,1.0030680494506303,0.06586824125103363,0.48688653111457825,-0.01337224469312463,-0.49522462487220764,-0.2080746941268444,-0.11811251938343048,-0.06797256134450436,-0.012591361999511719,0.04176301136612892,0.08993512392044067,0.17718826755881317,0.08184622231126559,,,,,,,,,,,,,,,,,,,,,,,,,,,,,,,,,,,,,,,,,,,,,,,,,,,,ele-fashion,,,,,,,,,,,,,,0.19327281415462494,,,,,,,,,,,,,,,,,,,,,,,,,,,,,,,,,,,,,,,,,,,,,,,,,,,,,,,,,,,,,,,,,,,,,1,0.11546143889427185,11.3714017868042,,,,,,,,,,,,,,,,,,,,,,,,,,,,,,visual,,,,,,,,,,,,,,,,,,,,,,,,,,,,,,,,,,,,,,,,,,,,,,,,,,,,,,,,,,,,,,,,,,,,,,,,,,,,,,,,,,,,,,,,,,,,,,,,,,,,,,,,,,,,,,,,,,,,,,,context,,,,,,,43,,,,,,,,,,,,,,,,,,,,,,,,,,,U
,,,,,,,,16.46592296699483,16.88380241394043,16.46592296699483,0.27137890458106995,14.530764293670654,16.463772773742676,16.531051635742188,16.58734130859375,16.634841442108154,16.676067352294922,16.743917751312257,1.1089904945497626,0.06572956888963671,0.492231547832489,-0.013228648332765824,-0.4993373155593872,-0.20751373544335366,-0.11776387318968773,-0.06772628426551819,-0.012473315000534058,0.04179883748292923,0.08990534767508507,0.1769623622298243,0.0816848827684089,,,,,,,,,,,,,,,,,,,,,,,,,,,,,,,,,,,,,,,,,,,,,,,,,,,,ele-fashion,,,,,,,,,,,,,,0.19327281415462494,,,,,,,,,,,,,,,,,,,,,,,,,,,,,,,,,,,,,,,,,,,,,,,,,,,,,,,,,,,,,,,,,,,,,2,0.11546143889427185,11.348339080810547,,,,,,,,,,,,,,,,,,,,,,,,,,,,,,visual,,,,,,,,,,,,,,,,,,,,,,,,,,,,,,,,,,,,,,,,,,,,,,,,,,,,,,,,,,,,,,,,,,,,,,,,,,,,,,,,,,,,,,,,,,,,,,,,,,,,,,,,,,,,,,,,,,,,,,,context,,,,,,,43,,,,,,,,,,,,,,,,,,,,,,,,,,,U
,,,,,,,,16.30922432067478,16.850412368774414,16.30922432067478,0.2713767886161804,9.024638462066651,16.453347206115723,16.52631950378418,16.57472801208496,16.61979866027832,16.6585693359375,16.72630853652954,1.4853877291592479,0.0658882464101524,0.484904944896698,-0.01328326042840993,-0.4856587052345276,-0.2080614872276783,-0.11809305846691132,-0.06790822744369507,-0.012497581541538239,0.04189273715019226,0.09005963802337646,0.17726711109280596,0.0818780122161341,,,,,,,,,,,,,,,,,,,,,,,,,,,,,,,,,,,,,,,,,,,,,,,,,,,,ele-fashion,,,,,,,,,,,,,,0.19327281415462494,,,,,,,,,,,,,,,,,,,,,,,,,,,,,,,,,,,,,,,,,,,,,,,,,,,,,,,,,,,,,,,,,,,,,3,0.11546143889427185,11.375038146972656,,,,,,,,,,,,,,,,,,,,,,,,,,,,,,visual,,,,,,,,,,,,,,,,,,,,,,,,,,,,,,,,,,,,,,,,,,,,,,,,,,,,,,,,,,,,,,,,,,,,,,,,,,,,,,,,,,,,,,,,,,,,,,,,,,,,,,,,,,,,,,,,,,,,,,,context,,,,,,,43,,,,,,,,,,,,,,,,,,,,,,,,,,,U
,,,,,,,,,,,,,,,,,,,,,,,,,,,,,,,,,,,,,,,,,,,,,,,,,,,,,,,,,,,,,,,,,,,,,,,,,,,,,,,,,,,ele-fashion,,,,,,,,,,,,,,,,,,,,,,,,,,,,,,,,,,,,,,,,,,,,,1.435590778636632,1.4764231443405151,1.435590778636632,1.3709840774536133,1.4045880436897278,1.419324815273285,1.42792347073555,1.4363657236099243,1.4440473020076752,1.4505311846733093,1.4625581622123718,0.012399542884329843,1.435590778636632,1.4764231443405151,1.435590778636632,1.3709840774536133,1.4045880436897278,1.419324815273285,1.42792347073555,1.4363657236099243,1.4440473020076752,1.4505311846733093,1.4625581622123718,0.012399542884329843,,,,,,,,,,,,,,,,,,,,,,,,,,,,,,,,,,,,,,,,,,,,,,,visual,,,,,,,,,,,,,,,,,,,,,,,,,,,,,,,,,,,,,,,,,,,,,,,,,,,,,,,,,,,,,,,,,,,,,,,,,,,,,,,,,,,,,,,,,,,,,,,,,,,,,,,,,,,,,,,,,,,,,,,effective_order,,,,,,,43,,,,,,,,,,,,,,,,,,,,,,,,,,,U
,,,,,,,,,,,,,,,,,,,,,,,,,,,,,,,,,,,,,,,,,,,,,,,,,,,,,,,,,,,,,,,,,,,,,,,,,,,,,,,,,,,ele-fashion,,,,,,,,,,,,,,,,,,,,,,,,,,,,,,,,,,,,,,,,,,,,,,,,,,,,,,,,,,,,,,,,,,,,,,,,,,,,,,,,,1,,,,,,,,,,,,,,,,,,,,,,,,,,,,,,,0.0,,,visual,,,,,,,,,,,,,,,,,,,,,,,,,,,,,,,,,,,,,,,,,,,,,,,,,,,,,,,,,,,,,,,,,,,,,,,,,,,,,,,,,,,,,,,,,,,,,,,,,,,,,,,,,,,,,,,,,,,,,,,interaction_off_check,,,,,,,43,,,,,,,,,,,,,,,,,,,,,,,,,,,U
,,,,,,,,,,,,,,,,,,,,,,,,,,,,,,,,,,,,,,,,,,,,,,,,0.09757102667985719,0.0,0.0,0.14202682673931122,0.09757102667985719,0.06369607895612717,0.07743578255176545,0.08461296558380127,0.08924394100904465,0.09580829367041588,0.10491528734564781,0.11333607882261276,0.12581614777445793,0.2943815824830998,0.011085470726205093,,,,,,,,,0.04531992189420791,0.6732795238494873,0.045319921811293275,-1.1920928955078125e-07,0.00070953369140625,0.0031696557998657227,0.009021162986755371,0.026532143354415894,0.062000349164009094,0.11139309406280518,0.25439243018627195,0.05388420344500404,ele-fashion,,,,,,,,,,,,,,,,,,,,,,,,,,,,,,,,,,,,,,,,,,,,,,,,,,,,,,,,,,,,,,,,,,,,,,,,,,,,,,,,,,,1,,,,,,,,,,,,,,,,,,,,,,,,,,,,,,,,text,,,,,,,,,,,,,,,,,,,,,1.8102675179866095,5.76923942565918,-0.9687861758656323,-8.064496994018555,-4.810413837432861,-3.3061485290527344,-2.400964677333832,-1.1814005374908447,0.3818415552377701,1.7278066873550415,3.567724275588993,1.9288638176966755,,,,,,,,,,,,,,,,,,,,,,,,,,,,,,,,,,,,,,,,,,,,,,,,,,,,,,,,,,,,,,,,,,,,,,,,,,,,,,,,,,,,nan,0.02936217561364174,0.06430888175964355,semantic,,,,,,,44,0.027452949434518814,,,,,,,,,,,,,,,,,,,,,,,,,,U
,,,,,,,,,,,,,,,,,,,,,,,,,,,,,,,,,,,,,,,,,,,,,,,,0.09856252330845651,0.0,0.0,0.1435060054063797,0.09856252330845651,0.06452855467796326,0.07826739251613617,0.08547228947281837,0.09015019424259663,0.09679346531629562,0.10598288476467133,0.11446177214384079,0.12702173516154294,0.2941227730138788,0.011185507110392677,,,,,,,,,0.07460412573295444,0.49318206310272217,0.07460412570125179,-1.1920928955078125e-07,0.00414121150970459,0.02073487639427185,0.03592395782470703,0.06115525960922241,0.09845167398452759,0.14519551396369934,0.26549601554870605,0.05460898792726281,ele-fashion,,,,,,,,,,,,,,,,,,,,,,,,,,,,,,,,,,,,,,,,,,,,,,,,,,,,,,,,,,,,,,,,,,,,,,,,,,,,,,,,,,,2,,,,,,,,,,,,,,,,,,,,,,,,,,,,,,,,text,,,,,,,,,,,,,,,,,,,,,1.8102675179866095,5.76923942565918,-0.9687861758656323,-8.064496994018555,-4.810413837432861,-3.3061485290527344,-2.400964677333832,-1.1814005374908447,0.3818415552377701,1.7278066873550415,3.567724275588993,1.9288638176966755,,,,,,,,,,,,,,,,,,,,,,,,,,,,,,,,,,,,,,,,,,,,,,,,,,,,,,,,,,,,,,,,,,,,,,,,,,,,,,,,,,,,nan,0.02936217561364174,0.06430888175964355,semantic,,,,,,,44,0.037817489355802536,,,,,,,,,,,,,,,,,,,,,,,,,,U
,,,,,,,,,,,,,,,,,,,,,,,,,,,,,,,,,,,,,,,,,,,,,,,,0.08895344134675683,0.0,0.0,0.13009358942508698,0.08895344134675683,0.05812773108482361,0.07049090452492238,0.07702036574482918,0.08127263933420181,0.08733776956796646,0.0957255307585001,0.1034671701490879,0.114958380907774,0.2973106380546529,0.010206318604829045,,,,,,,,,0.09447829459201898,0.5635966062545776,0.09447829455056167,-1.1920928955078125e-07,0.006761908531188965,0.028825223445892334,0.04841209948062897,0.07965809106826782,0.1242414265871048,0.17907226085662842,0.31266331672668457,0.06453139895463941,ele-fashion,,,,,,,,,,,,,,,,,,,,,,,,,,,,,,,,,,,,,,,,,,,,,,,,,,,,,,,,,,,,,,,,,,,,,,,,,,,,,,,,,,,3,,,,,,,,,,,,,,,,,,,,,,,,,,,,,,,,text,,,,,,,,,,,,,,,,,,,,,1.8102675179866095,5.76923942565918,-0.9687861758656323,-8.064496994018555,-4.810413837432861,-3.3061485290527344,-2.400964677333832,-1.1814005374908447,0.3818415552377701,1.7278066873550415,3.567724275588993,1.9288638176966755,,,,,,,,,,,,,,,,,,,,,,,,,,,,,,,,,,,,,,,,,,,,,,,,,,,,,,,,,,,,,,,,,,,,,,,,,,,,,,,,,,,,nan,0.02936217561364174,0.06430888175964355,semantic,,,,,,,44,-0.07609844207763672,,,,,,,,,,,,,,,,,,,,,,,,,,U
,,,,,,,,,,,,,,,,,,,,,,,,,,,,,,,,,,,,,,,,,,,,,,,,,,,,,,,,,,,,,,,4.0,2.384185791015625e-07,2.703178937432014e-19,97766.0,0.4679772009085019,,,,,,,,,,,,,,,,ele-fashion,,,,,,,,,,,,,,,,,,,,,,,,,,,-0.016441365644052935,0.23355863435594706,0.1793092193195207,0.24296348175266758,0.27036581112770364,0.045000705222883707,,,,,,,,,,,,,,,,,,,,,,,,,,,,,,,,,,,,,,,,,,,,,,,,,,,,,,,0.42912685321612787,,,,,,,,,,,,,,,,,,,,,,,,,,0.961149652307626,0.013937878545807319,text,,0.44982133751225967,0.23249056416798153,0.44139860151734195,0.6606882672844917,0.1633970325731755,0.11303068310088633,0.5649105028027713,0.8576442870369513,0.2642167904896661,0.5320227990914981,,0.766441365644053,0.961149652307626,,,,,,,,,,,,,,,,,,,0.11823725450809876,0.019215830659959465,0.08702865492280884,0.26247483588577813,0.10563297309078731,,,,,,,,,,,,,,,,,,,,,,,,,,,,,,,,,,,,,,,,,,,,,,,,,,,,,,,,,,,,,,,,,,,,,,,,,,,,,,,,,,attention,,,,,,,44,,,,,,,,,,,,,,,,,,,,,,,,,,0.25,U
,,,,,,,,16.70779625567838,17.03049659729004,16.70779625567838,0.21765848994255066,16.552624416351318,16.628384590148926,16.672279357910156,16.71926975250244,16.768112182617188,16.811949729919434,16.894720458984377,0.453007138161122,0.09804333442993211,0.6152938008308411,-0.004904401222298738,-0.6079756617546082,-0.2923129990696907,-0.16422662138938904,-0.08738547563552856,-0.00330434029456228,0.07882261835038662,0.15147453546524048,0.2739400893449784,0.12256101452022626,,,,,,,,,,,,,,,,,,,,,,,,,,,,,,,,,,,,,,,,,,,,,,,,,,,,ele-fashion,,,,,,,,,,,,,,0.18052074313163757,,,,,,,,,,,,,,,,,,,,,,,,,,,,,,,,,,,,,,,,,,,,,,,,,,,,,,,,,,,,,,,,,,,,,1,0.15278509259223938,12.770893096923828,,,,,,,,,,,,,,,,,,,,,,,,,,,,,,text,,,,,,,,,,,,,,,,,,,,,,,,,,,,,,,,,,,,,,,,,,,,,,,,,,,,,,,,,,,,,,,,,,,,,,,,,,,,,,,,,,,,,,,,,,,,,,,,,,,,,,,,,,,,,,,,,,,,,,,context,,,,,,,44,,,,,,,,,,,,,,,,,,,,,,,,,,,U
,,,,,,,,16.35176755839117,17.00010108947754,16.35176755839117,0.21537083387374878,5.721582293510437,16.599791526794434,16.65993356704712,16.712583541870117,16.763266563415527,16.813528060913086,16.920074653625488,1.8756617762118468,0.0975866504505691,0.6116088032722473,-0.004925726176268305,-0.6069355607032776,-0.2908090725541115,-0.1633457913994789,-0.08705449104309082,-0.0034197350032627583,0.078324094414711,0.15070021152496338,0.273381769657135,0.12201128579925893,,,,,,,,,,,,,,,,,,,,,,,,,,,,,,,,,,,,,,,,,,,,,,,,,,,,ele-fashion,,,,,,,,,,,,,,0.18052074313163757,,,,,,,,,,,,,,,,,,,,,,,,,,,,,,,,,,,,,,,,,,,,,,,,,,,,,,,,,,,,,,,,,,,,,2,0.15278509259223938,12.714686393737793,,,,,,,,,,,,,,,,,,,,,,,,,,,,,,text,,,,,,,,,,,,,,,,,,,,,,,,,,,,,,,,,,,,,,,,,,,,,,,,,,,,,,,,,,,,,,,,,,,,,,,,,,,,,,,,,,,,,,,,,,,,,,,,,,,,,,,,,,,,,,,,,,,,,,,context,,,,,,,44,,,,,,,,,,,,,,,,,,,,,,,,,,,U
,,,,,,,,16.266979349200778,16.980722427368164,16.266979349200778,0.21765846014022827,5.962049293518066,16.52444839477539,16.601515769958496,16.662440299987793,16.721943378448486,16.772348403930664,16.86636028289795,1.901324038435738,0.0982016580496331,0.6076244711875916,-0.00481531801746118,-0.6058508157730103,-0.29287325143814086,-0.16441941261291504,-0.08742222376167774,-0.0031694239005446434,0.07907877117395401,0.15179987996816635,0.2742531925439835,0.12276823232854596,,,,,,,,,,,,,,,,,,,,,,,,,,,,,,,,,,,,,,,,,,,,,,,,,,,,ele-fashion,,,,,,,,,,,,,,0.18052074313163757,,,,,,,,,,,,,,,,,,,,,,,,,,,,,,,,,,,,,,,,,,,,,,,,,,,,,,,,,,,,,,,,,,,,,3,0.15278509259223938,12.791719436645508,,,,,,,,,,,,,,,,,,,,,,,,,,,,,,text,,,,,,,,,,,,,,,,,,,,,,,,,,,,,,,,,,,,,,,,,,,,,,,,,,,,,,,,,,,,,,,,,,,,,,,,,,,,,,,,,,,,,,,,,,,,,,,,,,,,,,,,,,,,,,,,,,,,,,,context,,,,,,,44,,,,,,,,,,,,,,,,,,,,,,,,,,,U
,,,,,,,,,,,,,,,,,,,,,,,,,,,,,,,,,,,,,,,,,,,,,,,,,,,,,,,,,,,,,,,,,,,,,,,,,,,,,,,,,,,ele-fashion,,,,,,,,,,,,,,,,,,,,,,,,,,,,,,,,,,,,,,,,,,,,,1.4146658130432261,1.4454549551010132,1.4146658130432261,1.36371648311615,1.3849580407142639,1.3959311246871948,1.4066204130649567,1.416422188282013,1.4235657453536987,1.429892897605896,1.4376835227012634,0.012518172967234313,1.4146658130432261,1.4454549551010132,1.4146658130432261,1.36371648311615,1.3849580407142639,1.3959311246871948,1.4066204130649567,1.416422188282013,1.4235657453536987,1.429892897605896,1.4376835227012634,0.012518172967234313,,,,,,,,,,,,,,,,,,,,,,,,,,,,,,,,,,,,,,,,,,,,,,,text,,,,,,,,,,,,,,,,,,,,,,,,,,,,,,,,,,,,,,,,,,,,,,,,,,,,,,,,,,,,,,,,,,,,,,,,,,,,,,,,,,,,,,,,,,,,,,,,,,,,,,,,,,,,,,,,,,,,,,,effective_order,,,,,,,44,,,,,,,,,,,,,,,,,,,,,,,,,,,U
,,,,,,,,,,,,,,,,,,,,,,,,,,,,,,,,,,,,,,,,,,,,,,,,,,,,,,,,,,,,,,,,,,,,,,,,,,,,,,,,,,,ele-fashion,,,,,,,,,,,,,,,,,,,,,,,,,,,,,,,,,,,,,,,,,,,,,,,,,,,,,,,,,,,,,,,,,,,,,,,,,,,,,,,,,1,,,,,,,,,,,,,,,,,,,,,,,,,,,,,,,0.0,,,text,,,,,,,,,,,,,,,,,,,,,,,,,,,,,,,,,,,,,,,,,,,,,,,,,,,,,,,,,,,,,,,,,,,,,,,,,,,,,,,,,,,,,,,,,,,,,,,,,,,,,,,,,,,,,,,,,,,,,,,interaction_off_check,,,,,,,44,,,,,,,,,,,,,,,,,,,,,,,,,,,U
,,,,,,,,,,,,,,,,,,,,,,,,,,,,,,,,,,,,,,,,,,,,,,,,0.1385465161609876,0.0,0.0,0.25945135951042175,0.1385465161609876,0.07303278893232346,0.08388519249856471,0.09559578448534012,0.10805652476847172,0.12717662751674652,0.16279518604278564,0.20499532669782639,0.23377162963151935,0.7896231911351499,0.0399437217133274,,,,,,,,,0.062236588120818996,0.6897755861282349,0.062236587716000505,-2.384185791015625e-07,5.960464477539063e-08,0.0031729042530059814,0.010041877627372742,0.033874064683914185,0.08874812722206116,0.16208985447883606,0.3308130145072945,0.07361883869167057,ele-fashion,,,,,,,,,,,,,,,,,,,,,,,,,,,,,,,,,,,,,,,,,,,,,,,,,,,,,,,,,,,,,,,,,,,,,,,,,,,,,,,,,,,1,,,,,,,,,,,,,,,,,,,,,,,,,,,,,,,,visual,,,,,,,,,,,,,,,,,,,,,3.6835519178151235,4.232296466827393,-3.2550724221519114,-12.261469841003418,-10.739303159713746,-8.88469123840332,-5.761329650878906,-2.580162763595581,-0.5405874997377396,0.9585877060890198,2.5331068873405465,3.5374726126121723,,,,,,,,,,,,,,,,,,,,,,,,,,,,,,,,,,,,,,,,,,,,,,,,,,,,,,,,,,,,,,,,,,,,,,,,,,,,,,,,,,,,nan,0.052893564105033875,-0.09087582677602768,semantic,,,,,,,44,0.033185847103595734,,,,,,,,,,,,,,,,,,,,,,,,,,U
,,,,,,,,,,,,,,,,,,,,,,,,,,,,,,,,,,,,,,,,,,,,,,,,0.14157684320769925,0.0,0.0,0.26399827003479004,0.14157684320769925,0.07466182857751846,0.0858045358210802,0.09775106981396675,0.11052961088716984,0.13005461543798447,0.1664053574204445,0.20916412770748138,0.23834240436553955,0.7869440748108784,0.04066748436712331,,,,,,,,,0.09334084859208058,0.5602074861526489,0.09334084838967134,-2.384185791015625e-07,0.003006458282470703,0.025503575801849365,0.04391172528266907,0.07729586958885193,0.12678153812885284,0.18509206175804138,0.30473543405532877,0.06613524389236794,ele-fashion,,,,,,,,,,,,,,,,,,,,,,,,,,,,,,,,,,,,,,,,,,,,,,,,,,,,,,,,,,,,,,,,,,,,,,,,,,,,,,,,,,,2,,,,,,,,,,,,,,,,,,,,,,,,,,,,,,,,visual,,,,,,,,,,,,,,,,,,,,,3.6835519178151235,4.232296466827393,-3.2550724221519114,-12.261469841003418,-10.739303159713746,-8.88469123840332,-5.761329650878906,-2.580162763595581,-0.5405874997377396,0.9585877060890198,2.5331068873405465,3.5374726126121723,,,,,,,,,,,,,,,,,,,,,,,,,,,,,,,,,,,,,,,,,,,,,,,,,,,,,,,,,,,,,,,,,,,,,,,,,,,,,,,,,,,,nan,0.052893564105033875,-0.09087582677602768,semantic,,,,,,,44,0.05699704587459564,,,,,,,,,,,,,,,,,,,,,,,,,,U
,,,,,,,,,,,,,,,,,,,,,,,,,,,,,,,,,,,,,,,,,,,,,,,,0.12687065167478262,0.0,0.0,0.23967643082141876,0.12687065167478262,0.06625724583864212,0.07624342069029807,0.08700453862547874,0.09856398962438107,0.11623945832252502,0.1493501476943493,0.18864880502223969,0.2156965583562851,0.8011645329647428,0.037141547707934174,,,,,,,,,0.1138187691944578,0.586117684841156,0.11381876898229389,-2.384185791015625e-07,0.00518488883972168,0.0352323055267334,0.05901089310646057,0.09862199425697327,0.1524650752544403,0.2153838872909546,0.3418747484683994,0.07341926461765531,ele-fashion,,,,,,,,,,,,,,,,,,,,,,,,,,,,,,,,,,,,,,,,,,,,,,,,,,,,,,,,,,,,,,,,,,,,,,,,,,,,,,,,,,,3,,,,,,,,,,,,,,,,,,,,,,,,,,,,,,,,visual,,,,,,,,,,,,,,,,,,,,,3.6835519178151235,4.232296466827393,-3.2550724221519114,-12.261469841003418,-10.739303159713746,-8.88469123840332,-5.761329650878906,-2.580162763595581,-0.5405874997377396,0.9585877060890198,2.5331068873405465,3.5374726126121723,,,,,,,,,,,,,,,,,,,,,,,,,,,,,,,,,,,,,,,,,,,,,,,,,,,,,,,,,,,,,,,,,,,,,,,,,,,,,,,,,,,,nan,0.052893564105033875,-0.09087582677602768,semantic,,,,,,,44,-0.07236956059932709,,,,,,,,,,,,,,,,,,,,,,,,,,U
,,,,,,,,,,,,,,,,,,,,,,,,,,,,,,,,,,,,,,,,,,,,,,,,,,,,,,,,,,,,,,,4.0,2.384185791015625e-07,6.89957345969411e-26,97766.0,0.7002593195591615,,,,,,,,,,,,,,,,ele-fashion,,,,,,,,,,,,,,,,,,,,,,,,,,,-0.018500708622525036,0.23149929137747496,0.17576955086272694,0.24709395969694015,0.2588777985656634,0.046228266106289224,,,,,,,,,,,,,,,,,,,,,,,,,,,,,,,,,,,,,,,,,,,,,,,,,,,,,,,0.5482809074339563,,,,,,,,,,,,,,,,,,,,,,,,,,0.8480215878747949,0.01951925184394958,visual,,0.515900164655718,0.28150854749315585,0.5674325887685259,0.6447616165980521,0.15342523597599134,0.000365897061337081,0.21332577792631086,0.7552134207786823,0.2935951844796586,0.2997406804408385,,0.7685007086225251,0.8480215878747949,,,,,,,,,,,,,,,,,,,0.09698753345617277,0.0002666089422281073,0.048863649848499335,0.2747921385087011,0.122226911760583,,,,,,,,,,,,,,,,,,,,,,,,,,,,,,,,,,,,,,,,,,,,,,,,,,,,,,,,,,,,,,,,,,,,,,,,,,,,,,,,,,attention,,,,,,,44,,,,,,,,,,,,,,,,,,,,,,,,,,0.25,U
,,,,,,,,16.708948924514136,17.11855697631836,16.708948924514136,0.14102651178836823,16.55627202987671,16.665722846984863,16.725875854492188,16.77683162689209,16.823285579681396,16.86792278289795,16.947572708129883,1.0213957833055027,0.06832941410598786,0.4250641465187073,-0.00840178442668887,-0.4338015019893646,-0.20856523513793945,-0.11764693260192871,-0.0656140185892582,-0.008346364367753267,0.04878312349319458,0.10040254145860672,0.19315219074487688,0.0855336331087952,,,,,,,,,,,,,,,,,,,,,,,,,,,,,,,,,,,,,,,,,,,,,,,,,,,,ele-fashion,,,,,,,,,,,,,,0.1775735765695572,,,,,,,,,,,,,,,,,,,,,,,,,,,,,,,,,,,,,,,,,,,,,,,,,,,,,,,,,,,,,,,,,,,,,1,0.12402801960706711,11.005674362182617,,,,,,,,,,,,,,,,,,,,,,,,,,,,,,visual,,,,,,,,,,,,,,,,,,,,,,,,,,,,,,,,,,,,,,,,,,,,,,,,,,,,,,,,,,,,,,,,,,,,,,,,,,,,,,,,,,,,,,,,,,,,,,,,,,,,,,,,,,,,,,,,,,,,,,,context,,,,,,,44,,,,,,,,,,,,,,,,,,,,,,,,,,,U
,,,,,,,,16.594222190585164,17.105133056640625,16.594222190585164,0.14104001224040985,13.434914827346802,16.586647033691406,16.693476676940918,16.75239849090576,16.80067777633667,16.843350410461426,16.92314567565918,1.1968666297333166,0.06807199675355273,0.42586520314216614,-0.008522540191288796,-0.4339313209056854,-0.208122768253088,-0.11730781197547913,-0.06549751944839954,-0.008452750742435455,0.04844093322753906,0.0998619794845581,0.19197881594300276,0.08519592448879851,,,,,,,,,,,,,,,,,,,,,,,,,,,,,,,,,,,,,,,,,,,,,,,,,,,,ele-fashion,,,,,,,,,,,,,,0.1775735765695572,,,,,,,,,,,,,,,,,,,,,,,,,,,,,,,,,,,,,,,,,,,,,,,,,,,,,,,,,,,,,,,,,,,,,2,0.12402801960706711,10.96607494354248,,,,,,,,,,,,,,,,,,,,,,,,,,,,,,visual,,,,,,,,,,,,,,,,,,,,,,,,,,,,,,,,,,,,,,,,,,,,,,,,,,,,,,,,,,,,,,,,,,,,,,,,,,,,,,,,,,,,,,,,,,,,,,,,,,,,,,,,,,,,,,,,,,,,,,,context,,,,,,,44,,,,,,,,,,,,,,,,,,,,,,,,,,,U
,,,,,,,,16.411572686210494,17.094266891479492,16.411572686210494,0.1410340666770935,8.259370183944702,16.530981063842773,16.63723373413086,16.71101474761963,16.76466703414917,16.811656951904297,16.895295810699462,1.5916586462433924,0.0685208592706035,0.4247962236404419,-0.008299602242161109,-0.4339297413825989,-0.2090754508972168,-0.11785769462585449,-0.06566423550248146,-0.00826878659427166,0.049042338505387306,0.10084563493728638,0.1939492240548134,0.0857925780585187,,,,,,,,,,,,,,,,,,,,,,,,,,,,,,,,,,,,,,,,,,,,,,,,,,,,ele-fashion,,,,,,,,,,,,,,0.1775735765695572,,,,,,,,,,,,,,,,,,,,,,,,,,,,,,,,,,,,,,,,,,,,,,,,,,,,,,,,,,,,,,,,,,,,,3,0.12402801960706711,11.035257339477539,,,,,,,,,,,,,,,,,,,,,,,,,,,,,,visual,,,,,,,,,,,,,,,,,,,,,,,,,,,,,,,,,,,,,,,,,,,,,,,,,,,,,,,,,,,,,,,,,,,,,,,,,,,,,,,,,,,,,,,,,,,,,,,,,,,,,,,,,,,,,,,,,,,,,,,context,,,,,,,44,,,,,,,,,,,,,,,,,,,,,,,,,,,U
,,,,,,,,,,,,,,,,,,,,,,,,,,,,,,,,,,,,,,,,,,,,,,,,,,,,,,,,,,,,,,,,,,,,,,,,,,,,,,,,,,,ele-fashion,,,,,,,,,,,,,,,,,,,,,,,,,,,,,,,,,,,,,,,,,,,,,1.386714592727529,1.4213579893112183,1.386714592727529,1.3539447784423828,1.3658809661865234,1.37494957447052,1.3805700540542603,1.3870419263839722,1.3930737674236298,1.398007869720459,1.4060578286647796,0.008897818252686774,1.386714592727529,1.4213579893112183,1.386714592727529,1.3539447784423828,1.3658809661865234,1.37494957447052,1.3805700540542603,1.3870419263839722,1.3930737674236298,1.398007869720459,1.4060578286647796,0.008897818252686774,,,,,,,,,,,,,,,,,,,,,,,,,,,,,,,,,,,,,,,,,,,,,,,visual,,,,,,,,,,,,,,,,,,,,,,,,,,,,,,,,,,,,,,,,,,,,,,,,,,,,,,,,,,,,,,,,,,,,,,,,,,,,,,,,,,,,,,,,,,,,,,,,,,,,,,,,,,,,,,,,,,,,,,,effective_order,,,,,,,44,,,,,,,,,,,,,,,,,,,,,,,,,,,U
,,,,,,,,,,,,,,,,,,,,,,,,,,,,,,,,,,,,,,,,,,,,,,,,,,,,,,,,,,,,,,,,,,,,,,,,,,,,,,,,,,,ele-fashion,,,,,,,,,,,,,,,,,,,,,,,,,,,,,,,,,,,,,,,,,,,,,,,,,,,,,,,,,,,,,,,,,,,,,,,,,,,,,,,,,1,,,,,,,,,,,,,,,,,,,,,,,,,,,,,,,0.0,,,visual,,,,,,,,,,,,,,,,,,,,,,,,,,,,,,,,,,,,,,,,,,,,,,,,,,,,,,,,,,,,,,,,,,,,,,,,,,,,,,,,,,,,,,,,,,,,,,,,,,,,,,,,,,,,,,,,,,,,,,,interaction_off_check,,,,,,,44,,,,,,,,,,,,,,,,,,,,,,,,,,,U
,,,,,,,,,,,,,,,,,,,,,,,,,,,,,,,,,,,,,,,,,,,,,,,,0.10743528547411642,0.0,0.0,0.13373351097106934,0.10743528547411642,0.08908998966217041,0.0935012573748827,0.09727498292922973,0.10089204274117947,0.10561416298151016,0.11307790130376816,0.12096376717090607,0.12797730222344397,0.22049351976788858,0.008675741928200734,,,,,,,,,0.14466392445657272,0.6196341514587402,0.14466392442657167,-1.1920928955078125e-07,0.016920984387397767,0.05874797105789185,0.09247569739818573,0.1344406008720398,0.1873745620250702,0.24354664087295533,0.351103371977806,0.07342417580030537,Reddit-S,,,,,,,,,,,,,,,,,,,,,,,,,,,,,,,,,,,,,,,,,,,,,,,,,,,,,,,,,,,,,,,,,,,,,,,,,,,,,,,,,,,1,,,,,,,,,,,,,,,,,,,,,,,,,,,,,,,,text,,,,,,,,,,,,,,,,,,,,,1.981942624314381,7.073985576629639,0.1580743135332804,-5.289556503295898,-3.903479907512665,-2.7602383613586423,-1.6770568490028381,-0.294937327504158,1.7922847270965576,3.9179317474365236,5.706298713684078,2.4287013326240037,,,,,,,,,,,,,,,,,,,,,,,,,,,,,,,,,,,,,,,,,,,,,,,,,,,,,,,,,,,,,,,,,,,,,,,,,,,,,,,,,,,,nan,0.04476537927985191,0.0366075374186039,semantic,,,,,,,42,0.06461896002292633,,,,,,,,,,,,,,,,,,,,,,,,,,U
,,,,,,,,,,,,,,,,,,,,,,,,,,,,,,,,,,,,,,,,,,,,,,,,0.1049317869507653,0.0,0.0,0.13069722056388855,0.1049317869507653,0.08696272224187851,0.09127933204174042,0.09498722851276398,0.09852338023483753,0.10314431041479111,0.11045040935277939,0.11818519830703736,0.12505004227161406,0.2210766676920974,0.008496674539451935,,,,,,,,,0.14678161042177917,0.626120924949646,0.14678161033177595,-1.1920928955078125e-07,0.01664884328842163,0.05888311266899109,0.0933062881231308,0.1369076669216156,0.1902620941400528,0.24712305068969728,0.3557822304964065,0.07488730908810795,Reddit-S,,,,,,,,,,,,,,,,,,,,,,,,,,,,,,,,,,,,,,,,,,,,,,,,,,,,,,,,,,,,,,,,,,,,,,,,,,,,,,,,,,,2,,,,,,,,,,,,,,,,,,,,,,,,,,,,,,,,text,,,,,,,,,,,,,,,,,,,,,1.981942624314381,7.073985576629639,0.1580743135332804,-5.289556503295898,-3.903479907512665,-2.7602383613586423,-1.6770568490028381,-0.294937327504158,1.7922847270965576,3.9179317474365236,5.706298713684078,2.4287013326240037,,,,,,,,,,,,,,,,,,,,,,,,,,,,,,,,,,,,,,,,,,,,,,,,,,,,,,,,,,,,,,,,,,,,,,,,,,,,,,,,,,,,nan,0.04476537927985191,0.0366075374186039,semantic,,,,,,,42,0.038125667721033096,,,,,,,,,,,,,,,,,,,,,,,,,,U
,,,,,,,,,,,,,,,,,,,,,,,,,,,,,,,,,,,,,,,,,,,,,,,,0.09461767001449499,0.0,0.0,0.11817513406276703,0.09461767001449499,0.07825444638729095,0.08217750363051891,0.08555223494768142,0.08877154439687729,0.09298140183091164,0.09964499436318874,0.10671071782708168,0.11299766987562179,0.22362084033495275,0.0077527303000023496,,,,,,,,,0.14686132548394495,0.6261163949966431,0.1468613254239428,-1.1920928955078125e-07,0.016624423265457152,0.058870029449462895,0.09332743287086487,0.13699451088905334,0.190224289894104,0.24729697704315187,0.3557398855686186,0.07493997140352165,Reddit-S,,,,,,,,,,,,,,,,,,,,,,,,,,,,,,,,,,,,,,,,,,,,,,,,,,,,,,,,,,,,,,,,,,,,,,,,,,,,,,,,,,,3,,,,,,,,,,,,,,,,,,,,,,,,,,,,,,,,text,,,,,,,,,,,,,,,,,,,,,1.981942624314381,7.073985576629639,0.1580743135332804,-5.289556503295898,-3.903479907512665,-2.7602383613586423,-1.6770568490028381,-0.294937327504158,1.7922847270965576,3.9179317474365236,5.706298713684078,2.4287013326240037,,,,,,,,,,,,,,,,,,,,,,,,,,,,,,,,,,,,,,,,,,,,,,,,,,,,,,,,,,,,,,,,,,,,,,,,,,,,,,,,,,,,nan,0.04476537927985191,0.0366075374186039,semantic,,,,,,,42,-0.07688521593809128,,,,,,,,,,,,,,,,,,,,,,,,,,U
,,,,,,,,,,,,,,,,,,,,,,,,,,,,,,,,,,,,,,,,,,,,,,,,,,,,,,,,,,,,,,,4.0,2.384185791015625e-07,1.3267437148911654e-10,15894.0,0.22204935187819252,,,,,,,,,,,,,,,,Reddit-S,,,,,,,,,,,,,,,,,,,,,,,,,,,0.010626232434851779,0.2606262324348518,0.23727072179317474,0.2537832343732589,0.2953869573771954,0.036804082090515125,,,,,,,,,,,,,,,,,,,,,,,,,,,,,,,,,,,,,,,,,,,,,,,,,,,,,,,0.21989221645764134,,,,,,,,,,,,,,,,,,,,,,,,,,0.9978428645794488,0.010520713934782619,text,,0.28173274953563543,0.09420688696084199,0.23457116865967154,0.573118049104406,0.1749085088279592,0.4647928266571255,0.8233510733932095,0.9812277190048364,0.2261626299841916,0.7779506481218075,,0.7393737675651482,0.9978428645794488,,,,,,,,,,,,,,,,,,,0.054897549995112975,0.009560640046644647,0.03346408499055542,0.12293279022754487,0.06450579299436768,,,,,,,,,,,,,,,,,,,,,,,,,,,,,,,,,,,,,,,,,,,,,,,,,,,,,,,,,,,,,,,,,,,,,,,,,,,,,,,,,,attention,,,,,,,42,,,,,,,,,,,,,,,,,,,,,,,,,,0.25,U
,,,,,,,,16.801787116253198,17.061450958251953,16.801787116253198,0.2183021754026413,16.709691581726073,16.763480377197265,16.795031547546387,16.830442428588867,16.866096019744873,16.898692893981934,16.953471508026123,0.6986134950653423,0.06345830385476069,0.3960784673690796,-0.0033583435827722755,-0.38131439685821533,-0.1885414493083954,-0.10598759055137634,-0.05684507545083761,-0.0026894062757492065,0.05028842017054558,0.09779104664921764,0.1816045364737511,0.07948220812829802,,,,,,,,,,,,,,,,,,,,,,,,,,,,,,,,,,,,,,,,,,,,,,,,,,,,Reddit-S,,,,,,,,,,,,,,0.19387374818325043,,,,,,,,,,,,,,,,,,,,,,,,,,,,,,,,,,,,,,,,,,,,,,,,,,,,,,,,,,,,,,,,,,,,,1,0.11708522588014603,10.840540885925293,,,,,,,,,,,,,,,,,,,,,,,,,,,,,,text,,,,,,,,,,,,,,,,,,,,,,,,,,,,,,,,,,,,,,,,,,,,,,,,,,,,,,,,,,,,,,,,,,,,,,,,,,,,,,,,,,,,,,,,,,,,,,,,,,,,,,,,,,,,,,,,,,,,,,,context,,,,,,,42,,,,,,,,,,,,,,,,,,,,,,,,,,,U
,,,,,,,,10.146216867349802,16.832780838012695,10.146216867349802,0.21478962898254395,0.4629906412959099,2.968854284286499,6.065901398658752,10.989145755767822,14.656198263168335,15.897374820709228,16.53195976257324,4.8203945460335875,0.06346627005868422,0.3969154357910156,-0.00335898398839242,-0.3813677728176117,-0.18853287160396576,-0.1060018204152584,-0.05685116071254015,-0.0026932951295748353,0.05028819013386965,0.09780530557036402,0.1816332563757899,0.0794912312888617,,,,,,,,,,,,,,,,,,,,,,,,,,,,,,,,,,,,,,,,,,,,,,,,,,,,Reddit-S,,,,,,,,,,,,,,0.19387374818325043,,,,,,,,,,,,,,,,,,,,,,,,,,,,,,,,,,,,,,,,,,,,,,,,,,,,,,,,,,,,,,,,,,,,,2,0.11708522588014603,10.84178638458252,,,,,,,,,,,,,,,,,,,,,,,,,,,,,,text,,,,,,,,,,,,,,,,,,,,,,,,,,,,,,,,,,,,,,,,,,,,,,,,,,,,,,,,,,,,,,,,,,,,,,,,,,,,,,,,,,,,,,,,,,,,,,,,,,,,,,,,,,,,,,,,,,,,,,,context,,,,,,,42,,,,,,,,,,,,,,,,,,,,,,,,,,,U
,,,,,,,,12.401808359311094,16.021156311035156,12.401808359311094,0.21830539405345917,5.996944904327393,9.817832851409912,11.527504682540894,12.904520511627197,13.746329545974731,14.30971097946167,15.09712978363037,1.9477318838584288,0.06346562712611356,0.3964260518550873,-0.003358166380885479,-0.38136833906173706,-0.18856191590428353,-0.10599942207336426,-0.05685178469866514,-0.002693682909011841,0.05029471218585968,0.0978100821375847,0.18165669381618504,0.0794910896734064,,,,,,,,,,,,,,,,,,,,,,,,,,,,,,,,,,,,,,,,,,,,,,,,,,,,Reddit-S,,,,,,,,,,,,,,0.19387374818325043,,,,,,,,,,,,,,,,,,,,,,,,,,,,,,,,,,,,,,,,,,,,,,,,,,,,,,,,,,,,,,,,,,,,,3,0.11708522588014603,10.84174919128418,,,,,,,,,,,,,,,,,,,,,,,,,,,,,,text,,,,,,,,,,,,,,,,,,,,,,,,,,,,,,,,,,,,,,,,,,,,,,,,,,,,,,,,,,,,,,,,,,,,,,,,,,,,,,,,,,,,,,,,,,,,,,,,,,,,,,,,,,,,,,,,,,,,,,,context,,,,,,,42,,,,,,,,,,,,,,,,,,,,,,,,,,,U
,,,,,,,,,,,,,,,,,,,,,,,,,,,,,,,,,,,,,,,,,,,,,,,,,,,,,,,,,,,,,,,,,,,,,,,,,,,,,,,,,,,Reddit-S,,,,,,,,,,,,,,,,,,,,,,,,,,,,,,,,,,,,,,,,,,,,,1.4942821979192693,1.614847183227539,1.4942821979192693,1.3778201341629028,1.4234942400455475,1.445876944065094,1.464736133813858,1.4952377080917358,1.5213608741760254,1.540443241596222,1.573680863380432,0.03621017828809356,1.4942821979192693,1.614847183227539,1.4942821979192693,1.3778201341629028,1.4234942400455475,1.445876944065094,1.464736133813858,1.4952377080917358,1.5213608741760254,1.540443241596222,1.573680863380432,0.03621017828809356,,,,,,,,,,,,,,,,,,,,,,,,,,,,,,,,,,,,,,,,,,,,,,,text,,,,,,,,,,,,,,,,,,,,,,,,,,,,,,,,,,,,,,,,,,,,,,,,,,,,,,,,,,,,,,,,,,,,,,,,,,,,,,,,,,,,,,,,,,,,,,,,,,,,,,,,,,,,,,,,,,,,,,,effective_order,,,,,,,42,,,,,,,,,,,,,,,,,,,,,,,,,,,U
,,,,,,,,,,,,,,,,,,,,,,,,,,,,,,,,,,,,,,,,,,,,,,,,,,,,,,,,,,,,,,,,,,,,,,,,,,,,,,,,,,,Reddit-S,,,,,,,,,,,,,,,,,,,,,,,,,,,,,,,,,,,,,,,,,,,,,,,,,,,,,,,,,,,,,,,,,,,,,,,,,,,,,,,,,1,,,,,,,,,,,,,,,,,,,,,,,,,,,,,,,0.0,,,text,,,,,,,,,,,,,,,,,,,,,,,,,,,,,,,,,,,,,,,,,,,,,,,,,,,,,,,,,,,,,,,,,,,,,,,,,,,,,,,,,,,,,,,,,,,,,,,,,,,,,,,,,,,,,,,,,,,,,,,interaction_off_check,,,,,,,42,,,,,,,,,,,,,,,,,,,,,,,,,,,U
,,,,,,,,,,,,,,,,,,,,,,,,,,,,,,,,,,,,,,,,,,,,,,,,0.10847585257627956,0.0,0.0,0.14674986898899078,0.10847585257627956,0.07865291833877563,0.07865291833877563,0.09720014929771423,0.10097087547183037,0.10748757794499397,0.1162429228425026,0.12419569566845895,0.13284233585000038,0.2488622650051333,0.011442627728334412,,,,,,,,,0.0930566907536538,0.7805641889572144,0.09305669033363868,-2.384185791015625e-07,0.0,0.021016913652420047,0.039073020219802856,0.07094627618789673,0.12164381146430969,0.19186729192733767,0.40203218638896926,0.08110514888220018,Reddit-S,,,,,,,,,,,,,,,,,,,,,,,,,,,,,,,,,,,,,,,,,,,,,,,,,,,,,,,,,,,,,,,,,,,,,,,,,,,,,,,,,,,1,,,,,,,,,,,,,,,,,,,,,,,,,,,,,,,,visual,,,,,,,,,,,,,,,,,,,,,2.045988359360155,8.190234184265137,0.8792106709400798,-6.380911827087402,-6.380911827087402,-1.5491597056388855,-0.6705872565507889,0.7784791886806488,2.6184974312782288,4.198622751235963,5.817978010177613,2.5267573221584216,,,,,,,,,,,,,,,,,,,,,,,,,,,,,,,,,,,,,,,,,,,,,,,,,,,,,,,,,,,,,,,,,,,,,,,,,,,,,,,,,,,,nan,0.027414845302700996,0.04768230393528938,semantic,,,,,,,42,0.04068922996520996,,,,,,,,,,,,,,,,,,,,,,,,,,U
,,,,,,,,,,,,,,,,,,,,,,,,,,,,,,,,,,,,,,,,,,,,,,,,0.10661855771738253,0.0,0.0,0.14433982968330383,0.10661855771738253,0.07725780457258224,0.07725780457258224,0.09551082849502564,0.09922494553029537,0.10564719140529633,0.11427321098744869,0.1221119023859501,0.13062966868281362,0.24949759648022385,0.011269309224329083,,,,,,,,,0.09427082207842834,0.7844111323356628,0.09427082162841215,-1.1920928955078125e-07,0.0,0.020941448211669923,0.03903698921203613,0.07119113206863403,0.12268911302089691,0.19650375247001653,0.4113319063186645,0.08325755061191262,Reddit-S,,,,,,,,,,,,,,,,,,,,,,,,,,,,,,,,,,,,,,,,,,,,,,,,,,,,,,,,,,,,,,,,,,,,,,,,,,,,,,,,,,,2,,,,,,,,,,,,,,,,,,,,,,,,,,,,,,,,visual,,,,,,,,,,,,,,,,,,,,,2.045988359360155,8.190234184265137,0.8792106709400798,-6.380911827087402,-6.380911827087402,-1.5491597056388855,-0.6705872565507889,0.7784791886806488,2.6184974312782288,4.198622751235963,5.817978010177613,2.5267573221584216,,,,,,,,,,,,,,,,,,,,,,,,,,,,,,,,,,,,,,,,,,,,,,,,,,,,,,,,,,,,,,,,,,,,,,,,,,,,,,,,,,,,nan,0.027414845302700996,0.04768230393528938,semantic,,,,,,,42,0.02127932943403721,,,,,,,,,,,,,,,,,,,,,,,,,,U
,,,,,,,,,,,,,,,,,,,,,,,,,,,,,,,,,,,,,,,,,,,,,,,,0.09950836188083356,0.0,0.0,0.1350809782743454,0.09950836188083356,0.07194126397371292,0.07194126397371292,0.08905944600701332,0.0925506055355072,0.0985858105123043,0.1067024003714323,0.11409036815166475,0.12212650090456006,0.25154591705946994,0.0105985143592876,,,,,,,,,0.09431612992625694,0.783967137336731,0.09431612920623103,-1.1920928955078125e-07,0.0,0.020934402942657474,0.03899562358856201,0.07119572162628174,0.12276400625705719,0.19832977652549752,0.4112268644571303,0.08333720664717453,Reddit-S,,,,,,,,,,,,,,,,,,,,,,,,,,,,,,,,,,,,,,,,,,,,,,,,,,,,,,,,,,,,,,,,,,,,,,,,,,,,,,,,,,,3,,,,,,,,,,,,,,,,,,,,,,,,,,,,,,,,visual,,,,,,,,,,,,,,,,,,,,,2.045988359360155,8.190234184265137,0.8792106709400798,-6.380911827087402,-6.380911827087402,-1.5491597056388855,-0.6705872565507889,0.7784791886806488,2.6184974312782288,4.198622751235963,5.817978010177613,2.5267573221584216,,,,,,,,,,,,,,,,,,,,,,,,,,,,,,,,,,,,,,,,,,,,,,,,,,,,,,,,,,,,,,,,,,,,,,,,,,,,,,,,,,,,nan,0.027414845302700996,0.04768230393528938,semantic,,,,,,,42,-0.05576373264193535,,,,,,,,,,,,,,,,,,,,,,,,,,U
,,,,,,,,,,,,,,,,,,,,,,,,,,,,,,,,,,,,,,,,,,,,,,,,,,,,,,,,,,,,,,,4.0,2.384185791015625e-07,1.6221011079481373e-12,15894.0,0.14478261419019645,,,,,,,,,,,,,,,,Reddit-S,,,,,,,,,,,,,,,,,,,,,,,,,,,-0.005296926346169878,0.24470307365383012,0.22704805564135314,0.24832438305020332,0.25971333123743534,0.024587457052798325,,,,,,,,,,,,,,,,,,,,,,,,,,,,,,,,,,,,,,,,,,,,,,,,,,,,,,,0.1301669746481574,,,,,,,,,,,,,,,,,,,,,,,,,,0.985384360457961,0.005579751171953224,visual,,0.21635750263894807,0.05855828769929833,0.17320633131347016,0.4567993091004329,0.15790748566391277,0.5259556958627842,0.9579080544799834,0.9976139106106057,0.23683249476588142,0.8552173858098036,,0.7552969263461699,0.985384360457961,,,,,,,,,,,,,,,,,,,0.03336309661521802,0.005448311381042004,0.01971098594367504,0.06932878370086352,0.045701914103093925,,,,,,,,,,,,,,,,,,,,,,,,,,,,,,,,,,,,,,,,,,,,,,,,,,,,,,,,,,,,,,,,,,,,,,,,,,,,,,,,,,attention,,,,,,,42,,,,,,,,,,,,,,,,,,,,,,,,,,0.25,U
,,,,,,,,16.31911299947044,17.04126739501953,16.31911299947044,0.15918751060962677,0.15924930572509766,16.770878791809082,16.81653356552124,16.858688354492188,16.896738529205322,16.926222610473634,16.976203899383545,2.9517937827939202,0.08476166355979413,0.5409591197967529,-0.005578677902185618,-0.4892618954181671,-0.25740501582622527,-0.14178765565156937,-0.07667133584618568,-0.004954293370246887,0.06608003377914429,0.12942006289958954,0.243483412563801,0.10633851225707498,,,,,,,,,,,,,,,,,,,,,,,,,,,,,,,,,,,,,,,,,,,,,,,,,,,,Reddit-S,,,,,,,,,,,,,,0.18544653058052063,,,,,,,,,,,,,,,,,,,,,,,,,,,,,,,,,,,,,,,,,,,,,,,,,,,,,,,,,,,,,,,,,,,,,1,0.1392153948545456,12.154887199401855,,,,,,,,,,,,,,,,,,,,,,,,,,,,,,visual,,,,,,,,,,,,,,,,,,,,,,,,,,,,,,,,,,,,,,,,,,,,,,,,,,,,,,,,,,,,,,,,,,,,,,,,,,,,,,,,,,,,,,,,,,,,,,,,,,,,,,,,,,,,,,,,,,,,,,,context,,,,,,,42,,,,,,,,,,,,,,,,,,,,,,,,,,,U
,,,,,,,,5.9498588525511655,16.734905242919922,5.9498588525511655,0.15681494772434235,0.15923482179641724,0.8608044147491456,2.0355304479599,4.324260950088501,9.133232355117798,14.441647815704348,16.457288360595705,4.861952410431825,0.08478652170934765,0.5408759117126465,-0.005586033944475459,-0.48907798528671265,-0.25747679859399797,-0.14183721542358396,-0.07670652866363525,-0.004955250769853592,0.0660945251584053,0.12943938374519354,0.24353398203849796,0.10636731458444648,,,,,,,,,,,,,,,,,,,,,,,,,,,,,,,,,,,,,,,,,,,,,,,,,,,,Reddit-S,,,,,,,,,,,,,,0.18544653058052063,,,,,,,,,,,,,,,,,,,,,,,,,,,,,,,,,,,,,,,,,,,,,,,,,,,,,,,,,,,,,,,,,,,,,2,0.1392153948545456,12.158354759216309,,,,,,,,,,,,,,,,,,,,,,,,,,,,,,visual,,,,,,,,,,,,,,,,,,,,,,,,,,,,,,,,,,,,,,,,,,,,,,,,,,,,,,,,,,,,,,,,,,,,,,,,,,,,,,,,,,,,,,,,,,,,,,,,,,,,,,,,,,,,,,,,,,,,,,,context,,,,,,,42,,,,,,,,,,,,,,,,,,,,,,,,,,,U
,,,,,,,,8.697161742130383,16.265417098999023,8.697161742130383,0.1575944870710373,0.15923075377941132,4.866576337814331,6.7554692029953,8.872294425964355,10.835378885269165,12.584578037261965,15.13243317604065,3.1381485719325557,0.08477646810506025,0.5408871173858643,-0.00558324758767109,-0.48920539021492004,-0.25745495200157165,-0.14181726872920986,-0.07670018635690212,-0.004961336497217417,0.06608825363218784,0.1294351637363434,0.24350624293088943,0.10635531161740376,,,,,,,,,,,,,,,,,,,,,,,,,,,,,,,,,,,,,,,,,,,,,,,,,,,,Reddit-S,,,,,,,,,,,,,,0.18544653058052063,,,,,,,,,,,,,,,,,,,,,,,,,,,,,,,,,,,,,,,,,,,,,,,,,,,,,,,,,,,,,,,,,,,,,3,0.1392153948545456,12.156940460205078,,,,,,,,,,,,,,,,,,,,,,,,,,,,,,visual,,,,,,,,,,,,,,,,,,,,,,,,,,,,,,,,,,,,,,,,,,,,,,,,,,,,,,,,,,,,,,,,,,,,,,,,,,,,,,,,,,,,,,,,,,,,,,,,,,,,,,,,,,,,,,,,,,,,,,,context,,,,,,,42,,,,,,,,,,,,,,,,,,,,,,,,,,,U
,,,,,,,,,,,,,,,,,,,,,,,,,,,,,,,,,,,,,,,,,,,,,,,,,,,,,,,,,,,,,,,,,,,,,,,,,,,,,,,,,,,Reddit-S,,,,,,,,,,,,,,,,,,,,,,,,,,,,,,,,,,,,,,,,,,,,,1.476686512207376,1.5053353309631348,1.476686512207376,1.4466686248779297,1.460827087163925,1.4703289985656738,1.4737136363983154,1.4765111207962036,1.4786083102226257,1.4848163366317748,1.4931477308273315,0.006212551207174126,1.476686512207376,1.5053353309631348,1.476686512207376,1.4466686248779297,1.460827087163925,1.4703289985656738,1.4737136363983154,1.4765111207962036,1.4786083102226257,1.4848163366317748,1.4931477308273315,0.006212551207174126,,,,,,,,,,,,,,,,,,,,,,,,,,,,,,,,,,,,,,,,,,,,,,,visual,,,,,,,,,,,,,,,,,,,,,,,,,,,,,,,,,,,,,,,,,,,,,,,,,,,,,,,,,,,,,,,,,,,,,,,,,,,,,,,,,,,,,,,,,,,,,,,,,,,,,,,,,,,,,,,,,,,,,,,effective_order,,,,,,,42,,,,,,,,,,,,,,,,,,,,,,,,,,,U
,,,,,,,,,,,,,,,,,,,,,,,,,,,,,,,,,,,,,,,,,,,,,,,,,,,,,,,,,,,,,,,,,,,,,,,,,,,,,,,,,,,Reddit-S,,,,,,,,,,,,,,,,,,,,,,,,,,,,,,,,,,,,,,,,,,,,,,,,,,,,,,,,,,,,,,,,,,,,,,,,,,,,,,,,,1,,,,,,,,,,,,,,,,,,,,,,,,,,,,,,,0.0,,,visual,,,,,,,,,,,,,,,,,,,,,,,,,,,,,,,,,,,,,,,,,,,,,,,,,,,,,,,,,,,,,,,,,,,,,,,,,,,,,,,,,,,,,,,,,,,,,,,,,,,,,,,,,,,,,,,,,,,,,,,interaction_off_check,,,,,,,42,,,,,,,,,,,,,,,,,,,,,,,,,,,U
,,,,,,,,,,,,,,,,,,,,,,,,,,,,,,,,,,,,,,,,,,,,,,,,0.10644664586001003,0.0,0.0,0.12695248425006866,0.10644664586001003,0.09198612719774246,0.09527722977101803,0.09874616414308549,0.10126359388232231,0.10542068257927895,0.11112389527261257,0.11598346307873726,0.12180413246154785,0.16193369735819516,0.0065196667193939345,,,,,,,,,0.13432154632430715,0.6096693277359009,0.13432154617430175,-1.1920928955078125e-07,0.0172436386346817,0.05438233017921448,0.08493798971176147,0.12381565570831299,0.17319555580615997,0.22772355079650883,0.3452233695983884,0.06962755455044588,Reddit-S,,,,,,,,,,,,,,,,,,,,,,,,,,,,,,,,,,,,,,,,,,,,,,,,,,,,,,,,,,,,,,,,,,,,,,,,,,,,,,,,,,,1,,,,,,,,,,,,,,,,,,,,,,,,,,,,,,,,text,,,,,,,,,,,,,,,,,,,,,1.943035728943538,5.245946884155273,-0.21047202141539292,-6.97633695602417,-5.521416206359863,-3.593686079978943,-1.9271032512187958,0.10365291684865952,1.6350763440132141,2.6029242038726808,3.974284696578979,2.3377258112173944,,,,,,,,,,,,,,,,,,,,,,,,,,,,,,,,,,,,,,,,,,,,,,,,,,,,,,,,,,,,,,,,,,,,,,,,,,,,,,,,,,,,nan,0.0399249829351902,-0.029135501012206078,semantic,,,,,,,43,0.05634567514061928,,,,,,,,,,,,,,,,,,,,,,,,,,U
,,,,,,,,,,,,,,,,,,,,,,,,,,,,,,,,,,,,,,,,,,,,,,,,0.10322497082784879,0.0,0.0,0.12320594489574432,0.10322497082784879,0.08915471285581589,0.09236209414899349,0.09573264345526696,0.09817990101873875,0.1022300124168396,0.10777385719120502,0.11250511854887009,0.11817209877073764,0.1624846677981879,0.006345525029022495,,,,,,,,,0.13598576256714934,0.6102336049079895,0.13598576241714394,-1.1920928955078125e-07,0.01727933347225189,0.05472666025161743,0.08579374849796295,0.1254304051399231,0.17551907896995544,0.23110972046852113,0.3481513977050781,0.07062386717295943,Reddit-S,,,,,,,,,,,,,,,,,,,,,,,,,,,,,,,,,,,,,,,,,,,,,,,,,,,,,,,,,,,,,,,,,,,,,,,,,,,,,,,,,,,2,,,,,,,,,,,,,,,,,,,,,,,,,,,,,,,,text,,,,,,,,,,,,,,,,,,,,,1.943035728943538,5.245946884155273,-0.21047202141539292,-6.97633695602417,-5.521416206359863,-3.593686079978943,-1.9271032512187958,0.10365291684865952,1.6350763440132141,2.6029242038726808,3.974284696578979,2.3377258112173944,,,,,,,,,,,,,,,,,,,,,,,,,,,,,,,,,,,,,,,,,,,,,,,,,,,,,,,,,,,,,,,,,,,,,,,,,,,,,,,,,,,,nan,0.0399249829351902,-0.029135501012206078,semantic,,,,,,,43,0.021932080388069153,,,,,,,,,,,,,,,,,,,,,,,,,,U
,,,,,,,,,,,,,,,,,,,,,,,,,,,,,,,,,,,,,,,,,,,,,,,,0.09593129285571485,0.0,0.0,0.11467063426971436,0.09593129285571485,0.08276195079088211,0.08576267376542092,0.08891375139355659,0.09120338037610054,0.09499749168753624,0.10019194334745407,0.10462822839617729,0.10994502328336239,0.16380970728802954,0.005945666881632743,,,,,,,,,0.13602241449225874,0.6102803945541382,0.13602241437225443,-1.1920928955078125e-07,0.017248163223266604,0.05467568635940552,0.08572699129581451,0.12545245885849,0.1755971610546112,0.23122954964637762,0.34800246119499206,0.07066575775989388,Reddit-S,,,,,,,,,,,,,,,,,,,,,,,,,,,,,,,,,,,,,,,,,,,,,,,,,,,,,,,,,,,,,,,,,,,,,,,,,,,,,,,,,,,3,,,,,,,,,,,,,,,,,,,,,,,,,,,,,,,,text,,,,,,,,,,,,,,,,,,,,,1.943035728943538,5.245946884155273,-0.21047202141539292,-6.97633695602417,-5.521416206359863,-3.593686079978943,-1.9271032512187958,0.10365291684865952,1.6350763440132141,2.6029242038726808,3.974284696578979,2.3377258112173944,,,,,,,,,,,,,,,,,,,,,,,,,,,,,,,,,,,,,,,,,,,,,,,,,,,,,,,,,,,,,,,,,,,,,,,,,,,,,,,,,,,,nan,0.0399249829351902,-0.029135501012206078,semantic,,,,,,,43,-0.05948205292224884,,,,,,,,,,,,,,,,,,,,,,,,,,U
,,,,,,,,,,,,,,,,,,,,,,,,,,,,,,,,,,,,,,,,,,,,,,,,,,,,,,,,,,,,,,,4.0,2.384185791015625e-07,3.1494800257353406e-12,15894.0,0.2484416069806662,,,,,,,,,,,,,,,,Reddit-S,,,,,,,,,,,,,,,,,,,,,,,,,,,-0.003953781640681497,0.2460462183593185,0.21469399109482765,0.24981473358275252,0.2711191941052675,0.03811932767867989,,,,,,,,,,,,,,,,,,,,,,,,,,,,,,,,,,,,,,,,,,,,,,,,,,,,,,,0.2354397628650834,,,,,,,,,,,,,,,,,,,,,,,,,,0.9869981558844172,0.00400243512204249,text,,0.30566093508008535,0.0906026695489015,0.2968929338279589,0.6286917958545102,0.17388713702936975,0.14096976623818777,0.8568528757374497,0.9909598484124094,0.2983149306076514,0.7515583930193338,,0.7539537816406815,0.9869981558844172,,,,,,,,,,,,,,,,,,,0.044172503525726645,0.0046339151449501514,0.020379453897476196,0.10903207608474381,0.06640360115176017,,,,,,,,,,,,,,,,,,,,,,,,,,,,,,,,,,,,,,,,,,,,,,,,,,,,,,,,,,,,,,,,,,,,,,,,,,,,,,,,,,attention,,,,,,,43,,,,,,,,,,,,,,,,,,,,,,,,,,0.25,U
,,,,,,,,16.41531034013367,16.54354476928711,16.41531034013367,0.08793981373310089,16.369615573883056,16.406654167175294,16.4252610206604,16.44466209411621,16.463833808898926,16.480581283569336,16.508504657745362,0.686510720033828,0.048810724823931124,0.2866758108139038,-0.004403829547346785,-0.2794210910797119,-0.1451363208889961,-0.08214012831449508,-0.045589715242385864,-0.00506849680095911,0.03581738471984863,0.07380847036838536,0.14509802758693718,0.06131008474650084,,,,,,,,,,,,,,,,,,,,,,,,,,,,,,,,,,,,,,,,,,,,,,,,,,,,Reddit-S,,,,,,,,,,,,,,0.1631651669740677,,,,,,,,,,,,,,,,,,,,,,,,,,,,,,,,,,,,,,,,,,,,,,,,,,,,,,,,,,,,,,,,,,,,,1,0.09457270056009293,10.377924919128418,,,,,,,,,,,,,,,,,,,,,,,,,,,,,,text,,,,,,,,,,,,,,,,,,,,,,,,,,,,,,,,,,,,,,,,,,,,,,,,,,,,,,,,,,,,,,,,,,,,,,,,,,,,,,,,,,,,,,,,,,,,,,,,,,,,,,,,,,,,,,,,,,,,,,,context,,,,,,,43,,,,,,,,,,,,,,,,,,,,,,,,,,,U
,,,,,,,,9.57310048673863,16.20882225036621,9.57310048673863,0.0879514068365097,1.877991418838501,4.554958248138428,6.68487286567688,9.562647819519043,12.733726024627686,14.594232654571533,15.815959606170654,3.716837385455711,0.04881372765354011,0.2866554260253906,-0.004402566791888936,-0.27961573004722595,-0.14516572043299675,-0.0821460485458374,-0.04558672942221165,-0.005065326578915119,0.035825313068926334,0.07381073832511903,0.14509599953889848,0.06131383338370061,,,,,,,,,,,,,,,,,,,,,,,,,,,,,,,,,,,,,,,,,,,,,,,,,,,,Reddit-S,,,,,,,,,,,,,,0.1631651669740677,,,,,,,,,,,,,,,,,,,,,,,,,,,,,,,,,,,,,,,,,,,,,,,,,,,,,,,,,,,,,,,,,,,,,2,0.09457270056009293,10.378548622131348,,,,,,,,,,,,,,,,,,,,,,,,,,,,,,text,,,,,,,,,,,,,,,,,,,,,,,,,,,,,,,,,,,,,,,,,,,,,,,,,,,,,,,,,,,,,,,,,,,,,,,,,,,,,,,,,,,,,,,,,,,,,,,,,,,,,,,,,,,,,,,,,,,,,,,context,,,,,,,43,,,,,,,,,,,,,,,,,,,,,,,,,,,U
,,,,,,,,9.784757136413551,14.944360733032227,9.784757136413551,0.08794696629047394,4.067224140167236,6.893670606613159,8.580034494400024,10.12834358215332,11.26941990852356,12.118581771850586,13.415380897521972,2.0569879884999493,0.04881218767404378,0.2866820693016052,-0.004401583152058257,-0.2796981632709503,-0.14514661252498626,-0.08214363530278206,-0.04558349400758743,-0.005067416233941913,0.03582367207854986,0.07381363809108735,0.1450838324427605,0.0613118481642399,,,,,,,,,,,,,,,,,,,,,,,,,,,,,,,,,,,,,,,,,,,,,,,,,,,,Reddit-S,,,,,,,,,,,,,,0.1631651669740677,,,,,,,,,,,,,,,,,,,,,,,,,,,,,,,,,,,,,,,,,,,,,,,,,,,,,,,,,,,,,,,,,,,,,3,0.09457270056009293,10.378179550170898,,,,,,,,,,,,,,,,,,,,,,,,,,,,,,text,,,,,,,,,,,,,,,,,,,,,,,,,,,,,,,,,,,,,,,,,,,,,,,,,,,,,,,,,,,,,,,,,,,,,,,,,,,,,,,,,,,,,,,,,,,,,,,,,,,,,,,,,,,,,,,,,,,,,,,context,,,,,,,43,,,,,,,,,,,,,,,,,,,,,,,,,,,U
,,,,,,,,,,,,,,,,,,,,,,,,,,,,,,,,,,,,,,,,,,,,,,,,,,,,,,,,,,,,,,,,,,,,,,,,,,,,,,,,,,,Reddit-S,,,,,,,,,,,,,,,,,,,,,,,,,,,,,,,,,,,,,,,,,,,,,1.4901078738130622,1.5450881719589233,1.4901078738130622,1.4218753576278687,1.450441769361496,1.4697083711624146,1.48054900765419,1.4914765357971191,1.5005248486995697,1.5086156249046325,1.5218349158763886,0.015275284213100185,1.4901078738130622,1.5450881719589233,1.4901078738130622,1.4218753576278687,1.450441769361496,1.4697083711624146,1.48054900765419,1.4914765357971191,1.5005248486995697,1.5086156249046325,1.5218349158763886,0.015275284213100185,,,,,,,,,,,,,,,,,,,,,,,,,,,,,,,,,,,,,,,,,,,,,,,text,,,,,,,,,,,,,,,,,,,,,,,,,,,,,,,,,,,,,,,,,,,,,,,,,,,,,,,,,,,,,,,,,,,,,,,,,,,,,,,,,,,,,,,,,,,,,,,,,,,,,,,,,,,,,,,,,,,,,,,effective_order,,,,,,,43,,,,,,,,,,,,,,,,,,,,,,,,,,,U
,,,,,,,,,,,,,,,,,,,,,,,,,,,,,,,,,,,,,,,,,,,,,,,,,,,,,,,,,,,,,,,,,,,,,,,,,,,,,,,,,,,Reddit-S,,,,,,,,,,,,,,,,,,,,,,,,,,,,,,,,,,,,,,,,,,,,,,,,,,,,,,,,,,,,,,,,,,,,,,,,,,,,,,,,,1,,,,,,,,,,,,,,,,,,,,,,,,,,,,,,,0.0,,,text,,,,,,,,,,,,,,,,,,,,,,,,,,,,,,,,,,,,,,,,,,,,,,,,,,,,,,,,,,,,,,,,,,,,,,,,,,,,,,,,,,,,,,,,,,,,,,,,,,,,,,,,,,,,,,,,,,,,,,,interaction_off_check,,,,,,,43,,,,,,,,,,,,,,,,,,,,,,,,,,,U
,,,,,,,,,,,,,,,,,,,,,,,,,,,,,,,,,,,,,,,,,,,,,,,,0.10918436511297248,0.0,0.0,0.14535224437713623,0.10918436511297248,0.08626525849103928,0.08830034732818604,0.09650235176086426,0.10118396580219269,0.10925514623522758,0.11662929691374302,0.12246569395065307,0.1341465635597706,0.23779359034314926,0.010476048354708552,,,,,,,,,0.08992418941948059,0.752329409122467,0.08992418920947304,-1.1920928955078125e-07,5.960464477539063e-08,0.019523251056671145,0.03782150149345398,0.06794017553329468,0.11667321622371674,0.18731352090835574,0.38617818176746366,0.07930643272953944,Reddit-S,,,,,,,,,,,,,,,,,,,,,,,,,,,,,,,,,,,,,,,,,,,,,,,,,,,,,,,,,,,,,,,,,,,,,,,,,,,,,,,,,,,1,,,,,,,,,,,,,,,,,,,,,,,,,,,,,,,,visual,,,,,,,,,,,,,,,,,,,,,2.088960290260288,8.110916137695312,1.3208403217152707,-3.9396183490753174,-3.3774876594543457,-1.4031399011611938,-0.3138176277279854,1.4314826726913452,2.9329118132591248,4.061149024963381,6.189058170318603,2.2075419398626765,,,,,,,,,,,,,,,,,,,,,,,,,,,,,,,,,,,,,,,,,,,,,,,,,,,,,,,,,,,,,,,,,,,,,,,,,,,,,,,,,,,,nan,0.02442539483308792,0.04868210479617119,semantic,,,,,,,43,0.02708117477595806,,,,,,,,,,,,,,,,,,,,,,,,,,U
,,,,,,,,,,,,,,,,,,,,,,,,,,,,,,,,,,,,,,,,,,,,,,,,0.10851478992221984,0.0,0.0,0.14449067413806915,0.10851478992221984,0.08572079241275787,0.08774366974830627,0.09591015651822091,0.1005553100258112,0.10858253017067909,0.11591806076467037,0.12173076644539835,0.13337398543953896,0.2379455366908689,0.010419852760251687,,,,,,,,,0.09090924620013335,0.7575898766517639,0.09090924617013227,-1.1920928955078125e-07,0.0,0.019477987289428712,0.037709176540374756,0.0680498480796814,0.11773915588855743,0.1908788084983826,0.39519066512584683,0.08119972732042156,Reddit-S,,,,,,,,,,,,,,,,,,,,,,,,,,,,,,,,,,,,,,,,,,,,,,,,,,,,,,,,,,,,,,,,,,,,,,,,,,,,,,,,,,,2,,,,,,,,,,,,,,,,,,,,,,,,,,,,,,,,visual,,,,,,,,,,,,,,,,,,,,,2.088960290260288,8.110916137695312,1.3208403217152707,-3.9396183490753174,-3.3774876594543457,-1.4031399011611938,-0.3138176277279854,1.4314826726913452,2.9329118132591248,4.061149024963381,6.189058170318603,2.2075419398626765,,,,,,,,,,,,,,,,,,,,,,,,,,,,,,,,,,,,,,,,,,,,,,,,,,,,,,,,,,,,,,,,,,,,,,,,,,,,,,,,,,,,nan,0.02442539483308792,0.04868210479617119,semantic,,,,,,,43,0.020146623253822327,,,,,,,,,,,,,,,,,,,,,,,,,,U
,,,,,,,,,,,,,,,,,,,,,,,,,,,,,,,,,,,,,,,,,,,,,,,,0.10247463486058331,0.0,0.0,0.13674519956111908,0.10247463486058331,0.08082965761423111,0.08274701982736588,0.09049556106328964,0.0949051808565855,0.10253272950649261,0.10950877703726292,0.11503850966691971,0.12613792717456818,0.2395026694828553,0.009906389079485687,,,,,,,,,0.0909377417617494,0.7571988105773926,0.09093774173174832,-1.1920928955078125e-07,0.0,0.01949321031570435,0.037741824984550476,0.06806075572967529,0.1177280843257904,0.19084205031394968,0.39397255837917294,0.0812355430540773,Reddit-S,,,,,,,,,,,,,,,,,,,,,,,,,,,,,,,,,,,,,,,,,,,,,,,,,,,,,,,,,,,,,,,,,,,,,,,,,,,,,,,,,,,3,,,,,,,,,,,,,,,,,,,,,,,,,,,,,,,,visual,,,,,,,,,,,,,,,,,,,,,2.088960290260288,8.110916137695312,1.3208403217152707,-3.9396183490753174,-3.3774876594543457,-1.4031399011611938,-0.3138176277279854,1.4314826726913452,2.9329118132591248,4.061149024963381,6.189058170318603,2.2075419398626765,,,,,,,,,,,,,,,,,,,,,,,,,,,,,,,,,,,,,,,,,,,,,,,,,,,,,,,,,,,,,,,,,,,,,,,,,,,,,,,,,,,,nan,0.02442539483308792,0.04868210479617119,semantic,,,,,,,43,-0.043947432190179825,,,,,,,,,,,,,,,,,,,,,,,,,,U
,,,,,,,,,,,,,,,,,,,,,,,,,,,,,,,,,,,,,,,,,,,,,,,,,,,,,,,,,,,,,,,4.0,2.384185791015625e-07,2.935132876764196e-13,15894.0,0.15716548400289543,,,,,,,,,,,,,,,,Reddit-S,,,,,,,,,,,,,,,,,,,,,,,,,,,-0.00713920611817348,0.24286079388182652,0.22398217134177684,0.24807057529687881,0.2572044268250465,0.024748612036590616,,,,,,,,,,,,,,,,,,,,,,,,,,,,,,,,,,,,,,,,,,,,,,,,,,,,,,,0.13239563553245448,,,,,,,,,,,,,,,,,,,,,,,,,,0.975230151529559,0.007688268133684967,visual,,0.22116488103494672,0.056001828367907895,0.17488882386228358,0.5035636987143791,0.16092601809724907,0.3774926937798475,0.965179182206042,0.9979486327112481,0.2665287782173832,0.8428345159971046,,0.7571392061181734,0.975230151529559,,,,,,,,,,,,,,,,,,,0.03024360798828941,0.003808479864771168,0.015540802851319313,0.06802915384372078,0.04676247811946121,,,,,,,,,,,,,,,,,,,,,,,,,,,,,,,,,,,,,,,,,,,,,,,,,,,,,,,,,,,,,,,,,,,,,,,,,,,,,,,,,,attention,,,,,,,43,,,,,,,,,,,,,,,,,,,,,,,,,,0.25,U
,,,,,,,,15.972806106492497,16.613929748535156,15.972806106492497,0.10628752410411835,0.10628755390644073,16.454493713378906,16.479061603546143,16.501489639282227,16.52308988571167,16.541646194458007,16.57152235031128,2.897906464345182,0.07723582229087374,0.48147261142730713,-0.0032874712551977203,-0.438401460647583,-0.2260136213898659,-0.12791097462177276,-0.06847737357020378,-0.003327375277876854,0.06164979934692383,0.12075156420469287,0.223284356147051,0.09690682583646448,,,,,,,,,,,,,,,,,,,,,,,,,,,,,,,,,,,,,,,,,,,,,,,,,,,,Reddit-S,,,,,,,,,,,,,,0.1551019251346588,,,,,,,,,,,,,,,,,,,,,,,,,,,,,,,,,,,,,,,,,,,,,,,,,,,,,,,,,,,,,,,,,,,,,1,0.1297929733991623,11.897207260131836,,,,,,,,,,,,,,,,,,,,,,,,,,,,,,visual,,,,,,,,,,,,,,,,,,,,,,,,,,,,,,,,,,,,,,,,,,,,,,,,,,,,,,,,,,,,,,,,,,,,,,,,,,,,,,,,,,,,,,,,,,,,,,,,,,,,,,,,,,,,,,,,,,,,,,,context,,,,,,,43,,,,,,,,,,,,,,,,,,,,,,,,,,,U
,,,,,,,,4.781104206261664,16.331832885742188,4.781104206261664,0.10595832020044327,0.1063089668750763,0.7789898633956909,1.5200983583927155,2.9665380716323853,6.848552823066711,12.821470069885255,16.12753927230835,4.480759012863684,0.07724944861386177,0.48138153553009033,-0.00328986568554706,-0.4383104741573334,-0.22601620599627495,-0.1279415562748909,-0.06849178299307823,-0.0033385157585144043,0.061658622696995735,0.12078223824501039,0.2233220703899862,0.09692385916460693,,,,,,,,,,,,,,,,,,,,,,,,,,,,,,,,,,,,,,,,,,,,,,,,,,,,Reddit-S,,,,,,,,,,,,,,0.1551019251346588,,,,,,,,,,,,,,,,,,,,,,,,,,,,,,,,,,,,,,,,,,,,,,,,,,,,,,,,,,,,,,,,,,,,,2,0.1297929733991623,11.899304389953613,,,,,,,,,,,,,,,,,,,,,,,,,,,,,,visual,,,,,,,,,,,,,,,,,,,,,,,,,,,,,,,,,,,,,,,,,,,,,,,,,,,,,,,,,,,,,,,,,,,,,,,,,,,,,,,,,,,,,,,,,,,,,,,,,,,,,,,,,,,,,,,,,,,,,,,context,,,,,,,43,,,,,,,,,,,,,,,,,,,,,,,,,,,U
,,,,,,,,7.49909743501221,15.607843399047852,7.49909743501221,0.10629648715257645,0.106302909553051,3.8462777853012096,5.583264589309692,7.550930738449097,9.499696016311646,11.293728065490722,14.441588401794434,2.9825697513507303,0.07724377896787663,0.4814208149909973,-0.0032874857679469284,-0.4373849630355835,-0.22602365225553514,-0.12792285531759262,-0.06848541088402271,-0.0033330158330500126,0.06165626086294651,0.12076923847198495,0.22330145806074178,0.09691687478436128,,,,,,,,,,,,,,,,,,,,,,,,,,,,,,,,,,,,,,,,,,,,,,,,,,,,Reddit-S,,,,,,,,,,,,,,0.1551019251346588,,,,,,,,,,,,,,,,,,,,,,,,,,,,,,,,,,,,,,,,,,,,,,,,,,,,,,,,,,,,,,,,,,,,,3,0.1297929733991623,11.898460388183594,,,,,,,,,,,,,,,,,,,,,,,,,,,,,,visual,,,,,,,,,,,,,,,,,,,,,,,,,,,,,,,,,,,,,,,,,,,,,,,,,,,,,,,,,,,,,,,,,,,,,,,,,,,,,,,,,,,,,,,,,,,,,,,,,,,,,,,,,,,,,,,,,,,,,,,context,,,,,,,43,,,,,,,,,,,,,,,,,,,,,,,,,,,U
,,,,,,,,,,,,,,,,,,,,,,,,,,,,,,,,,,,,,,,,,,,,,,,,,,,,,,,,,,,,,,,,,,,,,,,,,,,,,,,,,,,Reddit-S,,,,,,,,,,,,,,,,,,,,,,,,,,,,,,,,,,,,,,,,,,,,,1.4948951396549726,1.523146629333496,1.4948951396549726,1.4669228792190552,1.4814339411258697,1.489882230758667,1.4925515055656433,1.494271695613861,1.4962431192398071,1.500606656074524,1.5138895511627197,0.005647378820815388,1.4948951396549726,1.523146629333496,1.4948951396549726,1.4669228792190552,1.4814339411258697,1.489882230758667,1.4925515055656433,1.494271695613861,1.4962431192398071,1.500606656074524,1.5138895511627197,0.005647378820815388,,,,,,,,,,,,,,,,,,,,,,,,,,,,,,,,,,,,,,,,,,,,,,,visual,,,,,,,,,,,,,,,,,,,,,,,,,,,,,,,,,,,,,,,,,,,,,,,,,,,,,,,,,,,,,,,,,,,,,,,,,,,,,,,,,,,,,,,,,,,,,,,,,,,,,,,,,,,,,,,,,,,,,,,effective_order,,,,,,,43,,,,,,,,,,,,,,,,,,,,,,,,,,,U
,,,,,,,,,,,,,,,,,,,,,,,,,,,,,,,,,,,,,,,,,,,,,,,,,,,,,,,,,,,,,,,,,,,,,,,,,,,,,,,,,,,Reddit-S,,,,,,,,,,,,,,,,,,,,,,,,,,,,,,,,,,,,,,,,,,,,,,,,,,,,,,,,,,,,,,,,,,,,,,,,,,,,,,,,,1,,,,,,,,,,,,,,,,,,,,,,,,,,,,,,,0.0,,,visual,,,,,,,,,,,,,,,,,,,,,,,,,,,,,,,,,,,,,,,,,,,,,,,,,,,,,,,,,,,,,,,,,,,,,,,,,,,,,,,,,,,,,,,,,,,,,,,,,,,,,,,,,,,,,,,,,,,,,,,interaction_off_check,,,,,,,43,,,,,,,,,,,,,,,,,,,,,,,,,,,U
,,,,,,,,,,,,,,,,,,,,,,,,,,,,,,,,,,,,,,,,,,,,,,,,0.11219115440719785,0.0,0.0,0.1450992077589035,0.11219115440719785,0.08664365112781525,0.0947158022224903,0.1007197178900242,0.10532340034842491,0.11166903004050255,0.11861785873770714,0.12458689734339715,0.13301599740982056,0.21273673115559785,0.00902614538469258,,,,,,,,,0.1526944605122426,0.613019585609436,0.15269446045224047,-1.1920928955078125e-07,0.02056201934814453,0.06297151446342468,0.09736086428165436,0.1414114534854889,0.1982765793800354,0.25488715171813964,0.3710232996940613,0.07673749702014063,Reddit-S,,,,,,,,,,,,,,,,,,,,,,,,,,,,,,,,,,,,,,,,,,,,,,,,,,,,,,,,,,,,,,,,,,,,,,,,,,,,,,,,,,,1,,,,,,,,,,,,,,,,,,,,,,,,,,,,,,,,text,,,,,,,,,,,,,,,,,,,,,1.87452605942377,7.574645042419434,1.342068577163967,-4.660228252410889,-2.5177686738967897,-1.1343832612037659,-0.08307108841836452,1.299580454826355,2.7384618520736694,3.9013667345046996,5.448725981712341,1.8969317846957623,,,,,,,,,,,,,,,,,,,,,,,,,,,,,,,,,,,,,,,,,,,,,,,,,,,,,,,,,,,,,,,,,,,,,,,,,,,,,,,,,,,,nan,0.036193396896123886,0.04793711379170418,semantic,,,,,,,44,0.055641040205955505,,,,,,,,,,,,,,,,,,,,,,,,,,U
,,,,,,,,,,,,,,,,,,,,,,,,,,,,,,,,,,,,,,,,,,,,,,,,0.11011715654091099,0.0,0.0,0.1424935758113861,0.11011715654091099,0.08499502390623093,0.0929466175287962,0.09884046763181686,0.10335650853812695,0.10960683226585388,0.11643573828041553,0.12230592593550682,0.13059565261006356,0.21309538895293684,0.008877394327886402,,,,,,,,,0.15484474889059344,0.618450403213501,0.15484474886059235,-1.1920928955078125e-07,0.02020441710948944,0.06297111511230469,0.09813329577445984,0.14386716485023499,0.20153093338012695,0.2591121077537537,0.37737458288669584,0.07820875313266454,Reddit-S,,,,,,,,,,,,,,,,,,,,,,,,,,,,,,,,,,,,,,,,,,,,,,,,,,,,,,,,,,,,,,,,,,,,,,,,,,,,,,,,,,,2,,,,,,,,,,,,,,,,,,,,,,,,,,,,,,,,text,,,,,,,,,,,,,,,,,,,,,1.87452605942377,7.574645042419434,1.342068577163967,-4.660228252410889,-2.5177686738967897,-1.1343832612037659,-0.08307108841836452,1.299580454826355,2.7384618520736694,3.9013667345046996,5.448725981712341,1.8969317846957623,,,,,,,,,,,,,,,,,,,,,,,,,,,,,,,,,,,,,,,,,,,,,,,,,,,,,,,,,,,,,,,,,,,,,,,,,,,,,,,,,,,,nan,0.036193396896123886,0.04793711379170418,semantic,,,,,,,44,0.03455553948879242,,,,,,,,,,,,,,,,,,,,,,,,,,U
,,,,,,,,,,,,,,,,,,,,,,,,,,,,,,,,,,,,,,,,,,,,,,,,0.09990608196026336,0.0,0.0,0.12970221042633057,0.09990608196026336,0.07690690457820892,0.0841741569340229,0.08956498876214028,0.09369944967329502,0.09942978248000145,0.10570055618882179,0.1110963061451912,0.11872680887579917,0.2155155818381434,0.008146567232696245,,,,,,,,,0.15490885681366193,0.6189579963684082,0.15490885678366084,-1.1920928955078125e-07,0.0202346134185791,0.06290330290794373,0.09802345931529999,0.14377683401107788,0.20159894227981567,0.2593233406543732,0.37749269664287566,0.07828018524051372,Reddit-S,,,,,,,,,,,,,,,,,,,,,,,,,,,,,,,,,,,,,,,,,,,,,,,,,,,,,,,,,,,,,,,,,,,,,,,,,,,,,,,,,,,3,,,,,,,,,,,,,,,,,,,,,,,,,,,,,,,,text,,,,,,,,,,,,,,,,,,,,,1.87452605942377,7.574645042419434,1.342068577163967,-4.660228252410889,-2.5177686738967897,-1.1343832612037659,-0.08307108841836452,1.299580454826355,2.7384618520736694,3.9013667345046996,5.448725981712341,1.8969317846957623,,,,,,,,,,,,,,,,,,,,,,,,,,,,,,,,,,,,,,,,,,,,,,,,,,,,,,,,,,,,,,,,,,,,,,,,,,,,,,,,,,,,nan,0.036193396896123886,0.04793711379170418,semantic,,,,,,,44,-0.07425335794687271,,,,,,,,,,,,,,,,,,,,,,,,,,U
,,,,,,,,,,,,,,,,,,,,,,,,,,,,,,,,,,,,,,,,,,,,,,,,,,,,,,,,,,,,,,,4.0,2.384185791015625e-07,7.304118707736174e-21,15894.0,0.33871033253540017,,,,,,,,,,,,,,,,Reddit-S,,,,,,,,,,,,,,,,,,,,,,,,,,,-0.004081341282172579,0.24591865871782742,0.2128954537562095,0.24987900020983034,0.27608031425625085,0.04396329551557876,,,,,,,,,,,,,,,,,,,,,,,,,,,,,,,,,,,,,,,,,,,,,,,,,,,,,,,0.3169621713204911,,,,,,,,,,,,,,,,,,,,,,,,,,0.9782518387850909,0.005392995383076682,text,,0.3703800184316267,0.147964557183567,0.34903190932608524,0.6355470346052068,0.16933223331409536,0.020648297360458943,0.7989613576774662,0.9735037823762664,0.3350446426555194,0.6612896674645998,,0.7540813412821725,0.9782518387850909,,,,,,,,,,,,,,,,,,,0.058937810865632864,0.003714065441609667,0.030643569931271486,0.14770256398866577,0.07980212176394384,,,,,,,,,,,,,,,,,,,,,,,,,,,,,,,,,,,,,,,,,,,,,,,,,,,,,,,,,,,,,,,,,,,,,,,,,,,,,,,,,,attention,,,,,,,44,,,,,,,,,,,,,,,,,,,,,,,,,,0.25,U
,,,,,,,,16.71431783295636,16.927734375,16.71431783295636,0.16902877390384674,16.64154815673828,16.689978218078615,16.71522092819214,16.742780685424805,16.77130699157715,16.79796028137207,16.848225746154785,0.6963684602222324,0.06453352019397283,0.3893851637840271,-0.005417151336279494,-0.4185778796672821,-0.18987979754805565,-0.10867005586624146,-0.06017494201660156,-0.005728116258978844,0.04880557209253311,0.0981984436511994,0.18355087071657192,0.08056565565668254,,,,,,,,,,,,,,,,,,,,,,,,,,,,,,,,,,,,,,,,,,,,,,,,,,,,Reddit-S,,,,,,,,,,,,,,0.19161996245384216,,,,,,,,,,,,,,,,,,,,,,,,,,,,,,,,,,,,,,,,,,,,,,,,,,,,,,,,,,,,,,,,,,,,,1,0.11830685287714005,10.892740249633789,,,,,,,,,,,,,,,,,,,,,,,,,,,,,,text,,,,,,,,,,,,,,,,,,,,,,,,,,,,,,,,,,,,,,,,,,,,,,,,,,,,,,,,,,,,,,,,,,,,,,,,,,,,,,,,,,,,,,,,,,,,,,,,,,,,,,,,,,,,,,,,,,,,,,,context,,,,,,,44,,,,,,,,,,,,,,,,,,,,,,,,,,,U
,,,,,,,,9.757543179380814,16.635272979736328,9.757543179380814,0.16779734194278717,0.47411180317401885,2.9390235185623172,5.727392077445984,10.42888593673706,14.054878234863281,15.557418060302735,16.35090724945068,4.6820209919110285,0.06454621081883755,0.3894006311893463,-0.005420386804367431,-0.4189002215862274,-0.18991002440452576,-0.10868804901838303,-0.06019433215260506,-0.0057304371148347855,0.04881103616207838,0.09820677340030674,0.18358057677745837,0.08058077314014964,,,,,,,,,,,,,,,,,,,,,,,,,,,,,,,,,,,,,,,,,,,,,,,,,,,,Reddit-S,,,,,,,,,,,,,,0.19161996245384216,,,,,,,,,,,,,,,,,,,,,,,,,,,,,,,,,,,,,,,,,,,,,,,,,,,,,,,,,,,,,,,,,,,,,2,0.11830685287714005,10.894854545593262,,,,,,,,,,,,,,,,,,,,,,,,,,,,,,text,,,,,,,,,,,,,,,,,,,,,,,,,,,,,,,,,,,,,,,,,,,,,,,,,,,,,,,,,,,,,,,,,,,,,,,,,,,,,,,,,,,,,,,,,,,,,,,,,,,,,,,,,,,,,,,,,,,,,,,context,,,,,,,44,,,,,,,,,,,,,,,,,,,,,,,,,,,U
,,,,,,,,12.343817951066983,15.931924819946289,12.343817951066983,0.16905038058757782,5.923344702720642,9.624877166748048,11.421337127685547,12.875802993774414,13.736181497573853,14.305266666412354,15.098446054458616,2.0179632516697157,0.06453840586658005,0.38940703868865967,-0.005419599913398439,-0.41866886615753174,-0.1898853562772274,-0.10867641568183899,-0.06018567830324173,-0.0057354888413101435,0.04880678653717041,0.09819902852177625,0.18356386035680775,0.08057108131492789,,,,,,,,,,,,,,,,,,,,,,,,,,,,,,,,,,,,,,,,,,,,,,,,,,,,Reddit-S,,,,,,,,,,,,,,0.19161996245384216,,,,,,,,,,,,,,,,,,,,,,,,,,,,,,,,,,,,,,,,,,,,,,,,,,,,,,,,,,,,,,,,,,,,,3,0.11830685287714005,10.893528938293457,,,,,,,,,,,,,,,,,,,,,,,,,,,,,,text,,,,,,,,,,,,,,,,,,,,,,,,,,,,,,,,,,,,,,,,,,,,,,,,,,,,,,,,,,,,,,,,,,,,,,,,,,,,,,,,,,,,,,,,,,,,,,,,,,,,,,,,,,,,,,,,,,,,,,,context,,,,,,,44,,,,,,,,,,,,,,,,,,,,,,,,,,,U
,,,,,,,,,,,,,,,,,,,,,,,,,,,,,,,,,,,,,,,,,,,,,,,,,,,,,,,,,,,,,,,,,,,,,,,,,,,,,,,,,,,Reddit-S,,,,,,,,,,,,,,,,,,,,,,,,,,,,,,,,,,,,,,,,,,,,,1.4876340009798055,1.5613672733306885,1.4876340009798055,1.4325779676437378,1.4517440211772918,1.4673991680145264,1.4757821559906006,1.4852977395057678,1.4979389905929565,1.51194509267807,1.5344902765750885,0.01747447544164706,1.4876340009798055,1.5613672733306885,1.4876340009798055,1.4325779676437378,1.4517440211772918,1.4673991680145264,1.4757821559906006,1.4852977395057678,1.4979389905929565,1.51194509267807,1.5344902765750885,0.01747447544164706,,,,,,,,,,,,,,,,,,,,,,,,,,,,,,,,,,,,,,,,,,,,,,,text,,,,,,,,,,,,,,,,,,,,,,,,,,,,,,,,,,,,,,,,,,,,,,,,,,,,,,,,,,,,,,,,,,,,,,,,,,,,,,,,,,,,,,,,,,,,,,,,,,,,,,,,,,,,,,,,,,,,,,,effective_order,,,,,,,44,,,,,,,,,,,,,,,,,,,,,,,,,,,U
,,,,,,,,,,,,,,,,,,,,,,,,,,,,,,,,,,,,,,,,,,,,,,,,,,,,,,,,,,,,,,,,,,,,,,,,,,,,,,,,,,,Reddit-S,,,,,,,,,,,,,,,,,,,,,,,,,,,,,,,,,,,,,,,,,,,,,,,,,,,,,,,,,,,,,,,,,,,,,,,,,,,,,,,,,1,,,,,,,,,,,,,,,,,,,,,,,,,,,,,,,0.0,,,text,,,,,,,,,,,,,,,,,,,,,,,,,,,,,,,,,,,,,,,,,,,,,,,,,,,,,,,,,,,,,,,,,,,,,,,,,,,,,,,,,,,,,,,,,,,,,,,,,,,,,,,,,,,,,,,,,,,,,,,interaction_off_check,,,,,,,44,,,,,,,,,,,,,,,,,,,,,,,,,,,U
,,,,,,,,,,,,,,,,,,,,,,,,,,,,,,,,,,,,,,,,,,,,,,,,0.10883831737741849,0.0,0.0,0.14593437314033508,0.10883831737741849,0.07192061841487885,0.07192061841487885,0.09641859754920006,0.10163491033017635,0.10901417955756187,0.11565027013421059,0.125221848487854,0.13652285560965538,0.26464256001411995,0.012665417325766258,,,,,,,,,0.09142543463807774,0.7623191475868225,0.09142543463807774,0.0,0.0,0.020365458726882935,0.03797762095928192,0.06771707534790039,0.11930271983146667,0.19165053367614748,0.4021059650182722,0.08118989712900797,Reddit-S,,,,,,,,,,,,,,,,,,,,,,,,,,,,,,,,,,,,,,,,,,,,,,,,,,,,,,,,,,,,,,,,,,,,,,,,,,,,,,,,,,,1,,,,,,,,,,,,,,,,,,,,,,,,,,,,,,,,visual,,,,,,,,,,,,,,,,,,,,,2.2104094018413467,7.744674205780029,-1.0672012340752202,-7.808760166168213,-6.303556904792786,-4.320223379135132,-2.554515779018402,-1.251001000404358,0.2995414659380913,1.456207072734833,7.744674205780029,2.708253768582386,,,,,,,,,,,,,,,,,,,,,,,,,,,,,,,,,,,,,,,,,,,,,,,,,,,,,,,,,,,,,,,,,,,,,,,,,,,,,,,,,,,,nan,0.02299250103533268,-0.05057094618678093,semantic,,,,,,,44,0.03132588043808937,,,,,,,,,,,,,,,,,,,,,,,,,,U
,,,,,,,,,,,,,,,,,,,,,,,,,,,,,,,,,,,,,,,,,,,,,,,,0.10756028825385519,0.0,0.0,0.14428584277629852,0.10756028825385519,0.07103876769542694,0.07103876769542694,0.09526673853397369,0.10042952001094818,0.1077314093708992,0.11430130526423454,0.12377054989337923,0.13497373819351197,0.2650031142708368,0.012532837923192527,,,,,,,,,0.09234655448681486,0.768518328666687,0.09234655127669934,-1.1920928955078125e-07,-1.1920928955078125e-07,0.020248156785964967,0.03788888454437256,0.06783261895179749,0.12019143998622894,0.19455277919769287,0.4096927392482756,0.08296305025973277,Reddit-S,,,,,,,,,,,,,,,,,,,,,,,,,,,,,,,,,,,,,,,,,,,,,,,,,,,,,,,,,,,,,,,,,,,,,,,,,,,,,,,,,,,2,,,,,,,,,,,,,,,,,,,,,,,,,,,,,,,,visual,,,,,,,,,,,,,,,,,,,,,2.2104094018413467,7.744674205780029,-1.0672012340752202,-7.808760166168213,-6.303556904792786,-4.320223379135132,-2.554515779018402,-1.251001000404358,0.2995414659380913,1.456207072734833,7.744674205780029,2.708253768582386,,,,,,,,,,,,,,,,,,,,,,,,,,,,,,,,,,,,,,,,,,,,,,,,,,,,,,,,,,,,,,,,,,,,,,,,,,,,,,,,,,,,nan,0.02299250103533268,-0.05057094618678093,semantic,,,,,,,44,0.018038835376501083,,,,,,,,,,,,,,,,,,,,,,,,,,U
,,,,,,,,,,,,,,,,,,,,,,,,,,,,,,,,,,,,,,,,,,,,,,,,0.10135323102667419,0.0,0.0,0.136268749833107,0.10135323102667419,0.06677499413490295,0.06677499413490295,0.08968928009271622,0.09458133392035961,0.101505808532238,0.10774214565753937,0.11673687174916268,0.12739757269620897,0.2668646217017117,0.011885412181100325,,,,,,,,,0.09237540778880361,0.7685495018959045,0.09237540745879173,-1.1920928955078125e-07,0.0,0.020215499401092532,0.03792354464530945,0.06783327460289001,0.12017560005187988,0.1944435000419617,0.41066786050796494,0.0830064651120433,Reddit-S,,,,,,,,,,,,,,,,,,,,,,,,,,,,,,,,,,,,,,,,,,,,,,,,,,,,,,,,,,,,,,,,,,,,,,,,,,,,,,,,,,,3,,,,,,,,,,,,,,,,,,,,,,,,,,,,,,,,visual,,,,,,,,,,,,,,,,,,,,,2.2104094018413467,7.744674205780029,-1.0672012340752202,-7.808760166168213,-6.303556904792786,-4.320223379135132,-2.554515779018402,-1.251001000404358,0.2995414659380913,1.456207072734833,7.744674205780029,2.708253768582386,,,,,,,,,,,,,,,,,,,,,,,,,,,,,,,,,,,,,,,,,,,,,,,,,,,,,,,,,,,,,,,,,,,,,,,,,,,,,,,,,,,,nan,0.02299250103533268,-0.05057094618678093,semantic,,,,,,,44,-0.04843752831220627,,,,,,,,,,,,,,,,,,,,,,,,,,U
,,,,,,,,,,,,,,,,,,,,,,,,,,,,,,,,,,,,,,,,,,,,,,,,,,,,,,,,,,,,,,,4.0,2.384185791015625e-07,1.4608507112323643e-11,15894.0,0.15261903686519174,,,,,,,,,,,,,,,,Reddit-S,,,,,,,,,,,,,,,,,,,,,,,,,,,-0.0041659469761105294,0.24583405302388947,0.2286895653232932,0.24862573301652446,0.26063692569732666,0.024357098655848758,,,,,,,,,,,,,,,,,,,,,,,,,,,,,,,,,,,,,,,,,,,,,,,,,,,,,,,0.13531944539400964,,,,,,,,,,,,,,,,,,,,,,,,,,0.9827004085288179,0.0051013830644599896,visual,,0.2211699969703334,0.061552426169166896,0.17821998122396532,0.4787149323845223,0.15997633175455725,0.4780502791812069,0.9552640432845504,0.9971967343197052,0.2456373043698498,0.8473809631348083,,0.7541659469761105,0.9827004085288179,,,,,,,,,,,,,,,,,,,0.03467261286873561,0.005664332583546639,0.02077483758330345,0.07337146882588666,0.04719270642501873,,,,,,,,,,,,,,,,,,,,,,,,,,,,,,,,,,,,,,,,,,,,,,,,,,,,,,,,,,,,,,,,,,,,,,,,,,,,,,,,,,attention,,,,,,,44,,,,,,,,,,,,,,,,,,,,,,,,,,0.25,U
,,,,,,,,16.14509005747277,16.83580207824707,16.14509005747277,0.19694270193576813,0.19700488448143005,16.60073356628418,16.639087200164795,16.67566204071045,16.711390018463135,16.74145679473877,16.790775928497315,2.913088688674525,0.08404924245073493,0.49308347702026367,-0.0018268261273801534,-0.5186741948127747,-0.24807328432798387,-0.13689179420471193,-0.07286912947893143,-0.0018008181359618902,0.06886931881308556,0.1337540417909623,0.24282077461481108,0.10544974305678913,,,,,,,,,,,,,,,,,,,,,,,,,,,,,,,,,,,,,,,,,,,,,,,,,,,,Reddit-S,,,,,,,,,,,,,,0.17143310606479645,,,,,,,,,,,,,,,,,,,,,,,,,,,,,,,,,,,,,,,,,,,,,,,,,,,,,,,,,,,,,,,,,,,,,1,0.13847991824150085,12.12722110748291,,,,,,,,,,,,,,,,,,,,,,,,,,,,,,visual,,,,,,,,,,,,,,,,,,,,,,,,,,,,,,,,,,,,,,,,,,,,,,,,,,,,,,,,,,,,,,,,,,,,,,,,,,,,,,,,,,,,,,,,,,,,,,,,,,,,,,,,,,,,,,,,,,,,,,,context,,,,,,,44,,,,,,,,,,,,,,,,,,,,,,,,,,,U
,,,,,,,,5.440595205576521,16.52560806274414,5.440595205576521,0.1941903680562973,0.19699747636914253,0.9626118838787079,1.8665439188480377,3.6944245100021362,8.028749227523804,13.80856924057007,16.204858779907227,4.668590291602632,0.08408334939887568,0.4931502342224121,-0.0018266219157646853,-0.5183584690093994,-0.24824524968862535,-0.13695361167192457,-0.0728998202830553,-0.0018025534227490425,0.06890331208705902,0.1338076293468476,0.24291006594896322,0.10549417699016354,,,,,,,,,,,,,,,,,,,,,,,,,,,,,,,,,,,,,,,,,,,,,,,,,,,,Reddit-S,,,,,,,,,,,,,,0.17143310606479645,,,,,,,,,,,,,,,,,,,,,,,,,,,,,,,,,,,,,,,,,,,,,,,,,,,,,,,,,,,,,,,,,,,,,2,0.13847991824150085,12.132330894470215,,,,,,,,,,,,,,,,,,,,,,,,,,,,,,visual,,,,,,,,,,,,,,,,,,,,,,,,,,,,,,,,,,,,,,,,,,,,,,,,,,,,,,,,,,,,,,,,,,,,,,,,,,,,,,,,,,,,,,,,,,,,,,,,,,,,,,,,,,,,,,,,,,,,,,,context,,,,,,,44,,,,,,,,,,,,,,,,,,,,,,,,,,,U
,,,,,,,,7.882821593781912,16.12844467163086,7.882821593781912,0.19653841853141785,0.19697469472885132,4.100462579727173,5.870578169822693,7.8728907108306885,9.92012906074524,11.889912414550782,15.18903549194336,3.130605870349422,0.08406750179699157,0.49312257766723633,-0.001824767812623113,-0.5184177160263062,-0.24815812021493913,-0.13692395091056825,-0.0728847123682499,-0.0018045008182525635,0.0688808262348175,0.1337838336825371,0.24286764621734624,0.10547377473404063,,,,,,,,,,,,,,,,,,,,,,,,,,,,,,,,,,,,,,,,,,,,,,,,,,,,Reddit-S,,,,,,,,,,,,,,0.17143310606479645,,,,,,,,,,,,,,,,,,,,,,,,,,,,,,,,,,,,,,,,,,,,,,,,,,,,,,,,,,,,,,,,,,,,,3,0.13847991824150085,12.129999160766602,,,,,,,,,,,,,,,,,,,,,,,,,,,,,,visual,,,,,,,,,,,,,,,,,,,,,,,,,,,,,,,,,,,,,,,,,,,,,,,,,,,,,,,,,,,,,,,,,,,,,,,,,,,,,,,,,,,,,,,,,,,,,,,,,,,,,,,,,,,,,,,,,,,,,,,context,,,,,,,44,,,,,,,,,,,,,,,,,,,,,,,,,,,U
,,,,,,,,,,,,,,,,,,,,,,,,,,,,,,,,,,,,,,,,,,,,,,,,,,,,,,,,,,,,,,,,,,,,,,,,,,,,,,,,,,,Reddit-S,,,,,,,,,,,,,,,,,,,,,,,,,,,,,,,,,,,,,,,,,,,,,1.4956750661768492,1.5324053764343262,1.4956750661768492,1.4636999368667603,1.4805697858333589,1.4897892475128174,1.4927739799022675,1.4957565665245056,1.4987109899520874,1.50135577917099,1.5098755359649658,0.005324175888345752,1.4956750661768492,1.5324053764343262,1.4956750661768492,1.4636999368667603,1.4805697858333589,1.4897892475128174,1.4927739799022675,1.4957565665245056,1.4987109899520874,1.50135577917099,1.5098755359649658,0.005324175888345752,,,,,,,,,,,,,,,,,,,,,,,,,,,,,,,,,,,,,,,,,,,,,,,visual,,,,,,,,,,,,,,,,,,,,,,,,,,,,,,,,,,,,,,,,,,,,,,,,,,,,,,,,,,,,,,,,,,,,,,,,,,,,,,,,,,,,,,,,,,,,,,,,,,,,,,,,,,,,,,,,,,,,,,,effective_order,,,,,,,44,,,,,,,,,,,,,,,,,,,,,,,,,,,U
,,,,,,,,,,,,,,,,,,,,,,,,,,,,,,,,,,,,,,,,,,,,,,,,,,,,,,,,,,,,,,,,,,,,,,,,,,,,,,,,,,,Reddit-S,,,,,,,,,,,,,,,,,,,,,,,,,,,,,,,,,,,,,,,,,,,,,,,,,,,,,,,,,,,,,,,,,,,,,,,,,,,,,,,,,1,,,,,,,,,,,,,,,,,,,,,,,,,,,,,,,0.0,,,visual,,,,,,,,,,,,,,,,,,,,,,,,,,,,,,,,,,,,,,,,,,,,,,,,,,,,,,,,,,,,,,,,,,,,,,,,,,,,,,,,,,,,,,,,,,,,,,,,,,,,,,,,,,,,,,,,,,,,,,,interaction_off_check,,,,,,,44,,,,,,,,,,,,,,,,,,,,,,,,,,,U
,,,,,,,,,,,,,,,,,,,,,,,,,,,,,,,,,,,,,,,,,,,,,,,,,,,,,,,,,,,,,,,,,,,,,,,,,,,,,,,,,,,Movies,0.05871048052178521,0.06014508754014969,0.05871048052178521,0.053461529314517975,0.055872471258044246,0.05744639039039612,0.058235665783286095,0.05889798328280449,0.059395188465714455,0.0597081396728754,0.05996435802429915,0.0009129115486217267,0.04165579378604889,,,,,,,,,,,,,,,,,,,,,,,,,,,,,,,,,,,,,,,,,,,,,,,,,,,,,,,,0.3831538205676768,0.3864418864250183,0.3831538205676768,0.3788052201271057,0.38118753224611285,0.3820438116788864,0.38245972245931625,0.3830759972333908,0.3838304877281189,0.38437568843364717,0.38549636721611025,0.000938924953050763,,0.16907557845115662,0,,,,,,,,,,,,,,,,,,,,,,,,,,,,,,,,text,0.0,,,,,,,,,,,,,,,,,,,,,,,,,,,,,,,,,,,,,0.09165033844751869,0.09470381587743759,0.09165033844751869,0.08912179619073868,0.08969849571585656,0.09035276249051094,0.09095392376184464,0.09171434864401817,0.09230333007872105,0.09281828626990318,0.09370487883687019,0.0009299047620329674,-0.0022088930525992964,-0.0022088930525992964,0.022061629255253987,0.022122470661997795,0.022061629255253987,0.021544501185417175,0.0219556513056159,0.022024790197610854,0.02204862330108881,0.022067145444452763,0.02208208292722702,0.022092816792428492,0.02210955411195755,3.214140487172303e-05,,,,,,,,,,,,,8.815800674613776e-07,0,,,,,,,,,,,,,,,,,,,,,,,,,,,,,,,,,,,,,,,,,,filter,,,,,,,42,,,,,,,,,,,,,,,,,,,,,,,,,,,U
,,,,,,,,,,,,,,,,,,,,,,,,,,,,,,,,,,,,,,,,,,,,,,,,,,,,,,,,,,,,,,,,,,,,,,,,,,,,,,,,,,,Movies,0.04898705179271272,-0.04331295192241669,-0.04898705179271272,-0.049679212272167206,-0.04967704739421606,-0.04959151595830917,-0.0494512002915144,-0.0492104347795248,-0.048710539005696774,-0.048076297342777255,-0.04659694235771894,0.0006711984186896173,-0.042517226189374924,,,,,,,,,,,,,,,,,,,,,,,,,,,,,,,,,,,,,,,,,,,,,,,,,,,,,,,,0.0011924842172259293,0.0069999853149056435,0.0011907012696485075,-0.0003884871257469058,2.9061369132250562e-05,0.0004139917902648449,0.0006717883807141334,0.001049129816237837,0.0015440896095242351,0.0021649135975167154,0.003647876295726747,0.0007412019434808327,,0.1244533360004425,1,,,,,,,,,,,,,,,,,,,,,,,,,,,,,,,,text,0.008217370137572289,,,,,,,,,,,,,,,,,,,,,,,,,,,,,,,,,,,,,0.030170466979110216,-0.02927309088408947,-0.030170466979110216,-0.031253114342689514,-0.030899333897978068,-0.030581821873784065,-0.03039954463019967,-0.030194283463060856,-0.029926590155810118,-0.029712145775556566,-0.029480862207710744,0.0003277673980278471,0.0003482646852420086,0.0003482646852420086,0.0015878860445432486,-0.0015506658237427473,-0.0015878860445432486,-0.001592265092767775,-0.0015913354407530278,-0.001590130804106593,-0.0015893582021817565,-0.0015882830484770238,-0.0015869499475229532,-0.001585234561935067,-0.001580258208559826,2.3133776298787702e-06,,,,,,,,,,,,,5.493803210197635e-07,0,,,,,,,,,,,,,,,,,,,,,,,,,,,,,,,,,,,,,,,,,,filter,,,,,,,42,,,,,,,,,,,,,,,,,,,,,,,,,,,U
,,,,,,,,,,,,,,,,,,,,,,,,,,,,,,,,,,,,,,,,,,,,,,,,,,,,,,,,,,,,,,,,,,,,,,,,,,,,,,,,,,,Movies,0.05461259096844798,-0.0492745079100132,-0.05461259096844798,-0.05540482699871063,-0.055400007553398606,-0.055309592932462695,-0.055184293538331985,-0.05492715537548065,-0.054296993650496006,-0.0534144151955843,-0.05180494684725998,0.000819740559698267,-0.04178309440612793,,,,,,,,,,,,,,,,,,,,,,,,,,,,,,,,,,,,,,,,,,,,,,,,,,,,,,,,0.5748670513629055,0.5796284675598145,0.5748670513629055,0.5731513500213623,0.5735897541046142,0.5739910244941712,0.5742624402046204,0.5746584534645081,0.575254037976265,0.5761182129383087,0.5775828438997269,0.0008635833735208527,,0.708885908126831,2,,,,,,,,,,,,,,,,,,,,,,,,,,,,,,,,text,0.0,,,,,,,,,,,,,,,,,,,,,,,,,,,,,,,,,,,,,0.029886340283258726,-0.028957877308130264,-0.029886340283258726,-0.031010784208774567,-0.030643061082810164,-0.030315900407731532,-0.03012605058029294,-0.029908975586295128,-0.02962956391274929,-0.029408465325832366,-0.029171196576207876,0.0003419244251634824,0.0015851750015355504,0.0015851750015355504,0.007736831395034392,-0.007555479183793068,-0.007736831395034392,-0.007758167572319508,-0.007753638518042862,-0.007747768703848123,-0.007744004135020077,-0.007738766027614474,-0.007732270401902497,-0.007723911851644516,-0.0076996654458343985,1.1271724667197405e-05,,,,,,,,,,,,,7.457762430216565e-07,0,,,,,,,,,,,,,,,,,,,,,,,,,,,,,,,,,,,,,,,,,,filter,,,,,,,42,,,,,,,,,,,,,,,,,,,,,,,,,,,U
,,,,,,,,,,,,,,,,,,,,,,,,,,,,,,,,,,,,,,,,,,,,,,,,,,,,,,,,,,,,,,,,,,,,,,,,,,,,,,,,,,,Movies,0.05021410046888054,-0.042612407356500626,-0.05021410046888054,-0.05157395824790001,-0.051566262394189835,-0.051394015178084375,-0.051147070713341236,-0.05070132203400135,-0.04965387098491192,-0.04825622662901878,-0.04597410753369331,0.0013155273747932502,-0.0429208017885685,,,,,,,,,,,,,,,,,,,,,,,,,,,,,,,,,,,,,,,,,,,,,,,,,,,,,,,,0.16390044682957733,-0.15599969029426575,-0.16390044682957733,-0.16593627631664276,-0.16557259276509284,-0.16517545133829117,-0.1648530513048172,-0.16433407366275787,-0.1633017174899578,-0.1618906244635582,-0.15964402452111243,0.0013490461129550353,,-0.02643510513007641,3,,,,,,,,,,,,,,,,,,,,,,,,,,,,,,,,text,1.0,,,,,,,,,,,,,,,,,,,,,,,,,,,,,,,,,,,,,0.031593531255311766,-0.0308908112347126,-0.031593531255311766,-0.032443515956401825,-0.03216366529464722,-0.031919746100902556,-0.03177788108587265,-0.03161310777068138,-0.03139771334826946,-0.03122890815138817,-0.03104764387011528,0.00026067233731634146,0.0016545139393781762,0.0016545139393781762,0.012736909928836193,-0.012438355013728142,-0.012736909928836193,-0.012772035785019398,-0.012764578741043807,-0.012754915840923786,-0.012748718494549394,-0.012740094680339098,-0.01272940100170672,-0.012715641595423221,-0.012675725258886814,1.855629828841813e-05,,,,,,,,,,,,,1.8199254148790902e-06,0,,,,,,,,,,,,,,,,,,,,,,,,,,,,,,,,,,,,,,,,,,filter,,,,,,,42,,,,,,,,,,,,,,,,,,,,,,,,,,,U
,,,,,,,,,,,,,,,,,,,,,,,,,,,,,,,,,,,,,,,,,,,,,,,,,,,,,,,,,,,,,,,,,,,,,,,,,,,,,,,,,,,Movies,0.005311351351436829,0.013088494539260864,0.004617287684786836,-0.010405356995761395,-0.006104935589246452,-0.0009283199906349176,0.0017691427492536604,0.004981604870408773,0.007765533751808107,0.009875572845339775,0.011959428852424027,0.004156645529748954,-0.0002770462306216359,,,,,,,,,,,,,,,,,,,,,,,,,,,,,,,,,,,,,,,,,,,,,,,,,,,,,,,,0.24774673944714545,0.2617981433868408,0.24774673944714545,0.23022758960723877,0.2366383430361748,0.24195594787597657,0.2450847402215004,0.24810532480478287,0.25082019716501236,0.2530073612928391,0.25603660821914676,0.004276275264204667,,0.16907557845115662,0,,,,,,,,,,,,,,,,,,,,,,,,,,,,,,,,visual,0.0,,,,,,,,,,,,,,,,,,,,,,,,,,,,,,,,,,,,,0.06483298317607913,0.06700449436903,0.06483298317607913,0.0620889775454998,0.06311642184853554,0.06395902782678604,0.0644124336540699,0.06486000120639801,0.06527064181864262,0.06568327769637108,0.06633039645850658,0.0006721712726735803,0.2762230182473627,0.2762230182473627,0.009497932598168517,0.01788068562746048,0.009497932598168517,2.0012528239021776e-06,0.0023867100197821857,0.006491879094392061,0.008262420305982232,0.0098190326243639,0.011128658428788185,0.012044125981628894,0.013921800740063196,0.0023192482661156867,,,,,,,,,,,,,1.8286530135248696e-05,0,,,,,,,,,,,,,,,,,,,,,,,,,,,,,,,,,,,,,,,,,,filter,,,,,,,42,,,,,,,,,,,,,,,,,,,,,,,,,,,U
,,,,,,,,,,,,,,,,,,,,,,,,,,,,,,,,,,,,,,,,,,,,,,,,,,,,,,,,,,,,,,,,,,,,,,,,,,,,,,,,,,,Movies,0.018744557347248537,0.035102780908346176,0.018743925211548263,-0.003979614470154047,0.00653304236009717,0.011546094063669443,0.014854200882837176,0.01891840249300003,0.02273556776344776,0.025736213475465775,0.030409356709569697,0.0054487477968795175,0.020465798676013947,,,,,,,,,,,,,,,,,,,,,,,,,,,,,,,,,,,,,,,,,,,,,,,,,,,,,,,,0.14065466087084486,0.15676723420619965,0.14065466087084486,0.11787958443164825,0.12858118250966072,0.1335553139448166,0.13685856759548187,0.14077488332986832,0.14455877617001534,0.14747232049703599,0.15215104937553406,0.005364661801090116,,0.1244533360004425,1,,,,,,,,,,,,,,,,,,,,,,,,,,,,,,,,visual,0.0,,,,,,,,,,,,,,,,,,,,,,,,,,,,,,,,,,,,,0.02138513440747554,-0.020398879423737526,-0.02138513440747554,-0.022168735042214394,-0.021926246639341115,-0.021692237444221975,-0.021543043665587902,-0.0213947556912899,-0.021233331877738237,-0.02106978427618742,-0.020767339151352645,0.00024251399917121652,-0.002035974779060465,-0.002035974779060465,0.0016232571362036557,-3.420268512854818e-07,-0.0016232571362036557,-0.0030559231527149677,-0.0023793243523687123,-0.0020584177458658815,-0.001901958486996591,-0.001678135187830776,-0.001412100245943293,-0.0011095035122707486,-0.0004079039284260934,0.00039637429065747623,,,,,,,,,,,,,2.8779596240075443e-05,0,,,,,,,,,,,,,,,,,,,,,,,,,,,,,,,,,,,,,,,,,,filter,,,,,,,42,,,,,,,,,,,,,,,,,,,,,,,,,,,U
,,,,,,,,,,,,,,,,,,,,,,,,,,,,,,,,,,,,,,,,,,,,,,,,,,,,,,,,,,,,,,,,,,,,,,,,,,,,,,,,,,,Movies,0.006045330103068534,0.011308306828141212,0.005983008539116464,-0.008100340142846107,-0.0012250123161356896,0.0026008097687736154,0.004552813479676843,0.00634307018481195,0.007804094580933452,0.008902615681290627,0.010220974627882243,0.0025024759390773225,0.010366179049015045,,,,,,,,,,,,,,,,,,,,,,,,,,,,,,,,,,,,,,,,,,,,,,,,,,,,,,,,0.7001419630681027,0.7066638469696045,0.7001419630681027,0.6864915490150452,0.6928149873018264,0.6966973721981049,0.6987149566411972,0.7005029022693634,0.7019422948360443,0.7030453503131866,0.7046860909461975,0.0025461091404478686,,0.708885908126831,2,,,,,,,,,,,,,,,,,,,,,,,,,,,,,,,,visual,0.0,,,,,,,,,,,,,,,,,,,,,,,,,,,,,,,,,,,,,0.021569696755547096,-0.020641032606363297,-0.021569696755547096,-0.022305531427264214,-0.022077014669775963,-0.0218574333935976,-0.021717840805649757,-0.021578813903033733,-0.021427469328045845,-0.021273928135633467,-0.020988992787897585,0.00022747775737757568,0.11558937107833177,0.11558937107833177,0.0035234577841569315,-7.424068257932959e-07,-0.0035234577841569315,-0.006633216515183449,-0.005164584633894265,-0.004468022054061294,-0.0041284095495939255,-0.0036425766302272677,-0.0030651185661554337,-0.00240829901304096,-0.0008854002406587805,0.000860373903601424,,,,,,,,,,,,,6.482671755072183e-06,0,,,,,,,,,,,,,,,,,,,,,,,,,,,,,,,,,,,,,,,,,,filter,,,,,,,42,,,,,,,,,,,,,,,,,,,,,,,,,,,U
,,,,,,,,,,,,,,,,,,,,,,,,,,,,,,,,,,,,,,,,,,,,,,,,,,,,,,,,,,,,,,,,,,,,,,,,,,,,,,,,,,,Movies,0.004819818256056664,0.00013312415103428066,-0.004819801402728809,-0.0074528902769088745,-0.006989801744930446,-0.006232786504551768,-0.005663083284161985,-0.004866720410063863,-0.004053910495713353,-0.003336480795405805,-0.0022212529438547777,0.0011019038966341929,-0.0039489916525781155,,,,,,,,,,,,,,,,,,,,,,,,,,,,,,,,,,,,,,,,,,,,,,,,,,,,,,,,0.061433268136044536,-0.05446596443653107,-0.061433268136044536,-0.06603138893842697,-0.06430843204259873,-0.0633781835436821,-0.06261623837053776,-0.0616073627024889,-0.060473887249827385,-0.059289701655507086,-0.056861567124724385,0.0016154297279593521,,-0.02643510513007641,3,,,,,,,,,,,,,,,,,,,,,,,,,,,,,,,,visual,1.0,,,,,,,,,,,,,,,,,,,,,,,,,,,,,,,,,,,,,0.021878151979092722,-0.02104906179010868,-0.021878151979092722,-0.022530222311615944,-0.02232811076566577,-0.022133597545325755,-0.022009954787790775,-0.021886546164751053,-0.02175188111141324,-0.02161527331918478,-0.02136091537773609,0.0002021824981405533,0.49146948631035775,0.49146948631035775,0.0043512175070906135,-9.168191468233999e-07,-0.0043512175070906135,-0.00819154642522335,-0.006377891325391829,-0.005517686158418656,-0.005098289810121059,-0.004498320631682873,-0.003785201406572014,-0.002974076452665031,-0.001093405816936863,0.0010625000285835007,,,,,,,,,,,,,2.6096132059748264e-06,0,,,,,,,,,,,,,,,,,,,,,,,,,,,,,,,,,,,,,,,,,,filter,,,,,,,42,,,,,,,,,,,,,,,,,,,,,,,,,,,U
,,,,,,,,,,,,,,,,,,,,,,,,,,,,,,,,,,,,,,,,,,,,,,,,,,,,,,,,,,,,,,,,,,,,,,,,,,,,,,,,,,,Movies,0.05250306611263056,0.05430331826210022,0.05250306611263056,0.04274149239063263,0.050119093619287014,0.051366542279720304,0.051949527114629745,0.052562326192855835,0.053163107484579086,0.05358472689986229,0.05409434881061315,0.0008851458166215035,0.03902784362435341,,,,,,,,,,,,,,,,,,,,,,,,,,,,,,,,,,,,,,,,,,,,,,,,,,,,,,,,0.37222079016025145,0.3771771788597107,0.37222079016025145,0.35476261377334595,0.3600333842635155,0.36884216368198397,0.37179146707057953,0.3731883764266968,0.3738994523882866,0.3743773907423019,0.3751465985178947,0.002915165474947841,,0.1710495799779892,0,,,,,,,,,,,,,,,,,,,,,,,,,,,,,,,,text,0.0,,,,,,,,,,,,,,,,,,,,,,,,,,,,,,,,,,,,,0.09247890332733387,0.09492158144712448,0.09247890332733387,0.08952759951353073,0.09054222516715527,0.09140513688325883,0.09198405407369137,0.09255021438002586,0.09305397048592567,0.09340955018997192,0.09393405862152576,0.0007706901020373096,0.8879155386732871,0.8879155386732871,0.01716140075780506,0.02206774614751339,0.01716140075780506,0.00032365781953558326,0.0054650229215621945,0.014209064282476902,0.017066808883100748,0.018223684281110764,0.018546168226748705,0.018679295480251313,0.01919602055102587,0.0026599387261786287,,,,,,,,,,,,,8.498189746327871e-06,0,,,,,,,,,,,,,,,,,,,,,,,,,,,,,,,,,,,,,,,,,,filter,,,,,,,43,,,,,,,,,,,,,,,,,,,,,,,,,,,U
,,,,,,,,,,,,,,,,,,,,,,,,,,,,,,,,,,,,,,,,,,,,,,,,,,,,,,,,,,,,,,,,,,,,,,,,,,,,,,,,,,,Movies,0.055375789339750674,-0.04145929962396622,-0.055375789339750674,-0.05674184113740921,-0.05673556052148342,-0.05655722357332706,-0.056302172131836414,-0.055809251964092255,-0.05487441178411245,-0.05362340435385704,-0.050506361350417125,0.001342080982081373,-0.04071187600493431,,,,,,,,,,,,,,,,,,,,,,,,,,,,,,,,,,,,,,,,,,,,,,,,,,,,,,,,0.010248015506754365,0.00639735721051693,-0.010244409755272318,-0.01250879094004631,-0.01216869338415563,-0.011817103996872903,-0.011462172958999872,-0.010760516859591007,-0.009544773260131478,-0.007942308019846678,-0.00413656512275338,0.0017270090349891262,,0.12137380242347717,1,,,,,,,,,,,,,,,,,,,,,,,,,,,,,,,,text,0.9992202520370483,,,,,,,,,,,,,,,,,,,,,,,,,,,,,,,,,,,,,0.030649225123520696,-0.029626041650772095,-0.030649225123520696,-0.0314919576048851,-0.031151592452079057,-0.03096765149384737,-0.03084468189626932,-0.03067308757454157,-0.03048132872208953,-0.030282027646899225,-0.029983139764517545,0.000264252179598837,0.2748038896337075,0.2748038896337075,0.004881317987171565,-9.205989044858143e-05,-0.004881317987171565,-0.0062768589705228806,-0.005460037081502378,-0.005313061363995075,-0.005275195348076522,-0.005183469736948609,-0.004854412749409676,-0.004041567724198103,-0.0015544485417194635,0.0007565819902321616,,,,,,,,,,,,,2.9825602069340727e-06,0,,,,,,,,,,,,,,,,,,,,,,,,,,,,,,,,,,,,,,,,,,filter,,,,,,,43,,,,,,,,,,,,,,,,,,,,,,,,,,,U
,,,,,,,,,,,,,,,,,,,,,,,,,,,,,,,,,,,,,,,,,,,,,,,,,,,,,,,,,,,,,,,,,,,,,,,,,,,,,,,,,,,Movies,0.04585440379778377,-0.03359445929527283,-0.04585440379778377,-0.04754912108182907,-0.04752110369503498,-0.04726023189723492,-0.04697853699326515,-0.04639025963842869,-0.0451943501830101,-0.043723879382014275,-0.0401273837313056,0.001596362207132846,-0.04266078770160675,,,,,,,,,,,,,,,,,,,,,,,,,,,,,,,,,,,,,,,,,,,,,,,,,,,,,,,,0.5814829721918148,0.5963446497917175,0.5814829721918148,0.5789940357208252,0.5793407714366913,0.5797507286071777,0.5801447033882141,0.580944836139679,0.582289457321167,0.5839117527008056,0.5881100940704346,0.0018709948935469022,,0.7039980292320251,2,,,,,,,,,,,,,,,,,,,,,,,,,,,,,,,,text,0.0,,,,,,,,,,,,,,,,,,,,,,,,,,,,,,,,,,,,,0.03025247104467749,-0.029163679108023643,-0.03025247104467749,-0.03116343356668949,-0.030790737848728895,-0.03059771042317152,-0.030465494375675917,-0.030278482474386692,-0.030068943742662668,-0.029855562560260295,-0.02953677739948034,0.00028481949268519766,0.16181690154313885,0.16181690154313885,0.0037474092843342334,-7.067478145472705e-05,-0.0037474092843342334,-0.004818771965801716,-0.004191694539040327,-0.00407886067405343,-0.00404979067388922,-0.003979372326284647,-0.003726753930095583,-0.003102729399688542,-0.001193357022712005,0.0005808313208788194,,,,,,,,,,,,,3.5006218916785842e-06,0,,,,,,,,,,,,,,,,,,,,,,,,,,,,,,,,,,,,,,,,,,filter,,,,,,,43,,,,,,,,,,,,,,,,,,,,,,,,,,,U
,,,,,,,,,,,,,,,,,,,,,,,,,,,,,,,,,,,,,,,,,,,,,,,,,,,,,,,,,,,,,,,,,,,,,,,,,,,,,,,,,,,Movies,0.048655129531612926,-0.03750358149409294,-0.048655129531612926,-0.05139429122209549,-0.051304686591029165,-0.050725216418504714,-0.05020495690405369,-0.04927554912865162,-0.047598385252058506,-0.04559762440621853,-0.0420159050822258,0.002104301788172096,-0.04368576407432556,,,,,,,,,,,,,,,,,,,,,,,,,,,,,,,,,,,,,,,,,,,,,,,,,,,,,,,,0.16674689897166248,-0.14906875789165497,-0.16674689897166248,-0.17040623724460602,-0.1700090754032135,-0.16932265609502792,-0.1687164381146431,-0.16750038415193558,-0.16545360162854195,-0.1631656065583229,-0.15765592440962792,0.00266178745582974,,-0.034296128898859024,3,,,,,,,,,,,,,,,,,,,,,,,,,,,,,,,,text,1.0,,,,,,,,,,,,,,,,,,,,,,,,,,,,,,,,,,,,,0.03157720724572097,-0.030737878754734993,-0.03157720724572097,-0.03226620703935623,-0.03199334368109703,-0.031846702098846436,-0.03174425568431616,-0.0315998699516058,-0.03143353294581175,-0.03126740641891956,-0.031016332004219292,0.0002224347511415544,0.3040998670284979,0.3040998670284979,0.008532672885333178,-0.00016092312580440193,-0.008532672885333178,-0.010972115211188793,-0.00954428879544139,-0.009287371765822172,-0.009221181273460388,-0.009060841985046864,-0.00848564156331122,-0.007064767135307193,-0.0027172171580605157,0.0013225253198640625,,,,,,,,,,,,,7.085112460012559e-06,0,,,,,,,,,,,,,,,,,,,,,,,,,,,,,,,,,,,,,,,,,,filter,,,,,,,43,,,,,,,,,,,,,,,,,,,,,,,,,,,U
,,,,,,,,,,,,,,,,,,,,,,,,,,,,,,,,,,,,,,,,,,,,,,,,,,,,,,,,,,,,,,,,,,,,,,,,,,,,,,,,,,,Movies,0.006616054886010483,0.016556845977902412,0.005626089712408806,-0.013172538951039314,-0.008224209025502204,-0.0014113537268713116,0.0029824153752997518,0.006416978780180216,0.009116219123825431,0.0111647330224514,0.014074839800596243,0.004915473236451274,0.0016200183890759945,,,,,,,,,,,,,,,,,,,,,,,,,,,,,,,,,,,,,,,,,,,,,,,,,,,,,,,,0.25272414730164633,0.2702028453350067,0.25272414730164633,0.23201000690460205,0.23919970989227296,0.24581658244132995,0.24976154044270515,0.2532781809568405,0.256185881793499,0.2586740791797638,0.26310828715562823,0.005055455148711884,,0.1710495799779892,0,,,,,,,,,,,,,,,,,,,,,,,,,,,,,,,,visual,0.0,,,,,,,,,,,,,,,,,,,,,,,,,,,,,,,,,,,,,0.06774395556616349,0.07044992595911026,0.06774395556616349,0.06475174427032471,0.06577139794826507,0.06656643897294998,0.06712040677666664,0.0677487924695015,0.06833156570792198,0.06891664266586303,0.06981071308255196,0.0008957925017931576,0.2883200212668042,0.2883200212668042,0.006684497465376092,0.019893920049071312,0.006684497465376092,8.330255695909727e-06,0.0006037867395207285,0.0034706043545156724,0.005035061156377196,0.006643563508987427,0.008203827310353518,0.009738629963248969,0.014281678469851653,0.0026414059279904006,,,,,,,,,,,,,2.5557626760637503e-05,0,,,,,,,,,,,,,,,,,,,,,,,,,,,,,,,,,,,,,,,,,,filter,,,,,,,43,,,,,,,,,,,,,,,,,,,,,,,,,,,U
,,,,,,,,,,,,,,,,,,,,,,,,,,,,,,,,,,,,,,,,,,,,,,,,,,,,,,,,,,,,,,,,,,,,,,,,,,,,,,,,,,,Movies,0.003974800900270946,0.019373638555407524,0.0006141122907310146,-0.014977704733610153,-0.009889161316677927,-0.005586220510303974,-0.0029202652513049543,0.0004944790853187442,0.003940567607060075,0.00708686476573348,0.012084527481347326,0.004896558198011788,0.013176200911402702,,,,,,,,,,,,,,,,,,,,,,,,,,,,,,,,,,,,,,,,,,,,,,,,,,,,,,,,0.11138476535138064,0.12953859567642212,0.11138476535138064,0.09653044492006302,0.10103863596916199,0.10525443255901337,0.1078929454088211,0.11124923080205917,0.11472826637327671,0.11774439811706543,0.12259558483958248,0.004829423676805231,,0.12137380242347717,1,,,,,,,,,,,,,,,,,,,,,,,,,,,,,,,,visual,0.0,,,,,,,,,,,,,,,,,,,,,,,,,,,,,,,,,,,,,0.02234762594125711,-0.021273378282785416,-0.02234762594125711,-0.02332516945898533,-0.023093906659632922,-0.02277015745639801,-0.022559283766895533,-0.022348877973854542,-0.022122657857835293,-0.021923750080168246,-0.021638096328824758,0.0003227114680243562,0.008047308232480647,0.008047308232480647,0.0014317262023330502,-1.7842246506916126e-06,-0.0014317262023330502,-0.004261000547558069,-0.0030589366052299737,-0.0020858786767348645,-0.0017571455100551248,-0.0014229586813598871,-0.001078439992852509,-0.0007433550723362718,-0.00012932270881719875,0.0005657523398692473,,,,,,,,,,,,,2.3323333050086957e-05,0,,,,,,,,,,,,,,,,,,,,,,,,,,,,,,,,,,,,,,,,,,filter,,,,,,,43,,,,,,,,,,,,,,,,,,,,,,,,,,,U
,,,,,,,,,,,,,,,,,,,,,,,,,,,,,,,,,,,,,,,,,,,,,,,,,,,,,,,,,,,,,,,,,,,,,,,,,,,,,,,,,,,Movies,0.0031565560763010233,-0.0015240130014717579,-0.0031565560763010233,-0.004719762597233057,-0.004258599528111517,-0.0037967039039358496,-0.0034927913802675903,-0.0031459148740395904,-0.002804326359182596,-0.0025373115204274654,-0.0021383217186667024,0.00048112355410915767,0.004933557007461786,,,,,,,,,,,,,,,,,,,,,,,,,,,,,,,,,,,,,,,,,,,,,,,,,,,,,,,,0.6808247125695054,0.6843771934509277,0.6808247125695054,0.6759851574897766,0.6780448192358017,0.6795252978801727,0.6801405996084213,0.6808005273342133,0.6815121322870255,0.6822088181972503,0.6834559816122056,0.001081756036575626,,0.7039980292320251,2,,,,,,,,,,,,,,,,,,,,,,,,,,,,,,,,visual,0.0,,,,,,,,,,,,,,,,,,,,,,,,,,,,,,,,,,,,,0.02253428959940612,-0.021521205082535744,-0.02253428959940612,-0.023451702669262886,-0.0232349013723433,-0.02293166872113943,-0.022733308374881744,-0.022535846568644047,-0.022323039826005697,-0.02213536612689495,-0.02186651803553104,0.0003035001604617873,0.7837373919888757,0.7837373919888757,0.0024160071859944325,-3.0108408282103483e-06,-0.0024160071859944325,-0.007190346717834473,-0.0051618896983563894,-0.0035198755795136094,-0.0029651453369297087,-0.002401212230324745,-0.0018198441830463707,-0.0012543956749141221,-0.0002182292832003439,0.0009546949105974383,,,,,,,,,,,,,1.1701961226678069e-06,0,,,,,,,,,,,,,,,,,,,,,,,,,,,,,,,,,,,,,,,,,,filter,,,,,,,43,,,,,,,,,,,,,,,,,,,,,,,,,,,U
,,,,,,,,,,,,,,,,,,,,,,,,,,,,,,,,,,,,,,,,,,,,,,,,,,,,,,,,,,,,,,,,,,,,,,,,,,,,,,,,,,,Movies,0.029495408027406047,-0.017134135589003563,-0.029495408027406047,-0.03333078697323799,-0.03323026806116104,-0.03246744759380817,-0.031713563948869705,-0.030228720977902412,-0.02780550578609109,-0.025278958305716515,-0.021988401990383856,0.0027912262154935084,-0.014260700903832912,,,,,,,,,,,,,,,,,,,,,,,,,,,,,,,,,,,,,,,,,,,,,,,,,,,,,,,,0.10375104325103096,-0.09015271067619324,-0.10375104325103096,-0.11107495427131653,-0.10868696622550487,-0.10702476352453232,-0.10602988302707672,-0.10441388189792633,-0.10197293758392334,-0.09929409176111222,-0.09539134405553341,0.0030243863927010297,,-0.034296128898859024,3,,,,,,,,,,,,,,,,,,,,,,,,,,,,,,,,visual,1.0,,,,,,,,,,,,,,,,,,,,,,,,,,,,,,,,,,,,,0.022862040038460117,-0.0219571590423584,-0.022862040038460117,-0.0236730445176363,-0.023482255972921848,-0.023214807361364366,-0.023039289750158787,-0.022863924503326416,-0.02267473330721259,-0.02250732071697712,-0.022266783881932494,0.00026958213502614384,0.14749408398831168,0.14749408398831168,0.0028367644232939436,-3.5351906717551174e-06,-0.0028367644232939436,-0.008442574180662632,-0.006060853195376694,-0.004132875707000494,-0.003481537103652954,-0.002819392830133438,-0.002136777271516621,-0.0014728537411428995,-0.0002562347869388757,0.0011209588169429643,,,,,,,,,,,,,9.146913052355146e-06,0,,,,,,,,,,,,,,,,,,,,,,,,,,,,,,,,,,,,,,,,,,filter,,,,,,,43,,,,,,,,,,,,,,,,,,,,,,,,,,,U
,,,,,,,,,,,,,,,,,,,,,,,,,,,,,,,,,,,,,,,,,,,,,,,,,,,,,,,,,,,,,,,,,,,,,,,,,,,,,,,,,,,Movies,0.05516343677305614,0.05590122565627098,0.05516343677305614,0.052796896547079086,0.05414730533957481,0.05475630685687065,0.055004728958010674,0.05520430579781532,0.05538501404225826,0.055528562143445016,0.05570243932306766,0.0003228302628080255,0.04359247535467148,,,,,,,,,,,,,,,,,,,,,,,,,,,,,,,,,,,,,,,,,,,,,,,,,,,,,,,,0.3709961165193175,0.3731427490711212,0.3709961165193175,0.368178129196167,0.3690766766667366,0.3698271930217743,0.37035267800092697,0.37108461558818817,0.37165792286396027,0.3720333158969879,0.3725688943266869,0.0008426882897099063,,0.16014018654823303,0,,,,,,,,,,,,,,,,,,,,,,,,,,,,,,,,text,0.0,,,,,,,,,,,,,,,,,,,,,,,,,,,,,,,,,,,,,0.0929887379124589,0.09496940672397614,0.0929887379124589,0.09030453860759735,0.09108953662216664,0.09186524823307991,0.09243946708738804,0.09307902678847313,0.09360252134501934,0.09396032243967056,0.09442880004644394,0.0007908386843534477,0.009203539703238596,0.009203539703238596,0.019111272689686185,0.01918262057006359,0.019111272689686185,0.01848054863512516,0.018973704427480698,0.019063849560916425,0.01909580733627081,0.01911945454776287,0.019137907307595015,0.019149084202945234,0.019165041632950307,3.9477958390112546e-05,,,,,,,,,,,,,7.101235536142071e-07,0,,,,,,,,,,,,,,,,,,,,,,,,,,,,,,,,,,,,,,,,,,filter,,,,,,,44,,,,,,,,,,,,,,,,,,,,,,,,,,,U
,,,,,,,,,,,,,,,,,,,,,,,,,,,,,,,,,,,,,,,,,,,,,,,,,,,,,,,,,,,,,,,,,,,,,,,,,,,,,,,,,,,Movies,0.04878295765923347,-0.042166031897068024,-0.04878295765923347,-0.04962453246116638,-0.04962219201028347,-0.04952574670314789,-0.04936955589801073,-0.0490650050342083,-0.04845251701772213,-0.04764039218425751,-0.04586093135178088,0.000830157462051915,-0.03396863117814064,,,,,,,,,,,,,,,,,,,,,,,,,,,,,,,,,,,,,,,,,,,,,,,,,,,,,,,,0.01845659445709819,0.025017181411385536,0.01845659445709819,0.017022360116243362,0.017281605303287505,0.017585870809853077,0.017846442759037018,0.01825092826038599,0.01882886979728937,0.019642688892781736,0.02137119434773923,0.0008674889783404698,,0.1371864229440689,1,,,,,,,,,,,,,,,,,,,,,,,,,,,,,,,,text,0.0,,,,,,,,,,,,,,,,,,,,,,,,,,,,,,,,,,,,,0.030691588264639757,-0.02973008342087269,-0.030691588264639757,-0.03144175931811333,-0.03119619984179735,-0.031030602380633356,-0.030904671177268028,-0.03072324488312006,-0.030499800574034452,-0.030302765406668188,-0.03002745855599642,0.0002754432465411883,0.0029221507520332886,0.0029221507520332886,0.00528665510103001,-0.005112180951982737,-0.00528665510103001,-0.0053063915111124516,-0.005301529057323933,-0.005297114700078964,-0.005294022965244949,-0.005288918502628803,-0.005282377009280026,-0.005273536499589682,-0.005248600151389837,1.0920588614521938e-05,,,,,,,,,,,,,7.52537127542192e-07,0,,,,,,,,,,,,,,,,,,,,,,,,,,,,,,,,,,,,,,,,,,filter,,,,,,,44,,,,,,,,,,,,,,,,,,,,,,,,,,,U
,,,,,,,,,,,,,,,,,,,,,,,,,,,,,,,,,,,,,,,,,,,,,,,,,,,,,,,,,,,,,,,,,,,,,,,,,,,,,,,,,,,Movies,0.03733934905588262,-0.02948073297739029,-0.03733934905588262,-0.03892703354358673,-0.038891415558755395,-0.03858732208609581,-0.038275896571576595,-0.03776392713189125,-0.03668069280683994,-0.0354352243244648,-0.033307221010327334,0.0012917880717837824,-0.03361539542675018,,,,,,,,,,,,,,,,,,,,,,,,,,,,,,,,,,,,,,,,,,,,,,,,,,,,,,,,0.6067467702949516,0.6141769289970398,0.6067467702949516,0.6045904755592346,0.6049165552854538,0.6053814589977264,0.6057751476764679,0.6063928008079529,0.6074479520320892,0.6086789131164551,0.6108478474617004,0.0013300885512840305,,0.7124507427215576,2,,,,,,,,,,,,,,,,,,,,,,,,,,,,,,,,text,0.0,,,,,,,,,,,,,,,,,,,,,,,,,,,,,,,,,,,,,0.03035508422058115,-0.02937540039420128,-0.03035508422058115,-0.031073426827788353,-0.03088959651067853,-0.030713488347828388,-0.030581839382648468,-0.03038799948990345,-0.030151120852679014,-0.02994070462882519,-0.029656133633106947,0.0002922535755525915,0.0014650776104773982,0.0014650776104773982,0.004394128772346553,-0.004249110352247953,-0.004394128772346553,-0.004410533234477043,-0.004406491667032242,-0.004402822488918901,-0.004400252713821828,-0.004396010190248489,-0.0043905728962272406,-0.004383224714547396,-0.004362498410046101,9.076908874884612e-06,,,,,,,,,,,,,1.7691355542568508e-06,0,,,,,,,,,,,,,,,,,,,,,,,,,,,,,,,,,,,,,,,,,,filter,,,,,,,44,,,,,,,,,,,,,,,,,,,,,,,,,,,U
,,,,,,,,,,,,,,,,,,,,,,,,,,,,,,,,,,,,,,,,,,,,,,,,,,,,,,,,,,,,,,,,,,,,,,,,,,,,,,,,,,,Movies,0.03812260950047205,-0.03122464008629322,-0.03812260950047205,-0.039790842682123184,-0.039733783900737764,-0.039396607875823976,-0.039061414077878,-0.03853396326303482,-0.03748712781816721,-0.036171679943799974,-0.03395313762128351,0.0013104211996742348,-0.03473379835486412,,,,,,,,,,,,,,,,,,,,,,,,,,,,,,,,,,,,,,,,,,,,,,,,,,,,,,,,0.13992808471950424,-0.1333550363779068,-0.13992808471950424,-0.14202558994293213,-0.1417339551448822,-0.1412828668951988,-0.1409001536667347,-0.1403006911277771,-0.1392531804740429,-0.13794269561767578,-0.1357458885014057,0.001344432322942196,,-0.02569912001490593,3,,,,,,,,,,,,,,,,,,,,,,,,,,,,,,,,text,1.0,,,,,,,,,,,,,,,,,,,,,,,,,,,,,,,,,,,,,0.031942065339535475,-0.031199069693684578,-0.031942065339535475,-0.032481126487255096,-0.032344532161951066,-0.032215652987360954,-0.03211610484868288,-0.031968552619218826,-0.03178648930042982,-0.03162213973701,-0.03140478566288948,0.00022371808652974252,0.003067258455491676,0.003067258455491676,0.009430491491851009,-0.00911925919353962,-0.009430491491851009,-0.009465698152780533,-0.009457023898139596,-0.009449149761348963,-0.009443634189665318,-0.009434528648853302,-0.009422860341146588,-0.009407090302556754,-0.009362608194351196,1.948047136570662e-05,,,,,,,,,,,,,1.8074982709717492e-06,0,,,,,,,,,,,,,,,,,,,,,,,,,,,,,,,,,,,,,,,,,,filter,,,,,,,44,,,,,,,,,,,,,,,,,,,,,,,,,,,U
,,,,,,,,,,,,,,,,,,,,,,,,,,,,,,,,,,,,,,,,,,,,,,,,,,,,,,,,,,,,,,,,,,,,,,,,,,,,,,,,,,,Movies,0.0035371300209160244,0.012807946652173996,-6.274156944523566e-05,-0.01268026977777481,-0.009785353718325496,-0.005962656671181321,-0.0031197642674669623,0.00010893295984715223,0.0030505481990985572,0.005499452631920576,0.00937194036319855,0.004349966815717313,-0.01009610015898943,,,,,,,,,,,,,,,,,,,,,,,,,,,,,,,,,,,,,,,,,,,,,,,,,,,,,,,,0.21343732624620398,0.22607766091823578,0.21343732624620398,0.20100870728492737,0.203951805382967,0.20760708749294282,0.2103579342365265,0.21359353512525558,0.21652450039982796,0.2190030410885811,0.22279702261090278,0.004304640064891315,,0.16014018654823303,0,,,,,,,,,,,,,,,,,,,,,,,,,,,,,,,,visual,0.0,,,,,,,,,,,,,,,,,,,,,,,,,,,,,,,,,,,,,0.06269874005295129,0.06300987303256989,0.06269874005295129,0.06245924159884453,0.0625250269472599,0.06259802505373954,0.06264302507042885,0.0626949667930603,0.06275077164173126,0.0628026157617569,0.06290688164532185,8.078379203325203e-05,0.002087946794429771,0.002087946794429771,0.0007572442990807281,0.0023078257218003273,0.0007572442990807281,1.2449307860151748e-06,9.078803283046e-05,0.00042630670359358194,0.0005839525838382542,0.0007510116847697645,0.0009249906725017354,0.0010712259681895373,0.0015652513410896068,0.0002778205796370462,,,,,,,,,,,,,1.8529926088267506e-05,0,,,,,,,,,,,,,,,,,,,,,,,,,,,,,,,,,,,,,,,,,,filter,,,,,,,44,,,,,,,,,,,,,,,,,,,,,,,,,,,U
,,,,,,,,,,,,,,,,,,,,,,,,,,,,,,,,,,,,,,,,,,,,,,,,,,,,,,,,,,,,,,,,,,,,,,,,,,,,,,,,,,,Movies,0.030011244269486537,0.038726821541786194,0.030011244269486537,0.011386774480342865,0.01831542333588004,0.023943728767335415,0.027183066587895155,0.030444432981312275,0.03326096571981907,0.03549554757773876,0.03817006677389145,0.004457442234943169,0.022207416594028473,,,,,,,,,,,,,,,,,,,,,,,,,,,,,,,,,,,,,,,,,,,,,,,,,,,,,,,,0.17037042937261157,0.1804145872592926,0.17037042937261157,0.15178094804286957,0.15850690081715585,0.1643174797296524,0.16752904653549194,0.1707998812198639,0.17360073700547218,0.1759018197655678,0.17859642580151558,0.0044723096285957395,,0.1371864229440689,1,,,,,,,,,,,,,,,,,,,,,,,,,,,,,,,,visual,0.0,,,,,,,,,,,,,,,,,,,,,,,,,,,,,,,,,,,,,0.020720857626695056,-0.020632756873965263,-0.020720857626695056,-0.020831922069191933,-0.020794390048831702,-0.020758024975657464,-0.02073955535888672,-0.020719594322144985,-0.020700961351394653,-0.020684832893311977,-0.020658834148198368,2.8820004420139634e-05,0.013253122928970558,0.013253122928970558,0.0016861957048378453,0.005138956941664219,0.0016861957048378453,2.7721528113033855e-06,0.0002021624814369716,0.0009492795565165579,0.0013003178464714438,0.001672317215707153,0.002059725404251367,0.0023853552527725694,0.0034854275686666382,0.000618637695015241,,,,,,,,,,,,,2.0001553414030165e-05,0,,,,,,,,,,,,,,,,,,,,,,,,,,,,,,,,,,,,,,,,,,filter,,,,,,,44,,,,,,,,,,,,,,,,,,,,,,,,,,,U
,,,,,,,,,,,,,,,,,,,,,,,,,,,,,,,,,,,,,,,,,,,,,,,,,,,,,,,,,,,,,,,,,,,,,,,,,,,,,,,,,,,Movies,0.0042595649173984,0.0068666208535432816,0.004259131861569469,-0.0007764714537188411,0.0014353869494516402,0.00276867663487792,0.003544301202055067,0.004351994954049587,0.005064691184088588,0.005638355994597077,0.006376541629433634,0.0011104648617690429,0.007748793810606003,,,,,,,,,,,,,,,,,,,,,,,,,,,,,,,,,,,,,,,,,,,,,,,,,,,,,,,,0.7042579882190118,0.7072905898094177,0.7042579882190118,0.6992727518081665,0.7013583511114121,0.7027251601219178,0.7035097479820251,0.7043286263942719,0.7050929367542267,0.7057039558887481,0.7064835447072982,0.001150299437731601,,0.7124507427215576,2,,,,,,,,,,,,,,,,,,,,,,,,,,,,,,,,visual,0.0,,,,,,,,,,,,,,,,,,,,,,,,,,,,,,,,,,,,,0.020919261362373244,-0.02083982713520527,-0.020919261362373244,-0.021023057401180267,-0.02098743073642254,-0.020953542739152908,-0.02093650633469224,-0.02091809082776308,-0.020900769624859095,-0.020885846205055715,-0.02086190616711974,2.667960706385479e-05,0.06646506691540231,0.06646506691540231,0.000718592412914532,0.002190027851611376,0.000718592412914532,1.1813859828180284e-06,8.615395527158399e-05,0.00040454679110553117,0.0005541459686355665,0.0007126779237296432,0.0008777765760896727,0.001016547658946365,0.0014853565499652183,0.0002636398331603989,,,,,,,,,,,,,1.3231887964456373e-06,0,,,,,,,,,,,,,,,,,,,,,,,,,,,,,,,,,,,,,,,,,,filter,,,,,,,44,,,,,,,,,,,,,,,,,,,,,,,,,,,U
,,,,,,,,,,,,,,,,,,,,,,,,,,,,,,,,,,,,,,,,,,,,,,,,,,,,,,,,,,,,,,,,,,,,,,,,,,,,,,,,,,,Movies,0.00970894033618009,-0.0015619209734722972,-0.00970894033618009,-0.015815988183021545,-0.014785438384860754,-0.013136298209428788,-0.011809970485046506,-0.009781367145478725,-0.007733081700280309,-0.006127057038247586,-0.0038423998001962893,0.0026368471833236873,-0.009359922260046005,,,,,,,,,,,,,,,,,,,,,,,,,,,,,,,,,,,,,,,,,,,,,,,,,,,,,,,,0.06898863582189003,-0.05878758803009987,-0.06898863582189003,-0.07736779004335403,-0.07458236172795296,-0.07271522656083107,-0.07118596509099007,-0.06909884884953499,-0.06696129404008389,-0.06511060670018196,-0.06226406168192625,0.0028875126334075374,,-0.02569912001490593,3,,,,,,,,,,,,,,,,,,,,,,,,,,,,,,,,visual,1.0,,,,,,,,,,,,,,,,,,,,,,,,,,,,,,,,,,,,,0.021058621106784605,-0.02098212204873562,-0.021058621106784605,-0.021157169714570045,-0.02112428519874811,-0.02109145075082779,-0.021074997261166573,-0.021057503297924995,-0.02104097930714488,-0.021026890724897385,-0.021004106998443604,2.544284126228803e-05,0.1660101805901728,0.1660101805901728,0.0031620321394115955,-5.198469352762913e-06,-0.0031620321394115955,-0.009636810049414635,-0.00653603496029973,-0.004473128635436296,-0.003862492274492979,-0.0031360065331682563,-0.002438416238874197,-0.0017801328795030713,-0.00037910444982116795,0.001160098008355458,,,,,,,,,,,,,8.337729208088132e-06,0,,,,,,,,,,,,,,,,,,,,,,,,,,,,,,,,,,,,,,,,,,filter,,,,,,,44,,,,,,,,,,,,,,,,,,,,,,,,,,,U
,,,,,,,,,,,,,,,,,,,,,,,,,,,,,,,,,,,,,,,,,,,,,,,,,,,,,,,,,,,,,,,,,,,,,,,,,,,,,,,,,,,Toys,0.00352694272633181,0.008725802414119244,-0.00023671964116616937,-0.00847103912383318,-0.007391149438917637,-0.0057425123639404775,-0.0037316882517188787,-0.0003391374193597585,0.003201623563654721,0.005384665913879872,0.007342556966468694,0.004082701154735923,0.004421844147145748,,,,,,,,,,,,,,,,,,,,,,,,,,,,,,,,,,,,,,,,,,,,,,,,,,,,,,,,0.20403980774907104,0.21313805878162384,0.20403980774907104,0.1952749341726303,0.1968647214770317,0.19873117208480834,0.20059951394796371,0.20395143330097198,0.20736460387706757,0.20956713557243348,0.2115898123383522,0.004003957280859488,,0.1284424066543579,0,,,,,,,,,,,,,,,,,,,,,,,,,,,,,,,,text,0.0,,,,,,,,,,,,,,,,,,,,,,,,,,,,,,,,,,,,,0.06972360791691146,0.0702565386891365,0.06972360791691146,0.06923171132802963,0.06938942044973373,0.06951126456260681,0.0695960558950901,0.06971205025911331,0.06983816251158714,0.06995824873447418,0.07012633994221687,0.00017001717708881416,0.023069868553077074,0.023069868553077074,0.0016886677013698643,0.003307461505755782,0.0016886677013698643,0.0,0.00017757883673766628,0.0009339538402855397,0.0013591254828497767,0.0017551351338624954,0.002092607202939689,0.0023407467640936376,0.00267899658996612,0.0005497188357373737,,,,,,,,,,,,,1.6031673906947708e-05,0,,,,,,,,,,,,,,,,,,,,,,,,,,,,,,,,,,,,,,,,,,filter,,,,,,,42,,,,,,,,,,,,,,,,,,,,,,,,,,,U
,,,,,,,,,,,,,,,,,,,,,,,,,,,,,,,,,,,,,,,,,,,,,,,,,,,,,,,,,,,,,,,,,,,,,,,,,,,,,,,,,,,Toys,0.02109454400788144,-0.0020707512740045786,-0.02109454400788144,-0.02812955528497696,-0.02747250322252512,-0.025300252437591552,-0.023651089519262314,-0.021491816267371178,-0.01903666090220213,-0.016429144144058227,-0.010956807062029839,0.0035634728460739395,-0.013068236410617828,,,,,,,,,,,,,,,,,,,,,,,,,,,,,,,,,,,,,,,,,,,,,,,,,,,,,,,,0.06117700507374281,0.0801435336470604,0.06117700507374281,0.05296130105853081,0.05466447822749615,0.05672208741307259,0.0584711879491806,0.06077316403388977,0.06345494464039803,0.06616148352622986,0.07113004013895993,0.003667088877571449,,0.12263652682304382,1,,,,,,,,,,,,,,,,,,,,,,,,,,,,,,,,text,0.0,,,,,,,,,,,,,,,,,,,,,,,,,,,,,,,,,,,,,0.023274351445376137,-0.023112405091524124,-0.023274351445376137,-0.02344958670437336,-0.023406916968524455,-0.023351716995239257,-0.023312201723456383,-0.023270640522241592,-0.023232417181134224,-0.023204423487186432,-0.023164265118539334,5.605761256395081e-05,0.09929559719589778,0.09929559719589778,0.004022389898576469,-0.0,-0.004022389898576469,-0.007878340780735016,-0.006381343435496092,-0.005575635749846697,-0.004984569735825062,-0.00418071448802948,-0.0032374236034229398,-0.002224668860435485,-0.0004229910450521828,0.0013094248738700894,,,,,,,,,,,,,1.3447540836008228e-05,0,,,,,,,,,,,,,,,,,,,,,,,,,,,,,,,,,,,,,,,,,,filter,,,,,,,42,,,,,,,,,,,,,,,,,,,,,,,,,,,U
,,,,,,,,,,,,,,,,,,,,,,,,,,,,,,,,,,,,,,,,,,,,,,,,,,,,,,,,,,,,,,,,,,,,,,,,,,,,,,,,,,,Toys,0.0023278626206849717,0.00026617792900651693,-0.0023278080846266145,-0.006325845140963793,-0.004345322456210852,-0.003374206367880106,-0.0028420417802408338,-0.0022797961719334126,-0.0017676128190942109,-0.0013486817013472316,-0.0006145799427758878,0.0007960298533218444,0.007894257083535194,,,,,,,,,,,,,,,,,,,,,,,,,,,,,,,,,,,,,,,,,,,,,,,,,,,,,,,,0.7267531206020844,0.7301551699638367,0.7267531206020844,0.7224589586257935,0.7246119344234466,0.7256776928901673,0.7262455523014069,0.7268312573432922,0.7273324131965637,0.7277262091636658,0.7283206689357757,0.0008051952109998984,,0.7452439665794373,2,,,,,,,,,,,,,,,,,,,,,,,,,,,,,,,,text,0.0,,,,,,,,,,,,,,,,,,,,,,,,,,,,,,,,,,,,,0.02318425528546712,-0.023017138242721558,-0.02318425528546712,-0.02336532436311245,-0.0233210277184844,-0.023263821378350258,-0.02322319708764553,-0.02318033203482628,-0.023140881210565567,-0.02311212830245495,-0.02307062692940235,5.778279144330431e-05,0.10674435401988878,0.10674435401988878,0.0008730597995655786,-0.0,-0.0008730597995655786,-0.001709994045086205,-0.0013850706722587348,-0.0012101917993277312,-0.0010819009621627629,-0.0009074241970665753,-0.0007026828534435481,-0.00048286442761309424,-9.181021276162875e-05,0.000284210692341359,,,,,,,,,,,,,6.48339327817171e-07,0,,,,,,,,,,,,,,,,,,,,,,,,,,,,,,,,,,,,,,,,,,filter,,,,,,,42,,,,,,,,,,,,,,,,,,,,,,,,,,,U
,,,,,,,,,,,,,,,,,,,,,,,,,,,,,,,,,,,,,,,,,,,,,,,,,,,,,,,,,,,,,,,,,,,,,,,,,,,,,,,,,,,Toys,0.007759757218369415,0.01494571939110756,0.0077597499653376594,-7.505074609071016e-05,0.0030875832028687002,0.0048833171837031845,0.006163581972941756,0.007697000168263912,0.009317859075963497,0.010743975639343262,0.012683865129947668,0.0022181577433016187,0.009441464208066463,,,,,,,,,,,,,,,,,,,,,,,,,,,,,,,,,,,,,,,,,,,,,,,,,,,,,,,,0.020546897917609698,0.028685081750154495,0.020546897917609698,0.011968965642154217,0.014790931362658738,0.01732252389192581,0.01881491020321846,0.020546169951558113,0.02233975939452648,0.023828694969415667,0.025926337093114853,0.0024933493157509594,,0.023403901606798172,3,,,,,,,,,,,,,,,,,,,,,,,,,,,,,,,,text,0.0,,,,,,,,,,,,,,,,,,,,,,,,,,,,,,,,,,,,,0.02326500127526276,-0.023102156817913055,-0.02326500127526276,-0.023441623896360397,-0.02339811433106661,-0.023342442512512208,-0.02330284658819437,-0.02326117642223835,-0.023222949355840683,-0.023194942623376846,-0.02315454725176096,5.618797157323432e-05,0.2000958737263745,0.2000958737263745,0.003206782487840699,0.006280874367803335,0.003206782487840699,0.0,0.0003372224874328822,0.0017735797679051758,0.002580981352366507,0.00333300419151783,0.003973864018917084,0.004445081576704979,0.005087418435141447,0.0010439168902839524,,,,,,,,,,,,,6.216790810355778e-06,0,,,,,,,,,,,,,,,,,,,,,,,,,,,,,,,,,,,,,,,,,,filter,,,,,,,42,,,,,,,,,,,,,,,,,,,,,,,,,,,U
,,,,,,,,,,,,,,,,,,,,,,,,,,,,,,,,,,,,,,,,,,,,,,,,,,,,,,,,,,,,,,,,,,,,,,,,,,,,,,,,,,,Toys,0.03342784681425172,-0.028298156335949898,-0.03342784681425172,-0.03415515273809433,-0.03403184160590172,-0.033869868516921996,-0.03373757377266884,-0.033537205308675766,-0.03327108919620514,-0.03292631357908249,-0.031295956745743744,0.0005086805960722444,-0.024724027141928673,,,,,,,,,,,,,,,,,,,,,,,,,,,,,,,,,,,,,,,,,,,,,,,,,,,,,,,,0.12267683073248256,0.1273699402809143,0.12267683073248256,0.1210465356707573,0.12185460940003395,0.12215362042188645,0.12236014381051064,0.12261117249727249,0.12290128320455551,0.12322907596826553,0.12446046352386475,0.0005001799913026658,,0.1284424066543579,0,,,,,,,,,,,,,,,,,,,,,,,,,,,,,,,,visual,0.0,,,,,,,,,,,,,,,,,,,,,,,,,,,,,,,,,,,,,0.05119108582524379,0.05194004625082016,0.05119108582524379,0.05037831887602806,0.050667751654982565,0.05087818875908852,0.051025671884417534,0.051194917410612106,0.051356228068470955,0.051502779871225354,0.05172306947410107,0.000237497369713725,0.06076924917328249,0.06076924917328249,0.0011952140828725972,0.0022056084126234055,0.0011952140828725972,0.0,0.0009160702116787434,0.0010555167682468891,0.001128407078795135,0.0011946487938985229,0.0012538307928480208,0.0013225009897723794,0.001583539715502414,0.000122848517436546,,,,,,,,,,,,,2.501800236995349e-07,0,,,,,,,,,,,,,,,,,,,,,,,,,,,,,,,,,,,,,,,,,,filter,,,,,,,42,,,,,,,,,,,,,,,,,,,,,,,,,,,U
,,,,,,,,,,,,,,,,,,,,,,,,,,,,,,,,,,,,,,,,,,,,,,,,,,,,,,,,,,,,,,,,,,,,,,,,,,,,,,,,,,,Toys,0.010079095566119413,-0.0010592387989163399,-0.010079095566119413,-0.01838720217347145,-0.015977476760745048,-0.0134305689483881,-0.011913758236914873,-0.010083121247589588,-0.008257993496954441,-0.006708382256329058,-0.0041510521806776375,0.002603370809486906,-0.006371434777975082,,,,,,,,,,,,,,,,,,,,,,,,,,,,,,,,,,,,,,,,,,,,,,,,,,,,,,,,0.08610599759905832,0.09535853564739227,0.08610599759905832,0.07752121984958649,0.08013567551970482,0.08271205574274063,0.08424605801701546,0.08608631044626236,0.08794824779033661,0.08956326842308045,0.09208972990512848,0.0026409334077117956,,0.12263652682304382,1,,,,,,,,,,,,,,,,,,,,,,,,,,,,,,,,visual,0.0,,,,,,,,,,,,,,,,,,,,,,,,,,,,,,,,,,,,,0.017095180014591628,-0.0168314129114151,-0.017095180014591628,-0.01734164170920849,-0.01727011304348707,-0.017197280749678613,-0.01714881882071495,-0.017096374183893204,-0.017041255719959736,-0.01699284352362156,-0.016923772692680358,7.760389682612422e-05,0.015139384527029695,0.015139384527029695,0.0029848151295741748,-0.0,-0.0029848151295741748,-0.005508079193532467,-0.003954582903534174,-0.003302689641714096,-0.003131199046038091,-0.002983403392136097,-0.00281797768548131,-0.0026359481271356344,-0.002287707398645579,0.0003067903233166179,,,,,,,,,,,,,6.974529263968238e-06,0,,,,,,,,,,,,,,,,,,,,,,,,,,,,,,,,,,,,,,,,,,filter,,,,,,,42,,,,,,,,,,,,,,,,,,,,,,,,,,,U
,,,,,,,,,,,,,,,,,,,,,,,,,,,,,,,,,,,,,,,,,,,,,,,,,,,,,,,,,,,,,,,,,,,,,,,,,,,,,,,,,,,Toys,0.035189062385660316,0.03647538647055626,0.035189062385660316,0.02976015768945217,0.03196483746170998,0.03358847051858902,0.034645192325115204,0.03551308810710907,0.03599502518773079,0.03625737205147743,0.03645685747265816,0.0010682010678743862,0.025583909824490547,,,,,,,,,,,,,,,,,,,,,,,,,,,,,,,,,,,,,,,,,,,,,,,,,,,,,,,,0.7884508556431403,0.7899495363235474,0.7884508556431403,0.7830449938774109,0.7852372801303864,0.7868523001670837,0.7879055440425873,0.7887735366821289,0.7892545461654663,0.7895147919654846,0.7897504115104675,0.001066448922412271,,0.7452439665794373,2,,,,,,,,,,,,,,,,,,,,,,,,,,,,,,,,visual,0.0,,,,,,,,,,,,,,,,,,,,,,,,,,,,,,,,,,,,,0.01709455542912602,-0.01682683825492859,-0.01709455542912602,-0.01733991503715515,-0.01726917576044798,-0.017196798324584962,-0.017148698680102825,-0.017095906659960747,-0.017040297389030457,-0.01699180155992508,-0.016923380754888057,7.787307347652843e-05,-0.003821541114685998,-0.003821541114685998,0.00047154078481784824,-0.0,-0.00047154078481784824,-0.0008701657643541694,-0.0006247445964254439,-0.000521758571267128,-0.0004946665139868855,-0.00047131776227615774,-0.0004451838176464662,-0.00041642680298537016,-0.00036141178396064777,4.846670319983759e-05,,,,,,,,,,,,,1.137313304114294e-06,0,,,,,,,,,,,,,,,,,,,,,,,,,,,,,,,,,,,,,,,,,,filter,,,,,,,42,,,,,,,,,,,,,,,,,,,,,,,,,,,U
,,,,,,,,,,,,,,,,,,,,,,,,,,,,,,,,,,,,,,,,,,,,,,,,,,,,,,,,,,,,,,,,,,,,,,,,,,,,,,,,,,,Toys,0.034595712974818754,0.0356963649392128,0.034595712974818754,0.028780870139598846,0.0310866254940629,0.032978993654251096,0.03414163179695606,0.034988366067409515,0.035382743924856186,0.035573577880859374,0.03569152064621448,0.0010826086941167286,0.025876743718981743,,,,,,,,,,,,,,,,,,,,,,,,,,,,,,,,,,,,,,,,,,,,,,,,,,,,,,,,0.06913614807158572,0.07193564623594284,0.06913614807158572,0.06343986839056015,0.0654597544670105,0.0674263820052147,0.06863532960414886,0.06951864063739777,0.06996943801641464,0.07020772248506546,0.0705115695297718,0.0011537669504797295,,0.023403901606798172,3,,,,,,,,,,,,,,,,,,,,,,,,,,,,,,,,visual,0.0,,,,,,,,,,,,,,,,,,,,,,,,,,,,,,,,,,,,,0.01700135045785004,-0.016720065847039223,-0.01700135045785004,-0.01725848577916622,-0.01718618653714657,-0.017108890786767007,-0.017058461904525757,-0.01700264774262905,-0.016944010742008686,-0.01689295284450054,-0.01682071529328823,8.218212753149973e-05,0.0673793515685749,0.0673793515685749,0.002261142036911324,0.004172636661678553,0.002261142036911324,0.0,0.0017330491985194385,0.0019968582782894373,0.002134754555299878,0.002260072622448206,0.0023720349417999387,0.0025019473396241665,0.0029957881337031775,0.0002324085284539991,,,,,,,,,,,,,1.3311781760192947e-06,0,,,,,,,,,,,,,,,,,,,,,,,,,,,,,,,,,,,,,,,,,,filter,,,,,,,42,,,,,,,,,,,,,,,,,,,,,,,,,,,U
,,,,,,,,,,,,,,,,,,,,,,,,,,,,,,,,,,,,,,,,,,,,,,,,,,,,,,,,,,,,,,,,,,,,,,,,,,,,,,,,,,,Toys,0.002479316712047611,0.007376530673354864,-0.00022848598005965534,-0.007203776389360428,-0.005929600931704044,-0.004201694205403328,-0.002543227281421423,-0.00026103551499545574,0.0020275700371712446,0.0037550090346485376,0.005877657346427443,0.002948081465153452,-0.00119901227299124,,,,,,,,,,,,,,,,,,,,,,,,,,,,,,,,,,,,,,,,,,,,,,,,,,,,,,,,0.18987339657627175,0.19712525606155396,0.18987339657627175,0.18321089446544647,0.18448318779468537,0.18611222207546235,0.18763229250907898,0.1898120790719986,0.19202685356140137,0.19370298981666564,0.1957528179883957,0.0028146486703999377,,0.12464763224124908,0,,,,,,,,,,,,,,,,,,,,,,,,,,,,,,,,text,0.0,,,,,,,,,,,,,,,,,,,,,,,,,,,,,,,,,,,,,0.06635018210821204,0.06692852079868317,0.06635018210821204,0.06570038944482803,0.06589514836668968,0.06607843041419983,0.06621135026216507,0.06635035574436188,0.06648552417755127,0.06662515252828598,0.0668063634634018,0.00020499793188887805,-0.0016857860237833042,-0.0016857860237833042,0.0003030827705466327,0.0007289917557500303,0.0003030827705466327,0.0,0.00024105605552904308,0.00024476298713125286,0.0002519361150916666,0.00028625596314668655,0.0003318659873912111,0.00038927360437810435,0.0005167335458099849,6.32605075957404e-05,,,,,,,,,,,,,7.922247137784136e-06,0,,,,,,,,,,,,,,,,,,,,,,,,,,,,,,,,,,,,,,,,,,filter,,,,,,,43,,,,,,,,,,,,,,,,,,,,,,,,,,,U
,,,,,,,,,,,,,,,,,,,,,,,,,,,,,,,,,,,,,,,,,,,,,,,,,,,,,,,,,,,,,,,,,,,,,,,,,,,,,,,,,,,Toys,0.0018829165243783685,0.003956657834351063,-0.0016781938622249786,-0.008014556020498276,-0.005313922250643373,-0.00363113721832633,-0.002725249622017145,-0.0016744817839935422,-0.0006209459097590297,0.0002869641757570216,0.001736799136269841,0.001532163878685764,-0.0007245565066114068,,,,,,,,,,,,,,,,,,,,,,,,,,,,,,,,,,,,,,,,,,,,,,,,,,,,,,,,0.09722245080973912,0.10312706977128983,0.09722245080973912,0.09080252051353455,0.09367611020803451,0.09529119282960892,0.09617255628108978,0.09719409048557281,0.09827148541808128,0.09919733256101608,0.100692697763443,0.0015254892773087182,,0.12335062772035599,1,,,,,,,,,,,,,,,,,,,,,,,,,,,,,,,,text,0.0,,,,,,,,,,,,,,,,,,,,,,,,,,,,,,,,,,,,,0.022174173669034975,-0.02196267433464527,-0.022174173669034975,-0.02236294560134411,-0.02232320349663496,-0.022263889387249946,-0.022218373604118824,-0.02217412367463112,-0.02212887816131115,-0.022085535153746606,-0.022025792226195336,6.688827232189713e-05,0.03562671166916942,0.03562671166916942,0.0015512553535707387,-0.0,-0.0015512553535707387,-0.003731166711077094,-0.0026447749137878417,-0.0019924022257328034,-0.0016985751572065055,-0.0014651315286755562,-0.0012894736137241125,-0.0012527597369626164,-0.0012337866937741637,0.0003237835033824753,,,,,,,,,,,,,2.327117535183875e-06,0,,,,,,,,,,,,,,,,,,,,,,,,,,,,,,,,,,,,,,,,,,filter,,,,,,,43,,,,,,,,,,,,,,,,,,,,,,,,,,,U
,,,,,,,,,,,,,,,,,,,,,,,,,,,,,,,,,,,,,,,,,,,,,,,,,,,,,,,,,,,,,,,,,,,,,,,,,,,,,,,,,,,Toys,0.0014055711248684019,0.004388460423797369,0.0013430894648301405,-0.002435284899547696,-0.0008695478527806699,0.00019942475482821466,0.0007514064200222492,0.0013413646956905723,0.0019689139444381,0.0025108979083597674,0.003308146568015218,0.0009007381380589108,0.004777169786393642,,,,,,,,,,,,,,,,,,,,,,,,,,,,,,,,,,,,,,,,,,,,,,,,,,,,,,,,0.7329019535909848,0.7360486388206482,0.7329019535909848,0.7292206883430481,0.7307758045196533,0.7317976236343384,0.7323191165924072,0.7329012751579285,0.733511745929718,0.7340420246124267,0.7348158943653107,0.0008754188646454961,,0.749291718006134,2,,,,,,,,,,,,,,,,,,,,,,,,,,,,,,,,text,0.0,,,,,,,,,,,,,,,,,,,,,,,,,,,,,,,,,,,,,0.022110957938275007,-0.02189408615231514,-0.022110957938275007,-0.02230401709675789,-0.02226325336843729,-0.02220275141298771,-0.022156191058456898,-0.0221109576523304,-0.022064567543566227,-0.022020208463072777,-0.02195890799164772,6.847535405689236e-05,0.00614649342142593,0.00614649342142593,0.0003990885123555256,-0.0,-0.0003990885123555256,-0.0009599101613275707,-0.0006804161809850484,-0.0005125815281644463,-0.0004369892121758312,-0.00037693159538321197,-0.00033174043346662074,-0.00032229511998593807,-0.000317413971060887,8.329916565893693e-05,,,,,,,,,,,,,7.663581885772096e-07,0,,,,,,,,,,,,,,,,,,,,,,,,,,,,,,,,,,,,,,,,,,filter,,,,,,,43,,,,,,,,,,,,,,,,,,,,,,,,,,,U
,,,,,,,,,,,,,,,,,,,,,,,,,,,,,,,,,,,,,,,,,,,,,,,,,,,,,,,,,,,,,,,,,,,,,,,,,,,,,,,,,,,Toys,0.0010120270472560656,0.005591464228928089,0.0007489058865308101,-0.003972288686782122,-0.0015948568447493017,-0.0004987266846001148,-1.2417498510330915e-05,0.0005984818562865257,0.0014081179397180676,0.0022900598123669624,0.0036725582135841268,0.0011116172123630927,0.005307495128363371,,,,,,,,,,,,,,,,,,,,,,,,,,,,,,,,,,,,,,,,,,,,,,,,,,,,,,,,0.011996460358982833,0.016827570274472237,0.011996460358982833,0.006970611400902271,0.00945326054468751,0.01066937018185854,0.011223163921386003,0.011898426339030266,0.012709207367151976,0.013514292798936369,0.014829869028180842,0.0011298288061866101,,0.026357848197221756,3,,,,,,,,,,,,,,,,,,,,,,,,,,,,,,,,text,0.0,,,,,,,,,,,,,,,,,,,,,,,,,,,,,,,,,,,,,0.022065050413957624,-0.021843621507287025,-0.022065050413957624,-0.02226155437529087,-0.02221989918500185,-0.022158439829945566,-0.02211100608110428,-0.02206505835056305,-0.022017952986061573,-0.021972807124257088,-0.021910227574408053,6.96368710612872e-05,0.09485467218119384,0.09485467218119384,0.001647261095376819,0.0039620851166546345,0.001647261095376819,0.0,0.0013101446675136685,0.0013302918989211321,0.001369277946650982,0.0015558070736005902,0.0018036984256468713,0.0021157101262360817,0.0028084574360400477,0.0003438221610330161,,,,,,,,,,,,,1.2765131312890609e-06,0,,,,,,,,,,,,,,,,,,,,,,,,,,,,,,,,,,,,,,,,,,filter,,,,,,,43,,,,,,,,,,,,,,,,,,,,,,,,,,,U
,,,,,,,,,,,,,,,,,,,,,,,,,,,,,,,,,,,,,,,,,,,,,,,,,,,,,,,,,,,,,,,,,,,,,,,,,,,,,,,,,,,Toys,0.036901236541873446,-0.03336263820528984,-0.036901236541873446,-0.03778713941574097,-0.03762318193912506,-0.037426038086414336,-0.03726511634886265,-0.03701631352305412,-0.036656010895967484,-0.03621644228696823,-0.03524543099105358,0.0005087560329143103,-0.02830258570611477,,,,,,,,,,,,,,,,,,,,,,,,,,,,,,,,,,,,,,,,,,,,,,,,,,,,,,,,0.10958532419224008,0.11299996078014374,0.10958532419224008,0.10793890058994293,0.10878750264644622,0.10909586548805236,0.10929113626480103,0.1095290333032608,0.10982045903801918,0.11014515161514282,0.11087785124778747,0.0004315517801946106,,0.12464763224124908,0,,,,,,,,,,,,,,,,,,,,,,,,,,,,,,,,visual,0.0,,,,,,,,,,,,,,,,,,,,,,,,,,,,,,,,,,,,,0.04883182514139378,0.04963820055127144,0.04883182514139378,0.04796629399061203,0.04819526329636574,0.04841973036527634,0.04860872030258179,0.0488404780626297,0.04905806854367256,0.049226079136133194,0.049439203292131424,0.0003006346298696495,0.1536502995478885,0.1536502995478885,0.0013096909451731113,0.002603759290650487,0.0013096909451731113,0.0,0.0011336269951425493,0.0011625483399257063,0.001188326335977763,0.0012614011066034436,0.001374737243168056,0.0015228264033794404,0.0019392743590287867,0.00017112344420641023,,,,,,,,,,,,,1.8623693898913748e-07,0,,,,,,,,,,,,,,,,,,,,,,,,,,,,,,,,,,,,,,,,,,filter,,,,,,,43,,,,,,,,,,,,,,,,,,,,,,,,,,,U
,,,,,,,,,,,,,,,,,,,,,,,,,,,,,,,,,,,,,,,,,,,,,,,,,,,,,,,,,,,,,,,,,,,,,,,,,,,,,,,,,,,Toys,0.013877651482657603,-0.0033660312183201313,-0.013877651482657603,-0.02225247398018837,-0.02040272079408169,-0.017543572187423705,-0.01591513864696026,-0.013967657461762428,-0.0119101800955832,-0.01000303756445646,-0.007088736379519103,0.0029158797928639443,-0.0058264113031327724,,,,,,,,,,,,,,,,,,,,,,,,,,,,,,,,,,,,,,,,,,,,,,,,,,,,,,,,0.08459813387699534,0.09499066323041916,0.08459813387699534,0.0751601830124855,0.07796631440520287,0.08084510862827302,0.08254675194621086,0.0845256969332695,0.08658250421285629,0.08852367252111434,0.09150917202234268,0.0029629141707254595,,0.12335062772035599,1,,,,,,,,,,,,,,,,,,,,,,,,,,,,,,,,visual,0.0,,,,,,,,,,,,,,,,,,,,,,,,,,,,,,,,,,,,,0.01630750853540414,-0.016026530414819717,-0.01630750853540414,-0.016573363915085793,-0.01650633927434683,-0.016437019407749175,-0.016381514258682728,-0.016310499981045723,-0.016234491020441055,-0.016173013672232627,-0.016099596843123436,9.820746347613268e-05,0.018607142379120225,0.018607142379120225,0.0027409201745311976,-0.0,-0.0027409201745311976,-0.005449145566672087,-0.0040585117973387244,-0.0031869699712842705,-0.0028770490316674113,-0.002639859216287732,-0.00248692836612463,-0.00243298034183681,-0.0023724537203088404,0.0003581270080520675,,,,,,,,,,,,,8.778860383085738e-06,0,,,,,,,,,,,,,,,,,,,,,,,,,,,,,,,,,,,,,,,,,,filter,,,,,,,43,,,,,,,,,,,,,,,,,,,,,,,,,,,U
,,,,,,,,,,,,,,,,,,,,,,,,,,,,,,,,,,,,,,,,,,,,,,,,,,,,,,,,,,,,,,,,,,,,,,,,,,,,,,,,,,,Toys,0.03410566483772112,0.035480376332998276,0.03410566483772112,0.02729669213294983,0.03034989971667528,0.03251144289970398,0.03353033401072025,0.03441965952515602,0.03497007116675377,0.03524344712495804,0.035460427924990656,0.001143034759784384,0.028581537306308746,,,,,,,,,,,,,,,,,,,,,,,,,,,,,,,,,,,,,,,,,,,,,,,,,,,,,,,,0.794801952727148,0.7966766357421875,0.794801952727148,0.7881633043289185,0.7911381471157074,0.7932201266288758,0.7942411005496979,0.7951173186302185,0.7956470847129822,0.7959138512611389,0.7961891996860504,0.001125445269358229,,0.749291718006134,2,,,,,,,,,,,,,,,,,,,,,,,,,,,,,,,,visual,0.0,,,,,,,,,,,,,,,,,,,,,,,,,,,,,,,,,,,,,0.016311375659807895,-0.01602662354707718,-0.016311375659807895,-0.016575627028942108,-0.01651039529591799,-0.016439931467175484,-0.016385316848754883,-0.016314420849084854,-0.01623858604580164,-0.0161765456199646,-0.016102902963757514,9.833103295676265e-05,0.00637218224641578,0.00637218224641578,0.0008656136809335672,-0.0,-0.0008656136809335672,-0.001720902044326067,-0.0012817240552976728,-0.001006481214426458,-0.0009086047066375613,-0.0008336975006386638,-0.000785400188760832,-0.0007683627540245652,-0.0007492478133644909,0.00011310057105367098,,,,,,,,,,,,,1.2666270543208164e-06,0,,,,,,,,,,,,,,,,,,,,,,,,,,,,,,,,,,,,,,,,,,filter,,,,,,,43,,,,,,,,,,,,,,,,,,,,,,,,,,,U
,,,,,,,,,,,,,,,,,,,,,,,,,,,,,,,,,,,,,,,,,,,,,,,,,,,,,,,,,,,,,,,,,,,,,,,,,,,,,,,,,,,Toys,0.03025487557406384,0.031702008098363876,0.03025487557406384,0.024240314960479736,0.02647450853139162,0.02851655036211014,0.029642286710441113,0.030612222850322723,0.031151490285992622,0.03144544139504433,0.03168327108025551,0.0012013620455724446,0.028579484671354294,,,,,,,,,,,,,,,,,,,,,,,,,,,,,,,,,,,,,,,,,,,,,,,,,,,,,,,,0.07127611056549822,0.07401550561189651,0.07127611056549822,0.06497644633054733,0.06737379968166352,0.06948771923780442,0.07063211873173714,0.07161003351211548,0.07217904180288315,0.07255560308694839,0.07301197826862335,0.0012481868306798815,,0.026357848197221756,3,,,,,,,,,,,,,,,,,,,,,,,,,,,,,,,,visual,0.0,,,,,,,,,,,,,,,,,,,,,,,,,,,,,,,,,,,,,0.016212940866617686,-0.015913138166069984,-0.016212940866617686,-0.016489215195178986,-0.01642400410026312,-0.01634838618338108,-0.01629156991839409,-0.016216181218624115,-0.016135912388563156,-0.01607002168893814,-0.015991982519626618,0.00010423058413945581,0.057786883544993936,0.057786883544993936,0.0022968430252753398,0.00456628855317831,0.0022968430252753398,0.0,0.001988074593245983,0.0020387948025017977,0.0020840023644268513,0.0022121556103229523,0.0024109164951369166,0.0026706248521804815,0.0034009618218988186,0.0003001041495958795,,,,,,,,,,,,,1.557970364282687e-06,0,,,,,,,,,,,,,,,,,,,,,,,,,,,,,,,,,,,,,,,,,,filter,,,,,,,43,,,,,,,,,,,,,,,,,,,,,,,,,,,U
,,,,,,,,,,,,,,,,,,,,,,,,,,,,,,,,,,,,,,,,,,,,,,,,,,,,,,,,,,,,,,,,,,,,,,,,,,,,,,,,,,,Toys,0.006952063046703672,0.016331026330590248,0.0037061400497376443,-0.014302445575594902,-0.0113307686150074,-0.006742734182626009,-0.0020245325285941362,0.004865245893597603,0.009800658095628023,0.012381565198302271,0.014617442581802607,0.007109276380998808,-0.0012612082064151764,,,,,,,,,,,,,,,,,,,,,,,,,,,,,,,,,,,,,,,,,,,,,,,,,,,,,,,,0.19551930055652272,0.20795254409313202,0.19551930055652272,0.17816893756389618,0.1809958329796791,0.18539506196975708,0.18994441628456116,0.1966339498758316,0.20143619179725647,0.20397570729255676,0.20615171253681183,0.006898577129165605,,0.12443634122610092,0,,,,,,,,,,,,,,,,,,,,,,,,,,,,,,,,text,0.0,,,,,,,,,,,,,,,,,,,,,,,,,,,,,,,,,,,,,0.06723765902118597,0.06794531643390656,0.06723765902118597,0.06648749113082886,0.0667260630428791,0.06690164059400558,0.06704819202423096,0.06722761690616608,0.06741783022880554,0.06758397668600083,0.06782379761338234,0.0002563408640350248,-0.0002444549850698465,-0.0002444549850698465,0.0014003721590827333,0.0023789075203239918,0.0014003721590827333,0.0,0.000936695970594883,0.0012220204807817936,0.0013270945055410266,0.0014119890984147787,0.0014762080390937626,0.0015663576079532505,0.001813958818092943,0.00015717125060575634,,,,,,,,,,,,,4.759036640704676e-05,0,,,,,,,,,,,,,,,,,,,,,,,,,,,,,,,,,,,,,,,,,,filter,,,,,,,44,,,,,,,,,,,,,,,,,,,,,,,,,,,U
,,,,,,,,,,,,,,,,,,,,,,,,,,,,,,,,,,,,,,,,,,,,,,,,,,,,,,,,,,,,,,,,,,,,,,,,,,,,,,,,,,,Toys,0.02158519971411919,-0.008595852181315422,-0.02158519971411919,-0.0265661608427763,-0.02627218924462795,-0.024920030683279037,-0.023790002800524235,-0.022056762129068375,-0.019907048903405666,-0.01761466860771179,-0.013165003657341003,0.0029203866956765347,-0.01489669643342495,,,,,,,,,,,,,,,,,,,,,,,,,,,,,,,,,,,,,,,,,,,,,,,,,,,,,,,,0.05518249051834858,0.06852197647094727,0.05518249051834858,0.049067866057157516,0.05032775767147541,0.05176683217287063,0.05298497714102268,0.05476369708776474,0.05690584518015385,0.05919857695698738,0.0635571412742138,0.002946994553621457,,0.11802975833415985,1,,,,,,,,,,,,,,,,,,,,,,,,,,,,,,,,text,0.0,,,,,,,,,,,,,,,,,,,,,,,,,,,,,,,,,,,,,0.02244585829783131,-0.02220110595226288,-0.02244585829783131,-0.022678447887301445,-0.022638701908290385,-0.022560012713074683,-0.02250530943274498,-0.022442493587732315,-0.022383468225598335,-0.022335271909832956,-0.022277477607131006,8.440486920241596e-05,0.026402332701305667,0.026402332701305667,0.003919511451234032,-0.0,-0.003919511451234032,-0.0066583408042788506,-0.005077101876959205,-0.004384089447557926,-0.004131769062951207,-0.0039520263671875,-0.0037144141970202327,-0.003420321596786379,-0.0026217250572517507,0.00043990771357739353,,,,,,,,,,,,,8.684776899074531e-06,0,,,,,,,,,,,,,,,,,,,,,,,,,,,,,,,,,,,,,,,,,,filter,,,,,,,44,,,,,,,,,,,,,,,,,,,,,,,,,,,U
,,,,,,,,,,,,,,,,,,,,,,,,,,,,,,,,,,,,,,,,,,,,,,,,,,,,,,,,,,,,,,,,,,,,,,,,,,,,,,,,,,,Toys,0.0029537400388990613,-0.0002953241055365652,-0.0029537400388990613,-0.004682119935750961,-0.004239574084058404,-0.0038508277852088214,-0.003505454631522298,-0.0030261348001658916,-0.0024640128249302506,-0.0019317190861329434,-0.0011935434537008393,0.0007218277703645262,0.0015673803864046931,,,,,,,,,,,,,,,,,,,,,,,,,,,,,,,,,,,,,,,,,,,,,,,,,,,,,,,,0.7211300582809707,0.7237893342971802,0.7211300582809707,0.719428539276123,0.7197867596149444,0.7202082872390747,0.720574140548706,0.7210637331008911,0.7216290533542633,0.7221521258354187,0.7228952026367188,0.000733313292571723,,0.7456478476524353,2,,,,,,,,,,,,,,,,,,,,,,,,,,,,,,,,text,0.0,,,,,,,,,,,,,,,,,,,,,,,,,,,,,,,,,,,,,0.02235486823556921,-0.022099269554018974,-0.02235486823556921,-0.022595956921577454,-0.022554523795843124,-0.022472859546542167,-0.022416310384869576,-0.02235144004225731,-0.02229030430316925,-0.022240425273776055,-0.022180709317326547,8.729093111836969e-05,0.021001141350433076,0.021001141350433076,0.0007765448084799179,-0.0,-0.0007765448084799179,-0.001319169532507658,-0.0010058899270370602,-0.0008685883251018823,-0.0008185978804249316,-0.0007829866954125464,-0.0007359103474300355,-0.0006776438909582793,-0.0005194236442912369,8.715577314731314e-05,,,,,,,,,,,,,5.377483850623815e-07,0,,,,,,,,,,,,,,,,,,,,,,,,,,,,,,,,,,,,,,,,,,filter,,,,,,,44,,,,,,,,,,,,,,,,,,,,,,,,,,,U
,,,,,,,,,,,,,,,,,,,,,,,,,,,,,,,,,,,,,,,,,,,,,,,,,,,,,,,,,,,,,,,,,,,,,,,,,,,,,,,,,,,Toys,0.0014122647686142995,0.005721741355955601,0.00021122713355522122,-0.00506046786904335,-0.00324379978235811,-0.0018545099534094333,-0.0010447614477016032,-7.089227437973022e-05,0.001330956642050296,0.002827039500698449,0.0044648103322833775,0.00177242153613498,0.005357515066862106,,,,,,,,,,,,,,,,,,,,,,,,,,,,,,,,,,,,,,,,,,,,,,,,,,,,,,,,0.010329092302685682,0.015876993536949158,0.010329092302685682,0.0035713762044906616,0.006737637305632233,0.008277295157313347,0.009092016145586967,0.010088506154716015,0.011446112766861916,0.01290445886552334,0.014562056325376035,0.0017626398704806807,,0.023901598528027534,3,,,,,,,,,,,,,,,,,,,,,,,,,,,,,,,,text,0.0,,,,,,,,,,,,,,,,,,,,,,,,,,,,,,,,,,,,,0.02243693243522277,-0.02218712866306305,-0.02243693243522277,-0.022670898586511612,-0.022630603425204752,-0.022551188617944716,-0.022496558725833893,-0.02243349514901638,-0.022374349646270275,-0.022325989231467246,-0.022268289551138878,8.46547054273609e-05,0.04091176786330095,0.04091176786330095,0.0032956840206494753,0.005598602816462517,0.0032956840206494753,0.0,0.0022044525155797603,0.0028759449254721404,0.00312322995159775,0.003323023673146963,0.003474158816970885,0.0036863199900835754,0.004269033074378969,0.0003698922293467439,,,,,,,,,,,,,3.106899313008151e-06,0,,,,,,,,,,,,,,,,,,,,,,,,,,,,,,,,,,,,,,,,,,filter,,,,,,,44,,,,,,,,,,,,,,,,,,,,,,,,,,,U
,,,,,,,,,,,,,,,,,,,,,,,,,,,,,,,,,,,,,,,,,,,,,,,,,,,,,,,,,,,,,,,,,,,,,,,,,,,,,,,,,,,Toys,0.0375992440020269,-0.03439132869243622,-0.0375992440020269,-0.03831544145941734,-0.038192432671785355,-0.038042664527893066,-0.03791622631251812,-0.037710435688495636,-0.03738906979560852,-0.037000405788421634,-0.0361537516117096,0.0004430918707038667,-0.02761179953813553,,,,,,,,,,,,,,,,,,,,,,,,,,,,,,,,,,,,,,,,,,,,,,,,,,,,,,,,0.11049991718638084,0.11377368122339249,0.11049991718638084,0.10938960313796997,0.10970747873187064,0.10998566150665283,0.11018864065408707,0.11044254153966904,0.11075228452682495,0.11108302623033524,0.11181099951267243,0.0004453687446651591,,0.12443634122610092,0,,,,,,,,,,,,,,,,,,,,,,,,,,,,,,,,visual,0.0,,,,,,,,,,,,,,,,,,,,,,,,,,,,,,,,,,,,,0.05059447065589796,0.05122978612780571,0.05059447065589796,0.04963850975036621,0.050027111321687696,0.05026031881570816,0.050420334562659264,0.050617869943380356,0.050781067460775375,0.05089275389909744,0.05104650050401688,0.0002414310561015237,0.2572502203280142,0.2572502203280142,0.0006801488043249979,0.0022065043449401855,0.0006801488043249979,0.0,0.0004152153676841408,0.00045959838316775856,0.0005140178254805505,0.0006229914724826813,0.0007878569595050067,0.0009770078817382458,0.00144300223561004,0.00022367631700329023,,,,,,,,,,,,,1.9835331872461968e-07,0,,,,,,,,,,,,,,,,,,,,,,,,,,,,,,,,,,,,,,,,,,filter,,,,,,,44,,,,,,,,,,,,,,,,,,,,,,,,,,,U
,,,,,,,,,,,,,,,,,,,,,,,,,,,,,,,,,,,,,,,,,,,,,,,,,,,,,,,,,,,,,,,,,,,,,,,,,,,,,,,,,,,Toys,0.015208190369484332,-0.0023947968147695065,-0.015208190369484332,-0.023384403437376022,-0.021993743553757668,-0.01921750083565712,-0.017422073520720005,-0.015417587012052536,-0.013141874689608812,-0.010976310819387436,-0.007001617988571523,0.0032199173495429238,-0.007565646898001432,,,,,,,,,,,,,,,,,,,,,,,,,,,,,,,,,,,,,,,,,,,,,,,,,,,,,,,,0.07637695733815122,0.08991314470767975,0.07637695733815122,0.06646338850259781,0.06926376342773438,0.07223634421825409,0.07407813891768456,0.07616513967514038,0.07851026207208633,0.0807915449142456,0.08510112687945366,0.003368320274001749,,0.11802975833415985,1,,,,,,,,,,,,,,,,,,,,,,,,,,,,,,,,visual,0.0,,,,,,,,,,,,,,,,,,,,,,,,,,,,,,,,,,,,,0.01689617366199909,-0.0165785513818264,-0.01689617366199909,-0.01710740104317665,-0.017043338380753992,-0.016994180157780647,-0.016957109794020653,-0.0169039536267519,-0.016839217394590378,-0.016786612570285797,-0.016708919703960417,7.92001721728922e-05,0.05331948777241508,0.05331948777241508,0.00198278959236549,-0.0,-0.00198278959236549,-0.006432465743273497,-0.00420668201521039,-0.0028482018504291775,-0.002296783495694399,-0.0018161628395318985,-0.001498479745350778,-0.0013398345792666078,-0.001210447987541556,0.0006520677102276605,,,,,,,,,,,,,1.1345581468251216e-05,0,,,,,,,,,,,,,,,,,,,,,,,,,,,,,,,,,,,,,,,,,,filter,,,,,,,44,,,,,,,,,,,,,,,,,,,,,,,,,,,U
,,,,,,,,,,,,,,,,,,,,,,,,,,,,,,,,,,,,,,,,,,,,,,,,,,,,,,,,,,,,,,,,,,,,,,,,,,,,,,,,,,,Toys,0.032820561766718055,0.03425728902220726,0.032820561766718055,0.027669481933116913,0.029561256058514118,0.031195390224456786,0.032237131148576736,0.03313250094652176,0.033651938661932945,0.03394770547747612,0.034217794239521024,0.0010993806817442941,0.02627447433769703,,,,,,,,,,,,,,,,,,,,,,,,,,,,,,,,,,,,,,,,,,,,,,,,,,,,,,,,0.7874053349152773,0.7890869975090027,0.7874053349152773,0.7818238735198975,0.7841469693183899,0.7857852458953858,0.7868110537528992,0.787711501121521,0.7882373929023743,0.788528847694397,0.7888538908958435,0.0010994440199534302,,0.7456478476524353,2,,,,,,,,,,,,,,,,,,,,,,,,,,,,,,,,visual,0.0,,,,,,,,,,,,,,,,,,,,,,,,,,,,,,,,,,,,,0.01689851140622774,-0.01658720150589943,-0.01689851140622774,-0.017105495557188988,-0.017046522721648215,-0.016996066272258758,-0.016959414817392826,-0.016906246542930603,-0.01684131845831871,-0.016789171472191812,-0.016711831949651243,7.900338141528419e-05,0.013008662436153288,0.013008662436153288,0.00043906540602358296,-0.0,-0.00043906540602358296,-0.0014243938494473696,-0.000931520233862102,-0.0006307007977738976,-0.0005085956654511392,-0.00040216787601821125,-0.0003318207018310204,-0.00029669058858416975,-0.00026803943386767055,0.00014439271578335996,,,,,,,,,,,,,1.2087771530113585e-06,0,,,,,,,,,,,,,,,,,,,,,,,,,,,,,,,,,,,,,,,,,,filter,,,,,,,44,,,,,,,,,,,,,,,,,,,,,,,,,,,U
,,,,,,,,,,,,,,,,,,,,,,,,,,,,,,,,,,,,,,,,,,,,,,,,,,,,,,,,,,,,,,,,,,,,,,,,,,,,,,,,,,,Toys,0.029181124247461162,0.030702371150255203,0.029181124247461162,0.023450085893273354,0.025887377038598062,0.02751592993736267,0.028570003807544708,0.029481112957000732,0.03004025761038065,0.030354154109954835,0.030661568231880664,0.0011281442878437761,0.026606358587741852,,,,,,,,,,,,,,,,,,,,,,,,,,,,,,,,,,,,,,,,,,,,,,,,,,,,,,,,0.06463100014587017,0.06961283832788467,0.06463100014587017,0.05871077999472618,0.06106160454452038,0.06282509714365006,0.06391755864024162,0.06484638154506683,0.06552368029952049,0.06606725603342056,0.06694427639245988,0.0012768771359753044,,0.023901598528027534,3,,,,,,,,,,,,,,,,,,,,,,,,,,,,,,,,visual,0.0,,,,,,,,,,,,,,,,,,,,,,,,,,,,,,,,,,,,,0.016799785574980478,-0.01647276058793068,-0.016799785574980478,-0.01701689325273037,-0.016956245824694634,-0.016902565583586694,-0.016864001750946045,-0.016807816922664642,-0.01673945225775242,-0.01668427549302578,-0.016603756807744504,8.33951565724817e-05,0.21116266411929954,0.21116266411929954,0.001741706193137309,0.005650355480611324,0.001741706193137309,0.0,0.0010632719681598246,0.0011769267730414867,0.0013162826653569937,0.001595339272171259,0.002017522230744362,0.00250189476646483,0.0036952002253383453,0.0005727841083683899,,,,,,,,,,,,,1.6304152203764958e-06,0,,,,,,,,,,,,,,,,,,,,,,,,,,,,,,,,,,,,,,,,,,filter,,,,,,,44,,,,,,,,,,,,,,,,,,,,,,,,,,,U
,,,,,,,,,,,,,,,,,,,,,,,,,,,,,,,,,,,,,,,,,,,,,,,,,,,,,,,,,,,,,,,,,,,,,,,,,,,,,,,,,,,Grocery,0.050899633587432616,0.059489116072654724,0.05089381053776275,-0.009546635672450066,0.015025856923311948,0.03866254575550556,0.04792179726064205,0.05412362329661846,0.05724006425589323,0.058486126363277435,0.05923827674239874,0.009253491160118591,0.03506951034069061,,,,,,,,,,,,,,,,,,,,,,,,,,,,,,,,,,,,,,,,,,,,,,,,,,,,,,,,0.32864311579045413,0.35179534554481506,0.32864311579045413,0.2645661532878876,0.2916866871714592,0.3156020551919937,0.32450584322214127,0.33105383813381195,0.3357076495885849,0.3387911945581436,0.34254430919885637,0.010280486912779281,,0.13645493984222412,0,,,,,,,,,,,,,,,,,,,,,,,,,,,,,,,,text,0.0,,,,,,,,,,,,,,,,,,,,,,,,,,,,,,,,,,,,,0.09222850233579989,0.09362364560365677,0.09222850233579989,0.09083457291126251,0.09130742967128753,0.09165649116039276,0.09191337041556835,0.09222476184368134,0.0925372764468193,0.09281014278531075,0.09318695090711117,0.00043449774505224125,0.20822374247952416,0.20822374247952416,0.01399635267995687,0.029855240136384964,0.01399635267995687,3.326196292618988e-06,0.0015306912106461822,0.008348994981497526,0.011413876200094819,0.014536720234900713,0.017147197853773832,0.01890892069786787,0.021969272140413523,0.004269280768964714,,,,,,,,,,,,,0.00010568841116382609,0,,,,,,,,,,,,,,,,,,,,,,,,,,,,,,,,,,,,,,,,,,filter,,,,,,,42,,,,,,,,,,,,,,,,,,,,,,,,,,,U
,,,,,,,,,,,,,,,,,,,,,,,,,,,,,,,,,,,,,,,,,,,,,,,,,,,,,,,,,,,,,,,,,,,,,,,,,,,,,,,,,,,Grocery,0.009671076106837463,-0.004682403989136219,-0.009671076106837463,-0.012309182435274124,-0.011943179564550519,-0.01134387068450451,-0.010734424693509936,-0.00981319509446621,-0.008723398437723517,-0.007780252071097493,-0.006424416350200769,0.0013447402318654002,-0.01426252443343401,,,,,,,,,,,,,,,,,,,,,,,,,,,,,,,,,,,,,,,,,,,,,,,,,,,,,,,,0.05934830180296116,0.06586197018623352,0.05934830180296116,0.054020702838897705,0.05609730057418347,0.057134535163640976,0.058002459816634655,0.0591858085244894,0.060531617142260075,0.06178186982870102,0.06385082796216011,0.0017775587602403059,,0.11746743321418762,1,,,,,,,,,,,,,,,,,,,,,,,,,,,,,,,,text,0.0,,,,,,,,,,,,,,,,,,,,,,,,,,,,,,,,,,,,,0.03037485977661188,-0.02986564300954342,-0.03037485977661188,-0.030919011682271957,-0.030732481852173806,-0.030588334053754808,-0.030488452408462763,-0.03037179633975029,-0.030258869752287865,-0.030166786164045334,-0.030030768513679505,0.00016030464839932466,0.45489698624784336,0.45489698624784336,0.00381066830198044,-9.055952432390768e-07,-0.00381066830198044,-0.008128433488309383,-0.005981387621723115,-0.0051481716334819795,-0.00466852227691561,-0.003957789624109864,-0.0031075592269189656,-0.0022731101373210543,-0.00041674832318676553,0.0011623608844784897,,,,,,,,,,,,,3.159715146107053e-06,0,,,,,,,,,,,,,,,,,,,,,,,,,,,,,,,,,,,,,,,,,,filter,,,,,,,42,,,,,,,,,,,,,,,,,,,,,,,,,,,U
,,,,,,,,,,,,,,,,,,,,,,,,,,,,,,,,,,,,,,,,,,,,,,,,,,,,,,,,,,,,,,,,,,,,,,,,,,,,,,,,,,,Grocery,0.057133092492663046,-0.006167684681713581,-0.057133092492663046,-0.07146808505058289,-0.07113472476601601,-0.06882242858409882,-0.06598314270377159,-0.06035643443465233,-0.051300047896802425,-0.03999194353818893,-0.02165396802127361,0.011581535129034367,-0.031827330589294434,,,,,,,,,,,,,,,,,,,,,,,,,,,,,,,,,,,,,,,,,,,,,,,,,,,,,,,,0.6194899409845309,0.6715060472488403,0.6194899409845309,0.6028844118118286,0.6048274898529052,0.6075706720352173,0.6105645298957825,0.616291344165802,0.6254342049360275,0.6366625785827636,0.6551453018188477,0.011701783074854585,,0.743288516998291,2,,,,,,,,,,,,,,,,,,,,,,,,,,,,,,,,text,0.0,,,,,,,,,,,,,,,,,,,,,,,,,,,,,,,,,,,,,0.030249793698193667,-0.029726507142186165,-0.030249793698193667,-0.030766306445002556,-0.03061104180291295,-0.03046806212514639,-0.03036546241492033,-0.030248571187257767,-0.030131010338664055,-0.030033975094556808,-0.029903247971087694,0.00016372925784090064,0.02435573148698798,0.02435573148698798,0.004588359347350718,-1.0904115015364368e-06,-0.004588359347350718,-0.009787305258214474,-0.007202084856107831,-0.006198823731392622,-0.005621286225505173,-0.0047655056696385145,-0.003741758002433926,-0.0027370123192667958,-0.0005017993837827807,0.0013995785015456445,,,,,,,,,,,,,0.0001369317271309532,0,,,,,,,,,,,,,,,,,,,,,,,,,,,,,,,,,,,,,,,,,,filter,,,,,,,42,,,,,,,,,,,,,,,,,,,,,,,,,,,U
,,,,,,,,,,,,,,,,,,,,,,,,,,,,,,,,,,,,,,,,,,,,,,,,,,,,,,,,,,,,,,,,,,,,,,,,,,,,,,,,,,,Grocery,0.06080707926762428,-0.002011127769947052,-0.06080707926762428,-0.07989564538002014,-0.07959666058421135,-0.0763530358672142,-0.07218397781252861,-0.06415320187807083,-0.05267578922212124,-0.03965931423008442,-0.01919724719598889,0.014380478061892266,-0.04159233346581459,,,,,,,,,,,,,,,,,,,,,,,,,,,,,,,,,,,,,,,,,,,,,,,,,,,,,,,,0.1221562236494233,-0.06253886967897415,-0.1221562236494233,-0.1440468430519104,-0.14171030148863792,-0.13799257725477218,-0.1336275115609169,-0.1253984197974205,-0.11383637972176075,-0.10089616999030113,-0.08032129794359207,0.014569469655220702,,0.017444361001253128,3,,,,,,,,,,,,,,,,,,,,,,,,,,,,,,,,text,1.0,,,,,,,,,,,,,,,,,,,,,,,,,,,,,,,,,,,,,0.031603848830884816,-0.031236406415700912,-0.031603848830884816,-0.031951483339071274,-0.031851120740175244,-0.031754063069820405,-0.03168334253132343,-0.03160446882247925,-0.03152201045304537,-0.03145419880747795,-0.031363564282655715,0.00011260178518523675,0.023150799835257693,0.023150799835257693,0.005597323100085231,-1.3301889794092858e-06,-0.005597323100085231,-0.011939497664570808,-0.008785797460004687,-0.007561922678723932,-0.006857386790215969,-0.005813423078507185,-0.0045645572245121,-0.003338871523737907,-0.0006121432653162617,0.0017073407900717941,,,,,,,,,,,,,0.00021226944603439685,0,,,,,,,,,,,,,,,,,,,,,,,,,,,,,,,,,,,,,,,,,,filter,,,,,,,42,,,,,,,,,,,,,,,,,,,,,,,,,,,U
,,,,,,,,,,,,,,,,,,,,,,,,,,,,,,,,,,,,,,,,,,,,,,,,,,,,,,,,,,,,,,,,,,,,,,,,,,,,,,,,,,,Grocery,0.007888579154070647,0.012398242019116879,-0.00740526747515258,-0.015215261839330196,-0.013743298687040805,-0.011661323811858892,-0.010241411859169602,-0.008385666646063328,-0.005653932690620422,-0.0016071515041403404,0.006698326379992067,0.004212804045791954,-0.01698525808751583,,,,,,,,,,,,,,,,,,,,,,,,,,,,,,,,,,,,,,,,,,,,,,,,,,,,,,,,0.17262402328801013,0.192094624042511,0.17262402328801013,0.1630048155784607,0.16568483918905258,0.16816467344760894,0.16981765255331993,0.17194852232933044,0.17454427853226662,0.17812928855419158,0.185974348038435,0.00413231966779002,,0.13645493984222412,0,,,,,,,,,,,,,,,,,,,,,,,,,,,,,,,,visual,0.0,,,,,,,,,,,,,,,,,,,,,,,,,,,,,,,,,,,,,0.056022150715171797,0.0577322281897068,0.056022150715171797,0.053540706634521484,0.054322143606841566,0.055052591115236284,0.055528937838971615,0.05605035461485386,0.056559051387012005,0.05696720816195011,0.057348250225186345,0.0007159199387810107,0.18446856590847022,0.18446856590847022,0.00453746018622993,0.010611691512167454,0.00453746018622993,9.471064572608157e-07,0.0004532608663430437,0.002355301985517144,0.0034763222211040556,0.004577741026878357,0.00571449613198638,0.006705338647589088,0.007903053406625988,0.0016572107666426898,,,,,,,,,,,,,1.707606583680422e-05,0,,,,,,,,,,,,,,,,,,,,,,,,,,,,,,,,,,,,,,,,,,filter,,,,,,,42,,,,,,,,,,,,,,,,,,,,,,,,,,,U
,,,,,,,,,,,,,,,,,,,,,,,,,,,,,,,,,,,,,,,,,,,,,,,,,,,,,,,,,,,,,,,,,,,,,,,,,,,,,,,,,,,Grocery,0.013484864680285947,-0.0017881715903058648,-0.013484864680285947,-0.02016540616750717,-0.019690925329923628,-0.01751117743551731,-0.015849217772483826,-0.013664057478308678,-0.01133023644797504,-0.009179365169256926,-0.005925423018634319,0.003161226525426395,-0.007296837866306305,,,,,,,,,,,,,,,,,,,,,,,,,,,,,,,,,,,,,,,,,,,,,,,,,,,,,,,,0.07594806157097027,0.08904517441987991,0.07594806157097027,0.06855158507823944,0.06975538827478886,0.07189026400446892,0.07360550947487354,0.0758080780506134,0.07814346067607403,0.0802397944033146,0.08330174989998342,0.003161109908998825,,0.11746743321418762,1,,,,,,,,,,,,,,,,,,,,,,,,,,,,,,,,visual,0.0,,,,,,,,,,,,,,,,,,,,,,,,,,,,,,,,,,,,,0.018693119756261267,-0.017874252051115036,-0.018693119756261267,-0.01925818994641304,-0.019131625555455684,-0.01900555193424225,-0.018870289903134108,-0.018702772445976734,-0.018529894296079874,-0.01837264746427536,-0.018130313642323016,0.00023663947453561327,0.05095549985760307,0.05095549985760307,0.0020445493514253676,-4.267598683327378e-07,-0.0020445493514253676,-0.004781557712703943,-0.003561063406523317,-0.0030213808408007027,-0.00257491396041587,-0.0020626996411010623,-0.0015664076781831682,-0.001061283389572054,-0.00020423632842721414,0.0007467281386391392,,,,,,,,,,,,,9.992615856770561e-06,0,,,,,,,,,,,,,,,,,,,,,,,,,,,,,,,,,,,,,,,,,,filter,,,,,,,42,,,,,,,,,,,,,,,,,,,,,,,,,,,U
,,,,,,,,,,,,,,,,,,,,,,,,,,,,,,,,,,,,,,,,,,,,,,,,,,,,,,,,,,,,,,,,,,,,,,,,,,,,,,,,,,,Grocery,0.03222246416946429,0.03386494889855385,0.03222246416946429,0.021552279591560364,0.02739246914163232,0.030016147159039976,0.0314309224486351,0.03273945860564709,0.03339883405715227,0.03367346823215485,0.033857210017740724,0.001550443689478406,0.024750277400016785,,,,,,,,,,,,,,,,,,,,,,,,,,,,,,,,,,,,,,,,,,,,,,,,,,,,,,,,0.7766836255917968,0.7827619314193726,0.7766836255917968,0.7626726031303406,0.7700402092933655,0.7736276984214783,0.7753787934780121,0.7769898772239685,0.7782910913228989,0.7793202042579651,0.7812954819202423,0.002353570287373281,,0.743288516998291,2,,,,,,,,,,,,,,,,,,,,,,,,,,,,,,,,visual,0.0,,,,,,,,,,,,,,,,,,,,,,,,,,,,,,,,,,,,,0.018689064527949592,-0.017865605652332306,-0.018689064527949592,-0.019255176186561584,-0.019128303155303002,-0.01900236904621124,-0.01886694459244609,-0.01869839522987604,-0.018525798339396715,-0.018368086777627468,-0.01812696348875761,0.00023696209017942568,0.5568048014144783,0.5568048014144783,0.004888583131438816,-1.0203965530308778e-06,-0.004888583131438816,-0.011432857252657413,-0.00851461705751717,-0.007224218640476465,-0.006156701711006463,-0.004931980976834893,-0.003745331021491438,-0.002537562814541161,-0.0004883355880156158,0.0017854509507407368,,,,,,,,,,,,,5.539293097606349e-06,0,,,,,,,,,,,,,,,,,,,,,,,,,,,,,,,,,,,,,,,,,,filter,,,,,,,42,,,,,,,,,,,,,,,,,,,,,,,,,,,U
,,,,,,,,,,,,,,,,,,,,,,,,,,,,,,,,,,,,,,,,,,,,,,,,,,,,,,,,,,,,,,,,,,,,,,,,,,,,,,,,,,,Grocery,0.02407456240885652,0.02505459636449814,0.02407456240885652,0.01573324389755726,0.020773785170167685,0.02261031586676836,0.02355478797107935,0.024466454051434994,0.024858346674591303,0.024990920349955557,0.02505394272506237,0.0010520657425413117,0.022314367815852165,,,,,,,,,,,,,,,,,,,,,,,,,,,,,,,,,,,,,,,,,,,,,,,,,,,,,,,,0.047588993858380634,0.050983019173145294,0.047588993858380634,0.03964938968420029,0.04315915253013372,0.045562402531504634,0.046818990260362625,0.047872038558125496,0.0486066872254014,0.04920434542000294,0.04996444687247276,0.0014671692548368239,,0.017444361001253128,3,,,,,,,,,,,,,,,,,,,,,,,,,,,,,,,,visual,0.0,,,,,,,,,,,,,,,,,,,,,,,,,,,,,,,,,,,,,0.01863996646881603,-0.017800845205783844,-0.01863996646881603,-0.01921885460615158,-0.019089206084609033,-0.01896030977368355,-0.018821877893060446,-0.018649477511644363,-0.01847243122756481,-0.018311561457812785,-0.018065420780330896,0.00024232824132535715,0.38649818382952233,0.38649818382952233,0.0023956709771279987,0.005602720659226179,0.0023956709771279987,5.000496798857057e-07,0.00023931094037834554,0.0012435434386134149,0.0018354154308326542,0.0024169381940737367,0.0030171179096214473,0.0035402592271566394,0.004172624093480409,0.0008749678401286206,,,,,,,,,,,,,2.152585622338441e-06,0,,,,,,,,,,,,,,,,,,,,,,,,,,,,,,,,,,,,,,,,,,filter,,,,,,,42,,,,,,,,,,,,,,,,,,,,,,,,,,,U
,,,,,,,,,,,,,,,,,,,,,,,,,,,,,,,,,,,,,,,,,,,,,,,,,,,,,,,,,,,,,,,,,,,,,,,,,,,,,,,,,,,Grocery,0.028740223733916694,0.04312475770711899,0.028339710560099613,-0.022487659007310867,-0.007698278315365315,0.01085374252870679,0.022031100932508707,0.03192749805748463,0.037478222511708736,0.0400863878428936,0.04205268915742636,0.011818261348700827,0.02153659611940384,,,,,,,,,,,,,,,,,,,,,,,,,,,,,,,,,,,,,,,,,,,,,,,,,,,,,,,,0.2673459144153597,0.28833910822868347,0.2673459144153597,0.21676993370056152,0.23113501995801924,0.25027289390563967,0.26127806305885315,0.2707933485507965,0.2761823236942291,0.2790955513715744,0.28230920553207395,0.011771208768127856,,0.128609299659729,0,,,,,,,,,,,,,,,,,,,,,,,,,,,,,,,,text,0.0,,,,,,,,,,,,,,,,,,,,,,,,,,,,,,,,,,,,,0.08112179681735546,0.08283252269029617,0.08112179681735546,0.07927548140287399,0.07974068425595761,0.08028376698493958,0.08067715726792812,0.08114316314458847,0.08157740533351898,0.08193195015192031,0.08244321152567864,0.0006241043764224386,0.05542546662882829,0.05542546662882829,0.0077385187753617754,0.015956511721014977,0.0077385187753617754,1.8520484445616603e-05,0.0009384041401790455,0.004775223787873983,0.006498443312011659,0.008136385586112738,0.00931594637222588,0.010040973126888276,0.012097109826281668,0.002207814597173434,,,,,,,,,,,,,0.00013856135586285014,0,,,,,,,,,,,,,,,,,,,,,,,,,,,,,,,,,,,,,,,,,,filter,,,,,,,43,,,,,,,,,,,,,,,,,,,,,,,,,,,U
,,,,,,,,,,,,,,,,,,,,,,,,,,,,,,,,,,,,,,,,,,,,,,,,,,,,,,,,,,,,,,,,,,,,,,,,,,,,,,,,,,,Grocery,0.006194207690114213,0.007607256527990103,0.006194207690114213,0.002772416453808546,0.0037615355057641865,0.005001268396154046,0.005700796726159751,0.006343688583001494,0.006829292164184153,0.007162822224199772,0.0074985873419791465,0.000844862359967167,0.01924343965947628,,,,,,,,,,,,,,,,,,,,,,,,,,,,,,,,,,,,,,,,,,,,,,,,,,,,,,,,0.13845808118672537,0.14195939898490906,0.13845808118672537,0.13324129581451416,0.13554229602217674,0.13703009039163588,0.13782525062561035,0.13855477422475815,0.13917939737439156,0.1397286295890808,0.14078904330730438,0.0010787823142210415,,0.14206194877624512,1,,,,,,,,,,,,,,,,,,,,,,,,,,,,,,,,text,0.0,,,,,,,,,,,,,,,,,,,,,,,,,,,,,,,,,,,,,0.026709621269144602,-0.026033177971839905,-0.026709621269144602,-0.027350256219506264,-0.02719587938860059,-0.02700489368289709,-0.02687557553872466,-0.026717194356024265,-0.026547273620963097,-0.026403755880892277,-0.02620373146608472,0.00022788900126024316,0.39034216635789215,0.39034216635789215,0.0023318880035356174,-5.580873676080955e-06,-0.0023318880035356174,-0.004808258730918169,-0.003645284951198846,-0.0030256986385211347,-0.0028072224813513458,-0.0024517792044207454,-0.0019582094973884523,-0.0014389429823495443,-0.0002827741950750344,0.0006652922251486028,,,,,,,,,,,,,1.1637712814761059e-06,0,,,,,,,,,,,,,,,,,,,,,,,,,,,,,,,,,,,,,,,,,,filter,,,,,,,43,,,,,,,,,,,,,,,,,,,,,,,,,,,U
,,,,,,,,,,,,,,,,,,,,,,,,,,,,,,,,,,,,,,,,,,,,,,,,,,,,,,,,,,,,,,,,,,,,,,,,,,,,,,,,,,,Grocery,0.022986190480731982,-0.01498858630657196,-0.022986190480731982,-0.027408290654420853,-0.027131996098905802,-0.025855151750147343,-0.02487515890970826,-0.02333814464509487,-0.021252029575407505,-0.019557124003767967,-0.017316572051495314,0.0023895380934452187,-0.026531854644417763,,,,,,,,,,,,,,,,,,,,,,,,,,,,,,,,,,,,,,,,,,,,,,,,,,,,,,,,0.66050551072264,0.6718785762786865,0.66050551072264,0.6534175276756287,0.6555844980478287,0.6571180820465088,0.658293828368187,0.6601062417030334,0.6623547375202179,0.6645336270332336,0.6682205981016159,0.0028808756593658937,,0.742276132106781,2,,,,,,,,,,,,,,,,,,,,,,,,,,,,,,,,text,0.0,,,,,,,,,,,,,,,,,,,,,,,,,,,,,,,,,,,,,0.026856319554027046,-0.02621285617351532,-0.026856319554027046,-0.027457283809781075,-0.027318863850086927,-0.027140095084905624,-0.027016467414796352,-0.026863649487495422,-0.026700051501393318,-0.02656332366168499,-0.026372713334858418,0.00021863766090485863,0.29962666400270793,0.29962666400270793,0.005396236365407357,-1.2914733815705404e-05,-0.005396236365407357,-0.011126820929348469,-0.008435576437041164,-0.007001787750050425,-0.00649621058255434,-0.0056736774276942015,-0.004531504935584962,-0.0033298668451607217,-0.0006543694727588428,0.0015395568282096073,,,,,,,,,,,,,8.299444564726872e-06,0,,,,,,,,,,,,,,,,,,,,,,,,,,,,,,,,,,,,,,,,,,filter,,,,,,,43,,,,,,,,,,,,,,,,,,,,,,,,,,,U
,,,,,,,,,,,,,,,,,,,,,,,,,,,,,,,,,,,,,,,,,,,,,,,,,,,,,,,,,,,,,,,,,,,,,,,,,,,,,,,,,,,Grocery,0.041405991659299736,-0.012798300012946129,-0.041405991659299736,-0.054224975407123566,-0.05378133501857519,-0.05075133442878723,-0.04764467943459749,-0.042614879086613655,-0.03614053875207901,-0.030228716507554047,-0.02159197077155113,0.007816519627827413,-0.027240121737122536,,,,,,,,,,,,,,,,,,,,,,,,,,,,,,,,,,,,,,,,,,,,,,,,,,,,,,,,0.07585415165730434,-0.0476100817322731,-0.07585415165730434,-0.08901172131299973,-0.08819871343672275,-0.08513786122202874,-0.08205652609467506,-0.07703878358006477,-0.0706420261412859,-0.06478650122880936,-0.056158355250954625,0.007755124253829641,,0.020358212292194366,3,,,,,,,,,,,,,,,,,,,,,,,,,,,,,,,,text,1.0,,,,,,,,,,,,,,,,,,,,,,,,,,,,,,,,,,,,,0.02755585599942025,-0.027018185704946518,-0.02755585599942025,-0.02804545685648918,-0.02793187290430069,-0.02778727374970913,-0.027687774039804935,-0.02756174560636282,-0.027427978813648224,-0.027315887063741683,-0.02715970041230321,0.0001787508245102636,3.87545127498814e-05,3.87545127498814e-05,1.0395093001433096e-05,-2.4878424653707043e-08,-1.0395093001433096e-05,-2.1434259906527586e-05,-1.624995495149051e-05,-1.348796258753282e-05,-1.2514039326561033e-05,-1.0929544259852264e-05,-8.729308547117398e-06,-6.41452179479529e-06,-1.2605511358287882e-06,2.9657404386609404e-06,,,,,,,,,,,,,6.0141952192336744e-05,0,,,,,,,,,,,,,,,,,,,,,,,,,,,,,,,,,,,,,,,,,,filter,,,,,,,43,,,,,,,,,,,,,,,,,,,,,,,,,,,U
,,,,,,,,,,,,,,,,,,,,,,,,,,,,,,,,,,,,,,,,,,,,,,,,,,,,,,,,,,,,,,,,,,,,,,,,,,,,,,,,,,,Grocery,0.022423469792487254,-0.008074666373431683,-0.022423469792487254,-0.0240627471357584,-0.023800070956349374,-0.023518047668039797,-0.023274950683116913,-0.022892385721206665,-0.022159870248287916,-0.02066063843667507,-0.01668720692396164,0.001423359977587533,-0.023311400786042213,,,,,,,,,,,,,,,,,,,,,,,,,,,,,,,,,,,,,,,,,,,,,,,,,,,,,,,,0.13593132748084505,0.14935797452926636,0.13593132748084505,0.13345173001289368,0.1342270104587078,0.13486389219760894,0.13522782921791077,0.1356789469718933,0.13625064864754677,0.13724514544010163,0.14081284746527672,0.0012141260903071281,,0.128609299659729,0,,,,,,,,,,,,,,,,,,,,,,,,,,,,,,,,visual,0.0,,,,,,,,,,,,,,,,,,,,,,,,,,,,,,,,,,,,,0.052043021498061434,0.053029969334602356,0.052043021498061434,0.0504390113055706,0.050891116969287394,0.051418473944067955,0.05175601318478584,0.05209098756313324,0.052387320436537266,0.05257465243339539,0.0528241015970707,0.0004428318234608493,0.07338628370537234,0.07338628370537234,0.0010138750214713163,0.0016823629848659039,0.0010138750214713163,3.430817969274358e-06,0.0001366927061462775,0.0005848307744599879,0.0008113335788948461,0.0010479383054189384,0.001256062212632969,0.0014014066313393415,0.0015534983179531993,0.00031827463722516354,,,,,,,,,,,,,1.474102163164473e-06,0,,,,,,,,,,,,,,,,,,,,,,,,,,,,,,,,,,,,,,,,,,filter,,,,,,,43,,,,,,,,,,,,,,,,,,,,,,,,,,,U
,,,,,,,,,,,,,,,,,,,,,,,,,,,,,,,,,,,,,,,,,,,,,,,,,,,,,,,,,,,,,,,,,,,,,,,,,,,,,,,,,,,Grocery,0.01725518587555379,0.026729704812169075,0.01725518587555379,0.004472706932574511,0.008228368069976568,0.01210367251187563,0.014585776254534721,0.017300420440733433,0.02002169005572796,0.022281191870570184,0.025874041076749565,0.003918600919642867,0.016479097306728363,,,,,,,,,,,,,,,,,,,,,,,,,,,,,,,,,,,,,,,,,,,,,,,,,,,,,,,,0.15957274656584408,0.16942666471004486,0.15957274656584408,0.14636896550655365,0.15040495187044145,0.15433667600154877,0.15693308785557747,0.1596558839082718,0.16234830021858215,0.16461760103702544,0.16814853206276895,0.0039379441319503765,,0.14206194877624512,1,,,,,,,,,,,,,,,,,,,,,,,,,,,,,,,,visual,0.0,,,,,,,,,,,,,,,,,,,,,,,,,,,,,,,,,,,,,0.017339554324260015,-0.016796227544546127,-0.017339554324260015,-0.017673471942543983,-0.0176016216725111,-0.017517802119255067,-0.01745507586747408,-0.017355619929730892,-0.017243063542991877,-0.017130088806152344,-0.016950835902243853,0.00014873162765158455,0.0150922777174693,0.0150922777174693,0.001116061431138188,0.001851924927905202,0.001116061431138188,3.7766033074149163e-06,0.00015046969623654148,0.0006437746924348176,0.0008931062620831653,0.0011535578523762524,0.0013826581998728216,0.0015426515368744732,0.0017100722435861827,0.0003503528928474841,,,,,,,,,,,,,1.5507403986362405e-05,0,,,,,,,,,,,,,,,,,,,,,,,,,,,,,,,,,,,,,,,,,,filter,,,,,,,43,,,,,,,,,,,,,,,,,,,,,,,,,,,U
,,,,,,,,,,,,,,,,,,,,,,,,,,,,,,,,,,,,,,,,,,,,,,,,,,,,,,,,,,,,,,,,,,,,,,,,,,,,,,,,,,,Grocery,0.03331500306082729,0.03535051643848419,0.03331500306082729,0.02428923361003399,0.02844105038791895,0.030853834375739096,0.03228124789893627,0.03379601612687111,0.034664079546928406,0.035057302191853525,0.035336205177009104,0.0016915432564634648,0.025423701852560043,,,,,,,,,,,,,,,,,,,,,,,,,,,,,,,,,,,,,,,,,,,,,,,,,,,,,,,,0.7789725673845226,0.7845088243484497,0.7789725673845226,0.7673084735870361,0.7728725868463516,0.7760123670101166,0.7777356058359146,0.779251754283905,0.7805222719907761,0.7815267086029053,0.7830285620689392,0.0021997693796714382,,0.742276132106781,2,,,,,,,,,,,,,,,,,,,,,,,,,,,,,,,,visual,0.0,,,,,,,,,,,,,,,,,,,,,,,,,,,,,,,,,,,,,0.01735981352059124,-0.016830401495099068,-0.01735981352059124,-0.017685582861304283,-0.017617643270641567,-0.017535686492919922,-0.01747379405423999,-0.017375788651406765,-0.01726489281281829,-0.017153018899261952,-0.016979332622140644,0.0001465462639046836,0.428398191233135,0.428398191233135,0.004682460119658998,-1.5844821973587386e-05,-0.004682460119658998,-0.007769791409373283,-0.007174645513296127,-0.006472228094935417,-0.005800972576253116,-0.004839777247980237,-0.0037470468087121844,-0.0027009706711396565,-0.0006312988547142578,0.0014699132190736772,,,,,,,,,,,,,4.8389853237400645e-06,0,,,,,,,,,,,,,,,,,,,,,,,,,,,,,,,,,,,,,,,,,,filter,,,,,,,43,,,,,,,,,,,,,,,,,,,,,,,,,,,U
,,,,,,,,,,,,,,,,,,,,,,,,,,,,,,,,,,,,,,,,,,,,,,,,,,,,,,,,,,,,,,,,,,,,,,,,,,,,,,,,,,,Grocery,0.010594270145231472,0.012326816096901894,0.010594270145231472,0.006295287981629372,0.008677447708323597,0.0096197004429996,0.010178520809859037,0.010803674813359976,0.011115938192233443,0.01126221837475896,0.011530023207888008,0.0006826545269932316,0.023413382470607758,,,,,,,,,,,,,,,,,,,,,,,,,,,,,,,,,,,,,,,,,,,,,,,,,,,,,,,,0.03957473505294908,0.042625389993190765,0.03957473505294908,0.034150104969739914,0.03629019130021334,0.038091371208429335,0.03899500332772732,0.03975920379161835,0.04035350400954485,0.04078727066516876,0.04139826063066721,0.0010909229950544644,,0.020358212292194366,3,,,,,,,,,,,,,,,,,,,,,,,,,,,,,,,,visual,0.0,,,,,,,,,,,,,,,,,,,,,,,,,,,,,,,,,,,,,0.017343653682010598,-0.016809498891234398,-0.017343653682010598,-0.01767091639339924,-0.017603209037333728,-0.017521190643310546,-0.017458553425967693,-0.017359799705445766,-0.01724782446399331,-0.01713500376790762,-0.016960514318197964,0.0001476237114227215,0.5647315022362999,0.5647315022362999,0.0025525238329995176,0.004235503729432821,0.0025525238329995176,8.637401151645463e-06,0.0003441364999162033,0.001472365378867835,0.0020426071132533252,0.002638281206600368,0.0031622524256817997,0.0035281702876091008,0.0039110751310363415,0.0008012857389276475,,,,,,,,,,,,,1.1901129811386032e-06,0,,,,,,,,,,,,,,,,,,,,,,,,,,,,,,,,,,,,,,,,,,filter,,,,,,,43,,,,,,,,,,,,,,,,,,,,,,,,,,,U
,,,,,,,,,,,,,,,,,,,,,,,,,,,,,,,,,,,,,,,,,,,,,,,,,,,,,,,,,,,,,,,,,,,,,,,,,,,,,,,,,,,Grocery,0.047594543099431744,0.05376933142542839,0.047594543099431744,0.014072615653276443,0.026599677000194787,0.039593066275119784,0.04544197581708431,0.04957485385239124,0.051710898987948895,0.05263982377946377,0.05340066187083721,0.005807749409456898,0.03750837594270706,,,,,,,,,,,,,,,,,,,,,,,,,,,,,,,,,,,,,,,,,,,,,,,,,,,,,,,,0.32905672886297044,0.35026004910469055,0.32905672886297044,0.28823739290237427,0.30779634803533557,0.3195575624704361,0.32537244260311127,0.33033211529254913,0.33401715010404587,0.3365131050348282,0.34182780772447585,0.007011930587514501,,0.13799229264259338,0,,,,,,,,,,,,,,,,,,,,,,,,,,,,,,,,text,0.0,,,,,,,,,,,,,,,,,,,,,,,,,,,,,,,,,,,,,0.09209343342288771,0.09431727230548859,0.09209343342288771,0.08991187810897827,0.09049437507987022,0.09113199263811111,0.09156474657356739,0.09207691624760628,0.09261645004153252,0.09309648051857948,0.09378901727497578,0.0007435544110667289,0.3925015730629673,0.3925015730629673,0.013868091248202154,0.0301804319024086,0.013868091248202154,7.589044344058493e-07,0.0016567232087254524,0.008367352187633514,0.01158160506747663,0.014384747482836246,0.01672888407483697,0.018394959345459937,0.02315119415521622,0.004188187276915115,,,,,,,,,,,,,4.916717056412146e-05,0,,,,,,,,,,,,,,,,,,,,,,,,,,,,,,,,,,,,,,,,,,filter,,,,,,,44,,,,,,,,,,,,,,,,,,,,,,,,,,,U
,,,,,,,,,,,,,,,,,,,,,,,,,,,,,,,,,,,,,,,,,,,,,,,,,,,,,,,,,,,,,,,,,,,,,,,,,,,,,,,,,,,Grocery,0.018928168127614352,0.0022903410717844963,-0.018927193503176447,-0.03792928531765938,-0.03517304979264736,-0.029336949437856676,-0.024650562088936567,-0.018766922876238823,-0.013010069262236357,-0.00880552949383855,-0.003591649555601172,0.007677397904994556,-0.002320892410352826,,,,,,,,,,,,,,,,,,,,,,,,,,,,,,,,,,,,,,,,,,,,,,,,,,,,,,,,0.08459748703053883,0.10646221041679382,0.08459748703053883,0.06527767330408096,0.06844692140817642,0.07425111010670662,0.07892091758549213,0.08475174754858017,0.09045813232660294,0.09465730637311935,0.09974077627062798,0.007608143272145434,,0.13751474022865295,1,,,,,,,,,,,,,,,,,,,,,,,,,,,,,,,,text,0.0,,,,,,,,,,,,,,,,,,,,,,,,,,,,,,,,,,,,,0.030205368985739087,-0.029364170506596565,-0.030205368985739087,-0.031031930819153786,-0.030838545616716145,-0.03057900331914425,-0.030399124138057232,-0.03019772469997406,-0.030008422676473856,-0.029845635406672955,-0.02960926739498973,0.00027794716043503214,0.008139756193222021,0.008139756193222021,0.0014638049967240067,-8.010389507262516e-08,-0.0014638049967240067,-0.0031856053974479437,-0.0024436551542021336,-0.001941625028848648,-0.0017657675489317626,-0.0015183390933088958,-0.0012224617530591786,-0.000883190898457542,-0.00017487046716269106,0.0004420716117384754,,,,,,,,,,,,,5.788384404949184e-05,0,,,,,,,,,,,,,,,,,,,,,,,,,,,,,,,,,,,,,,,,,,filter,,,,,,,44,,,,,,,,,,,,,,,,,,,,,,,,,,,U
,,,,,,,,,,,,,,,,,,,,,,,,,,,,,,,,,,,,,,,,,,,,,,,,,,,,,,,,,,,,,,,,,,,,,,,,,,,,,,,,,,,Grocery,0.049842491996425146,-0.03195679560303688,-0.049842491996425146,-0.05582836642861366,-0.05568787522614002,-0.054421009868383406,-0.05308704823255539,-0.05072452314198017,-0.04742761421948671,-0.044011919945478435,-0.03780668511986731,0.004153422347160275,-0.03384740650653839,,,,,,,,,,,,,,,,,,,,,,,,,,,,,,,,,,,,,,,,,,,,,,,,,,,,,,,,0.6191256557511294,0.6398160457611084,0.6191256557511294,0.61021888256073,0.6125891727209091,0.6142311930656433,0.6157582700252533,0.6182332634925842,0.621720552444458,0.625336891412735,0.6317711436748504,0.00439026291373974,,0.7373277544975281,2,,,,,,,,,,,,,,,,,,,,,,,,,,,,,,,,text,0.0,,,,,,,,,,,,,,,,,,,,,,,,,,,,,,,,,,,,,0.03023003162422343,-0.029419660568237305,-0.03023003162422343,-0.03105941414833069,-0.030857582725584507,-0.030601178109645844,-0.030424006283283234,-0.030224371701478958,-0.030033597722649574,-0.029871727526187896,-0.029638242423534394,0.0002762158236744427,0.10817612380284611,0.10817612380284611,0.0042821832024076845,-2.3433418050444743e-07,-0.0042821832024076845,-0.00931910052895546,-0.00714861570391804,-0.005679987603798509,-0.005165537819266319,-0.004441716009750962,-0.0035761629114858806,-0.00258366740308702,-0.000511562277097255,0.0012932266507700652,,,,,,,,,,,,,1.927440845175855e-05,0,,,,,,,,,,,,,,,,,,,,,,,,,,,,,,,,,,,,,,,,,,filter,,,,,,,44,,,,,,,,,,,,,,,,,,,,,,,,,,,U
,,,,,,,,,,,,,,,,,,,,,,,,,,,,,,,,,,,,,,,,,,,,,,,,,,,,,,,,,,,,,,,,,,,,,,,,,,,,,,,,,,,Grocery,0.06745681410285119,-0.027592673897743225,-0.06745681410285119,-0.07702571153640747,-0.07695689350366593,-0.07559608966112137,-0.0736269410699606,-0.06954130157828331,-0.06324920989573002,-0.05637892521917819,-0.04276563961058852,0.007908292241038839,-0.04509314149618149,,,,,,,,,,,,,,,,,,,,,,,,,,,,,,,,,,,,,,,,,,,,,,,,,,,,,,,,0.1395622845640943,-0.09471287578344345,-0.1395622845640943,-0.15630336105823517,-0.15094279140233993,-0.1484605997800827,-0.14596199616789818,-0.14161839336156845,-0.13503212109208107,-0.12769476622343062,-0.1133145288378,0.00844098654877545,,0.012767807580530643,3,,,,,,,,,,,,,,,,,,,,,,,,,,,,,,,,text,1.0,,,,,,,,,,,,,,,,,,,,,,,,,,,,,,,,,,,,,0.031658032686377915,-0.031082909554243088,-0.031658032686377915,-0.03222772851586342,-0.032094200551509855,-0.03191363625228405,-0.03179299924522638,-0.031654270365834236,-0.03152186144143343,-0.03140863254666328,-0.031247435975819825,0.0001916397160517689,0.10995794492222567,0.10995794492222567,0.008122103053044822,-4.444663659342041e-07,-0.008122103053044822,-0.017675725743174553,-0.013558923341333866,-0.010773346852511167,-0.009797579608857632,-0.008424692321568727,-0.006782980170100927,-0.004900494031608104,-0.0009702904499135911,0.0024528890106437916,,,,,,,,,,,,,7.125025391660809e-05,0,,,,,,,,,,,,,,,,,,,,,,,,,,,,,,,,,,,,,,,,,,filter,,,,,,,44,,,,,,,,,,,,,,,,,,,,,,,,,,,U
,,,,,,,,,,,,,,,,,,,,,,,,,,,,,,,,,,,,,,,,,,,,,,,,,,,,,,,,,,,,,,,,,,,,,,,,,,,,,,,,,,,Grocery,0.019335805845155717,-0.004223970230668783,-0.019335805845155717,-0.021267816424369812,-0.021008408814668655,-0.020728735066950322,-0.020461692940443754,-0.0199696971103549,-0.019045053515583277,-0.01709912847727537,-0.01147373493760824,0.0019073277333688668,-0.018386146053671837,,,,,,,,,,,,,,,,,,,,,,,,,,,,,,,,,,,,,,,,,,,,,,,,,,,,,,,,0.16511118627584578,0.1827416568994522,0.16511118627584578,0.15354253351688385,0.1558261263370514,0.16032970547676087,0.16270343214273453,0.16529913991689682,0.16769089922308922,0.16948660910129548,0.1733201426267624,0.0036746149541482423,,0.13799229264259338,0,,,,,,,,,,,,,,,,,,,,,,,,,,,,,,,,visual,0.0,,,,,,,,,,,,,,,,,,,,,,,,,,,,,,,,,,,,,0.05508732999587375,0.056671638041734695,0.05508732999587375,0.05242898315191269,0.053394337221980094,0.05408712439239025,0.05458368081599474,0.05514909513294697,0.055668819695711136,0.05597481466829777,0.05631701987236738,0.000714498241637695,0.8181541600409494,0.8181541600409494,0.009753517396006063,0.019520025700330734,0.009753517396006063,1.4520514923788141e-06,0.0008795163512695579,0.005321395862847566,0.007604322861880064,0.010047195013612509,0.01224594353698194,0.013902398757636547,0.015541639272123577,0.003318519485033118,,,,,,,,,,,,,1.350279506124989e-05,0,,,,,,,,,,,,,,,,,,,,,,,,,,,,,,,,,,,,,,,,,,filter,,,,,,,44,,,,,,,,,,,,,,,,,,,,,,,,,,,U
,,,,,,,,,,,,,,,,,,,,,,,,,,,,,,,,,,,,,,,,,,,,,,,,,,,,,,,,,,,,,,,,,,,,,,,,,,,,,,,,,,,Grocery,0.013150443508931981,0.02061735838651657,0.013150443508931981,0.0013337607961148024,0.007089325245469808,0.009598514810204507,0.011285139713436365,0.013190402649343014,0.015007371548563242,0.016600864194333556,0.01947129637002945,0.002698848940279528,0.009746107272803783,,,,,,,,,,,,,,,,,,,,,,,,,,,,,,,,,,,,,,,,,,,,,,,,,,,,,,,,0.13941052152657518,0.1481306254863739,0.13941052152657518,0.12727874517440796,0.1329165755212307,0.13569723218679428,0.13745803758502007,0.139446459710598,0.1413761042058468,0.14300475567579268,0.14594772398471834,0.002833344045781857,,0.13751474022865295,1,,,,,,,,,,,,,,,,,,,,,,,,,,,,,,,,visual,0.0,,,,,,,,,,,,,,,,,,,,,,,,,,,,,,,,,,,,,0.01835977455826481,-0.017468061298131943,-0.01835977455826481,-0.018889429047703743,-0.018770084623247384,-0.018655981682240964,-0.018553887959569693,-0.01838035974651575,-0.01819179579615593,-0.018025256879627704,-0.01779375521466136,0.00023859112415039317,0.08840804960008775,0.08840804960008775,0.0026409921610358877,-3.9317677646977245e-07,-0.0026409921610358877,-0.005285501945763826,-0.004208261063322425,-0.0037643984192982315,-0.0033158744918182492,-0.00272051221691072,-0.0020590476342476904,-0.001440891867969185,-0.00023814955275156343,0.0008985664958897183,,,,,,,,,,,,,8.0278384817675e-06,0,,,,,,,,,,,,,,,,,,,,,,,,,,,,,,,,,,,,,,,,,,filter,,,,,,,44,,,,,,,,,,,,,,,,,,,,,,,,,,,U
,,,,,,,,,,,,,,,,,,,,,,,,,,,,,,,,,,,,,,,,,,,,,,,,,,,,,,,,,,,,,,,,,,,,,,,,,,,,,,,,,,,Grocery,0.023483303953514167,0.02567431703209877,0.023483303953514167,0.016423847526311874,0.01987075760960579,0.02169627360999584,0.02278903080150485,0.023833288811147213,0.024435929488390684,0.02471719291061163,0.025028156153857707,0.001224261890506327,0.02163410745561123,,,,,,,,,,,,,,,,,,,,,,,,,,,,,,,,,,,,,,,,,,,,,,,,,,,,,,,,0.7585249701330474,0.7649859189987183,0.7585249701330474,0.7481739521026611,0.7530509895086288,0.7557036280632019,0.7571171969175339,0.7586291432380676,0.7600530236959457,0.761226361989975,0.7632950758934021,0.0022020695250374073,,0.7373277544975281,2,,,,,,,,,,,,,,,,,,,,,,,,,,,,,,,,visual,0.0,,,,,,,,,,,,,,,,,,,,,,,,,,,,,,,,,,,,,0.018387808159772204,-0.017514199018478394,-0.018387808159772204,-0.018909143283963203,-0.018792634401470422,-0.018680074810981752,-0.018579300958663225,-0.018408147618174553,-0.018222271464765072,-0.018058476410806178,-0.017830086909234523,0.00023527942883497957,0.7060189794867258,0.7060189794867258,0.00553238201651167,-8.236314101850439e-07,-0.00553238201651167,-0.011072132736444473,-0.008815515721216798,-0.007885706797242164,-0.006946133682504296,-0.0056989616714417934,-0.0043133177096024156,-0.003018397581763565,-0.0004988785547902768,0.0018823278592847586,,,,,,,,,,,,,4.8491101930984726e-06,0,,,,,,,,,,,,,,,,,,,,,,,,,,,,,,,,,,,,,,,,,,filter,,,,,,,44,,,,,,,,,,,,,,,,,,,,,,,,,,,U
,,,,,,,,,,,,,,,,,,,,,,,,,,,,,,,,,,,,,,,,,,,,,,,,,,,,,,,,,,,,,,,,,,,,,,,,,,,,,,,,,,,Grocery,0.020470912433869216,0.02149019204080105,0.020470912433869216,0.014898985624313354,0.01766044406220317,0.019035324081778528,0.01992364600300789,0.020804052241146564,0.021224054507911205,0.021391777135431767,0.02148841567337513,0.0009579132161485208,0.020044494420289993,,,,,,,,,,,,,,,,,,,,,,,,,,,,,,,,,,,,,,,,,,,,,,,,,,,,,,,,0.033363322666617665,0.03581744432449341,0.033363322666617665,0.026607483625411987,0.030063269119709732,0.03185296058654785,0.032802957110106945,0.03356425277888775,0.034133072942495346,0.034552371874451634,0.035201241821050645,0.0011014071849545642,,0.012767807580530643,3,,,,,,,,,,,,,,,,,,,,,,,,,,,,,,,,visual,0.0,,,,,,,,,,,,,,,,,,,,,,,,,,,,,,,,,,,,,0.01833974727740036,-0.017446724697947502,-0.01833974727740036,-0.01887306198477745,-0.01875403005629778,-0.018638521991670133,-0.018535575829446316,-0.018360410816967487,-0.018170307856053114,-0.018002697452902793,-0.017770016118884086,0.0002406308540076403,0.21194376334208287,0.21194376334208287,0.0015801435619171697,-2.3524331993485248e-07,-0.0015801435619171697,-0.0031623917166143656,-0.0025178631860762832,-0.002252293564379215,-0.0019839354208670557,-0.0016277215327136219,-0.0012319578090682626,-0.0008621063374448566,-0.00014248830193537172,0.0005376252472740112,,,,,,,,,,,,,1.2130977870695378e-06,0,,,,,,,,,,,,,,,,,,,,,,,,,,,,,,,,,,,,,,,,,,filter,,,,,,,44,,,,,,,,,,,,,,,,,,,,,,,,,,,U
,,,,,,,,,,,,,,,,,,,,,,,,,,,,,,,,,,,,,,,,,,,,,,,,,,,,,,,,,,,,,,,,,,,,,,,,,,,,,,,,,,,ele-fashion,0.05982014239359456,0.06139949709177017,0.05982014239359456,0.05128049477934837,0.0552065446972847,0.05733028054237366,0.059083424508571625,0.06053797900676727,0.06088154390454292,0.0610552653670311,0.061223084665834905,0.0015290091635795804,0.03925872594118118,,,,,,,,,,,,,,,,,,,,,,,,,,,,,,,,,,,,,,,,,,,,,,,,,,,,,,,,0.3976348669158089,0.453366756439209,0.3976348669158089,0.3836819529533386,0.3880880236625671,0.3906806856393814,0.3927261456847191,0.39484764635562897,0.39847254008054733,0.40985314548015594,0.43103794902563103,0.008714255121975116,,0.1921299397945404,0,,,,,,,,,,,,,,,,,,,,,,,,,,,,,,,,text,0.0,,,,,,,,,,,,,,,,,,,,,,,,,,,,,,,,,,,,,0.09665701648940703,0.09930358082056046,0.09665701648940703,0.09312909841537476,0.09431541860103607,0.09519347548484802,0.09572604112327099,0.0965660810470581,0.09772556461393833,0.09814887121319771,0.09868193678557872,0.0011404203426143029,0.9693423071624424,0.9693423071624424,0.009769049652267686,0.06493942439556122,0.009769049652267686,0.0,0.00032109609892359,0.0028626148123294115,0.0051113099325448275,0.007275074953213334,0.010302314767614007,0.0216111708432436,0.04260265156626702,0.008508842749290693,,,,,,,,,,,,,7.593824233086955e-05,0,,,,,,,,,,,,,,,,,,,,,,,,,,,,,,,,,,,,,,,,,,filter,,,,,,,42,,,,,,,,,,,,,,,,,,,,,,,,,,,U
,,,,,,,,,,,,,,,,,,,,,,,,,,,,,,,,,,,,,,,,,,,,,,,,,,,,,,,,,,,,,,,,,,,,,,,,,,,,,,,,,,,ele-fashion,0.024206670147240487,0.026913896203041077,-0.023122947180086766,-0.06579022109508514,-0.0634604886174202,-0.0529517587274313,-0.040478790178895,-0.019220393151044846,-0.00659248698502779,0.0006009135395288467,0.011284577101469047,0.020069839585700962,-0.04286922141909599,,,,,,,,,,,,,,,,,,,,,,,,,,,,,,,,,,,,,,,,,,,,,,,,,,,,,,,,0.017518768756204374,0.03989807516336441,-0.010138478953704561,-0.05371982604265213,-0.050092573091387746,-0.03977056406438351,-0.02717849751934409,-0.006353359669446945,0.006185062578879297,0.013332599308341742,0.02435186719521883,0.019894527431666316,,0.08685249835252762,1,,,,,,,,,,,,,,,,,,,,,,,,,,,,,,,,text,0.6173209547996521,,,,,,,,,,,,,,,,,,,,,,,,,,,,,,,,,,,,,0.031874296302792225,-0.030590135604143143,-0.031874296302792225,-0.03286277502775192,-0.03260321151465177,-0.03241060487926006,-0.03225708659738302,-0.031844362616539,-0.0315391905605793,-0.031344907358288765,-0.03102504638954997,0.0004114114941196374,-0.0014482052236456833,-0.0014482052236456833,0.0008754876018637545,0.005819773767143488,0.0008754876018637545,0.0,2.877615097531816e-05,0.0002565432514529675,0.0004580679378705099,0.0006519813323393464,0.0009232780139427632,0.0019367608474567533,0.0038179857656359677,0.0007625497458686135,,,,,,,,,,,,,0.00039579222172932355,0,,,,,,,,,,,,,,,,,,,,,,,,,,,,,,,,,,,,,,,,,,filter,,,,,,,42,,,,,,,,,,,,,,,,,,,,,,,,,,,U
,,,,,,,,,,,,,,,,,,,,,,,,,,,,,,,,,,,,,,,,,,,,,,,,,,,,,,,,,,,,,,,,,,,,,,,,,,,,,,,,,,,ele-fashion,0.050430901751847064,-0.03984914720058441,-0.050430901751847064,-0.052980925887823105,-0.052971316315233705,-0.052452174946665764,-0.05174630135297775,-0.050729021430015564,-0.049518318846821785,-0.04813835397362709,-0.044397395104169846,0.0018029669576072,-0.03730021044611931,,,,,,,,,,,,,,,,,,,,,,,,,,,,,,,,,,,,,,,,,,,,,,,,,,,,,,,,0.5500572244182799,0.5637465119361877,0.5500572244182799,0.5238046050071716,0.5346297025680542,0.5439361333847046,0.5486518293619156,0.5508781671524048,0.5528644323348999,0.5546382069587708,0.5575829267501831,0.004520486190714981,,0.6742045283317566,2,,,,,,,,,,,,,,,,,,,,,,,,,,,,,,,,text,0.0,,,,,,,,,,,,,,,,,,,,,,,,,,,,,,,,,,,,,0.031607326128616345,-0.030265258625149727,-0.031607326128616345,-0.032623860985040665,-0.03238465618342161,-0.03218022547662258,-0.03201800584793091,-0.031572116538882256,-0.03124944493174553,-0.031046711839735508,-0.030714130215346813,0.0004373786613243692,0.8562026108076902,0.8562026108076902,0.004808847063919929,-0.0,-0.004808847063919929,-0.031966645270586014,-0.02097129598259926,-0.010638170409947634,-0.0050713487435132265,-0.0035811797715723515,-0.0025160592049360275,-0.0014091316843405366,-0.00015806061492185084,0.004188506038995579,,,,,,,,,,,,,2.0434795400444837e-05,0,,,,,,,,,,,,,,,,,,,,,,,,,,,,,,,,,,,,,,,,,,filter,,,,,,,42,,,,,,,,,,,,,,,,,,,,,,,,,,,U
,,,,,,,,,,,,,,,,,,,,,,,,,,,,,,,,,,,,,,,,,,,,,,,,,,,,,,,,,,,,,,,,,,,,,,,,,,,,,,,,,,,ele-fashion,0.04932650331056999,-0.028504760935902596,-0.04932650331056999,-0.05556008219718933,-0.05555313639342785,-0.05408880673348904,-0.05234367027878761,-0.05021873489022255,-0.04740824829787016,-0.04309565760195255,-0.035846557281911356,0.004365730661677184,-0.038911446928977966,,,,,,,,,,,,,,,,,,,,,,,,,,,,,,,,,,,,,,,,,,,,,,,,,,,,,,,,0.17332559329321798,-0.1502920240163803,-0.17332559329321798,-0.20670783519744873,-0.19278451502323152,-0.1817176267504692,-0.17670943960547447,-0.17302055656909943,-0.16943837702274323,-0.16526097059249878,-0.15790833979845048,0.006715864287801124,,-0.04607655853033066,3,,,,,,,,,,,,,,,,,,,,,,,,,,,,,,,,text,1.0,,,,,,,,,,,,,,,,,,,,,,,,,,,,,,,,,,,,,0.03317539402406671,-0.03227371722459793,-0.03317539402406671,-0.03384463116526604,-0.03369210306555033,-0.03355860151350498,-0.033450606279075146,-0.033152610063552856,-0.03293805383145809,-0.03280109912157059,-0.03257658611983061,0.0002920915020013683,0.5876393325858086,0.5876393325858086,0.00583569056151964,-0.0,-0.00583569056151964,-0.038792554289102554,-0.025449342094361782,-0.012909762095659971,-0.006154244649223983,-0.004345876630395651,-0.0030533188255503774,-0.0017100265249609947,-0.00019181164316250913,0.0050828867802857405,,,,,,,,,,,,,4.51028331321625e-05,0,,,,,,,,,,,,,,,,,,,,,,,,,,,,,,,,,,,,,,,,,,filter,,,,,,,42,,,,,,,,,,,,,,,,,,,,,,,,,,,U
,,,,,,,,,,,,,,,,,,,,,,,,,,,,,,,,,,,,,,,,,,,,,,,,,,,,,,,,,,,,,,,,,,,,,,,,,,,,,,,,,,,ele-fashion,0.0610044996070084,0.06363450735807419,0.0610044996070084,0.03709679841995239,0.047518033906817435,0.0553607065230608,0.06076048593968153,0.06266621872782707,0.06315277516841888,0.06335620582103729,0.06352422274649143,0.003680905395229658,0.04888550564646721,,,,,,,,,,,,,,,,,,,,,,,,,,,,,,,,,,,,,,,,,,,,,,,,,,,,,,,,0.42156473381680565,0.43977147340774536,0.42156473381680565,0.3813796639442444,0.40286608040332794,0.4127161353826523,0.41878553479909897,0.4229798913002014,0.42571546882390976,0.427992582321167,0.4309802666306496,0.0061258240302892435,,0.1921299397945404,0,,,,,,,,,,,,,,,,,,,,,,,,,,,,,,,,visual,0.0,,,,,,,,,,,,,,,,,,,,,,,,,,,,,,,,,,,,,0.09889588333096135,0.10432125627994537,0.09889588333096135,0.09095709770917892,0.09239062257111072,0.094130028039217,0.09695249237120152,0.09948945790529251,0.1011320911347866,0.10239555314183235,0.10338159166276455,0.0029494297628946207,0.7708942259877386,0.7708942259877386,0.02064890162689385,0.03859561309218407,0.02064890162689385,0.0,0.003084311238490045,0.012976042460650206,0.017932828050106764,0.02232483960688114,0.024651422165334225,0.025542836636304855,0.028159531112760327,0.005383760238620558,,,,,,,,,,,,,3.7525720050069155e-05,0,,,,,,,,,,,,,,,,,,,,,,,,,,,,,,,,,,,,,,,,,,filter,,,,,,,42,,,,,,,,,,,,,,,,,,,,,,,,,,,U
,,,,,,,,,,,,,,,,,,,,,,,,,,,,,,,,,,,,,,,,,,,,,,,,,,,,,,,,,,,,,,,,,,,,,,,,,,,,,,,,,,,ele-fashion,0.026401612799703197,0.0501631423830986,-0.01984761171990861,-0.06116132065653801,-0.05750587377697229,-0.04650597274303436,-0.03771979920566082,-0.02386627532541752,-0.005202010739594698,0.015367641113698483,0.034259255789220344,0.02288948704978918,-0.039186857640743256,,,,,,,,,,,,,,,,,,,,,,,,,,,,,,,,,,,,,,,,,,,,,,,,,,,,,,,,0.02055675077656743,0.06346219778060913,-0.005871606709784361,-0.04861325025558472,-0.04407485462725162,-0.033154767006635666,-0.024307996034622192,-0.010134350508451462,0.009339960059151053,0.030297625809907913,0.04884676970541478,0.023447211341154427,,0.08685249835252762,1,,,,,,,,,,,,,,,,,,,,,,,,,,,,,,,,visual,0.6444367170333862,,,,,,,,,,,,,,,,,,,,,,,,,,,,,,,,,,,,,0.03250092014020239,-0.029621059074997902,-0.03250092014020239,-0.034469325095415115,-0.03412699047476053,-0.033765966072678566,-0.03331260196864605,-0.032715003937482834,-0.03179866075515747,-0.030775461345911026,-0.03014423409476876,0.0010680469548493212,-0.0030094313195653975,-0.0030094313195653975,0.0011887155659455202,-0.0,-0.0011887155659455202,-0.0022218714002519846,-0.0016210873378440737,-0.0014704494969919324,-0.0014191326044965535,-0.0012851959327235818,-0.0010323566966690123,-0.0007470045529771596,-0.00017755756707629118,0.00030993220417541736,,,,,,,,,,,,,0.0005497717196767608,0,,,,,,,,,,,,,,,,,,,,,,,,,,,,,,,,,,,,,,,,,,filter,,,,,,,42,,,,,,,,,,,,,,,,,,,,,,,,,,,U
,,,,,,,,,,,,,,,,,,,,,,,,,,,,,,,,,,,,,,,,,,,,,,,,,,,,,,,,,,,,,,,,,,,,,,,,,,,,,,,,,,,ele-fashion,0.06349506753185724,-0.04859837889671326,-0.06349506753185724,-0.06556998938322067,-0.06556642577052116,-0.06519665196537971,-0.06477952562272549,-0.06404951587319374,-0.06281863525509834,-0.06101349554955959,-0.0568172900006175,0.0018645459991319337,-0.05344528332352638,,,,,,,,,,,,,,,,,,,,,,,,,,,,,,,,,,,,,,,,,,,,,,,,,,,,,,,,0.5151100956470367,0.5346781015396118,0.5151100956470367,0.5048291087150574,0.5107961088418961,0.5121689438819885,0.5130903869867325,0.5142226219177246,0.5163530260324478,0.5194448828697205,0.5254111349582673,0.0030880948352914983,,0.6742045283317566,2,,,,,,,,,,,,,,,,,,,,,,,,,,,,,,,,visual,0.0,,,,,,,,,,,,,,,,,,,,,,,,,,,,,,,,,,,,,0.032178958464414875,-0.029169533401727676,-0.032178958464414875,-0.03427072986960411,-0.03390673622488975,-0.03352459706366062,-0.03303602896630764,-0.03240151144564152,-0.031428780406713486,-0.03035718761384487,-0.029705690685659644,0.0011289611969361477,0.7003575507780262,0.7003575507780262,0.009975127023551718,-0.0,-0.009975127023551718,-0.018644873052835464,-0.013603381859138609,-0.012339302338659763,-0.011908675776794553,-0.010784743819385767,-0.008663038956001401,-0.006268501514568925,-0.0014899774279911013,0.002600801398622941,,,,,,,,,,,,,9.536329711754027e-06,0,,,,,,,,,,,,,,,,,,,,,,,,,,,,,,,,,,,,,,,,,,filter,,,,,,,42,,,,,,,,,,,,,,,,,,,,,,,,,,,U
,,,,,,,,,,,,,,,,,,,,,,,,,,,,,,,,,,,,,,,,,,,,,,,,,,,,,,,,,,,,,,,,,,,,,,,,,,,,,,,,,,,ele-fashion,0.05667452547116448,-0.037435222417116165,-0.05667452547116448,-0.05954381078481674,-0.05954325199127197,-0.059102073311805725,-0.05849479418247938,-0.05753617361187935,-0.05565239116549492,-0.05316636152565479,-0.04695905055850744,0.0026933166492355497,-0.049348846077919006,,,,,,,,,,,,,,,,,,,,,,,,,,,,,,,,,,,,,,,,,,,,,,,,,,,,,,,,0.19580099416470964,-0.17307426035404205,-0.19580099416470964,-0.20457082986831665,-0.20051756650209426,-0.1993064507842064,-0.19839265942573547,-0.19697007536888123,-0.19417263194918633,-0.19049608707427979,-0.18336875215172768,0.003742186713253391,,-0.04607655853033066,3,,,,,,,,,,,,,,,,,,,,,,,,,,,,,,,,visual,1.0,,,,,,,,,,,,,,,,,,,,,,,,,,,,,,,,,,,,,0.034216004759285115,-0.03216651454567909,-0.034216004759285115,-0.03558371961116791,-0.03534810915589333,-0.03510483726859093,-0.034785427153110504,-0.034372881054878235,-0.03372137248516083,-0.03299541026353836,-0.03254158534109593,0.0007528734221329099,0.4987826300893315,0.4987826300893315,0.009485059321002996,-0.0,-0.009485059321002996,-0.01772886887192726,-0.012935061752796174,-0.011733084917068481,-0.01132361451163888,-0.010254900436848402,-0.008237432222813368,-0.0059605364222079515,-0.001416776381665835,0.002473026708876823,,,,,,,,,,,,,1.4003961396850218e-05,0,,,,,,,,,,,,,,,,,,,,,,,,,,,,,,,,,,,,,,,,,,filter,,,,,,,42,,,,,,,,,,,,,,,,,,,,,,,,,,,U
,,,,,,,,,,,,,,,,,,,,,,,,,,,,,,,,,,,,,,,,,,,,,,,,,,,,,,,,,,,,,,,,,,,,,,,,,,,,,,,,,,,ele-fashion,0.05301232451261208,0.05553031712770462,0.05301232451261208,0.03818144276738167,0.04516468849033117,0.04946346394717693,0.052302731201052666,0.05397799797356129,0.05453822761774063,0.05483490228652954,0.05516987480223179,0.0023102550574473205,0.037704478949308395,,,,,,,,,,,,,,,,,,,,,,,,,,,,,,,,,,,,,,,,,,,,,,,,,,,,,,,,0.401314781072343,0.47604691982269287,0.401314781072343,0.37630710005760193,0.38554503917694094,0.39026451110839844,0.3942243531346321,0.39862868189811707,0.4038243293762207,0.41681860387325287,0.44561296701431274,0.01178398347463212,,0.19814863801002502,0,,,,,,,,,,,,,,,,,,,,,,,,,,,,,,,,text,0.0,,,,,,,,,,,,,,,,,,,,,,,,,,,,,,,,,,,,,0.09647729016310505,0.0994570404291153,0.09647729016310505,0.09246419370174408,0.09391508623957634,0.09494984149932861,0.09568729065358639,0.09658470004796982,0.0973353274166584,0.09780780225992203,0.09854326546192169,0.0010936693839121647,0.9577986397906493,0.9577986397906493,0.01597204575042405,0.08925294876098633,0.01597204575042405,0.0,0.0006487369886599481,0.0049476835411041975,0.009224223904311657,0.013523552101105452,0.018188882619142532,0.030909916386008263,0.05911690052598742,0.011443014135837228,,,,,,,,,,,,,0.00013886226653040288,0,,,,,,,,,,,,,,,,,,,,,,,,,,,,,,,,,,,,,,,,,,filter,,,,,,,43,,,,,,,,,,,,,,,,,,,,,,,,,,,U
,,,,,,,,,,,,,,,,,,,,,,,,,,,,,,,,,,,,,,,,,,,,,,,,,,,,,,,,,,,,,,,,,,,,,,,,,,,,,,,,,,,ele-fashion,0.034060936763046085,0.08261451870203018,-0.011535071216368955,-0.08907173573970795,-0.08396996408700944,-0.06551004946231842,-0.044407607056200504,-0.010622725822031498,0.020456401631236076,0.04142634756863117,0.05967999547719958,0.03895506924533615,-0.04930392652750015,,,,,,,,,,,,,,,,,,,,,,,,,,,,,,,,,,,,,,,,,,,,,,,,,,,,,,,,0.032850329887523885,0.09038485586643219,-0.004098165666673,-0.08402284234762192,-0.07627421133220195,-0.05798247642815113,-0.036630977876484394,-0.0028074030997231603,0.02757943794131279,0.04810802452266216,0.06654957272112376,0.03866386389920211,,0.08509058505296707,1,,,,,,,,,,,,,,,,,,,,,,,,,,,,,,,,text,0.5238221883773804,,,,,,,,,,,,,,,,,,,,,,,,,,,,,,,,,,,,,0.03189070544569329,-0.03044683113694191,-0.03189070544569329,-0.03297612816095352,-0.032636269368231295,-0.032365286722779274,-0.03219579812139273,-0.03192859701812267,-0.031609282828867435,-0.03134511969983578,-0.030975088849663733,0.0003907016416085978,-0.0010936687938666058,-0.0010936687938666058,0.0035409524607018985,0.019787099212408066,0.0035409524607018985,0.0,0.00014382295630639417,0.001096885942388326,0.0020449815783649683,0.0029981291154399514,0.004032418364658952,0.006852631689980626,0.013106031762436092,0.0025368803550708573,,,,,,,,,,,,,0.0014948943716160238,0,,,,,,,,,,,,,,,,,,,,,,,,,,,,,,,,,,,,,,,,,,filter,,,,,,,43,,,,,,,,,,,,,,,,,,,,,,,,,,,U
,,,,,,,,,,,,,,,,,,,,,,,,,,,,,,,,,,,,,,,,,,,,,,,,,,,,,,,,,,,,,,,,,,,,,,,,,,,,,,,,,,,ele-fashion,0.05532945012705934,-0.013828998431563377,-0.05532945012705934,-0.06446260213851929,-0.06440103575587272,-0.06277646124362946,-0.061251564882695675,-0.05808592401444912,-0.051531970500946045,-0.04297684691846371,-0.031662225723266595,0.007910360580948314,-0.046786852180957794,,,,,,,,,,,,,,,,,,,,,,,,,,,,,,,,,,,,,,,,,,,,,,,,,,,,,,,,0.5238268437055339,0.5659873485565186,0.5238268437055339,0.48519060015678406,0.5008768856525421,0.5131643414497375,0.5179110169410706,0.522476315498352,0.5291887372732162,0.5375126600265503,0.5493214845657349,0.009754800115738765,,0.6652299761772156,2,,,,,,,,,,,,,,,,,,,,,,,,,,,,,,,,text,0.0,,,,,,,,,,,,,,,,,,,,,,,,,,,,,,,,,,,,,0.03168249228256707,-0.030181754380464554,-0.03168249228256707,-0.03280637040734291,-0.03246137406677008,-0.03218412213027477,-0.03200570493936539,-0.0317216832190752,-0.03138389531522989,-0.031108158640563488,-0.030719783157110214,0.0004119505159706561,0.34436742872787174,0.34436742872787174,0.007604345511080145,-0.0,-0.007604345511080145,-0.042493633925914764,-0.028145758341997864,-0.014716317411512136,-0.008659789804369211,-0.006438609212636948,-0.004391684662550688,-0.0023556090891361237,-0.00030886589374858156,0.0054480580973350935,,,,,,,,,,,,,9.515612529801702e-05,0,,,,,,,,,,,,,,,,,,,,,,,,,,,,,,,,,,,,,,,,,,filter,,,,,,,43,,,,,,,,,,,,,,,,,,,,,,,,,,,U
,,,,,,,,,,,,,,,,,,,,,,,,,,,,,,,,,,,,,,,,,,,,,,,,,,,,,,,,,,,,,,,,,,,,,,,,,,,,,,,,,,,ele-fashion,0.046357155284055714,-0.01044306717813015,-0.046357155284055714,-0.05978018790483475,-0.05967314783483744,-0.05607258155941963,-0.05301151517778635,-0.048198673874139786,-0.041300853714346886,-0.03333554230630398,-0.02243414986878633,0.008751541142081985,-0.0441267266869545,,,,,,,,,,,,,,,,,,,,,,,,,,,,,,,,,,,,,,,,,,,,,,,,,,,,,,,,0.1895922476395017,-0.14507433772087097,-0.1895922476395017,-0.2471093237400055,-0.2236403524875641,-0.20423290878534317,-0.1969696246087551,-0.18979671597480774,-0.18176008015871048,-0.17363884299993515,-0.16121022924780842,0.012423406160872183,,-0.054295625537633896,3,,,,,,,,,,,,,,,,,,,,,,,,,,,,,,,,text,1.0,,,,,,,,,,,,,,,,,,,,,,,,,,,,,,,,,,,,,0.03290409248217005,-0.031835608184337616,-0.03290409248217005,-0.03368937224149704,-0.03344677407294512,-0.03325835056602955,-0.03313376568257809,-0.03293313831090927,-0.03269386477768421,-0.032497888430953026,-0.03221947085112333,0.00029133770561627203,0.49526020164270096,0.49526020164270096,0.0119086514066197,-0.0,-0.0119086514066197,-0.06654641032218933,-0.04407716896384955,-0.023046229034662247,-0.013561510713770986,-0.010083070956170559,-0.0068775201216340065,-0.003688960103318095,-0.0004836939973756557,0.008531835459301168,,,,,,,,,,,,,0.0001543410206379969,0,,,,,,,,,,,,,,,,,,,,,,,,,,,,,,,,,,,,,,,,,,filter,,,,,,,43,,,,,,,,,,,,,,,,,,,,,,,,,,,U
,,,,,,,,,,,,,,,,,,,,,,,,,,,,,,,,,,,,,,,,,,,,,,,,,,,,,,,,,,,,,,,,,,,,,,,,,,,,,,,,,,,ele-fashion,0.07173791435429375,0.07272431999444962,0.07173791435429375,0.05713395029306412,0.0683961909264326,0.07072007283568382,0.07146250084042549,0.07198962941765785,0.0723035242408514,0.07247290015220642,0.07262792438268661,0.0008776866162009913,0.056329917162656784,,,,,,,,,,,,,,,,,,,,,,,,,,,,,,,,,,,,,,,,,,,,,,,,,,,,,,,,0.4708454919722116,0.5084823369979858,0.4708454919722116,0.4270550310611725,0.439032681286335,0.45500312745571136,0.4651809185743332,0.47250130772590637,0.47852951288223267,0.4834616482257843,0.4916136622428894,0.011198449036544274,,0.19814863801002502,0,,,,,,,,,,,,,,,,,,,,,,,,,,,,,,,,visual,0.0,,,,,,,,,,,,,,,,,,,,,,,,,,,,,,,,,,,,,0.11018426651367713,0.11895794421434402,0.11018426651367713,0.09631474316120148,0.09877776689827442,0.10189516842365265,0.10702897235751152,0.11120087653398514,0.11418438516557217,0.11618709936738014,0.11750042028725148,0.005073231210075025,0.9103727103147807,0.9103727103147807,0.034444767296743235,0.06686356663703918,0.034444767296743235,0.0,0.002636758901644498,0.018135765567421913,0.028338981326669455,0.036906393244862556,0.0428848909214139,0.04607151634991169,0.05235516969114543,0.011156779618691206,,,,,,,,,,,,,0.00012540526082407936,0,,,,,,,,,,,,,,,,,,,,,,,,,,,,,,,,,,,,,,,,,,filter,,,,,,,43,,,,,,,,,,,,,,,,,,,,,,,,,,,U
,,,,,,,,,,,,,,,,,,,,,,,,,,,,,,,,,,,,,,,,,,,,,,,,,,,,,,,,,,,,,,,,,,,,,,,,,,,,,,,,,,,ele-fashion,0.03451373797019866,0.08309374004602432,-0.00787768998561227,-0.0850473940372467,-0.0770715769380331,-0.06050548516213894,-0.041659110225737095,-0.009105696808546782,0.02589392103254795,0.04646463692188263,0.0647313077002764,0.03934534456564368,-0.026336701586842537,,,,,,,,,,,,,,,,,,,,,,,,,,,,,,,,,,,,,,,,,,,,,,,,,,,,,,,,0.04081240152877951,0.12165523320436478,0.02828854478173467,-0.05659124627709389,-0.04308459740132094,-0.026574495248496532,-0.007530367933213711,0.027356190606951714,0.06371919065713882,0.08501257002353668,0.10421957597136498,0.04113693054346672,,0.08509058505296707,1,,,,,,,,,,,,,,,,,,,,,,,,,,,,,,,,visual,0.3066505789756775,,,,,,,,,,,,,,,,,,,,,,,,,,,,,,,,,,,,,0.035702399209332554,-0.030402222648262978,-0.035702399209332554,-0.039114803075790405,-0.038547265157103536,-0.03802507743239403,-0.037246801890432835,-0.03609034977853298,-0.0344823794439435,-0.03251614421606064,-0.031331480294466016,0.0019551922720326916,0.02447253128017901,0.02447253128017901,0.013114748660045276,0.025458116084337234,0.013114748660045276,0.0,0.0010039386164862663,0.00690514175221324,0.010789987863972783,0.014052006416022778,0.016328302677720785,0.01754160039126873,0.019934083148837094,0.004247912587653984,,,,,,,,,,,,,0.0016922470545380048,0,,,,,,,,,,,,,,,,,,,,,,,,,,,,,,,,,,,,,,,,,,filter,,,,,,,43,,,,,,,,,,,,,,,,,,,,,,,,,,,U
,,,,,,,,,,,,,,,,,,,,,,,,,,,,,,,,,,,,,,,,,,,,,,,,,,,,,,,,,,,,,,,,,,,,,,,,,,,,,,,,,,,ele-fashion,0.08261380419161005,-0.02449962869286537,-0.08261380419161005,-0.08731921017169952,-0.08731551729142666,-0.086862962692976,-0.08637520112097263,-0.08495721593499184,-0.08161852695047855,-0.07420758530497551,-0.06063267942517995,0.005936428063134884,-0.07678274065256119,,,,,,,,,,,,,,,,,,,,,,,,,,,,,,,,,,,,,,,,,,,,,,,,,,,,,,,,0.4487919047094734,0.4992222785949707,0.4487919047094734,0.426809698343277,0.43661429136991503,0.4401297867298126,0.4422571137547493,0.44645997881889343,0.4533935785293579,0.46139633655548096,0.4753853097558022,0.008667473738079757,,0.6652299761772156,2,,,,,,,,,,,,,,,,,,,,,,,,,,,,,,,,visual,0.0,,,,,,,,,,,,,,,,,,,,,,,,,,,,,,,,,,,,,0.03585999143739268,-0.030683448538184166,-0.03585999143739268,-0.03921261057257652,-0.03864881601184607,-0.03814278915524483,-0.03737305384129286,-0.03623472526669502,-0.03465093486011028,-0.03273680992424488,-0.031585224159061905,0.0019176751531113576,0.6395106752727834,0.6395106752727834,0.0211815127094264,-0.0,-0.0211815127094264,-0.04111717268824577,-0.032195360586047175,-0.028331280685961246,-0.026371693704277277,-0.022695268504321575,-0.01742681208997965,-0.011152432300150394,-0.0016214522183872699,0.006860765446058775,,,,,,,,,,,,,7.512510100030228e-05,0,,,,,,,,,,,,,,,,,,,,,,,,,,,,,,,,,,,,,,,,,,filter,,,,,,,43,,,,,,,,,,,,,,,,,,,,,,,,,,,U
,,,,,,,,,,,,,,,,,,,,,,,,,,,,,,,,,,,,,,,,,,,,,,,,,,,,,,,,,,,,,,,,,,,,,,,,,,,,,,,,,,,ele-fashion,0.08462865483487124,-0.04214119911193848,-0.08462865483487124,-0.08772052079439163,-0.08772042393684387,-0.0874992087483406,-0.08713336288928986,-0.08619688078761101,-0.08380848169326782,-0.07981738820672035,-0.06739585958421229,0.004202587223787014,-0.07736525684595108,,,,,,,,,,,,,,,,,,,,,,,,,,,,,,,,,,,,,,,,,,,,,,,,,,,,,,,,0.2812894110458147,-0.21851462125778198,-0.2812894110458147,-0.30728036165237427,-0.2950191184878349,-0.29088832437992096,-0.2883778363466263,-0.2836756110191345,-0.2764502167701721,-0.2675134837627411,-0.2527730673551559,0.009550595057013379,,-0.054295625537633896,3,,,,,,,,,,,,,,,,,,,,,,,,,,,,,,,,visual,1.0,,,,,,,,,,,,,,,,,,,,,,,,,,,,,,,,,,,,,0.038621875894501195,-0.035225044935941696,-0.038621875894501195,-0.0406305193901062,-0.04030873104929924,-0.040017809718847275,-0.03956514969468117,-0.03888215869665146,-0.037896331399679184,-0.036645952612161636,-0.0358607230708003,0.0012010057109022962,0.8186362350569454,0.8186362350569454,0.026378001736684108,-0.0,-0.026378001736684108,-0.05120450630784035,-0.04009389169514179,-0.03528183326125145,-0.03284149896353483,-0.02826312929391861,-0.02170215593650937,-0.013888473622500896,-0.0020192452240735217,0.008543926268736417,,,,,,,,,,,,,9.121386594304837e-05,0,,,,,,,,,,,,,,,,,,,,,,,,,,,,,,,,,,,,,,,,,,filter,,,,,,,43,,,,,,,,,,,,,,,,,,,,,,,,,,,U
,,,,,,,,,,,,,,,,,,,,,,,,,,,,,,,,,,,,,,,,,,,,,,,,,,,,,,,,,,,,,,,,,,,,,,,,,,,,,,,,,,,ele-fashion,0.06374511345426118,0.06473436951637268,0.06374511345426118,0.055216699838638306,0.059930890798568726,0.06231138855218887,0.06350799277424812,0.06416601687669754,0.06437648460268974,0.06448857486248016,0.06461046300828457,0.001023052191296528,0.045847464352846146,,,,,,,,,,,,,,,,,,,,,,,,,,,,,,,,,,,,,,,,,,,,,,,,,,,,,,,,0.42635595093565665,0.4920201301574707,0.42635595093565665,0.40834543108940125,0.4127729520201683,0.41666068136692047,0.42004308104515076,0.423758327960968,0.4283283054828644,0.44034187495708466,0.46673831194639215,0.010688479738133035,,0.2025168091058731,0,,,,,,,,,,,,,,,,,,,,,,,,,,,,,,,,text,0.0,,,,,,,,,,,,,,,,,,,,,,,,,,,,,,,,,,,,,0.10042176477167075,0.10407385975122452,0.10042176477167075,0.09559324383735657,0.09736337885260582,0.09871352463960648,0.09962587803602219,0.10061269253492355,0.10132492706179619,0.10182686895132065,0.1026019748300314,0.0012012790800817893,0.9834054619171547,0.9834054619171547,0.013824803039920938,0.07933641970157623,0.013824803039920938,0.0,0.0005190655559999868,0.004172339802607894,0.007662630639970303,0.011298225726932287,0.01555782719515264,0.0275269728153944,0.053942312858998795,0.010575969791546597,,,,,,,,,,,,,0.00011424359911248043,0,,,,,,,,,,,,,,,,,,,,,,,,,,,,,,,,,,,,,,,,,,filter,,,,,,,44,,,,,,,,,,,,,,,,,,,,,,,,,,,U
,,,,,,,,,,,,,,,,,,,,,,,,,,,,,,,,,,,,,,,,,,,,,,,,,,,,,,,,,,,,,,,,,,,,,,,,,,,,,,,,,,,ele-fashion,0.036510369219579134,0.09499599784612656,-0.007806602194870196,-0.09600226581096649,-0.09000202268362045,-0.0706959180533886,-0.04750911705195904,0.0019720435375347733,0.028192281257361174,0.042652428150177,0.059191574156284364,0.04258893033980174,-0.04294745624065399,,,,,,,,,,,,,,,,,,,,,,,,,,,,,,,,,,,,,,,,,,,,,,,,,,,,,,,,0.038036767570672876,0.10994288325309753,0.006769147599723199,-0.08298251777887344,-0.07499157302081585,-0.05602988228201866,-0.03242035489529371,0.016638613305985928,0.042533665895462036,0.05666924826800823,0.07316331118345262,0.042268304089388156,,0.08837468177080154,1,,,,,,,,,,,,,,,,,,,,,,,,,,,,,,,,text,0.3964875340461731,,,,,,,,,,,,,,,,,,,,,,,,,,,,,,,,,,,,,0.03309781362725729,-0.03134883567690849,-0.03309781362725729,-0.03445771709084511,-0.03389778360724449,-0.03361022099852562,-0.03342696093022823,-0.033167678862810135,-0.0328081576153636,-0.03247270733118057,-0.031979252584278584,0.00043902539004334436,-0.0015166517669277905,-0.0015166517669277905,0.0022463379288587076,0.012891062535345554,0.0022463379288587076,0.0,8.434092778770718e-05,0.0006779471004847437,0.0012450707436073571,0.0018358043162152171,0.0025279303081333637,0.004472749773412943,0.008764874376356604,0.0017184477792579985,,,,,,,,,,,,,0.0017866095305929875,0,,,,,,,,,,,,,,,,,,,,,,,,,,,,,,,,,,,,,,,,,,filter,,,,,,,44,,,,,,,,,,,,,,,,,,,,,,,,,,,U
,,,,,,,,,,,,,,,,,,,,,,,,,,,,,,,,,,,,,,,,,,,,,,,,,,,,,,,,,,,,,,,,,,,,,,,,,,,,,,,,,,,ele-fashion,0.04870610651680251,-0.032203104346990585,-0.04870610651680251,-0.052213601768016815,-0.05219049509614706,-0.051300350576639175,-0.05040748976171017,-0.049102652817964554,-0.04740993119776249,-0.04566906951367855,-0.04165210388600822,0.002302501762622202,-0.04695134609937668,,,,,,,,,,,,,,,,,,,,,,,,,,,,,,,,,,,,,,,,,,,,,,,,,,,,,,,,0.5337054737911646,0.5546750426292419,0.5337054737911646,0.5019878149032593,0.5146120905876159,0.5264747142791748,0.5314447432756424,0.5344151556491852,0.5373129099607468,0.5398598313331604,0.5444690465927124,0.0057258076528583,,0.6692960858345032,2,,,,,,,,,,,,,,,,,,,,,,,,,,,,,,,,text,0.0,,,,,,,,,,,,,,,,,,,,,,,,,,,,,,,,,,,,,0.032951115958567596,-0.031129984185099602,-0.032951115958567596,-0.03433454781770706,-0.03377382159233093,-0.033483754843473434,-0.033293225802481174,-0.033022262156009674,-0.03264894615858793,-0.03230616822838783,-0.03179877325892448,0.00045370917608575834,0.8528353520215851,0.8528353520215851,0.006982035835802145,-0.0,-0.006982035835802145,-0.04006781801581383,-0.027242859546095132,-0.01390213705599308,-0.007857277290895581,-0.005706021096557379,-0.003869911248330027,-0.0021071855444461107,-0.0002621472740429431,0.005341255122986734,,,,,,,,,,,,,3.278487327753067e-05,0,,,,,,,,,,,,,,,,,,,,,,,,,,,,,,,,,,,,,,,,,,filter,,,,,,,44,,,,,,,,,,,,,,,,,,,,,,,,,,,U
,,,,,,,,,,,,,,,,,,,,,,,,,,,,,,,,,,,,,,,,,,,,,,,,,,,,,,,,,,,,,,,,,,,,,,,,,,,,,,,,,,,ele-fashion,0.05351012816729893,-0.026665618643164635,-0.05351012816729893,-0.06117009371519089,-0.06116626691073179,-0.060006072744727135,-0.058556501753628254,-0.05624772794544697,-0.050094722770154476,-0.04154127091169357,-0.03489319738000631,0.006993075251866997,-0.045328289270401,,,,,,,,,,,,,,,,,,,,,,,,,,,,,,,,,,,,,,,,,,,,,,,,,,,,,,,,0.1932673050368488,-0.15957410633563995,-0.1932673050368488,-0.23875792324543,-0.22167999669909477,-0.20561110973358154,-0.19874722510576248,-0.1937410682439804,-0.18727654218673706,-0.17902596294879913,-0.17116096764802927,0.010335817216693622,,-0.05096694454550743,3,,,,,,,,,,,,,,,,,,,,,,,,,,,,,,,,text,1.0,,,,,,,,,,,,,,,,,,,,,,,,,,,,,,,,,,,,,0.03437283515770596,-0.03311442956328392,-0.03437283515770596,-0.03528158739209175,-0.034928261674940585,-0.034733980894088745,-0.03460592404007912,-0.03442205488681793,-0.034167769365012646,-0.0339334923774004,-0.03358495607972145,0.0003088973363035779,0.5058348828240683,0.5058348828240683,0.009089104188059345,-0.0,-0.009089104188059345,-0.05215965583920479,-0.035464325174689296,-0.018097583204507828,-0.010228479281067848,-0.007428008364513516,-0.005037789582274854,-0.002743100980296731,-0.0003412591991946071,0.006953161727087258,,,,,,,,,,,,,0.0001068291175369003,0,,,,,,,,,,,,,,,,,,,,,,,,,,,,,,,,,,,,,,,,,,filter,,,,,,,44,,,,,,,,,,,,,,,,,,,,,,,,,,,U
,,,,,,,,,,,,,,,,,,,,,,,,,,,,,,,,,,,,,,,,,,,,,,,,,,,,,,,,,,,,,,,,,,,,,,,,,,,,,,,,,,,ele-fashion,0.07835804638504364,0.07947291433811188,0.07835804638504364,0.05800073966383934,0.07188757546246052,0.07646144181489944,0.07823387905955315,0.07898321002721786,0.07921556755900383,0.079311802983284,0.0793953888118267,0.0015571356570846303,0.06322325766086578,,,,,,,,,,,,,,,,,,,,,,,,,,,,,,,,,,,,,,,,,,,,,,,,,,,,,,,,0.48167667844879414,0.5135635137557983,0.48167667844879414,0.4423101842403412,0.45507105737924575,0.46867500245571136,0.47658951580524445,0.48303449153900146,0.4884564280509949,0.4921669214963913,0.49862489849329,0.009385068834099486,,0.2025168091058731,0,,,,,,,,,,,,,,,,,,,,,,,,,,,,,,,,visual,0.0,,,,,,,,,,,,,,,,,,,,,,,,,,,,,,,,,,,,,0.11049259495606407,0.11871617287397385,0.11049259495606407,0.09531717002391815,0.09852400645613671,0.10214944556355476,0.10744194127619267,0.11192157492041588,0.11432098969817162,0.11588811874389648,0.11735561527311802,0.005017610016866942,0.809789670753373,0.809789670753373,0.027085970447653457,0.05576933175325394,0.027085970447653457,0.0,0.002141663827933371,0.014582931064069271,0.022657065652310848,0.0289565222337842,0.03325933590531349,0.035910839214921,0.041718275286257295,0.008602561827753563,,,,,,,,,,,,,8.807951702078547e-05,0,,,,,,,,,,,,,,,,,,,,,,,,,,,,,,,,,,,,,,,,,,filter,,,,,,,44,,,,,,,,,,,,,,,,,,,,,,,,,,,U
,,,,,,,,,,,,,,,,,,,,,,,,,,,,,,,,,,,,,,,,,,,,,,,,,,,,,,,,,,,,,,,,,,,,,,,,,,,,,,,,,,,ele-fashion,0.0409112873065778,0.10831273347139359,-0.02118281387319542,-0.10831772536039352,-0.09553963728249074,-0.07292060181498528,-0.05539152771234512,-0.027271270751953125,0.009567651897668839,0.0401940792798996,0.08025067485868942,0.04304586565432312,-0.029587090015411377,,,,,,,,,,,,,,,,,,,,,,,,,,,,,,,,,,,,,,,,,,,,,,,,,,,,,,,,0.03646156844973859,0.14477303624153137,0.010615859390105693,-0.08290158957242966,-0.06473540104925632,-0.042095087468624115,-0.024445493705570698,0.004404416307806969,0.04191064089536667,0.07341589778661728,0.11425998769700528,0.043924434573144426,,0.08837468177080154,1,,,,,,,,,,,,,,,,,,,,,,,,,,,,,,,,visual,0.4662356972694397,,,,,,,,,,,,,,,,,,,,,,,,,,,,,,,,,,,,,0.03633966268931362,-0.030907204374670982,-0.03633966268931362,-0.03929581120610237,-0.03879562728106976,-0.03826519288122654,-0.03770889714360237,-0.03684806078672409,-0.03525412920862436,-0.03335975110530853,-0.03208162970840931,0.0017909381019675001,0.0011004935499358535,0.0011004935499358535,0.009350744205087975,0.019252946600317955,0.009350744205087975,0.0,0.0007393550680717453,0.005034387111663818,0.007821776904165745,0.00999650452286005,0.011481942608952522,0.01239730603992939,0.014402175927534708,0.002969816248790669,,,,,,,,,,,,,0.0019293559525704455,0,,,,,,,,,,,,,,,,,,,,,,,,,,,,,,,,,,,,,,,,,,filter,,,,,,,44,,,,,,,,,,,,,,,,,,,,,,,,,,,U
,,,,,,,,,,,,,,,,,,,,,,,,,,,,,,,,,,,,,,,,,,,,,,,,,,,,,,,,,,,,,,,,,,,,,,,,,,,,,,,,,,,ele-fashion,0.07852107910530631,-0.07254662364721298,-0.07852107910530631,-0.07934297621250153,-0.07934268563985825,-0.07924062386155128,-0.0790468119084835,-0.07868412509560585,-0.07820142805576324,-0.07758060842752457,-0.07608827129006385,0.0007095222810420364,-0.066846564412117,,,,,,,,,,,,,,,,,,,,,,,,,,,,,,,,,,,,,,,,,,,,,,,,,,,,,,,,0.47304376272005577,0.49332597851753235,0.47304376272005577,0.4568983316421509,0.4644717305898666,0.4675811380147934,0.4694116786122322,0.4720866084098816,0.47562119364738464,0.4802696108818054,0.48775027841329577,0.005078105570363387,,0.6692960858345032,2,,,,,,,,,,,,,,,,,,,,,,,,,,,,,,,,visual,0.0,,,,,,,,,,,,,,,,,,,,,,,,,,,,,,,,,,,,,0.035823152206926986,-0.030132196843624115,-0.035823152206926986,-0.03900504857301712,-0.03846621867269277,-0.037896351888775826,-0.03728681243956089,-0.03636055625975132,-0.034643218852579594,-0.032645173370838165,-0.03130218759179115,0.0019141336299445355,0.8719781166345122,0.8719781166345122,0.015061542300496725,-0.0,-0.015061542300496725,-0.03101133555173874,-0.023198044300079344,-0.019968736916780472,-0.01849433034658432,-0.01610168907791376,-0.012598785571753979,-0.008109048008918762,-0.0011909028224181193,0.004783577873370757,,,,,,,,,,,,,2.5787156183755662e-05,0,,,,,,,,,,,,,,,,,,,,,,,,,,,,,,,,,,,,,,,,,,filter,,,,,,,44,,,,,,,,,,,,,,,,,,,,,,,,,,,U
,,,,,,,,,,,,,,,,,,,,,,,,,,,,,,,,,,,,,,,,,,,,,,,,,,,,,,,,,,,,,,,,,,,,,,,,,,,,,,,,,,,ele-fashion,0.06800686224295671,-0.058203309774398804,-0.06800686224295671,-0.06938226521015167,-0.06938222050666809,-0.06924515590071678,-0.0689600333571434,-0.06847921013832092,-0.06751025654375553,-0.06612249836325645,-0.06301793940365313,0.0013917074577411194,-0.06412472575902939,,,,,,,,,,,,,,,,,,,,,,,,,,,,,,,,,,,,,,,,,,,,,,,,,,,,,,,,0.24280347949221562,-0.21486608684062958,-0.24280347949221562,-0.26503026485443115,-0.25405396372079847,-0.2498861402273178,-0.2477194145321846,-0.244448684155941,-0.23938802257180214,-0.2326480746269226,-0.22240183129906654,0.006941258277031914,,-0.05096694454550743,3,,,,,,,,,,,,,,,,,,,,,,,,,,,,,,,,visual,1.0,,,,,,,,,,,,,,,,,,,,,,,,,,,,,,,,,,,,,0.038329780068625516,-0.03425348922610283,-0.038329780068625516,-0.04043758660554886,-0.04009462706744671,-0.03972732461988926,-0.03932848200201988,-0.03871410712599754,-0.037549455650150776,-0.03614271804690361,-0.035154149308800696,0.001313257361794387,0.953250257882796,0.953250257882796,0.021375170622131665,-0.0,-0.021375170622131665,-0.044010937213897705,-0.0329224044457078,-0.028339406475424767,-0.026246946305036545,-0.022851334884762764,-0.017880055122077465,-0.011508269235491753,-0.0016901158029213276,0.0067887996577303735,,,,,,,,,,,,,4.818106646846406e-05,0,,,,,,,,,,,,,,,,,,,,,,,,,,,,,,,,,,,,,,,,,,filter,,,,,,,44,,,,,,,,,,,,,,,,,,,,,,,,,,,U
,,,,,,,,,,,,,,,,,,,,,,,,,,,,,,,,,,,,,,,,,,,,,,,,,,,,,,,,,,,,,,,,,,,,,,,,,,,,,,,,,,,Reddit-S,0.023677149881890715,0.05169183015823364,-0.0038187412411006183,-0.05033668503165245,-0.04292111936956644,-0.03550683557987213,-0.027197005692869425,-0.008966527413576841,0.0186865059658885,0.037396672368049624,0.04731718920171261,0.026690774883733465,0.018473491072654724,,,,,,,,,,,,,,,,,,,,,,,,,,,,,,,,,,,,,,,,,,,,,,,,,,,,,,,,0.2721526020200534,0.35508793592453003,0.2721526020200534,0.22213275730609894,0.230261452794075,0.23908371180295945,0.2485239952802658,0.26808100938796997,0.29519692063331604,0.3116142451763153,0.32643572866916654,0.026947263720429545,,0.16985520720481873,0,,,,,,,,,,,,,,,,,,,,,,,,,,,,,,,,text,0.0,,,,,,,,,,,,,,,,,,,,,,,,,,,,,,,,,,,,,0.07983853455951218,0.08140023797750473,0.07983853455951218,0.07759662717580795,0.07808820448815823,0.07868585884571075,0.07935854233801365,0.07999414950609207,0.0803958848118782,0.08070316836237908,0.08102518446743488,0.0007389434952455867,0.06060218003276031,0.06060218003276031,0.007804110549439609,0.0486733615398407,0.007804110549439609,5.241944563749712e-06,0.00029819764313288033,0.002052249596454203,0.0035477092023938894,0.005627992330119014,0.010568533791229129,0.01660868190228939,0.02836374938488005,0.0062220302426536115,,,,,,,,,,,,,0.0007261550220183784,0,,,,,,,,,,,,,,,,,,,,,,,,,,,,,,,,,,,,,,,,,,filter,,,,,,,42,,,,,,,,,,,,,,,,,,,,,,,,,,,U
,,,,,,,,,,,,,,,,,,,,,,,,,,,,,,,,,,,,,,,,,,,,,,,,,,,,,,,,,,,,,,,,,,,,,,,,,,,,,,,,,,,Reddit-S,0.028733816216840995,0.04891179874539375,-0.004526417399613051,-0.0596102699637413,-0.05621653649955988,-0.05061604343354702,-0.03794972877949476,-9.894534014165401e-05,0.02404924388974905,0.03922171257436276,0.04603786259889602,0.03276170976788957,-0.012677152641117573,,,,,,,,,,,,,,,,,,,,,,,,,,,,,,,,,,,,,,,,,,,,,,,,,,,,,,,,0.06577541938952082,0.1204410120844841,0.06577541938952082,0.0069363052025437355,0.014543990725651384,0.02028034031391144,0.03251640871167183,0.06962089240550995,0.09440364688634872,0.10955100879073144,0.11698085993528366,0.03265967502479077,,0.11098910868167877,1,,,,,,,,,,,,,,,,,,,,,,,,,,,,,,,,text,0.0,,,,,,,,,,,,,,,,,,,,,,,,,,,,,,,,,,,,,0.02600722120540636,-0.02513052150607109,-0.02600722120540636,-0.026621010154485703,-0.02647333700209856,-0.0263470608741045,-0.026225533802062273,-0.02606797404587269,-0.025818375404924154,-0.025555375032126904,-0.025321557875722645,0.0002898809202724488,0.005338399554819965,0.005338399554819965,0.0020028952637976905,-1.345325131296704e-06,-0.0020028952637976905,-0.012491832487285137,-0.0072794482903555035,-0.004262555064633489,-0.0027123738545924425,-0.0014444028493016958,-0.0009105060598812997,-0.0005267020431347191,-7.653129432583228e-05,0.0015968603765507006,,,,,,,,,,,,,0.0010666543727249423,0,,,,,,,,,,,,,,,,,,,,,,,,,,,,,,,,,,,,,,,,,,filter,,,,,,,42,,,,,,,,,,,,,,,,,,,,,,,,,,,U
,,,,,,,,,,,,,,,,,,,,,,,,,,,,,,,,,,,,,,,,,,,,,,,,,,,,,,,,,,,,,,,,,,,,,,,,,,,,,,,,,,,Reddit-S,0.02462044877394016,0.053418394178152084,0.0037387081627310343,-0.05440368503332138,-0.04677976168692112,-0.03574119880795479,-0.022019315045326948,0.006976758595556021,0.026784961577504873,0.04159475043416024,0.0500128573179245,0.028108193480914458,-0.01559360045939684,,,,,,,,,,,,,,,,,,,,,,,,,,,,,,,,,,,,,,,,,,,,,,,,,,,,,,,,0.6640092824913052,0.7155336141586304,0.6640092824913052,0.6030838489532471,0.613326622247696,0.6249109447002411,0.6384148448705673,0.666752964258194,0.6871805489063263,0.7020972728729248,0.7111194211244584,0.028108984917563043,,0.7046568989753723,2,,,,,,,,,,,,,,,,,,,,,,,,,,,,,,,,text,0.0,,,,,,,,,,,,,,,,,,,,,,,,,,,,,,,,,,,,,0.026304101303306047,-0.02549058385193348,-0.026304101303306047,-0.0268732737749815,-0.026736191641539335,-0.02661865036934614,-0.026506696827709675,-0.026360463351011276,-0.026129451114684343,-0.025885201804339886,-0.025668690465390682,0.0002686445430753974,0.010313809417205612,0.010313809417205612,0.002488635155538504,-1.6715919173293514e-06,-0.002488635155538504,-0.01552133820950985,-0.009044851679354905,-0.005296305008232594,-0.003370175778400153,-0.0017946977750398219,-0.0011313209834042937,-0.0006544372532516717,-9.509157825959846e-05,0.0019841291474696154,,,,,,,,,,,,,0.0007901150330957867,0,,,,,,,,,,,,,,,,,,,,,,,,,,,,,,,,,,,,,,,,,,filter,,,,,,,42,,,,,,,,,,,,,,,,,,,,,,,,,,,U
,,,,,,,,,,,,,,,,,,,,,,,,,,,,,,,,,,,,,,,,,,,,,,,,,,,,,,,,,,,,,,,,,,,,,,,,,,,,,,,,,,,Reddit-S,0.035358807399206986,0.06629902124404907,-0.0037595831888064877,-0.06766629219055176,-0.06517160452902317,-0.05922920703887939,-0.044546459801495075,0.0010801012977026403,0.029500902630388737,0.049454487860202796,0.06359973974525929,0.040236443100019295,-0.01593066193163395,,,,,,,,,,,,,,,,,,,,,,,,,,,,,,,,,,,,,,,,,,,,,,,,,,,,,,,,0.06856517786000232,0.004209108650684357,-0.06853987700112806,-0.14439640939235687,-0.1295107565820217,-0.12317143604159356,-0.10941746272146702,-0.0646575354039669,-0.035400278866291046,-0.014789077825844281,0.00022628516773693004,0.04027922726375723,,-0.018009837716817856,3,,,,,,,,,,,,,,,,,,,,,,,,,,,,,,,,text,0.9876053929328918,,,,,,,,,,,,,,,,,,,,,,,,,,,,,,,,,,,,,0.027527212046346484,-0.02697552926838398,-0.027527212046346484,-0.027905955910682678,-0.02781561588868499,-0.02773774806410074,-0.027663320302963257,-0.027565784752368927,-0.027410694397985935,-0.027245670184493066,-0.02709793496876955,0.00018042433120668173,0.0069020241230356005,0.0069020241230356005,0.0033125802665507804,-2.2250278561841697e-06,-0.0033125802665507804,-0.020660191774368286,-0.012039449913427234,-0.007049822341650724,-0.004485983867198229,-0.002388891880400479,-0.001505882217315957,-0.0008711103757377713,-0.00012657478509936482,0.0026410408330996573,,,,,,,,,,,,,0.001622416148965404,0,,,,,,,,,,,,,,,,,,,,,,,,,,,,,,,,,,,,,,,,,,filter,,,,,,,42,,,,,,,,,,,,,,,,,,,,,,,,,,,U
,,,,,,,,,,,,,,,,,,,,,,,,,,,,,,,,,,,,,,,,,,,,,,,,,,,,,,,,,,,,,,,,,,,,,,,,,,,,,,,,,,,Reddit-S,0.018947085449884583,0.023800775408744812,0.018433924949264692,-0.008427804335951805,-0.006543453317135572,0.012878232542425394,0.018085293006151915,0.02016591839492321,0.021542233414947987,0.022507270239293574,0.023444549068808555,0.005923780749525009,0.018654245883226395,,,,,,,,,,,,,,,,,,,,,,,,,,,,,,,,,,,,,,,,,,,,,,,,,,,,,,,,0.29034287237335005,0.32366353273391724,0.29034287237335005,0.2659090459346771,0.2671058773994446,0.28423280715942384,0.28870440274477005,0.290693074464798,0.2921920195221901,0.2967135161161423,0.30765315145254135,0.006471109560177437,,0.16985520720481873,0,,,,,,,,,,,,,,,,,,,,,,,,,,,,,,,,visual,0.0,,,,,,,,,,,,,,,,,,,,,,,,,,,,,,,,,,,,,0.07967557090568861,0.0822494626045227,0.07967557090568861,0.07636535912752151,0.07756929621100425,0.07831646427512169,0.0790043119341135,0.07976099103689194,0.0803240779787302,0.08064975216984749,0.0822494626045227,0.0009883187743526106,0.3582376073901276,0.3582376073901276,0.0037239266479096116,0.03526096045970917,0.0037239266479096116,2.4918667804740835e-06,0.00017436262336559594,0.0010846703196875753,0.001680795947322622,0.0023320484906435013,0.003657622612081468,0.008754714019596578,0.019131361227482543,0.003960273452011165,,,,,,,,,,,,,4.187525893981982e-05,0,,,,,,,,,,,,,,,,,,,,,,,,,,,,,,,,,,,,,,,,,,filter,,,,,,,42,,,,,,,,,,,,,,,,,,,,,,,,,,,U
,,,,,,,,,,,,,,,,,,,,,,,,,,,,,,,,,,,,,,,,,,,,,,,,,,,,,,,,,,,,,,,,,,,,,,,,,,,,,,,,,,,Reddit-S,0.02287325453254831,-0.010700315237045288,-0.02287325453254831,-0.025828907266259193,-0.02538812030106783,-0.024958951584994792,-0.024557560216635466,-0.02374603971838951,-0.02205422194674611,-0.020299375616014,-0.010700317099690437,0.0027401751003081473,-0.018557796254754066,,,,,,,,,,,,,,,,,,,,,,,,,,,,,,,,,,,,,,,,,,,,,,,,,,,,,,,,0.04234745330889187,0.053796716034412384,0.04234745330889187,0.03192146494984627,0.036821283400058746,0.040047106146812436,0.040984817780554295,0.041697707027196884,0.043312638998031616,0.044991147518157956,0.053796716034412384,0.00279724038216485,,0.11098910868167877,1,,,,,,,,,,,,,,,,,,,,,,,,,,,,,,,,visual,0.0,,,,,,,,,,,,,,,,,,,,,,,,,,,,,,,,,,,,,0.026130295862405423,-0.02489815466105938,-0.026130295862405423,-0.02709577977657318,-0.02709577977657318,-0.026494468003511427,-0.02637244714424014,-0.026161673478782177,-0.025879379361867905,-0.025623281113803388,-0.025345520675182344,0.0003696907362108084,0.18159613683668388,0.18159613683668388,0.001080310695088741,-7.228902632050449e-07,-0.001080310695088741,-0.0102292001247406,-0.005550005696713925,-0.0025397414341568943,-0.0010610758617985994,-0.0006765270372852683,-0.0004875987069681287,-0.000314662733580917,-5.058257665950813e-05,0.0011488748759307494,,,,,,,,,,,,,7.824553755613756e-06,0,,,,,,,,,,,,,,,,,,,,,,,,,,,,,,,,,,,,,,,,,,filter,,,,,,,42,,,,,,,,,,,,,,,,,,,,,,,,,,,U
,,,,,,,,,,,,,,,,,,,,,,,,,,,,,,,,,,,,,,,,,,,,,,,,,,,,,,,,,,,,,,,,,,,,,,,,,,,,,,,,,,,Reddit-S,0.018739894917100007,-0.014762753620743752,-0.018739894917100007,-0.020288538187742233,-0.02013233443722129,-0.019950356893241407,-0.01955326274037361,-0.01880540605634451,-0.01818648912012577,-0.017595695890486242,-0.015261108055710793,0.0010316927634204237,-0.019643820822238922,,,,,,,,,,,,,,,,,,,,,,,,,,,,,,,,,,,,,,,,,,,,,,,,,,,,,,,,0.6386316711345799,0.6431227922439575,0.6386316711345799,0.627620279788971,0.6328082633018494,0.6364612936973572,0.6380659341812134,0.6389855742454529,0.6396510601043701,0.640273141860962,0.6414887309074402,0.0017271517700035296,,0.7046568989753723,2,,,,,,,,,,,,,,,,,,,,,,,,,,,,,,,,visual,0.0,,,,,,,,,,,,,,,,,,,,,,,,,,,,,,,,,,,,,0.026350719174758074,-0.025184178724884987,-0.026350719174758074,-0.02726135216653347,-0.02726135216653347,-0.026694867201149462,-0.026579583063721657,-0.026380594819784164,-0.026113443542271852,-0.0258710790425539,-0.02560738328844309,0.00034912011147979465,0.68547250092463,0.68547250092463,0.0012907705063818359,-8.637194923721836e-07,-0.0012907705063818359,-0.012221992947161198,-0.0066312255803495646,-0.0030345191480591893,-0.001267788524273783,-0.0008083240245468915,-0.0005825898406328633,-0.0003759634884772821,-6.0436779240262786e-05,0.001372691956982717,,,,,,,,,,,,,2.9830532366263254e-06,0,,,,,,,,,,,,,,,,,,,,,,,,,,,,,,,,,,,,,,,,,,filter,,,,,,,42,,,,,,,,,,,,,,,,,,,,,,,,,,,U
,,,,,,,,,,,,,,,,,,,,,,,,,,,,,,,,,,,,,,,,,,,,,,,,,,,,,,,,,,,,,,,,,,,,,,,,,,,,,,,,,,,Reddit-S,0.008963473853119337,0.00023186606995295733,-0.00894979019722773,-0.01156049408018589,-0.011345561491325498,-0.010959353018552064,-0.010578348068520427,-0.009471500292420387,-0.008205515099689364,-0.006446265615522861,0.00023186393082141876,0.0022627082908782173,-0.019788019359111786,,,,,,,,,,,,,,,,,,,,,,,,,,,,,,,,,,,,,,,,,,,,,,,,,,,,,,,,0.07529504834804968,-0.06650835275650024,-0.07529504834804968,-0.08810937404632568,-0.08209122784435749,-0.07801899388432502,-0.07659967057406902,-0.07542846724390984,-0.0742163434624672,-0.07243204563856125,-0.06650835275650024,0.002638621386977394,,-0.018009837716817856,3,,,,,,,,,,,,,,,,,,,,,,,,,,,,,,,,visual,1.0,,,,,,,,,,,,,,,,,,,,,,,,,,,,,,,,,,,,,0.027194555529606663,-0.026283016428351402,-0.027194555529606663,-0.02789231948554516,-0.02789231948554516,-0.027460496686398984,-0.027371931355446577,-0.02721853367984295,-0.02701178565621376,-0.026823141798377036,-0.02661653758957982,0.00026951307575402987,0.33467211095070554,0.33467211095070554,0.0013528454476568082,-9.052569680534361e-07,-0.0013528454476568082,-0.01280976552516222,-0.006950130350887775,-0.0031804533675312994,-0.0013287581386975944,-0.0008471974870190024,-0.0006106073997216299,-0.00039404408598784344,-6.334326797514233e-05,0.0014387066142285457,,,,,,,,,,,,,6.962322823814507e-06,0,,,,,,,,,,,,,,,,,,,,,,,,,,,,,,,,,,,,,,,,,,filter,,,,,,,42,,,,,,,,,,,,,,,,,,,,,,,,,,,U
,,,,,,,,,,,,,,,,,,,,,,,,,,,,,,,,,,,,,,,,,,,,,,,,,,,,,,,,,,,,,,,,,,,,,,,,,,,,,,,,,,,Reddit-S,0.014600746950117247,0.03446781635284424,0.0041943169325863545,-0.028552453964948654,-0.024080831687897444,-0.017837446928024293,-0.01007975242100656,0.002781821647658944,0.01960189687088132,0.02776103671640158,0.03217847470194101,0.016660184351798262,0.01547626405954361,,,,,,,,,,,,,,,,,,,,,,,,,,,,,,,,,,,,,,,,,,,,,,,,,,,,,,,,0.27372018315438973,0.3232930302619934,0.27372018315438973,0.23776422441005707,0.24222160056233405,0.24971700459718704,0.25881529599428177,0.273154154419899,0.2898218557238579,0.2968667894601822,0.3066285207867622,0.017664366164901777,,0.1697191745042801,0,,,,,,,,,,,,,,,,,,,,,,,,,,,,,,,,text,0.0,,,,,,,,,,,,,,,,,,,,,,,,,,,,,,,,,,,,,0.07959361053226023,0.08082544803619385,0.07959361053226023,0.0778440460562706,0.07828435733914375,0.07878085598349571,0.07919524237513542,0.07968098297715187,0.08003526739776134,0.08024956583976746,0.08054475106298924,0.0005556804242558827,0.10798732658275345,0.10798732658275345,0.004736809822797072,0.02863544411957264,0.004736809822797072,6.7227128965896554e-06,0.0001409218784829136,0.0006570627039764077,0.0016464295331388712,0.003733099438250065,0.006604969617910683,0.010264945309609174,0.018777679949998856,0.0040624769633966044,,,,,,,,,,,,,0.0003120298320077267,0,,,,,,,,,,,,,,,,,,,,,,,,,,,,,,,,,,,,,,,,,,filter,,,,,,,43,,,,,,,,,,,,,,,,,,,,,,,,,,,U
,,,,,,,,,,,,,,,,,,,,,,,,,,,,,,,,,,,,,,,,,,,,,,,,,,,,,,,,,,,,,,,,,,,,,,,,,,,,,,,,,,,Reddit-S,0.01737407895674488,0.034807976335287094,-0.0054962168111755165,-0.04192280024290085,-0.039427692592144015,-0.03481606654822826,-0.02428781846538186,-0.002221861155703664,0.011941318865865469,0.0188527537509799,0.026765103973448275,0.019911741220948676,-0.013928147032856941,,,,,,,,,,,,,,,,,,,,,,,,,,,,,,,,,,,,,,,,,,,,,,,,,,,,,,,,0.06007621013428732,0.1008753627538681,0.06007621013428732,0.021385924890637398,0.02708023363724351,0.031010280176997185,0.04079089779406786,0.06358116492629051,0.07729631662368774,0.08448095321655273,0.09266024559736251,0.019938746556896626,,0.10692600905895233,1,,,,,,,,,,,,,,,,,,,,,,,,,,,,,,,,text,0.0,,,,,,,,,,,,,,,,,,,,,,,,,,,,,,,,,,,,,0.02599014014725687,-0.02531670220196247,-0.02599014014725687,-0.026466984301805496,-0.026358494237065315,-0.026243673637509346,-0.026160674169659615,-0.02602378372102976,-0.025836159475147724,-0.02567612398415804,-0.02548482172191143,0.00021469515094459568,0.011724612647526523,0.011724612647526523,0.001435296756327945,-2.0370434867800213e-06,-0.001435296756327945,-0.008676801808178425,-0.005689809308387339,-0.00311037243809551,-0.0020013662287965417,-0.0011311633279547095,-0.000498883193358779,-0.000199096008145716,-4.270062116120244e-05,0.0012309677236091042,,,,,,,,,,,,,0.0003975536142601571,0,,,,,,,,,,,,,,,,,,,,,,,,,,,,,,,,,,,,,,,,,,filter,,,,,,,43,,,,,,,,,,,,,,,,,,,,,,,,,,,U
,,,,,,,,,,,,,,,,,,,,,,,,,,,,,,,,,,,,,,,,,,,,,,,,,,,,,,,,,,,,,,,,,,,,,,,,,,,,,,,,,,,Reddit-S,0.014106362217809577,0.02523905225098133,-0.00857178044501094,-0.03643127530813217,-0.03421111539006233,-0.030910509638488293,-0.023291999474167824,-0.0060681195463985205,0.004497157875448465,0.010231345798820258,0.0179321358166635,0.015360539092760729,-0.015304840169847012,,,,,,,,,,,,,,,,,,,,,,,,,,,,,,,,,,,,,,,,,,,,,,,,,,,,,,,,0.6488593705340693,0.6845175623893738,0.6488593705340693,0.6139582395553589,0.6231120693683624,0.6268547534942627,0.633314698934555,0.6515035629272461,0.6622248142957687,0.6680797457695007,0.6764109987020492,0.015653615209833868,,0.7014093399047852,2,,,,,,,,,,,,,,,,,,,,,,,,,,,,,,,,text,0.0,,,,,,,,,,,,,,,,,,,,,,,,,,,,,,,,,,,,,0.026370818631207178,-0.025759398937225342,-0.026370818631207178,-0.026801547035574913,-0.026703220196068286,-0.026600068621337413,-0.026525210589170456,-0.026401085779070854,-0.026231537107378244,-0.026087041199207305,-0.02591391509398818,0.00019411759215036596,0.036272447206897866,0.036272447206897866,0.002302507009888659,-3.267830834374763e-06,-0.002302507009888659,-0.013919348828494549,-0.009127607615664602,-0.0049896679352968935,-0.0032105972641147673,-0.001814615330658853,-0.0008003098191693425,-0.00031939036562107494,-6.850045756436885e-05,0.0019747218118395713,,,,,,,,,,,,,0.0002450356691375422,0,,,,,,,,,,,,,,,,,,,,,,,,,,,,,,,,,,,,,,,,,,filter,,,,,,,43,,,,,,,,,,,,,,,,,,,,,,,,,,,U
,,,,,,,,,,,,,,,,,,,,,,,,,,,,,,,,,,,,,,,,,,,,,,,,,,,,,,,,,,,,,,,,,,,,,,,,,,,,,,,,,,,Reddit-S,0.013606863094789869,0.024793390184640884,-0.005519842087027339,-0.03390222787857056,-0.03187210973352194,-0.028310645557940006,-0.020403984934091568,-0.0026981353294104338,0.008066906360909343,0.013293102011084558,0.01918357567861676,0.015481350448068684,-0.01547233946621418,,,,,,,,,,,,,,,,,,,,,,,,,,,,,,,,,,,,,,,,,,,,,,,,,,,,,,,,0.07039059407407156,-0.039837971329689026,-0.07039059407407156,-0.09896353632211685,-0.0962222719937563,-0.09293885380029679,-0.08557563461363316,-0.06760427355766296,-0.05671153124421835,-0.051390402391552924,-0.045341116115450865,0.01555873907777946,,-0.02116675302386284,3,,,,,,,,,,,,,,,,,,,,,,,,,,,,,,,,text,1.0,,,,,,,,,,,,,,,,,,,,,,,,,,,,,,,,,,,,,0.027232651764812207,-0.026767944917082787,-0.027232651764812207,-0.027556927874684334,-0.027483030539005995,-0.02740571480244398,-0.027349389623850584,-0.027255920693278313,-0.027127575129270554,-0.02701775059103966,-0.02688569687306881,0.00014687012300189248,0.014203960436902675,0.014203960436902675,0.0009990058915762753,-1.4178381206875201e-06,-0.0009990058915762753,-0.006039291620254517,-0.003960263328626752,-0.002164904377423227,-0.0013930057466495782,-0.0007873206923250109,-0.0003472364041954279,-0.00013857628073310477,-2.9720802886004097e-05,0.0008567872825578705,,,,,,,,,,,,,0.00024207436169042167,0,,,,,,,,,,,,,,,,,,,,,,,,,,,,,,,,,,,,,,,,,,filter,,,,,,,43,,,,,,,,,,,,,,,,,,,,,,,,,,,U
,,,,,,,,,,,,,,,,,,,,,,,,,,,,,,,,,,,,,,,,,,,,,,,,,,,,,,,,,,,,,,,,,,,,,,,,,,,,,,,,,,,Reddit-S,0.01848353861886106,0.022187989205121994,0.018222095665027343,-0.004485624842345715,-0.0032873789314180613,0.014488644991070032,0.01814971538260579,0.019752482883632183,0.02066068071871996,0.021145457029342653,0.021684544552117588,0.0049737342476740675,0.017998935654759407,,,,,,,,,,,,,,,,,,,,,,,,,,,,,,,,,,,,,,,,,,,,,,,,,,,,,,,,0.28781302183082724,0.3170379102230072,0.28781302183082724,0.26728326082229614,0.2674683630466461,0.28348037600517273,0.28660742193460464,0.2882246822118759,0.2894407659769058,0.29250041842460633,0.301471089720726,0.00529511413718366,,0.1697191745042801,0,,,,,,,,,,,,,,,,,,,,,,,,,,,,,,,,visual,0.0,,,,,,,,,,,,,,,,,,,,,,,,,,,,,,,,,,,,,0.07891199520373174,0.08089546859264374,0.07891199520373174,0.07577844709157944,0.07674775622785092,0.07776175886392593,0.07826761342585087,0.07890620455145836,0.0796048529446125,0.08000922501087189,0.08071951568126678,0.000907025295928239,0.3235486275342453,0.3235486275342453,0.0029608226617180104,0.030767548829317093,0.0029608226617180104,2.936639248218853e-06,0.00013930995191913098,0.0009339398704469204,0.0014047459699213505,0.0018844220321625471,0.002695077972020954,0.00687318155542016,0.015805288515985002,0.0031980736865804076,,,,,,,,,,,,,2.8038233725802257e-05,0,,,,,,,,,,,,,,,,,,,,,,,,,,,,,,,,,,,,,,,,,,filter,,,,,,,43,,,,,,,,,,,,,,,,,,,,,,,,,,,U
,,,,,,,,,,,,,,,,,,,,,,,,,,,,,,,,,,,,,,,,,,,,,,,,,,,,,,,,,,,,,,,,,,,,,,,,,,,,,,,,,,,Reddit-S,0.02532249844451513,-0.013407304883003235,-0.02532249844451513,-0.027157539501786232,-0.026835311278700827,-0.026577537320554255,-0.026294837705790997,-0.025842477567493916,-0.02519277250394225,-0.024357899278402328,-0.013407310470938683,0.0022536219865374124,-0.017390914261341095,,,,,,,,,,,,,,,,,,,,,,,,,,,,,,,,,,,,,,,,,,,,,,,,,,,,,,,,0.037278830277335875,0.04874127730727196,0.037278830277335875,0.02878820151090622,0.03264686476439237,0.03559323698282242,0.03658110648393631,0.03711774945259094,0.037615603767335415,0.03830464072525501,0.04874126985669136,0.0023242122167787147,,0.10692600905895233,1,,,,,,,,,,,,,,,,,,,,,,,,,,,,,,,,visual,0.0,,,,,,,,,,,,,,,,,,,,,,,,,,,,,,,,,,,,,0.026014270173270657,-0.024887723848223686,-0.026014270173270657,-0.026730360463261604,-0.026666609570384026,-0.02641010135412216,-0.026263732463121414,-0.026011768728494644,-0.02578176511451602,-0.025600117258727552,-0.025236134584993124,0.000326914847224959,0.18654890683594375,0.18654890683594375,0.0009194957661754543,-9.119854667005711e-07,-0.0009194957661754543,-0.009554989635944366,-0.004908397998660803,-0.002134494949132204,-0.0008369676361326128,-0.0005852150788996369,-0.00043624971294775605,-0.00029003890231251713,-4.32632805313915e-05,0.0009931750578679097,,,,,,,,,,,,,5.401962428623427e-06,0,,,,,,,,,,,,,,,,,,,,,,,,,,,,,,,,,,,,,,,,,,filter,,,,,,,43,,,,,,,,,,,,,,,,,,,,,,,,,,,U
,,,,,,,,,,,,,,,,,,,,,,,,,,,,,,,,,,,,,,,,,,,,,,,,,,,,,,,,,,,,,,,,,,,,,,,,,,,,,,,,,,,Reddit-S,0.02516869818647601,-0.020435383543372154,-0.02516869818647601,-0.027391867712140083,-0.027048113159835338,-0.02663380429148674,-0.02602048171684146,-0.025295527651906013,-0.0245327758602798,-0.02387663722038269,-0.020435385406017303,0.0012722581998732773,-0.017850812524557114,,,,,,,,,,,,,,,,,,,,,,,,,,,,,,,,,,,,,,,,,,,,,,,,,,,,,,,,0.6312641972031131,0.6358835697174072,0.6312641972031131,0.621587336063385,0.6260330712795258,0.6293910801410675,0.6305066645145416,0.6314418911933899,0.6321616470813751,0.6328027904033661,0.6355825662612915,0.0016452900852375449,,0.7014093399047852,2,,,,,,,,,,,,,,,,,,,,,,,,,,,,,,,,visual,0.0,,,,,,,,,,,,,,,,,,,,,,,,,,,,,,,,,,,,,0.026093137257384276,-0.024989206343889236,-0.026093137257384276,-0.026794493198394775,-0.026732178404927254,-0.026480701752007008,-0.026337798684835434,-0.026090947911143303,-0.02586551010608673,-0.025686964206397534,-0.025329868998378514,0.00032029524730210524,0.4967359120514653,0.4967359120514653,0.0010324905168280203,-1.0240572692055139e-06,-0.0010324905168280203,-0.01072918064892292,-0.005511579704470932,-0.002396798226982355,-0.0009398207039339468,-0.0006571308185812086,-0.0004898594343103468,-0.0003256811294704675,-4.85798082081601e-05,0.0011152240890015465,,,,,,,,,,,,,2.7069794645809677e-06,0,,,,,,,,,,,,,,,,,,,,,,,,,,,,,,,,,,,,,,,,,,filter,,,,,,,43,,,,,,,,,,,,,,,,,,,,,,,,,,,U
,,,,,,,,,,,,,,,,,,,,,,,,,,,,,,,,,,,,,,,,,,,,,,,,,,,,,,,,,,,,,,,,,,,,,,,,,,,,,,,,,,,Reddit-S,0.019347170961354403,-0.01421445608139038,-0.019347170961354403,-0.020538413897156715,-0.020308873206377028,-0.020197434164583684,-0.020086885429918766,-0.019612912088632584,-0.019127370789647102,-0.01839152183383703,-0.01421445608139038,0.0011525456302500542,-0.01793009229004383,,,,,,,,,,,,,,,,,,,,,,,,,,,,,,,,,,,,,,,,,,,,,,,,,,,,,,,,0.08625744183305091,-0.0814218744635582,-0.08625744183305091,-0.09600391983985901,-0.09088523007929325,-0.08776001334190368,-0.08682679571211338,-0.0861813835799694,-0.08565438166260719,-0.08505223989486695,-0.0814218744635582,0.0015139882529447083,,-0.02116675302386284,3,,,,,,,,,,,,,,,,,,,,,,,,,,,,,,,,visual,1.0,,,,,,,,,,,,,,,,,,,,,,,,,,,,,,,,,,,,,0.02680458741868905,-0.025901520624756813,-0.02680458741868905,-0.027370603755116463,-0.02732071839272976,-0.02711857743561268,-0.027003310155123472,-0.026803535409271717,-0.026620345655828714,-0.026474867574870588,-0.02618238016963005,0.0002598168887090796,0.527865878354717,0.527865878354717,0.001008836175182837,-1.0005961712522549e-06,-0.001008836175182837,-0.010483375750482082,-0.005385309383273125,-0.00234188768081367,-0.0009182894136756659,-0.0006420759600587189,-0.00047863676445558667,-0.00031821977172512555,-4.746684498968534e-05,0.0010896743217157561,,,,,,,,,,,,,2.29216043005457e-06,0,,,,,,,,,,,,,,,,,,,,,,,,,,,,,,,,,,,,,,,,,,filter,,,,,,,43,,,,,,,,,,,,,,,,,,,,,,,,,,,U
,,,,,,,,,,,,,,,,,,,,,,,,,,,,,,,,,,,,,,,,,,,,,,,,,,,,,,,,,,,,,,,,,,,,,,,,,,,,,,,,,,,Reddit-S,0.022158647011962802,0.050693295896053314,0.017429017495309222,-0.04110202565789223,-0.02725767157971859,-0.010438703093677759,0.003552420297637582,0.019620495848357677,0.03365681227296591,0.041079635545611386,0.0468411098793149,0.01917436800155888,0.015199732035398483,,,,,,,,,,,,,,,,,,,,,,,,,,,,,,,,,,,,,,,,,,,,,,,,,,,,,,,,0.2820648846188491,0.34248098731040955,0.2820648846188491,0.2232709527015686,0.23651201769709587,0.25428045988082887,0.26824433356523514,0.2843238264322281,0.2979643642902374,0.30501681566238403,0.31752961248159406,0.019434754568583103,,0.16562768816947937,0,,,,,,,,,,,,,,,,,,,,,,,,,,,,,,,,text,0.0,,,,,,,,,,,,,,,,,,,,,,,,,,,,,,,,,,,,,0.0772548789202762,0.07938024401664734,0.0772548789202762,0.07451177388429642,0.07552028298377991,0.07622266411781312,0.07672028802335262,0.07729824632406235,0.07782704383134842,0.0782094307243824,0.07870842330157757,0.0007515527387072302,0.07425720223618808,0.07425720223618808,0.006553564289155945,0.03890449181199074,0.006553564289155945,9.049243999470491e-06,0.00023928172595333308,0.0017909374553710224,0.0031949744443409145,0.004921015352010727,0.008747921558097005,0.013497469946742065,0.02266719873994589,0.0049530513251515055,,,,,,,,,,,,,0.0003777096851410618,0,,,,,,,,,,,,,,,,,,,,,,,,,,,,,,,,,,,,,,,,,,filter,,,,,,,44,,,,,,,,,,,,,,,,,,,,,,,,,,,U
,,,,,,,,,,,,,,,,,,,,,,,,,,,,,,,,,,,,,,,,,,,,,,,,,,,,,,,,,,,,,,,,,,,,,,,,,,,,,,,,,,,Reddit-S,0.013869853651306887,0.02507159858942032,-0.010770203617557518,-0.03296244516968727,-0.03154099740087986,-0.028597460687160493,-0.023726164363324642,-0.009788328781723976,0.0007943393429741263,0.006459289137274027,0.01455250007100403,0.013296817534869403,-0.015529828146100044,,,,,,,,,,,,,,,,,,,,,,,,,,,,,,,,,,,,,,,,,,,,,,,,,,,,,,,,0.05622862613270894,0.09251800179481506,0.05622862613270894,0.03064657747745514,0.03618049323558807,0.03880971409380436,0.04300862271338701,0.05691753886640072,0.067748649045825,0.07349331080913543,0.08186584889888762,0.01325735185444117,,0.10942529141902924,1,,,,,,,,,,,,,,,,,,,,,,,,,,,,,,,,text,0.0,,,,,,,,,,,,,,,,,,,,,,,,,,,,,,,,,,,,,0.025199275209982244,-0.024144750088453293,-0.025199275209982244,-0.02602212131023407,-0.02576136391609907,-0.02556831743568182,-0.025419768877327442,-0.025215553119778633,-0.02499244548380375,-0.024800938740372657,-0.024532290063798427,0.000290076229311171,0.015572339019813844,0.015572339019813844,0.0016973601992375852,-2.3437362415279495e-06,-0.0016973601992375852,-0.010076186619699001,-0.00587075961753726,-0.0034958180040121074,-0.0022656943765468895,-0.0012745332205668092,-0.0008274920401163399,-0.00046384927118197066,-6.197349284775555e-05,0.0012828305037060075,,,,,,,,,,,,,0.0001757573781924547,0,,,,,,,,,,,,,,,,,,,,,,,,,,,,,,,,,,,,,,,,,,filter,,,,,,,44,,,,,,,,,,,,,,,,,,,,,,,,,,,U
,,,,,,,,,,,,,,,,,,,,,,,,,,,,,,,,,,,,,,,,,,,,,,,,,,,,,,,,,,,,,,,,,,,,,,,,,,,,,,,,,,,Reddit-S,0.01803484375055753,0.02663310058414936,-0.017324095799435186,-0.03683225065469742,-0.03591403145343065,-0.03382640592753887,-0.028565385844558477,-0.01781560853123665,-0.007055609719827771,-0.0008753253729082621,0.008894124049693341,0.012388361510877188,-0.017467698082327843,,,,,,,,,,,,,,,,,,,,,,,,,,,,,,,,,,,,,,,,,,,,,,,,,,,,,,,,0.6408347909077318,0.6856827139854431,0.6408347909077318,0.6138057708740234,0.6221954679489136,0.6250601291656495,0.6290725320577621,0.640098363161087,0.6512113213539124,0.6576238811016083,0.6679539477825165,0.012476543932983265,,0.7034355998039246,2,,,,,,,,,,,,,,,,,,,,,,,,,,,,,,,,text,0.0,,,,,,,,,,,,,,,,,,,,,,,,,,,,,,,,,,,,,0.025438616932731306,-0.024445442482829094,-0.025438616932731306,-0.02621237374842167,-0.025966574791818856,-0.025785444863140584,-0.025646365247666836,-0.02545409183949232,-0.02524409629404545,-0.02506404183804989,-0.024809970259666442,0.000272909158057173,0.031136188626879443,0.031136188626879443,0.0023704184630934616,-3.273103402534616e-06,-0.0023704184630934616,-0.014071720652282238,-0.008198705594986677,-0.004882023017853497,-0.003164115361869335,-0.0017799268243834376,-0.0011556194222066551,-0.0006477805436588821,-8.654798875795677e-05,0.0017915143252037657,,,,,,,,,,,,,0.00015566414851166154,0,,,,,,,,,,,,,,,,,,,,,,,,,,,,,,,,,,,,,,,,,,filter,,,,,,,44,,,,,,,,,,,,,,,,,,,,,,,,,,,U
,,,,,,,,,,,,,,,,,,,,,,,,,,,,,,,,,,,,,,,,,,,,,,,,,,,,,,,,,,,,,,,,,,,,,,,,,,,,,,,,,,,Reddit-S,0.013923034649322229,0.024227440357208252,-0.012407087556376926,-0.03231879323720932,-0.031235299855470657,-0.02886900436133146,-0.02358926460146904,-0.011804482899606228,-0.0023197626578621566,0.0027537691174075014,0.01161576802842319,0.011975953597454597,-0.017673984169960022,,,,,,,,,,,,,,,,,,,,,,,,,,,,,,,,,,,,,,,,,,,,,,,,,,,,,,,,0.07833815752106131,-0.04056964069604874,-0.07833815752106131,-0.10646004974842072,-0.09785889081656933,-0.09424639567732811,-0.08996411971747875,-0.0779581069946289,-0.06808805093169212,-0.06293314099311828,-0.05344535447657109,0.012116740117406016,,-0.019154313951730728,3,,,,,,,,,,,,,,,,,,,,,,,,,,,,,,,,text,1.0,,,,,,,,,,,,,,,,,,,,,,,,,,,,,,,,,,,,,0.02661698658208686,-0.02592158131301403,-0.02661698658208686,-0.0271457526832819,-0.026978926230221988,-0.026855871826410294,-0.02676068851724267,-0.02662849798798561,-0.02648306032642722,-0.02635769732296467,-0.026179648339748382,0.00018857238337983802,0.033376609778133934,0.033376609778133934,0.0024857852838946395,-3.4324034459132235e-06,-0.0024857852838946395,-0.01475658267736435,-0.008597731264308095,-0.005119628133252263,-0.0033181110629811883,-0.0018665548413991928,-0.0012118626909796149,-0.0006793076114263382,-9.076022979570553e-05,0.00187870623466715,,,,,,,,,,,,,0.00014681539107275635,0,,,,,,,,,,,,,,,,,,,,,,,,,,,,,,,,,,,,,,,,,,filter,,,,,,,44,,,,,,,,,,,,,,,,,,,,,,,,,,,U
,,,,,,,,,,,,,,,,,,,,,,,,,,,,,,,,,,,,,,,,,,,,,,,,,,,,,,,,,,,,,,,,,,,,,,,,,,,,,,,,,,,Reddit-S,0.018368677421507773,0.022097930312156677,0.01765857413276956,-0.010831494815647602,-0.008695730939507484,0.014558975212275982,0.016823886428028345,0.01950077712535858,0.020546717569231987,0.02112683430314064,0.021734740771353244,0.00590741749545361,0.014686819165945053,,,,,,,,,,,,,,,,,,,,,,,,,,,,,,,,,,,,,,,,,,,,,,,,,,,,,,,,0.2785853101211298,0.3107408583164215,0.2785853101211298,0.2517445385456085,0.254925936460495,0.27462158501148226,0.27682553231716156,0.2791309356689453,0.28069617599248886,0.28381559550762175,0.2935394763946533,0.006066583866506174,,0.16562768816947937,0,,,,,,,,,,,,,,,,,,,,,,,,,,,,,,,,visual,0.0,,,,,,,,,,,,,,,,,,,,,,,,,,,,,,,,,,,,,0.0769677415046697,0.08006732910871506,0.0769677415046697,0.07384750992059708,0.07463976286351681,0.07559101954102516,0.07639540173113346,0.07695334404706955,0.07757341116666794,0.07801159545779228,0.08006732910871506,0.0010641243059569757,0.29233431129672544,0.29233431129672544,0.0036444835936231537,0.03312068432569504,0.0036444835936231537,4.231725597492186e-06,0.00023663233150728047,0.0013147275894880295,0.0020028791041113436,0.0026718361768871546,0.0034463239717297256,0.007584988279268149,0.01751917479559779,0.0033889836527386825,,,,,,,,,,,,,3.680343980935299e-05,0,,,,,,,,,,,,,,,,,,,,,,,,,,,,,,,,,,,,,,,,,,filter,,,,,,,44,,,,,,,,,,,,,,,,,,,,,,,,,,,U
,,,,,,,,,,,,,,,,,,,,,,,,,,,,,,,,,,,,,,,,,,,,,,,,,,,,,,,,,,,,,,,,,,,,,,,,,,,,,,,,,,,Reddit-S,0.019010957213625175,-0.0015844209119677544,-0.019010957213625175,-0.022575218230485916,-0.022324380390346052,-0.021899213269352912,-0.021262700203806162,-0.01991682220250368,-0.01822952600196004,-0.015822221897542472,-0.0015844241715967655,0.0037856187031486133,-0.017604241147637367,,,,,,,,,,,,,,,,,,,,,,,,,,,,,,,,,,,,,,,,,,,,,,,,,,,,,,,,0.04638165497606965,0.06279332935810089,0.04638165497606965,0.03537621349096298,0.04058408606797457,0.0436351764947176,0.04443669319152832,0.0455841850489378,0.0473400866612792,0.04954432845115662,0.0627933219075203,0.0036974143327288093,,0.10942529141902924,1,,,,,,,,,,,,,,,,,,,,,,,,,,,,,,,,visual,0.0,,,,,,,,,,,,,,,,,,,,,,,,,,,,,,,,,,,,,0.025320634249505442,-0.02418294921517372,-0.025320634249505442,-0.0264584943652153,-0.0264584943652153,-0.025702329725027083,-0.02554175816476345,-0.02531473059207201,-0.025110865011811256,-0.02481697089970112,-0.02447120822966099,0.00038962541802417647,0.08882210824042958,0.08882210824042958,0.0011078057489670229,-1.286308361159172e-06,-0.0011078057489670229,-0.010067622177302837,-0.0053252652287483215,-0.002305592317134142,-0.0010475715971551836,-0.0008121522259898484,-0.0006088108057156205,-0.00039963489107321934,-7.192861812654883e-05,0.0010301419849724864,,,,,,,,,,,,,1.3670872747868427e-05,0,,,,,,,,,,,,,,,,,,,,,,,,,,,,,,,,,,,,,,,,,,filter,,,,,,,44,,,,,,,,,,,,,,,,,,,,,,,,,,,U
,,,,,,,,,,,,,,,,,,,,,,,,,,,,,,,,,,,,,,,,,,,,,,,,,,,,,,,,,,,,,,,,,,,,,,,,,,,,,,,,,,,Reddit-S,0.02509179187597426,-0.007714113220572472,-0.02509179187597426,-0.029767781496047974,-0.02939294122159481,-0.028867763467133045,-0.027982793748378754,-0.026446392759680748,-0.023041356820613146,-0.021169470623135567,-0.007714113220572472,0.0042048726961450445,-0.018399957567453384,,,,,,,,,,,,,,,,,,,,,,,,,,,,,,,,,,,,,,,,,,,,,,,,,,,,,,,,0.6332146774954476,0.6496400833129883,0.6332146774954476,0.6201931238174438,0.6259505105018616,0.6296383440494537,0.6305035799741745,0.6320428550243378,0.6354401558637619,0.6374212622642517,0.6496400833129883,0.004224996106341682,,0.7034355998039246,2,,,,,,,,,,,,,,,,,,,,,,,,,,,,,,,,visual,0.0,,,,,,,,,,,,,,,,,,,,,,,,,,,,,,,,,,,,,0.025467327646386127,-0.024372169747948647,-0.025467327646386127,-0.02655971422791481,-0.02655971422791481,-0.025834541022777557,-0.02568019414320588,-0.025461971759796143,-0.025265923235565424,-0.02498318925499916,-0.02464897371828556,0.0003744068774418696,0.1056523851216217,0.1056523851216217,0.001261849397707184,-1.4651733408754808e-06,-0.001261849397707184,-0.011467554606497288,-0.006065759207122028,-0.002626191708259284,-0.001193239528220147,-0.0009250843722838908,-0.0006934677221579477,-0.00045520529965870066,-8.193049870897084e-05,0.0011733862591572228,,,,,,,,,,,,,1.7850592098602373e-05,0,,,,,,,,,,,,,,,,,,,,,,,,,,,,,,,,,,,,,,,,,,filter,,,,,,,44,,,,,,,,,,,,,,,,,,,,,,,,,,,U
,,,,,,,,,,,,,,,,,,,,,,,,,,,,,,,,,,,,,,,,,,,,,,,,,,,,,,,,,,,,,,,,,,,,,,,,,,,,,,,,,,,Reddit-S,0.01514370294492564,0.004456144757568836,-0.01488071940771466,-0.018735144287347794,-0.018443939555436373,-0.017829940654337406,-0.017056198325008154,-0.01567870657891035,-0.014127634465694427,-0.01218300238251686,0.004456141963601112,0.003975709897287752,-0.018479282036423683,,,,,,,,,,,,,,,,,,,,,,,,,,,,,,,,,,,,,,,,,,,,,,,,,,,,,,,,0.07996892535289542,-0.06135985627770424,-0.07996892535289542,-0.09159274399280548,-0.08666417308151722,-0.08304032608866692,-0.08188592456281185,-0.08054151758551598,-0.07899671047925949,-0.07702732980251312,-0.061359863728284836,0.004017878503732968,,-0.019154313951730728,3,,,,,,,,,,,,,,,,,,,,,,,,,,,,,,,,visual,1.0,,,,,,,,,,,,,,,,,,,,,,,,,,,,,,,,,,,,,0.02617977953412701,-0.025292377918958664,-0.02617977953412701,-0.027049114927649498,-0.027049114927649498,-0.02647472620010376,-0.026351432781666517,-0.02617661375552416,-0.026018815580755472,-0.025790379941463472,-0.02551865004003048,0.00030009768843718983,0.10413407066581719,0.10413407066581719,0.0012748285755156423,-1.4802438954575337e-06,-0.0012748285755156423,-0.011585508473217487,-0.00612815076019615,-0.002653204323723912,-0.0012055129336658865,-0.0009345996368210763,-0.0007006006198935211,-0.00045988747733645126,-8.277322194771841e-05,0.001185455518955606,,,,,,,,,,,,,1.614334767075948e-05,0,,,,,,,,,,,,,,,,,,,,,,,,,,,,,,,,,,,,,,,,,,filter,,,,,,,44,,,,,,,,,,,,,,,,,,,,,,,,,,,U
