adaptive_logit_abs_mean,adaptive_logit_covariance_contribution_sum,adaptive_logit_covariance_contribution_sum_error,adaptive_logit_mean,adaptive_logit_q10,adaptive_logit_q50,adaptive_logit_q90,adaptive_logit_reconstruction_error,adaptive_logit_std,adaptive_logit_variance,adaptive_range_ratio,alpha0,alpha_abs_mean,alpha_iqr,alpha_mean,alpha_q10,alpha_q50,alpha_q90,alpha_q90_q10,alpha_reference_logit_constant,alpha_std,bias_to_adaptive_logit_corr,bias_to_adaptive_logit_covariance_contribution,c_abs_mean,c_mean,c_q10,c_q50,c_q90,c_std,c_to_adaptive_logit_corr,c_to_adaptive_logit_covariance_contribution,d_abs_mean,d_mean,d_q10,d_q50,d_q90,d_std,d_to_adaptive_logit_corr,d_to_adaptive_logit_covariance_contribution,dataset,hop,modality,p_abs_mean,p_fraction_abs_gt_09,p_fraction_abs_gt_095,p_fraction_abs_gt_099,p_mean,p_q10,p_q50,p_q90,p_std,p_to_adaptive_logit_corr,p_to_adaptive_logit_covariance_contribution,rho_c,rho_d,rho_p,seed,term_bias_abs_mean,term_bias_mean,term_bias_q10,term_bias_q50,term_bias_q90,term_bias_std,term_c_abs_mean,term_c_mean,term_c_q10,term_c_q50,term_c_q90,term_c_std,term_d_abs_mean,term_d_mean,term_d_q10,term_d_q50,term_d_q90,term_d_std,term_p_abs_mean,term_p_mean,term_p_q10,term_p_q50,term_p_q90,term_p_std,total_variance,total_variance_near_zero
0.08871779203658026,1.0000000063637584,6.363758409122511e-09,0.08871779203658026,0.08449154868721961,0.08763987571001053,0.09463449865579605,0.0,0.004435999457367849,1.967809118576785e-05,0.01104551708528786,0.1,0.10827349225191432,0.00048308074474334717,0.10827349225191432,0.10786539241671562,0.10816871747374535,0.10884532630443573,0.000979933887720108,-2.197224577336219,0.0004293039870464825,nan,0.0,0.04964447868575521,0.04964447868575521,0.03974167108535767,0.05315316654741764,0.0532272607088089,0.008032328168469422,0.21511010507326062,0.018868549055015414,0.09422849767596501,0.09422849767596501,0.016101747751235965,0.07396113872528076,0.20078114271163938,0.07848878407680199,0.9673922741419215,0.9427184329180835,Movies,1,text,0.9900628192539751,0.9917826295585412,0.9671305182341651,0.7716530710172744,-0.9900628192539751,-0.9986589610576629,-0.9958824515342712,-0.9776720583438874,0.01927630667614973,0.1701192747776449,0.038413024390659474,0.04844263195991516,0.05507611110806465,-0.05196281149983406,42,0.02967669628560543,0.02967669628560543,0.02967669628560543,0.02967669628560543,0.02967669628560543,0.0,0.0024049092141202213,0.0024049092141202213,0.001925191190093756,0.0025748793268576264,0.0025784685276448727,0.00038910711954169146,0.00518973920601447,0.00518973920601447,0.0008868216595146806,0.004073492018505931,0.01105824438855052,0.004322856992614128,0.051446447653236534,0.051446447653236534,0.0508025873452425,0.0517488531768322,0.051893127337098124,0.001001651080252638,1.967809118576785e-05,0
0.11318525995597987,1.0000000009788192,9.788192478765723e-10,0.11318525995597987,0.10896916463971137,0.11215442046523094,0.11908882930874824,0.0,0.004344743728894866,1.8876798069771266e-05,0.008804817031123829,0.1,0.11065854994140407,0.0004847068339586258,0.11065854994140407,0.11024356856942177,0.11055641993880272,0.11124014407396317,0.0009965755045413943,-2.197224577336219,0.00042849710495584297,nan,0.0,0.04964447868575521,0.04964447868575521,0.03974167108535767,0.05315316654741764,0.0532272607088089,0.008032328168469422,0.24127501272755436,0.021608138725292204,0.10336904794392453,0.10336904794392453,0.026520293951034547,0.08358520269393921,0.20978628993034362,0.07674964673942246,0.9659814438902489,0.9398191094817623,Movies,2,text,0.9900628192539751,0.9917826295585412,0.9671305182341651,0.7716530710172744,-0.9900628192539751,-0.9986589610576629,-0.9958824515342712,-0.9776720583438874,0.01927630667614973,0.16731247938061233,0.03857275277176489,0.04844263195991516,0.05507611110806465,-0.05196281149983406,42,0.053640738129615784,0.053640738129615784,0.053640738129615784,0.053640738129615784,0.053640738129615784,0.0,0.0024049092141202213,0.0024049092141202213,0.001925191190093756,0.0025748793268576264,0.0025784685276448727,0.00038910711954169146,0.005693165168961547,0.005693165168961547,0.0014606346492655575,0.004603547975420952,0.011554213147610426,0.004227072070631174,0.051446447653236534,0.051446447653236534,0.0508025873452425,0.0517488531768322,0.051893127337098124,0.001001651080252638,1.887679806977127e-05,0
0.004779267558629227,0.9999999993966225,6.033774591074348e-10,-0.002955225660051822,-0.007563717430457473,-0.004077265039086342,0.003550278674811124,0.0,0.004664328869731816,2.1755963805013678e-05,0.33792420956562336,0.1,0.09973511608065447,0.0004748869687318802,0.09973511608065447,0.09932131692767143,0.09963363781571388,0.10031995922327042,0.0009986422955989838,-2.197224577336219,0.00041976861360194686,nan,0.0,0.04964447868575521,0.04964447868575521,0.03974167108535767,0.05315316654741764,0.0532272607088089,0.008032328168469422,0.24107834577839088,0.02011121070781166,0.11695593588712005,0.11695593588712005,0.03346728086471558,0.0956411063671112,0.2332327961921692,0.08276550517781563,0.9705537646572897,0.9485125295150696,Movies,3,text,0.9900628192539751,0.9917826295585412,0.9671305182341651,0.7716530710172744,-0.9900628192539751,-0.9986589610576629,-0.9958824515342712,-0.9776720583438874,0.01927630667614973,0.14610795552814348,0.0313762591737413,0.04844263195991516,0.05507611110806465,-0.05196281149983406,42,0.06324806064367294,-0.06324806064367294,-0.06324806064367294,-0.06324806064367294,-0.06324806064367294,0.0,0.0024049092141202213,0.0024049092141202213,0.001925191190093756,0.0025748793268576264,0.0025784685276448727,0.00038910711954169146,0.006441478120595074,0.006441478120595074,0.0018432477139867843,0.005267540225759149,0.012845555320382118,0.004558402157434009,0.051446447653236534,0.051446447653236534,0.0508025873452425,0.0517488531768322,0.051893127337098124,0.001001651080252638,2.1755963805013674e-05,0
0.03924517125119652,1.0000000004251182,4.251181628944778e-10,0.03030905760442038,-0.022801469825208188,0.039144331589341164,0.0671683207154274,0.0,0.03296936994773065,0.0010869793547503249,0.2719699373867943,0.1,0.10280076410414046,0.0053566135466098785,0.10280076410414046,0.09796650782227516,0.10357856750488281,0.10620966032147408,0.008243152499198922,-2.197224577336219,0.0030202354611432182,nan,0.0,0.031408136483143466,0.031408136483143466,0.01471649929881096,0.0312582291662693,0.05019898749887943,0.012687164585162208,-0.09692833706095186,-0.0005139075195859945,0.14388477282452034,0.14388477282452034,0.036296910047531133,0.13619112968444824,0.2600208520889282,0.08624277353082356,0.07714484638703487,0.0001773457667108141,Movies,1,visual,0.6012311095539866,0.18444097888675623,0.0838531669865643,0.007437619961612284,0.2263603347298146,-0.7868843138217926,0.39430148899555206,0.9286354303359985,0.6285066494277165,0.9999836771908289,1.0003365621779932,0.01377781294286251,0.0008788238628767431,0.05247518792748451,42,0.017871571704745293,0.017871571704745293,0.017871571704745293,0.017871571704745293,0.017871571704745293,0.0,0.00043273542947701467,0.00043273542947701467,0.00020276116993045434,0.0004306700429879129,0.0006916322628967464,0.00017480138054464732,0.00012644937181761418,0.00012644937181761418,3.18985890771728e-05,0.00011968801481998526,0.00022851253452245144,7.579220732410998e-05,0.03154971545106597,0.011878301095011978,-0.041291901096701625,0.020691045559942722,0.04873031824827194,0.032981004533330596,0.0010869793547503249,0
0.030477535021660365,1.0000000006272476,6.27247587203783e-10,0.008149509224010554,-0.044955357909202576,0.016972292214632034,0.04501102045178414,0.0,0.03296967153200993,0.001086999240928626,0.9937312502227313,0.1,0.1007750463866827,0.005261804908514023,0.1007750463866827,0.09602612927556038,0.10153790935873985,0.1041245512664318,0.008098421990871421,-2.197224577336219,0.0029673311342787527,nan,0.0,0.031408136483143466,0.031408136483143466,0.01471649929881096,0.0312582291662693,0.05019898749887943,0.012687164585162208,-0.09690307671041053,-0.0005137688912538276,0.15484680589681737,0.15484680589681737,0.05417416095733643,0.15018394589424133,0.25891621708869933,0.07910143619415433,0.08824822871718402,0.00018607052644762555,Movies,2,visual,0.6012311095539866,0.18444097888675623,0.0838531669865643,0.007437619961612284,0.2263603347298146,-0.7868843138217926,0.39430148899555206,0.9286354303359985,0.6285066494277165,0.9999839643091898,1.0003276989920538,0.01377781294286251,0.0008788238628767431,0.05247518792748451,42,0.004297610372304916,-0.004297610372304916,-0.004297610372304916,-0.004297610372304916,-0.004297610372304916,0.0,0.00043273542947701467,0.00043273542947701467,0.00020276116993045434,0.0004306700429879129,0.0006916322628967464,0.00017480138054464732,0.00013608306807515768,0.00013608306807515768,4.760954616358504e-05,0.0001319852381129749,0.00022754175151931121,6.951622970730299e-05,0.03154971545106597,0.011878301095011978,-0.041291901096701625,0.020691045559942722,0.04873031824827194,0.032981004533330596,0.0010869992409286257,0
0.04818831152948971,0.9999999991532318,8.467682111046315e-10,-0.04818831152948971,-0.10129494071006774,-0.039366018027067184,-0.011329282447695732,0.0,0.032970009594596304,0.0010870215326677724,0.16060614655343697,0.1,0.09578378925648752,0.0050315409898757935,0.09578378925648752,0.091245636343956,0.09651242569088936,0.0989849753677845,0.0077393390238285065,-2.197224577336219,0.0028358086272308124,nan,0.0,0.031408136483143466,0.031408136483143466,0.01471649929881096,0.0312582291662693,0.05019898749887943,0.012687164585162208,-0.0968870756114878,-0.0005136787881492598,0.177501465996545,0.177501465996545,0.07204357385635377,0.1727708876132965,0.28816760778427125,0.08415329788726594,0.08765076336380352,0.00019661181416496008,Movies,3,visual,0.6012311095539866,0.18444097888675623,0.0838531669865643,0.007437619961612284,0.2263603347298146,-0.7868843138217926,0.39430148899555206,0.9286354303359985,0.6285066494277165,0.9999835885690711,1.000317066127216,0.01377781294286251,0.0008788238628767431,0.05247518792748451,42,0.06065534055233002,-0.06065534055233002,-0.06065534055233002,-0.06065534055233002,-0.06065534055233002,0.0,0.00043273542947701467,0.00043273542947701467,0.00020276116993045434,0.0004306700429879129,0.0006916322628967464,0.00017480138054464732,0.00015599252399575592,0.00015599252399575592,6.331361291813665e-05,0.0001518351782578975,0.0002532485639676452,7.395592634515106e-05,0.03154971545106597,0.011878301095011978,-0.041291901096701625,0.020691045559942722,0.04873031824827194,0.032981004533330596,0.0010870215326677722,0
0.0610230013454644,1.0000000005521237,5.52123680108707e-10,0.0610230013454644,0.05830492451786995,0.06036294437944889,0.06460800021886826,0.0,0.002857447855955521,8.165008249504802e-06,0.009761074737774541,0.1,0.10562799726174912,0.0002816207706928253,0.10562799726174912,0.10537119209766388,0.10556535795331001,0.10596684217453003,0.0005956500768661555,-2.197224577336219,0.0002703888270293157,nan,0.0,0.04042704451081625,0.04042704451081625,0.02403454091399908,0.043671708554029465,0.05151557400822639,0.011428079606194085,0.420168584855093,0.059501539810723474,0.07478666739920851,0.07478666739920851,0.011867785453796388,0.0563698410987854,0.16261384487152095,0.06635230800628185,0.9127748796489206,0.8522466551224591,Movies,1,text,0.9774822973236871,0.9857845489443378,0.916686660268714,0.3040427063339731,0.9774822973236871,0.9544338643550873,0.9837674498558044,0.9953016102313995,0.024122423139951922,0.26841434130788866,0.08825180561894112,0.03540867567062378,0.04020905867218971,0.03894711285829544,43,0.018514318391680717,0.018514318391680717,0.018514318391680717,0.018514318391680717,0.018514318391680717,0.0,0.0014314681073993398,0.0014314681073993398,0.0008510312472935766,0.0015463573508895934,0.0018240982433781027,0.00040465316419798734,0.003007101496535904,0.003007101496535904,0.0004771924810484052,0.0022665782598778605,0.00653854953125119,0.0026679638448875837,0.03807011334685387,0.03807011334685387,0.03717244379222393,0.038314903154969215,0.038764125853776935,0.0009394987299161701,8.165008249504804e-06,0
0.08076085040887421,1.0000000041925212,4.192521219081868e-09,0.08076085040887421,0.07805839106440544,0.08009687066078186,0.08441853448748589,0.0,0.0028112624973815944,7.9031968291842e-06,0.007559187587927634,0.1,0.10750720191625396,0.00028082728385925293,0.10750720191625396,0.10724788010120392,0.10744320601224899,0.10785836651921273,0.0006104864180088015,-2.197224577336219,0.00027016099414591915,nan,0.0,0.04042704451081625,0.04042704451081625,0.02403454091399908,0.043671708554029465,0.05151557400822639,0.011428079606194085,0.45263132371232573,0.065151759227717,0.08226040016409303,0.08226040016409303,0.01963745951652527,0.06478789448738098,0.17068312764167784,0.06499136107389833,0.9097104932237562,0.84563187303101,Movies,2,text,0.9774822973236871,0.9857845489443378,0.916686660268714,0.3040427063339731,0.9774822973236871,0.9544338643550873,0.9837674498558044,0.9953016102313995,0.024122423139951922,0.2669621922664047,0.08921637193379424,0.03540867567062378,0.04020905867218971,0.03894711285829544,43,0.03795165568590164,0.03795165568590164,0.03795165568590164,0.03795165568590164,0.03795165568590164,0.0,0.0014314681073993398,0.0014314681073993398,0.0008510312472935766,0.0015463573508895934,0.0018240982433781027,0.00040465316419798734,0.0033076132573750016,0.0033076132573750016,0.0007896037772297859,0.002605060231871903,0.0068630080204457045,0.0026132414531332706,0.03807011334685387,0.03807011334685387,0.03717244379222393,0.038314903154969215,0.038764125853776935,0.0009394987299161701,7.9031968291842e-06,0
0.0029106214237465716,0.9999999997314498,2.685501820920422e-10,0.0027186693267342134,-0.00016471000271849328,0.0019817776046693325,0.0067344914656132454,0.0,0.0030108636312884364,9.06529980621539e-06,0.22899386379911602,0.1,0.10024526654411958,0.0002846568822860718,0.10024526654411958,0.09998517856001854,0.10017848387360573,0.10060773715376854,0.0006225585937500028,-2.197224577336219,0.00027203592327682647,nan,0.0,0.04042704451081625,0.04042704451081625,0.02403454091399908,0.043671708554029465,0.05151557400822639,0.011428079606194085,0.4486820569854548,0.060301839044211686,0.09314696471101377,0.09314696471101377,0.024924600124359136,0.07438406348228455,0.19084388613700864,0.07023607515670278,0.921736019671739,0.8645689109987195,Movies,3,text,0.9774822973236871,0.9857845489443378,0.916686660268714,0.3040427063339731,0.9774822973236871,0.9544338643550873,0.9837674498558044,0.9953016102313995,0.024122423139951922,0.24077086890083652,0.07512924968851858,0.03540867567062378,0.04020905867218971,0.03894711285829544,43,0.04052826389670372,-0.04052826389670372,-0.04052826389670372,-0.04052826389670372,-0.04052826389670372,0.0,0.0014314681073993398,0.0014314681073993398,0.0008510312472935766,0.0015463573508895934,0.0018240982433781027,0.00040465316419798734,0.0037453517694709176,0.0037453517694709176,0.0010021947557106617,0.002990913111716509,0.007673652796074747,0.0028241264693070617,0.03807011334685387,0.03807011334685387,0.03717244379222393,0.038314903154969215,0.038764125853776935,0.0009394987299161701,9.065299806215388e-06,0
0.020725489100798536,1.0000000006906897,6.906897276337531e-10,0.010804131092333543,-0.02049171421676874,0.011396170128136873,0.040690592676401134,0.0,0.02204839988168075,0.0004861319373424997,0.5138248078483217,0.1,0.1009941815359307,0.0034428220242261887,0.1009941815359307,0.09817078784108162,0.10103033855557442,0.1037222184240818,0.005551430583000186,-2.197224577336219,0.002000783677369424,nan,0.0,0.014716179717711332,0.014716179717711332,0.005576171074062586,0.013793380465358496,0.02513661775738001,0.00764086397295353,-0.015090775980393703,-3.09145846721117e-05,0.1368702301637568,0.1368702300922541,0.03464983701705933,0.12840056419372559,0.24880169034004207,0.08339397888764008,0.04798312459688624,0.0006673851607465168,Movies,1,visual,0.485689651262741,0.08793186180422265,0.039587332053742805,0.0014395393474088292,0.014302452098564221,-0.7483077049255371,-0.0013436965527944267,0.8134196341037749,0.5624418242687073,0.9998969347050316,0.9993635301146154,-0.0059113469906151295,-0.0036773113533854485,-0.039180297404527664,43,0.011954812332987785,0.011954812332987785,0.011954812332987785,0.011954812332987785,0.011954812332987785,0.0,8.699244467116805e-05,-8.699244467116805e-05,-0.00014859126531518996,-8.153745875461027e-05,-3.296268259873614e-05,4.5167798257185094e-05,0.0005033144510635546,-0.000503314450800617,-0.0009149212564807385,-0.00047216886014211923,-0.00012741824466502293,0.00030666562511008047,0.019029464983548332,-0.0005603743329769714,-0.03187002353370189,5.264643004920799e-05,0.029318918660283088,0.022036637951725755,0.0004861319373424996,0
0.020562636802095798,0.9999999997177734,2.8222657544318963e-10,-0.011208010895322725,-0.04251479655504227,-0.010618941392749548,0.01868347469717264,0.0,0.022047603701153586,0.0004860968289631213,0.48678787663317163,0.1,0.09901317718551421,0.00338013656437397,0.09901317718551421,0.09623821005225182,0.09904836118221283,0.10169413387775421,0.00545592382550239,-2.197224577336219,0.0019657796503810662,nan,0.0,0.014716179717711332,0.014716179717711332,0.005576171074062586,0.013793380465358496,0.02513661775738001,0.00764086397295353,-0.015014968703712847,-3.076039856484561e-05,0.1466723472459131,0.14667234718871094,0.05118537545204163,0.1404763162136078,0.24562799930572507,0.07638521993048294,0.04833051236162367,0.000615743364903825,Movies,2,visual,0.485689651262741,0.08793186180422265,0.039587332053742805,0.0014395393474088292,0.014302452098564221,-0.7483077049255371,-0.0013436965527944267,0.8134196341037749,0.5624418242687073,0.9999123401032143,0.9994150167514345,-0.0059113469906151295,-0.0036773113533854485,-0.039180297404527664,43,0.010021284222602844,-0.010021284222602844,-0.010021284222602844,-0.010021284222602844,-0.010021284222602844,0.0,8.699244467116805e-05,-8.699244467116805e-05,-0.00014859126531518996,-8.153745875461027e-05,-3.296268259873614e-05,4.5167798257185094e-05,0.0005393598873986779,-0.0005393598871883279,-0.0009032506204675883,-0.0005165751499589533,-0.0001882245633169078,0.00028089223613929543,0.019029464983548332,-0.0005603743329769714,-0.03187002353370189,5.264643004920799e-05,0.029318918660283088,0.022036637951725755,0.0004860968289631213,0
0.027409214841485067,0.9999999986184526,1.381547432011132e-09,-0.025453397951962407,-0.05677433609962463,-0.02484623994678259,0.004443237464874982,0.0,0.022048877535848395,0.00048615300059084,0.21197523179723882,0.1,0.09774965033491076,0.0033409669995307922,0.09774965033491076,0.09500510022044181,0.09778596833348274,0.10040059015154838,0.00539548993110657,-2.197224577336219,0.0019435135047391069,nan,0.0,0.014716179717711332,0.014716179717711332,0.005576171074062586,0.013793380465358496,0.02513661775738001,0.00764086397295353,-0.014656458720898507,-3.0024202800980923e-05,0.16835000563677466,0.16835000560817356,0.06685996651649476,0.16215762495994568,0.2765059113502502,0.0815720781102766,0.050338699913014096,0.0006848373503611951,Movies,3,visual,0.485689651262741,0.08793186180422265,0.039587332053742805,0.0014395393474088292,0.014302452098564221,-0.7483077049255371,-0.0013436965527944267,0.8134196341037749,0.5624418242687073,0.9999002415321628,0.9993451854708922,-0.0059113469906151295,-0.0036773113533854485,-0.039180297404527664,43,0.024186955764889717,-0.024186955764889717,-0.024186955764889717,-0.024186955764889717,-0.024186955764889717,0.0,8.699244467116805e-05,-8.699244467116805e-05,-0.00014859126531518996,-8.153745875461027e-05,-3.296268259873614e-05,4.5167798257185094e-05,0.0006190753869437546,-0.0006190753868385795,-0.0010167983127757907,-0.0005963040748611093,-0.0002458649076288566,0.0002999659287224679,0.019029464983548332,-0.0005603743329769714,-0.03187002353370189,5.264643004920799e-05,0.029318918660283088,0.022036637951725755,0.00048615300059084006,0
0.08167818959488671,0.9999999824310668,1.7568933197154024e-08,0.08167818959488671,0.07737473174929618,0.08063310384750366,0.08752747625112534,0.0,0.004404361892673498,1.939840368163448e-05,0.011942438025351585,0.1,0.10759567850154973,0.0004921667277812958,0.10759567850154973,0.10718243792653084,0.10749463364481926,0.10815787464380264,0.0009754367172717937,-2.197224577336219,0.00042396168893320165,nan,0.0,0.04707685279984332,0.04707685279984332,0.0354838714003563,0.05139057710766792,0.05241372063755989,0.008511457247670022,0.31075848886111834,0.030541659345526093,0.09434401230339583,0.09434401230339583,0.016622471809387206,0.07444670796394348,0.19738509058952328,0.07753264821469208,0.979723518094416,0.9525279561418011,Movies,1,text,0.9887042675067218,0.9945417466410749,0.9709093090211133,0.6809620921305183,0.9887042675067218,0.9768429696559906,0.9932675659656525,0.997805517911911,0.01660009661289008,0.0957054349267385,0.01693036694373961,0.05085676163434982,0.055229686200618744,0.04693557694554329,44,0.027668017894029617,0.027668017894029617,0.027668017894029617,0.027668017894029617,0.027668017894029617,0.0,0.002394176280761891,0.002394176280761891,0.0018045947654172778,0.0026135583175346255,0.002665592124685645,0.00043286515214252937,0.005210590195159618,0.005210590195159618,0.0009180538880173118,0.004111668327823281,0.010901516396552322,0.004282103832617013,0.04640540522364578,0.04640540522364578,0.04584868773818016,0.046619586646556854,0.04683257900178432,0.0007791350935614727,1.9398403681634482e-05,0
0.10648643108301094,1.0000000053654907,5.365490718389765e-09,0.10648643108301094,0.10215504616498947,0.1055307574570179,0.11210601478815078,0.0,0.004270552935609011,1.823762237583874e-05,0.009153263517355379,0.1,0.11000097440216054,0.0004888847470283508,0.11000097440216054,0.10957693383097648,0.10990675166249275,0.11055163219571114,0.0009746983647346552,-2.197224577336219,0.0004190237890438948,nan,0.0,0.04707685279984332,0.04707685279984332,0.0354838714003563,0.05139057710766792,0.05241372063755989,0.008511457247670022,0.354875791989261,0.03597036871039879,0.10353032214613542,0.10353032214613542,0.027109777927398684,0.0855368971824646,0.20320285558700563,0.07498356705080435,0.9784268966839871,0.9488180667918455,Movies,2,text,0.9887042675067218,0.9945417466410749,0.9709093090211133,0.6809620921305183,0.9887042675067218,0.9768429696559906,0.9932675659656525,0.997805517911911,0.01660009661289008,0.0833768301178226,0.015211569863246463,0.05085676163434982,0.055229686200618744,0.04693557694554329,44,0.051968902349472046,0.051968902349472046,0.051968902349472046,0.051968902349472046,0.051968902349472046,0.0,0.002394176280761891,0.002394176280761891,0.0018045947654172778,0.0026135583175346255,0.002665592124685645,0.00043286515214252937,0.005717947204974264,0.005717947204974264,0.0014972645789384843,0.004724175902083516,0.011222830321639777,0.004141318880571914,0.04640540522364578,0.04640540522364578,0.04584868773818016,0.046619586646556854,0.04683257900178432,0.0007791350935614727,1.8237622375838737e-05,0
0.00565430166905278,0.9999999997360285,2.6397151131618557e-10,-0.004447567351748421,-0.009145020227879285,-0.0054373303428292274,0.001626735716126859,0.0,0.004573885622017489,2.0920429683298314e-05,0.21732248071769786,0.1,0.09960117640783528,0.0004752501845359802,0.09960117640783528,0.09917993694543839,0.09951171278953552,0.10014649331569672,0.0009665563702583313,-2.197224577336219,0.00041116766723585624,nan,0.0,0.04707685279984332,0.04707685279984332,0.0354838714003563,0.05139057710766792,0.05241372063755989,0.008511457247670022,0.36707402832323704,0.03473929351290228,0.11725917418135219,0.11725917418135219,0.034919810295104985,0.09832879900932312,0.2256914973258972,0.08052685158022084,0.9812264216483343,0.9541073226415584,Movies,3,text,0.9887042675067218,0.9945417466410749,0.9709093090211133,0.6809620921305183,0.9887042675067218,0.9768429696559906,0.9932675659656525,0.997805517911911,0.01660009661289008,0.06547555259947256,0.011153383581567864,0.05085676163434982,0.055229686200618744,0.04693557694554329,44,0.05972333624958992,-0.05972333624958992,-0.05972333624958992,-0.05972333624958992,-0.05972333624958992,0.0,0.002394176280761891,0.002394176280761891,0.0018045947654172778,0.0026135583175346255,0.002665592124685645,0.00043286515214252937,0.006476187393099504,0.006476187393099504,0.001928610191680491,0.005430668592453003,0.012464870512485501,0.004447472742897512,0.04640540522364578,0.04640540522364578,0.04584868773818016,0.046619586646556854,0.04683257900178432,0.0007791350935614727,2.0920429683298314e-05,0
0.042336183087137116,0.9999999997739045,2.2609547567498112e-10,0.03203487526819693,-0.02544057499617338,0.04490612633526325,0.06882941126823425,0.0,0.035503523487490043,0.001260500180026757,0.26951612148906606,0.1,0.1029663476132164,0.005970507860183716,0.1029663476132164,0.09773354902863503,0.10411476716399193,0.10636746436357498,0.008633915334939957,-2.197224577336219,0.00325220028277387,nan,0.0,0.02699147598351253,0.02699147598351253,0.011671581026166677,0.02710606437176466,0.0421779565513134,0.011330705149654959,0.20843597522838878,0.00018038329022133616,0.14105758529635515,0.14105758526775405,0.03546377420425416,0.13182687759399414,0.2589037299156189,0.08634672560471313,0.14284970515092446,0.0021617044147704476,Movies,1,visual,0.6621679260187142,0.2883877159309021,0.1636876199616123,0.02411228406909789,-0.2652832747184772,-0.9629252433776856,-0.5095930993556976,0.8240489780902862,0.6727573765420287,0.9998874506445953,0.9976579120689127,0.0027116781566292048,-0.006222179625183344,-0.05265547335147858,44,0.018870752304792404,0.018870752304792404,0.018870752304792404,0.018870752304792404,0.018870752304792404,0.0,7.319219585974527e-05,7.319219585974527e-05,3.1649572338210416e-05,7.35029207135085e-05,0.00011437304347055033,3.0725225691518196e-05,0.0008776856332856073,-0.0008776856331076463,-0.0016109455493278802,-0.0008202505123335868,-0.00022066197270760322,0.0005372648363657952,0.03486676557195658,0.013968616393955888,-0.04339068979024887,0.026832865551114082,0.05070328414440155,0.035424358102288965,0.001260500180026757,0
0.03263621257126779,1.000000001206454,1.2064540477751962e-09,0.0057726961450384915,-0.05179190821945667,0.018643811345100403,0.042574554309248926,0.0,0.035512910728756224,0.001261166828428609,1.466069044750635,0.1,0.10056610720727285,0.005852298811078072,0.10056610720727285,0.09543433561921119,0.10169047489762306,0.10389750674366952,0.008463171124458324,-2.197224577336219,0.0031855550038355582,nan,0.0,0.02699147598351253,0.02699147598351253,0.011671581026166677,0.02710606437176466,0.0421779565513134,0.011330705149654959,0.20824536370350316,0.00018017069476147993,0.15210214256882781,0.15210214256882781,0.05331171751022339,0.1461610198020935,0.2575600028038025,0.07924652754209234,0.17334294232070052,0.0024068148340692587,Movies,2,visual,0.6621679260187142,0.2883877159309021,0.1636876199616123,0.02411228406909789,-0.2652832747184772,-0.9629252433776856,-0.5095930993556976,0.8240489780902862,0.6727573765420287,0.9999063153996922,0.9974130156776233,0.0027116781566292048,-0.006222179625183344,-0.05265547335147858,44,0.0073227048851549625,-0.0073227048851549625,-0.0073227048851549625,-0.0073227048851549625,-0.0073227048851549625,0.0,7.319219585974527e-05,7.319219585974527e-05,3.1649572338210416e-05,7.35029207135085e-05,0.00011437304347055033,3.0725225691518196e-05,0.0009464068521805389,-0.0009464068521805389,-0.0016025846125558019,-0.0009094401029869914,-0.0003317150752991439,0.0004930861285648124,0.03486676557195658,0.013968616393955888,-0.04339068979024887,0.026832865551114082,0.05070328414440155,0.035424358102288965,0.001261166828428609,0
0.038270690358193506,1.0000000003392433,3.3924330011814163e-10,-0.038252749250570005,-0.09588456377387046,-0.025382081046700478,-0.0014270055340603,0.0,0.03553240967489521,0.0012625521373045867,0.21374623526207767,0.1,0.09665382026262123,0.005652440711855888,0.09665382026262123,0.09169525727629661,0.09773869067430496,0.09987163841724396,0.008176381140947347,-2.197224577336219,0.0030763546055929095,nan,0.0,0.02699147598351253,0.02699147598351253,0.011671581026166677,0.02710606437176466,0.0421779565513134,0.011330705149654959,0.20797414845799866,0.0001798373008709313,0.1744157163615762,0.1744157163615762,0.0693051278591156,0.16803964972496033,0.28768054842948915,0.08456030965805025,0.20031165787690539,0.002966133362319992,Movies,3,visual,0.6621679260187142,0.2883877159309021,0.1636876199616123,0.02411228406909789,-0.2652832747184772,-0.9629252433776856,-0.5095930993556976,0.8240489780902862,0.6727573765420287,0.9998946393394473,0.9968540296760524,0.0027116781566292048,-0.006222179625183344,-0.05265547335147858,44,0.05120931193232536,-0.05120931193232536,-0.05120931193232536,-0.05120931193232536,-0.05120931193232536,0.0,7.319219585974527e-05,7.319219585974527e-05,3.1649572338210416e-05,7.35029207135085e-05,0.00011437304347055033,3.0725225691518196e-05,0.0010852459166938947,-0.0010852459166938947,-0.0017900000093504786,-0.001045572862494737,-0.00043122896167915317,0.0005261494358211269,0.03486676557195658,0.013968616393955888,-0.04339068979024887,0.026832865551114082,0.05070328414440155,0.035424358102288965,0.0012625521373045867,0
0.04553838695396609,0.999999992491504,7.508496047137214e-09,0.041204584121564344,0.0016186617780476818,0.05198711156845093,0.05802736803889275,0.0,0.024320812087525213,0.0005915019005967126,0.12618147130822419,0.1,0.10379162707365375,0.0016230866312980652,0.10379162707365375,0.10014577955007553,0.10477711260318756,0.1053450345993042,0.005199255049228663,-2.197224577336219,0.002221051545188229,nan,0.0,0.029919256781733027,0.029919256781733027,0.010308118537068367,0.030175989493727684,0.04902496337890625,0.014137331325707268,0.39962593457538337,0.004329530615149235,0.09986240390591876,0.09986240389439817,0.017516469955444338,0.08397054672241211,0.20427999496459967,0.07521274441921752,0.1743708317098057,0.01459078760313403,Toys,1,text,0.7877874006582358,0.49780140130466294,0.3514375453007973,0.09480550857695096,-0.6593115504611479,-0.9895409941673279,-0.8889877200126648,0.15232656896114377,0.4985537464108999,0.9964035753111626,0.9810796742732206,0.01863793469965458,0.027057740837335587,-0.0480324886739254,42,0.006276524625718594,0.006276524625718594,0.006276524625718594,0.006276524625718594,0.006276524625718594,0.0,0.0005576331542203256,0.0005576331542203256,0.00019212204206269236,0.0005624181358143687,0.0009137240587733686,0.00026349065815789587,0.002702051045019598,0.0027020510447078767,0.00047395610599778595,0.002272053388878703,0.005527355149388315,0.002035086946739957,0.037839389396274174,0.03166837457097538,-0.007316624093800783,0.04270029440522194,0.047530116885900496,0.023946777181563298,0.0005915019005967125,0
0.058769132776972315,0.9999999993487555,6.512445027695435e-10,0.0569934158541772,0.01769402474164963,0.06780537217855453,0.0737254723906517,0.0,0.024310063736181105,0.0005909791988571876,0.09176410770783436,0.1,0.10526940421684838,0.0016486123204231262,0.10526940421684838,0.10160378366708755,0.10627015680074692,0.10683373361825943,0.005229949951171875,-2.197224577336219,0.0022480187409879148,nan,0.0,0.029919256781733027,0.029919256781733027,0.010308118537068367,0.030175989493727684,0.04902496337890625,0.014137331325707268,0.40180734785555117,0.004355088645101571,0.10768874008375022,0.10768874008375022,0.032423651218414305,0.09569013118743896,0.20056729316711427,0.06718903766152945,0.17990318228378266,0.013453729792399878,Toys,2,text,0.7877874006582358,0.49780140130466294,0.3514375453007973,0.09480550857695096,-0.6593115504611479,-0.9895409941673279,-0.8889877200126648,0.15232656896114377,0.4985537464108999,0.9970915930787818,0.982191180911254,0.01863793469965458,0.027057740837335587,-0.0480324886739254,42,0.021853594109416008,0.021853594109416008,0.021853594109416008,0.021853594109416008,0.021853594109416008,0.0,0.0005576331542203256,0.0005576331542203256,0.00019212204206269236,0.0005624181358143687,0.0009137240587733686,0.00026349065815789587,0.002913814018854618,0.002913814018854618,0.0008773107547312975,0.0025891587138175964,0.005426897853612901,0.0018179835653306421,0.037839389396274174,0.03166837457097538,-0.007316624093800783,0.04270029440522194,0.047530116885900496,0.023946777181563298,0.0005909791988571877,0
0.023968530064876446,1.0000000001805047,1.8050472228026138e-10,0.01159835184272608,-0.027669880166649816,0.022345012053847313,0.028445573523640636,0.0,0.024355542583509793,0.0005931924545371589,0.4356013804682538,0.1,0.10107000044547697,0.0015910826623439789,0.10107000044547697,0.09753711819648743,0.10202910751104355,0.10258937627077103,0.005052258074283597,-2.197224577336219,0.002172006360281673,nan,0.0,0.029919256781733027,0.029919256781733027,0.010308118537068367,0.030175989493727684,0.04902496337890625,0.014137331325707268,0.40286581728050713,0.00435840749515597,0.12731661392485183,0.12731661392485183,0.042613983154296875,0.11595642566680908,0.22897129058837892,0.07372519727777598,0.19336404218542574,0.015837454600801687,Toys,3,text,0.7877874006582358,0.49780140130466294,0.3514375453007973,0.09480550857695096,-0.6593115504611479,-0.9895409941673279,-0.8889877200126648,0.15232656896114377,0.4985537464108999,0.996529145767056,0.9798041380845471,0.01863793469965458,0.027057740837335587,-0.0480324886739254,42,0.02407255582511425,-0.02407255582511425,-0.02407255582511425,-0.02407255582511425,-0.02407255582511425,0.0,0.0005576331542203256,0.0005576331542203256,0.00019212204206269236,0.0005624181358143687,0.0009137240587733686,0.00026349065815789587,0.003444899942829168,0.003444899942829168,0.0011530380928888918,0.00313751888461411,0.006195445731282235,0.0019948372799030263,0.037839389396274174,0.03166837457097538,-0.007316624093800783,0.04270029440522194,0.047530116885900496,0.023946777181563298,0.000593192454537159,0
0.039634108602450265,1.0000000001323568,1.323567921929225e-10,-0.039535425399781055,-0.06365323215723037,-0.042125049978494644,-0.010446309484541401,0.0,0.019546077872974084,0.0003820491602163671,0.11757698141141137,0.1,0.09651110152578722,0.002798527479171753,0.09651110152578722,0.09441526830196381,0.09627211838960648,0.09906372427940369,0.004648455977439875,-2.197224577336219,0.0017092836761754197,nan,0.0,0.032246619650369235,0.032246619650369235,0.01558976359665394,0.03358982130885124,0.04670728147029877,0.011701934257365326,0.2518593658980412,0.004212542355965084,0.11469805065518159,0.11469805059757864,0.0261688232421875,0.09883636236190796,0.22351567745208772,0.0797716850034053,0.09628224442366219,0.009141722095803096,Toys,1,visual,0.48481520458849986,0.07016187484899734,0.02169606185068857,9.664170089393573e-05,0.2117447735279125,-0.5613730430603027,0.2835293710231781,0.8514399886131288,0.5177543614057085,0.9956038740610506,0.9866457356805887,-0.02793753892183304,-0.0232644435018301,-0.03741196542978287,42,0.028044359758496284,-0.028044359758496284,-0.028044359758496284,-0.028044359758496284,-0.028044359758496284,0.0,0.0009008911917503999,-0.0009008911917503999,-0.0013048864668235183,-0.0009384169243276119,-0.0004355396260507399,0.0003269232440068476,0.002668386319228287,-0.0026683863178881863,-0.005199967883527279,-0.0022993730381131172,-0.0006088030990213152,0.0018558438583068772,0.018137889666072816,-0.007921788140197752,-0.031854044646024704,-0.01060739066451788,0.021002068743109715,0.01937020825761475,0.0003820491602163671,0
0.03825242728515666,1.0000000003957545,3.957545402499818e-10,-0.03808812549492426,-0.062306348234415054,-0.0406571626663208,-0.009072719514369963,0.0,0.019564899162689317,0.00038278527924620116,0.12223990065201805,0.1,0.09663741135545387,0.002817116677761078,0.09663741135545387,0.09453053027391434,0.09639990329742432,0.09918641895055771,0.004655888676643377,-2.197224577336219,0.0017129225138914944,nan,0.0,0.032246619650369235,0.032246619650369235,0.01558976359665394,0.03358982130885124,0.04670728147029877,0.011701934257365326,0.2502697138865374,0.004181927341413698,0.12138898367177867,0.12138898366025808,0.0436497688293457,0.10821622610092163,0.216763997077942,0.07132344395321569,0.10828002616321875,0.009183235301100103,Toys,2,visual,0.48481520458849986,0.07016187484899734,0.02169606185068857,9.664170089393573e-05,0.2117447735279125,-0.5613730430603027,0.2835293710231781,0.8514399886131288,0.5177543614057085,0.9965515524826634,0.9866348377532407,-0.02793753892183304,-0.0232644435018301,-0.03741196542978287,42,0.02644139900803566,-0.02644139900803566,-0.02644139900803566,-0.02644139900803566,-0.02644139900803566,0.0,0.0009008911917503999,-0.0009008911917503999,-0.0013048864668235183,-0.0009384169243276119,-0.0004355396260507399,0.0003269232440068476,0.0028240471528201815,-0.0028240471525521615,-0.005042893812060356,-0.0025175902992486954,-0.0010154876159504049,0.001659300233105259,0.018137889666072816,-0.007921788140197752,-0.031854044646024704,-0.01060739066451788,0.021002068743109715,0.01937020825761475,0.00038278527924620116,0
0.020824926835387062,0.9999999875631224,1.2436877638855037e-08,-0.014423413868524738,-0.038713179528713226,-0.01696017012000084,0.014550045318901545,0.0,0.01958794319271319,0.000383687518520959,0.3291719069118101,0.1,0.0987230798657547,0.0028737112879753113,0.0987230798657547,0.09656937718391419,0.09848392754793167,0.1013171598315239,0.004747782647609708,-2.197224577336219,0.001747843028469501,nan,0.0,0.032246619650369235,0.032246619650369235,0.01558976359665394,0.03358982130885124,0.04670728147029877,0.011701934257365326,0.24732169856400263,0.004127805110130498,0.14414025345526044,0.14414025340917808,0.05688576698303223,0.1307607889175415,0.2500063538551331,0.07862164000138391,0.11896996526586391,0.011109212300783617,Toys,3,visual,0.48481520458849986,0.07016187484899734,0.02169606185068857,9.664170089393573e-05,0.2117447735279125,-0.5613730430603027,0.2835293710231781,0.8514399886131288,0.5177543614057085,0.9958324072249436,0.9847629701522083,-0.02793753892183304,-0.0232644435018301,-0.03741196542978287,42,0.0022473917342722416,-0.0022473917342722416,-0.0022473917342722416,-0.0022473917342722416,-0.0022473917342722416,0.0,0.0009008911917503999,-0.0009008911917503999,-0.0013048864668235183,-0.0009384169243276119,-0.0004355396260507399,0.0003269232440068476,0.0033533427832916607,-0.0033533427822195804,-0.005816258583217859,-0.0030420769471675158,-0.0013234156882390377,0.0018290887029953431,0.018137889666072816,-0.007921788140197752,-0.031854044646024704,-0.01060739066451788,0.021002068743109715,0.01937020825761475,0.000383687518520959,0
0.0363493138139851,0.9999999938663695,6.133630492399789e-09,0.0363493138139851,0.03193924501538277,0.03693268075585365,0.04025906622409821,0.0,0.003920621320811189,1.5371271541199274e-05,0.02120096068807437,0.1,0.10331989083818031,0.0003334842622280121,0.10331989083818031,0.10291147083044053,0.10337338596582413,0.1036821112036705,0.0007706403732299777,-2.197224577336219,0.0003622371192130067,nan,0.0,0.03915108077928969,0.03915108077928969,0.021191200241446495,0.042776890099048615,0.05127983465790749,0.011961851127090998,-0.23120590794419502,-0.004174223681099956,0.09291685174472898,0.09291685173320839,0.016362202167510987,0.07848912477493286,0.18881829977035525,0.07009375793464406,0.5414224559125242,0.24057653978721982,Toys,1,text,0.861635771157812,0.5389224450350326,0.24522831601836192,0.0030442135781589756,0.8610424146426263,0.6994473338127136,0.9081735610961914,0.9698437452316284,0.14400123028650025,0.8977361252222813,0.7635976777602497,0.005917432252317667,0.024853786453604698,0.02315818890929222,43,0.013868121430277824,0.013868121430277824,0.013868121430277824,0.013868121430277824,0.013868121430277824,0.0,0.00023167386806141976,0.00023167386806141976,0.00012539748568087816,0.0002531293430365622,0.0003034449473489076,7.078344367353072e-05,0.0023093355912280154,0.002309335590941685,0.00040666268905624746,0.0019507519900798798,0.004692849703133106,0.0017420952915354275,0.019953923956018423,0.019940182893772734,0.0161979328840971,0.021031655371189117,0.02245982512831688,0.00333480769219071,1.537127154119927e-05,0
0.03977198431402891,0.9999999991148448,8.851551713817685e-10,0.03977198431402891,0.03533484637737274,0.04050466790795326,0.043468814343214035,0.0,0.003864948971257282,1.4937830550422722e-05,0.018993405509816267,0.1,0.10363739747936583,0.0003324262797832489,0.10363739747936583,0.10322538018226624,0.10370492190122604,0.10398078560829163,0.0007554054260253962,-2.197224577336219,0.00035798242175762943,nan,0.0,0.03915108077928969,0.03915108077928969,0.021191200241446495,0.042776890099048615,0.05127983465790749,0.011961851127090998,-0.23663511794186146,-0.004333782584603765,0.09948467276297378,0.09948467275145319,0.030199944972991943,0.08870905637741089,0.1847173810005188,0.06215450291950336,0.5287624667021266,0.2113401519031951,Toys,2,text,0.861635771157812,0.5389224450350326,0.24522831601836192,0.0030442135781589756,0.8610424146426263,0.6994473338127136,0.9081735610961914,0.9698437452316284,0.14400123028650025,0.9190574679528876,0.7929936297962537,0.005917432252317667,0.024853786453604698,0.02315818890929222,43,0.01712755672633648,0.01712755672633648,0.01712755672633648,0.01712755672633648,0.01712755672633648,0.0,0.00023167386806141976,0.00023167386806141976,0.00012539748568087816,0.0002531293430365622,0.0003034449473489076,7.078344367353072e-05,0.0024725708108252367,0.0024725708105389067,0.0007505829795263708,0.0022047560196369886,0.004590926505625248,0.0015447747412521222,0.019953923956018423,0.019940182893772734,0.0161979328840971,0.021031655371189117,0.02245982512831688,0.00333480769219071,1.4937830550422724e-05,0
0.006294524187839949,0.9999999997297504,2.702496004758359e-10,0.005633951807523162,0.001050641667097807,0.006353538483381271,0.009472032822668557,0.0,0.00396399411636238,1.5713249354555565e-05,0.13509840492160274,0.1,0.1005087722270176,0.00033909082412719727,0.1005087722270176,0.1000945970416069,0.10057327896356583,0.10085573494434356,0.0007611379027366583,-2.197224577336219,0.0003573339251333084,nan,0.0,0.03915108077928969,0.03915108077928969,0.021191200241446495,0.042776890099048615,0.05127983465790749,0.011961851127090998,-0.24016203032095748,-0.004288476482741126,0.11767543655687208,0.11767543654535151,0.039949655532836914,0.10719406604766846,0.21095950603485117,0.06819587820107689,0.5637859399818544,0.2410637611632265,Toys,3,text,0.861635771157812,0.5389224450350326,0.24522831601836192,0.0030442135781589756,0.8610424146426263,0.6994473338127136,0.9081735610961914,0.9698437452316284,0.14400123028650025,0.9072242117596219,0.7632247150492649,0.005917432252317667,0.024853786453604698,0.02315818890929222,43,0.017462585121393204,-0.017462585121393204,-0.017462585121393204,-0.017462585121393204,-0.017462585121393204,0.0,0.00023167386806141976,0.00023167386806141976,0.00012539748568087816,0.0002531293430365622,0.0003034449473489076,7.078344367353072e-05,0.0029246801704235046,0.002924680170137174,0.0009929002029821278,0.002664178377017379,0.005243142507970335,0.0016949257921365886,0.019953923956018423,0.019940182893772734,0.0161979328840971,0.021031655371189117,0.02245982512831688,0.00333480769219071,1.571324935455557e-05,0
0.03992839950631458,0.9999999991021188,8.978812138238368e-10,-0.039886408829159684,-0.06277378797531127,-0.04365912452340126,-0.010110126063227629,0.0,0.019464713977574336,0.0003788750902287777,0.1154092183386065,0.1,0.09648040446805389,0.002850741147994995,0.09648040446805389,0.09449050575494766,0.09613871574401855,0.09909376502037048,0.004603259265422821,-2.197224577336219,0.0017026595159610523,nan,0.0,0.03571281091963855,0.03571281091963855,0.01711750291287899,0.03822711110115051,0.04981915503740311,0.011969602609096602,0.5860849717488242,0.011077487306571038,0.11128518884957887,0.11128518876893476,0.025253605842590333,0.09560823440551758,0.21632770299911502,0.07817701914589767,0.1040107805414885,0.009481905083804771,Toys,1,visual,0.5249057139169512,0.08460980913264074,0.026673109446726264,0.00024160425223483932,0.2369254146369458,-0.6075218200683593,0.347710520029068,0.8759098529815674,0.5459292118879744,0.9957940060545547,0.979440606711743,-0.03073611482977867,-0.022697925567626953,-0.03506875038146973,43,0.027954114601016045,-0.027954114601016045,-0.027954114601016045,-0.027954114601016045,-0.027954114601016045,0.0,0.0010976730572398758,-0.0010976730572398758,-0.0015312473056837916,-0.0011749528348445892,-0.0005261255195364354,0.0003678990801781263,0.0025259429334670816,-0.0025259429316366274,-0.004910190310329199,-0.0021701084915548563,-0.0005732044810429213,0.0017744561617355457,0.018407787449099666,-0.008308678218496578,-0.030717064067721365,-0.012193773873150349,0.021305030956864385,0.019145055254150122,0.00037887509022877777,0
0.03887181043022606,1.0000000001873832,1.87383220051629e-10,-0.038796474126404815,-0.0617320328950882,-0.04260324686765671,-0.009067731909453857,0.0,0.019461085681090593,0.0003787338558867493,0.11875284508412247,0.1,0.09657545679935829,0.00285923108458519,0.09657545679935829,0.09457968026399613,0.09623052924871445,0.099186871945858,0.004607191681861869,-2.197224577336219,0.0017038321144510064,nan,0.0,0.03571281091963855,0.03571281091963855,0.01711750291287899,0.03822711110115051,0.04981915503740311,0.011969602609096602,0.5839121288875776,0.011038476405831884,0.11775718194097964,0.11775718182577376,0.041409850120544434,0.10428208112716675,0.21135418415069582,0.07018635036068742,0.10374598201375489,0.008492646520131535,Toys,2,visual,0.5249057139169512,0.08460980913264074,0.026673109446726264,0.00024160425223483932,0.2369254146369458,-0.6075218200683593,0.347710520029068,0.8759098529815674,0.5459292118879744,0.9966536306491443,0.9804688772614198,-0.03073611482977867,-0.022697925567626953,-0.03506875038146973,43,0.026717279106378555,-0.026717279106378555,-0.026717279106378555,-0.026717279106378555,-0.026717279106378555,0.0,0.0010976730572398758,-0.0010976730572398758,-0.0015312473056837916,-0.0011749528348445892,-0.0005261255195364354,0.0003678990801781263,0.002672843750131664,-0.0026728437475167298,-0.004797301348298788,-0.0023669868241995573,-0.0009399176924489436,0.0015930845549814445,0.018407787449099666,-0.008308678218496578,-0.030717064067721365,-0.012193773873150349,0.021305030956864385,0.019145055254150122,0.0003787338558867493,0
0.022387145544533315,0.9999999973534388,2.6465611924209043e-09,-0.01706115186172848,-0.04008075520396233,-0.020827429369091988,0.01269974615424872,0.0,0.019498022002007086,0.0003801728619907524,0.27540150676832703,0.1,0.09848850921217615,0.002916913479566574,0.09848850921217615,0.09645010828971863,0.09814107418060303,0.1011487752199173,0.004698666930198672,-2.197224577336219,0.0017370975421094727,nan,0.0,0.03571281091963855,0.03571281091963855,0.01711750291287899,0.03822711110115051,0.04981915503740311,0.011969602609096602,0.5818935927767598,0.010979478714409,0.1398676968335126,0.13986769672982732,0.05405070781707764,0.12608444690704346,0.2425946354866028,0.07759878225132438,0.12282572110197522,0.01109532020677762,Toys,3,visual,0.5249057139169512,0.08460980913264074,0.026673109446726264,0.00024160425223483932,0.2369254146369458,-0.6075218200683593,0.347710520029068,0.8759098529815674,0.5459292118879744,0.9959546620381713,0.9779251984322522,-0.03073611482977867,-0.022697925567626953,-0.03506875038146973,43,0.0044800941832363605,-0.0044800941832363605,-0.0044800941832363605,-0.0044800941832363605,-0.0044800941832363605,0.0,0.0010976730572398758,-0.0010976730572398758,-0.0015312473056837916,-0.0011749528348445892,-0.0005261255195364354,0.0003678990801781263,0.0031747065729309867,-0.003174706570577546,-0.005506394896656275,-0.0028618553187698126,-0.0012268389808014035,0.0017613313853981094,0.018407787449099666,-0.008308678218496578,-0.030717064067721365,-0.012193773873150349,0.021305030956864385,0.019145055254150122,0.00038017286199075245,0
0.032853819749006814,0.9999999910985694,8.901430592622717e-09,0.02031351872982244,-0.029515821486711502,0.03129715844988823,0.05066337585449219,0.0,0.03026334595831061,0.000915870108592395,0.3582949307192171,0.1,0.1018763495761722,0.004561968147754669,0.1018763495761722,0.09737477749586106,0.1028522178530693,0.1046530082821846,0.007278230786323545,-2.197224577336219,0.0027445604376399664,nan,0.0,0.031720289095568184,0.031720289095568184,0.01393180899322033,0.03260975703597069,0.04837276041507721,0.012630805356931464,-0.48357665620783474,-0.001952120364446468,0.10386073214329795,0.10386073214329795,0.01869553327560425,0.0877375602722168,0.21049196720123298,0.07773459841798609,0.1235452244840656,0.007462841607934501,Toys,1,text,0.6441006844863253,0.2905049528871708,0.18748489973423532,0.047161150036240634,0.3603213223818033,-0.6570285797119141,0.5856437087059021,0.9780122876167298,0.6143403082662261,0.9981871088548732,0.9944892698550813,0.00967224221676588,0.0235169418156147,0.0490790419280529,44,0.00012000013521173969,-0.00012000013521173969,-0.00012000013521173969,-0.00012000013521173969,-0.00012000013521173969,0.0,0.00030680631929740705,0.00030680631929740705,0.00013475182640831918,0.0003154094738420099,0.00046787306200712925,0.00012216820887258882,0.0024424867944612154,0.0024424867944612154,0.00043966177618131046,0.0020633190870285034,0.004950127378106119,0.0018280800278292109,0.03161184448586902,0.017684225284946436,-0.03224633410573006,0.0287428330630064,0.04799990728497505,0.03015123373009599,0.0009158701085923951,0
0.04127024885952116,0.9999999992405194,7.594805895294598e-10,0.03548384234051242,-0.01434097811579704,0.04636598750948906,0.06592376828193665,0.0,0.030275339156575248,0.0009165961610456585,0.20783701508393637,0.1,0.10327270906144048,0.00461994856595993,0.10327270906144048,0.09871668815612793,0.10425101220607758,0.10609154403209686,0.007374855875968936,-2.197224577336219,0.0027790520077200726,nan,0.0,0.031720289095568184,0.031720289095568184,0.01393180899322033,0.03260975703597069,0.04837276041507721,0.012630805356931464,-0.4834005279399963,-0.0019506363367581719,0.11071128881216682,0.11071128881216682,0.033818626403808595,0.09871315956115723,0.20424106121063232,0.06875441048119428,0.13961148664225076,0.007456131208566145,Toys,2,text,0.6441006844863253,0.2905049528871708,0.18748489973423532,0.047161150036240634,0.3603213223818033,-0.6570285797119141,0.5856437087059021,0.9780122876167298,0.6143403082662261,0.9985879409988936,0.9944945043687113,0.00967224221676588,0.0235169418156147,0.0490790419280529,44,0.014889219775795937,0.014889219775795937,0.014889219775795937,0.014889219775795937,0.014889219775795937,0.0,0.00030680631929740705,0.00030680631929740705,0.00013475182640831918,0.0003154094738420099,0.00046787306200712925,0.00012216820887258882,0.0026035909370374726,0.0026035909370374726,0.0007953106542117894,0.0023214316461235285,0.004803125187754631,0.0016168934703324788,0.03161184448586902,0.017684225284946436,-0.03224633410573006,0.0287428330630064,0.04799990728497505,0.03015123373009599,0.0009165961610456584,0
0.028764121063207033,0.9999999999741205,2.5879520748617324e-11,0.010053646751855548,-0.03972411602735519,0.02091927081346512,0.04059463813900948,0.0,0.030305723543245264,0.0009184368794796104,0.7193492628103518,0.1,0.10094159353172528,0.004532564431428909,0.10094159353172528,0.0964812234044075,0.10189855843782425,0.10371330678462982,0.007232083380222326,-2.197224577336219,0.00272592849957433,nan,0.0,0.031720289095568184,0.031720289095568184,0.01393180899322033,0.03260975703597069,0.04837276041507721,0.012630805356931464,-0.48393844869486646,-0.001950849099420644,0.13121419542508012,0.13121419542508012,0.04457923173904419,0.11988288164138794,0.23464818000793486,0.07555452105531994,0.14905000916407743,0.008738736641382007,Toys,3,text,0.6441006844863253,0.2905049528871708,0.18748489973423532,0.047161150036240634,0.3603213223818033,-0.6570285797119141,0.5856437087059021,0.9780122876167298,0.6143403082662261,0.9983011630176443,0.9932121124321592,0.00967224221676588,0.0235169418156147,0.0490790419280529,44,0.0110231414437294,-0.0110231414437294,-0.0110231414437294,-0.0110231414437294,-0.0110231414437294,0.0,0.00030680631929740705,0.00030680631929740705,0.00013475182640831918,0.0003154094738420099,0.00046787306200712925,0.00012216820887258882,0.0030857565988363883,0.0030857565988363883,0.001048367191106081,0.0028192787431180477,0.0055182076990604465,0.0017768112746602794,0.03161184448586902,0.017684225284946436,-0.03224633410573006,0.0287428330630064,0.04799990728497505,0.03015123373009599,0.0009184368794796102,0
0.03636034444989311,0.9999999994797732,5.202267505666214e-10,-0.036348663139781884,-0.058834883570671084,-0.040643684566020966,-0.006464275810867531,0.0,0.019433059083799446,0.00037764378535444016,0.12632275261397677,0.1,0.096789175195304,0.003072299063205719,0.096789175195304,0.0948280543088913,0.09640106558799744,0.09941971749067306,0.004591663181781766,-2.197224577336219,0.0017040020276814713,nan,0.0,0.03402265446242374,0.03402265446242374,0.016798766702413558,0.036106523126363754,0.04798751696944237,0.011847900262665825,0.37984081505970835,0.005087350941365064,0.11077316926567703,0.11077316910438878,0.025123977661132814,0.09470665454864502,0.21598600149154665,0.07837830932450764,0.08642854654896046,0.0068756093631525544,Toys,1,visual,0.5787215873276048,0.14897318192800194,0.05677699927518724,0.001063058709833293,0.1803285177551226,-0.7797661781311035,0.3226577043533325,0.9041906952857972,0.6200937549613418,0.9969010038000162,0.9880370391752556,-0.021967966109514236,-0.019724193960428238,-0.03106025420129299,44,0.02781529352068901,-0.02781529352068901,-0.02781529352068901,-0.02781529352068901,-0.02781529352068901,0.0,0.0007474085202568945,-0.0007474085202568945,-0.0010541881201788783,-0.0007931868894957006,-0.00036903474247083066,0.00026027427149457195,0.0021849114764190504,-0.00218491147323777,-0.004260149784386158,-0.0018680124776437879,-0.0004955502343364048,0.001545948975499408,0.017975239618391627,-0.005601049609401894,-0.028084393218159677,-0.010021829977631569,0.024219735339283944,0.019260269661767495,0.0003776437853544402,0
0.033872614203591306,1.0000000000590257,5.902567323801122e-11,-0.03373512739320087,-0.056299039721488954,-0.03799447789788246,-0.0038170001935213765,0.0,0.01942107409955751,0.0003771781191805036,0.13668361490980377,0.1,0.09701787492385894,0.003079589456319809,0.09701787492385894,0.09504594504833222,0.09663207828998566,0.09965698421001434,0.004611039161682123,-2.197224577336219,0.0017065334364996052,nan,0.0,0.03402265446242374,0.03402265446242374,0.016798766702413558,0.036106523126363754,0.04798751696944237,0.011847900262665825,0.37660687071244037,0.00504715024576134,0.11724955462464735,0.11724955452096206,0.04148069620132446,0.10375392436981201,0.2108641982078553,0.0704632903301431,0.07908022058844756,0.0056592230439769745,Toys,2,visual,0.5787215873276048,0.14897318192800194,0.05677699927518724,0.001063058709833293,0.1803285177551226,-0.7797661781311035,0.3226577043533325,0.9041906952857972,0.6200937549613418,0.9975532621874595,0.9892936267692873,-0.021967966109514236,-0.019724193960428238,-0.03106025420129299,44,0.02507401630282402,-0.02507401630282402,-0.02507401630282402,-0.02507401630282402,-0.02507401630282402,0.0,0.0007474085202568945,-0.0007474085202568945,-0.0010541881201788783,-0.0007931868894957006,-0.00036903474247083066,0.00026027427149457195,0.002312652958244893,-0.002312652956199784,-0.004159126430749893,-0.0020464626140892506,-0.0008181732962839303,0.0013898316072610474,0.017975239618391627,-0.005601049609401894,-0.028084393218159677,-0.010021829977631569,0.024219735339283944,0.019260269661767495,0.0003771781191805036,0
0.017084198292289063,1.0000000000446232,4.462319402875892e-11,-0.0002449339812158063,-0.022828227654099465,-0.004501964896917343,0.02968149557709695,0.0,0.019443209988214173,0.00037803841464579136,19.348477896409353,0.1,0.09999158793520772,0.003164514899253845,0.09999158793520772,0.09796412885189057,0.09959553927183151,0.10270322859287262,0.00473909974098205,-2.197224577336219,0.001754980714459825,nan,0.0,0.03402265446242374,0.03402265446242374,0.016798766702413558,0.036106523126363754,0.04798751696944237,0.011847900262665825,0.37335967846460183,0.004997935956908692,0.13917265735003187,0.1391726573269907,0.05408189296722412,0.1253032088279724,0.2427476167678833,0.07791404306618054,0.09302931705194299,0.00735303903945499,Toys,3,visual,0.5787215873276048,0.14897318192800194,0.05677699927518724,0.001063058709833293,0.1803285177551226,-0.7797661781311035,0.3226577043533325,0.9041906952857972,0.6200937549613418,0.9970300377874391,0.9876490250482596,-0.021967966109514236,-0.019724193960428238,-0.03106025420129299,44,0.008848592638969421,0.008848592638969421,0.008848592638969421,0.008848592638969421,0.008848592638969421,0.0,0.0007474085202568945,-0.0007474085202568945,-0.0010541881201788783,-0.0007931868894957006,-0.00036903474247083066,0.00026027427149457195,0.0027450684877067333,-0.002745068487252265,-0.0047880012542009355,-0.002471504732966423,-0.0010667217429727312,0.0015367916977809743,0.017975239618391627,-0.005601049609401894,-0.028084393218159677,-0.010021829977631569,0.024219735339283944,0.019260269661767495,0.00037803841464579136,0
0.04201409103584709,1.0000000036717696,3.6717695550692042e-09,0.04201409103584709,0.0343598697334528,0.04194183275103569,0.04969969131052494,0.0,0.00583703493259897,3.407097680438066e-05,0.03397837952023692,0.1,0.10384656923214432,0.0007760785520076752,0.10384656923214432,0.10313516482710838,0.10383858531713486,0.10456273555755616,0.0014275707304477747,-2.197224577336219,0.0005434623939554514,nan,0.0,0.037544991376300386,0.037544991376300386,0.02155353557318449,0.039395805448293686,0.05116434544324875,0.0115573029615227,-0.052667639169037064,-0.0024138886734745985,0.11000886686208224,0.11000886683415456,0.012448972463607788,0.09313246607780457,0.23006350398063663,0.08464556521213788,0.6835785079437242,0.500968360747416,Grocery,1,text,0.4176538739806166,0.01347077427667799,0.0011713716762328688,0.0,0.05076279767337754,-0.6330900132656097,0.07671265676617622,0.691709589958191,0.4838534714568738,0.6836301117122865,0.501445531597828,0.023147771134972572,0.05053706094622612,-0.008848731406033039,42,0.03603466972708702,0.03603466972708702,0.03603466972708702,0.03603466972708702,0.03603466972708702,0.0,0.0008690828678055186,0.0008690828678055186,0.0004989163193386048,0.0009119251044467092,0.001184340543113649,0.00026752580394299514,0.005559524811715996,0.005559524810304614,0.0006291344878263772,0.0047066411934792995,0.0116267335601151,0.004277738091277501,0.0036957069537378734,-0.00044918636337959103,-0.006120752356946468,-0.0006788096798118204,0.00560204344801605,0.0042814894115782084,3.4070976804380665e-05,0
0.03511450913000214,1.000000001259442,1.2594421061606909e-09,0.03511450913000214,0.027766574546694754,0.03513679280877113,0.04234375692903995,0.0,0.00550600484949761,3.0316089402691202e-05,0.038419732273545684,0.1,0.10320610529025852,0.000739051029086113,0.10320610529025852,0.10252691507339477,0.1032070517539978,0.10387600511312485,0.0013490900397300776,-2.197224577336219,0.0005097018142785572,nan,0.0,0.037544991376300386,0.037544991376300386,0.02155353557318449,0.039395805448293686,0.05116434544324875,0.0115573029615227,-0.059591568189040454,-0.002895435551505461,0.13013254457758952,0.13013254457758952,0.03985069990158082,0.12178629636764526,0.2342198669910431,0.07544671986071556,0.6340241288780034,0.439055620485718,Grocery,2,text,0.4176538739806166,0.01347077427667799,0.0011713716762328688,0.0,0.05076279767337754,-0.6330900132656097,0.07671265676617622,0.691709589958191,0.4838534714568738,0.7250992504223426,0.5638398163252295,0.023147771134972572,0.05053706094622612,-0.008848731406033039,42,0.02811809629201889,0.02811809629201889,0.02811809629201889,0.02811809629201889,0.02811809629201889,0.0,0.0008690828678055186,0.0008690828678055186,0.0004989163193386048,0.0009119251044467092,0.001184340543113649,0.00026752580394299514,0.006576516337244657,0.006576516337244657,0.002013937267474831,0.006154721602797508,0.011836783587932586,0.0038128554821274026,0.0036957069537378734,-0.00044918636337959103,-0.006120752356946468,-0.0006788096798118204,0.00560204344801605,0.0042814894115782084,3.0316089402691206e-05,0
0.05220152992444043,1.0000000047116115,4.7116115453604834e-09,-0.05220152992444043,-0.05967898294329643,-0.052175335586071014,-0.04482999369502067,0.0,0.005611712129613938,3.14913130256562e-05,0.02454643156439993,0.1,0.09540007997483549,0.0006965268403291702,0.09540007997483549,0.0947556547820568,0.09540124237537384,0.0960370160639286,0.0012813612818717984,-2.197224577336219,0.00048435401308293517,nan,0.0,0.037544991376300386,0.037544991376300386,0.02155353557318449,0.039395805448293686,0.05116434544324875,0.0115573029615227,-0.06294186950909542,-0.0030006126210993414,0.15368832130963872,0.15368832130963872,0.05753952860832214,0.14672937989234924,0.2617592096328735,0.07897948891235917,0.6515929556998217,0.4634525719467598,Grocery,3,text,0.4176538739806166,0.01347077427667799,0.0011713716762328688,0.0,0.05076279767337754,-0.6330900132656097,0.07671265676617622,0.691709589958191,0.4838534714568738,0.7071810811008764,0.5395480453859511,0.023147771134972572,0.05053706094622612,-0.008848731406033039,42,0.06038838252425194,-0.06038838252425194,-0.06038838252425194,-0.06038838252425194,-0.06038838252425194,0.0,0.0008690828678055186,0.0008690828678055186,0.0004989163193386048,0.0009119251044467092,0.001184340543113649,0.00026752580394299514,0.007766956062232358,0.007766956062232358,0.0029078786028549075,0.007415271596983075,0.013228540960699321,0.003991391246243824,0.0036957069537378734,-0.00044918636337959103,-0.006120752356946468,-0.0006788096798118204,0.00560204344801605,0.0042814894115782084,3.14913130256562e-05,0
0.03874465982019005,1.0000000000274432,2.7443158856499394e-11,-0.034545129978083886,-0.06464992985129356,-0.04452729597687721,0.011456148978322745,0.0,0.028937254371031413,0.0008373646905337766,0.19411280783699197,0.1,0.09696323221054766,0.004769772291183472,0.09696323221054766,0.09433010816574097,0.0960632897913456,0.10103576034307479,0.006705652177333821,-2.197224577336219,0.0025484192311986966,nan,0.0,0.030106614548804273,0.030106614548804273,0.01278830859810114,0.030567722395062447,0.04660939238965511,0.012495224515980733,0.6217569362070579,0.00677348621879307,0.12697977226987242,0.12697977215816172,0.01568836569786072,0.10902392864227295,0.2630538702011109,0.09590427697564012,0.1431675053571631,0.005837875812335907,Grocery,1,visual,0.6739181575566442,0.32060442778493614,0.20463863183788217,0.031509898090664165,0.25117836910213376,-0.8481810092926025,0.49149252474308014,0.9743475139141083,0.6911724879723338,0.9991446075003582,0.9873886379963142,-0.025229280814528465,-0.012303530238568783,-0.04137429967522621,42,0.021830933168530464,-0.021830933168530464,-0.021830933168530464,-0.021830933168530464,-0.021830933168530464,0.0,0.0007595682325305507,-0.0007595682325305507,-0.001175921456888318,-0.0007712016522418708,-0.0003226398315746337,0.00031524552807982956,0.0015622994680202838,-0.0015622994666458477,-0.0032364911632612346,-0.0013413791893981397,-0.00019302228465676306,0.0011799611716822,0.027882891809775514,-0.010392329110851452,-0.04031294621527195,-0.02033515926450491,0.035092896223068236,0.028596777649881226,0.0008373646905337767,0
0.03848205891203435,0.9999999993237811,6.762188586861839e-10,-0.03420031600130942,-0.06431534364819527,-0.04416361264884472,0.01164020411670208,0.0,0.02886174871278317,0.0008330005387598409,0.1957235931377055,0.1,0.09699327677367889,0.004768336191773415,0.09699327677367889,0.09435869753360748,0.09609489515423775,0.10105250626802445,0.006693808734416967,-2.197224577336219,0.00254239399939658,nan,0.0,0.030106614548804273,0.030106614548804273,0.01278830859810114,0.030567722395062447,0.04660939238965511,0.012495224515980733,0.6199253831339702,0.006771201104997553,0.1478403160963598,0.1478403160963598,0.04443522691726685,0.13783159852027893,0.26368519067764284,0.08489095032129994,0.08477876840920148,0.0030680017203093403,Grocery,2,visual,0.6739181575566442,0.32060442778493614,0.20463863183788217,0.031509898090664165,0.25117836910213376,-0.8481810092926025,0.49149252474308014,0.9743475139141083,0.6911724879723338,0.9993353951859295,0.9901607964984743,-0.025229280814528465,-0.012303530238568783,-0.04137429967522621,42,0.021229460835456848,-0.021229460835456848,-0.021229460835456848,-0.021229460835456848,-0.021229460835456848,0.0,0.0007595682325305507,-0.0007595682325305507,-0.001175921456888318,-0.0007712016522418708,-0.0003226398315746337,0.00031524552807982956,0.0018189577995906647,-0.0018189577995906647,-0.0032442586729303003,-0.0016958152409642935,-0.0005467101524118332,0.001044458375174322,0.027882891809775514,-0.010392329110851452,-0.04031294621527195,-0.02033515926450491,0.035092896223068236,0.028596777649881226,0.0008330005387598409,0
0.039623711890364816,0.9999999995387788,4.6122117236535587e-10,-0.03608747309915567,-0.0662173293530941,-0.04603048041462898,0.009751167614012958,0.0,0.028842100783972768,0.0008318667776328426,0.18523785099039358,0.1,0.09682809379132008,0.004753598943352699,0.09682809379132008,0.09419627711176873,0.09593286365270615,0.1008810430765152,0.0066847659647464724,-2.197224577336219,0.0025368055009079753,nan,0.0,0.030106614548804273,0.030106614548804273,0.01278830859810114,0.030567722395062447,0.04660939238965511,0.012495224515980733,0.619118633051004,0.0067669959924930995,0.17456217373549918,0.17456217373549918,0.06370965242385865,0.166395366191864,0.2940291523933411,0.08891987420173547,0.06470698338212484,0.0024544423960044903,Grocery,3,visual,0.6739181575566442,0.32060442778493614,0.20463863183788217,0.031509898090664165,0.25117836910213376,-0.8481810092926025,0.49149252474308014,0.9743475139141083,0.6911724879723338,0.9992781517261139,0.9907785611502813,-0.025229280814528465,-0.012303530238568783,-0.04137429967522621,42,0.022787844762206078,-0.022787844762206078,-0.022787844762206078,-0.022787844762206078,-0.022787844762206078,0.0,0.0007595682325305507,-0.0007595682325305507,-0.001175921456888318,-0.0007712016522418708,-0.0003226398315746337,0.00031524552807982956,0.0021477309831297005,-0.0021477309831297005,-0.003617596649564803,-0.0020472505129873753,-0.0007838536403141914,0.0010940283606788112,0.027882891809775514,-0.010392329110851452,-0.04031294621527195,-0.02033515926450491,0.035092896223068236,0.028596777649881226,0.0008318667776328426,0
0.07275230321711015,0.9999999997215955,2.7840452165861507e-10,0.06702545129375428,-0.014858093205839387,0.08893649280071259,0.11380561366677285,0.0,0.04887896570385267,0.0023891532882784053,0.17975527107109518,0.1,0.10628482732034698,0.007798194885253906,0.10628482732034698,0.09867071062326431,0.10829385742545128,0.11071888878941535,0.012048178166151044,-2.197224577336219,0.004578251814344868,nan,0.0,0.03812774793593305,0.03812774793593305,0.020693444460630418,0.04030703939497471,0.052212723344564435,0.01230295333022099,0.3900524502817823,0.00013368889904007665,0.10911122343921963,0.10911122341129195,0.012532210350036621,0.09431928396224976,0.22598915696144103,0.08241830873620487,0.07305621532620826,0.007786727226152996,Grocery,1,text,0.7101970659833966,0.40406465971652805,0.29243293897153566,0.10132364999414314,0.34536600402309797,-0.8211679756641388,0.6646345257759094,0.9892797350883484,0.6876949121158532,0.9943071358389528,0.9920795835964024,-0.001361711067147553,0.06321150064468384,0.0709172934293747,43,0.03568786382675171,0.03568786382675171,0.03568786382675171,0.03568786382675171,0.03568786382675171,0.0,5.191897633164013e-05,-5.191897633164013e-05,-7.109864091034979e-05,-5.488654278451577e-05,-2.8178492902952713e-05,1.6753067712931962e-05,0.006897084170042909,0.006897084168277558,0.0007921798271127046,0.005962063558399677,0.014285113848745824,0.005209784976307811,0.05036525371653932,0.02449242225003362,-0.05823500938713551,0.04713408090174198,0.07015703916549683,0.048769461863698405,0.0023891532882784053,0
0.07076935033595576,1.000000000229274,2.2927393317218048e-10,0.06403796573079065,-0.017978434264659882,0.08593817800283432,0.11072389483451843,0.0,0.04887629564724252,0.0023888922761966577,0.18773674437584148,0.1,0.10600143997789588,0.00782182440161705,0.10600143997789588,0.09839354008436203,0.10800467431545258,0.11041581928730011,0.01202227920293808,-2.197224577336219,0.004567203622628161,nan,0.0,0.03812774793593305,0.03812774793593305,0.020693444460630418,0.04030703939497471,0.052212723344564435,0.01230295333022099,0.38981744413570873,0.00013361565050718082,0.12903618913798864,0.12903618913798864,0.0405506432056427,0.12165704369544983,0.22958899736404423,0.073176268302795,0.06900284819811286,0.006530329469250053,Grocery,2,text,0.7101970659833966,0.40406465971652805,0.29243293897153566,0.10132364999414314,0.34536600402309797,-0.8211679756641388,0.6646345257759094,0.9892797350883484,0.6876949121158532,0.9955120448588956,0.9933360551095167,-0.001361711067147553,0.06321150064468384,0.0709172934293747,43,0.031440891325473785,0.031440891325473785,0.031440891325473785,0.031440891325473785,0.031440891325473785,0.0,5.191897633164013e-05,-5.191897633164013e-05,-7.109864091034979e-05,-5.488654278451577e-05,-2.8178492902952713e-05,1.6753067712931962e-05,0.008156571151139465,0.008156571151139465,0.0025632669450715182,0.007690124213695526,0.014512664731591943,0.00462558172811329,0.05036525371653932,0.02449242225003362,-0.05823500938713551,0.04713408090174198,0.07015703916549683,0.048769461863698405,0.002388892276196658,0
0.04337781491806172,1.0000000005031282,5.031282057643693e-10,-0.0401909974027326,-0.1221277005970478,-0.018304359167814255,0.006699425261467697,0.0,0.04888476612722092,0.0023897203593130855,0.2754774262623937,0.1,0.09652397091578681,0.007199971005320549,0.09652397091578681,0.08953285291790962,0.09836461022496223,0.10060456544160842,0.011071712523698804,-2.197224577336219,0.0042024467878240416,nan,0.0,0.03812774793593305,0.03812774793593305,0.020693444460630418,0.04030703939497471,0.052212723344564435,0.01230295333022099,0.3909546853251249,0.0001339822368975742,0.1523591436832337,0.1523591436832337,0.05773534178733826,0.14682912826538086,0.25601841807365416,0.0765700856494733,0.07197411065688986,0.007126199868629738,Grocery,3,text,0.7101970659833966,0.40406465971652805,0.29243293897153566,0.10132364999414314,0.34536600402309797,-0.8211679756641388,0.6646345257759094,0.9892797350883484,0.6876949121158532,0.9950869251577646,0.992739818397601,-0.001361711067147553,0.06321150064468384,0.0709172934293747,43,0.0742623507976532,-0.0742623507976532,-0.0742623507976532,-0.0742623507976532,-0.0742623507976532,0.0,5.191897633164013e-05,-5.191897633164013e-05,-7.109864091034979e-05,-5.488654278451577e-05,-2.8178492902952713e-05,1.6753067712931962e-05,0.009630850108801037,0.009630850108801037,0.0036495376145467165,0.009281289298087358,0.016183308511972427,0.00484011001698219,0.05036525371653932,0.02449242225003362,-0.05823500938713551,0.04713408090174198,0.07015703916549683,0.048769461863698405,0.0023897203593130855,0
0.02787622578436112,1.0000000000390534,3.905342715881943e-11,-0.020477528123911674,-0.058315904811024666,-0.018680923618376255,0.014459489006549125,0.0,0.027729536370674292,0.0007689271873325484,0.31430993783498656,0.1,0.09819938800770811,0.005007075145840645,0.09819938800770811,0.09487260058522225,0.09833123162388802,0.10130889117717742,0.006436290591955177,-2.197224577336219,0.0024526002350778752,nan,0.0,0.0438001138698239,0.0438001138698239,0.028549658693373205,0.047652190551161766,0.052532832324504855,0.010151798943770898,0.26154414195403075,0.00028043423522033033,0.1301033878278939,0.13010338770221935,0.016461551189422607,0.11228564381599426,0.2678975343704224,0.09738609185899393,0.13261357157636425,0.003891816587102938,Grocery,1,visual,0.6428958087318796,0.26396860723907695,0.14624575377767365,0.02471594236851353,0.06310429934173321,-0.901580548286438,0.10910621285438538,0.9527607440948487,0.7047173873512022,0.9995755400717788,0.9958277492167301,-0.0029287724755704403,-0.008356223814189434,0.03920091688632965,43,0.021735820919275284,-0.021735820919275284,-0.021735820919275284,-0.021735820919275284,-0.021735820919275284,0.0,0.00012828056789378932,-0.00012828056789378932,-0.0001538567099487409,-0.00013956242764834315,-8.361545405932701e-05,2.973230930360946e-05,0.0010871730276501735,-0.0010871730266000087,-0.0022386117838323117,-0.0009382839780300856,-0.00013755641266470774,0.0008137799798108955,0.02520210517136789,0.0024737463870870666,-0.03534278310835361,0.00427706353366375,0.037349093705415726,0.027625567737330912,0.0007689271873325484,0
0.028229826809993717,0.9999999994908814,5.091186361383393e-10,-0.0216791652211475,-0.05946196690201759,-0.019811921752989292,0.013181323278695348,0.0,0.027695258279161635,0.0007670273311494711,0.29605980726385134,0.1,0.09809298375009429,0.004991592839360237,0.09809298375009429,0.09477426409721375,0.0982310064136982,0.10119259357452393,0.006418329477310178,-2.197224577336219,0.002447158441474439,nan,0.0,0.0438001138698239,0.0438001138698239,0.028549658693373205,0.047652190551161766,0.052532832324504855,0.010151798943770898,0.2608230428931728,0.0002800071877518218,0.15059527756878205,0.1505952775408544,0.046152800321578986,0.14113420248031616,0.26756575107574465,0.08553187447602205,0.09936577172509069,0.0025643036123529205,Grocery,2,visual,0.6428958087318796,0.26396860723907695,0.14624575377767365,0.02471594236851353,0.06310429934173321,-0.901580548286438,0.10910621285438538,0.9527607440948487,0.7047173873512022,0.9996711960966406,0.9971556886907766,-0.0029287724755704403,-0.008356223814189434,0.03920091688632965,43,0.022766223177313805,-0.022766223177313805,-0.022766223177313805,-0.022766223177313805,-0.022766223177313805,0.0,0.00012828056789378932,-0.00012828056789378932,-0.0001538567099487409,-0.00013956242764834315,-8.361545405932701e-05,2.973230930360946e-05,0.0012584078451128408,-0.0012584078448794707,-0.0022358393529430033,-0.0011793489684350789,-0.0003856631286907939,0.0007147234869446339,0.02520210517136789,0.0024737463870870666,-0.03534278310835361,0.00427706353366375,0.037349093705415726,0.027625567737330912,0.000767027331149471,0
0.027582702283452054,0.9999999989537269,1.046273068183723e-09,-0.01964865162995381,-0.05738146007061005,-0.01778732519596815,0.015178146958351136,0.0,0.02768478689608583,0.0007664474254816857,0.32681425610410897,0.1,0.09827273918837885,0.004997655749320984,0.09827273918837885,0.094952904433012,0.09841049835085869,0.10137436389923096,0.006421459466218957,-2.197224577336219,0.002450226685959595,nan,0.0,0.0438001138698239,0.0438001138698239,0.028549658693373205,0.047652190551161766,0.052532832324504855,0.010151798943770898,0.2601608718209568,0.0002794019523686854,0.17759718215059198,0.17759718209473663,0.06608446836471558,0.17053961753845215,0.29757008552551273,0.08921578760401165,0.08233908706305677,0.0022172600903030246,Grocery,3,visual,0.6428958087318796,0.26396860723907695,0.14624575377767365,0.02471594236851353,0.06310429934173321,-0.901580548286438,0.10910621285438538,0.9527607440948487,0.7047173873512022,0.9996416208742579,0.9975033369110553,-0.0029287724755704403,-0.008356223814189434,0.03920091688632965,43,0.020510075613856316,-0.020510075613856316,-0.020510075613856316,-0.020510075613856316,-0.020510075613856316,0.0,0.00012828056789378932,-0.00012828056789378932,-0.0001538567099487409,-0.00013956242764834315,-8.361545405932701e-05,2.973230930360946e-05,0.0014840418023675975,-0.0014840418019008575,-0.0024865621468052267,-0.0014250672538764775,-0.0005522165913134809,0.0007455070888292215,0.02520210517136789,0.0024737463870870666,-0.03534278310835361,0.00427706353366375,0.037349093705415726,0.027625567737330912,0.0007664474254816858,0
0.042756269343155455,0.9999999968858346,3.1141653700217375e-09,0.042756269343155455,0.03587174639105797,0.042610131204128265,0.049972308054566386,0.0,0.005664500794243147,3.208656924798124e-05,0.030713394370581328,0.1,0.10391559374144614,0.0006449706852436066,0.10391559374144614,0.1032750815153122,0.10390080884099007,0.10458827167749404,0.0013131901621818431,-2.197224577336219,0.0005271855483891663,nan,0.0,0.04261643785415272,0.04261643785415272,0.02561511341482401,0.04649687930941582,0.05319082625210285,0.011356327508603669,0.013904690871746405,0.0008050195890690637,0.10673786210513889,0.10673786210513889,0.01260746717453003,0.09287479519844055,0.2201281487941742,0.08028555599600798,0.7427680680061984,0.5740492819077624,Grocery,1,text,0.7259961618768672,0.2643200187419468,0.08609581820311585,0.0005271172543047909,0.7077125869679406,0.319107621908188,0.8087092339992523,0.9461502134799957,0.28672057549410424,0.6424576615159503,0.42514569538900315,0.028878115117549896,0.05452807620167732,0.013073625974357128,44,0.026453007012605667,0.026453007012605667,0.026453007012605667,0.026453007012605667,0.026453007012605667,0.0,0.0012306823982658982,0.0012306823982658982,0.0007397161971312016,0.0013427422381937504,0.0015360507764853536,0.0003279493333382007,0.005820210279139086,0.005820210279139086,0.0006874609389342368,0.0050642837304621935,0.012003164272755384,0.004377816916698811,0.009491402276430947,0.00925236965635477,0.0041718938387930405,0.01057276176288724,0.012369614373892546,0.003748477562735508,3.208656924798125e-05,0
0.04694528377000615,1.0000000010910268,1.0910268244401777e-09,0.04694528377000615,0.040265615284442904,0.04723508097231388,0.053272958099842074,0.0,0.0053208117868777435,2.8311038071377126e-05,0.025881997208514373,0.1,0.10430616812157145,0.0006067641079425812,0.10430616812157145,0.1036827214062214,0.10433220118284225,0.10489775910973549,0.0012150377035140963,-2.197224577336219,0.0004965113288558508,nan,0.0,0.04261643785415272,0.04261643785415272,0.02561511341482401,0.04649687930941582,0.05319082625210285,0.011356327508603669,-0.006777101270628198,-0.00041770803642204727,0.12577932338895012,0.12577932338895012,0.04062477350234985,0.11809223890304565,0.22168149948120117,0.07105972841241188,0.7011611398998875,0.5106033506863742,Grocery,2,text,0.7259961618768672,0.2643200187419468,0.08609581820311585,0.0005271172543047909,0.7077125869679406,0.319107621908188,0.8087092339992523,0.9461502134799957,0.28672057549410424,0.6952716051135455,0.48981435844107457,0.028878115117549896,0.05452807620167732,0.013073625974357128,44,0.029603727161884308,0.029603727161884308,0.029603727161884308,0.029603727161884308,0.029603727161884308,0.0,0.0012306823982658982,0.0012306823982658982,0.0007397161971312016,0.0013427422381937504,0.0015360507764853536,0.0003279493333382007,0.006858504532802308,0.006858504532802308,0.00221519076731056,0.006439342629164457,0.012087865732610226,0.0038747502851330857,0.009491402276430947,0.00925236965635477,0.0041718938387930405,0.01057276176288724,0.012369614373892546,0.003748477562735508,2.831103807137713e-05,0
0.040239956395200276,1.0000000017586,1.7585999323443957e-09,-0.040239956395200276,-0.04715089090168476,-0.03988906554877758,-0.03377711772918701,0.0,0.005426196772816203,2.9443611417320974e-05,0.028954591004768968,0.1,0.09643727694659346,0.00058768130838871,0.09643727694659346,0.09583573341369629,0.09646683186292648,0.09700086489319801,0.001165131479501716,-2.197224577336219,0.00047221249261978547,nan,0.0,0.04261643785415272,0.04261643785415272,0.02561511341482401,0.04649687930941582,0.05319082625210285,0.011356327508603669,-0.024046951809054227,-0.001453353452661877,0.14837385912515164,0.14837385912515164,0.05773257613182068,0.1418946385383606,0.2476429998874665,0.07414178515024987,0.7151046096980777,0.5327914571307175,Grocery,3,text,0.7259961618768672,0.2643200187419468,0.08609581820311585,0.0005271172543047909,0.7077125869679406,0.319107621908188,0.8087092339992523,0.9461502134799957,0.28672057549410424,0.6784225425777224,0.4686618980805445,0.028878115117549896,0.05452807620167732,0.013073625974357128,44,0.05881354957818985,-0.05881354957818985,-0.05881354957818985,-0.05881354957818985,-0.05881354957818985,0.0,0.0012306823982658982,0.0012306823982658982,0.0007397161971312016,0.0013427422381937504,0.0015360507764853536,0.0003279493333382007,0.008090541097515856,0.008090541097515856,0.0031480463221669197,0.007737241685390472,0.013503496441990141,0.004042808906640043,0.009491402276430947,0.00925236965635477,0.0041718938387930405,0.01057276176288724,0.012369614373892546,0.003748477562735508,2.944361141732097e-05,0
0.03848705617221106,0.9999999998254476,1.7455237255603606e-10,-0.03588559761718373,-0.06279468461871147,-0.045288240537047386,0.006783555867150432,0.0,0.02627274479648996,0.0006902571191414903,0.17063841710171712,0.1,0.0968407324096477,0.004176642745733261,0.0968407324096477,0.0944887176156044,0.09599725157022476,0.10061217918992042,0.006123461574316022,-2.197224577336219,0.0023117183181823745,nan,0.0,0.031066474719430904,0.031066474719430904,0.011730657331645489,0.0325338002294302,0.04840699024498463,0.013686084928293615,0.629498113349596,0.009337179171659233,0.12271183641548666,0.1227118363596313,0.015304344892501834,0.1045968234539032,0.25499132871627805,0.0932560573873487,0.11174992427672648,0.003987847664702424,Grocery,1,visual,0.6620656415583582,0.30145250087852876,0.16375776033735504,0.007789621646948576,-0.2790458426039503,-0.9620673716068268,-0.52401003241539,0.8099586606025697,0.6687580309589727,0.9993120581728974,0.986674972989086,-0.028473934158682823,-0.01005355641245842,0.03878907486796379,44,0.022943392395973206,-0.022943392395973206,-0.022943392395973206,-0.022943392395973206,-0.022943392395973206,0.0,0.0008845847559059605,-0.0008845847559059605,-0.0013783374684862792,-0.0009263652900699526,-0.0003340179537190124,0.0003896966810444882,0.0012336903696202985,-0.0012336903690587536,-0.002563569648191333,-0.0010515700560063124,-0.00015386309969471758,0.0009375550333489169,0.02568091373319569,-0.010823930091706329,-0.03731770217418671,-0.020325863733887672,0.03141754604876042,0.02594050532105242,0.0006902571191414904,0
0.04014786162987405,0.999999999652456,3.475439935840541e-10,-0.03831171470687129,-0.06519060358405113,-0.047767894342541695,0.004308758582919839,0.0,0.026214320103794334,0.0006871905785041958,0.15933816900902498,0.1,0.09662866013562482,0.004163362085819244,0.09662866013562482,0.09428393766283989,0.09578226879239082,0.10038845613598824,0.006104518473148343,-2.197224577336219,0.002302031856915206,nan,0.0,0.031066474719430904,0.031066474719430904,0.011730657331645489,0.0325338002294302,0.04840699024498463,0.013686084928293615,0.6287649819094641,0.009347090660255186,0.14306801344592357,0.14306801340403205,0.04254481196403504,0.13330677151679993,0.25696522593498233,0.08283713739400463,0.05160662259197069,0.001639500829228682,Grocery,2,visual,0.6620656415583582,0.30145250087852876,0.16375776033735504,0.007789621646948576,-0.2790458426039503,-0.9620673716068268,-0.52401003241539,0.8099586606025697,0.6687580309589727,0.9994529307602906,0.9890134081629721,-0.028473934158682823,-0.01005355641245842,0.03878907486796379,44,0.025164857506752014,-0.025164857506752014,-0.025164857506752014,-0.025164857506752014,-0.025164857506752014,0.0,0.0008845847559059605,-0.0008845847559059605,-0.0013783374684862792,-0.0009263652900699526,-0.0003340179537190124,0.0003896966810444882,0.0014383423439312194,-0.0014383423435100605,-0.002583414386026561,-0.001340207178145647,-0.0004277266532881184,0.0008328078333598175,0.02568091373319569,-0.010823930091706329,-0.03731770217418671,-0.020325863733887672,0.03141754604876042,0.02594050532105242,0.0006871905785041958,0
0.03509256081904032,0.9999999998571142,1.428858142915601e-10,-0.03067196974262292,-0.05753038823604584,-0.040133036673069,0.01188973989337683,0.0,0.026189524757237386,0.00068589120700995,0.20002241626788755,0.1,0.09729752048354343,0.004187842831015587,0.09729752048354343,0.09494009763002395,0.09644556790590286,0.10107517912983895,0.0061350814998149955,-2.197224577336219,0.002314029366002528,nan,0.0,0.031066474719430904,0.031066474719430904,0.011730657331645489,0.0325338002294302,0.04840699024498463,0.013686084928293615,0.6284497704135377,0.009351249860524774,0.16873658986676418,0.16873658978298117,0.06137600541114807,0.16072198748588562,0.2857631087303162,0.08686378031577567,0.02236439374764283,0.0007457408909441415,Grocery,3,visual,0.6620656415583582,0.30145250087852876,0.16375776033735504,0.007789621646948576,-0.2790458426039503,-0.9620673716068268,-0.52401003241539,0.8099586606025697,0.6687580309589727,0.9994057187157486,0.9899030091056452,-0.028473934158682823,-0.01005355641245842,0.03878907486796379,44,0.017267052084207535,-0.017267052084207535,-0.017267052084207535,-0.017267052084207535,-0.017267052084207535,0.0,0.0008845847559059605,-0.0008845847559059605,-0.0013783374684862792,-0.0009263652900699526,-0.0003340179537190124,0.0003896966810444882,0.00169640282496469,-0.0016964028241223726,-0.00287293556611985,-0.0016158275539055467,-0.0006170471140649169,0.0008732899154900788,0.02568091373319569,-0.010823930091706329,-0.03731770217418671,-0.020325863733887672,0.03141754604876042,0.02594050532105242,0.00068589120700995,0
0.03778254667823592,1.0000000000580118,5.801181757192353e-11,0.026343177947870163,-0.020750265568494797,0.028307332657277584,0.07383280992507935,0.0,0.036801131037097805,0.0013543232456096435,0.33010589279833163,0.1,0.1024454762443217,0.007033701986074448,0.1024454762443217,0.0981479175388813,0.10257665067911148,0.10684395581483841,0.008696038275957108,-2.197224577336219,0.00338204963209664,nan,0.0,0.026421366405894816,0.026421366405894816,0.007078242255374789,0.025700070895254612,0.047215187922120094,0.014388091579341856,0.23815880393723082,0.003790004827722997,0.040846775612356945,0.04084677557089963,0.002762705087661743,0.02300015091896057,0.09993195533752441,0.052044854509272265,0.07101768616572188,0.003345130353623381,ele-fashion,1,text,0.6512742841534936,0.22744103266984433,0.10684696111122476,0.012979972587607143,0.005883369916012811,-0.9038626253604889,0.04940026067197323,0.9229539632797241,0.7106542984338436,0.9986926625084787,0.9928648648766654,0.040703438222408295,0.03330656886100769,0.0514826700091362,42,0.02360437996685505,0.02360437996685505,0.02360437996685505,0.02360437996685505,0.02360437996685505,0.0,0.0010754404553124958,0.0010754404553124958,0.0002881088003050536,0.0010460812482051551,0.00192182045429945,0.0005856447966249771,0.001360465944539619,0.0013604659431588181,9.201622742693871e-05,0.0007660561241209507,0.0033283906523138285,0.0017334355303071864,0.0335293390616933,0.0003028915827702326,-0.046533260494470596,0.0025432573165744543,0.04751613363623619,0.03658638074167925,0.0013543232456096435,0
0.042844952243946736,1.000000000113087,1.1308709524371352e-10,0.03931293075333365,-0.008158218581229448,0.041590191423892975,0.08683110028505325,0.0,0.03696669078843257,0.0013665362278475856,0.22441907323996982,0.1,0.10364450531112868,0.007142102345824242,0.10364450531112868,0.09926813840866089,0.10380587726831436,0.10809070989489555,0.008822571486234665,-2.197224577336219,0.003431963886714615,nan,0.0,0.026421366405894816,0.026421366405894816,0.007078242255374789,0.025700070895254612,0.047215187922120094,0.014388091579341856,0.24422909594192183,0.0038691994379860886,0.06814027537111053,0.06814027535403987,0.016766071319580078,0.05306783318519592,0.13913491368293762,0.05543024296791744,0.1588142868179882,0.007931506262518971,ele-fashion,2,text,0.6512742841534936,0.22744103266984433,0.10684696111122476,0.012979972587607143,0.005883369916012811,-0.9038626253604889,0.04940026067197323,0.9229539632797241,0.7106542984338436,0.9984714807354974,0.9881992944125821,0.040703438222408295,0.03330656886100769,0.0514826700091362,42,0.035665079951286316,0.035665079951286316,0.035665079951286316,0.035665079951286316,0.035665079951286316,0.0,0.0010754404553124958,0.0010754404553124958,0.0002881088003050536,0.0010460812482051551,0.00192182045429945,0.0005856447966249771,0.002269518773982371,0.0022695187734138064,0.00055842031724751,0.0017675074050202966,0.004634106531739235,0.0018461912046306274,0.0335293390616933,0.0003028915827702326,-0.046533260494470596,0.0025432573165744543,0.04751613363623619,0.03658638074167925,0.0013665362278475856,0
0.05804520174831852,0.9999999998220019,1.779980607352627e-10,-0.05804168046276731,-0.10568267479538918,-0.055719027295708656,-0.01051545049995184,0.0,0.037040596452249726,0.001372005785538415,0.14084899406341317,0.1,0.0949438981529117,0.006614919751882553,0.0949438981529117,0.09088246896862984,0.09509586170315742,0.09905758127570152,0.008175112307071686,-2.197224577336219,0.0031805782437648042,nan,0.0,0.026421366405894816,0.026421366405894816,0.007078242255374789,0.025700070895254612,0.047215187922120094,0.014388091579341856,0.24863869775312214,0.003931199103838463,0.08602390710305673,0.08602390707135407,0.023050814867019653,0.06844058632850647,0.17318999767303467,0.06637083402643187,0.17479677102424446,0.010431880541977004,ele-fashion,3,text,0.6512742841534936,0.22744103266984433,0.10684696111122476,0.012979972587607143,0.005883369916012811,-0.9038626253604889,0.04940026067197323,0.9229539632797241,0.7106542984338436,0.9978734892214641,0.9856369201761865,0.040703438222408295,0.03330656886100769,0.0514826700091362,42,0.0622851736843586,-0.0622851736843586,-0.0622851736843586,-0.0622851736843586,-0.0622851736843586,0.0,0.0010754404553124958,0.0010754404553124958,0.0002881088003050536,0.0010460812482051551,0.00192182045429945,0.0005856447966249771,0.0028651611863563004,0.0028651611853003933,0.0007677435351070017,0.0022795211989432573,0.0057683647610247135,0.0022105847558239605,0.0335293390616933,0.0003028915827702326,-0.046533260494470596,0.0025432573165744543,0.04751613363623619,0.03658638074167925,0.0013720057855384148,0
0.06340303388838794,1.0000000001156788,1.1567879987239849e-10,0.05981510856829825,-0.009295863565057516,0.08635812252759933,0.0955343097448349,0.0,0.042700290191400876,0.0018233147824298459,0.16327267226071093,0.1,0.10558112190463143,0.007800700142979622,0.10558112190463143,0.09916646406054497,0.10804511234164238,0.10893263667821884,0.009766172617673874,-2.197224577336219,0.003982105352602909,nan,0.0,0.04228041021538204,0.04228041021538204,0.02104043122380972,0.0482356995344162,0.053665053099393845,0.013414358207666732,-0.32653759544020966,-0.005658229670930218,0.05959442480165532,0.05959442465533539,0.0030020475387573242,0.03276684880256653,0.15442922711372375,0.07022926072979027,-0.14996346453913928,-0.011801505533322766,ele-fashion,1,visual,0.8233930824360112,0.6218419491438741,0.5031299224679336,0.19014790417936706,0.30991007835699996,-0.9855116903781891,0.8083494007587433,0.9909330308437347,0.8033119953622317,0.9969769860880652,1.0174597353199317,0.05515797436237335,0.04784809798002243,0.05424736812710762,42,0.037819720804691315,0.037819720804691315,0.037819720804691315,0.037819720804691315,0.037819720804691315,0.0,0.002332101782333915,0.002332101782333915,0.0011605475447140634,0.002660583471879363,0.002960055600851774,0.0007399088260958128,0.0028514798770604686,0.0028514798700593385,0.000143642260809429,0.0015678313793614507,0.0073891447391361,0.0033603365494185617,0.0446669076574982,0.016811806113225133,-0.05346141569316387,0.04385082796216011,0.05375550873577595,0.043577561530983376,0.0018233147824298457,0
0.07161643454914336,0.9999999995600444,4.3995562748477823e-10,0.07151428175364205,0.00170674838591367,0.09833209216594696,0.10803474485874176,0.0,0.043118027238144285,0.0018591642729093524,0.1398074885312956,0.1,0.10669217265946818,0.007927879691123962,0.10669217265946818,0.10015371441841125,0.1092044934630394,0.11015194654464722,0.009998232126235962,-2.197224577336219,0.0040577973529112455,nan,0.0,0.04228041021538204,0.04228041021538204,0.02104043122380972,0.0482356995344162,0.053665053099393845,0.013414358207666732,-0.3246705916871105,-0.005571373547223111,0.08877374617825616,0.08877374610997353,0.025110065937042236,0.07305705547332764,0.17523470520973206,0.06316509743862442,-0.03584959197953069,-0.0025128535801225227,ele-fashion,2,visual,0.8233930824360112,0.6218419491438741,0.5031299224679336,0.19014790417936706,0.30991007835699996,-0.9855116903781891,0.8083494007587433,0.9909330308437347,0.8033119953622317,0.9974537724821066,1.00808422668739,0.05515797436237335,0.04784809798002243,0.05424736812710762,42,0.048122718930244446,0.048122718930244446,0.048122718930244446,0.048122718930244446,0.048122718930244446,0.0,0.002332101782333915,0.002332101782333915,0.0011605475447140634,0.002660583471879363,0.002960055600851774,0.0007399088260958128,0.00424765490519156,0.004247654901924365,0.001201468927320093,0.003495641052722931,0.008384647313505411,0.003022329770867582,0.0446669076574982,0.016811806113225133,-0.05346141569316387,0.04385082796216011,0.05375550873577595,0.043577561530983376,0.0018591642729093526,0
0.056847148692423334,1.000000000081017,8.101697090978632e-11,-0.05684710657939798,-0.1268317922949791,-0.030050371773540974,-0.020165471360087395,0.0,0.043142706699138784,0.0018612931413279146,0.15919136205256953,0.1,0.09506322641680184,0.007106294855475426,0.09506322641680184,0.08915011212229729,0.09732778370380402,0.09819968044757843,0.009049568325281143,-2.197224577336219,0.0036631035457311417,nan,0.0,0.04228041021538204,0.04228041021538204,0.02104043122380972,0.0482356995344162,0.053665053099393845,0.013414358207666732,-0.3240927138816707,-0.005558275727729896,0.10964478063541429,0.10964478053299033,0.03454652428627014,0.09437987208366394,0.20667660236358643,0.07104514684053803,-0.0163423155853275,-0.0012876721400755294,ele-fashion,3,visual,0.8233930824360112,0.6218419491438741,0.5031299224679336,0.19014790417936706,0.30991007835699996,-0.9855116903781891,0.8083494007587433,0.9909330308437347,0.8033119953622317,0.9967987628836965,1.0068459479488225,0.05515797436237335,0.04784809798002243,0.05424736812710762,42,0.0812373086810112,-0.0812373086810112,-0.0812373086810112,-0.0812373086810112,-0.0812373086810112,0.0,0.002332101782333915,0.002332101782333915,0.0011605475447140634,0.002660583471879363,0.002960055600851774,0.0007399088260958128,0.005246294207190069,0.005246294202289278,0.001652985461987555,0.004515897482633591,0.009889082051813602,0.0033993751481465866,0.0446669076574982,0.016811806113225133,-0.05346141569316387,0.04385082796216011,0.05375550873577595,0.043577561530983376,0.0018612931413279144,0
0.03178998371294701,0.9999999998640047,1.3599532611152654e-10,0.019594149510148866,-0.023836109787225723,0.017544674687087536,0.06684919074177742,0.0,0.03328185819301628,0.001107682084780045,0.423811753814135,0.1,0.10181770503013113,0.00563904270529747,0.10181770503013113,0.09787513315677643,0.10159015282988548,0.1061793640255928,0.008304230868816376,-2.197224577336219,0.0030475568421689343,nan,0.0,0.040631008830100374,0.040631008830100374,0.018813202157616615,0.04553122632205486,0.05446399748325348,0.014123013870475624,0.10031163357945524,0.0015925505867735946,0.04395153485338385,0.043951534809487866,0.00298994779586792,0.025062978267669678,0.1087462306022644,0.05402093908135572,0.02714010253611723,0.001430440338326253,ele-fashion,1,text,0.5342186712035464,0.09739582267864083,0.032291389644661744,0.0005114252398584375,-0.02528494996634909,-0.8149296343326569,-0.062158262357115746,0.8315542042255402,0.6042408744891854,0.9984888503692122,0.9969770089389048,0.037412963807582855,0.03247160091996193,0.054997049272060394,43,0.018037443980574608,0.018037443980574608,0.018037443980574608,0.018037443980574608,0.018037443980574608,0.0,0.00152012646253584,0.00152012646253584,0.0007038576295599341,0.0017034581396728754,0.0020376595202833414,0.0005283838065723532,0.0014271766996839423,0.0014271766982585695,9.708839206723496e-05,0.0008138350385706872,0.0035311641404405236,0.0017541463754748043,0.02938045058297146,-0.001390597640553275,-0.04481872543692589,-0.003418521024286747,0.045733027160167694,0.033231465149493364,0.001107682084780045,0
0.04466363258257087,0.9999999993400464,6.599536472862155e-10,0.043911614048962364,0.00030529522337019444,0.0417918935418129,0.09136391058564186,0.0,0.03337928607517149,0.0011141767388881372,0.19359387061382483,0.1,0.10406317805236057,0.0057684555649757385,0.10406317805236057,0.10002746433019638,0.10382464528083801,0.10852848365902901,0.008501019328832626,-2.197224577336219,0.0031161266954264424,nan,0.0,0.040631008830100374,0.040631008830100374,0.018813202157616615,0.04553122632205486,0.05446399748325348,0.014123013870475624,0.10345052443239687,0.0016375899043615254,0.07223391418829367,0.072233914178539,0.018607676029205322,0.057593464851379395,0.14448216557502747,0.05591578710972434,0.08153694142013627,0.004435223567539009,ele-fashion,2,text,0.5342186712035464,0.09739582267864083,0.032291389644661744,0.0005114252398584375,-0.02528494996634909,-0.8149296343326569,-0.062158262357115746,0.8315542042255402,0.6042408744891854,0.998348394382748,0.9939271858681458,0.037412963807582855,0.03247160091996193,0.054997049272060394,43,0.041436534374952316,0.041436534374952316,0.041436534374952316,0.041436534374952316,0.041436534374952316,0.0,0.00152012646253584,0.00152012646253584,0.0007038576295599341,0.0017034581396728754,0.0020376595202833414,0.0005283838065723532,0.0023455508348644155,0.002345550834547666,0.0006042210443411022,0.0018701520166359842,0.004691567271947861,0.0018156751245474894,0.02938045058297146,-0.001390597640553275,-0.04481872543692589,-0.003418521024286747,0.045733027160167694,0.033231465149493364,0.001114176738888137,0
0.07174732923946783,1.000000000248538,2.4853807900626634e-10,-0.07174732923946783,-0.1153460219502449,-0.07383714988827705,-0.02434615045785904,0.0,0.03338811512633903,0.0011147662316896693,0.10791853795407788,0.1,0.09376400043106926,0.005262900143861771,0.09376400043106926,0.09008720144629478,0.09354813769459724,0.09783006832003593,0.00774286687374115,-2.197224577336219,0.002840848716802135,nan,0.0,0.040631008830100374,0.040631008830100374,0.018813202157616615,0.04553122632205486,0.05446399748325348,0.014123013870475624,0.10523688558797917,0.0016654269337573319,0.0908598853098186,0.09085988529274795,0.025473564863204956,0.07427585124969482,0.17793872952461243,0.06630184428926177,0.08215638473381401,0.005297594684926767,ele-fashion,3,text,0.5342186712035464,0.09739582267864083,0.032291389644661744,0.0005114252398584375,-0.02528494996634909,-0.8149296343326569,-0.062158262357115746,0.8315542042255402,0.6042408744891854,0.9977180608213692,0.993036978629854,0.037412963807582855,0.03247160091996193,0.054997049272060394,43,0.07482722401618958,-0.07482722401618958,-0.07482722401618958,-0.07482722401618958,-0.07482722401618958,0.0,0.00152012646253584,0.00152012646253584,0.0007038576295599341,0.0017034581396728754,0.0020376595202833414,0.0005283838065723532,0.002950365935506696,0.0029503659349523845,0.000827167445095256,0.002411855850368738,0.005777955520898104,0.0021529270282047565,0.02938045058297146,-0.001390597640553275,-0.04481872543692589,-0.003418521024286747,0.045733027160167694,0.033231465149493364,0.0011147662316896695,0
0.06902074941468515,0.9999999990802232,9.197768102708892e-10,0.05487540426241305,-0.027164999395608902,0.08071678876876831,0.11485394462943077,0.0,0.05963249718294388,0.00355603472027381,0.2412840701033692,0.1,0.10517987414692756,0.01216396875679493,0.10517987414692756,0.09758157283067703,0.10750264301896095,0.11082213371992111,0.01324056088924408,-2.197224577336219,0.005565173531207418,nan,0.0,0.042887958923015904,0.042887958923015904,0.02165665291249752,0.04948337376117706,0.05380933918058872,0.01344303175977697,0.02434980620641184,0.00027519708660050295,0.06506474201228515,0.06506474182206924,0.0033288300037384033,0.036066263914108276,0.16843241453170776,0.07608953366519196,-0.1896904980465507,-0.010952863308306006,ele-fashion,1,visual,0.7983200210619874,0.5644395802221631,0.45595605834339137,0.23235071497248533,0.15240070050902582,-0.9826318621635437,0.512439101934433,0.9961263537406921,0.8279054545928546,0.9984359583887747,1.0106776653019287,0.05013420060276985,0.045252248644828796,0.07291127741336823,43,0.038669195026159286,0.038669195026159286,0.038669195026159286,0.038669195026159286,0.038669195026159286,0.0,0.002150153536172155,0.002150153536172155,0.0010857390007004142,0.0024808093439787626,0.0026976882945746183,0.0006739556509134577,0.002944325883785718,0.0029443258751780206,0.0001506370463175699,0.0016320795402862132,0.007621945580467582,0.0034432224971935243,0.058206532528619175,0.011111729765782386,-0.07164494693279266,0.03736259043216705,0.07262884452939034,0.06036364428044139,0.0035560347202738102,0
0.07349150760030733,0.9999999997704178,2.2958224210611888e-10,0.06524137858804195,-0.017420071177184582,0.09144837781786919,0.12587878853082657,0.0,0.06008908827515732,0.0036106985297396487,0.20646591196155933,0.1,0.10616118835823223,0.012356819584965706,0.10616118835823223,0.09844306856393814,0.10853664949536324,0.11191318929195404,0.0134701207280159,-2.197224577336219,0.0056532109577366275,nan,0.0,0.042887958923015904,0.042887958923015904,0.02165665291249752,0.04948337376117706,0.05380933918058872,0.01344303175977697,0.02398084749538098,0.0002689677634847348,0.09703989681261513,0.0970398967370165,0.028148889541625977,0.08061176538467407,0.18966668844223022,0.06763060245105636,-0.06993849229111859,-0.0035620833046472724,ele-fashion,2,visual,0.7983200210619874,0.5644395802221631,0.45595605834339137,0.23235071497248533,0.15240070050902582,-0.9826318621635437,0.512439101934433,0.9961263537406921,0.8279054545928546,0.9987297700538087,1.0032931153115803,0.05013420060276985,0.045252248644828796,0.07291127741336823,43,0.04758822172880173,0.04758822172880173,0.04758822172880173,0.04758822172880173,0.04758822172880173,0.0,0.002150153536172155,0.002150153536172155,0.0010857390007004142,0.0024808093439787626,0.0026976882945746183,0.0006739556509134577,0.004391273537922777,0.004391273534501769,0.0012738005607388914,0.003647863632068038,0.00858284393325448,0.003060436837063399,0.058206532528619175,0.011111729765782386,-0.07164494693279266,0.03736259043216705,0.07262884452939034,0.06036364428044139,0.003610698529739649,0
0.08615026208579901,0.9999999998018431,1.9815693530489398e-10,-0.08615026208579901,-0.16897017508745193,-0.059786638244986534,-0.025595588609576225,0.0,0.06008618053172176,0.003610349090890659,0.13851097446172742,0.1,0.09263224316729614,0.010889563709497452,0.09263224316729614,0.08578711003065109,0.0947464108467102,0.09771986678242683,0.011932756751775742,-2.197224577336219,0.005005360185405995,nan,0.0,0.042887958923015904,0.042887958923015904,0.02165665291249752,0.04948337376117706,0.05380933918058872,0.01344303175977697,0.02280732492355738,0.0002558179830774207,0.12025902566251741,0.12025902558935744,0.03937840461730957,0.10470765829086304,0.22466546297073364,0.07587481404585382,-0.057317618604564476,-0.0032753019554012017,ele-fashion,3,visual,0.7983200210619874,0.5644395802221631,0.45595605834339137,0.23235071497248533,0.15240070050902582,-0.9826318621635437,0.512439101934433,0.9961263537406921,0.8279054545928546,0.9984090672010087,1.0030194837741668,0.05013420060276985,0.045252248644828796,0.07291127741336823,43,0.10485413670539856,-0.10485413670539856,-0.10485413670539856,-0.10485413670539856,-0.10485413670539856,0.0,0.002150153536172155,0.002150153536172155,0.0010857390007004142,0.0024808093439787626,0.0026976882945746183,0.0006739556509134577,0.005441991331208178,0.005441991327897525,0.001781961414963007,0.004738257033750415,0.010166617576032877,0.003433505951213149,0.058206532528619175,0.011111729765782386,-0.07164494693279266,0.03736259043216705,0.07262884452939034,0.06036364428044139,0.0036103490908906593,0
0.0453205804732483,0.9999999999672788,3.272115911556739e-11,0.043961974785294226,0.0021989543456584215,0.047085175290703773,0.07965284213423729,0.0,0.028674900870711784,0.0008222499399451474,0.16383609367972093,0.1,0.1040570357216539,0.004573492333292961,0.1040570357216539,0.10019807890057564,0.10431817919015884,0.10740063712000847,0.007202558219432831,-2.197224577336219,0.002663365284933542,nan,0.0,0.03460751398045264,0.03460751398045264,0.011688589118421078,0.036985863000154495,0.05337534472346306,0.01552770979382251,0.15848604463928473,0.004044218287221384,0.04384563939150418,0.04384563934273087,0.0029575228691101074,0.025083839893341064,0.10837888717651367,0.05379282847677166,0.06968284704723555,0.0042923332581343565,ele-fashion,1,text,0.5017509200110174,0.09143260438189145,0.03407114947936911,0.0012581060900517561,0.20541888787382093,-0.5857687890529633,0.26926377415657043,0.8776194453239441,0.5407791743195052,0.9977881567924493,0.9916634484219231,0.047123558819293976,0.03283561021089554,0.05269967392086983,44,0.03006593883037567,0.03006593883037567,0.03006593883037567,0.03006593883037567,0.03006593883037567,0.0,0.0016308292208211204,0.0016308292208211204,0.0005508079193532467,0.0017429054714739323,0.002515236265026033,0.0007317209458380764,0.0014396983247307996,0.0014396983231292982,9.711206803331152e-05,0.0008236432040575892,0.0035586869344115257,0.0017663203485016714,0.026442109872563093,0.010825508409631016,-0.03086982388049364,0.014190113171935081,0.04625025950372219,0.028498886148356842,0.0008222499399451474,0
0.057797835772222764,0.9999999999919511,8.04889488392746e-12,0.057732898509806084,0.015814026817679405,0.060818348079919815,0.09350564330816269,0.0,0.028701232341155875,0.0008237607379010119,0.12650632663262498,0.1,0.10534784629946474,0.004656517878174782,0.10534784629946474,0.10143229365348816,0.10560834780335426,0.10873587056994438,0.0073035769164562225,-2.197224577336219,0.0026952532169306144,nan,0.0,0.03460751398045264,0.03460751398045264,0.011688589118421078,0.036985863000154495,0.05337534472346306,0.01552770979382251,0.16435311368264272,0.004190085441831343,0.07231356546462925,0.0723135654256106,0.018888890743255615,0.058127373456954956,0.14450395107269287,0.05542799604913705,0.08386933412520779,0.005318350059136397,ele-fashion,2,text,0.5017509200110174,0.09143260438189145,0.03407114947936911,0.0012581060900517561,0.20541888787382093,-0.5857687890529633,0.26926377415657043,0.8776194453239441,0.5407791743195052,0.9975241971360267,0.9904915644909834,0.047123558819293976,0.03283561021089554,0.05269967392086983,44,0.04290210083127022,0.04290210083127022,0.04290210083127022,0.04290210083127022,0.04290210083127022,0.0,0.0016308292208211204,0.0016308292208211204,0.0005508079193532467,0.0017429054714739323,0.002515236265026033,0.0007317209458380764,0.002374460048842181,0.002374460047560979,0.0006202282384037971,0.0019086478278040886,0.004744875244796276,0.001820012073673962,0.026442109872563093,0.010825508409631016,-0.03086982388049364,0.014190113171935081,0.04625025950372219,0.028498886148356842,0.000823760737901012,0
0.05914078209815118,1.0000000003476692,3.476692267412318e-10,-0.05914078209815118,-0.10115743428468704,-0.05606493353843689,-0.023407735861837864,0.0,0.02871220172081431,0.0008243905276567323,0.11254309687917144,0.1,0.09483042593433524,0.004243353381752968,0.09483042593433524,0.09125705063343048,0.09506607800722122,0.09791293740272522,0.006655886769294739,-2.197224577336219,0.0024555351708622198,nan,0.0,0.03460751398045264,0.03460751398045264,0.011688589118421078,0.036985863000154495,0.05337534472346306,0.01552770979382251,0.16720557966600139,0.004261178787063088,0.091117366070814,0.09111736606105934,0.02592867612838745,0.07510879635810852,0.17812326550483704,0.06565451782942432,0.08665023580382737,0.006505983540336549,ele-fashion,3,text,0.5017509200110174,0.09143260438189145,0.03407114947936911,0.0012581060900517561,0.20541888787382093,-0.5857687890529633,0.26926377415657043,0.8776194453239441,0.5407791743195052,0.9966372947431579,0.9892328380202696,0.047123558819293976,0.03283561021089554,0.05269967392086983,44,0.07458901405334473,-0.07458901405334473,-0.07458901405334473,-0.07458901405334473,-0.07458901405334473,0.0,0.0016308292208211204,0.0016308292208211204,0.0005508079193532467,0.0017429054714739323,0.002515236265026033,0.0007317209458380764,0.0029918943158912603,0.00299189431557096,0.0008513838984072208,0.002466243226081133,0.005848786095157266,0.0021558061564350603,0.026442109872563093,0.010825508409631016,-0.03086982388049364,0.014190113171935081,0.04625025950372219,0.028498886148356842,0.0008243905276567323,0
0.07162640400306433,1.0000000000050848,5.084821452783217e-12,0.06180737450735536,-0.026129589416086674,0.08680899441242218,0.11083130910992622,0.0,0.05293208729634316,0.002801805865547693,0.2063436805163545,0.1,0.10580554848602655,0.009005209431052208,0.10580554848602655,0.09767279773950577,0.10808860138058662,0.11042635887861252,0.01275356113910675,-2.197224577336219,0.004935051266394803,nan,0.0,0.04210206833669874,0.04210206833669874,0.020952759310603142,0.047181010246276855,0.05460137128829956,0.013679698147020213,0.23699526954338007,0.004012967121407579,0.06432465205149548,0.06432465183933157,0.0034339427947998047,0.0363563597202301,0.16519877314567566,0.07446642408476269,-0.13223402993740158,-0.008017993382622551,ele-fashion,1,visual,0.7241313045403254,0.4127303970705562,0.30188409058363846,0.15258883456416342,-0.3297375673172228,-0.996274322271347,-0.6627343595027924,0.8447057008743286,0.7066204090592072,0.9982018279551761,1.0040050262662998,0.06551917642354965,0.04310036823153496,-0.07534429430961609,44,0.0314326211810112,0.0314326211810112,0.0314326211810112,0.0314326211810112,0.0314326211810112,0.0,0.0027584928429025455,0.0027584928429025455,0.0013728075427934527,0.003091261023655534,0.003577436786144972,0.0008962825561749037,0.002772416189601808,0.002772416180457466,0.00014800419739913195,0.0015669725253246725,0.007120127789676189,0.0032095302992080806,0.05455916211031285,0.02484384430431183,-0.06364375725388527,0.04993325285613537,0.07506358250975609,0.05323981604517913,0.002801805865547693,0
0.08839921076576046,0.999999999794933,2.0506696341016095e-10,0.08660723944764412,-0.0020425645634531975,0.11171000450849533,0.13619398325681686,0.0,0.05326257151544695,0.0028369015244381008,0.1515603587294478,0.1,0.10817560696395556,0.009224016219377518,0.10817560696395556,0.09981630742549896,0.11051272600889206,0.11294253170490265,0.013126224279403687,-2.197224577336219,0.005063410223347363,nan,0.0,0.04210206833669874,0.04210206833669874,0.020952759310603142,0.047181010246276855,0.05460137128829956,0.013679698147020213,0.23701995840527937,0.003988482871547864,0.0972102180977167,0.09721021796359008,0.029516220092773438,0.0815960168838501,0.18795624375343323,0.06624502447171736,-0.039398677296545496,-0.002111999236955011,ele-fashion,2,visual,0.7241313045403254,0.4127303970705562,0.30188409058363846,0.15258883456416342,-0.3297375673172228,-0.996274322271347,-0.6627343595027924,0.8447057008743286,0.7066204090592072,0.9985501286410516,0.9981235161603402,0.06551917642354965,0.04310036823153496,-0.07534429430961609,44,0.054815106093883514,0.054815106093883514,0.054815106093883514,0.054815106093883514,0.054815106093883514,0.0,0.0027584928429025455,0.0027584928429025455,0.0013728075427934527,0.003091261023655534,0.003577436786144972,0.0008962825561749037,0.004189796195416202,0.004189796189635296,0.0012721599778160453,0.0035168183967471123,0.00810098322108388,0.0028551849482710695,0.05455916211031285,0.02484384430431183,-0.06364375725388527,0.04993325285613537,0.07506358250975609,0.05323981604517913,0.002836901524438101,0
0.06614640749805573,0.999999999834769,1.652310510635857e-10,-0.06614631992242163,-0.1548023745417595,-0.04092486388981342,-0.016561386175453663,0.0,0.05328061429774067,0.0028388238599446076,0.1755885288455474,0.1,0.09429992619793147,0.008138272911310196,0.09429992619793147,0.08690479025244713,0.09637659788131714,0.09851932525634766,0.011614535003900528,-2.197224577336219,0.004481635461432364,nan,0.0,0.04210206833669874,0.04210206833669874,0.020952759310603142,0.047181010246276855,0.05460137128829956,0.013679698147020213,0.2358545875071311,0.003967528440929273,0.1202484473018788,0.1202484472018935,0.040888845920562744,0.10555490851402283,0.2211768627166748,0.07387901859788405,-0.023793919870087575,-0.001421997620015756,ele-fashion,3,visual,0.7241313045403254,0.4127303970705562,0.30188409058363846,0.15258883456416342,-0.3297375673172228,-0.996274322271347,-0.6627343595027924,0.8447057008743286,0.7066204090592072,0.9982188292684239,0.9974544690138554,0.06551917642354965,0.04310036823153496,-0.07534429430961609,44,0.09893140941858292,-0.09893140941858292,-0.09893140941858292,-0.09893140941858292,-0.09893140941858292,0.0,0.0027584928429025455,0.0027584928429025455,0.0013728075427934527,0.003091261023655534,0.003577436786144972,0.0008962825561749037,0.005182752358282829,0.005182752353973426,0.0017623243620619178,0.004549455363303423,0.009532804135233164,0.003184212905567199,0.05455916211031285,0.02484384430431183,-0.06364375725388527,0.04993325285613537,0.07506358250975609,0.05323981604517913,0.002838823859944607,0
0.0466850053170248,0.9999999996567259,3.4327407583134573e-10,0.0466850053170248,0.024291421845555307,0.05078071914613247,0.061734627559781076,0.0,0.014138066085283249,0.0001998849126318364,0.07469979822624243,0.1,0.10428817901440172,0.002323625609278679,0.10428817901440172,0.10220756754279137,0.10466397926211357,0.10569492802023887,0.003487360477447507,-2.197224577336219,0.0013168789318010782,nan,0.0,0.028236160609565363,0.028236160609565363,0.010312729049474004,0.02968274336308241,0.04296024516224861,0.011923513689371812,0.2533287233498386,0.0021452824723179214,0.14005697009037527,0.14005697003037312,0.052963101863861085,0.12785473465919495,0.24358975887298584,0.07602553329674443,0.1482231061102759,0.022067520446182088,Reddit-S,1,text,0.5988532388173606,0.1952309047439285,0.08474896187240469,0.00044041776771108597,-0.25051207884298726,-0.9437164902687073,-0.4052599221467972,0.6930212855339051,0.6175344502668729,0.9882881925286803,0.9757871967382259,0.010041204281151295,0.027686506509780884,-0.02260478213429451,42,0.03686102107167244,0.03686102107167244,0.03686102107167244,0.03686102107167244,0.03686102107167244,0.0,0.000283525056976168,0.000283525056976168,0.00010355222111684273,0.0002980504941660911,0.00043137260945513844,0.00011972643671892534,0.0038776882140706343,0.003877688212409384,0.0014663633075542748,0.0035398509353399277,0.006744149466976524,0.0021048814222955486,0.013536946991961337,0.005662770964215569,-0.015665594302117825,0.009160812478512526,0.02133250627666712,0.013959231706856572,0.00019988491263183642,0
0.027231551396962463,0.9999999999761339,2.3866131293459603e-11,0.027192493484490717,0.004787425231188536,0.031317032873630524,0.04223587848246098,0.0,0.014135220522164598,0.00019980445921022322,0.12629562544237877,0.1,0.10248137750054989,0.002283448353409767,0.10248137750054989,0.1004316858947277,0.10285404324531555,0.10386597886681556,0.00343429297208786,-2.197224577336219,0.0012963846163013403,nan,0.0,0.028236160609565363,0.028236160609565363,0.010312729049474004,0.02968274336308241,0.04296024516224861,0.011923513689371812,0.2559203922143303,0.0021676659798470165,0.14189101543173904,0.14189101540173796,0.05331293940544129,0.12995290756225586,0.2459803104400635,0.07670383167441108,0.14692456759995778,0.022073797398282306,Reddit-S,2,text,0.5988532388173606,0.1952309047439285,0.08474896187240469,0.00044041776771108597,-0.25051207884298726,-0.9437164902687073,-0.4052599221467972,0.6930212855339051,0.6175344502668729,0.988060258676178,0.9757585365980046,0.010041204281151295,0.027686506509780884,-0.02260478213429451,42,0.01731773093342781,0.01731773093342781,0.01731773093342781,0.01731773093342781,0.01731773093342781,0.0,0.000283525056976168,0.000283525056976168,0.00010355222111684273,0.0002980504941660911,0.00043137260945513844,0.00011972643671892534,0.003928466522462705,0.003928466521632081,0.0014760489924810828,0.0035979420645162463,0.0068103355355560785,0.0021236611349836165,0.013536946991961337,0.005662770964215569,-0.015665594302117825,0.009160812478512526,0.02133250627666712,0.013959231706856572,0.00019980445921022325,0
0.03446804726851664,0.999999999621849,3.781509549938278e-10,-0.03446804726851664,-0.05687291584908962,-0.030346655286848545,-0.019425584375858305,0.0,0.014134133680372288,0.00019977373489463428,0.09483046983538741,0.1,0.09694738705819833,0.002173174172639847,0.09694738705819833,0.09499659836292267,0.09730173647403717,0.09826521947979927,0.003268621116876605,-2.197224577336219,0.0012337969349275556,nan,0.0,0.028236160609565363,0.028236160609565363,0.010312729049474004,0.02968274336308241,0.04296024516224861,0.011923513689371812,0.25597741491637555,0.0021683156860910838,0.1419193556852666,0.1419193556552655,0.05330833196640015,0.13008373975753784,0.24603443145751958,0.0767072345204022,0.146424236310284,0.022001295697169698,Reddit-S,3,text,0.5988532388173606,0.1952309047439285,0.08474896187240469,0.00044041776771108597,-0.25051207884298726,-0.9437164902687073,-0.4052599221467972,0.6930212855339051,0.6175344502668729,0.9880570396979023,0.9758303882385883,0.010041204281151295,0.027686506509780884,-0.02260478213429451,42,0.04434359446167946,-0.04434359446167946,-0.04434359446167946,-0.04434359446167946,-0.04434359446167946,0.0,0.000283525056976168,0.000283525056976168,0.00010355222111684273,0.0002980504941660911,0.00043137260945513844,0.00011972643671892534,0.003929251164384479,0.003929251163553854,0.0014759215060621501,0.0036015643272548914,0.006811833987012507,0.002123755345161772,0.013536946991961337,0.005662770964215569,-0.015665594302117825,0.009160812478512526,0.02133250627666712,0.013959231706856572,0.00019977373489463428,0
0.043045848133800226,0.9999999992616704,7.383296196650235e-10,0.04182202833546685,0.007819024473428728,0.04785347729921341,0.06511536687612533,0.0,0.02229276990436855,0.0004969675900091202,0.12694273945221843,0.1,0.10384570617883614,0.0030692480504512787,0.10384570617883614,0.10070591345429421,0.10439001768827438,0.10601491630077362,0.005309002846479408,-2.197224577336219,0.0020590162487926274,nan,0.0,0.01984723077063023,0.01984723077063023,0.0050303979311138395,0.01734234020113945,0.0395740270614624,0.012605944240806227,0.18851084968891255,0.002569706656750952,0.08935041471188873,0.08935041465188656,0.020111060142517092,0.06791722774505615,0.18482232093811038,0.07872662572509895,0.26947621776591835,0.020814267083840224,Reddit-S,1,visual,0.5837527113823674,0.18321379136781174,0.08204353844217945,0.002579589782307789,-0.3997847672592986,-0.9432080566883088,-0.5501092672348022,0.3981609344482426,0.518840382977323,0.9966344085032713,0.9766160255210792,0.024106593802571297,0.02187172695994377,-0.04210350289940834,42,0.02255699224770069,0.02255699224770069,0.02255699224770069,0.02255699224770069,0.02255699224770069,0.0,0.00047844913052765004,0.00047844913052765004,0.0001212657596624922,0.0004180647374596447,0.0009539949824102223,0.0003038863774430404,0.001954247874187206,0.001954247872874855,0.00043986360251437875,0.001485467073507607,0.004042383469641209,0.001721887262167174,0.024578034018770442,0.016832339060714456,-0.01676397062838077,0.023161527700722218,0.03971236161887646,0.021844997680299225,0.0004969675900091202,0
0.03802731009274417,0.9999999962795781,3.7204218594766303e-09,0.03592283789331874,0.0018993154168128977,0.04196928068995476,0.059213247150182724,0.0,0.022297467690526915,0.0004971770654100916,0.14714312866423948,0.1,0.10329803910584094,0.003055369481444359,0.10329803910584094,0.1001710556447506,0.10384116321802139,0.10545685440301895,0.005285798758268359,-2.197224577336219,0.0020498448826649996,nan,0.0,0.01984723077063023,0.01984723077063023,0.0050303979311138395,0.01734234020113945,0.0395740270614624,0.012605944240806227,0.18951974796981783,0.00258291526480983,0.09017199840023035,0.0901719983402282,0.019991528987884522,0.06789952516555786,0.18788395524024964,0.08014489023061099,0.2687102819672063,0.021124559199709788,Reddit-S,2,visual,0.5837527113823674,0.18321379136781174,0.08204353844217945,0.002579589782307789,-0.3997847672592986,-0.9432080566883088,-0.5501092672348022,0.3981609344482426,0.518840382977323,0.996514226289271,0.9762925218150585,0.024106593802571297,0.02187172695994377,-0.04210350289940834,42,0.0166398324072361,0.0166398324072361,0.0166398324072361,0.0166398324072361,0.0166398324072361,0.0,0.00047844913052765004,0.00047844913052765004,0.0001212657596624922,0.0004180647374596447,0.0009539949824102223,0.0003038863774430404,0.0019722173284309964,0.0019722173271186456,0.00043724925781134515,0.0014850798761472106,0.004109346633777022,0.0017529071563016558,0.024578034018770442,0.016832339060714456,-0.01676397062838077,0.023161527700722218,0.03971236161887646,0.021844997680299225,0.0004971770654100916,0
0.019477188261990405,0.9999999742591544,2.5740845566168957e-08,-0.015332169445393541,-0.04935539811849594,-0.009285818785429,0.007958555966615677,0.0,0.022296308795362582,0.0004971253858981629,0.330918409015151,0.1,0.09864621445193476,0.0029331818222999573,0.09864621445193476,0.09564486294984817,0.09916738048195839,0.10071856006979943,0.005073697119951259,-2.197224577336219,0.0019674194523256108,nan,0.0,0.01984723077063023,0.01984723077063023,0.0050303979311138395,0.01734234020113945,0.0395740270614624,0.012605944240806227,0.18955119347724578,0.0025834781018903782,0.09018848384343199,0.09018848342341688,0.019990956783294683,0.06790503859519958,0.1881876349449158,0.08015274047182437,0.26804427408426507,0.02107536063715648,Reddit-S,3,visual,0.5837527113823674,0.18321379136781174,0.08204353844217945,0.002579589782307789,-0.3997847672592986,-0.9432080566883088,-0.5501092672348022,0.3981609344482426,0.518840382977323,0.9965120512145135,0.9763411355201075,0.024106593802571297,0.02187172695994377,-0.04210350289940834,42,0.03461553528904915,-0.03461553528904915,-0.03461553528904915,-0.03461553528904915,-0.03461553528904915,0.0,0.00047844913052765004,0.00047844913052765004,0.0001212657596624922,0.0004180647374596447,0.0009539949824102223,0.0003038863774430404,0.001972577893285252,0.001972577884098796,0.00043723674316424886,0.0014852004242129624,0.004115988407284022,0.0017530788536521656,0.024578034018770442,0.016832339060714456,-0.01676397062838077,0.023161527700722218,0.03971236161887646,0.021844997680299225,0.0004971253858981629,0
0.07076261741972543,0.9999999999968356,3.164357664786621e-12,0.07076261741972543,0.022319916076958178,0.06416669487953186,0.12693171948194504,0.0,0.04038593958566881,0.0016310241162172908,0.14119165046327908,0.1,0.10661249682804136,0.007842672988772392,0.10661249682804136,0.10202679857611656,0.10592503845691681,0.11201788932085037,0.00999109074473381,-2.197224577336219,0.0038567908325685837,nan,0.0,0.029315344637116363,0.029315344637116363,0.0074041662737727165,0.026963071897625923,0.05271145850419998,0.017156613458297672,0.7129334824040375,0.017074708763063755,0.14445666679124555,0.14445666676124447,0.0596519410610199,0.1333385705947876,0.24365044236183173,0.0731061402078393,-0.03892339918313032,-0.0028824416343660435,Reddit-S,1,text,0.6687597984626126,0.3112495281238203,0.20108216937209009,0.036680508367937584,-0.08244840499883063,-0.9543949484825134,-0.21125634014606476,0.9459037780761719,0.7265645264698788,0.9970936040117073,0.9858077328681379,0.05637712404131889,0.04090968146920204,0.05495564267039299,43,0.06773123145103455,0.06773123145103455,0.06773123145103455,0.06773123145103455,0.06773123145103455,0.0,0.0016527148216924404,0.0016527148216924404,0.00041742558823898435,0.0015201003989204764,0.0029717204393818974,0.0009672405260343504,0.005909676223892287,0.005909676222664953,0.0024403420044109224,0.0054548385087400675,0.009967661648988727,0.0029907489106238295,0.03675212452594984,-0.004531005068707997,-0.052449388429522514,-0.01160972798243165,0.051982749998569486,0.03992882050643492,0.0016310241162172906,0
0.046709374924791255,0.9999999993235513,6.764486748522813e-10,0.04501412246649721,-0.003479543607681989,0.038445718586444855,0.10121907517313958,0.0,0.0404165887900496,0.001633500649423963,0.21767364653597138,0.1,0.10418524461531993,0.007687453180551529,0.10418524461531993,0.09968727007508278,0.10351370647549629,0.1094856582581997,0.009798388183116916,-2.197224577336219,0.003782136894619306,nan,0.0,0.029315344637116363,0.029315344637116363,0.0074041662737727165,0.026963071897625923,0.05271145850419998,0.017156613458297672,0.7136468202469116,0.017078831897567405,0.1459329539017661,0.14593295387176503,0.06044260263442993,0.13507035374641418,0.24559794068336488,0.07333160993690957,-0.028333814681795414,-0.002103113497775201,Reddit-S,2,text,0.6687597984626126,0.3112495281238203,0.20108216937209009,0.036680508367937584,-0.08244840499883063,-0.9543949484825134,-0.21125634014606476,0.9459037780761719,0.7265645264698788,0.9970572835702441,0.9850242809237592,0.05637712404131889,0.04090968146920204,0.05495564267039299,43,0.04192234203219414,0.04192234203219414,0.04192234203219414,0.04192234203219414,0.04192234203219414,0.0,0.0016527148216924404,0.0016527148216924404,0.00041742558823898435,0.0015201003989204764,0.0029717204393818974,0.0009672405260343504,0.005970070658942002,0.005970070657714668,0.002472687675617635,0.0055256851483136415,0.010047333780676126,0.0029999728018619606,0.03675212452594984,-0.004531005068707997,-0.052449388429522514,-0.01160972798243165,0.051982749998569486,0.03992882050643492,0.0016335006494239631,0
0.07470540904577803,1.0000000000008782,8.781864124784988e-13,-0.07470540904577803,-0.12318338453769684,-0.08127932995557785,-0.018508172035217284,0.0,0.04041096969404257,0.0016330464716128271,0.11913088512352626,0.1,0.09353088214196573,0.006982773542404175,0.09353088214196573,0.089446821808815,0.09291897341609001,0.09834654331207275,0.008899721503257754,-2.197224577336219,0.0034355204306248956,nan,0.0,0.029315344637116363,0.029315344637116363,0.0074041662737727165,0.026963071897625923,0.05271145850419998,0.017156613458297672,0.7137477216877671,0.017083621774185476,0.14596300230050846,0.14596300230050846,0.06047669053077698,0.13509687781333923,0.24561174511909487,0.07333460684485617,-0.030206658373036346,-0.0022425311204148433,Reddit-S,3,text,0.6687597984626126,0.3112495281238203,0.20108216937209009,0.036680508367937584,-0.08244840499883063,-0.9543949484825134,-0.21125634014606476,0.9459037780761719,0.7265645264698788,0.9970549173378667,0.9851589093471075,0.05637712404131889,0.04090968146920204,0.05495564267039299,43,0.07779841870069504,-0.07779841870069504,-0.07779841870069504,-0.07779841870069504,-0.07779841870069504,0.0,0.0016527148216924404,0.0016527148216924404,0.00041742558823898435,0.0015201003989204764,0.0029717204393818974,0.0009672405260343504,0.0059712999317821465,0.0059712999317821465,0.0024740821914747357,0.005526770139113069,0.01004789862781763,0.003000095410286271,0.03675212452594984,-0.004531005068707997,-0.052449388429522514,-0.01160972798243165,0.051982749998569486,0.03992882050643492,0.001633046471612827,0
0.04808999656007427,1.0000000007523835,7.523834888445435e-10,0.04576415258964521,-0.004456552164629101,0.051929060369729996,0.08739670589566231,0.0,0.035853180024904494,0.0012854505178982105,0.18673205263833298,0.1,0.10424224711130502,0.0065992120653390884,0.10424224711130502,0.09959962293505668,0.10477166995406151,0.10814525708556175,0.008545634150505063,-2.197224577336219,0.003335684197834227,nan,0.0,0.031085735336354826,0.031085735336354826,0.009675931278616191,0.030414022505283356,0.05226212441921234,0.015513682801552367,0.2224441764304353,0.003866113520181929,0.09507929286867384,0.0950792927786706,0.02156839966773987,0.07266703248023987,0.19583826661109927,0.08163429331520745,0.28115398979984074,0.01695201304472404,Reddit-S,1,visual,0.6344186224762132,0.2287655719139298,0.1257707310934944,0.008305020762551907,0.14264083012911405,-0.8192801237106323,0.2614610642194748,0.9403015673160553,0.6812078715858586,0.9981948631505687,0.9791818741874775,0.040166717022657394,0.026480859145522118,0.05162927880883217,43,0.03463331609964371,0.03463331609964371,0.03463331609964371,0.03463331609964371,0.03463331609964371,0.0,0.0012486119343853533,0.0012486119343853533,0.00038865038077346987,0.001221631420776248,0.0020991980098187925,0.0006231337059936384,0.002517781361676836,0.0025177813592934723,0.0005711497680749745,0.0019242854323238134,0.005185965495184065,0.002161746222807344,0.03275457596601974,0.007364443168260286,-0.042298842966556546,0.013499046210199594,0.0485470924526453,0.03517027116485117,0.0012854505178982105,0
0.04016565206446517,1.000000001863638,1.863637910659577e-09,0.03187050470384855,-0.018353091552853584,0.03801974654197693,0.07348982840776444,0.0,0.03585328188715246,0.001285457822079615,0.26516488645216246,0.1,0.10295218281748836,0.006525175645947456,0.10295218281748836,0.09836029931902886,0.10347417742013931,0.10681123808026313,0.008450938761234275,-2.197224577336219,0.003299146298146102,nan,0.0,0.031085735336354826,0.031085735336354826,0.009675931278616191,0.030414022505283356,0.05226212441921234,0.015513682801552367,0.2224504746055855,0.003866211999150172,0.09535647273378671,0.09535647264378347,0.0211220383644104,0.07213824987411499,0.19804667234420778,0.08310520085981866,0.27730005025032634,0.017020852489960443,Reddit-S,2,visual,0.6344186224762132,0.2287655719139298,0.1257707310934944,0.008305020762551907,0.14264083012911405,-0.8192801237106323,0.2614610642194748,0.9403015673160553,0.6812078715858586,0.9981274235420109,0.9791129373745273,0.040166717022657394,0.026480859145522118,0.05162927880883217,43,0.020732328295707703,0.020732328295707703,0.020732328295707703,0.020732328295707703,0.020732328295707703,0.0,0.0012486119343853533,0.0012486119343853533,0.00038865038077346987,0.001221631420776248,0.0020991980098187925,0.0006231337059936384,0.0025251213238695123,0.0025251213214861493,0.0005593297188170254,0.001910282822791487,0.0052444461267441515,0.002200697121155586,0.03275457596601974,0.007364443168260286,-0.042298842966556546,0.013499046210199594,0.0485470924526453,0.03517027116485117,0.0012854578220796152,0
0.0405693524946915,1.0000000023593578,2.3593578202252274e-09,-0.039497318863747216,-0.08971905335783958,-0.03334941156208515,0.0021213828353211293,0.0,0.0358516690962892,0.001285342176989818,0.20206440741230572,0.1,0.09654610759631499,0.0061626434326171875,0.09654610759631499,0.09221006408333779,0.09703831002116203,0.10019106641411782,0.00798100233078003,-2.197224577336219,0.003115638869766319,nan,0.0,0.031085735336354826,0.031085735336354826,0.009675931278616191,0.030414022505283356,0.05226212441921234,0.015513682801552367,0.22246943720820248,0.003866715507876168,0.09538316125537939,0.09538316122537831,0.021123439073562622,0.07213714718818665,0.19815682768821719,0.08312719300265838,0.27652273190336124,0.01697839551336285,Reddit-S,3,visual,0.6344186224762132,0.2287655719139298,0.1257707310934944,0.008305020762551907,0.14264083012911405,-0.8192801237106323,0.2614610642194748,0.9403015673160553,0.6812078715858586,0.9981252914919285,0.9791548913381187,0.040166717022657394,0.026480859145522118,0.05162927880883217,43,0.05063620209693909,-0.05063620209693909,-0.05063620209693909,-0.05063620209693909,-0.05063620209693909,0.0,0.0012486119343853533,0.0012486119343853533,0.00038865038077346987,0.001221631420776248,0.0020991980098187925,0.0006231337059936384,0.0025258280582712844,0.00252582805747683,0.0005593668262008578,0.0019102536025457084,0.005247363029047847,0.0022012794880955215,0.03275457596601974,0.007364443168260286,-0.042298842966556546,0.013499046210199594,0.0485470924526453,0.03517027116485117,0.0012853421769898183,0
0.032090044351876144,1.0000000029284803,2.928480347108575e-09,0.032090044351876144,0.029053243063390254,0.032279178500175476,0.034733385592699055,0.0,0.0021602842111796442,4.666827873072058e-06,0.0163406400017799,0.1,0.10292558056446865,0.00026516057550907135,0.10292558056446865,0.10264535993337631,0.10294287651777267,0.10316973179578781,0.000524371862411499,-2.197224577336219,0.0001994525786800579,nan,0.0,0.016944291317506348,0.016944291317506348,0.006597783882170916,0.016355511732399464,0.028133733384311202,0.008220064008745817,-0.07495202798412481,-0.004290431430860345,0.13280369287183993,0.13280369281183776,0.04966492056846619,0.12119460105895996,0.23180611729621892,0.07300380878560746,0.48855593058689994,0.31019326635647815,Reddit-S,1,text,0.4609697325959034,0.009500440417767712,6.291682395872656e-05,0.0,0.08650396048929002,-0.6766162157058716,0.17758812010288239,0.7065882563591005,0.513883159405079,0.767495622650609,0.6940971680028625,0.015043651685118675,0.01878812536597252,0.0038018140476197004,44,0.029011135920882225,0.029011135920882225,0.029011135920882225,0.029011135920882225,0.029011135920882225,0.0,0.0002549040166779368,0.0002549040166779368,9.925476479111239e-05,0.00024604662030469626,0.00042323407833464447,0.00012365977984210935,0.0024951324298811226,0.0024951324287537944,0.0009331107256002725,0.0022770193172618747,0.004355202382430435,0.0013716047104763355,0.0017525212055660307,0.00032887197273607144,-0.0025723690167069437,0.000675157003570348,0.002686317241750658,0.0019536882150319314,4.6668278730720585e-06,0
0.009543964196277432,0.999999999285919,7.140810165395806e-10,0.009543964196277432,0.006521493708714843,0.009731571655720472,0.012188482005149126,0.0,0.002159527502025724,4.6635590320054635e-06,0.05384274696241704,0.1,0.10086241813792107,0.00025997497141361237,0.10086241813792107,0.10058846324682236,0.10087926313281059,0.10110233649611473,0.0005138732492923764,-2.197224577336219,0.00019583595324329116,nan,0.0,0.016944291317506348,0.016944291317506348,0.006597783882170916,0.016355511732399464,0.028133733384311202,0.008220064008745817,-0.06741859321413748,-0.0038605520820200463,0.1338554776260894,0.13385547759608832,0.049702715873718266,0.12243196368217468,0.23325975537300112,0.07342763559331558,0.4890342572132217,0.3124090001594607,Reddit-S,2,text,0.4609697325959034,0.009500440417767712,6.291682395872656e-05,0.0,0.08650396048929002,-0.6766162157058716,0.17758812010288239,0.7065882563591005,0.513883159405079,0.7643024253635337,0.6914515512084783,0.015043651685118675,0.01878812536597252,0.0038018140476197004,44,0.006445294711738825,0.006445294711738825,0.006445294711738825,0.006445294711738825,0.006445294711738825,0.0,0.0002549040166779368,0.0002549040166779368,9.925476479111239e-05,0.00024604662030469626,0.00042323407833464447,0.00012365977984210935,0.0025148934942582075,0.002514893493694544,0.0009338208532426507,0.002300267107784748,0.004382513603195548,0.0013795676228681073,0.0017525212055660307,0.00032887197273607144,-0.0025723690167069437,0.000675157003570348,0.002686317241750658,0.0019536882150319314,4.6635590320054635e-06,0
0.028912901340681335,0.9999999970194008,2.980599211888091e-09,-0.028912901340681335,-0.03193533644080162,-0.02872531581670046,-0.026268735155463217,0.0,0.00215932388649363,4.662679646781956e-06,0.017232100105872842,0.1,0.0974279298363046,0.00025203078985214233,0.0974279298363046,0.0971622958779335,0.09744424372911453,0.09766052588820458,0.0004982300102710779,-2.197224577336219,0.00018987221839300426,nan,0.0,0.016944291317506348,0.016944291317506348,0.006597783882170916,0.016355511732399464,0.028133733384311202,0.008220064008745817,-0.06732179597833375,-0.003855372749464886,0.13386705452891526,0.13386705452891526,0.049708580970764166,0.12244746088981628,0.23327790498733522,0.07342711775264185,0.4889317010852418,0.3123707339758646,Reddit-S,3,text,0.4609697325959034,0.009500440417767712,6.291682395872656e-05,0.0,0.08650396048929002,-0.6766162157058716,0.17758812010288239,0.7065882563591005,0.513883159405079,0.764266928429402,0.691484635793001,0.015043651685118675,0.01878812536597252,0.0038018140476197004,44,0.032011788338422775,-0.032011788338422775,-0.032011788338422775,-0.032011788338422775,-0.032011788338422775,0.0,0.0002549040166779368,0.0002549040166779368,9.925476479111239e-05,0.00024604662030469626,0.00042323407833464447,0.00012365977984210935,0.0025151110027793345,0.0025151110027793345,0.0009339310636278243,0.0023005582625046372,0.004382854327559471,0.0013795578928886755,0.0017525212055660307,0.00032887197273607144,-0.0025723690167069437,0.000675157003570348,0.002686317241750658,0.0019536882150319314,4.662679646781955e-06,0
0.035588201907832,0.9999999997379238,2.6207624959084797e-10,0.034065302156879244,0.0016149070812389275,0.04254030995070934,0.049025510996580125,0.0,0.018402256578627884,0.00033864304718565324,0.12781937783487668,0.1,0.10312028507637246,0.00187603197991848,0.10312028507637246,0.10014543235301972,0.10389429703354836,0.10449963808059692,0.004354205727577207,-2.197224577336219,0.0016857194574403144,nan,0.0,0.015772874572053015,0.015772874572053015,0.003008383559063077,0.012455611489713192,0.03550619296729565,0.012245566231311771,0.4629088060071691,0.004627677289113197,0.08410924323942881,0.08410924215938995,0.01840413808822632,0.06215140223503113,0.17617567181587226,0.07691288473059488,0.2164991785656533,0.01299814118952146,Reddit-S,1,visual,0.6934245818169109,0.26412482697873413,0.0696489241223103,0.0005033345916698125,-0.503416394973391,-0.9397164225578308,-0.7615206241607666,0.4546005904674532,0.5441058661080793,0.9980025155852249,0.9823741812592891,0.015023109503090382,0.014364713802933693,-0.033291470259428024,44,0.01586066745221615,0.01586066745221615,0.01586066745221615,0.01586066745221615,0.01586066745221615,0.0,0.00023695762210333818,0.00023695762210333818,4.519527647062205e-05,0.00018712201563175768,0.0005334134213626385,0.0001839664826683624,0.0012082052076803744,0.0012082051921659253,0.0002643701736815274,0.000892787124030292,0.002530713076703252,0.0011048315785746484,0.023085123877233358,0.016759471916025226,-0.015134321711957452,0.02535214088857174,0.031284541636705396,0.01811408434091184,0.0003386430471856533,0
0.030188539281866177,1.0000000034597412,3.459741160227736e-09,0.027098077455787885,-0.00536112431436777,0.03558420389890671,0.04206453822553158,0.0,0.01840565979327081,0.0003387683124256257,0.1598450437892798,0.1,0.10247772369907385,0.0018663536757230759,0.10247772369907385,0.09951853156089782,0.1032484695315361,0.10385002493858338,0.004331493377685555,-2.197224577336219,0.0016767065013204583,nan,0.0,0.015772874572053015,0.015772874572053015,0.003008383559063077,0.012455611489713192,0.03550619296729565,0.012245566231311771,0.46364921659787317,0.004634222110344394,0.08490238856321253,0.08490238502308514,0.018463379144668578,0.062354207038879395,0.17861024737358094,0.07789615269651706,0.21753057374569826,0.013224580386256228,Reddit-S,2,visual,0.6934245818169109,0.26412482697873413,0.0696489241223103,0.0005033345916698125,-0.503416394973391,-0.9397164225578308,-0.7615206241607666,0.4546005904674532,0.5441058661080793,0.9979503503278941,0.9821412009631405,0.015023109503090382,0.014364713802933693,-0.033291470259428024,44,0.008882049471139908,0.008882049471139908,0.008882049471139908,0.008882049471139908,0.008882049471139908,0.0,0.00023695762210333818,0.00023695762210333818,4.519527647062205e-05,0.00018712201563175768,0.0005334134213626385,0.0001839664826683624,0.0012195985122741054,0.0012195984614211887,0.00026522116968408227,0.0008957003592513502,0.0025656851707026363,0.001118955939420021,0.023085123877233358,0.016759471916025226,-0.015134321711957452,0.02535214088857174,0.031284541636705396,0.01811408434091184,0.00033876831242562577,0
0.013378261594399072,0.999999987252522,1.2747477962093967e-08,-0.004707050923106171,-0.03716618753969669,0.003778825863264501,0.01025914652273059,0.0,0.018405144110925035,0.0003387493297439185,0.897104621179873,0.1,0.09958926507715865,0.0018196403980255127,0.09958926507715865,0.09670441150665283,0.10034061968326569,0.10092712864279747,0.004222717136144638,-2.197224577336219,0.0016345345329906882,nan,0.0,0.015772874572053015,0.015772874572053015,0.003008383559063077,0.012455611489713192,0.03550619296729565,0.012245566231311771,0.4636725524277419,0.0046345852043266815,0.08491311932684147,0.08491311635673458,0.018475073575973514,0.06237763166427612,0.1785951852798462,0.07790178218178927,0.21706424520712667,0.013197553796818834,Reddit-S,3,visual,0.6934245818169109,0.26412482697873413,0.0696489241223103,0.0005033345916698125,-0.503416394973391,-0.9397164225578308,-0.7615206241607666,0.4546005904674532,0.5441058661080793,0.9979494656186287,0.9821678482513765,0.015023109503090382,0.014364713802933693,-0.033291470259428024,44,0.02292323298752308,-0.02292323298752308,-0.02292323298752308,-0.02292323298752308,-0.02292323298752308,0.0,0.00023695762210333818,0.00023695762210333818,4.519527647062205e-05,0.00018712201563175768,0.0005334134213626385,0.0001839664826683624,0.001219752657372621,0.0012197526147078857,0.00026538913662079724,0.0008960368286352605,0.0025654686614871025,0.0011190368054874924,0.023085123877233358,0.016759471916025226,-0.015134321711957452,0.02535214088857174,0.031284541636705396,0.01811408434091184,0.00033874932974391854,0
