content_abs_mean,content_mean,content_over_static_prior_abs_mean,content_q10,content_q50,content_q90,content_std,content_to_eta_corr,content_to_eta_covariance_contribution,dataset,effective_order_vs_c_pearson,effective_order_vs_c_spearman,effective_order_vs_mean_alpha_pearson,effective_order_vs_mean_alpha_spearman,effective_order_vs_mean_d_pearson,effective_order_vs_mean_d_spearman,effective_order_vs_p_pearson,effective_order_vs_p_spearman,eta_abs_mean,eta_covariance_contribution_sum,eta_covariance_contribution_sum_error,eta_mean,eta_negative_fraction,eta_over_static_prior_abs_mean,eta_q10,eta_q50,eta_q90,eta_std,eta_to_eta_corr,eta_to_eta_covariance_contribution,hop,modality,reference_abs_mean,reference_mean,reference_over_static_prior_abs_mean,reference_q10,reference_q50,reference_q90,reference_std,reference_to_eta_corr,reference_to_eta_covariance_contribution,relation_abs_mean,relation_mean,relation_over_static_prior_abs_mean,relation_q10,relation_q50,relation_q90,relation_std,relation_to_eta_corr,relation_to_eta_covariance_contribution,seed,static_prior,static_prior_abs_abs_mean,static_prior_abs_mean,static_prior_abs_q10,static_prior_abs_q50,static_prior_abs_q90,static_prior_abs_std,total_variance,total_variance_near_zero
0.06263231517409194,0.06263231517409194,0.2761463842404063,0.06218676380813122,0.06267742812633514,0.06301258206367492,0.0003301954167646429,0.4872097220817313,0.0736507239177643,Movies,-0.7266026079855039,-0.5887840158175321,-0.04269151078946461,-0.011836401426950404,0.04064345736409476,0.07724347878211955,0.08751480407657114,0.24238934594744208,0.40629924806603546,1.0000002767730942,2.767730942210278e-07,0.40629924806603546,0.0,1.7913766713104462,0.403558561205864,0.4071492552757263,0.4075782775878906,0.002184288336584305,0.9999999999999998,1.0,0,text,0.10415852895219258,0.10415852895219258,0.45923579669693515,0.10409275889396667,0.1041700728237629,0.10420571267604828,4.8623944154938434e-05,-0.23604880196387998,-0.005254628508651947,0.012700020854199483,0.012700020854199483,0.05599449467765566,0.010166691057384014,0.013597611803561449,0.013616565614938736,0.002054825383719253,0.9902993041595295,0.9316041813639818,42,0.22680838406085968,0.22680838406085968,0.22680838406085968,0.22680838406085968,0.22680838406085968,0.22680838406085968,0.0,4.77111553733823e-06,0
0.05798070174740223,-0.05798070174740223,1.0005093233844733,-0.05872929915785789,-0.058283841237425804,-0.05679766722023487,0.0008708430247344491,0.9390074397880837,0.8808666603101021,Movies,-0.7266026079855039,-0.5887840158175321,-0.04269151078946461,-0.011836401426950404,0.04064345736409476,0.07724347878211955,0.08751480407657114,0.24238934594744208,0.03641542847198568,1.000000020570668,2.057066805782881e-08,-0.03641542847198568,1.0,0.6283810751375472,-0.037244541198015214,-0.03671528771519661,-0.03517567478120327,0.0009283222035277519,1.0,1.0,1,text,0.034400802199289045,-0.034400802199289045,0.5936168810484578,-0.03442543335258961,-0.03440430015325546,-0.03437034264206886,2.3737584501111445e-05,-0.4658302213763365,-0.011911472332635719,0.0019851104070516237,-0.0019851104070516237,0.03425487119585755,-0.0021283733658492565,-0.0021254108287394047,-0.0015891314949840311,0.00032118492545532394,0.37875945635178243,0.13104483259320168,42,0.0579511858522892,0.0579511858522892,0.0579511858522892,0.0579511858522892,0.0579511858522892,0.0579511858522892,0.0,8.617821135626208e-07,0
0.06653006602505011,-0.06653006602505011,0.10362042663904067,-0.0674389734864235,-0.0670001208782196,-0.06488321796059608,0.0011584221671216183,0.8577982593850877,0.7494970245841219,Movies,-0.7266026079855039,-0.5887840158175321,-0.04269151078946461,-0.011836401426950404,0.04064345736409476,0.07724347878211955,0.08751480407657114,0.24238934594744208,0.53725502548843,0.9999999061875142,9.381248577966517e-08,0.53725502548843,0.0,0.8367734812425786,0.5361147046089172,0.53675377368927,0.5391084790229798,0.001325812492906695,0.9999999999999999,1.0,2,text,0.03403020427238747,-0.03403020427238747,0.05300196581784225,-0.03404791280627251,-0.03403511270880699,-0.03400485329329968,1.88742775586535e-05,-0.1702466264179464,-0.0024236323745840957,0.00424021531002308,-0.00424021531002308,0.006604125709127503,-0.004546226467937231,-0.004539898131042719,-0.0033944006310775883,0.0006860541531892844,0.48878522265402224,0.25292651397797644,42,0.6420555114746094,0.6420555114746094,0.6420555114746094,0.6420555114746094,0.6420555114746094,0.6420555114746094,0.0,1.7577787663474656e-06,0
0.06948269373914245,-0.06948269373914245,0.7390647943801658,-0.07092902660369874,-0.07022138684988022,-0.06683155074715615,0.0018240333620200063,0.8664881433954936,0.7560883277451648,Movies,-0.7266026079855039,-0.5887840158175321,-0.04269151078946461,-0.011836401426950404,0.04064345736409476,0.07724347878211955,0.08751480407657114,0.24238934594744208,0.20569925876101927,0.9999999567878124,4.3212187605945473e-08,-0.20569925876101927,1.0,2.1879560535046334,-0.2075255796313286,-0.20646590739488602,-0.20275606513023375,0.002090368576461949,1.0,1.0,3,text,0.03572752253146173,-0.03572752253146173,0.38002202667270096,-0.03574645482003689,-0.035733118653297424,-0.03569979853928089,1.989993658821677e-05,0.13156721527758702,0.0012524964595208572,0.0064746955837639225,-0.0064746955837639225,0.06886922919617522,-0.006941966246813536,-0.0069323035422712564,-0.005183158954605462,0.0010475863804253471,0.4842054412136658,0.24265913258312682,42,-0.09401434659957886,0.09401434659957886,0.09401434659957886,0.09401434659957886,0.09401434659957886,0.09401434659957886,0.0,4.369640785459556e-06,0
0.013347751611111137,0.013347452961484568,0.07497828482218552,0.009625245723873377,0.013847907073795795,0.016353344172239305,0.002701982688489301,0.7398989768128711,0.5103354932178795,Movies,-0.49569267821077917,-0.512790053307831,-0.22750257763057172,-0.22100106149339516,0.32953787433626863,0.31483575952214865,-0.2243510158791896,-0.2183244361083419,0.2667457470652467,0.9999999893981084,1.060189158685887e-08,0.2667457470652467,0.0,1.4983900795633553,0.26138485968112946,0.267085462808609,0.27164914906024934,0.003917411689266536,1.0,1.0,0,visual,0.0689108574413471,0.0689108574413471,0.38709275143218164,0.06865670531988144,0.0688529796898365,0.06927118450403214,0.00022514148581627243,-0.2618597157853265,-0.015049601666546716,0.006465871391194102,0.006465871391194102,0.03632071984235965,0.0030296286335214973,0.006435010582208633,0.01033427082002163,0.002611857427107447,0.7569987879592,0.5047140978467756,42,0.17802156507968903,0.17802156507968903,0.17802156507968903,0.17802156507968903,0.17802156507968903,0.17802156507968903,0.0,1.5346114343202094e-05,0
0.004831948508511436,0.004778339054439039,0.038721614991538186,0.001103155582677573,0.004411040805280209,0.008965662214905024,0.003059419562528333,0.9854526325023558,0.9315218667307987,Movies,-0.49569267821077917,-0.512790053307831,-0.22750257763057172,-0.22100106149339516,0.32953787433626863,0.31483575952214865,-0.2243510158791896,-0.2183244361083419,0.1055378505724148,1.0000000074953663,7.495366327603392e-09,0.1055378505724148,0.0,0.8457449432048024,0.10165630578994751,0.10518094897270203,0.1099824771285057,0.0032365456673643855,1.0,1.0,1,visual,0.02266263548338843,-0.02266263548338843,0.18161076102851062,-0.022795704752206804,-0.02264128252863884,-0.022568816691637038,8.312186517204718e-05,-0.11132992135952227,-0.0028592059757329463,0.0013647068331308738,-0.0013647068331308738,0.010936302917080223,-0.002181183244101703,-0.0013581932289525867,-0.0006394428375642747,0.000551266714162661,0.4188291703124003,0.07133734674030051,42,0.1247868537902832,0.1247868537902832,0.1247868537902832,0.1247868537902832,0.1247868537902832,0.1247868537902832,0.0,1.0475227856935176e-05,0
0.002521471496047158,-0.002521471496047158,0.00359933895781977,-0.0031826196471229197,-0.0025868519442155957,-0.0017633621115237476,0.0005489313081046017,0.5165137496525081,0.28270995628612233,Movies,-0.49569267821077917,-0.512790053307831,-0.22750257763057172,-0.22100106149339516,0.32953787433626863,0.31483575952214865,-0.2243510158791896,-0.2183244361083419,0.6730460017497675,1.0000001209607474,1.2096074741840823e-07,0.6730460017497675,0.0,0.9607567241194241,0.6718030333518982,0.6729710698127747,0.6744004309177398,0.0010029026638305267,1.0,1.0,2,visual,0.022869392295927524,-0.022869392295927524,0.03264549877380639,-0.022993794269859792,-0.02284940890967846,-0.022781664691865443,7.772198396972323e-05,-0.04908611296553101,-0.0038040282697740496,0.00210051799469019,-0.00210051799469019,0.002998438119067463,-0.003357215109281242,-0.002090492518618703,-0.0009842121973633767,0.000848494068299164,0.8523186124639811,0.7210941929443991,42,0.700537383556366,0.700537383556366,0.700537383556366,0.700537383556366,0.700537383556366,0.700537383556366,0.0,1.0058137531183665e-06,0
0.032063260688441994,-0.032063260688441994,0.6386187124586084,-0.03439403288066387,-0.032714538276195526,-0.028612207807600498,0.002273284365521296,0.8746974260626885,0.7915966396916374,Movies,-0.49569267821077917,-0.512790053307831,-0.22750257763057172,-0.22100106149339516,0.32953787433626863,0.31483575952214865,-0.2243510158791896,-0.2183244361083419,0.10864994169173552,1.0000000070005743,7.000574342441723e-09,-0.10864994169173552,1.0,2.164030868416664,-0.11146709695458412,-0.10911614820361137,-0.105141980946064,0.002511930803552445,1.0,1.0,3,visual,0.023378829695659756,-0.023378829695659756,0.4656469054756262,-0.023481716588139533,-0.023362385109066963,-0.0233062282204628,6.429812277301991e-05,-0.053848304640967966,-0.0013783599842907245,0.0030006462236260405,-0.0030006462236260405,0.05976525115446585,-0.004795871954411268,-0.0029863244853913784,-0.0014059734763577582,0.0012120965056693059,0.43474853722090184,0.20978172729322772,42,-0.05020720511674881,0.05020720511674881,0.05020720511674881,0.05020720511674881,0.05020720511674881,0.05020720511674881,0.0,6.309796361835632e-06,0
0.057961231759202356,0.057961231759202356,0.2830922906437262,0.05700947232544422,0.058027444407343864,0.05885270312428474,0.0007104400749033148,0.7208323661006621,0.17231090249696798,Movies,-0.8050141101343724,-0.823529833992353,-0.3256788239581212,-0.348819564745497,-0.08086221926801797,-0.031334306228032155,-0.41339609159861246,-0.5566251094880841,0.3647673907591434,1.000000025300025,2.5300024963925694e-08,0.3647673907591434,0.0,1.781584570720347,0.3606768578290939,0.365410640835762,0.3680714339017868,0.002972001148762476,1.0,1.0,0,text,0.09314494650594661,0.09314494650594661,0.4549354019563135,0.09310947135090827,0.09315143898129463,0.09317151457071304,2.763788401359275e-05,-0.4614215812221258,-0.00429095262917238,0.008917976175347191,0.008917976175347191,0.04355687805037696,0.0053018828388303515,0.009633730631321669,0.011364042479544877,0.00252096938681684,0.9808313234038198,0.8319800754322293,43,0.20474323630332947,0.20474323630332947,0.20474323630332947,0.20474323630332947,0.20474323630332947,0.20474323630332947,0.0,8.832790828245477e-06,0
0.042750562010502764,-0.042750562010502764,0.5253371183494048,-0.04412902370095253,-0.043186308816075325,-0.040721670165657996,0.0014224103425739176,0.8485038892107652,0.6758785588700085,Movies,-0.8050141101343724,-0.823529833992353,-0.3256788239581212,-0.348819564745497,-0.08086221926801797,-0.031334306228032155,-0.41339609159861246,-0.5566251094880841,0.004370002613598754,0.9999999997425023,2.574976898372938e-10,0.004370002613598754,0.0,0.053700453800895845,0.002368389675393701,0.004034032579511404,0.006832924764603376,0.001785706458487779,0.9999999999999999,1.0,1,text,0.030886359426890983,-0.030886359426890983,0.37954474267825095,-0.030899571254849434,-0.030888188630342484,-0.030870593525469302,1.3008688041244757e-05,-0.48701258265414354,-0.003547836616592513,0.003370462995768675,-0.003370462995768675,0.041417685158511304,-0.004294930351898074,-0.00364097545389086,-0.002003795397467911,0.0009527760419566343,0.6141224372714837,0.32766927748908636,43,0.08137738704681396,0.08137738704681396,0.08137738704681396,0.08137738704681396,0.08137738704681396,0.08137738704681396,0.0,3.188747555884966e-06,0
0.04191282592381345,-0.04191282592381345,0.06244586531506553,-0.043121183291077614,-0.042419563978910446,-0.03987543508410454,0.001366022297061372,0.8313962129613895,0.6697561132005119,Movies,-0.8050141101343724,-0.823529833992353,-0.3256788239581212,-0.348819564745497,-0.08086221926801797,-0.031334306228032155,-0.41339609159861246,-0.5566251094880841,0.5952951931921969,1.0000000122339454,1.2233945412276626e-08,0.5952951931921969,0.0,0.8869295409562206,0.5934233903884888,0.5949587821960449,0.5976414978504181,0.0016957004829273351,1.0,1.0,2,text,0.030625751758648543,-0.030625751758648543,0.0456292680662844,-0.03063544612377882,-0.030628271400928497,-0.03061233665794134,1.0338255798448663e-05,-0.28542511408991567,-0.0017401645340507882,0.003352796171412061,-0.003352796171412061,0.004995326693777262,-0.004272417537868023,-0.0036218907916918397,-0.001993292151018977,0.0009477819119631398,0.5939610471669939,0.3319840635674843,43,0.6711865663528442,0.6711865663528442,0.6711865663528442,0.6711865663528442,0.6711865663528442,0.6711865663528442,0.0,2.875400127799998e-06,0
0.049104950843681,-0.049104950843681,0.7500625855747137,-0.05046085640788078,-0.04972553439438343,-0.046708696708083156,0.0015972665170513043,0.9333099704541896,0.8689932445509485,Movies,-0.8050141101343724,-0.823529833992353,-0.3256788239581212,-0.348819564745497,-0.08086221926801797,-0.031334306228032155,-0.41339609159861246,-0.5566251094880841,0.14840030880830823,1.0000000825457485,8.254574845878437e-08,-0.14840030880830823,1.0,2.266767757882184,-0.15010049790143967,-0.1488804742693901,-0.1459161639213562,0.0017154848730808721,1.0,1.0,3,text,0.031632835298397666,-0.031632835298397666,0.4831815494226983,-0.031643521040678024,-0.03163621574640274,-0.031616754829883575,1.1731555944103565e-05,0.07346773827571133,0.0005024182347468779,0.0021947180883728355,-0.0021947180883728355,0.03352362431260549,-0.0027966961730271577,-0.002370865549892187,-0.001304795895703137,0.0006204117400981626,0.360854483400242,0.13050441976005317,43,-0.06546780467033386,0.06546780467033386,0.06546780467033386,0.06546780467033386,0.06546780467033386,0.06546780467033386,0.0,2.942888349769296e-06,0
0.006841831754851811,0.0037389606962256084,0.04293612631548754,-0.0063482522498816245,0.004261046182364225,0.01286767702549696,0.007385362539330257,0.9909959866210967,0.98080989039929,Movies,-0.20188611807253046,-0.20526807160725682,-0.6525046661277828,-0.6446011800578424,0.12120525661481012,0.06930679200776918,0.6521110399642025,0.6444505596849943,0.22935461067646426,1.0000000155166955,1.5516695484052434e-08,0.22935461067646426,0.0,1.43932193714948,0.2192324236035347,0.229816235601902,0.23859555870294571,0.007462062432138147,1.0,1.0,0,visual,0.06435719970345583,0.06435719970345583,0.4038755927926916,0.06416535377502441,0.06435467675328255,0.0645558439195156,0.0001407549761651067,-0.7340460135633383,-0.013846122313076682,0.0019093812289454602,0.0019093812289454602,0.01198238082546927,0.0007234918768517673,0.001789650646969676,0.0032614024356007573,0.000991379727277098,0.24866207575870466,0.0330362474304822,43,0.15934906899929047,0.15934906899929047,0.15934906899929047,0.15934906899929047,0.15934906899929047,0.15934906899929047,0.0,5.5682375741127475e-05,0
0.008885236166028748,0.008885233373681006,0.06697744670637122,0.0058877847623080015,0.008919036481529474,0.011792147438973189,0.00230961628895774,0.9848304414446892,1.0012780938159673,Movies,-0.20188611807253046,-0.20526807160725682,-0.6525046661277828,-0.6446011800578424,0.12120525661481012,0.06930679200776918,0.6521110399642025,0.6444505596849943,0.12102322886660409,1.0000000287356368,2.873563675898083e-08,0.12102322886660409,0.0,0.9122804065284443,0.11813467592000962,0.1210099495947361,0.1238987497985363,0.0022716770130798043,1.0,1.0,1,visual,0.021286463265301887,-0.021286463265301887,0.16045864536160184,-0.021356755495071413,-0.021285575814545155,-0.021218464151024817,4.985388302894014e-05,-0.13979419450335673,-0.003067902426607167,0.000764337970222965,0.000764337970222965,0.005761625769947931,0.00028961861680727453,0.0007164090347941965,0.0013055610470473766,0.0003968558804759714,0.010245362502407006,0.0017898373462765672,43,0.1326601207256317,0.1326601207256317,0.1326601207256317,0.1326601207256317,0.1326601207256317,0.1326601207256317,0.0,5.160516451755181e-06,0
0.0016338335314935168,-0.000885324460637399,0.0022759413420113204,-0.003705800254829228,-0.0006155082955956459,0.0013488851953297853,0.0019449476529854468,0.9651547531048997,0.9665171685665296,Movies,-0.20188611807253046,-0.20526807160725682,-0.6525046661277828,-0.6446011800578424,0.12120525661481012,0.06930679200776918,0.6521110399642025,0.6444505596849943,0.6945254753581508,1.0000000991086828,9.910868281615137e-08,0.6945254753581508,0.0,0.9674787620515622,0.69183429479599,0.6947111785411835,0.6968730032444,0.0019422060288936383,1.0,1.0,2,visual,0.02147518336536513,-0.02147518336536513,0.02991507807030354,-0.021540842950344086,-0.021474347449839115,-0.02141178399324417,4.6515476377440246e-05,-0.4535156557448366,-0.010861616356744161,0.0009855634651907595,-0.0009855634651907595,0.0013728966827808583,-0.0016834349604323505,-0.0009237622725777328,-0.0003734441212145612,0.0005117195159045632,0.1683075271877223,0.04434454689889747,43,0.7178715467453003,0.7178715467453003,0.7178715467453003,0.7178715467453003,0.7178715467453003,0.7178715467453003,0.0,3.772164258670796e-06,0
0.01937762691573224,-0.01937762691573224,0.5861888944119241,-0.02393671851605177,-0.01983347162604332,-0.014096607174724341,0.003737740563515917,0.9723808596807977,0.9758867201690714,Movies,-0.20188611807253046,-0.20526807160725682,-0.6525046661277828,-0.6446011800578424,0.12120525661481012,0.06930679200776918,0.6521110399642025,0.6444505596849943,0.07571830266202673,0.9999999943070185,5.692981530636132e-09,-0.07571830266202673,1.0,2.290539926133348,-0.08029081523418427,-0.07614745199680328,-0.07051077634096145,0.003724312778624266,1.0,1.0,3,visual,0.021595553074241214,-0.021595553074241214,0.6532829554338195,-0.02165815681219101,-0.021594672463834286,-0.021535117551684378,4.4396329423258975e-05,-0.16966899627986484,-0.0020225692898266975,0.0016881557343470476,-0.0016881557343470476,0.051068077005272015,-0.0028835285222157834,-0.0015822974382899702,-0.000639666395727545,0.0008765160912774722,0.11105107667369368,0.026135843427773756,43,-0.033056966960430145,0.033056966960430145,0.033056966960430145,0.033056966960430145,0.033056966960430145,0.033056966960430145,0.0,1.3870505673024002e-05,0
0.06916743437285873,0.06916743437285873,0.31220843274466425,0.06857136934995652,0.0692702904343605,0.06964481249451637,0.0004529852256807206,0.44434783721411175,0.08977500142403483,Movies,-0.744360346680202,-0.7597511066353069,-0.13917373047945633,-0.15386676852087547,-0.0568918924109896,-0.0482319270704316,-0.06328342251761818,-0.08623758949931593,0.4049788867954644,1.0000000249479841,2.4947984123002698e-08,0.4049788867954644,0.0,1.827996436292639,0.40191795229911803,0.405850425362587,0.40673035085201265,0.0022420830089487074,1.0,1.0,0,text,0.10267169958591861,0.10267169958591861,0.4634402115040572,0.10260962322354317,0.10268213599920273,0.10271911323070526,4.6970959676173414e-05,-0.37248078184420613,-0.007803359516272935,0.011597260384055038,0.011597260384055038,0.05234779230236118,0.00874135885387659,0.012659935280680656,0.012911983765661716,0.002096775378263155,0.9816482302706685,0.9180283830402223,44,0.22154249250888824,0.22154249250888824,0.22154249250888824,0.22154249250888824,0.22154249250888824,0.22154249250888824,0.0,5.0269362190164895e-06,0
0.06289967498250464,-0.06289967498250464,0.8073891472975405,-0.06406448483467102,-0.06333492696285248,-0.06112224273383617,0.00129062362218574,0.9943772905648274,1.003931948982317,Movies,-0.744360346680202,-0.7597511066353069,-0.13917373047945633,-0.15386676852087547,-0.0568918924109896,-0.0482319270704316,-0.06328342251761818,-0.08623758949931593,0.019698962865805348,0.9999999952693152,4.730684843856636e-09,-0.019698962865805348,1.0,0.25285868067350664,-0.020853639394044877,-0.020115328021347523,-0.017951398715376855,0.001278340451132136,1.0,1.0,1,text,0.033938698852685016,-0.033938698852685016,0.43564195100656855,-0.03396290764212608,-0.03394242748618126,-0.03390881568193436,2.3556368031092587e-05,-0.4887322341288714,-0.009006017423294214,0.0007656180813098775,-0.0007656180813098775,0.009827582256924192,-0.0008524123695679009,-0.0008357728365808725,-0.0005770796444267035,0.0001384231353272437,0.0468590808693495,0.005074063710292276,44,0.07790502905845642,0.07790502905845642,0.07790502905845642,0.07790502905845642,0.07790502905845642,0.07790502905845642,0.0,1.6341543090007127e-06,0
0.06224614150166125,-0.06224614150166125,0.09399390765366542,-0.06335450783371925,-0.06278397142887115,-0.060339128598570824,0.001371642325787245,0.8658571823781801,0.7429566423667872,Movies,-0.744360346680202,-0.7597511066353069,-0.13917373047945633,-0.15386676852087547,-0.0568918924109896,-0.0482319270704316,-0.06328342251761818,-0.08623758949931593,0.5619618680378182,0.9999998791307012,1.2086929879195907e-07,0.5619618680378182,0.0,0.8485825892970135,0.5604926347732544,0.5614637732505798,0.5641113936901092,0.0015985406034642773,1.0,1.0,2,text,0.033570493081219906,-0.033570493081219906,0.05069264938261248,-0.033588289842009546,-0.03357491455972195,-0.033546393364667894,1.816966624113517e-05,-0.2636186340410361,-0.002996397204480904,0.004457412784177957,-0.004457412784177957,0.006730853278658387,-0.004962727427482605,-0.004865852417424321,-0.003359745745547116,0.0008058966579420644,0.5158029994440694,0.26003963396839497,44,0.6622359156608582,0.6622359156608582,0.6622359156608582,0.6622359156608582,0.6622359156608582,0.6622359156608582,0.0,2.555332060923936e-06,0
0.05693469583611013,-0.05693469583611013,0.7201601049357479,-0.0584231048822403,-0.05761286802589893,-0.054318840801715854,0.0017594106127305719,0.8314699620899809,0.7097521834077197,Movies,-0.744360346680202,-0.7597511066353069,-0.13917373047945633,-0.15386676852087547,-0.0568918924109896,-0.0482319270704316,-0.06328342251761818,-0.08623758949931593,0.17752981867601883,0.9999999295419126,7.045808736449999e-08,-0.17752981867601883,1.0,2.245553277652865,-0.17951124012470246,-0.1781446784734726,-0.17465158998966218,0.00206113783045234,0.9999999999999998,1.0,3,text,0.03516250751236,-0.03516250751236,0.44476631916675013,-0.035181529447436334,-0.035167187452316284,-0.03513697385787964,1.9286133244865514e-05,-0.007203377895103752,-6.740223960063895e-05,0.006374228893948243,-0.006374228893948243,0.08062685295385026,-0.0070968433283269405,-0.006958309328183532,-0.0048045333009213214,0.0011524554741295778,0.5192213916277781,0.2903151483737936,44,-0.07905838638544083,0.07905838638544083,0.07905838638544083,0.07905838638544083,0.07905838638544083,0.07905838638544083,0.0,4.2482891561217785e-06,0
0.01313847831518889,0.013135362268975648,0.07924450463087863,0.0096168652176857,0.013988430611789227,0.015296194702386856,0.002671997256777025,0.8576230915076322,0.7167928684677093,Movies,-0.12955427857462054,-0.12418444265403548,-0.4088880886447348,-0.3254339718819083,0.24358210466602284,0.21583269191552013,0.40857676906917156,0.32216041190740435,0.24925110997424788,0.9999999980400722,1.9599277756299216e-09,0.24925110997424788,0.0,1.503353757167727,0.24518743008375168,0.2498389333486557,0.25263406038284303,0.0031969717454858543,1.0,1.0,0,visual,0.06632029576336111,0.06632029576336111,0.4000097163965485,0.06607584059238433,0.06623788923025131,0.0666966788470745,0.00023371064641914844,-0.5850690112140129,-0.04277074297066038,0.00399873972603812,0.00399873972603812,0.024118329469812,0.001729124248959124,0.004015715792775154,0.006248590117320418,0.0016786240518212275,0.6208311188219662,0.3259778725430233,44,0.16579671204090118,0.16579671204090118,0.16579671204090118,0.16579671204090118,0.16579671204090118,0.16579671204090118,0.0,1.0220628341434871e-05,0
0.010815256132629235,0.010622226154070444,0.07515945795321112,0.0025510776322335005,0.011004396714270115,0.01801641583442688,0.005891221504373357,0.9981108649857493,1.0116868169234843,Movies,-0.12955427857462054,-0.12418444265403548,-0.4088880886447348,-0.3254339718819083,0.24358210466602284,0.21583269191552013,0.40857676906917156,0.32216041190740435,0.13350948852517297,0.9999999972209623,2.7790376666558814e-09,0.13350948852517297,0.0,0.9278098147753281,0.12550634145736694,0.13385825604200363,0.14081066399812697,0.005812166466134211,1.0,1.0,1,visual,0.02182139577826703,-0.02182139577826703,0.15164544032655547,-0.02195934522897005,-0.021791032515466213,-0.021731680631637572,8.58557377810053e-05,-0.061717504734664995,-0.0009116741466150215,0.0008111843056041079,0.0008111843056041079,0.005637237986941239,0.00035077013017144055,0.0008146280306391418,0.0012675889302045107,0.0003405256604963639,-0.1839125414997187,-0.010775145555906817,44,0.14389747381210327,0.14389747381210327,0.14389747381210327,0.14389747381210327,0.14389747381210327,0.14389747381210327,0.0,3.3781279030055044e-05,0
0.004825229605332788,-0.004825229605332788,0.0067381107100933915,-0.005884458683431149,-0.004923033062368631,-0.003625075146555901,0.0008808236462471395,0.8878148833909447,0.8233185733130307,Movies,-0.12955427857462054,-0.12418444265403548,-0.4088880886447348,-0.3254339718819083,0.24358210466602284,0.21583269191552013,0.40857676906917156,0.32216041190740435,0.6881594697975209,1.0000001567189405,1.5671894049162916e-07,0.6881594697975209,0.0,0.9609687150576675,0.6870004117488862,0.6880845427513123,0.6894436776638031,0.0009498247314330495,1.0,1.0,2,visual,0.022057241167504012,-0.022057241167504012,0.030801463371113776,-0.022185029275715352,-0.022029273211956024,-0.02197430320084095,7.930045110119705e-05,-0.4678273183995889,-0.03905869805114221,0.0010682292775028711,-0.0010682292775028711,0.0014917108043153934,-0.0016692576231434942,-0.0010727642220444977,-0.0004619208397343755,0.0004484301258668314,0.4569618388107315,0.21574028145705207,44,0.7161101698875427,0.7161101698875427,0.7161101698875427,0.7161101698875427,0.7161101698875427,0.7161101698875427,0.0,9.021670204418646e-07,0
0.02486459909372511,-0.02486459909372511,0.6070065842989126,-0.027191982418298722,-0.025448336265981197,-0.0215555302798748,0.0022157082180461743,0.8053890098080956,0.6804845237124618,Movies,-0.12955427857462054,-0.12418444265403548,-0.4088880886447348,-0.3254339718819083,0.24358210466602284,0.21583269191552013,0.40857676906917156,0.32216041190740435,0.09201060380695492,1.0000000172166297,1.7216629677463402e-08,-0.09201060380695492,1.0,2.2462072332481298,-0.09511558562517167,-0.09234579280018806,-0.08843111246824265,0.002622406514141254,1.0,1.0,3,visual,0.02244165884663803,-0.02244165884663803,0.5478565984977802,-0.022552195750176907,-0.022417612373828888,-0.02236995715647936,6.857473503451176e-05,-0.2850268101726281,-0.0074533211689037345,0.0037416945043797153,-0.0037416945043797153,0.09134405071372005,-0.005846920982003212,-0.0037575792521238327,-0.0016179734957404435,0.0015707194827443848,0.5458932412435391,0.32696881467307165,44,-0.04096265137195587,0.04096265137195587,0.04096265137195587,0.04096265137195587,0.04096265137195587,0.04096265137195587,0.0,6.877015925410484e-06,0
0.031060896168041485,0.031060896168041485,0.20557031967741496,0.02682572975754738,0.03208127245306969,0.03376752585172653,0.0031118222783897078,0.9364845169428688,0.7676352297815147,Toys,-0.8306597080504168,-0.8728652754690391,-0.5590702016231321,-0.6197194776583078,-0.11867256314406957,-0.11659066043161424,0.547338141362186,0.6227315949906768,0.26739872251264885,0.9999999907062833,9.293716685121467e-09,0.26739872251264885,0.0,1.769724884010764,0.2621548891067505,0.26807570457458496,0.27153310775756834,0.003796299687833868,1.0,1.0,0,text,0.08212458579673891,0.08212458579673891,0.5435251212417098,0.08198342770338059,0.08203448355197906,0.08245518803596497,0.000202716206008626,-0.7002125248128378,-0.037390205753427094,0.003117030655441009,0.003117030655441009,0.02062944304042962,0.0010739143937826157,0.003143777372315526,0.005107490438967944,0.0014728472522075647,0.6953000009044719,0.2697549666781957,42,0.15109620988368988,0.15109620988368988,0.15109620988368988,0.15109620988368988,0.15109620988368988,0.15109620988368988,0.0,1.4411891319847522e-05,0
0.04670388716803812,-0.04670388716803812,0.6300139002671692,-0.0505679190158844,-0.048027023673057556,-0.04102650806307792,0.0043578038015481425,0.9471487062702642,0.8180829371791049,Toys,-0.8306597080504168,-0.8728652754690391,-0.5590702016231321,-0.6197194776583078,-0.11867256314406957,-0.11659066043161424,0.547338141362186,0.6227315949906768,0.00532178925600537,1.0000000003474252,3.474251997204192e-10,-0.0034907468984458046,0.8202947378158569,0.07178848290534487,-0.008487654104828834,-0.004638750106096268,0.003053867630660534,0.005045317589740076,0.9999999999999998,1.0,1,text,0.02732422718605894,-0.02732422718605894,0.3685912240952843,-0.02743689976632595,-0.02729538083076477,-0.02727389968931675,6.883046883016199e-05,-0.6669668039150523,-0.00909905808525977,0.0035941511446532654,-0.0035941511446532654,0.048483441488406484,-0.00588928833603859,-0.0036249919794499874,-0.001238297321833669,0.0016982943779457252,0.5674734657311631,0.19101612125358014,42,0.07413151860237122,0.07413151860237122,0.07413151860237122,0.07413151860237122,0.07413151860237122,0.07413151860237122,0.0,2.5455229581340605e-05,0
0.019407661624503008,-0.019407661624503008,0.026827007921614947,-0.021546271443367005,-0.019882775843143463,-0.016598442569375038,0.002050507687884165,0.9505839674877138,0.8351720253228845,Toys,-0.8306597080504168,-0.8728652754690391,-0.5590702016231321,-0.6197194776583078,-0.11867256314406957,-0.11659066043161424,0.547338141362186,0.6227315949906768,0.6752564380957499,0.9999999485480611,5.14519389316348e-08,0.6752564380957499,0.0,0.9333999203203889,0.672656238079071,0.6748360395431519,0.67843998670578,0.0023338661667450123,1.0,1.0,2,text,0.02714375470667955,-0.02714375470667955,0.03752052857409156,-0.02726125791668892,-0.027111805975437164,-0.02709396444261074,7.187282429992861e-05,-0.6486240227693653,-0.019974770228677295,0.0016295740739012763,-0.0016295740739012763,0.002252543219025099,-0.002670180331915617,-0.0016435572179034352,-0.000561439164448529,0.0007700000302732529,0.5601360218417666,0.18480269345385394,42,0.7234374284744263,0.7234374284744263,0.7234374284744263,0.7234374284744263,0.7234374284744263,0.7234374284744263,0.0,5.4469312842770576e-06,0
0.026851557491751766,-0.026851557491751766,4.8685334868176895,-0.028897989168763162,-0.027270449325442314,-0.0241748321801424,0.0018671008295306185,0.8509702727626322,0.8455339011919561,Toys,-0.8306597080504168,-0.8728652754690391,-0.5590702016231321,-0.6197194776583078,-0.11867256314406957,-0.11659066043161424,0.547338141362186,0.6227315949906768,0.0468861393304688,1.0000000024032023,2.4032023038245143e-09,-0.0468861393304688,1.0,8.501061417688938,-0.049067456275224686,-0.04717930406332016,-0.044225864857435224,0.0018791053793836003,1.0,1.0,3,text,0.027656603915251002,-0.027656603915251002,5.014498780356167,-0.027758028358221054,-0.02763000689446926,-0.027611924335360527,6.2704085944281e-05,-0.18873490980799995,-0.006297917155220416,0.0021066943991256163,0.0021066943991256163,0.38197084961588984,0.0007258220226503909,0.002124771708622575,0.0034519780427217485,0.0009954470776701067,0.30347422630524346,0.16076401836646662,42,0.005515327677130699,0.005515327677130699,0.005515327677130699,0.005515327677130699,0.005515327677130699,0.005515327677130699,0.0,3.5310370268283843e-06,0
0.032951161301465075,-0.032951161301465075,0.3109565131259818,-0.03334045112133026,-0.03307786583900452,-0.03244057521224022,0.00046719477972827315,0.4172427543227568,0.22926463912266964,Toys,0.34288107130944795,0.3252376705175478,-0.06331043623338725,-0.07799854484856282,0.2017178738207519,0.2166856630426986,0.04080160424330707,0.05495239800177605,0.12639380261089583,1.0000000248266452,2.4826645184106155e-08,0.12639380261089583,0.0,1.1927645214395008,0.12526953220367432,0.1264674812555313,0.12732634842395782,0.0008502560074025972,1.0,1.0,0,visual,0.05130929389212926,0.05130929389212926,0.4842002068966037,0.05116357281804085,0.05132289230823517,0.05142979025840759,9.792599238509124e-05,0.20434055951141938,0.023534384821118536,0.002068565586519781,0.002068565586519781,0.019520827690160746,0.0010000566951930522,0.002154729561880231,0.002996192499995232,0.0007506590993347018,0.8463390909414814,0.7472010008828569,42,0.10596710443496704,0.10596710443496704,0.10596710443496704,0.10596710443496704,0.10596710443496704,0.10596710443496704,0.0,7.229352781242054e-07,0
0.005423450956293671,-0.005423450956293671,0.057743791968547696,-0.006580511666834354,-0.005476425401866436,-0.004189788270741701,0.0009296789485687351,0.5787721831584512,0.38091556123164255,Toys,0.34288107130944795,0.3252376705175478,-0.06331043623338725,-0.07799854484856282,0.2017178738207519,0.2166856630426986,0.04080160424330707,0.05495239800177605,0.06817123368580465,0.9999999674596687,3.254033131838696e-08,0.06817123368580465,0.0,0.7258230171002585,0.06642212569713593,0.06808722019195557,0.07007054388523103,0.0014125763540869564,1.0,1.0,1,visual,0.017162167517534486,-0.017162167517534486,0.1827265773855403,-0.017200777307152748,-0.017166534438729286,-0.017114853858947753,3.18187719872336e-05,0.2551157447827701,0.005746570576599457,0.003165815076301964,-0.003165815076301964,0.03370661386081757,-0.004585492052137851,-0.0032976840157061815,-0.0015305265318602303,0.001148838553453879,0.7541412334251533,0.6133378356514267,42,0.09392266720533371,0.09392266720533371,0.09392266720533371,0.09392266720533371,0.09392266720533371,0.09392266720533371,0.0,1.9953719561255984e-06,0
0.037301770471689866,0.037301770471689866,0.04826208118839969,0.036080300062894824,0.03759382665157318,0.03811010047793388,0.0008942758630788875,0.7905028581667451,0.6793936298168746,Toys,0.34288107130944795,0.3252376705175478,-0.06331043623338725,-0.07799854484856282,0.2017178738207519,0.2166856630426986,0.04080160424330707,0.05495239800177605,0.7913062142674893,0.9999996322463085,3.6775369149921744e-07,0.7913062142674893,0.0,1.0238142660506446,0.7899395108222962,0.7913912534713745,0.7925511360168457,0.001040527309542099,1.0,1.0,2,visual,0.0171525950456953,-0.0171525950456953,0.022192510548939275,-0.01719175763428211,-0.017157021909952164,-0.017105009779334067,3.1921612478549894e-05,0.11938831393351128,0.0036626309150214692,0.0017431250463649634,-0.0017431250463649634,0.0022553042776628203,-0.002524811401963234,-0.0018157331505790353,-0.0008427211199887086,0.000632560401982307,0.5213545340581057,0.3169433715144125,42,0.7729001641273499,0.7729001641273499,0.7729001641273499,0.7729001641273499,0.7729001641273499,0.7729001641273499,0.0,1.082697081902919e-06,0
0.028308092987992448,0.028308092987992448,0.5421792830432703,0.026978835836052893,0.02861383929848671,0.029189929366111755,0.000939951498724433,0.6979920134188133,0.4599309635835934,Toys,0.34288107130944795,0.3252376705175478,-0.06331043623338725,-0.07799854484856282,0.2017178738207519,0.2166856630426986,0.04080160424330707,0.05495239800177605,0.06636561925938579,1.0000000016884774,1.6884773579306511e-09,0.06636561925938579,0.0,1.2710875255369232,0.06448138207197189,0.06653052568435669,0.06805520057678223,0.0014264719948376653,1.0,1.0,3,visual,0.016994531371291637,-0.016994531371291637,0.3254928842593402,-0.017036916688084602,-0.01699923537671566,-0.016943542286753654,3.463165617377694e-05,-0.10064588794323148,-0.0024434645749572773,0.002840374386669926,0.002840374386669926,0.054401126532698386,0.0013731908751651646,0.0029586872551590204,0.004114110767841339,0.0010307398015108643,0.7507994653817879,0.5425125026798412,42,0.05221168324351311,0.05221168324351311,0.05221168324351311,0.05221168324351311,0.05221168324351311,0.05221168324351311,0.0,2.034822352056148e-06,0
0.025228375101839576,0.025228375101839576,0.1666744203342937,0.021034956723451615,0.026059184223413467,0.02817607931792736,0.003028032032566222,0.970261943544454,1.0352344972322012,Toys,-0.31315876126160236,-0.2732566578807953,-0.16264489833941412,-0.08150987550666162,0.23570866668736234,0.2104998878624031,-0.29760134357465395,-0.25743894139782986,0.2585985570490778,1.000000052655479,5.2655479088059565e-08,0.2585985570490778,0.0,1.7084637604067086,0.254861044883728,0.2591537833213806,0.26174131631851194,0.0028379891250606016,1.0,1.0,0,text,0.0796124817841754,0.0796124817841754,0.5259698335381255,0.07958168387413025,0.0796067863702774,0.07964867353439331,3.16713274407686e-05,-0.4981803447073471,-0.005559581847039121,0.0023944912480585775,0.0023944912480585775,0.015819506375446338,0.0012960597639903426,0.002616246696561575,0.0031362893991172315,0.000731590220942748,-0.11511490353982883,-0.02967486272968299,43,0.15136320888996124,0.15136320888996124,0.15136320888996124,0.15136320888996124,0.15136320888996124,0.15136320888996124,0.0,8.054182273962238e-06,0
0.0065358022455369955,-0.006535507663560158,0.05919451245196994,-0.008881430700421333,-0.006750753615051508,-0.0037383251823484885,0.0020048028110782362,0.7714811553588425,0.7398691187467304,Toys,-0.31315876126160236,-0.2732566578807953,-0.16264489833941412,-0.08150987550666162,0.23570866668736234,0.2104998878624031,-0.29760134357465395,-0.25743894139782986,0.07290712901865638,1.0000000066642418,6.664241825049544e-09,0.07290712901865638,0.0,0.660317095652524,0.07025041431188583,0.07280752807855606,0.07571863532066346,0.002090461069083682,1.0,1.0,1,text,0.026439186229250605,-0.026439186229250605,0.2394587044820752,-0.02645297534763813,-0.026438547298312187,-0.026425164192914963,1.239914611037149e-05,-0.32252885325871755,-0.001913014518906269,0.004530476687488988,-0.004530476687488988,0.04103235511356758,-0.005933989398181438,-0.004950047470629215,-0.002452198835089803,0.0013841990215095231,0.39574697563122435,0.2620439024364176,43,0.11041229963302612,0.11041229963302612,0.11041229963302612,0.11041229963302612,0.11041229963302612,0.11041229963302612,0.0,4.3700274813544915e-06,0
0.01633480955927837,-0.01633480955927837,0.022354429303092806,-0.017864438891410827,-0.016462650150060654,-0.01461853813380003,0.0012724059186047484,0.9483733640975089,0.9574461160371677,Toys,-0.31315876126160236,-0.2732566578807953,-0.16264489833941412,-0.08150987550666162,0.23570866668736234,0.2104998878624031,-0.29760134357465395,-0.25743894139782986,0.6866589069136043,1.000000252834122,2.5283412208310097e-07,0.6866589069136043,0.0,0.9397029046610612,0.685145092010498,0.686519980430603,0.6883842825889588,0.001260348610028642,1.0,1.0,2,text,0.02640163423621761,-0.02640163423621761,0.03613102827295616,-0.02641407959163189,-0.026399612426757812,-0.026391280815005302,1.0908933821491035e-05,-0.14578271608544538,-0.001261820729153023,0.001323798522985036,-0.001323798522985036,0.0018116379248999952,-0.001733902865089476,-0.001446396461687982,-0.0007165288319811225,0.0004044608871636736,0.13653577618435114,0.04381595752610736,43,0.7307191491127014,0.7307191491127014,0.7307191491127014,0.7307191491127014,0.7307191491127014,0.7307191491127014,0.0,1.5884786188011302e-06,0
0.011697129671009382,-0.011697129671009382,1.3695232032964018,-0.013916234113276004,-0.011683170683681965,-0.009497020393609999,0.0017294466280365476,0.8759943139395545,0.7013538776924485,Toys,-0.31315876126160236,-0.2732566578807953,-0.16264489833941412,-0.08150987550666162,0.23570866668736234,0.2104998878624031,-0.29760134357465395,-0.25743894139782986,0.026467983212612713,0.999999998264169,1.7358310344661732e-09,-0.026467983212612713,1.0,3.0989241099012923,-0.029257816448807716,-0.026549655944108963,-0.02359069362282753,0.002160087026832251,1.0,1.0,3,text,0.026771661336078077,-0.026771661336078077,3.134479348503981,-0.026784636452794074,-0.026770327240228653,-0.026759742572903634,1.1227691332521787e-05,-0.2506665539710566,-0.0013029135680247285,0.003459784435269394,0.003459784435269394,0.40507844195731596,0.001872668182477355,0.003780197585001588,0.004531603492796421,0.0010570698311038959,0.6129358707357205,0.2999490341397451,43,0.00854102335870266,0.00854102335870266,0.00854102335870266,0.00854102335870266,0.00854102335870266,0.00854102335870266,0.0,4.665975963488994e-06,0
0.03182424485699642,-0.03182424485699642,0.30018193027958123,-0.03253689259290695,-0.031980060040950775,-0.030899249017238613,0.0006750794034235939,0.5833652271079276,0.5416268012506682,Toys,0.5167109429164144,0.4799063998282103,-0.36106789711472465,-0.3542820734098735,0.18333705931486105,0.18675385981409162,0.3415493135773592,0.33396160606649195,0.12653168077506602,0.999999979327439,2.0672560996359834e-08,0.12653168077506602,0.0,1.1935090478110373,0.12566195726394652,0.12650194764137268,0.12744614481925964,0.000727101850544925,1.0,1.0,0,visual,0.050606524859521086,0.050606524859521086,0.4773456333476187,0.050459223985672,0.05062589421868324,0.05071898475289345,9.6080866180052e-05,0.1408359371233421,0.01861037599883536,0.001732876679188776,0.001732876679188776,0.016345345155330482,0.000830584904178977,0.0018548768712207675,0.0024173525162041187,0.0005807956501546098,0.5505419110948394,0.43976280207793544,43,0.10601652413606644,0.10601652413606644,0.10601652413606644,0.10601652413606644,0.10601652413606644,0.10601652413606644,0.0,5.286771010658544e-07,0
0.014109296915145004,-0.014109296915145004,0.13043656997474803,-0.017035647109150887,-0.014407129026949406,-0.010656124725937842,0.0024523068400357805,0.8651464154598872,0.6932282012937243,Toys,0.5167109429164144,0.4799063998282103,-0.36106789711472465,-0.3542820734098735,0.18333705931486105,0.18675385981409162,0.3415493135773592,0.33396160606649195,0.0725784354799322,1.000000000646816,6.468159341466162e-10,0.0725784354799322,0.0,0.670967677203965,0.06896211951971054,0.07215936481952667,0.07679178565740585,0.0030604705179410096,1.0,1.0,1,visual,0.016921237280390262,-0.016921237280390262,0.15643218537798106,-0.016957660391926765,-0.01692747138440609,-0.016873469576239586,3.135927858666687e-05,0.4233190067288752,0.004337561360327333,0.00456082437028772,-0.00456082437028772,0.04216356709305642,-0.006362322345376014,-0.004881921224296093,-0.0021860482171177855,0.0015286182714472326,0.6055083118406654,0.30243423799276437,43,0.1081697940826416,0.1081697940826416,0.1081697940826416,0.1081697940826416,0.1081697940826416,0.1081697940826416,0.0,9.36647979118611e-06,0
0.03572429016666313,0.03572429016666313,0.046597067827479195,0.03375314474105835,0.03615083545446396,0.0370842844247818,0.0014191131368680326,0.9949635911146976,1.0122051025804397,Toys,0.5167109429164144,0.4799063998282103,-0.36106789711472465,-0.3542820734098735,0.18333705931486105,0.18675385981409162,0.3415493135773592,0.33396160606649195,0.7851077952025506,0.9999997492068302,2.507931697870447e-07,0.7851077952025506,0.0,1.024057329460244,0.7831605792045593,0.7855215668678284,0.7864504814147949,0.0013949405108279946,1.0,1.0,2,visual,0.016914133199763547,-0.016914133199763547,0.02206199222645094,-0.016950709000229835,-0.01692040078341961,-0.016866127401590346,3.129089492210092e-05,-0.09732052488218132,-0.0021830653667406063,0.00036627073320897886,-0.00036627073320897886,0.0004777461530778262,-0.0005109454737976194,-0.0003920573799405247,-0.00017555717495270064,0.00012276029279831982,-0.1138845080382416,-0.01002228800686901,43,0.7666639089584351,0.7666639089584351,0.7666639089584351,0.7666639089584351,0.7666639089584351,0.7666639089584351,0.0,1.9458590287490667e-06,0
0.0249711233814699,0.0249711233814699,0.5269865366490551,0.02332434430718422,0.025280393660068512,0.026078272238373758,0.001077951544235998,0.7185328832140303,0.5123075199982784,Toys,0.5167109429164144,0.4799063998282103,-0.36106789711472465,-0.3542820734098735,0.18333705931486105,0.18675385981409162,0.3415493135773592,0.33396160606649195,0.058778933439458676,0.9999999991240727,8.759273306679916e-10,0.058778933439458676,0.0,1.2404610752983396,0.05668407902121544,0.05901144817471504,0.060536915063858034,0.0015118724609927859,1.0,1.0,3,visual,0.016771154404298556,-0.016771154404298556,0.35393572167787646,-0.01681073121726513,-0.016777683049440384,-0.01671956665813923,3.3835268435242076e-05,-0.3428384595277018,-0.00767262557347423,0.003194218119718741,0.003194218119718741,0.06741026098414761,0.0015310203190892935,0.003419101471081376,0.004455914907157421,0.0010705828126604605,0.699552478402395,0.4953651046992685,43,0.04738474637269974,0.04738474637269974,0.04738474637269974,0.04738474637269974,0.04738474637269974,0.04738474637269974,0.0,2.2857583383083827e-06,0
0.010677851998312685,0.010677851998312685,0.07200773735199954,0.008320833370089532,0.01098296232521534,0.012562155351042749,0.0016564595044914032,0.5381310608293308,0.48238769959095196,Toys,-0.7490176586162711,-0.751520142611912,0.3019877486795724,0.16512033712572066,0.12634310011498212,0.12211594307207327,0.302252656879619,0.15381057950765048,0.24017063762923316,0.9999999889579558,1.1042044167908216e-08,0.24017063762923316,0.0,1.6196276364198439,0.2377108484506607,0.2402707189321518,0.24251398742198943,0.0018478752902046556,1.0,1.0,0,text,0.07727357481205109,0.07727357481205109,0.5211062374900433,0.07703367620706558,0.0771903395652771,0.07766101509332657,0.0002366080125180292,-0.0034793765533993877,-0.00044551078498943796,0.0039316463944709555,0.0039316463944709555,0.026513662202729302,0.0017268110532313585,0.004041893873363733,0.005995676200836898,0.001565555099692203,0.6114803675621905,0.5180578001519933,44,0.1482875645160675,0.1482875645160675,0.1482875645160675,0.1482875645160675,0.1482875645160675,0.1482875645160675,0.0,3.41464308814894e-06,0
0.024041168186629082,-0.024041168186629082,0.27749149078849705,-0.0280424527823925,-0.024632733315229416,-0.019153909012675278,0.0034894417732783483,0.8047116198062578,0.8388929290882076,Toys,-0.7490176586162711,-0.751520142611912,0.3019877486795724,0.16512033712572066,0.12634310011498212,0.12211594307207327,0.302252656879619,0.15381057950765048,0.03154253921457811,0.9999999922541526,7.745847407925055e-09,0.03154253921457811,0.0,0.3640749135799451,0.027400848269462586,0.03128618374466896,0.036112600564956666,0.0033472619022387627,1.0,1.0,1,text,0.025775512772306032,-0.025775512772306032,0.2975098967529842,-0.02590426094830036,-0.02574794739484787,-0.025695639848709106,7.848803567921024e-05,-0.27920337541286255,-0.006546880743482839,0.005278276812064175,-0.005278276812064175,0.060923699297967114,-0.008049258589744568,-0.005426284857094288,-0.0023182621225714684,0.0021017742563589517,0.26700377431602756,0.16765394390942787,44,0.08663749694824219,0.08663749694824219,0.08663749694824219,0.08663749694824219,0.08663749694824219,0.08663749694824219,0.0,1.1204162242179059e-05,0
0.011467804997465473,-0.011467804997465473,0.015536446780257108,-0.013466571271419526,-0.011479275301098824,-0.00948496889322996,0.0015361017216038058,0.9424325336224383,0.9593765582259087,Toys,-0.7490176586162711,-0.751520142611912,0.3019877486795724,0.16512033712572066,0.12634310011498212,0.12211594307207327,0.302252656879619,0.15381057950765048,0.6998525751561582,1.000000007538284,7.538283997021722e-09,0.6998525751561582,0.0,0.9481520038353161,0.6979077100753784,0.6998475193977356,0.7017885208129883,0.0015089718682202513,1.0,1.0,2,text,0.02561529698779644,-0.02561529698779644,0.03470330185238902,-0.02575024850666523,-0.0255863256752491,-0.025531876459717752,8.228830610697418e-05,-0.1646170796124476,-0.008977013371072352,0.001187084213301032,-0.001187084213301032,0.001608247673178172,-0.0018102779285982251,-0.0012203712249174714,-0.0005213770200498402,0.00047268893416349994,0.15834028984089182,0.049600462683447616,44,0.7381227612495422,0.7381227612495422,0.7381227612495422,0.7381227612495422,0.7381227612495422,0.7381227612495422,0.0,2.2769960990801157e-06,0
0.00988105304782666,-0.00988105304782666,0.4468731900654008,-0.01096242107450962,-0.010035663843154907,-0.008603084087371825,0.0009815040074928646,0.7869317980990633,0.5029416968702357,Toys,-0.7490176586162711,-0.751520142611912,0.3019877486795724,0.16512033712572066,0.12634310011498212,0.12211594307207327,0.302252656879619,0.15381057950765048,0.011118566895236347,0.9999999985124141,1.4875859433161054e-09,-0.011118566895236347,1.0,0.5028400751803137,-0.01295000296086073,-0.011254222132265568,-0.009122474119067192,0.0015357181921169635,1.0,1.0,3,text,0.02588276498912541,-0.02588276498912541,1.1705547680414037,-0.026006994768977165,-0.025856420397758484,-0.02580517455935478,7.625552536989403e-05,-0.4306258650977954,-0.021382569894305543,0.0025337142050953095,0.0025337142050953095,0.11458788289715746,0.0011128279147669673,0.002604762092232704,0.0038638597354292872,0.0010089079224091823,0.7891493963634929,0.5184408715364839,44,0.02211153693497181,0.02211153693497181,0.02211153693497181,0.02211153693497181,0.02211153693497181,0.02211153693497181,0.0,2.358430365598995e-06,0
0.031234208975319384,-0.031234208975319384,0.2827766176229545,-0.031676259636878965,-0.03133046627044678,-0.03067239187657833,0.0004312848009461092,0.054862301497418234,0.023086268851106945,Toys,0.18708039781708174,0.1574707335003771,-0.02622337023481771,-0.017889214800268262,0.24432666656691787,0.2699771427419233,0.0057307925231642,-0.007396376610648564,0.13437427746037062,0.9999999813335457,1.8666454271176747e-08,0.13437427746037062,0.0,1.216547654714008,0.1328771412372589,0.13458192348480225,0.1355043828487396,0.0010249069233907383,1.0,1.0,0,visual,0.05214200039511431,0.05214200039511431,0.47206377211204564,0.05198832750320435,0.052164532244205475,0.05225686356425285,9.95071916820989e-05,0.31083292534539564,0.03017845891910317,0.0030110698760671584,0.0030110698760671584,0.027260500038705823,0.001486722892150283,0.0031954962760210037,0.00424698693677783,0.0010485617942780578,0.9253775230893451,0.9467352535633357,44,0.11045541614294052,0.11045541614294052,0.11045541614294052,0.11045541614294052,0.11045541614294052,0.11045541614294052,0.0,1.050434201614269e-06,0
0.024039643937976113,-0.024039643937976113,0.250240960878166,-0.02688959166407585,-0.02427041530609131,-0.02082649543881416,0.0023422439150760977,0.8676862254249303,0.7506648987631855,Toys,0.18708039781708174,0.1574707335003771,-0.02622337023481771,-0.017889214800268262,0.24432666656691787,0.2699771427419233,0.0057307925231642,-0.007396376610648564,0.050729174100674415,1.0000000099930124,9.993012417552904e-09,0.050729174100674415,0.0,0.5280659440822518,0.047458086907863614,0.05044182389974594,0.054469825327396394,0.0027073768668888247,1.0,1.0,1,visual,0.017468812520336517,-0.017468812520336517,0.18184181270604852,-0.01750578507781029,-0.017475822940468788,-0.017419904470443726,3.196938361844328e-05,0.14952072334171224,0.0017655781217157788,0.0038283526080103636,-0.0038283526080103636,0.039851282227002925,-0.005399729590862989,-0.004062836989760399,-0.0018902581650763748,0.0013331687553567767,0.5027600775897227,0.2475695331081111,44,0.09606598317623138,0.09606598317623138,0.09606598317623138,0.09606598317623138,0.09606598317623138,0.09606598317623138,0.0,7.3298894993647485e-06,0
0.04046028842868279,0.04046028842868279,0.052260306183571664,0.0389370933175087,0.04079868644475937,0.04145096763968468,0.0010461681512301672,0.8160212127199722,0.7614248370686132,Toys,0.18708039781708174,0.1574707335003771,-0.02622337023481771,-0.017889214800268262,0.24432666656691787,0.2699771427419233,0.0057307925231642,-0.007396376610648564,0.7953536973191967,1.0000000020083513,2.0083512630719724e-09,0.7953536973191967,0.0,1.027314172992172,0.7938226938247681,0.795477032661438,0.7967024683952332,0.0011211814507686264,1.0,1.0,2,visual,0.01745118654609144,-0.01745118654609144,0.02254072789849007,-0.017488161101937294,-0.017458468675613403,-0.0174016110599041,3.203934137629582e-05,0.12087690256941598,0.003454227987161006,0.0018622812544640999,-0.0018622812544640999,0.0024054052093515493,-0.0026266691274940968,-0.0019763449672609568,-0.0009195057791657745,0.0006485126730433544,0.40648894640944955,0.23512093695257702,44,0.7742068767547607,0.7742068767547607,0.7742068767547607,0.7742068767547607,0.7742068767547607,0.7742068767547607,0.0,1.2570478455476415e-06,0
0.030486200756084433,0.030486200756084433,0.5923145533362206,0.029182548820972442,0.03079448640346527,0.03129774481058121,0.0008926682163933438,0.7463784958833128,0.4864472024968383,Toys,0.18708039781708174,0.1574707335003771,-0.02622337023481771,-0.017889214800268262,0.24432666656691787,0.2699771427419233,0.0057307925231642,-0.007396376610648564,0.06741337678511093,0.9999999885251365,1.1474863503835309e-08,0.06741337678511093,0.0,1.3097704262604817,0.06556437760591508,0.06764508038759232,0.06896529197692872,0.001369662231080122,1.0,1.0,3,visual,0.01722200131419561,-0.01722200131419561,0.33460522344483,-0.01726318821310997,-0.017230015248060226,-0.017166754230856895,3.581769781184389e-05,-0.2599121152285582,-0.00679689735881245,0.002679564510545564,0.002679564510545564,0.05206109704839564,0.0013230413431301713,0.002843686379492283,0.0037794127129018307,0.000933119817222139,0.7637854165518789,0.5203496833871106,44,0.05146961286664009,0.05146961286664009,0.05146961286664009,0.05146961286664009,0.05146961286664009,0.05146961286664009,0.0,1.875974627247378e-06,0
0.04260182490292402,0.04260182490292402,0.25871778197349665,0.03491162173449993,0.04459540359675884,0.04768472984433174,0.0059129750977879435,0.9668211355704859,0.9708751063468676,Grocery,-0.15908526787809849,-0.19028184163926928,-0.06422071885995889,-0.06036625996642898,0.24921904135480563,0.2484206293830102,0.2997446312583187,0.29061351133986685,0.2994251062429606,1.0000000151199198,1.5119919760664402e-08,0.2994251062429606,0.0,1.8183868773433776,0.2919898688793182,0.3010658174753189,0.3048952341079712,0.0058882849722597455,0.9999999999999999,1.0,0,text,0.08723144606323087,0.08723144606323087,0.5297502230302533,0.08716749623417855,0.08723137155175209,0.08729593232274055,4.860593608547399e-05,-0.44918375031218255,-0.003707870247646765,0.004926598129499057,0.004926598129499057,0.02991887187093927,0.00282822297886014,0.005169459152966738,0.006713709747418761,0.0015165321687320072,0.12748081662306646,0.03283277902069887,42,0.16466523706912994,0.16466523706912994,0.16466523706912994,0.16466523706912994,0.16466523706912994,0.16466523706912994,0.0,3.467189991453995e-05,0
0.009840331339618024,-0.00951180263005478,0.0734382139584961,-0.015862413309514524,-0.01052406057715416,-0.0014595951768569617,0.005464636565400745,0.9840704696417415,0.9714576148317592,Grocery,-0.15908526787809849,-0.19028184163926928,-0.06422071885995889,-0.06036625996642898,0.24921904135480563,0.2484206293830102,0.2997446312583187,0.29061351133986685,0.09260392383603241,1.0000000033017944,3.3017943934510185e-09,0.09260392383603241,0.0,0.6911014006903157,0.08615593686699867,0.09157045930624008,0.1006903424859047,0.00553558630786651,0.9999999999999999,1.0,1,text,0.02868535176039098,-0.02868535176039098,0.21407825888676718,-0.028719238378107546,-0.02868575882166624,-0.02865052204579115,2.709926357447597e-05,-0.3853163611296377,-0.0018863023804671605,0.0031936203013182758,-0.0031936203013182758,0.023833930270839066,-0.004352098423987627,-0.0033510526409372687,-0.0018333686282858252,0.0009830775299124023,0.17134014288105326,0.030428690850502357,42,0.1339946985244751,0.1339946985244751,0.1339946985244751,0.1339946985244751,0.1339946985244751,0.1339946985244751,0.0,3.064271577183918e-05,0
0.04588145589104903,-0.04588145589104903,0.0644436338874837,-0.049150034040212634,-0.04681737534701824,-0.04117594808340073,0.003273309228546139,0.9516912335375391,0.9025310974266255,Grocery,-0.15908526787809849,-0.19028184163926928,-0.06422071885995889,-0.06036625996642898,0.24921904135480563,0.2484206293830102,0.2997446312583187,0.29061351133986685,0.6338736403738292,0.9999999284807364,7.151926362247707e-08,0.6338736403738292,0.0,0.8903187577172496,0.6302497148513794,0.6330243349075317,0.6387420713901519,0.0034516037246219607,1.0,1.0,2,text,0.02876819530496507,-0.02876819530496507,0.04040689227994784,-0.02879217769950628,-0.02876874152570963,-0.0287441436201334,1.8751442156327692e-05,-0.1868761038738915,-0.001015237185889571,0.0034392892711229968,-0.0034392892711229968,0.004830716338812619,-0.004686883045360446,-0.003608832019381225,-0.001974400389008224,0.0010587006857041912,0.3210803405940999,0.09848406824000047,42,0.7119625806808472,0.7119625806808472,0.7119625806808472,0.7119625806808472,0.7119625806808472,0.7119625806808472,0.0,1.191356827182419e-05,0
0.06105731069540704,-0.06105731069540704,2.6656980297499855,-0.06606394499540329,-0.06261851638555527,-0.0538023866713047,0.00512503148907618,0.9947615922809877,0.9950806487759367,Grocery,-0.15908526787809849,-0.19028184163926928,-0.06422071885995889,-0.06036625996642898,0.24921904135480563,0.2484206293830102,0.2997446312583187,0.29061351133986685,0.11203371076908451,0.9999999135749761,8.642502391520424e-08,-0.11203371076908451,1.0,4.891274094146988,-0.11701964884996414,-0.11358072608709335,-0.10474940910935401,0.005123388230727803,1.0,1.0,3,text,0.029777899039002687,-0.029777899039002687,1.3000717832849886,-0.029800450429320335,-0.029778648167848587,-0.029755009897053243,1.7742318669264222e-05,0.06792393753793663,0.00023522093013397807,0.0017063116525007193,0.0017063116525007193,0.07449577386238804,0.0009795461082831025,0.0017904258565977216,0.002325272187590599,0.0005252461118304208,0.04568939148646336,0.0046840438689054326,42,-0.022904811426997185,0.022904811426997185,0.022904811426997185,0.022904811426997185,0.022904811426997185,0.022904811426997185,0.0,2.6249106962760164e-05,0
0.012129462682175535,-0.012126364969115422,0.10319347456875458,-0.014203980471938849,-0.013015367556363344,-0.008761801384389398,0.002438379504229946,0.985404988486098,1.1114953708995132,Grocery,0.18703187414710945,0.13864107850523985,-0.308581976505666,-0.21973441804179955,0.2397479204459226,0.2763303026861746,0.29893786810364803,0.19515309106393186,0.16128032572486298,1.0000000089058907,8.905890691579543e-09,0.16128032572486298,0.0,1.3721199056563655,0.15945566594600677,0.16058814525604248,0.16415562331676484,0.00216176458328019,0.9999999999999998,1.0,0,visual,0.05497796969946234,0.05497796969946234,0.4677344633213096,0.05473055057227612,0.05503261275589466,0.0551382340490818,0.0001547770078301219,-0.6243097859598578,-0.044699039561148374,0.0008877357517190138,0.0008877357517190138,0.007552563466262251,0.00037708120944444093,0.0009013321832753718,0.001374343247152865,0.00036843921802077724,-0.39191789870681937,-0.06679632243247417,42,0.11754098534584045,0.11754098534584045,0.11754098534584045,0.11754098534584045,0.11754098534584045,0.11754098534584045,0.0,4.673226113524572e-06,0
0.002483807014529095,-0.0009841590481261537,0.018348298587855638,-0.00445162933319807,-0.0012442097067832947,0.0029840441886335614,0.0028162490486951675,0.9750967197080914,0.9116481015183568,Grocery,0.18703187414710945,0.13864107850523985,-0.308581976505666,-0.21973441804179955,0.2397479204459226,0.2763303026861746,0.29893786810364803,0.19515309106393186,0.11777395747459729,1.0000000064536554,6.453655387872459e-09,0.11777395747459729,0.0,0.8700159573496568,0.11393406540155411,0.11758552491664886,0.12192789688706399,0.0030122535270901292,1.0,1.0,1,visual,0.018323146338288004,-0.018323146338288004,0.13535615211539367,-0.018377111293375492,-0.018341326154768467,-0.01824046839028597,5.2155753392319306e-05,-0.6050831917506945,-0.010476730941459836,0.0017113808286502667,0.0017113808286502667,0.012642256929755956,0.0007269388064742088,0.0017375921015627682,0.0026494648307561876,0.0007102787208474786,0.4191268839394063,0.09882863587675828,42,0.13536988198757172,0.13536988198757172,0.13536988198757172,0.13536988198757172,0.13536988198757172,0.13536988198757172,0.0,9.073671311466923e-06,0
0.033556184886226095,0.033556184886226095,0.04362032207942667,0.03171786107122898,0.033970072865486145,0.03480363003909588,0.0012999902709658752,0.6410970673178744,0.3703308937879374,Grocery,0.18703187414710945,0.13864107850523985,-0.308581976505666,-0.21973441804179955,0.2397479204459226,0.2763303026861746,0.29893786810364803,0.19515309106393186,0.780416498760771,1.000000086963245,8.696324504953168e-08,0.780416498760771,0.0,1.0144782294967223,0.777525681257248,0.780571460723877,0.7831831812858582,0.0022504737364288955,1.0,1.0,2,visual,0.018320707566543054,-0.018320707566543054,0.023815435738155942,-0.018374186754226685,-0.018338835798203945,-0.018238328956067563,5.1606529443311255e-05,0.5168739201384485,0.011852646287901844,0.004097684002527289,-0.004097684002527289,0.0053266572638096124,-0.006343807326629758,-0.004160443553701043,-0.0017405625898391007,0.0017006721736383494,0.8175472817472963,0.6178165468874057,42,0.7692787051200867,0.7692787051200867,0.7692787051200867,0.7692787051200867,0.7692787051200867,0.7692787051200867,0.0,5.064632038356234e-06,0
0.01275051577265224,0.01275051577265224,0.3264156941256528,0.01162912780418992,0.012978100217878819,0.013515601120889186,0.0007535804705731283,0.7725250608398431,0.6256288672301384,Grocery,0.18703187414710945,0.13864107850523985,-0.308581976505666,-0.21973441804179955,0.2397479204459226,0.2763303026861746,0.29893786810364803,0.19515309106393186,0.034977169185191746,1.0000000197091705,1.9709170517856478e-08,0.034977169185191746,0.0,0.8954223626484626,0.033652329817414284,0.035093847662210464,0.036116857454180716,0.0009305194011501317,0.9999999999999999,1.0,3,visual,0.018334115774776446,-0.018334115774776446,0.46935694473156886,-0.018387206085026263,-0.018352307379245758,-0.018252637796103956,5.117226443175312e-05,-0.34015773930446247,-0.01870637169163857,0.0014985672098939916,0.0014985672098939916,0.03836361326344531,0.000636542506981641,0.0015215190360322595,0.0023199987364932897,0.0006219541461221326,0.5880920075497713,0.3930775241706707,42,0.03906220197677612,0.03906220197677612,0.03906220197677612,0.03906220197677612,0.03906220197677612,0.03906220197677612,0.0,8.658663559167996e-07,0
0.046612522150454215,0.046612522150454215,0.2796067028872685,0.03566955402493477,0.04918678104877472,0.0535885788500309,0.007694321838222292,0.9971147385852873,1.0674029396256233,Grocery,-0.10595859558511533,-0.13512035294779787,-0.1905844498655401,-0.11687771267235188,0.3687717231408143,0.36044441213484524,-0.22820684389958096,-0.1721333150752758,0.3035171602252525,0.9999999981305687,1.869431276446676e-09,0.3035171602252525,0.0,1.820657379713633,0.2934995025396347,0.30592741072177887,0.30993731021881105,0.007187652781807947,0.9999999999999999,1.0,0,text,0.08874127902051276,0.08874127902051276,0.5323173965321016,0.0883163757622242,0.08854765072464943,0.08947385773062706,0.00043993011583466114,-0.8225290115863306,-0.05034401275760076,0.0014559027905448965,0.0014559027905448965,0.008733279389488372,0.0007901763136032968,0.0015391187625937164,0.0019937356701120734,0.00046978657482491616,-0.2609986388821778,-0.017058928737453825,43,0.16670745611190796,0.16670745611190796,0.16670745611190796,0.16670745611190796,0.16670745611190796,0.16670745611190796,0.0,5.166235251183151e-05,0
0.007485545185987284,0.0053667353389079304,0.051563242516868134,-0.004534524772316217,0.0044098407961428165,0.01673955824226141,0.007934740316635483,0.9916946469558204,0.9952098615030095,Grocery,-0.10595859558511533,-0.13512035294779787,-0.1905844498655401,-0.11687771267235188,0.3687717231408143,0.36044441213484524,-0.22820684389958096,-0.1721333150752758,0.11846877997585101,1.0000000051004816,5.100481592634765e-09,0.11846877997585101,0.0,0.8160573853735432,0.10849788784980774,0.11765052750706673,0.12965807914733887,0.007906713750914882,1.0,1.0,1,text,0.02913881789579162,-0.02913881789579162,0.20071910548722358,-0.029408652894198896,-0.02907129842787981,-0.028972303867340087,0.0001653470487128491,-0.15596147313263625,-0.00326150283262826,0.0029312566248570937,-0.0029312566248570937,0.020191594930135715,-0.004014108097180724,-0.0030988003127276897,-0.0015909095178358256,0.0009458495559032631,0.06730675417570353,0.008051646430100368,43,0.145172119140625,0.145172119140625,0.145172119140625,0.145172119140625,0.145172119140625,0.145172119140625,0.0,6.251612233890648e-05,0
0.05307942176181193,-0.05307942176181193,0.07503862413870292,-0.05832553468644619,-0.05471722036600113,-0.04541288614273071,0.0054850312174948715,0.9920635942519229,1.020104686665637,Grocery,-0.10595859558511533,-0.13512035294779787,-0.1905844498655401,-0.11687771267235188,0.3687717231408143,0.36044441213484524,-0.22820684389958096,-0.1721333150752758,0.6231888576973738,0.9999999354760472,6.45239528473951e-08,0.6231888576973738,0.0,0.8810049715693159,0.6180824756622314,0.6215932071208954,0.630685442686081,0.005334256234032518,0.9999999999999999,1.0,2,text,0.02917619640012197,-0.02917619640012197,0.041246523846664336,-0.02944587878882885,-0.02910516131669283,-0.029019361920654775,0.00016275311603961882,-0.38373609998169705,-0.011708145103801783,0.001916864110003915,-0.001916864110003915,0.002709879661481884,-0.0026249830843880773,-0.002026427653618157,-0.0010403583059087397,0.0006185282630627175,-0.0724132606908685,-0.008396606085788115,43,0.7073613405227661,0.7073613405227661,0.7073613405227661,0.7073613405227661,0.7073613405227661,0.7073613405227661,0.0,2.845428957031478e-05,0
0.06009741529573182,-0.06009741529573182,4.111665817491109,-0.06984376683831214,-0.06223355047404766,-0.046907075494527814,0.009120493450068152,0.9938203044961088,0.9682966766012059,Grocery,-0.10595859558511533,-0.13512035294779787,-0.1905844498655401,-0.11687771267235188,0.3687717231408143,0.36044441213484524,-0.22820684389958096,-0.1721333150752758,0.10174778005317912,0.9999999982861079,1.7138921393211604e-09,-0.10174778005317912,1.0,6.961245624152027,-0.11179878488183022,-0.10388356819748878,-0.08831986561417579,0.009360903323057224,1.0,1.0,3,text,0.030426264652816316,-0.030426264652816316,2.0816641067058956,-0.030615580454468726,-0.0303774643689394,-0.03031160980463028,0.0001152290552279003,-0.4153753227767946,-0.005113107609033853,0.0033922179439940347,0.0033922179439940347,0.23208430008454653,0.001841091550886631,0.0035861091455444694,0.004645355278626084,0.0010945912454605829,0.31485272401908254,0.03681642929393577,43,-0.014616318047046661,0.014616318047046661,0.014616318047046661,0.014616318047046661,0.014616318047046661,0.014616318047046661,0.0,8.762651102362377e-05,0
0.021469459054326193,-0.021464623081783617,0.18700308844092867,-0.0253010343760252,-0.022832774557173252,-0.015448356885462998,0.004357060009785717,0.9059240803334547,0.9872845637734559,Grocery,-0.07692760867727885,-0.08047247902412649,-0.34981929583409827,-0.3368718931770866,0.12661453255619712,0.1468046411549093,-0.3460398306203546,-0.33361530934860006,0.15506888350719059,1.000000004939679,4.939679110194106e-09,0.15506888350719059,0.0,1.3506795892506627,0.15164414942264556,0.15399817377328873,0.16006389856338502,0.00399800192078008,1.0,1.0,0,visual,0.053951078458583664,0.053951078458583664,0.4699241965503094,0.05376533791422844,0.05394282750785351,0.05414974465966225,0.00014656667166805594,-0.40537819454220336,-0.014861156627274335,0.0077743828530091605,0.0077743828530091605,0.06771635934357448,0.005067475000396371,0.008458114694803953,0.009324413631111384,0.001801912475116202,0.06118570822363262,0.02757659779349771,43,0.11480804532766342,0.11480804532766342,0.11480804532766342,0.11480804532766342,0.11480804532766342,0.11480804532766342,0.0,1.5984019358561207e-05,0
0.002223505930816892,-0.0006122232465759774,0.015763408108752444,-0.004273780202493071,-0.000412293360568583,0.0027762447716668257,0.0027876419795282315,0.9721115831328612,0.9240085457045121,Grocery,-0.07692760867727885,-0.08047247902412649,-0.34981929583409827,-0.3368718931770866,0.12661453255619712,0.1468046411549093,-0.3460398306203546,-0.33361530934860006,0.11954277223858646,0.9999999860266487,1.397335125385979e-08,0.11954277223858646,0.0,0.8474911081330787,0.11573551669716835,0.1196558065712452,0.12321006283164024,0.0029327640642767476,1.0,1.0,1,visual,0.01798281394978541,-0.01798281394978541,0.1274880499779418,-0.018049198016524316,-0.017980355769395828,-0.017920774035155775,4.910566177832192e-05,-0.01900404261067445,-0.00031820019217629634,0.002917089119368759,-0.002917089119368759,0.02068052333070111,-0.003498688619583845,-0.003173637669533491,-0.0019014083081856366,0.0006761101655603371,0.33100844042594413,0.07630964051431298,43,0.1410548985004425,0.1410548985004425,0.1410548985004425,0.1410548985004425,0.1410548985004425,0.1410548985004425,0.0,8.601105056713067e-06,0
0.022986572860268083,0.022986572860268083,0.030104357522805027,0.02153362799435854,0.023275324143469334,0.024028925597667693,0.001032500477958368,0.7761456228946365,0.5876028290228642,Grocery,-0.07692760867727885,-0.08047247902412649,-0.34981929583409827,-0.3368718931770866,0.12661453255619712,0.1468046411549093,-0.3460398306203546,-0.33361530934860006,0.7649066543759235,1.000000159532882,1.5953288201586702e-07,0.7649066543759235,0.0,1.0017597462172054,0.7631361842155456,0.7650347650051117,0.7665152847766876,0.0013637965765696228,1.0,1.0,2,visual,0.01799130149605009,-0.01799130149605009,0.02356230203737088,-0.01805730685591698,-0.017988424748182297,-0.017929848842322828,4.864213979600891e-05,0.24415376597888674,0.008708162067937822,0.0036515944970527503,-0.0036515944970527503,0.00478230952199028,-0.004379637166857719,-0.0039727401454001665,-0.002380171394906938,0.0008463506116947013,0.6504986211531715,0.40368916844208,43,0.7635629773139954,0.7635629773139954,0.7635629773139954,0.7635629773139954,0.7635629773139954,0.7635629773139954,0.0,1.859941102263023e-06,0
0.013238608101517035,0.013238608101517035,0.3543238344219229,0.011814693640917539,0.01354887243360281,0.014158777240663768,0.0009379656690288852,0.9533795202851998,0.9120795342741554,Grocery,-0.07692760867727885,-0.08047247902412649,-0.34981929583409827,-0.3368718931770866,0.12661453255619712,0.1468046411549093,-0.3460398306203546,-0.33361530934860006,0.03141896501471514,1.0000000301970955,3.0197095490791526e-08,0.03141896501471514,0.0,0.8409107719040663,0.029949758388102054,0.031711380928754807,0.03239580355584622,0.000980437808304065,1.0,1.0,3,visual,0.017976962954274586,-0.017976962954274586,0.48114321357465967,-0.018043104000389575,-0.01797408703714609,-0.017915341816842557,4.8895768682380306e-05,0.12881318598043134,0.0064240890055376814,0.0012056989631663453,-0.0012056989631663453,0.032269848651134386,-0.0014460872276686131,-0.0013117362395860255,-0.0007858950702939181,0.0002794516353486516,0.2859248201681343,0.0814964069174024,43,0.037363018840551376,0.037363018840551376,0.037363018840551376,0.037363018840551376,0.037363018840551376,0.037363018840551376,0.0,9.612582959520784e-07,0
0.02943345261304607,0.02943345261304607,0.17547777487797392,0.02736213617026806,0.02977749239653349,0.0309616569429636,0.0014714959052080328,0.5796594468257665,0.2769853716223912,Grocery,-0.3313744744233655,-0.3823288818555977,0.20189177050587234,0.2361854287121189,0.4156782982814289,0.4293594311145474,-0.12133533633741793,-0.17030034141529518,0.2954463428044551,0.9999999896764404,1.0323559562763762e-08,0.2954463428044551,0.0,1.7614062309557748,0.2909962564706802,0.2961896061897278,0.29878770709037783,0.003079464079359763,0.9999999999999999,1.0,0,text,0.08879240413786685,0.08879240413786685,0.5293668299475176,0.08873501867055893,0.08879003301262856,0.08885267674922943,4.799282754156615e-05,-0.02473071544644864,-0.00038542322001941276,0.009487263914144319,0.009487263914144319,0.05656162677280461,0.0057024321984499695,0.010351127479225397,0.011841332260519265,0.0025281436349619962,0.8811542237173369,0.7234000412740687,44,0.16773322224617004,0.16773322224617004,0.16773322224617004,0.16773322224617004,0.16773322224617004,0.16773322224617004,0.0,9.483099016067075e-06,0
0.010926592230451644,-0.010926592230451644,0.08316592224642044,-0.012020276207476855,-0.01117008738219738,-0.00947755966335535,0.0010255308640724785,0.7133374540189288,0.5874658421347706,Grocery,-0.3313744744233655,-0.3823288818555977,0.20189177050587234,0.2361854287121189,0.4156782982814289,0.4293594311145474,-0.12133533633741793,-0.17030034141529518,0.08785218908410587,0.9999999989676938,1.0323062404893335e-09,0.08785218908410587,0.0,0.6686721873068904,0.08641988858580589,0.08763566240668297,0.08958992809057235,0.001245263167875331,1.0,1.0,1,text,0.029286146813040738,-0.029286146813040738,0.22290658948200953,-0.029319887422025202,-0.029286732897162437,-0.029250751435756683,2.7638469248354426e-05,-0.42767418765634124,-0.009492178190753429,0.0033181183824257626,-0.0033181183824257626,0.02525530097372664,-0.004141440941020846,-0.003620249917730689,-0.0019943943480029702,0.0008842043339990846,0.5943579223385069,0.42202633502367665,44,0.1313830465078354,0.1313830465078354,0.1313830465078354,0.1313830465078354,0.1313830465078354,0.1313830465078354,0.0,1.5506803572669048e-06,0
0.03599419455621398,-0.03599419455621398,0.049917750011389796,-0.03964402936398983,-0.03660601191222668,-0.03140500597655773,0.0032075213938278346,0.9482415467198234,0.8849205248649481,Grocery,-0.3313744744233655,-0.3823288818555977,0.20189177050587234,0.2361854287121189,0.4156782982814289,0.4293594311145474,-0.12133533633741793,-0.17030034141529518,0.6517421960781815,0.9999999948704003,5.129599744968516e-09,0.6517421960781815,0.0,0.9038542025130084,0.6477922260761261,0.6511092483997345,0.656689727306366,0.003437037521628745,1.0,1.0,2,text,0.029234680161796464,-0.029234680161796464,0.0405434674666878,-0.029257740639150143,-0.029234619811177254,-0.029212012887001038,1.909290577225006e-05,-0.11491080219576853,-0.0006383349337128532,0.004098980573328867,-0.004098980573328867,0.005684580252002048,-0.005116057908162474,-0.004472213331609964,-0.002463740762323141,0.0010922866427065514,0.3641227695606617,0.11571780493916502,44,0.7210700511932373,0.7210700511932373,0.7210700511932373,0.7210700511932373,0.7210700511932373,0.7210700511932373,0.0,1.1813226925083866e-05,0
0.06179565632373489,-0.06179565632373489,4.570671245432021,-0.06844348460435867,-0.06358245760202408,-0.05258691757917404,0.006513156853193536,0.9964660472583663,0.9875144034435435,Grocery,-0.3313744744233655,-0.3823288818555977,0.20189177050587234,0.2361854287121189,0.4156782982814289,0.4293594311145474,-0.12133533633741793,-0.17030034141529518,0.10765743790953894,0.9999999978253118,2.1746882072903873e-09,-0.10765743790953894,1.0,7.962804913539151,-0.11442584544420242,-0.10942905396223068,-0.09837676808238029,0.006572197470785086,1.0,1.0,3,text,0.030271577200993827,-0.030271577200993827,2.2390154211100315,-0.030294101126492022,-0.030271591618657112,-0.030249415524303915,1.8255219228109892e-05,0.19062904387802496,0.0005294994562636935,0.0020701647963224184,-0.0020701647963224184,0.15311824925504142,-0.002583833341486752,-0.0022586637642234564,-0.0012442970182746649,0.0005516526155456559,0.14244075821546615,0.011956094925504687,44,-0.01352003961801529,0.01352003961801529,0.01352003961801529,0.01352003961801529,0.01352003961801529,0.01352003961801529,0.0,4.3193779594993885e-05,0
0.01844715428976845,-0.01844523842082137,0.1579226993304552,-0.020971700362861157,-0.01949870679527521,-0.014320239052176475,0.003291339339924515,0.9720837471224372,1.0755343273512208,Grocery,0.11398076578330456,0.012251311620601028,-0.4505634275208852,-0.30771011537587134,0.025461678765650808,0.06627330285316607,-0.45078434207341467,-0.30543908859010843,0.15327263856933954,0.9999999806594676,1.934053239782685e-08,0.15327263856933954,0.0,1.3121389042534628,0.1509303480386734,0.15243373066186905,0.15670218765735627,0.002974760913940142,1.0,1.0,0,visual,0.053291100072858276,0.053291100072858276,0.45621531872062165,0.053068682923913,0.05334106460213661,0.05342988818883896,0.00013626392564453297,-0.5608114455558174,-0.025688911253241874,0.0016154865375471936,0.0016154865375471936,0.01382988350040335,0.0006100054713897408,0.0016917889006435871,0.0025172099471092225,0.0007116895673486681,-0.2083468128290918,-0.04984543543851132,44,0.11681129038333893,0.11681129038333893,0.11681129038333893,0.11681129038333893,0.11681129038333893,0.11681129038333893,0.0,8.849202495105988e-06,0
0.012782315960638935,0.012781385912305496,0.08498867784904474,0.007589293969795108,0.012659862637519836,0.01810462325811386,0.004079377194710958,0.9950115904328196,0.9762581435868146,Grocery,0.11398076578330456,0.012251311620601028,-0.4505634275208852,-0.30771011537587134,0.025461678765650808,0.06627330285316607,-0.45078434207341467,-0.30543908859010843,0.14642388735713147,1.0000000038703643,3.870364251312708e-09,0.14642388735713147,0.0,0.973561648008114,0.1410870745778084,0.14634934812784195,0.1518107295036316,0.004157740057943776,1.0,1.0,1,visual,0.017770118147171436,-0.017770118147171436,0.11815220740904962,-0.017816609516739846,-0.01778669748455286,-0.01769570428878069,4.5673828867558724e-05,-0.2165710358175749,-0.0023790877471290954,0.0010123981753747948,0.0010123981753747948,0.006731360940133437,0.00038228014600463214,0.0010602155816741288,0.001577493001241237,0.00044600385236446286,0.24350487423564268,0.026120948030678753,44,0.15040022134780884,0.15040022134780884,0.15040022134780884,0.15040022134780884,0.15040022134780884,0.15040022134780884,0.0,1.7286802389430313e-05,0
0.03126409557240324,0.03126409557240324,0.04056074404822431,0.0294852152466774,0.031645968556404114,0.03247705586254597,0.0012530591257864192,0.5804333974753898,0.32404128671383164,Grocery,0.11398076578330456,0.012251311620601028,-0.4505634275208852,-0.30771011537587134,0.025461678765650808,0.06627330285316607,-0.45078434207341467,-0.30543908859010843,0.7801884682023219,0.9999999567126521,4.328734792835576e-08,0.7801884682023219,0.0,1.0121842384611814,0.7772875785827636,0.7802073061466217,0.7830854237079621,0.002244520668935821,1.0,1.0,2,visual,0.017786804150933543,-0.017786804150933543,0.023075863778983845,-0.017832485400140284,-0.017803332768380642,-0.01771345976740122,4.487038143767449e-05,0.5379724684926572,0.010754648062865798,0.004085718110119137,-0.004085718110119137,0.005300641630075414,-0.006366261839866638,-0.004278694046661258,-0.001542761467862874,0.0017999301680702304,0.8295122792987321,0.6652040219359546,44,0.7707968950271606,0.7707968950271606,0.7707968950271606,0.7707968950271606,0.7707968950271606,0.7707968950271606,0.0,5.037873033280106e-06,0
0.026173547625605396,0.026173547625605396,0.6233781014907382,0.024313406459987162,0.026586714200675488,0.027416954562067986,0.0012640809497417487,0.9023191212983229,0.8004952921935531,Grocery,0.11398076578330456,0.012251311620601028,-0.4505634275208852,-0.30771011537587134,0.025461678765650808,0.06627330285316607,-0.45078434207341467,-0.30543908859010843,0.05188383641788583,0.9999999833293175,1.6670682501107592e-08,0.05188383641788583,0.0,1.2357227192463787,0.04986608289182186,0.05216166190803051,0.05351153276860714,0.0014248733539648797,0.9999999999999999,1.0,3,visual,0.01773417773853459,-0.01773417773853459,0.4223767526008543,-0.017780851759016513,-0.01775106694549322,-0.017659297212958336,4.5827255642432746e-05,-0.25406811508665744,-0.008171424097635462,0.0014578334660326642,0.0014578334660326642,0.034721371032486646,0.0005504758679307997,0.0015266895643435419,0.00227155894972384,0.0006422367776701203,0.4607524407501375,0.20767611523339993,44,0.04198663309216499,0.04198663309216499,0.04198663309216499,0.04198663309216499,0.04198663309216499,0.04198663309216499,0.0,2.0302640748391252e-06,0
0.05411745258216879,0.05411745258216879,0.23328243424593062,0.05258920043706894,0.054501522332429886,0.055068887770175934,0.0010573318805640137,0.41695157700043023,0.10609184731977002,ele-fashion,-0.5092119748781164,-0.5041919641397555,0.09702849097099187,0.08072030857439727,-0.01776421874101767,-0.002151734389936334,0.10716383861457907,0.09277886287009897,0.3878154041947801,1.0000000299078637,2.990786374112986e-08,0.3878154041947801,0.0,1.671743905374382,0.38241784274578094,0.38753798604011536,0.3937910795211792,0.004155420102029306,1.0,1.0,0,text,0.09454049979067411,0.09454049979067411,0.4075328174863529,0.09408632293343544,0.09452471509575844,0.09498638287186623,0.000350003128300434,-0.32135791575885164,-0.027067365767609732,0.007174907867164974,0.007174907867164974,0.030928654119503376,0.0019221464754082263,0.006979034980759025,0.012821616604924202,0.003907187459394117,0.979487251862803,0.9209755483557035,42,0.2319825440645218,0.2319825440645218,0.2319825440645218,0.2319825440645218,0.2319825440645218,0.2319825440645218,0.0,1.726751622434925e-05,0
0.018264879978048144,-0.01656882182496811,0.29751720866738485,-0.03898502513766289,-0.01564396172761917,0.0031845183111727238,0.015958246375896833,0.9990571568451193,0.9889888766858694,ele-fashion,-0.5092119748781164,-0.5041919641397555,0.09702849097099187,0.08072030857439727,-0.01776421874101767,-0.002151734389936334,0.10716383861457907,0.09277886287009897,0.016894427621889654,1.000000000357407,3.5740699289021904e-10,0.012258110282375384,0.25683775544166565,0.2751938668164691,-0.010246047284454107,0.013113702647387981,0.032227206975221634,0.016120707349069008,1.0,1.0,1,text,0.031219142194209147,-0.031219142194209147,0.5085295963496311,-0.03137500770390034,-0.03121550753712654,-0.031056592240929604,0.00012449998219718456,-0.5764364211333015,-0.004451809875020732,0.001344929133904121,-0.001344929133904121,0.021907593274935827,-0.0024033988593146205,-0.0013082129880785942,-0.0003603043733164668,0.0007323982889586074,0.3403522785622665,0.015462933546558252,42,0.06139100342988968,0.06139100342988968,0.06139100342988968,0.06139100342988968,0.06139100342988968,0.06139100342988968,0.0,0.0002598772054343275,0
0.049331528345950594,-0.049331528345950594,0.07709931313753794,-0.05165840499103069,-0.049895528703927994,-0.046001844108104706,0.002359826723174813,0.8502609283585106,0.6748973535254641,ele-fashion,-0.5092119748781164,-0.5041919641397555,0.09702849097099187,0.08072030857439727,-0.01776421874101767,-0.002151734389936334,0.10716383861457907,0.09277886287009897,0.5565214155940029,0.9999999604987546,3.9501245385764605e-08,0.5565214155940029,0.0,0.8697768005022696,0.5531450510025024,0.5560736060142517,0.5605099201202393,0.0029729979676622565,1.0,1.0,2,text,0.031051141859404663,-0.031051141859404663,0.048529242652034454,-0.031218688935041428,-0.031044045463204384,-0.03088252805173397,0.00013096958309987916,-0.5047224822114679,-0.02223455710208603,0.002939855078100213,-0.002939855078100213,0.004594643929454397,-0.00525354384444654,-0.0028595979092642665,-0.0007875825394876301,0.0016009355244653517,0.645018282815933,0.34733716407537646,42,0.6398439407348633,0.6398439407348633,0.6398439407348633,0.6398439407348633,0.6398439407348633,0.6398439407348633,0.0,8.838716915723908e-06,0
0.04667541351058617,-0.04667541351058617,0.5737675118065328,-0.048992110416293144,-0.04698028787970543,-0.0439751036465168,0.0019969348536444933,0.7900757802422541,0.6235573611315554,ele-fashion,-0.5092119748781164,-0.5041919641397555,0.09702849097099187,0.08072030857439727,-0.01776421874101767,-0.002151734389936334,0.10716383861457907,0.09277886287009897,0.163184753433853,1.0000000012519479,1.2519478786998661e-09,-0.163184753433853,1.0,2.0059835125246126,-0.16617397218942642,-0.1634819209575653,-0.15970880538225174,0.0025302080625318156,1.0,1.0,3,text,0.03227021570610068,-0.03227021570610068,0.3966885342526226,-0.032394248992204666,-0.03226383961737156,-0.032149191945791245,9.601043864862774e-05,-0.25667460151030963,-0.009739689571737221,0.0028901239057853314,-0.0028901239057853314,0.03552746676489386,-0.00516467378474772,-0.0028112243162468076,-0.0007742596208117902,0.001573853782377329,0.6208465202646654,0.3861823296921297,42,-0.08134900033473969,0.08134900033473969,0.08134900033473969,0.08134900033473969,0.08134900033473969,0.08134900033473969,0.0,6.401952839701005e-06,0
0.0558170831962282,0.0558170831962282,0.2339405384846926,0.055430641397833824,0.05587133392691612,0.056140679866075516,0.000303256044561862,-0.07489922749063614,-0.005873738741402649,ele-fashion,-0.5906785879897093,-0.48734974969334854,-0.1280270121038634,-0.19650984757981813,0.20731125896451877,0.22423882791521804,-0.1286403560860752,-0.20355881292042388,0.40818789118195853,1.0000000287384605,2.8738460500221663e-08,0.40818789118195853,0.0,1.7107969388212545,0.40211091935634613,0.40972213447093964,0.4118974655866623,0.0038669822526232064,0.9999999999999999,1.0,0,visual,0.10200172306971782,0.10200172306971782,0.42750958407136475,0.10162544250488281,0.10172664001584053,0.10271593183279037,0.0004431467944258614,0.4038866901108461,0.04628443585756802,0.011773912039236903,0.011773912039236903,0.04934681579199059,0.005859171971678734,0.013432293199002743,0.014944217167794704,0.0037355236814205113,0.9933586912180685,0.9595893316222952,42,0.2385951727628708,0.2385951727628708,0.2385951727628708,0.2385951727628708,0.2385951727628708,0.2385951727628708,0.0,1.4953551742102846e-05,0
0.02854939953225777,-0.027981291473846478,0.4020694813574179,-0.05000787600874901,-0.028987813740968704,-0.004924963694065809,0.017050227266658894,0.9999538402968495,0.9956087096042657,ele-fashion,-0.5906785879897093,-0.48734974969334854,-0.1280270121038634,-0.19650984757981813,0.20731125896451877,0.22423882791521804,-0.1286403560860752,-0.20355881292042388,0.015970873060742324,1.0000000002266367,2.2663670939948588e-10,0.009967674911333522,0.32630977034568787,0.2249224415771802,-0.012136186007410288,0.00892904493957758,0.03316222131252289,0.01712463949818843,1.0,1.0,1,visual,0.033525449073857516,-0.033525449073857516,0.4721486315734927,-0.03378298878669739,-0.03343382850289345,-0.03338264301419258,0.00016145678071131985,0.5686780524105929,0.005361685284709828,0.00046828130544989517,0.00046828130544989517,0.006594941564318221,0.00023303560010390356,0.0005342397489584982,0.0005943732103332877,0.00014857219075961289,-0.11184905249467007,-0.0009703946623389074,42,0.07100613415241241,0.07100613415241241,0.07100613415241241,0.07100613415241241,0.07100613415241241,0.07100613415241241,0.0,0.00029325327794291526,0
0.06034410128022151,-0.06034410128022151,0.0961421000563744,-0.06135297566652298,-0.060713429003953934,-0.05893709510564804,0.0012586645790018539,0.3550909152700128,0.21053050074362514,ele-fashion,-0.5906785879897093,-0.48734974969334854,-0.1280270121038634,-0.19650984757981813,0.20731125896451877,0.22423882791521804,-0.1286403560860752,-0.20355881292042388,0.5276941052710145,0.9999999035545716,9.64454284213545e-08,0.5276941052710145,0.0,0.8407386702559672,0.5254716575145721,0.527140736579895,0.5308522582054138,0.002122924496911632,1.0,1.0,2,visual,0.033357096661682496,-0.033357096661682496,0.053145564467769614,-0.033634357154369354,-0.033252641558647156,-0.03320834040641785,0.0001719587516679263,0.12822700375600019,0.010386500098367897,0.006260024133263281,-0.006260024133263281,0.009973665259851683,-0.007945630699396133,-0.007141762180253863,-0.003115239553153515,0.001986125624088924,0.8327439912328051,0.7790829027125785,42,0.6276553273200989,0.6276553273200989,0.6276553273200989,0.6276553273200989,0.6276553273200989,0.6276553273200989,0.0,4.506808419587506e-06,0
0.05359904998393095,-0.05359904998393095,0.5962244380802336,-0.05437340773642063,-0.053806122392416,-0.052532365545630455,0.0007764317691944364,0.34194678780536264,0.12893430892836272,ele-fashion,-0.5906785879897093,-0.48734974969334854,-0.1280270121038634,-0.19650984757981813,0.20731125896451877,0.22423882791521804,-0.1286403560860752,-0.20355881292042388,0.1845978347156429,0.9999999829622637,1.703773633288108e-08,-0.1845978347156429,1.0,2.0534270720686028,-0.18677759170532227,-0.18514975160360336,-0.1815194934606552,0.002059175340006561,1.0,1.0,3,visual,0.03511917732072704,-0.03511917732072704,0.3906582629760801,-0.03530197776854038,-0.03505394980311394,-0.035017864778637886,0.00011261525788691116,0.3418845439311326,0.018697492794484818,0.005982168611873549,-0.005982168611873549,0.06654437196526472,-0.007592958863824606,-0.0068247702438384295,-0.0029769674874842167,0.0018979700581735095,0.9247646093550708,0.8523681812394162,42,-0.08989743888378143,0.08989743888378143,0.08989743888378143,0.08989743888378143,0.08989743888378143,0.08989743888378143,0.0,4.240203080891136e-06,0
0.05922832533422534,0.05922832533422534,0.2499805430230215,0.05868764966726303,0.059310274198651314,0.059700071811676025,0.00045092021583790327,0.17521366457862522,0.02141962415248935,ele-fashion,-0.4242611228384814,-0.39813785602438706,0.015424784590229926,0.029312413300015352,0.04332612250153801,0.06219107125329157,0.021892581236335765,0.032619779817187305,0.40367665457033675,0.9999999545765003,4.542349973934989e-08,0.40367665457033675,0.0,1.703767728460447,0.39799898862838745,0.4048846811056137,0.4073472172021866,0.003688551343715411,0.9999999999999999,1.0,0,text,0.0969982488629216,0.0969982488629216,0.4093932216757055,0.0965350791811943,0.09702290967106819,0.09741710126399994,0.00032334727943117593,-0.0698365747003683,-0.006122042051178361,0.010518339137646679,0.010518339137646679,0.044393963774792364,0.0048702615313231945,0.011786881368607283,0.01409934926778078,0.003656090598665858,0.9934450914532893,0.9847023724751893,43,0.23693174123764038,0.23693174123764038,0.23693174123764038,0.23693174123764038,0.23693174123764038,0.23693174123764038,0.0,1.3605411015224765e-05,0
0.032758298697353604,-0.01093739118163909,0.8600769681959836,-0.05986933782696724,-0.013257508631795645,0.04313331097364426,0.037067720570228176,0.9999955317711183,1.0014760152675193,ele-fashion,-0.4242611228384814,-0.39813785602438706,0.015424784590229926,0.029312413300015352,0.04332612250153801,0.06219107125329157,0.021892581236335765,0.032619779817187305,0.03143548477438598,1.000000000073161,7.316103278753872e-11,-0.0048033251280212245,0.574985146522522,0.8253461722268589,-0.053653784096241,-0.00710639450699091,0.04916461184620857,0.03701292330327737,1.0,1.0,1,text,0.03205456974451728,-0.03205456974451728,0.8416003962048961,-0.032202333211898804,-0.03206281363964081,-0.031891319900751114,0.00011522623353726845,-0.40107911510674255,-0.0012486135019796811,0.00010099956706926711,0.00010099956706926711,0.0026517677928451083,4.6765399019932374e-05,0.00011318040924379602,0.00013538527127820998,3.510664225456979e-05,-0.23974954192461906,-0.0002274016923785998,43,0.0380876362323761,0.0380876362323761,0.0380876362323761,0.0380876362323761,0.0380876362323761,0.0380876362323761,0.0,0.001369956491454293,0
0.054865433774955424,-0.054865433774955424,0.08753917634368538,-0.057015396654605865,-0.05509662255644798,-0.052412888035178185,0.0018317339818808927,0.7297160138708704,0.519659855071307,ele-fashion,-0.4242611228384814,-0.39813785602438706,0.015424784590229926,0.029312413300015352,0.04332612250153801,0.06219107125329157,0.021892581236335765,0.032619779817187305,0.5350689593543813,1.000000000731814,7.318139427781034e-10,0.5350689593543813,0.0,0.8537159513051433,0.5321063995361328,0.5346220433712006,0.5387101769447327,0.0025721548560770175,1.0,1.0,2,text,0.03173193520151558,-0.03173193520151558,0.050629098873539835,-0.03189324215054512,-0.03174131363630295,-0.031554147601127625,0.0001245052093600411,-0.01128093558838269,-0.0005460539220219766,0.005086584413360456,-0.005086584413360456,0.008115773070793773,-0.006818332010880113,-0.0057000413071364164,-0.002355219447053969,0.0017680560784863078,0.6995896728205523,0.48088619958252904,43,0.6267529129981995,0.6267529129981995,0.6267529129981995,0.6267529129981995,0.6267529129981995,0.6267529129981995,0.0,6.615980603640583e-06,0
0.055491398750103,-0.055491398750103,0.5880314618524745,-0.05830109678208828,-0.055714718997478485,-0.05240742303431034,0.002295974989618457,0.7581160840501636,0.5930556290296161,ele-fashion,-0.4242611228384814,-0.39813785602438706,0.015424784590229926,0.029312413300015352,0.04332612250153801,0.06219107125329157,0.021892581236335765,0.032619779817187305,0.1886039759164402,0.9999999796916275,2.03083725391906e-08,-0.1886039759164402,1.0,1.998599317504632,-0.19215838611125946,-0.18898771703243256,-0.1845509633421898,0.0029349954422567943,0.9999999999999999,1.0,3,text,0.033211743828982475,-0.033211743828982475,0.35193833124255525,-0.03332208842039108,-0.03321797028183937,-0.03309112787246704,8.524621672558894e-05,0.06308122152224215,0.0018321784776146324,0.00553275541167354,-0.00553275541167354,0.05862952324287091,-0.007416403852403164,-0.006200021831318736,-0.0025618080981075764,0.0019231415519770593,0.6182604591646498,0.4051121721843968,43,-0.09436807781457901,0.09436807781457901,0.09436807781457901,0.09436807781457901,0.09436807781457901,0.09436807781457901,0.0,8.614198246068156e-06,0
0.06895977668835318,0.06895977668835318,0.2733807485377978,0.06868210807442665,0.06900908052921295,0.06917973607778549,0.00022325966678277386,-0.003246233833251088,-0.0002058011951311327,ele-fashion,-0.10587564050817516,-0.22262702493064362,0.17703708098475007,0.083749079618793,0.22203764621612332,0.31614718324975594,0.16704680663382682,0.038280004033011586,0.44202134862014486,0.9999999811258147,1.8874185325756798e-08,0.44202134862014486,0.0,1.752327704040711,0.4364944249391556,0.44369710981845856,0.44533778727054596,0.0035216174689792503,1.0,1.0,0,visual,0.10969137608970833,0.10969137608970833,0.4348550987783323,0.10902071744203568,0.10941451042890549,0.11059257388114929,0.0006599420707536915,0.14577723645060026,0.02731827977893487,0.011122087664847796,0.011122087664847796,0.04409185756009891,0.005616196198388934,0.012832469306886196,0.013954317197203636,0.0034861667806264534,0.9827807560279348,0.972887502542011,43,0.2522481083869934,0.2522481083869934,0.2522481083869934,0.2522481083869934,0.2522481083869934,0.2522481083869934,0.0,1.2401789597819822e-05,0
0.025321914598281092,-0.0069271825590985145,0.4282105614399749,-0.048062220215797424,-0.0055435465183109045,0.03384395316243172,0.030154874806091615,0.9994156219144729,0.9986057884023666,ele-fashion,-0.10587564050817516,-0.22262702493064362,0.17703708098475007,0.083749079618793,0.22203764621612332,0.31614718324975594,0.16704680663382682,0.038280004033011586,0.02967417939439897,0.9999999998999778,1.000222127345296e-10,0.019442663904444584,0.2870323061943054,0.5018102785801466,-0.021616105921566486,0.020822159945964813,0.060548776760697365,0.030179329329042485,1.0,1.0,1,visual,0.035936337696806785,-0.035936337696806785,0.6077075760412982,-0.03627176024019718,-0.0358380526304245,-0.03567953407764435,0.0002466996940520952,0.53846367803141,0.00440164932693451,0.003171924333066228,0.003171924333066228,0.05363936815423934,0.001601691183168441,0.003659710520878434,0.003979651955887675,0.0009942249673058152,-0.09128965744414727,-0.003007437829323232,43,0.059134259819984436,0.059134259819984436,0.059134259819984436,0.059134259819984436,0.059134259819984436,0.059134259819984436,0.0,0.000910791918750804,0
0.07847635967761489,-0.07847635967761489,0.13025268371845458,-0.08039247244596481,-0.07923497259616852,-0.07558621093630791,0.0023460231048724298,0.738670358252279,0.5700003929899197,ele-fashion,-0.10587564050817516,-0.22262702493064362,0.17703708098475007,0.083749079618793,0.22203764621612332,0.31614718324975594,0.16704680663382682,0.038280004033011586,0.4817227506700125,0.999999960748641,3.9251359051917234e-08,0.4817227506700125,0.0,0.7995488238848965,0.4786131829023361,0.480992391705513,0.48602235317230225,0.0030402395308083397,1.0,1.0,2,visual,0.03577663348059672,-0.03577663348059672,0.059380972109343226,-0.0361325666308403,-0.035667676478624344,-0.03551127575337887,0.00026028882949548116,-0.28866311293663005,-0.024713771077379605,0.006517482493356237,-0.006517482493356237,0.010817519942758584,-0.008177153766155243,-0.007519756909459829,-0.0032910603331401944,0.0020428746522991345,0.6767118415021248,0.4547133388361009,43,0.6024932265281677,0.6024932265281677,0.6024932265281677,0.6024932265281677,0.6024932265281677,0.6024932265281677,0.0,9.243056404689714e-06,0
0.06889919059901543,-0.06879245886875382,0.6076500705069953,-0.07416687533259392,-0.07145772129297256,-0.06289083883166313,0.009884559956696891,0.9710737024943097,0.9399285392457786,ele-fashion,-0.10587564050817516,-0.22262702493064362,0.17703708098475007,0.083749079618793,0.22203764621612332,0.31614718324975594,0.16704680663382682,0.038280004033011586,0.2279336871606153,0.9999999970153582,2.984641755965356e-09,-0.2279336871606153,1.0,2.010240176552183,-0.23476025462150574,-0.230142280459404,-0.22122004628181458,0.010212091487698463,0.9999999999999998,1.0,3,visual,0.0379784048744293,-0.0379784048744293,0.3349470465335184,-0.03819344937801361,-0.03791274502873421,-0.037818701937794685,0.00015525968584091803,-0.31681844318747865,-0.004816753944786942,0.00777652767036328,-0.00777652767036328,0.06858437009365059,-0.009756813757121563,-0.008972421288490295,-0.003926826175302267,0.0024375165225013523,0.2718522514137714,0.06488821171436662,43,-0.11338629573583603,0.11338629573583603,0.11338629573583603,0.11338629573583603,0.11338629573583603,0.11338629573583603,0.0,0.0001042868125531234,0
0.059870357741842295,0.059870357741842295,0.24510807689420983,0.05941743031144142,0.059925634413957596,0.060261815786361694,0.00034930095706869473,0.2817396246198421,0.02266741479672058,ele-fashion,-0.3122970767222751,-0.2817484334248366,0.30763721896728785,0.28510001020945736,0.18252693790708946,0.17303405327208912,0.30715299103708216,0.28471154546918426,0.4121602877004836,1.000000006251277,6.251277051561033e-09,0.4121602877004836,0.0,1.6873761791442592,0.4057687520980835,0.41279539465904236,0.4173399955034256,0.0043415590796937065,1.0,1.0,0,text,0.09845809511491461,0.09845809511491461,0.4030855210911474,0.09809942543506622,0.09843014925718307,0.0988726019859314,0.0002852758636136237,-0.09916565559934214,-0.006515992877818743,0.009570778768360145,0.009570778768360145,0.03918258161088622,0.0032325031934306026,0.010228516068309546,0.0147610604763031,0.004294219899265052,0.9946944624524412,0.9838485843323752,44,0.24426105618476868,0.24426105618476868,0.24426105618476868,0.24426105618476868,0.24426105618476868,0.24426105618476868,0.0,1.8849135242470863e-05,0
0.02367252597329959,-0.0025845093905140963,0.48723415021884386,-0.04171397536993027,0.0005664135096594691,0.03346736542880535,0.027827715445576693,0.9999365861563552,1.0044644175883357,ele-fashion,-0.3122970767222751,-0.2817484334248366,0.30763721896728785,0.28510001020945736,0.18252693790708946,0.17303405327208912,0.30715299103708216,0.28471154546918426,0.02665270159018079,0.9999999995374764,4.6252357499554364e-10,0.014248611335779171,0.33530062437057495,0.5485729078922666,-0.024728620424866676,0.017442971467971802,0.05009668320417404,0.027702276253835898,1.0,1.0,1,text,0.03243291011501235,-0.03243291011501235,0.6675426786662247,-0.03258252888917923,-0.03242217004299164,-0.03230302222073078,0.00010464303072512273,-0.3275772290001957,-0.0012373955744655288,0.0006805079075375096,0.0006805079075375096,0.014006392575943034,0.00022983959934208542,0.0007272747752722353,0.0010495507740415633,0.00030533049286526475,-0.2927839511851341,-0.0032270224763937256,44,0.048585522919893265,0.048585522919893265,0.048585522919893265,0.048585522919893265,0.048585522919893265,0.048585522919893265,0.0,0.0007674161096438403,0
0.05890194575143008,-0.05890194575143008,0.09428798329611689,-0.0614144429564476,-0.05948765389621258,-0.05547984503209591,0.0023852835926994062,0.7714024938845336,0.532802902398625,ele-fashion,-0.3122970767222751,-0.2817484334248366,0.30763721896728785,0.28510001020945736,0.18252693790708946,0.17303405327208912,0.30715299103708216,0.28471154546918426,0.5285840362899957,1.000000055291401,5.5291401013235486e-08,0.5285840362899957,0.0,0.8461371207435047,0.524590790271759,0.5280472636222839,0.5333695411682129,0.003453460376710837,1.0,1.0,2,text,0.03224433171881687,-0.03224433171881687,0.05161549371099413,-0.032401859760284424,-0.03223402053117752,-0.032107941806316376,0.00010862863608344834,-0.31224141079057577,-0.009821557187013873,0.004972258973208887,-0.004972258973208887,0.007959402105124927,-0.007668740348890424,-0.005313969915732741,-0.0016793662798590958,0.002230954654887816,0.7384126838262005,0.47701871007978974,44,0.6247025728225708,0.6247025728225708,0.6247025728225708,0.6247025728225708,0.6247025728225708,0.6247025728225708,0.0,1.1926388573511757e-05,0
0.05622202311762591,-0.05622202311762591,0.5860426799133912,-0.05938104726374149,-0.05704006180167198,-0.051985492929816246,0.003182625925055823,0.8047817172826554,0.6452618138877946,ele-fashion,-0.3122970767222751,-0.2817484334248366,0.30763721896728785,0.28510001020945736,0.18252693790708946,0.17303405327208912,0.30715299103708216,0.28471154546918426,0.19121693621924532,1.0000000273222782,2.7322278217667417e-08,-0.19121693621924532,1.0,1.9931919830117728,-0.1957717165350914,-0.19186029583215714,-0.18575505912303925,0.003969426211668118,1.0,1.0,3,text,0.03378085333222117,-0.03378085333222117,0.35212218840217485,-0.033887455239892006,-0.0337743628770113,-0.033688634634017944,7.398005301718547e-05,-0.32277079999258673,-0.006015630376415577,0.005279028018580544,-0.005279028018580544,0.05502711492388324,-0.00814187154173851,-0.005641821306198835,-0.0017829766147769988,0.002368595881620058,0.6045715838210316,0.36075384381089914,44,-0.09593503177165985,0.09593503177165985,0.09593503177165985,0.09593503177165985,0.09593503177165985,0.09593503177165985,0.0,1.5756344449877905e-05,0
0.07177399218756414,0.07177399218756414,0.2827916643289892,0.06963738426566124,0.07251851633191109,0.07297445088624954,0.001992602748932403,0.4462256263968226,0.21978161303768773,ele-fashion,-0.3504190055857283,-0.3884719051712109,-0.17932861665880562,-0.18462952339691296,0.26182329764316437,0.2898276970429166,0.185821299982131,0.21745832543879978,0.4443792575673118,1.0000000054862073,5.4862072662587025e-09,0.4443792575673118,0.0,1.7508674940686138,0.4383120983839035,0.445550337433815,0.4483882486820221,0.004045608718186638,0.9999999999999998,1.0,0,visual,0.10735081444946475,0.10735081444946475,0.422965402368918,0.10680801421403885,0.10708250850439072,0.10830404236912727,0.0005773483698287068,-0.39549492547021453,-0.05644103678867445,0.011449260636484474,0.011449260636484474,0.0451104274967279,0.0056979055516421795,0.012830431573092937,0.014848328195512295,0.0037200649687929815,0.90987569020153,0.8366594292371939,44,0.2538051903247833,0.2538051903247833,0.2538051903247833,0.2538051903247833,0.2538051903247833,0.2538051903247833,0.0,1.636694990066773e-05,0
0.02405016378616477,-0.011807514506656095,0.4222506105871341,-0.045731933787465096,-0.01312907924875617,0.024871720001101494,0.02611731088428365,0.9990392788465288,0.9855755670525198,ele-fashion,-0.3504190055857283,-0.3884719051712109,-0.17932861665880562,-0.18462952339691296,0.26182329764316437,0.2898276970429166,0.185821299982131,0.21745832543879978,0.024127756006408145,1.0000000000555784,5.557843074655011e-11,0.01335607430900449,0.34619396924972534,0.42361290327943685,-0.021126417443156242,0.012241693213582039,0.05042501166462898,0.026474093213650993,0.9999999999999999,1.0,1,visual,0.03529781350997838,-0.03529781350997838,0.6197264783516037,-0.03564119525253773,-0.03520418517291546,-0.03509464114904404,0.00021091213125024402,0.5833460568616434,0.004647364467451301,0.003504317638969409,0.003504317638969409,0.06152557944729331,0.0017439790535718203,0.003927057608962059,0.004544682800769806,0.0011386140736824029,0.22732814370615448,0.009777068535607364,44,0.05695708468556404,0.05695708468556404,0.05695708468556404,0.05695708468556404,0.05695708468556404,0.05695708468556404,0.0,0.0007008776114850816,0
0.06753391977815686,-0.06753391977815686,0.11099940107457273,-0.07241810858249664,-0.07037722319364548,-0.05730384774506092,0.006710376361580422,0.9491604425092784,0.9164834438149059,ele-fashion,-0.3504190055857283,-0.3884719051712109,-0.17932861665880562,-0.18462952339691296,0.26182329764316437,0.2898276970429166,0.185821299982131,0.21745832543879978,0.49908578062234055,0.999999989219987,1.0780012993372168e-08,0.49908578062234055,0.0,0.8203021965242625,0.4928000569343567,0.4968341290950775,0.5095483958721161,0.0069496332309608114,1.0,1.0,2,visual,0.03491972395909604,-0.03491972395909604,0.05739439466688179,-0.03529983200132847,-0.034813620150089264,-0.034702081233263016,0.0002306062596890588,-0.6498361409394177,-0.021563192889834427,0.006877550248708721,-0.006877550248708721,0.01130400783746395,-0.008919363841414452,-0.007707217242568731,-0.0034227215219289064,0.002234636328112524,0.32679395388323734,0.10507973829491557,44,0.6084169745445251,0.6084169745445251,0.6084169745445251,0.6084169745445251,0.6084169745445251,0.6084169745445251,0.0,4.829740204487481e-05,0
0.05900089379418,-0.05900089379418,0.5415629958958561,-0.06344017386436462,-0.060911426320672035,-0.05115097761154175,0.005273192230231424,0.8983827228632127,0.8018522842004489,ele-fashion,-0.3504190055857283,-0.3884719051712109,-0.17932861665880562,-0.18462952339691296,0.26182329764316437,0.2898276970429166,0.185821299982131,0.21745832543879978,0.21315577678431016,0.999999993399593,6.600406998735764e-09,-0.21315577678431016,1.0,1.9565344462494636,-0.21929901093244553,-0.21451964229345322,-0.20477230101823807,0.005908001869322095,1.0,1.0,3,visual,0.03713327696415796,-0.03713327696415796,0.34084244198557667,-0.037360552698373795,-0.03707022964954376,-0.03700036182999611,0.0001381886887505175,-0.5621217429616191,-0.013148077522009098,0.008076027787977646,-0.008076027787977646,0.07412900928336087,-0.010473646223545074,-0.009050271473824978,-0.00401916285045445,0.0026240426356802494,0.4757300380543712,0.21129578672115326,44,-0.1089455783367157,0.1089455783367157,0.1089455783367157,0.1089455783367157,0.1089455783367157,0.1089455783367157,0.0,3.4904486087913366e-05,0
0.016320334560959666,0.008785948709173605,0.09635220792186001,-0.014987115748226643,0.008851423859596252,0.031106759235262873,0.017303621525520337,0.9994288599035562,1.0045729793508331,Reddit-S,-0.1928102809425052,-0.22280652847644547,-0.5706574556839702,-0.6125457453513209,0.058366538848622765,0.03593343646834139,0.5844820668972002,0.6185147135824267,0.2511385861717186,0.9999999981555828,1.8444171745457538e-09,0.2511385861717186,0.0,1.482675320266015,0.22762945145368577,0.25135350227355957,0.2732320219278336,0.017215014826129242,1.0,1.0,0,text,0.07153166476714472,0.07153166476714472,0.42230959242268373,0.07142266854643822,0.07150247320532799,0.07169293612241745,0.00010206130845128479,-0.8610905637815688,-0.005105080101424573,0.0014389220537441621,0.0014389220537441621,0.008495127130381256,0.0005255393451079728,0.0015126402140595019,0.0021892653312534094,0.0006076253444171622,0.015075227922797307,0.0005320989061742522,42,0.16938205063343048,0.16938205063343048,0.16938205063343048,0.16938205063343048,0.16938205063343048,0.16938205063343048,0.0,0.0002963567354638496,0
0.012956160518280585,-0.010186479588160194,0.11649274804282718,-0.023955628648400305,-0.010847155004739761,0.0055254824459552805,0.011395225839210384,0.9930115794882549,0.9856298180401314,Reddit-S,-0.1928102809425052,-0.22280652847644547,-0.5706574556839702,-0.6125457453513209,0.058366538848622765,0.03593343646834139,0.5844820668972002,0.6185147135824267,0.07428229883841948,0.9999999980464197,1.953580297531232e-09,0.07428229883841948,0.0,0.6678945595353262,0.06076726317405701,0.07300418615341187,0.09056089743971825,0.011480569075842374,1.0,1.0,1,text,0.023520310698596242,-0.023520310698596242,0.21147820947684612,-0.02357988990843296,-0.02350967936217785,-0.02348000109195709,3.7685779867995895e-05,-0.8205667480035951,-0.0026935683787078957,0.0032295123521970427,-0.0032295123521970427,0.029037519889852044,-0.0049135806038975716,-0.0033949651988223195,-0.0011795189348049449,0.001363752504293509,0.14364889626965682,0.01706374838499624,42,0.11121860146522522,0.11121860146522522,0.11121860146522522,0.11121860146522522,0.11121860146522522,0.11121860146522522,0.0,0.0001318034663051882,0
0.011348334840535747,-0.009421911287342054,0.016073187589631707,-0.020982629805803298,-0.010129417292773724,0.004166372539475562,0.009559675467709207,0.9984466322354347,0.9966702004491353,Reddit-S,-0.1928102809425052,-0.22280652847644547,-0.5706574556839702,-0.6125457453513209,0.058366538848622765,0.03593343646834139,0.5844820668972002,0.6185147135824267,0.6716247608680552,0.9999999962716498,3.7283501841400835e-09,0.6716247608680552,0.0,0.9512541639777837,0.6602461695671081,0.6706412434577942,0.6854826807975769,0.009576714315022878,1.0,1.0,2,text,0.023712046529614426,-0.023712046529614426,0.033584501811067057,-0.023768280632793903,-0.023701841942965984,-0.023674142174422742,3.55099861222513e-05,-0.8232659771952312,-0.0030526297917507074,0.0012826178182021898,-0.0012826178182021898,0.0018166327560347768,-0.0019514543237164617,-0.001348328310996294,-0.00046845213510096027,0.0005416214805296403,0.11285126041332733,0.006382425614265213,42,0.7060413360595703,0.7060413360595703,0.7060413360595703,0.7060413360595703,0.7060413360595703,0.7060413360595703,0.0,9.17134570715641e-05,0
0.011302049286293228,-0.005672202608299256,0.680416590967197,-0.021005163341760634,-0.0051091560162603855,0.01047594025731087,0.012093696157218708,0.9942431365185193,0.9869672609116882,Reddit-S,-0.1928102809425052,-0.22280652847644547,-0.5706574556839702,-0.6125457453513209,0.058366538848622765,0.03593343646834139,0.5844820668972002,0.6185147135824267,0.04350878642814552,0.9999999985235806,1.476419431156728e-09,-0.04350878642814552,0.9999999403953552,2.6193568430516003,-0.059337034448981286,-0.04241699166595936,-0.02737425919622183,0.01218285030888272,1.0,1.0,3,text,0.024299307646984812,-0.024299307646984812,1.4628897515140058,-0.024345042183995247,-0.02429101523011923,-0.0242684880271554,2.8868362679262824e-05,-0.7393305159757586,-0.0017519103439589151,0.003073208405588216,0.003073208405588216,0.18501618013629115,0.001122431817930192,0.0032306534703820944,0.004675769712775946,0.0012977487631317956,0.1387935462030364,0.014784647955851372,42,-0.016610484570264816,0.016610484570264816,0.016610484570264816,0.016610484570264816,0.016610484570264816,0.016610484570264816,0.0,0.00014842184164864377,0
0.011165884104767694,0.011165884104767694,0.06254764532232829,0.009852160513401032,0.011564888060092926,0.012587432563304902,0.0018213536527969018,0.5266563065877607,0.3037099531356413,Reddit-S,-0.596052298083802,-0.6986555146482517,0.14256103992640154,-0.047086489632939744,-0.16037625305942693,-0.17199612511560686,-0.1704215011403927,0.005838557686713919,0.2715075518764819,0.9999993766803927,6.233196072624736e-07,0.2715075518764819,0.0,1.520896858480975,0.26793578565120696,0.2713826149702072,0.27575608491897585,0.003158366651697247,0.9999999999999999,1.0,0,visual,0.0775450414788,0.0775450414788,0.43438206105419075,0.0773608535528183,0.07749870792031288,0.07781180441379547,0.00017488808103840753,-0.4111182978027464,-0.022764833254511896,0.004278570142741348,0.004278570142741348,0.02396715613953232,0.0010844288975931705,0.0037385779432952404,0.008531177416443825,0.002717528567203149,0.8356993971817075,0.7190542567992633,42,0.17851805686950684,0.17851805686950684,0.17851805686950684,0.17851805686950684,0.17851805686950684,0.17851805686950684,0.0,9.975279906553278e-06,0
0.02678322852518289,-0.02678322852518289,0.27230945553232266,-0.02917278539389372,-0.027569487690925598,-0.024361853301525113,0.003106533015045425,0.971883540482519,0.9121956041455601,Reddit-S,-0.596052298083802,-0.6986555146482517,0.14256103992640154,-0.047086489632939744,-0.16037625305942693,-0.17199612511560686,-0.1704215011403927,0.005838557686713919,0.04469085221249262,0.9999999728843612,2.711563884538748e-08,0.04469085221249262,0.0,0.45437918814816447,0.04157685898244381,0.04407557286322117,0.04755894690752029,0.003309803611820966,1.0,1.0,1,visual,0.025627793415014897,-0.025627793415014897,0.26056195819618416,-0.025722522288560867,-0.025611281394958496,-0.02556226495653391,6.216403425126455e-05,-0.49554187483648704,-0.009307163110902291,0.0012539779620441942,-0.0012539779620441942,0.012749398593702749,-0.002500346628949046,-0.0010957151534967124,-0.00031782813312020153,0.0007964625621652455,0.40355958225055705,0.09711153184970331,42,0.09835585206747055,0.09835585206747055,0.09835585206747055,0.09835585206747055,0.09835585206747055,0.09835585206747055,0.0,1.095479994882311e-05,0
0.0068160935191646675,-0.0068160935191646675,0.00983897857839741,-0.008150443434715271,-0.006996798096224666,-0.0053070844151079655,0.0011283333089072778,0.7681511412941048,0.5884703405330406,Reddit-S,-0.596052298083802,-0.6986555146482517,0.14256103992640154,-0.047086489632939744,-0.16037625305942693,-0.17199612511560686,-0.1704215011403927,0.005838557686713919,0.6587571182595389,1.000000105330082,1.053300819897629e-07,0.6587571182595389,0.0,0.9509108342921825,0.6569801270961761,0.6585767269134521,0.6608144044876099,0.0014728533611603756,0.9999999999999999,1.0,2,visual,0.02569084548817628,-0.02569084548817628,0.037084537896725056,-0.02578408718109131,-0.025674698874354362,-0.025626516342163085,6.110763821425393e-05,-0.24174251862672477,-0.010029725130006285,0.0015002846514738054,-0.0015002846514738054,0.0021656493570467077,-0.002991465386003256,-0.0013109358842484653,-0.00038025601243134587,0.0009529039534006123,0.6515822601557343,0.4215594899270477,42,0.6927643418312073,0.6927643418312073,0.6927643418312073,0.6927643418312073,0.6927643418312073,0.6927643418312073,0.0,2.1692970234814154e-06,0
0.02294008985733208,-0.02294008985733208,0.7671642052274842,-0.02414140272885561,-0.02331585343927145,-0.022100298106670378,0.0019402439668610094,0.9035294697633176,0.785422442002816,Reddit-S,-0.596052298083802,-0.6986555146482517,0.14256103992640154,-0.047086489632939744,-0.16037625305942693,-0.17199612511560686,-0.1704215011403927,0.005838557686713919,0.0805932509904952,1.0000003021492343,3.0214923429916496e-07,-0.0805932509904952,0.9999999403953552,2.6952055431056188,-0.08271318525075913,-0.08070437237620354,-0.07914767265319825,0.0022320059993690875,1.0,1.0,3,visual,0.026226402753388656,-0.026226402753388656,0.8770653275295955,-0.026305181346833705,-0.026212772354483604,-0.026172028668224812,5.1618229677073936e-05,-0.5387616670467746,-0.012459609642037062,0.0015243075262318842,-0.0015243075262318842,0.05097600659616404,-0.003039365401491523,-0.0013319268473424017,-0.0003863447404000908,0.0009681620523655418,0.5234134031707339,0.2270374697884555,42,-0.029902450740337372,0.029902450740337372,0.029902450740337372,0.029902450740337372,0.029902450740337372,0.029902450740337372,0.0,4.981850781219598e-06,0
0.028680326486884417,0.006841167845275404,0.1460635091968605,-0.03723190426826477,0.005625052377581596,0.05175758227705956,0.03240879274757453,0.9960685793691084,0.9008100105403487,Reddit-S,0.2373222608632773,0.2765707133328444,-0.08571882490479896,0.0023756039129872557,-0.0029317322675141266,0.0062107966484307225,-0.09220981180709893,-0.0054427428188052445,0.29854545395573356,1.0000000025596927,2.5596926800375286e-09,0.29854545395573356,0.0,1.520435852760797,0.2506874203681946,0.29621782898902893,0.34915490746498107,0.03583594739558955,1.0,1.0,0,text,0.08711668836897209,0.08711668836897209,0.4436689107636331,0.08661518469452859,0.08718029409646988,0.08754229173064232,0.00035789552659676034,-0.8971105501713854,-0.008959491128414054,0.008232418815845374,0.008232418815845374,0.04192616084654839,0.0020792591385543346,0.007571847178041935,0.014802582748234271,0.004817969195941169,0.8044134429519058,0.10814948314775816,43,0.1963551789522171,0.1963551789522171,0.1963551789522171,0.1963551789522171,0.1963551789522171,0.1963551789522171,0.0,0.0012842151257394614,0
0.03419289514882614,-0.00595968397272414,0.4610294435828762,-0.061136748641729355,0.0009288115543313324,0.04469735436141492,0.039042220303707846,0.9997936843675466,0.9729050675893293,Reddit-S,0.2373222608632773,0.2765707133328444,-0.08571882490479896,0.0023756039129872557,-0.0029317322675141266,0.0062107966484307225,-0.09220981180709893,-0.0054427428188052445,0.04564967121059895,1.0000000000232283,2.322830816581245e-11,0.03737178876212848,0.27217817306518555,0.6155033794699363,-0.019472128339111806,0.0448025893419981,0.08896740376949311,0.04012124778016893,1.0,1.0,1,text,0.028370624196243255,-0.028370624196243255,0.38252663397945535,-0.028537827916443347,-0.0283956415951252,-0.028173452615737914,0.00014066914616433896,-0.7710321120056777,-0.00270331644358118,0.0024643053062441272,-0.0024643053062441272,0.03322670687027398,-0.004431028524413705,-0.002266568597406149,-0.0006224086973816156,0.0014422185416944244,0.8289610014470543,0.029798248877480095,43,0.07416640222072601,0.07416640222072601,0.07416640222072601,0.07416640222072601,0.07416640222072601,0.07416640222072601,0.0,0.0016097145234377102,0
0.024224022762795564,-0.01028333414782028,0.03633906434599236,-0.049286984652280805,-0.005295126466080546,0.0250184390693903,0.027340799128504917,0.9995959260090583,0.9616045708942158,Reddit-S,0.2373222608632773,0.2765707133328444,-0.08571882490479896,0.0023756039129872557,-0.0029317322675141266,0.0062107966484307225,-0.09220981180709893,-0.0054427428188052445,0.6251994792104323,1.000000009487886,9.487886032388815e-09,0.6251994792104323,0.0,0.9378774255034968,0.5844780564308166,0.6307477056980133,0.6617110192775727,0.02842098743069726,0.9999999999999999,1.0,2,text,0.028684392682312643,-0.028684392682312643,0.043030177176401306,-0.02884025704115629,-0.028707566671073437,-0.028500900231301786,0.00013101785563472137,-0.75892385128992,-0.003498561611503098,0.002443869806350083,-0.002443869806350083,0.0036661104150950154,-0.0043942837975919245,-0.002247772878035903,-0.0006172473076730967,0.0014302587982606642,0.832484900425594,0.041894000205173296,43,0.6666110754013062,0.6666110754013062,0.6666110754013062,0.6666110754013062,0.6666110754013062,0.6666110754013062,0.0,0.0008077525265358516,0
0.03327491567366272,-0.0054807682804351625,0.5903639991285304,-0.06096620447933674,0.003375682048499584,0.041318034380674364,0.038086677779463486,0.9996311023351507,0.9602636194937769,Reddit-S,0.2373222608632773,0.2765707133328444,-0.08571882490479896,0.0023756039129872557,-0.0029317322675141266,0.0062107966484307225,-0.09220981180709893,-0.0054427428188052445,0.09523007152193078,1.0000000000047513,4.75131045618582e-12,-0.09523007152193078,0.9999999403953552,1.689573203200686,-0.15318692177534105,-0.08561397716403008,-0.047020258754491805,0.03964809966771369,1.0,1.0,3,text,0.030061671498268036,-0.030061671498268036,0.5333545779727636,-0.03016413692384958,-0.030077125877141953,-0.029940778762102126,8.62113772603503e-05,-0.7732476140806084,-0.001681360325762448,0.0033242428462196545,-0.0033242428462196545,0.05897876105879913,-0.00597726870328188,-0.003057504538446665,-0.0008396027842536569,0.0019454913548188962,0.8440719680604003,0.0414177408367369,43,-0.056363388895988464,0.056363388895988464,0.056363388895988464,0.056363388895988464,0.056363388895988464,0.056363388895988464,0.0,0.0015719718072609583,0
0.008288826909870447,0.007785899089419661,0.04383519793367942,0.0031657967949286106,0.008570557460188866,0.011506365798413753,0.0039311957268172455,0.8149596227110513,0.5194392490595409,Reddit-S,-0.511898055936291,-0.6307594659982179,-0.05021813844176061,-0.16532303081465846,0.19053114104482538,0.22580615905722143,-0.052213404180443464,-0.15784817390560454,0.28393208335349585,1.000000039214701,3.9214701041956346e-08,0.28393208335349585,0.0,1.5015658076658986,0.27499361932277677,0.2848087549209595,0.29113061130046847,0.006167739138177919,0.9999999999999999,1.0,0,visual,0.0794581297784575,0.0794581297784575,0.42021179645228113,0.07912203818559646,0.07941263541579247,0.07985809892416,0.0002873441295419632,-0.5202457399133573,-0.024237334934933814,0.0075973854224856835,0.0075973854224856835,0.04017853158165608,0.0023648074129596357,0.007433218415826559,0.012772916071116924,0.003791559902939824,0.8211562609317999,0.5047981250900939,43,0.18909066915512085,0.18909066915512085,0.18909066915512085,0.18909066915512085,0.18909066915512085,0.18909066915512085,0.0,3.80410060766117e-05,0
0.011320220551488498,-0.010585065048794775,0.1322767050948235,-0.01583294793963432,-0.012866695877164602,-0.0011306441621854889,0.006070575086870237,0.9879045598599997,0.9009266762478542,Reddit-S,-0.511898055936291,-0.6307594659982179,-0.05021813844176061,-0.16532303081465846,0.19053114104482538,0.22580615905722143,-0.052213404180443464,-0.15784817390560454,0.04652107135539567,1.0000000203871238,2.038712376695173e-08,0.04652107135539567,0.0,0.5435984226971415,0.040235302224755284,0.04438753239810467,0.057047991454601286,0.00665664472748029,1.0,1.0,1,visual,0.026132948143585598,-0.026132948143585598,0.30536333273054955,-0.02628029156476259,-0.026116177439689636,-0.02600899450480938,0.00010586442859892773,-0.5904288074851537,-0.0093899270415806,0.0023407651855065935,-0.0023407651855065935,0.027351826294477303,-0.003935353737324477,-0.002290185075253248,-0.0007286005304194984,0.0011681849612163952,0.6180540635272969,0.10846327118085011,43,0.08557984977960587,0.08557984977960587,0.08557984977960587,0.08557984977960587,0.08557984977960587,0.08557984977960587,0.0,4.431091902789114e-05,0
0.025175176733633994,-0.025175176733633994,0.037058202257145914,-0.029834226705133915,-0.027325788512825966,-0.01581818014383316,0.005989863036518989,0.9847193768297419,0.8880979330417206,Reddit-S,-0.511898055936291,-0.6307594659982179,-0.05021813844176061,-0.16532303081465846,0.19053114104482538,0.22580615905722143,-0.052213404180443464,-0.15784817390560454,0.6252774926601183,0.9999996022421141,3.9775788585050265e-07,0.6252774926601183,0.0,0.9204169660855821,0.6192580342292786,0.6235539615154266,0.6359944224357605,0.006641535777946007,1.0,1.0,2,visual,0.026285019721256925,-0.026285019721256925,0.03869190621657265,-0.02642634715884924,-0.02626899816095829,-0.026166270673274993,0.00010155664369089879,-0.5798089587948679,-0.00886593911496356,0.0026038658204934053,-0.0026038658204934053,0.0038329258716741084,-0.004377684928476811,-0.0025476005394011736,-0.0008104948094114657,0.001299488269628565,0.6172294203722789,0.12076760831535717,43,0.6793415546417236,0.6793415546417236,0.6793415546417236,0.6793415546417236,0.6793415546417236,0.6793415546417236,0.0,4.4109997489736874e-05,0
0.024338819777543326,-0.024015798381374704,0.5598734355454104,-0.026715124398469924,-0.025788347236812115,-0.02094234600663185,0.005585584069463343,0.9778553307316293,0.9028188880665122,Reddit-S,-0.511898055936291,-0.6307594659982179,-0.05021813844176061,-0.16532303081465846,0.19053114104482538,0.22580615905722143,-0.052213404180443464,-0.15784817390560454,0.09718071771625064,0.999999924479256,7.552074399175268e-08,-0.09718071771625064,0.9999999403953552,2.2354782521857275,-0.10121979266405105,-0.09847619384527206,-0.0926984891295433,0.006049821542027834,0.9999999999999999,1.0,3,visual,0.02704016186849616,-0.02704016186849616,0.6220132472071344,-0.0271513557061553,-0.027027660980820656,-0.026946695521473885,7.992518684938409e-05,-0.4871685393035899,-0.006436063652537045,0.0026527544160562873,-0.0026527544160562873,0.06102213427563347,-0.004459877870976925,-0.0025954328011721373,-0.0008257121546193953,0.0013238866635719086,0.4735034964443846,0.1036171000652808,43,-0.04347200319170952,0.04347200319170952,0.04347200319170952,0.04347200319170952,0.04347200319170952,0.04347200319170952,0.0,3.6600340690384035e-05,0
0.012314789129178792,0.010367615705206612,0.07479703198643337,-0.003962383745238184,0.012406949885189533,0.021617128886282446,0.009729959093175516,0.996535336596316,1.0212199163003186,Reddit-S,0.05836763256637506,0.06379803421994237,-0.6164052438466381,-0.6064710721433567,0.09930174473000054,0.1147032467272184,-0.7552509449809722,-0.7476286587471154,0.24748914633417363,1.0000000087180494,8.718049393507954e-09,0.24748914633417363,0.0,1.5031888407078802,0.23338644057512284,0.24947882443666458,0.25844437181949614,0.009494769838717667,1.0,1.0,0,text,0.07076223236741293,0.07076223236741293,0.4297925772253775,0.07074342146515847,0.07076091691851616,0.07078372463583946,1.5342721752405234e-05,-0.6652272169644924,-0.0010749492894913137,0.001716547126745588,0.001716547126745588,0.010425889473104756,0.0006683907122351229,0.0016569005674682558,0.002850097394548357,0.0008327363465303131,-0.22969063761591205,-0.02014495829277787,44,0.16464275121688843,0.16464275121688843,0.16464275121688843,0.16464275121688843,0.16464275121688843,0.16464275121688843,0.0,9.015065429022272e-05,0
0.010963971675897204,-0.010911897081027895,0.09345041385036956,-0.01828433759510517,-0.010867588687688112,-0.0036375191994011393,0.005371553003956956,0.9817889932909869,1.0299011300539083,Reddit-S,0.05836763256637506,0.06379803421994237,-0.6164052438466381,-0.6064710721433567,0.09930174473000054,0.1147032467272184,-0.7552509449809722,-0.7476286587471154,0.08096296585110939,1.0000000062266514,6.226651416696427e-09,0.08096296585110939,0.0,0.6900804643605911,0.07410517930984498,0.08100600913167,0.08782201111316681,0.005120619312154784,1.0,1.0,1,text,0.023323084367784866,-0.023323084367784866,0.1987921850644715,-0.023330948874354364,-0.0233225766569376,-0.02331629265099764,5.577395729677131e-06,-0.3833219946079253,-0.0004175156022129494,0.00212600264152789,-0.00212600264152789,0.01812078985341798,-0.003529943595640361,-0.002052128314971924,-0.0008278248715214431,0.0010313725994535055,-0.14638195134247514,-0.02948360822504385,44,0.11732394993305206,0.11732394993305206,0.11732394993305206,0.11732394993305206,0.11732394993305206,0.11732394993305206,0.0,2.622074214001253e-05,0
0.007163796126844037,-0.007132760284486652,0.010059855562864603,-0.01167128151282668,-0.007347519509494305,-0.0025041104527190328,0.0034141398851663418,0.986252435331445,1.0306382165743124,Reddit-S,0.05836763256637506,0.06379803421994237,-0.6164052438466381,-0.6064710721433567,0.09930174473000054,0.1147032467272184,-0.7552509449809722,-0.7476286587471154,0.6802645474578564,1.0000000134457154,1.3445715429938332e-08,0.6802645474578564,0.0,0.9552704977630744,0.6759881615638733,0.680170327425003,0.6847010374069213,0.0032671054907119665,1.0,1.0,2,text,0.02353946918923311,-0.02353946918923311,0.03305561128168354,-0.023546734265983103,-0.023539037443697453,-0.02353308964520693,5.19699529267061e-06,-0.44942325507634084,-0.000714899028417801,0.0011804183279519776,-0.0011804183279519776,0.0016576180662732534,-0.0019599269842728974,-0.001139401167165488,-0.0004596323997247964,0.0005726479805707342,-0.17072022331852685,-0.029923304100179127,44,0.7121171951293945,0.7121171951293945,0.7121171951293945,0.7121171951293945,0.7121171951293945,0.7121171951293945,0.0,1.067397828744028e-05,0
0.007089661385834476,-0.007045144965065015,0.6792071952332588,-0.012355449702590704,-0.0067019290290772915,-0.0020541935926303265,0.0039042522566984793,0.9835044587918793,0.9254256472192577,Reddit-S,0.05836763256637506,0.06379803421994237,-0.6164052438466381,-0.6064710721433567,0.09930174473000054,0.1147032467272184,-0.7552509449809722,-0.7476286587471154,0.03979309260780963,1.0000000018291224,1.8291224090916103e-09,-0.03979309260780963,0.9999999403953552,3.812277251183055,-0.04551733508706093,-0.039503248408436775,-0.034505830705165864,0.004149279322708731,1.0,1.0,3,text,0.02389967891035949,-0.02389967891035949,2.289648686482377,-0.023906059563159943,-0.023899301886558533,-0.023894064128398895,4.571577082992999e-06,-0.3844511903385934,-0.00042357916028027976,0.0015898736417090126,0.0015898736417090126,0.15231384944816562,0.0006190664716996253,0.0015346287400461733,0.002639772952534259,0.0007712841361244966,0.40346658418514547,0.07499793377014495,44,-0.010438142344355583,0.010438142344355583,0.010438142344355583,0.010438142344355583,0.010438142344355583,0.010438142344355583,0.0,1.7216518897858224e-05,0
0.015109550348290195,0.015108770442063095,0.08998308660101713,0.007659420091658832,0.01662650890648365,0.01966360379010439,0.00482361446351184,0.9349217882571306,0.7383985622018155,Reddit-S,-0.5271919842078538,-0.5528177320375789,-0.6998966581069708,-0.609548605110281,-0.1808998216347785,-0.2459690958657699,0.6941782688807421,0.5881293757505506,0.2589761153017258,1.0000000417160257,4.171602574487565e-08,0.2589761153017258,0.0,1.5423007087320255,0.24971054792404174,0.2602580487728119,0.2662161409854889,0.006107409319219233,0.9999999999999999,1.0,0,visual,0.07285906024473154,0.07285906024473154,0.4339032583065778,0.07274849191308022,0.07279696688055992,0.0730974942445755,0.00013510200903216608,-0.7874830228629017,-0.017419912913435132,0.0030928358364940844,0.0030928358364940844,0.018419007085109542,0.000589901115745306,0.0024423678405582905,0.006962258042767645,0.0024011809585458245,0.709691556693896,0.2790213924276453,44,0.1679154485464096,0.1679154485464096,0.1679154485464096,0.1679154485464096,0.1679154485464096,0.1679154485464096,0.0,3.730044859248593e-05,0
0.017233317484522507,-0.017233317484522507,0.15732645708917345,-0.020211638510227205,-0.01765113603323698,-0.013894849643111228,0.0026662322729754857,0.9874008214396524,0.8862675642021779,Reddit-S,-0.5271919842078538,-0.5528177320375789,-0.6998966581069708,-0.609548605110281,-0.1808998216347785,-0.2459690958657699,0.6941782688807421,0.5881293757505506,0.06744714470457637,0.9999999956518644,4.3481356293284534e-09,0.06744714470457637,0.0,0.6157386891225034,0.06400777846574783,0.06704839691519737,0.07122926488518715,0.0029704798447123815,0.9999999999999999,1.0,1,visual,0.024135899747839862,-0.024135899747839862,0.2203415331608354,-0.024219198897480965,-0.024114202708005905,-0.024097269959747793,4.7204178144331254e-05,-0.6674539051970547,-0.010606573581078114,0.0007222229674781858,-0.0007222229674781858,0.006593320224258642,-0.001625790330581367,-0.0005703290516976267,-0.00013775064144283533,0.0005607113115635076,0.6587106426042635,0.12433900503076456,44,0.10953858494758606,0.10953858494758606,0.10953858494758606,0.10953858494758606,0.10953858494758606,0.10953858494758606,0.0,8.823750507842493e-06,0
0.006444928923323843,-0.006444928923323843,0.009150407214842034,-0.0076502224430441855,-0.006669420283287764,-0.0049169987440109255,0.0011138271400748542,0.9018532943233653,0.6522628724742977,Reddit-S,-0.5271919842078538,-0.5528177320375789,-0.6998966581069708,-0.609548605110281,-0.1808998216347785,-0.2459690958657699,0.6941782688807421,0.5881293757505506,0.6727285706143387,0.9999983006144255,1.6993855744829034e-06,0.6727285706143387,0.0,0.9551292868261942,0.6706484138965607,0.6727182865142822,0.6746620655059814,0.0015400365680370107,1.0,1.0,2,visual,0.02420539091977197,-0.02420539091977197,0.0343664276744459,-0.024286973103880883,-0.02418414317071438,-0.02416754011064768,4.622927016358213e-05,-0.5751916636276317,-0.017266272350646556,0.0009535811386644543,-0.0009535811386644543,0.0013538792801259356,-0.0021465989295393227,-0.0007530292787123471,-0.00018187792738899589,0.000740330556839906,0.7592770026282202,0.36500170049077435,44,0.7043324708938599,0.7043324708938599,0.7043324708938599,0.7043324708938599,0.7043324708938599,0.7043324708938599,0.0,2.371712630891214e-06,0
0.009709109382188726,-0.009709109382188726,0.5328057624205047,-0.011054378375411034,-0.010064116213470697,-0.00810102941468358,0.0014291398702605625,0.890967790307489,0.5954739146888296,Reddit-S,-0.5271919842078538,-0.5528177320375789,-0.6998966581069708,-0.609548605110281,-0.1808998216347785,-0.2459690958657699,0.6941782688807421,0.5881293757505506,0.05386651635856258,1.000000025651985,2.5651984980612497e-08,-0.05386651635856258,0.9999999403953552,2.956027086275404,-0.05659260340034962,-0.053945815190672874,-0.05141438543796539,0.002138326399925963,1.0,1.0,3,visual,0.02451776942406733,-0.02451776942406733,1.3454590237498687,-0.024591310508549215,-0.024498621933162212,-0.024483649618923665,4.16685979653058e-05,-0.6317481120404308,-0.01231058929865203,0.001417031731857627,-0.001417031731857627,0.07776229956287203,-0.0031898688524961472,-0.0011190095101483166,-0.0002702725469134748,0.0011001390930225818,0.8102002067565404,0.4168367002618075,44,-0.01822260580956936,0.01822260580956936,0.01822260580956936,0.01822260580956936,0.01822260580956936,0.01822260580956936,0.0,4.57243979262033e-06,0
