variant,dataset,seed,modality,diagnostic,hop,expert,value,routing_entropy,top1_fraction,collapse_flag
global_expert,Movies,42,text,expert_load,all,0,0.24498704075813293,1.3841968774795532,0.0,
global_expert,Movies,42,text,expert_load,all,1,0.2670590877532959,1.3841968774795532,1.0,
global_expert,Movies,42,text,expert_load,all,2,0.26199132204055786,1.3841968774795532,0.0,
global_expert,Movies,42,text,expert_load,all,3,0.22596250474452972,1.3841968774795532,0.0,
global_expert,Movies,42,text,pairwise_expert_output_cosine,1,0:1,0.9625908136367798,,,
global_expert,Movies,42,text,pairwise_expert_output_cosine,1,0:2,0.96505206823349,,,
global_expert,Movies,42,text,pairwise_expert_output_cosine,1,0:3,0.9876546859741211,,,EXPERT_COLLAPSE_OBSERVED
global_expert,Movies,42,text,pairwise_expert_output_cosine,1,1:2,0.989384651184082,,,EXPERT_COLLAPSE_OBSERVED
global_expert,Movies,42,text,pairwise_expert_output_cosine,1,1:3,0.9660202264785767,,,
global_expert,Movies,42,text,pairwise_expert_output_cosine,1,2:3,0.9650434255599976,,,
global_expert,Movies,42,text,pairwise_expert_output_cosine,2,0:1,0.9616510272026062,,,
global_expert,Movies,42,text,pairwise_expert_output_cosine,2,0:2,0.9629821181297302,,,
global_expert,Movies,42,text,pairwise_expert_output_cosine,2,0:3,0.9887882471084595,,,EXPERT_COLLAPSE_OBSERVED
global_expert,Movies,42,text,pairwise_expert_output_cosine,2,1:2,0.9906476736068726,,,EXPERT_COLLAPSE_OBSERVED
global_expert,Movies,42,text,pairwise_expert_output_cosine,2,1:3,0.970072329044342,,,
global_expert,Movies,42,text,pairwise_expert_output_cosine,2,2:3,0.9697280526161194,,,
global_expert,Movies,42,text,pairwise_expert_output_cosine,3,0:1,0.9298189282417297,,,
global_expert,Movies,42,text,pairwise_expert_output_cosine,3,0:2,0.928200364112854,,,
global_expert,Movies,42,text,pairwise_expert_output_cosine,3,0:3,0.9762966632843018,,,
global_expert,Movies,42,text,pairwise_expert_output_cosine,3,1:2,0.9841909408569336,,,EXPERT_COLLAPSE_OBSERVED
global_expert,Movies,42,text,pairwise_expert_output_cosine,3,1:3,0.9590435028076172,,,
global_expert,Movies,42,text,pairwise_expert_output_cosine,3,2:3,0.9564438462257385,,,
global_expert,Movies,42,visual,expert_load,all,0,0.2607261538505554,1.384023904800415,0.0,
global_expert,Movies,42,visual,expert_load,all,1,0.2705490291118622,1.384023904800415,1.0,
global_expert,Movies,42,visual,expert_load,all,2,0.24157588183879852,1.384023904800415,0.0,
global_expert,Movies,42,visual,expert_load,all,3,0.22714892029762268,1.384023904800415,0.0,
global_expert,Movies,42,visual,pairwise_expert_output_cosine,1,0:1,0.9405192732810974,,,
global_expert,Movies,42,visual,pairwise_expert_output_cosine,1,0:2,0.9398899674415588,,,
global_expert,Movies,42,visual,pairwise_expert_output_cosine,1,0:3,0.9432055354118347,,,
global_expert,Movies,42,visual,pairwise_expert_output_cosine,1,1:2,0.9348386526107788,,,
global_expert,Movies,42,visual,pairwise_expert_output_cosine,1,1:3,0.9394295811653137,,,
global_expert,Movies,42,visual,pairwise_expert_output_cosine,1,2:3,0.9215840101242065,,,
global_expert,Movies,42,visual,pairwise_expert_output_cosine,2,0:1,0.9630178809165955,,,
global_expert,Movies,42,visual,pairwise_expert_output_cosine,2,0:2,0.9618250131607056,,,
global_expert,Movies,42,visual,pairwise_expert_output_cosine,2,0:3,0.9639785885810852,,,
global_expert,Movies,42,visual,pairwise_expert_output_cosine,2,1:2,0.9580518007278442,,,
global_expert,Movies,42,visual,pairwise_expert_output_cosine,2,1:3,0.9625945091247559,,,
global_expert,Movies,42,visual,pairwise_expert_output_cosine,2,2:3,0.9465134739875793,,,
global_expert,Movies,42,visual,pairwise_expert_output_cosine,3,0:1,0.9650386571884155,,,
global_expert,Movies,42,visual,pairwise_expert_output_cosine,3,0:2,0.96338951587677,,,
global_expert,Movies,42,visual,pairwise_expert_output_cosine,3,0:3,0.9634323716163635,,,
global_expert,Movies,42,visual,pairwise_expert_output_cosine,3,1:2,0.9566333889961243,,,
global_expert,Movies,42,visual,pairwise_expert_output_cosine,3,1:3,0.9622879028320312,,,
global_expert,Movies,42,visual,pairwise_expert_output_cosine,3,2:3,0.9452364444732666,,,
relation_expert,Movies,42,text,expert_load,all,0,0.22619026899337769,1.2576978206634521,0.007176527753472328,
relation_expert,Movies,42,text,expert_load,all,1,0.27112817764282227,1.2576978206634521,0.5441412329673767,
relation_expert,Movies,42,text,expert_load,all,2,0.2647048532962799,1.2576978206634521,0.028171291574835777,
relation_expert,Movies,42,text,expert_load,all,3,0.23797672986984253,1.2576978206634521,0.4205109477043152,
relation_expert,Movies,42,text,pairwise_expert_output_cosine,1,0:1,0.8982951641082764,,,
relation_expert,Movies,42,text,pairwise_expert_output_cosine,1,0:2,0.9084967374801636,,,
relation_expert,Movies,42,text,pairwise_expert_output_cosine,1,0:3,0.9859368801116943,,,EXPERT_COLLAPSE_OBSERVED
relation_expert,Movies,42,text,pairwise_expert_output_cosine,1,1:2,0.9928520917892456,,,EXPERT_COLLAPSE_OBSERVED
relation_expert,Movies,42,text,pairwise_expert_output_cosine,1,1:3,0.8754403591156006,,,
relation_expert,Movies,42,text,pairwise_expert_output_cosine,1,2:3,0.8847620487213135,,,
relation_expert,Movies,42,text,pairwise_expert_output_cosine,2,0:1,0.8725502490997314,,,
relation_expert,Movies,42,text,pairwise_expert_output_cosine,2,0:2,0.8811820149421692,,,
relation_expert,Movies,42,text,pairwise_expert_output_cosine,2,0:3,0.9855837225914001,,,EXPERT_COLLAPSE_OBSERVED
relation_expert,Movies,42,text,pairwise_expert_output_cosine,2,1:2,0.9945961833000183,,,EXPERT_COLLAPSE_OBSERVED
relation_expert,Movies,42,text,pairwise_expert_output_cosine,2,1:3,0.8531726598739624,,,
relation_expert,Movies,42,text,pairwise_expert_output_cosine,2,2:3,0.861690878868103,,,
relation_expert,Movies,42,text,pairwise_expert_output_cosine,3,0:1,0.7610296010971069,,,
relation_expert,Movies,42,text,pairwise_expert_output_cosine,3,0:2,0.7690133452415466,,,
relation_expert,Movies,42,text,pairwise_expert_output_cosine,3,0:3,0.9742674231529236,,,
relation_expert,Movies,42,text,pairwise_expert_output_cosine,3,1:2,0.9933885335922241,,,EXPERT_COLLAPSE_OBSERVED
relation_expert,Movies,42,text,pairwise_expert_output_cosine,3,1:3,0.7924778461456299,,,
relation_expert,Movies,42,text,pairwise_expert_output_cosine,3,2:3,0.7978197336196899,,,
relation_expert,Movies,42,visual,expert_load,all,0,0.2203454226255417,1.2355657815933228,0.1685178130865097,
relation_expert,Movies,42,visual,expert_load,all,1,0.33524754643440247,1.2355657815933228,0.6312048435211182,
relation_expert,Movies,42,visual,expert_load,all,2,0.1979871541261673,1.2355657815933228,0.18857352435588837,
relation_expert,Movies,42,visual,expert_load,all,3,0.24641987681388855,1.2355657815933228,0.011703834868967533,
relation_expert,Movies,42,visual,pairwise_expert_output_cosine,1,0:1,0.715347170829773,,,
relation_expert,Movies,42,visual,pairwise_expert_output_cosine,1,0:2,0.9481756687164307,,,
relation_expert,Movies,42,visual,pairwise_expert_output_cosine,1,0:3,0.7657039165496826,,,
relation_expert,Movies,42,visual,pairwise_expert_output_cosine,1,1:2,0.7313946485519409,,,
relation_expert,Movies,42,visual,pairwise_expert_output_cosine,1,1:3,0.8971022367477417,,,
relation_expert,Movies,42,visual,pairwise_expert_output_cosine,1,2:3,0.7739068865776062,,,
relation_expert,Movies,42,visual,pairwise_expert_output_cosine,2,0:1,0.7892565727233887,,,
relation_expert,Movies,42,visual,pairwise_expert_output_cosine,2,0:2,0.963534951210022,,,
relation_expert,Movies,42,visual,pairwise_expert_output_cosine,2,0:3,0.8328431248664856,,,
relation_expert,Movies,42,visual,pairwise_expert_output_cosine,2,1:2,0.7984365224838257,,,
relation_expert,Movies,42,visual,pairwise_expert_output_cosine,2,1:3,0.930164098739624,,,
relation_expert,Movies,42,visual,pairwise_expert_output_cosine,2,2:3,0.8366111516952515,,,
relation_expert,Movies,42,visual,pairwise_expert_output_cosine,3,0:1,0.8234485387802124,,,
relation_expert,Movies,42,visual,pairwise_expert_output_cosine,3,0:2,0.9647298455238342,,,
relation_expert,Movies,42,visual,pairwise_expert_output_cosine,3,0:3,0.8562633991241455,,,
relation_expert,Movies,42,visual,pairwise_expert_output_cosine,3,1:2,0.8265149593353271,,,
relation_expert,Movies,42,visual,pairwise_expert_output_cosine,3,1:3,0.9355365037918091,,,
relation_expert,Movies,42,visual,pairwise_expert_output_cosine,3,2:3,0.8563547134399414,,,
global_expert,Movies,43,text,expert_load,all,0,0.302437424659729,1.3773903846740723,1.0,
global_expert,Movies,43,text,expert_load,all,1,0.22690032422542572,1.3773903846740723,0.0,
global_expert,Movies,43,text,expert_load,all,2,0.2149146944284439,1.3773903846740723,0.0,
global_expert,Movies,43,text,expert_load,all,3,0.255747526884079,1.3773903846740723,0.0,
global_expert,Movies,43,text,pairwise_expert_output_cosine,1,0:1,0.9777723550796509,,,
global_expert,Movies,43,text,pairwise_expert_output_cosine,1,0:2,0.9672209620475769,,,
global_expert,Movies,43,text,pairwise_expert_output_cosine,1,0:3,0.9784440398216248,,,
global_expert,Movies,43,text,pairwise_expert_output_cosine,1,1:2,0.966880202293396,,,
global_expert,Movies,43,text,pairwise_expert_output_cosine,1,1:3,0.9711467027664185,,,
global_expert,Movies,43,text,pairwise_expert_output_cosine,1,2:3,0.9752292633056641,,,
global_expert,Movies,43,text,pairwise_expert_output_cosine,2,0:1,0.9813231825828552,,,EXPERT_COLLAPSE_OBSERVED
global_expert,Movies,43,text,pairwise_expert_output_cosine,2,0:2,0.9724606275558472,,,
global_expert,Movies,43,text,pairwise_expert_output_cosine,2,0:3,0.9817334413528442,,,EXPERT_COLLAPSE_OBSERVED
global_expert,Movies,43,text,pairwise_expert_output_cosine,2,1:2,0.9747655391693115,,,
global_expert,Movies,43,text,pairwise_expert_output_cosine,2,1:3,0.9740577936172485,,,
global_expert,Movies,43,text,pairwise_expert_output_cosine,2,2:3,0.9782171845436096,,,
global_expert,Movies,43,text,pairwise_expert_output_cosine,3,0:1,0.9724252820014954,,,
global_expert,Movies,43,text,pairwise_expert_output_cosine,3,0:2,0.9534635543823242,,,
global_expert,Movies,43,text,pairwise_expert_output_cosine,3,0:3,0.9730143547058105,,,
global_expert,Movies,43,text,pairwise_expert_output_cosine,3,1:2,0.9632316827774048,,,
global_expert,Movies,43,text,pairwise_expert_output_cosine,3,1:3,0.9616016149520874,,,
global_expert,Movies,43,text,pairwise_expert_output_cosine,3,2:3,0.9604662656784058,,,
global_expert,Movies,43,visual,expert_load,all,0,0.2302928864955902,1.3720567226409912,0.0,
global_expert,Movies,43,visual,expert_load,all,1,0.25512269139289856,1.3720567226409912,0.0,
global_expert,Movies,43,visual,expert_load,all,2,0.19931598007678986,1.3720567226409912,0.0,
global_expert,Movies,43,visual,expert_load,all,3,0.31526845693588257,1.3720567226409912,1.0,
global_expert,Movies,43,visual,pairwise_expert_output_cosine,1,0:1,0.9225872755050659,,,
global_expert,Movies,43,visual,pairwise_expert_output_cosine,1,0:2,0.9365584850311279,,,
global_expert,Movies,43,visual,pairwise_expert_output_cosine,1,0:3,0.8907468318939209,,,
global_expert,Movies,43,visual,pairwise_expert_output_cosine,1,1:2,0.9358293414115906,,,
global_expert,Movies,43,visual,pairwise_expert_output_cosine,1,1:3,0.9121347665786743,,,
global_expert,Movies,43,visual,pairwise_expert_output_cosine,1,2:3,0.919555127620697,,,
global_expert,Movies,43,visual,pairwise_expert_output_cosine,2,0:1,0.9539709091186523,,,
global_expert,Movies,43,visual,pairwise_expert_output_cosine,2,0:2,0.9641817808151245,,,
global_expert,Movies,43,visual,pairwise_expert_output_cosine,2,0:3,0.9235537052154541,,,
global_expert,Movies,43,visual,pairwise_expert_output_cosine,2,1:2,0.9626877307891846,,,
global_expert,Movies,43,visual,pairwise_expert_output_cosine,2,1:3,0.9423143267631531,,,
global_expert,Movies,43,visual,pairwise_expert_output_cosine,2,2:3,0.9445685148239136,,,
global_expert,Movies,43,visual,pairwise_expert_output_cosine,3,0:1,0.9533514976501465,,,
global_expert,Movies,43,visual,pairwise_expert_output_cosine,3,0:2,0.9650242924690247,,,
global_expert,Movies,43,visual,pairwise_expert_output_cosine,3,0:3,0.9272658228874207,,,
global_expert,Movies,43,visual,pairwise_expert_output_cosine,3,1:2,0.9658154249191284,,,
global_expert,Movies,43,visual,pairwise_expert_output_cosine,3,1:3,0.9444761276245117,,,
global_expert,Movies,43,visual,pairwise_expert_output_cosine,3,2:3,0.9444265365600586,,,
relation_expert,Movies,43,text,expert_load,all,0,0.32153692841529846,1.238371729850769,0.6404522657394409,
relation_expert,Movies,43,text,expert_load,all,1,0.20343972742557526,1.238371729850769,0.00041044267709366977,
relation_expert,Movies,43,text,expert_load,all,2,0.22002564370632172,1.238371729850769,0.3447531759738922,
relation_expert,Movies,43,text,expert_load,all,3,0.25499770045280457,1.238371729850769,0.014384149573743343,
relation_expert,Movies,43,text,pairwise_expert_output_cosine,1,0:1,0.8742779493331909,,,
relation_expert,Movies,43,text,pairwise_expert_output_cosine,1,0:2,0.6610608696937561,,,
relation_expert,Movies,43,text,pairwise_expert_output_cosine,1,0:3,0.9819842576980591,,,EXPERT_COLLAPSE_OBSERVED
relation_expert,Movies,43,text,pairwise_expert_output_cosine,1,1:2,0.8806936740875244,,,
relation_expert,Movies,43,text,pairwise_expert_output_cosine,1,1:3,0.9194234013557434,,,
relation_expert,Movies,43,text,pairwise_expert_output_cosine,1,2:3,0.7467260360717773,,,
relation_expert,Movies,43,text,pairwise_expert_output_cosine,2,0:1,0.8568751811981201,,,
relation_expert,Movies,43,text,pairwise_expert_output_cosine,2,0:2,0.5797760486602783,,,
relation_expert,Movies,43,text,pairwise_expert_output_cosine,2,0:3,0.9828749299049377,,,EXPERT_COLLAPSE_OBSERVED
relation_expert,Movies,43,text,pairwise_expert_output_cosine,2,1:2,0.8627810478210449,,,
relation_expert,Movies,43,text,pairwise_expert_output_cosine,2,1:3,0.9073633551597595,,,
relation_expert,Movies,43,text,pairwise_expert_output_cosine,2,2:3,0.6725404262542725,,,
relation_expert,Movies,43,text,pairwise_expert_output_cosine,3,0:1,0.7736383676528931,,,
relation_expert,Movies,43,text,pairwise_expert_output_cosine,3,0:2,0.4003661870956421,,,
relation_expert,Movies,43,text,pairwise_expert_output_cosine,3,0:3,0.9791097044944763,,,
relation_expert,Movies,43,text,pairwise_expert_output_cosine,3,1:2,0.8206026554107666,,,
relation_expert,Movies,43,text,pairwise_expert_output_cosine,3,1:3,0.8401845693588257,,,
relation_expert,Movies,43,text,pairwise_expert_output_cosine,3,2:3,0.5053722858428955,,,
relation_expert,Movies,43,visual,expert_load,all,0,0.2127549797296524,1.109435796737671,0.003128070617094636,
relation_expert,Movies,43,visual,expert_load,all,1,0.18302537500858307,1.109435796737671,8.084476576186717e-05,
relation_expert,Movies,43,visual,expert_load,all,2,0.2790758013725281,1.109435796737671,0.5107399225234985,
relation_expert,Movies,43,visual,expert_load,all,3,0.32514387369155884,1.109435796737671,0.48605117201805115,
relation_expert,Movies,43,visual,pairwise_expert_output_cosine,1,0:1,0.7051418423652649,,,
relation_expert,Movies,43,visual,pairwise_expert_output_cosine,1,0:2,0.8406845331192017,,,
relation_expert,Movies,43,visual,pairwise_expert_output_cosine,1,0:3,0.5651834607124329,,,
relation_expert,Movies,43,visual,pairwise_expert_output_cosine,1,1:2,0.5710402131080627,,,
relation_expert,Movies,43,visual,pairwise_expert_output_cosine,1,1:3,0.9250204563140869,,,
relation_expert,Movies,43,visual,pairwise_expert_output_cosine,1,2:3,0.4271242916584015,,,
relation_expert,Movies,43,visual,pairwise_expert_output_cosine,2,0:1,0.785973310470581,,,
relation_expert,Movies,43,visual,pairwise_expert_output_cosine,2,0:2,0.9018088579177856,,,
relation_expert,Movies,43,visual,pairwise_expert_output_cosine,2,0:3,0.6674268245697021,,,
relation_expert,Movies,43,visual,pairwise_expert_output_cosine,2,1:2,0.6919199228286743,,,
relation_expert,Movies,43,visual,pairwise_expert_output_cosine,2,1:3,0.9453299641609192,,,
relation_expert,Movies,43,visual,pairwise_expert_output_cosine,2,2:3,0.5636904239654541,,,
relation_expert,Movies,43,visual,pairwise_expert_output_cosine,3,0:1,0.7952119708061218,,,
relation_expert,Movies,43,visual,pairwise_expert_output_cosine,3,0:2,0.9178518652915955,,,
relation_expert,Movies,43,visual,pairwise_expert_output_cosine,3,0:3,0.6746758222579956,,,
relation_expert,Movies,43,visual,pairwise_expert_output_cosine,3,1:2,0.7445777654647827,,,
relation_expert,Movies,43,visual,pairwise_expert_output_cosine,3,1:3,0.9438562989234924,,,
relation_expert,Movies,43,visual,pairwise_expert_output_cosine,3,2:3,0.6133999228477478,,,
global_expert,Movies,44,text,expert_load,all,0,0.18448388576507568,1.3498905897140503,0.0,
global_expert,Movies,44,text,expert_load,all,1,0.18255378305912018,1.3498905897140503,0.0,
global_expert,Movies,44,text,expert_load,all,2,0.33039313554763794,1.3498905897140503,1.0,
global_expert,Movies,44,text,expert_load,all,3,0.302569180727005,1.3498905897140503,0.0,
global_expert,Movies,44,text,pairwise_expert_output_cosine,1,0:1,0.9844152927398682,,,EXPERT_COLLAPSE_OBSERVED
global_expert,Movies,44,text,pairwise_expert_output_cosine,1,0:2,0.9783685207366943,,,
global_expert,Movies,44,text,pairwise_expert_output_cosine,1,0:3,0.981619119644165,,,EXPERT_COLLAPSE_OBSERVED
global_expert,Movies,44,text,pairwise_expert_output_cosine,1,1:2,0.9726892113685608,,,
global_expert,Movies,44,text,pairwise_expert_output_cosine,1,1:3,0.9811733961105347,,,EXPERT_COLLAPSE_OBSERVED
global_expert,Movies,44,text,pairwise_expert_output_cosine,1,2:3,0.9845724105834961,,,EXPERT_COLLAPSE_OBSERVED
global_expert,Movies,44,text,pairwise_expert_output_cosine,2,0:1,0.9780325889587402,,,
global_expert,Movies,44,text,pairwise_expert_output_cosine,2,0:2,0.9814878702163696,,,EXPERT_COLLAPSE_OBSERVED
global_expert,Movies,44,text,pairwise_expert_output_cosine,2,0:3,0.9826838970184326,,,EXPERT_COLLAPSE_OBSERVED
global_expert,Movies,44,text,pairwise_expert_output_cosine,2,1:2,0.9702906608581543,,,
global_expert,Movies,44,text,pairwise_expert_output_cosine,2,1:3,0.9772599935531616,,,
global_expert,Movies,44,text,pairwise_expert_output_cosine,2,2:3,0.9862641096115112,,,EXPERT_COLLAPSE_OBSERVED
global_expert,Movies,44,text,pairwise_expert_output_cosine,3,0:1,0.9543987512588501,,,
global_expert,Movies,44,text,pairwise_expert_output_cosine,3,0:2,0.9760412573814392,,,
global_expert,Movies,44,text,pairwise_expert_output_cosine,3,0:3,0.9648209810256958,,,
global_expert,Movies,44,text,pairwise_expert_output_cosine,3,1:2,0.9492605924606323,,,
global_expert,Movies,44,text,pairwise_expert_output_cosine,3,1:3,0.9531877636909485,,,
global_expert,Movies,44,text,pairwise_expert_output_cosine,3,2:3,0.9717581272125244,,,
global_expert,Movies,44,visual,expert_load,all,0,0.21532659232616425,1.3701415061950684,0.0,
global_expert,Movies,44,visual,expert_load,all,1,0.3273153603076935,1.3701415061950684,1.0,
global_expert,Movies,44,visual,expert_load,all,2,0.24279804527759552,1.3701415061950684,0.0,
global_expert,Movies,44,visual,expert_load,all,3,0.21456003189086914,1.3701415061950684,0.0,
global_expert,Movies,44,visual,pairwise_expert_output_cosine,1,0:1,0.9217008352279663,,,
global_expert,Movies,44,visual,pairwise_expert_output_cosine,1,0:2,0.9196692109107971,,,
global_expert,Movies,44,visual,pairwise_expert_output_cosine,1,0:3,0.9022473096847534,,,
global_expert,Movies,44,visual,pairwise_expert_output_cosine,1,1:2,0.9265691041946411,,,
global_expert,Movies,44,visual,pairwise_expert_output_cosine,1,1:3,0.8808920383453369,,,
global_expert,Movies,44,visual,pairwise_expert_output_cosine,1,2:3,0.8775018453598022,,,
global_expert,Movies,44,visual,pairwise_expert_output_cosine,2,0:1,0.9505929946899414,,,
global_expert,Movies,44,visual,pairwise_expert_output_cosine,2,0:2,0.9486104846000671,,,
global_expert,Movies,44,visual,pairwise_expert_output_cosine,2,0:3,0.9400547742843628,,,
global_expert,Movies,44,visual,pairwise_expert_output_cosine,2,1:2,0.9548248052597046,,,
global_expert,Movies,44,visual,pairwise_expert_output_cosine,2,1:3,0.9245898127555847,,,
global_expert,Movies,44,visual,pairwise_expert_output_cosine,2,2:3,0.9170804619789124,,,
global_expert,Movies,44,visual,pairwise_expert_output_cosine,3,0:1,0.9472094774246216,,,
global_expert,Movies,44,visual,pairwise_expert_output_cosine,3,0:2,0.9481035470962524,,,
global_expert,Movies,44,visual,pairwise_expert_output_cosine,3,0:3,0.9383448362350464,,,
global_expert,Movies,44,visual,pairwise_expert_output_cosine,3,1:2,0.9572209119796753,,,
global_expert,Movies,44,visual,pairwise_expert_output_cosine,3,1:3,0.9278973340988159,,,
global_expert,Movies,44,visual,pairwise_expert_output_cosine,3,2:3,0.9213606119155884,,,
relation_expert,Movies,44,text,expert_load,all,0,0.17524442076683044,0.9420844912528992,0.005261128768324852,
relation_expert,Movies,44,text,expert_load,all,1,0.36301565170288086,0.9420844912528992,0.5793522596359253,
relation_expert,Movies,44,text,expert_load,all,2,0.14317744970321655,0.9420844912528992,0.004757403861731291,
relation_expert,Movies,44,text,expert_load,all,3,0.31856247782707214,0.9420844912528992,0.4106292426586151,
relation_expert,Movies,44,text,pairwise_expert_output_cosine,1,0:1,0.8743384480476379,,,
relation_expert,Movies,44,text,pairwise_expert_output_cosine,1,0:2,0.9609952569007874,,,
relation_expert,Movies,44,text,pairwise_expert_output_cosine,1,0:3,0.9000837206840515,,,
relation_expert,Movies,44,text,pairwise_expert_output_cosine,1,1:2,0.8270270824432373,,,
relation_expert,Movies,44,text,pairwise_expert_output_cosine,1,1:3,0.6940837502479553,,,
relation_expert,Movies,44,text,pairwise_expert_output_cosine,1,2:3,0.9519518613815308,,,
relation_expert,Movies,44,text,pairwise_expert_output_cosine,2,0:1,0.7112016081809998,,,
relation_expert,Movies,44,text,pairwise_expert_output_cosine,2,0:2,0.9388580322265625,,,
relation_expert,Movies,44,text,pairwise_expert_output_cosine,2,0:3,0.8129004240036011,,,
relation_expert,Movies,44,text,pairwise_expert_output_cosine,2,1:2,0.5812838673591614,,,
relation_expert,Movies,44,text,pairwise_expert_output_cosine,2,1:3,0.37118440866470337,,,
relation_expert,Movies,44,text,pairwise_expert_output_cosine,2,2:3,0.9235856533050537,,,
relation_expert,Movies,44,text,pairwise_expert_output_cosine,3,0:1,0.5061614513397217,,,
relation_expert,Movies,44,text,pairwise_expert_output_cosine,3,0:2,0.906777560710907,,,
relation_expert,Movies,44,text,pairwise_expert_output_cosine,3,0:3,0.6610432863235474,,,
relation_expert,Movies,44,text,pairwise_expert_output_cosine,3,1:2,0.28472232818603516,,,
relation_expert,Movies,44,text,pairwise_expert_output_cosine,3,1:3,-0.05483253300189972,,,
relation_expert,Movies,44,text,pairwise_expert_output_cosine,3,2:3,0.8476691246032715,,,
relation_expert,Movies,44,visual,expert_load,all,0,0.1639285534620285,0.9958693385124207,0.00032337906304746866,
relation_expert,Movies,44,visual,expert_load,all,1,0.37880685925483704,0.9958693385124207,0.5740662813186646,
relation_expert,Movies,44,visual,expert_load,all,2,0.16037507355213165,0.9958693385124207,0.005951418541371822,
relation_expert,Movies,44,visual,expert_load,all,3,0.2968895435333252,0.9958693385124207,0.41965895891189575,
relation_expert,Movies,44,visual,pairwise_expert_output_cosine,1,0:1,0.8168442845344543,,,
relation_expert,Movies,44,visual,pairwise_expert_output_cosine,1,0:2,0.893913984298706,,,
relation_expert,Movies,44,visual,pairwise_expert_output_cosine,1,0:3,0.013445756398141384,,,
relation_expert,Movies,44,visual,pairwise_expert_output_cosine,1,1:2,0.7142927646636963,,,
relation_expert,Movies,44,visual,pairwise_expert_output_cosine,1,1:3,-0.428165078163147,,,
relation_expert,Movies,44,visual,pairwise_expert_output_cosine,1,2:3,0.18070077896118164,,,
relation_expert,Movies,44,visual,pairwise_expert_output_cosine,2,0:1,0.8442306518554688,,,
relation_expert,Movies,44,visual,pairwise_expert_output_cosine,2,0:2,0.9219473600387573,,,
relation_expert,Movies,44,visual,pairwise_expert_output_cosine,2,0:3,0.056377820670604706,,,
relation_expert,Movies,44,visual,pairwise_expert_output_cosine,2,1:2,0.7332690954208374,,,
relation_expert,Movies,44,visual,pairwise_expert_output_cosine,2,1:3,-0.3620845675468445,,,
relation_expert,Movies,44,visual,pairwise_expert_output_cosine,2,2:3,0.230621337890625,,,
relation_expert,Movies,44,visual,pairwise_expert_output_cosine,3,0:1,0.834521472454071,,,
relation_expert,Movies,44,visual,pairwise_expert_output_cosine,3,0:2,0.9088130593299866,,,
relation_expert,Movies,44,visual,pairwise_expert_output_cosine,3,0:3,0.11740030348300934,,,
relation_expert,Movies,44,visual,pairwise_expert_output_cosine,3,1:2,0.7021487355232239,,,
relation_expert,Movies,44,visual,pairwise_expert_output_cosine,3,1:3,-0.2991655766963959,,,
relation_expert,Movies,44,visual,pairwise_expert_output_cosine,3,2:3,0.31358563899993896,,,
global_expert,Toys,42,text,expert_load,all,0,0.26660144329071045,1.3834805488586426,0.0,
global_expert,Toys,42,text,expert_load,all,1,0.24373672902584076,1.3834805488586426,0.0,
global_expert,Toys,42,text,expert_load,all,2,0.2674229145050049,1.3834805488586426,1.0,
global_expert,Toys,42,text,expert_load,all,3,0.2222389429807663,1.3834805488586426,0.0,
global_expert,Toys,42,text,pairwise_expert_output_cosine,1,0:1,0.8733421564102173,,,
global_expert,Toys,42,text,pairwise_expert_output_cosine,1,0:2,0.9149701595306396,,,
global_expert,Toys,42,text,pairwise_expert_output_cosine,1,0:3,0.9100112915039062,,,
global_expert,Toys,42,text,pairwise_expert_output_cosine,1,1:2,0.9106538891792297,,,
global_expert,Toys,42,text,pairwise_expert_output_cosine,1,1:3,0.9274308085441589,,,
global_expert,Toys,42,text,pairwise_expert_output_cosine,1,2:3,0.9353669881820679,,,
global_expert,Toys,42,text,pairwise_expert_output_cosine,2,0:1,0.8912651538848877,,,
global_expert,Toys,42,text,pairwise_expert_output_cosine,2,0:2,0.9234621524810791,,,
global_expert,Toys,42,text,pairwise_expert_output_cosine,2,0:3,0.9195815324783325,,,
global_expert,Toys,42,text,pairwise_expert_output_cosine,2,1:2,0.9289079308509827,,,
global_expert,Toys,42,text,pairwise_expert_output_cosine,2,1:3,0.9427284002304077,,,
global_expert,Toys,42,text,pairwise_expert_output_cosine,2,2:3,0.9468910694122314,,,
global_expert,Toys,42,text,pairwise_expert_output_cosine,3,0:1,0.9053585529327393,,,
global_expert,Toys,42,text,pairwise_expert_output_cosine,3,0:2,0.9179125428199768,,,
global_expert,Toys,42,text,pairwise_expert_output_cosine,3,0:3,0.9202525615692139,,,
global_expert,Toys,42,text,pairwise_expert_output_cosine,3,1:2,0.9412680864334106,,,
global_expert,Toys,42,text,pairwise_expert_output_cosine,3,1:3,0.9500092267990112,,,
global_expert,Toys,42,text,pairwise_expert_output_cosine,3,2:3,0.9512051939964294,,,
global_expert,Toys,42,visual,expert_load,all,0,0.26805129647254944,1.3774123191833496,0.0,
global_expert,Toys,42,visual,expert_load,all,1,0.2780805826187134,1.3774123191833496,1.0,
global_expert,Toys,42,visual,expert_load,all,2,0.19493357837200165,1.3774123191833496,0.0,
global_expert,Toys,42,visual,expert_load,all,3,0.25893455743789673,1.3774123191833496,0.0,
global_expert,Toys,42,visual,pairwise_expert_output_cosine,1,0:1,0.7851148247718811,,,
global_expert,Toys,42,visual,pairwise_expert_output_cosine,1,0:2,0.6843878030776978,,,
global_expert,Toys,42,visual,pairwise_expert_output_cosine,1,0:3,0.702562689781189,,,
global_expert,Toys,42,visual,pairwise_expert_output_cosine,1,1:2,0.6346886157989502,,,
global_expert,Toys,42,visual,pairwise_expert_output_cosine,1,1:3,0.6277143359184265,,,
global_expert,Toys,42,visual,pairwise_expert_output_cosine,1,2:3,0.7844935059547424,,,
global_expert,Toys,42,visual,pairwise_expert_output_cosine,2,0:1,0.8062748908996582,,,
global_expert,Toys,42,visual,pairwise_expert_output_cosine,2,0:2,0.7246146202087402,,,
global_expert,Toys,42,visual,pairwise_expert_output_cosine,2,0:3,0.7403262853622437,,,
global_expert,Toys,42,visual,pairwise_expert_output_cosine,2,1:2,0.6693009734153748,,,
global_expert,Toys,42,visual,pairwise_expert_output_cosine,2,1:3,0.6680327653884888,,,
global_expert,Toys,42,visual,pairwise_expert_output_cosine,2,2:3,0.8206579685211182,,,
global_expert,Toys,42,visual,pairwise_expert_output_cosine,3,0:1,0.828437864780426,,,
global_expert,Toys,42,visual,pairwise_expert_output_cosine,3,0:2,0.7724666595458984,,,
global_expert,Toys,42,visual,pairwise_expert_output_cosine,3,0:3,0.7920842170715332,,,
global_expert,Toys,42,visual,pairwise_expert_output_cosine,3,1:2,0.7239896059036255,,,
global_expert,Toys,42,visual,pairwise_expert_output_cosine,3,1:3,0.7287400364875793,,,
global_expert,Toys,42,visual,pairwise_expert_output_cosine,3,2:3,0.8484127521514893,,,
relation_expert,Toys,42,text,expert_load,all,0,0.33001431822776794,0.9342569708824158,0.43667662143707275,
relation_expert,Toys,42,text,expert_load,all,1,0.15402080118656158,0.9342569708824158,0.003483183914795518,
relation_expert,Toys,42,text,expert_load,all,2,0.15036088228225708,0.9342569708824158,0.015370099805295467,
relation_expert,Toys,42,text,expert_load,all,3,0.3656040132045746,0.9342569708824158,0.5444701313972473,
relation_expert,Toys,42,text,pairwise_expert_output_cosine,1,0:1,0.4340243339538574,,,
relation_expert,Toys,42,text,pairwise_expert_output_cosine,1,0:2,0.6294386386871338,,,
relation_expert,Toys,42,text,pairwise_expert_output_cosine,1,0:3,0.2652372717857361,,,
relation_expert,Toys,42,text,pairwise_expert_output_cosine,1,1:2,0.8306230306625366,,,
relation_expert,Toys,42,text,pairwise_expert_output_cosine,1,1:3,0.8865147233009338,,,
relation_expert,Toys,42,text,pairwise_expert_output_cosine,1,2:3,0.7964118719100952,,,
relation_expert,Toys,42,text,pairwise_expert_output_cosine,2,0:1,0.4551025927066803,,,
relation_expert,Toys,42,text,pairwise_expert_output_cosine,2,0:2,0.6427581310272217,,,
relation_expert,Toys,42,text,pairwise_expert_output_cosine,2,0:3,0.2983236014842987,,,
relation_expert,Toys,42,text,pairwise_expert_output_cosine,2,1:2,0.8532755374908447,,,
relation_expert,Toys,42,text,pairwise_expert_output_cosine,2,1:3,0.9026377201080322,,,
relation_expert,Toys,42,text,pairwise_expert_output_cosine,2,2:3,0.8144341111183167,,,
relation_expert,Toys,42,text,pairwise_expert_output_cosine,3,0:1,0.49674129486083984,,,
relation_expert,Toys,42,text,pairwise_expert_output_cosine,3,0:2,0.658494234085083,,,
relation_expert,Toys,42,text,pairwise_expert_output_cosine,3,0:3,0.3580511808395386,,,
relation_expert,Toys,42,text,pairwise_expert_output_cosine,3,1:2,0.8736599087715149,,,
relation_expert,Toys,42,text,pairwise_expert_output_cosine,3,1:3,0.9158939719200134,,,
relation_expert,Toys,42,text,pairwise_expert_output_cosine,3,2:3,0.8317945599555969,,,
relation_expert,Toys,42,visual,expert_load,all,0,0.17116498947143555,1.125688910484314,0.0017989100888371468,
relation_expert,Toys,42,visual,expert_load,all,1,0.23303942382335663,1.125688910484314,0.3432920277118683,
relation_expert,Toys,42,visual,expert_load,all,2,0.3122927248477936,1.125688910484314,0.6166205406188965,
relation_expert,Toys,42,visual,expert_load,all,3,0.2835029065608978,1.125688910484314,0.03828856721520424,
relation_expert,Toys,42,visual,pairwise_expert_output_cosine,1,0:1,0.7291839122772217,,,
relation_expert,Toys,42,visual,pairwise_expert_output_cosine,1,0:2,0.31902334094047546,,,
relation_expert,Toys,42,visual,pairwise_expert_output_cosine,1,0:3,0.4423838257789612,,,
relation_expert,Toys,42,visual,pairwise_expert_output_cosine,1,1:2,-0.03190653398633003,,,
relation_expert,Toys,42,visual,pairwise_expert_output_cosine,1,1:3,0.08048854768276215,,,
relation_expert,Toys,42,visual,pairwise_expert_output_cosine,1,2:3,0.8402943015098572,,,
relation_expert,Toys,42,visual,pairwise_expert_output_cosine,2,0:1,0.7392870783805847,,,
relation_expert,Toys,42,visual,pairwise_expert_output_cosine,2,0:2,0.3712994456291199,,,
relation_expert,Toys,42,visual,pairwise_expert_output_cosine,2,0:3,0.4950481653213501,,,
relation_expert,Toys,42,visual,pairwise_expert_output_cosine,2,1:2,0.014669305644929409,,,
relation_expert,Toys,42,visual,pairwise_expert_output_cosine,2,1:3,0.13289101421833038,,,
relation_expert,Toys,42,visual,pairwise_expert_output_cosine,2,2:3,0.8625977039337158,,,
relation_expert,Toys,42,visual,pairwise_expert_output_cosine,3,0:1,0.7599009275436401,,,
relation_expert,Toys,42,visual,pairwise_expert_output_cosine,3,0:2,0.4791361689567566,,,
relation_expert,Toys,42,visual,pairwise_expert_output_cosine,3,0:3,0.5942209362983704,,,
relation_expert,Toys,42,visual,pairwise_expert_output_cosine,3,1:2,0.1607086956501007,,,
relation_expert,Toys,42,visual,pairwise_expert_output_cosine,3,1:3,0.27472740411758423,,,
relation_expert,Toys,42,visual,pairwise_expert_output_cosine,3,2:3,0.8766380548477173,,,
global_expert,Toys,43,text,expert_load,all,0,0.279299795627594,1.3799307346343994,1.0,
global_expert,Toys,43,text,expert_load,all,1,0.27209943532943726,1.3799307346343994,0.0,
global_expert,Toys,43,text,expert_load,all,2,0.2394471913576126,1.3799307346343994,0.0,
global_expert,Toys,43,text,expert_load,all,3,0.20915354788303375,1.3799307346343994,0.0,
global_expert,Toys,43,text,pairwise_expert_output_cosine,1,0:1,0.9051668643951416,,,
global_expert,Toys,43,text,pairwise_expert_output_cosine,1,0:2,0.9389073252677917,,,
global_expert,Toys,43,text,pairwise_expert_output_cosine,1,0:3,0.8884495496749878,,,
global_expert,Toys,43,text,pairwise_expert_output_cosine,1,1:2,0.9152421355247498,,,
global_expert,Toys,43,text,pairwise_expert_output_cosine,1,1:3,0.8886343240737915,,,
global_expert,Toys,43,text,pairwise_expert_output_cosine,1,2:3,0.8707660436630249,,,
global_expert,Toys,43,text,pairwise_expert_output_cosine,2,0:1,0.9212403297424316,,,
global_expert,Toys,43,text,pairwise_expert_output_cosine,2,0:2,0.9484783411026001,,,
global_expert,Toys,43,text,pairwise_expert_output_cosine,2,0:3,0.9187734723091125,,,
global_expert,Toys,43,text,pairwise_expert_output_cosine,2,1:2,0.9306689500808716,,,
global_expert,Toys,43,text,pairwise_expert_output_cosine,2,1:3,0.9046584367752075,,,
global_expert,Toys,43,text,pairwise_expert_output_cosine,2,2:3,0.9051893353462219,,,
global_expert,Toys,43,text,pairwise_expert_output_cosine,3,0:1,0.9283303022384644,,,
global_expert,Toys,43,text,pairwise_expert_output_cosine,3,0:2,0.9515087604522705,,,
global_expert,Toys,43,text,pairwise_expert_output_cosine,3,0:3,0.9300717115402222,,,
global_expert,Toys,43,text,pairwise_expert_output_cosine,3,1:2,0.9381624460220337,,,
global_expert,Toys,43,text,pairwise_expert_output_cosine,3,1:3,0.9142969846725464,,,
global_expert,Toys,43,text,pairwise_expert_output_cosine,3,2:3,0.9232754707336426,,,
global_expert,Toys,43,visual,expert_load,all,0,0.31520169973373413,1.3746739625930786,1.0,
global_expert,Toys,43,visual,expert_load,all,1,0.21778395771980286,1.3746739625930786,0.0,
global_expert,Toys,43,visual,expert_load,all,2,0.2228170782327652,1.3746739625930786,0.0,
global_expert,Toys,43,visual,expert_load,all,3,0.24419723451137543,1.3746739625930786,0.0,
global_expert,Toys,43,visual,pairwise_expert_output_cosine,1,0:1,0.7949914932250977,,,
global_expert,Toys,43,visual,pairwise_expert_output_cosine,1,0:2,0.78420090675354,,,
global_expert,Toys,43,visual,pairwise_expert_output_cosine,1,0:3,0.8002418279647827,,,
global_expert,Toys,43,visual,pairwise_expert_output_cosine,1,1:2,0.7222538590431213,,,
global_expert,Toys,43,visual,pairwise_expert_output_cosine,1,1:3,0.7965914607048035,,,
global_expert,Toys,43,visual,pairwise_expert_output_cosine,1,2:3,0.7941307425498962,,,
global_expert,Toys,43,visual,pairwise_expert_output_cosine,2,0:1,0.8183982372283936,,,
global_expert,Toys,43,visual,pairwise_expert_output_cosine,2,0:2,0.8086233139038086,,,
global_expert,Toys,43,visual,pairwise_expert_output_cosine,2,0:3,0.82733154296875,,,
global_expert,Toys,43,visual,pairwise_expert_output_cosine,2,1:2,0.7435705661773682,,,
global_expert,Toys,43,visual,pairwise_expert_output_cosine,2,1:3,0.820937991142273,,,
global_expert,Toys,43,visual,pairwise_expert_output_cosine,2,2:3,0.8178696632385254,,,
global_expert,Toys,43,visual,pairwise_expert_output_cosine,3,0:1,0.8414363861083984,,,
global_expert,Toys,43,visual,pairwise_expert_output_cosine,3,0:2,0.8297547101974487,,,
global_expert,Toys,43,visual,pairwise_expert_output_cosine,3,0:3,0.8464385867118835,,,
global_expert,Toys,43,visual,pairwise_expert_output_cosine,3,1:2,0.776198148727417,,,
global_expert,Toys,43,visual,pairwise_expert_output_cosine,3,1:3,0.8431268334388733,,,
global_expert,Toys,43,visual,pairwise_expert_output_cosine,3,2:3,0.8422863483428955,,,
relation_expert,Toys,43,text,expert_load,all,0,0.3831520080566406,1.1575679779052734,0.7777817249298096,
relation_expert,Toys,43,text,expert_load,all,1,0.20682981610298157,1.1575679779052734,0.002142819343134761,
relation_expert,Toys,43,text,expert_load,all,2,0.2342829704284668,1.1575679779052734,0.0005996366962790489,
relation_expert,Toys,43,text,expert_load,all,3,0.1757352352142334,1.1575679779052734,0.2194758504629135,
relation_expert,Toys,43,text,pairwise_expert_output_cosine,1,0:1,0.8755468130111694,,,
relation_expert,Toys,43,text,pairwise_expert_output_cosine,1,0:2,0.9291003346443176,,,
relation_expert,Toys,43,text,pairwise_expert_output_cosine,1,0:3,0.048935726284980774,,,
relation_expert,Toys,43,text,pairwise_expert_output_cosine,1,1:2,0.9096342325210571,,,
relation_expert,Toys,43,text,pairwise_expert_output_cosine,1,1:3,0.2114546298980713,,,
relation_expert,Toys,43,text,pairwise_expert_output_cosine,1,2:3,0.0878174751996994,,,
relation_expert,Toys,43,text,pairwise_expert_output_cosine,2,0:1,0.8979475498199463,,,
relation_expert,Toys,43,text,pairwise_expert_output_cosine,2,0:2,0.9407511949539185,,,
relation_expert,Toys,43,text,pairwise_expert_output_cosine,2,0:3,0.2468283623456955,,,
relation_expert,Toys,43,text,pairwise_expert_output_cosine,2,1:2,0.9283249974250793,,,
relation_expert,Toys,43,text,pairwise_expert_output_cosine,2,1:3,0.3450993001461029,,,
relation_expert,Toys,43,text,pairwise_expert_output_cosine,2,2:3,0.2647727429866791,,,
relation_expert,Toys,43,text,pairwise_expert_output_cosine,3,0:1,0.9121302366256714,,,
relation_expert,Toys,43,text,pairwise_expert_output_cosine,3,0:2,0.9455960988998413,,,
relation_expert,Toys,43,text,pairwise_expert_output_cosine,3,0:3,0.5228918790817261,,,
relation_expert,Toys,43,text,pairwise_expert_output_cosine,3,1:2,0.9374198913574219,,,
relation_expert,Toys,43,text,pairwise_expert_output_cosine,3,1:3,0.568733811378479,,,
relation_expert,Toys,43,text,pairwise_expert_output_cosine,3,2:3,0.5324039459228516,,,
relation_expert,Toys,43,visual,expert_load,all,0,0.19343996047973633,1.1100232601165771,0.004550184588879347,
relation_expert,Toys,43,visual,expert_load,all,1,0.2629458010196686,1.1100232601165771,0.3459639251232147,
relation_expert,Toys,43,visual,expert_load,all,2,0.23172645270824432,1.1100232601165771,0.002195728477090597,
relation_expert,Toys,43,visual,expert_load,all,3,0.31188783049583435,1.1100232601165771,0.6472901701927185,
relation_expert,Toys,43,visual,pairwise_expert_output_cosine,1,0:1,0.24707168340682983,,,
relation_expert,Toys,43,visual,pairwise_expert_output_cosine,1,0:2,0.7597842216491699,,,
relation_expert,Toys,43,visual,pairwise_expert_output_cosine,1,0:3,0.7715250253677368,,,
relation_expert,Toys,43,visual,pairwise_expert_output_cosine,1,1:2,0.0374465137720108,,,
relation_expert,Toys,43,visual,pairwise_expert_output_cosine,1,1:3,-0.036435991525650024,,,
relation_expert,Toys,43,visual,pairwise_expert_output_cosine,1,2:3,0.8117287158966064,,,
relation_expert,Toys,43,visual,pairwise_expert_output_cosine,2,0:1,0.29917624592781067,,,
relation_expert,Toys,43,visual,pairwise_expert_output_cosine,2,0:2,0.7807528376579285,,,
relation_expert,Toys,43,visual,pairwise_expert_output_cosine,2,0:3,0.7880760431289673,,,
relation_expert,Toys,43,visual,pairwise_expert_output_cosine,2,1:2,0.0675680860877037,,,
relation_expert,Toys,43,visual,pairwise_expert_output_cosine,2,1:3,-0.014828519895672798,,,
relation_expert,Toys,43,visual,pairwise_expert_output_cosine,2,2:3,0.8320868015289307,,,
relation_expert,Toys,43,visual,pairwise_expert_output_cosine,3,0:1,0.39085716009140015,,,
relation_expert,Toys,43,visual,pairwise_expert_output_cosine,3,0:2,0.8019438982009888,,,
relation_expert,Toys,43,visual,pairwise_expert_output_cosine,3,0:3,0.8016046285629272,,,
relation_expert,Toys,43,visual,pairwise_expert_output_cosine,3,1:2,0.1607542335987091,,,
relation_expert,Toys,43,visual,pairwise_expert_output_cosine,3,1:3,0.07371645420789719,,,
relation_expert,Toys,43,visual,pairwise_expert_output_cosine,3,2:3,0.8510364890098572,,,
global_expert,Toys,44,text,expert_load,all,0,0.2833879888057709,1.3812360763549805,1.0,
global_expert,Toys,44,text,expert_load,all,1,0.2348112314939499,1.3812360763549805,0.0,
global_expert,Toys,44,text,expert_load,all,2,0.21834145486354828,1.3812360763549805,0.0,
global_expert,Toys,44,text,expert_load,all,3,0.26345935463905334,1.3812360763549805,0.0,
global_expert,Toys,44,text,pairwise_expert_output_cosine,1,0:1,0.95611572265625,,,
global_expert,Toys,44,text,pairwise_expert_output_cosine,1,0:2,0.9269057512283325,,,
global_expert,Toys,44,text,pairwise_expert_output_cosine,1,0:3,0.9304956793785095,,,
global_expert,Toys,44,text,pairwise_expert_output_cosine,1,1:2,0.9414153099060059,,,
global_expert,Toys,44,text,pairwise_expert_output_cosine,1,1:3,0.9393354654312134,,,
global_expert,Toys,44,text,pairwise_expert_output_cosine,1,2:3,0.9217312932014465,,,
global_expert,Toys,44,text,pairwise_expert_output_cosine,2,0:1,0.9641019105911255,,,
global_expert,Toys,44,text,pairwise_expert_output_cosine,2,0:2,0.9386612772941589,,,
global_expert,Toys,44,text,pairwise_expert_output_cosine,2,0:3,0.9411256313323975,,,
global_expert,Toys,44,text,pairwise_expert_output_cosine,2,1:2,0.950527012348175,,,
global_expert,Toys,44,text,pairwise_expert_output_cosine,2,1:3,0.9467180967330933,,,
global_expert,Toys,44,text,pairwise_expert_output_cosine,2,2:3,0.93401700258255,,,
global_expert,Toys,44,text,pairwise_expert_output_cosine,3,0:1,0.9636585116386414,,,
global_expert,Toys,44,text,pairwise_expert_output_cosine,3,0:2,0.944878339767456,,,
global_expert,Toys,44,text,pairwise_expert_output_cosine,3,0:3,0.9457714557647705,,,
global_expert,Toys,44,text,pairwise_expert_output_cosine,3,1:2,0.9506487846374512,,,
global_expert,Toys,44,text,pairwise_expert_output_cosine,3,1:3,0.9429834485054016,,,
global_expert,Toys,44,text,pairwise_expert_output_cosine,3,2:3,0.9380776882171631,,,
global_expert,Toys,44,visual,expert_load,all,0,0.20634126663208008,1.3663482666015625,0.0,
global_expert,Toys,44,visual,expert_load,all,1,0.19746942818164825,1.3663482666015625,0.0,
global_expert,Toys,44,visual,expert_load,all,2,0.2789689302444458,1.3663482666015625,0.0,
global_expert,Toys,44,visual,expert_load,all,3,0.31722038984298706,1.3663482666015625,1.0,
global_expert,Toys,44,visual,pairwise_expert_output_cosine,1,0:1,0.7255971431732178,,,
global_expert,Toys,44,visual,pairwise_expert_output_cosine,1,0:2,0.8332065939903259,,,
global_expert,Toys,44,visual,pairwise_expert_output_cosine,1,0:3,0.6691569685935974,,,
global_expert,Toys,44,visual,pairwise_expert_output_cosine,1,1:2,0.8501226902008057,,,
global_expert,Toys,44,visual,pairwise_expert_output_cosine,1,1:3,0.7683241963386536,,,
global_expert,Toys,44,visual,pairwise_expert_output_cosine,1,2:3,0.764661431312561,,,
global_expert,Toys,44,visual,pairwise_expert_output_cosine,2,0:1,0.7474377751350403,,,
global_expert,Toys,44,visual,pairwise_expert_output_cosine,2,0:2,0.8519272804260254,,,
global_expert,Toys,44,visual,pairwise_expert_output_cosine,2,0:3,0.7005281448364258,,,
global_expert,Toys,44,visual,pairwise_expert_output_cosine,2,1:2,0.8662179708480835,,,
global_expert,Toys,44,visual,pairwise_expert_output_cosine,2,1:3,0.7997790575027466,,,
global_expert,Toys,44,visual,pairwise_expert_output_cosine,2,2:3,0.7899793982505798,,,
global_expert,Toys,44,visual,pairwise_expert_output_cosine,3,0:1,0.7762211561203003,,,
global_expert,Toys,44,visual,pairwise_expert_output_cosine,3,0:2,0.8675476312637329,,,
global_expert,Toys,44,visual,pairwise_expert_output_cosine,3,0:3,0.7451525926589966,,,
global_expert,Toys,44,visual,pairwise_expert_output_cosine,3,1:2,0.8791006803512573,,,
global_expert,Toys,44,visual,pairwise_expert_output_cosine,3,1:3,0.8314366936683655,,,
global_expert,Toys,44,visual,pairwise_expert_output_cosine,3,2:3,0.8229808807373047,,,
relation_expert,Toys,44,text,expert_load,all,0,0.1577688306570053,0.8543633818626404,0.0013932734727859497,
relation_expert,Toys,44,text,expert_load,all,1,0.13265596330165863,0.8543633818626404,0.003130456432700157,
relation_expert,Toys,44,text,expert_load,all,2,0.38872411847114563,0.8543633818626404,0.6148833632469177,
relation_expert,Toys,44,text,expert_load,all,3,0.3208511173725128,0.8543633818626404,0.380592942237854,
relation_expert,Toys,44,text,pairwise_expert_output_cosine,1,0:1,0.9362795948982239,,,
relation_expert,Toys,44,text,pairwise_expert_output_cosine,1,0:2,0.8899021744728088,,,
relation_expert,Toys,44,text,pairwise_expert_output_cosine,1,0:3,0.6328665018081665,,,
relation_expert,Toys,44,text,pairwise_expert_output_cosine,1,1:2,0.8736754655838013,,,
relation_expert,Toys,44,text,pairwise_expert_output_cosine,1,1:3,0.6495920419692993,,,
relation_expert,Toys,44,text,pairwise_expert_output_cosine,1,2:3,0.4320836663246155,,,
relation_expert,Toys,44,text,pairwise_expert_output_cosine,2,0:1,0.9488256573677063,,,
relation_expert,Toys,44,text,pairwise_expert_output_cosine,2,0:2,0.9017856121063232,,,
relation_expert,Toys,44,text,pairwise_expert_output_cosine,2,0:3,0.6753007769584656,,,
relation_expert,Toys,44,text,pairwise_expert_output_cosine,2,1:2,0.8914881944656372,,,
relation_expert,Toys,44,text,pairwise_expert_output_cosine,2,1:3,0.6881147623062134,,,
relation_expert,Toys,44,text,pairwise_expert_output_cosine,2,2:3,0.4774964451789856,,,
relation_expert,Toys,44,text,pairwise_expert_output_cosine,3,0:1,0.9489165544509888,,,
relation_expert,Toys,44,text,pairwise_expert_output_cosine,3,0:2,0.9067815542221069,,,
relation_expert,Toys,44,text,pairwise_expert_output_cosine,3,0:3,0.7198318243026733,,,
relation_expert,Toys,44,text,pairwise_expert_output_cosine,3,1:2,0.8935215473175049,,,
relation_expert,Toys,44,text,pairwise_expert_output_cosine,3,1:3,0.7218112945556641,,,
relation_expert,Toys,44,text,pairwise_expert_output_cosine,3,2:3,0.5219944715499878,,,
relation_expert,Toys,44,visual,expert_load,all,0,0.20996777713298798,1.2744145393371582,0.0028306380845606327,
relation_expert,Toys,44,visual,expert_load,all,1,0.2667957544326782,1.2744145393371582,0.040369659662246704,
relation_expert,Toys,44,visual,expert_load,all,2,0.22591528296470642,1.2744145393371582,0.36362674832344055,
relation_expert,Toys,44,visual,expert_load,all,3,0.29732123017311096,1.2744145393371582,0.5931729674339294,
relation_expert,Toys,44,visual,pairwise_expert_output_cosine,1,0:1,0.399442583322525,,,
relation_expert,Toys,44,visual,pairwise_expert_output_cosine,1,0:2,0.8551467657089233,,,
relation_expert,Toys,44,visual,pairwise_expert_output_cosine,1,0:3,0.29816317558288574,,,
relation_expert,Toys,44,visual,pairwise_expert_output_cosine,1,1:2,0.44060850143432617,,,
relation_expert,Toys,44,visual,pairwise_expert_output_cosine,1,1:3,0.7887293100357056,,,
relation_expert,Toys,44,visual,pairwise_expert_output_cosine,1,2:3,0.27388161420822144,,,
relation_expert,Toys,44,visual,pairwise_expert_output_cosine,2,0:1,0.4322287142276764,,,
relation_expert,Toys,44,visual,pairwise_expert_output_cosine,2,0:2,0.8687715530395508,,,
relation_expert,Toys,44,visual,pairwise_expert_output_cosine,2,0:3,0.3434544801712036,,,
relation_expert,Toys,44,visual,pairwise_expert_output_cosine,2,1:2,0.47383007407188416,,,
relation_expert,Toys,44,visual,pairwise_expert_output_cosine,2,1:3,0.8171040415763855,,,
relation_expert,Toys,44,visual,pairwise_expert_output_cosine,2,2:3,0.32923489809036255,,,
relation_expert,Toys,44,visual,pairwise_expert_output_cosine,3,0:1,0.5233285427093506,,,
relation_expert,Toys,44,visual,pairwise_expert_output_cosine,3,0:2,0.8783931136131287,,,
relation_expert,Toys,44,visual,pairwise_expert_output_cosine,3,0:3,0.45916271209716797,,,
relation_expert,Toys,44,visual,pairwise_expert_output_cosine,3,1:2,0.5722163319587708,,,
relation_expert,Toys,44,visual,pairwise_expert_output_cosine,3,1:3,0.842390775680542,,,
relation_expert,Toys,44,visual,pairwise_expert_output_cosine,3,2:3,0.4678299129009247,,,
global_expert,Grocery,42,text,expert_load,all,0,0.24215106666088104,1.3770025968551636,0.0,
global_expert,Grocery,42,text,expert_load,all,1,0.25070101022720337,1.3770025968551636,0.0,
global_expert,Grocery,42,text,expert_load,all,2,0.3015066385269165,1.3770025968551636,1.0,
global_expert,Grocery,42,text,expert_load,all,3,0.2056412696838379,1.3770025968551636,0.0,
global_expert,Grocery,42,text,pairwise_expert_output_cosine,1,0:1,0.9207057952880859,,,
global_expert,Grocery,42,text,pairwise_expert_output_cosine,1,0:2,0.9054187536239624,,,
global_expert,Grocery,42,text,pairwise_expert_output_cosine,1,0:3,0.8885234594345093,,,
global_expert,Grocery,42,text,pairwise_expert_output_cosine,1,1:2,0.9453480243682861,,,
global_expert,Grocery,42,text,pairwise_expert_output_cosine,1,1:3,0.9195054769515991,,,
global_expert,Grocery,42,text,pairwise_expert_output_cosine,1,2:3,0.8601481914520264,,,
global_expert,Grocery,42,text,pairwise_expert_output_cosine,2,0:1,0.9296493530273438,,,
global_expert,Grocery,42,text,pairwise_expert_output_cosine,2,0:2,0.9170641899108887,,,
global_expert,Grocery,42,text,pairwise_expert_output_cosine,2,0:3,0.905209481716156,,,
global_expert,Grocery,42,text,pairwise_expert_output_cosine,2,1:2,0.9493006467819214,,,
global_expert,Grocery,42,text,pairwise_expert_output_cosine,2,1:3,0.9228696823120117,,,
global_expert,Grocery,42,text,pairwise_expert_output_cosine,2,2:3,0.8640645742416382,,,
global_expert,Grocery,42,text,pairwise_expert_output_cosine,3,0:1,0.9234644174575806,,,
global_expert,Grocery,42,text,pairwise_expert_output_cosine,3,0:2,0.914069652557373,,,
global_expert,Grocery,42,text,pairwise_expert_output_cosine,3,0:3,0.9110941290855408,,,
global_expert,Grocery,42,text,pairwise_expert_output_cosine,3,1:2,0.9417136907577515,,,
global_expert,Grocery,42,text,pairwise_expert_output_cosine,3,1:3,0.9185599684715271,,,
global_expert,Grocery,42,text,pairwise_expert_output_cosine,3,2:3,0.8565893173217773,,,
global_expert,Grocery,42,visual,expert_load,all,0,0.2522803246974945,1.3801401853561401,0.0,
global_expert,Grocery,42,visual,expert_load,all,1,0.28946951031684875,1.3801401853561401,1.0,
global_expert,Grocery,42,visual,expert_load,all,2,0.211310476064682,1.3801401853561401,0.0,
global_expert,Grocery,42,visual,expert_load,all,3,0.24693964421749115,1.3801401853561401,0.0,
global_expert,Grocery,42,visual,pairwise_expert_output_cosine,1,0:1,0.8583097457885742,,,
global_expert,Grocery,42,visual,pairwise_expert_output_cosine,1,0:2,0.9291754961013794,,,
global_expert,Grocery,42,visual,pairwise_expert_output_cosine,1,0:3,0.8711477518081665,,,
global_expert,Grocery,42,visual,pairwise_expert_output_cosine,1,1:2,0.7769396305084229,,,
global_expert,Grocery,42,visual,pairwise_expert_output_cosine,1,1:3,0.8142170906066895,,,
global_expert,Grocery,42,visual,pairwise_expert_output_cosine,1,2:3,0.8667650818824768,,,
global_expert,Grocery,42,visual,pairwise_expert_output_cosine,2,0:1,0.8815666437149048,,,
global_expert,Grocery,42,visual,pairwise_expert_output_cosine,2,0:2,0.9464662075042725,,,
global_expert,Grocery,42,visual,pairwise_expert_output_cosine,2,0:3,0.9009943604469299,,,
global_expert,Grocery,42,visual,pairwise_expert_output_cosine,2,1:2,0.8149415254592896,,,
global_expert,Grocery,42,visual,pairwise_expert_output_cosine,2,1:3,0.8529361486434937,,,
global_expert,Grocery,42,visual,pairwise_expert_output_cosine,2,2:3,0.8856678009033203,,,
global_expert,Grocery,42,visual,pairwise_expert_output_cosine,3,0:1,0.8907052278518677,,,
global_expert,Grocery,42,visual,pairwise_expert_output_cosine,3,0:2,0.9509865045547485,,,
global_expert,Grocery,42,visual,pairwise_expert_output_cosine,3,0:3,0.9220781326293945,,,
global_expert,Grocery,42,visual,pairwise_expert_output_cosine,3,1:2,0.8423685431480408,,,
global_expert,Grocery,42,visual,pairwise_expert_output_cosine,3,1:3,0.8840217590332031,,,
global_expert,Grocery,42,visual,pairwise_expert_output_cosine,3,2:3,0.9004687070846558,,,
relation_expert,Grocery,42,text,expert_load,all,0,0.3280462920665741,0.9957237839698792,0.5286232233047485,
relation_expert,Grocery,42,text,expert_load,all,1,0.22048664093017578,0.9957237839698792,0.11696025729179382,
relation_expert,Grocery,42,text,expert_load,all,2,0.2140015810728073,0.9957237839698792,0.007535392418503761,
relation_expert,Grocery,42,text,expert_load,all,3,0.23746547102928162,0.9957237839698792,0.34688112139701843,
relation_expert,Grocery,42,text,pairwise_expert_output_cosine,1,0:1,-0.3759140372276306,,,
relation_expert,Grocery,42,text,pairwise_expert_output_cosine,1,0:2,0.8685898780822754,,,
relation_expert,Grocery,42,text,pairwise_expert_output_cosine,1,0:3,-0.49571457505226135,,,
relation_expert,Grocery,42,text,pairwise_expert_output_cosine,1,1:2,-0.04612850397825241,,,
relation_expert,Grocery,42,text,pairwise_expert_output_cosine,1,1:3,0.9249463677406311,,,
relation_expert,Grocery,42,text,pairwise_expert_output_cosine,1,2:3,-0.1926601380109787,,,
relation_expert,Grocery,42,text,pairwise_expert_output_cosine,2,0:1,-0.35828644037246704,,,
relation_expert,Grocery,42,text,pairwise_expert_output_cosine,2,0:2,0.8801494836807251,,,
relation_expert,Grocery,42,text,pairwise_expert_output_cosine,2,0:3,-0.47779136896133423,,,
relation_expert,Grocery,42,text,pairwise_expert_output_cosine,2,1:2,-0.032029371708631516,,,
relation_expert,Grocery,42,text,pairwise_expert_output_cosine,2,1:3,0.9284747838973999,,,
relation_expert,Grocery,42,text,pairwise_expert_output_cosine,2,2:3,-0.1809791475534439,,,
relation_expert,Grocery,42,text,pairwise_expert_output_cosine,3,0:1,-0.3274780213832855,,,
relation_expert,Grocery,42,text,pairwise_expert_output_cosine,3,0:2,0.8793504238128662,,,
relation_expert,Grocery,42,text,pairwise_expert_output_cosine,3,0:3,-0.44767677783966064,,,
relation_expert,Grocery,42,text,pairwise_expert_output_cosine,3,1:2,0.009041665121912956,,,
relation_expert,Grocery,42,text,pairwise_expert_output_cosine,3,1:3,0.9286747574806213,,,
relation_expert,Grocery,42,text,pairwise_expert_output_cosine,3,2:3,-0.1386656016111374,,,
relation_expert,Grocery,42,visual,expert_load,all,0,0.18179921805858612,1.0537923574447632,0.1330854296684265,
relation_expert,Grocery,42,visual,expert_load,all,1,0.27188271284103394,1.0537923574447632,0.31682389974594116,
relation_expert,Grocery,42,visual,expert_load,all,2,0.3164895176887512,1.0537923574447632,0.40610983967781067,
relation_expert,Grocery,42,visual,expert_load,all,3,0.22982856631278992,1.0537923574447632,0.14398083090782166,
relation_expert,Grocery,42,visual,pairwise_expert_output_cosine,1,0:1,0.5029348134994507,,,
relation_expert,Grocery,42,visual,pairwise_expert_output_cosine,1,0:2,0.262495219707489,,,
relation_expert,Grocery,42,visual,pairwise_expert_output_cosine,1,0:3,0.007173850201070309,,,
relation_expert,Grocery,42,visual,pairwise_expert_output_cosine,1,1:2,-0.46739083528518677,,,
relation_expert,Grocery,42,visual,pairwise_expert_output_cosine,1,1:3,-0.05957889184355736,,,
relation_expert,Grocery,42,visual,pairwise_expert_output_cosine,1,2:3,0.6044946312904358,,,
relation_expert,Grocery,42,visual,pairwise_expert_output_cosine,2,0:1,0.5245361328125,,,
relation_expert,Grocery,42,visual,pairwise_expert_output_cosine,2,0:2,0.3313233256340027,,,
relation_expert,Grocery,42,visual,pairwise_expert_output_cosine,2,0:3,0.1285473108291626,,,
relation_expert,Grocery,42,visual,pairwise_expert_output_cosine,2,1:2,-0.40219682455062866,,,
relation_expert,Grocery,42,visual,pairwise_expert_output_cosine,2,1:3,0.011071063578128815,,,
relation_expert,Grocery,42,visual,pairwise_expert_output_cosine,2,2:3,0.6257505416870117,,,
relation_expert,Grocery,42,visual,pairwise_expert_output_cosine,3,0:1,0.5522408485412598,,,
relation_expert,Grocery,42,visual,pairwise_expert_output_cosine,3,0:2,0.4351148009300232,,,
relation_expert,Grocery,42,visual,pairwise_expert_output_cosine,3,0:3,0.29719674587249756,,,
relation_expert,Grocery,42,visual,pairwise_expert_output_cosine,3,1:2,-0.28396356105804443,,,
relation_expert,Grocery,42,visual,pairwise_expert_output_cosine,3,1:3,0.11492735147476196,,,
relation_expert,Grocery,42,visual,pairwise_expert_output_cosine,3,2:3,0.6673597693443298,,,
global_expert,Grocery,43,text,expert_load,all,0,0.22971415519714355,1.3769028186798096,0.0,
global_expert,Grocery,43,text,expert_load,all,1,0.3028819262981415,1.3769028186798096,1.0,
global_expert,Grocery,43,text,expert_load,all,2,0.2564786374568939,1.3769028186798096,0.0,
global_expert,Grocery,43,text,expert_load,all,3,0.21092532575130463,1.3769028186798096,0.0,
global_expert,Grocery,43,text,pairwise_expert_output_cosine,1,0:1,0.9326757192611694,,,
global_expert,Grocery,43,text,pairwise_expert_output_cosine,1,0:2,0.932795524597168,,,
global_expert,Grocery,43,text,pairwise_expert_output_cosine,1,0:3,0.9457084536552429,,,
global_expert,Grocery,43,text,pairwise_expert_output_cosine,1,1:2,0.9546645283699036,,,
global_expert,Grocery,43,text,pairwise_expert_output_cosine,1,1:3,0.9454289674758911,,,
global_expert,Grocery,43,text,pairwise_expert_output_cosine,1,2:3,0.9399674534797668,,,
global_expert,Grocery,43,text,pairwise_expert_output_cosine,2,0:1,0.952092707157135,,,
global_expert,Grocery,43,text,pairwise_expert_output_cosine,2,0:2,0.947987973690033,,,
global_expert,Grocery,43,text,pairwise_expert_output_cosine,2,0:3,0.9540559649467468,,,
global_expert,Grocery,43,text,pairwise_expert_output_cosine,2,1:2,0.9637752175331116,,,
global_expert,Grocery,43,text,pairwise_expert_output_cosine,2,1:3,0.9565980434417725,,,
global_expert,Grocery,43,text,pairwise_expert_output_cosine,2,2:3,0.945884108543396,,,
global_expert,Grocery,43,text,pairwise_expert_output_cosine,3,0:1,0.9542144536972046,,,
global_expert,Grocery,43,text,pairwise_expert_output_cosine,3,0:2,0.9536013007164001,,,
global_expert,Grocery,43,text,pairwise_expert_output_cosine,3,0:3,0.9445383548736572,,,
global_expert,Grocery,43,text,pairwise_expert_output_cosine,3,1:2,0.9649704694747925,,,
global_expert,Grocery,43,text,pairwise_expert_output_cosine,3,1:3,0.9581291079521179,,,
global_expert,Grocery,43,text,pairwise_expert_output_cosine,3,2:3,0.9416240453720093,,,
global_expert,Grocery,43,visual,expert_load,all,0,0.2559302747249603,1.3845081329345703,0.0,
global_expert,Grocery,43,visual,expert_load,all,1,0.22456035017967224,1.3845081329345703,0.0,
global_expert,Grocery,43,visual,expert_load,all,2,0.259713351726532,1.3845081329345703,0.0,
global_expert,Grocery,43,visual,expert_load,all,3,0.25979605317115784,1.3845081329345703,1.0,
global_expert,Grocery,43,visual,pairwise_expert_output_cosine,1,0:1,0.834593653678894,,,
global_expert,Grocery,43,visual,pairwise_expert_output_cosine,1,0:2,0.8743152618408203,,,
global_expert,Grocery,43,visual,pairwise_expert_output_cosine,1,0:3,0.8652300238609314,,,
global_expert,Grocery,43,visual,pairwise_expert_output_cosine,1,1:2,0.726082444190979,,,
global_expert,Grocery,43,visual,pairwise_expert_output_cosine,1,1:3,0.861046552658081,,,
global_expert,Grocery,43,visual,pairwise_expert_output_cosine,1,2:3,0.8371078968048096,,,
global_expert,Grocery,43,visual,pairwise_expert_output_cosine,2,0:1,0.8664463758468628,,,
global_expert,Grocery,43,visual,pairwise_expert_output_cosine,2,0:2,0.8972557783126831,,,
global_expert,Grocery,43,visual,pairwise_expert_output_cosine,2,0:3,0.8860779404640198,,,
global_expert,Grocery,43,visual,pairwise_expert_output_cosine,2,1:2,0.7786734104156494,,,
global_expert,Grocery,43,visual,pairwise_expert_output_cosine,2,1:3,0.8912822604179382,,,
global_expert,Grocery,43,visual,pairwise_expert_output_cosine,2,2:3,0.8643001317977905,,,
global_expert,Grocery,43,visual,pairwise_expert_output_cosine,3,0:1,0.8942649364471436,,,
global_expert,Grocery,43,visual,pairwise_expert_output_cosine,3,0:2,0.9108021855354309,,,
global_expert,Grocery,43,visual,pairwise_expert_output_cosine,3,0:3,0.899354875087738,,,
global_expert,Grocery,43,visual,pairwise_expert_output_cosine,3,1:2,0.8310546875,,,
global_expert,Grocery,43,visual,pairwise_expert_output_cosine,3,1:3,0.9128185510635376,,,
global_expert,Grocery,43,visual,pairwise_expert_output_cosine,3,2:3,0.8873733878135681,,,
relation_expert,Grocery,43,text,expert_load,all,0,0.4862755537033081,0.9467529654502869,0.6746355295181274,
relation_expert,Grocery,43,text,expert_load,all,1,0.21006536483764648,0.9467529654502869,0.316092848777771,
relation_expert,Grocery,43,text,expert_load,all,2,0.15420804917812347,0.9467529654502869,0.0004920499050058424,
relation_expert,Grocery,43,text,expert_load,all,3,0.14945103228092194,0.9467529654502869,0.008779576048254967,
relation_expert,Grocery,43,text,pairwise_expert_output_cosine,1,0:1,-0.23199963569641113,,,
relation_expert,Grocery,43,text,pairwise_expert_output_cosine,1,0:2,0.18234100937843323,,,
relation_expert,Grocery,43,text,pairwise_expert_output_cosine,1,0:3,-0.08308256417512894,,,
relation_expert,Grocery,43,text,pairwise_expert_output_cosine,1,1:2,0.8622775077819824,,,
relation_expert,Grocery,43,text,pairwise_expert_output_cosine,1,1:3,0.961949348449707,,,
relation_expert,Grocery,43,text,pairwise_expert_output_cosine,1,2:3,0.9102427959442139,,,
relation_expert,Grocery,43,text,pairwise_expert_output_cosine,2,0:1,-0.20297600328922272,,,
relation_expert,Grocery,43,text,pairwise_expert_output_cosine,2,0:2,0.18287622928619385,,,
relation_expert,Grocery,43,text,pairwise_expert_output_cosine,2,0:3,-0.05804678052663803,,,
relation_expert,Grocery,43,text,pairwise_expert_output_cosine,2,1:2,0.8811164498329163,,,
relation_expert,Grocery,43,text,pairwise_expert_output_cosine,2,1:3,0.9658619165420532,,,
relation_expert,Grocery,43,text,pairwise_expert_output_cosine,2,2:3,0.9253280162811279,,,
relation_expert,Grocery,43,text,pairwise_expert_output_cosine,3,0:1,-0.2156449258327484,,,
relation_expert,Grocery,43,text,pairwise_expert_output_cosine,3,0:2,0.1718287467956543,,,
relation_expert,Grocery,43,text,pairwise_expert_output_cosine,3,0:3,-0.07022310793399811,,,
relation_expert,Grocery,43,text,pairwise_expert_output_cosine,3,1:2,0.8792861104011536,,,
relation_expert,Grocery,43,text,pairwise_expert_output_cosine,3,1:3,0.9652324318885803,,,
relation_expert,Grocery,43,text,pairwise_expert_output_cosine,3,2:3,0.9241373538970947,,,
relation_expert,Grocery,43,visual,expert_load,all,0,0.1752888411283493,1.012368083000183,0.0801197811961174,
relation_expert,Grocery,43,visual,expert_load,all,1,0.34501010179519653,1.012368083000183,0.4252224862575531,
relation_expert,Grocery,43,visual,expert_load,all,2,0.26600003242492676,1.012368083000183,0.3321688175201416,
relation_expert,Grocery,43,visual,expert_load,all,3,0.2137010246515274,1.012368083000183,0.1624889224767685,
relation_expert,Grocery,43,visual,pairwise_expert_output_cosine,1,0:1,0.08732153475284576,,,
relation_expert,Grocery,43,visual,pairwise_expert_output_cosine,1,0:2,0.7701551914215088,,,
relation_expert,Grocery,43,visual,pairwise_expert_output_cosine,1,0:3,0.410273015499115,,,
relation_expert,Grocery,43,visual,pairwise_expert_output_cosine,1,1:2,-0.34719157218933105,,,
relation_expert,Grocery,43,visual,pairwise_expert_output_cosine,1,1:3,0.06437195837497711,,,
relation_expert,Grocery,43,visual,pairwise_expert_output_cosine,1,2:3,0.5645695924758911,,,
relation_expert,Grocery,43,visual,pairwise_expert_output_cosine,2,0:1,0.13645833730697632,,,
relation_expert,Grocery,43,visual,pairwise_expert_output_cosine,2,0:2,0.7744896411895752,,,
relation_expert,Grocery,43,visual,pairwise_expert_output_cosine,2,0:3,0.44919443130493164,,,
relation_expert,Grocery,43,visual,pairwise_expert_output_cosine,2,1:2,-0.2863420248031616,,,
relation_expert,Grocery,43,visual,pairwise_expert_output_cosine,2,1:3,0.12049216777086258,,,
relation_expert,Grocery,43,visual,pairwise_expert_output_cosine,2,2:3,0.5949892997741699,,,
relation_expert,Grocery,43,visual,pairwise_expert_output_cosine,3,0:1,0.2389734536409378,,,
relation_expert,Grocery,43,visual,pairwise_expert_output_cosine,3,0:2,0.7712764739990234,,,
relation_expert,Grocery,43,visual,pairwise_expert_output_cosine,3,0:3,0.514823317527771,,,
relation_expert,Grocery,43,visual,pairwise_expert_output_cosine,3,1:2,-0.17095370590686798,,,
relation_expert,Grocery,43,visual,pairwise_expert_output_cosine,3,1:3,0.23270326852798462,,,
relation_expert,Grocery,43,visual,pairwise_expert_output_cosine,3,2:3,0.634436845779419,,,
global_expert,Grocery,44,text,expert_load,all,0,0.2579786777496338,1.3839802742004395,0.0,
global_expert,Grocery,44,text,expert_load,all,1,0.252786785364151,1.3839802742004395,0.0,
global_expert,Grocery,44,text,expert_load,all,2,0.2670268416404724,1.3839802742004395,1.0,
global_expert,Grocery,44,text,expert_load,all,3,0.2222076803445816,1.3839802742004395,0.0,
global_expert,Grocery,44,text,pairwise_expert_output_cosine,1,0:1,0.9473048448562622,,,
global_expert,Grocery,44,text,pairwise_expert_output_cosine,1,0:2,0.942102313041687,,,
global_expert,Grocery,44,text,pairwise_expert_output_cosine,1,0:3,0.90147864818573,,,
global_expert,Grocery,44,text,pairwise_expert_output_cosine,1,1:2,0.9387441873550415,,,
global_expert,Grocery,44,text,pairwise_expert_output_cosine,1,1:3,0.9052385091781616,,,
global_expert,Grocery,44,text,pairwise_expert_output_cosine,1,2:3,0.9097881317138672,,,
global_expert,Grocery,44,text,pairwise_expert_output_cosine,2,0:1,0.9519261121749878,,,
global_expert,Grocery,44,text,pairwise_expert_output_cosine,2,0:2,0.949066162109375,,,
global_expert,Grocery,44,text,pairwise_expert_output_cosine,2,0:3,0.9060186743736267,,,
global_expert,Grocery,44,text,pairwise_expert_output_cosine,2,1:2,0.9481661915779114,,,
global_expert,Grocery,44,text,pairwise_expert_output_cosine,2,1:3,0.910973072052002,,,
global_expert,Grocery,44,text,pairwise_expert_output_cosine,2,2:3,0.9162209630012512,,,
global_expert,Grocery,44,text,pairwise_expert_output_cosine,3,0:1,0.94992595911026,,,
global_expert,Grocery,44,text,pairwise_expert_output_cosine,3,0:2,0.9502460956573486,,,
global_expert,Grocery,44,text,pairwise_expert_output_cosine,3,0:3,0.9016381502151489,,,
global_expert,Grocery,44,text,pairwise_expert_output_cosine,3,1:2,0.9457517862319946,,,
global_expert,Grocery,44,text,pairwise_expert_output_cosine,3,1:3,0.9075672626495361,,,
global_expert,Grocery,44,text,pairwise_expert_output_cosine,3,2:3,0.9100282192230225,,,
global_expert,Grocery,44,visual,expert_load,all,0,0.2168545126914978,1.3805636167526245,0.0,
global_expert,Grocery,44,visual,expert_load,all,1,0.24009773135185242,1.3805636167526245,0.0,
global_expert,Grocery,44,visual,expert_load,all,2,0.25183841586112976,1.3805636167526245,0.0,
global_expert,Grocery,44,visual,expert_load,all,3,0.2912093698978424,1.3805636167526245,1.0,
global_expert,Grocery,44,visual,pairwise_expert_output_cosine,1,0:1,0.8201173543930054,,,
global_expert,Grocery,44,visual,pairwise_expert_output_cosine,1,0:2,0.8938077092170715,,,
global_expert,Grocery,44,visual,pairwise_expert_output_cosine,1,0:3,0.7934110164642334,,,
global_expert,Grocery,44,visual,pairwise_expert_output_cosine,1,1:2,0.7901995778083801,,,
global_expert,Grocery,44,visual,pairwise_expert_output_cosine,1,1:3,0.8224953413009644,,,
global_expert,Grocery,44,visual,pairwise_expert_output_cosine,1,2:3,0.8303273916244507,,,
global_expert,Grocery,44,visual,pairwise_expert_output_cosine,2,0:1,0.8493630886077881,,,
global_expert,Grocery,44,visual,pairwise_expert_output_cosine,2,0:2,0.9181765913963318,,,
global_expert,Grocery,44,visual,pairwise_expert_output_cosine,2,0:3,0.8277103900909424,,,
global_expert,Grocery,44,visual,pairwise_expert_output_cosine,2,1:2,0.8140880465507507,,,
global_expert,Grocery,44,visual,pairwise_expert_output_cosine,2,1:3,0.8332561254501343,,,
global_expert,Grocery,44,visual,pairwise_expert_output_cosine,2,2:3,0.8577262163162231,,,
global_expert,Grocery,44,visual,pairwise_expert_output_cosine,3,0:1,0.8721184730529785,,,
global_expert,Grocery,44,visual,pairwise_expert_output_cosine,3,0:2,0.9316072463989258,,,
global_expert,Grocery,44,visual,pairwise_expert_output_cosine,3,0:3,0.8548275828361511,,,
global_expert,Grocery,44,visual,pairwise_expert_output_cosine,3,1:2,0.8330730199813843,,,
global_expert,Grocery,44,visual,pairwise_expert_output_cosine,3,1:3,0.8299584984779358,,,
global_expert,Grocery,44,visual,pairwise_expert_output_cosine,3,2:3,0.8783565759658813,,,
relation_expert,Grocery,44,text,expert_load,all,0,0.24653944373130798,1.0842722654342651,0.0010192461777478456,
relation_expert,Grocery,44,text,expert_load,all,1,0.2568678855895996,1.0842722654342651,0.357692152261734,
relation_expert,Grocery,44,text,expert_load,all,2,0.33120283484458923,1.0842722654342651,0.6334649920463562,
relation_expert,Grocery,44,text,expert_load,all,3,0.16538982093334198,1.0842722654342651,0.007823592983186245,
relation_expert,Grocery,44,text,pairwise_expert_output_cosine,1,0:1,0.7066755294799805,,,
relation_expert,Grocery,44,text,pairwise_expert_output_cosine,1,0:2,0.9227856993675232,,,
relation_expert,Grocery,44,text,pairwise_expert_output_cosine,1,0:3,0.7395638227462769,,,
relation_expert,Grocery,44,text,pairwise_expert_output_cosine,1,1:2,0.6338763236999512,,,
relation_expert,Grocery,44,text,pairwise_expert_output_cosine,1,1:3,0.8283008933067322,,,
relation_expert,Grocery,44,text,pairwise_expert_output_cosine,1,2:3,0.7007187604904175,,,
relation_expert,Grocery,44,text,pairwise_expert_output_cosine,2,0:1,0.70450758934021,,,
relation_expert,Grocery,44,text,pairwise_expert_output_cosine,2,0:2,0.9302673935890198,,,
relation_expert,Grocery,44,text,pairwise_expert_output_cosine,2,0:3,0.7518268823623657,,,
relation_expert,Grocery,44,text,pairwise_expert_output_cosine,2,1:2,0.6437870264053345,,,
relation_expert,Grocery,44,text,pairwise_expert_output_cosine,2,1:3,0.8305334448814392,,,
relation_expert,Grocery,44,text,pairwise_expert_output_cosine,2,2:3,0.7305810451507568,,,
relation_expert,Grocery,44,text,pairwise_expert_output_cosine,3,0:1,0.7008792161941528,,,
relation_expert,Grocery,44,text,pairwise_expert_output_cosine,3,0:2,0.9360542297363281,,,
relation_expert,Grocery,44,text,pairwise_expert_output_cosine,3,0:3,0.7643929719924927,,,
relation_expert,Grocery,44,text,pairwise_expert_output_cosine,3,1:2,0.6521945595741272,,,
relation_expert,Grocery,44,text,pairwise_expert_output_cosine,3,1:3,0.8261692523956299,,,
relation_expert,Grocery,44,text,pairwise_expert_output_cosine,3,2:3,0.7550809979438782,,,
relation_expert,Grocery,44,visual,expert_load,all,0,0.2726186513900757,1.2505731582641602,0.08599626272916794,
relation_expert,Grocery,44,visual,expert_load,all,1,0.20926469564437866,1.2505731582641602,0.02233203500509262,
relation_expert,Grocery,44,visual,expert_load,all,2,0.298772394657135,1.2505731582641602,0.5871701240539551,
relation_expert,Grocery,44,visual,expert_load,all,3,0.21934427320957184,1.2505731582641602,0.30450156331062317,
relation_expert,Grocery,44,visual,pairwise_expert_output_cosine,1,0:1,0.6452494859695435,,,
relation_expert,Grocery,44,visual,pairwise_expert_output_cosine,1,0:2,0.8658016920089722,,,
relation_expert,Grocery,44,visual,pairwise_expert_output_cosine,1,0:3,0.11712872982025146,,,
relation_expert,Grocery,44,visual,pairwise_expert_output_cosine,1,1:2,0.48508167266845703,,,
relation_expert,Grocery,44,visual,pairwise_expert_output_cosine,1,1:3,0.5879573822021484,,,
relation_expert,Grocery,44,visual,pairwise_expert_output_cosine,1,2:3,0.07204193621873856,,,
relation_expert,Grocery,44,visual,pairwise_expert_output_cosine,2,0:1,0.683853268623352,,,
relation_expert,Grocery,44,visual,pairwise_expert_output_cosine,2,0:2,0.8899201154708862,,,
relation_expert,Grocery,44,visual,pairwise_expert_output_cosine,2,0:3,0.212639719247818,,,
relation_expert,Grocery,44,visual,pairwise_expert_output_cosine,2,1:2,0.5321177244186401,,,
relation_expert,Grocery,44,visual,pairwise_expert_output_cosine,2,1:3,0.6302504539489746,,,
relation_expert,Grocery,44,visual,pairwise_expert_output_cosine,2,2:3,0.158367320895195,,,
relation_expert,Grocery,44,visual,pairwise_expert_output_cosine,3,0:1,0.7397763729095459,,,
relation_expert,Grocery,44,visual,pairwise_expert_output_cosine,3,0:2,0.9089447259902954,,,
relation_expert,Grocery,44,visual,pairwise_expert_output_cosine,3,0:3,0.3630114197731018,,,
relation_expert,Grocery,44,visual,pairwise_expert_output_cosine,3,1:2,0.609325647354126,,,
relation_expert,Grocery,44,visual,pairwise_expert_output_cosine,3,1:3,0.6779251098632812,,,
relation_expert,Grocery,44,visual,pairwise_expert_output_cosine,3,2:3,0.31190621852874756,,,
global_expert,ele-fashion,42,text,expert_load,all,0,0.7066131234169006,0.9237114787101746,1.0,
global_expert,ele-fashion,42,text,expert_load,all,1,0.11473974585533142,0.9237114787101746,0.0,
global_expert,ele-fashion,42,text,expert_load,all,2,0.10132558643817902,0.9237114787101746,0.0,
global_expert,ele-fashion,42,text,expert_load,all,3,0.07732155174016953,0.9237114787101746,0.0,
global_expert,ele-fashion,42,text,pairwise_expert_output_cosine,1,0:1,0.8667850494384766,,,
global_expert,ele-fashion,42,text,pairwise_expert_output_cosine,1,0:2,0.8876410722732544,,,
global_expert,ele-fashion,42,text,pairwise_expert_output_cosine,1,0:3,0.8713831901550293,,,
global_expert,ele-fashion,42,text,pairwise_expert_output_cosine,1,1:2,0.845533013343811,,,
global_expert,ele-fashion,42,text,pairwise_expert_output_cosine,1,1:3,0.8381631374359131,,,
global_expert,ele-fashion,42,text,pairwise_expert_output_cosine,1,2:3,0.7519867420196533,,,
global_expert,ele-fashion,42,text,pairwise_expert_output_cosine,2,0:1,0.8425764441490173,,,
global_expert,ele-fashion,42,text,pairwise_expert_output_cosine,2,0:2,0.8713947534561157,,,
global_expert,ele-fashion,42,text,pairwise_expert_output_cosine,2,0:3,0.8262817859649658,,,
global_expert,ele-fashion,42,text,pairwise_expert_output_cosine,2,1:2,0.8423944711685181,,,
global_expert,ele-fashion,42,text,pairwise_expert_output_cosine,2,1:3,0.7683538198471069,,,
global_expert,ele-fashion,42,text,pairwise_expert_output_cosine,2,2:3,0.689953625202179,,,
global_expert,ele-fashion,42,text,pairwise_expert_output_cosine,3,0:1,0.8191226720809937,,,
global_expert,ele-fashion,42,text,pairwise_expert_output_cosine,3,0:2,0.8353355526924133,,,
global_expert,ele-fashion,42,text,pairwise_expert_output_cosine,3,0:3,0.8209836483001709,,,
global_expert,ele-fashion,42,text,pairwise_expert_output_cosine,3,1:2,0.8312851786613464,,,
global_expert,ele-fashion,42,text,pairwise_expert_output_cosine,3,1:3,0.7323191165924072,,,
global_expert,ele-fashion,42,text,pairwise_expert_output_cosine,3,2:3,0.6263995170593262,,,
global_expert,ele-fashion,42,visual,expert_load,all,0,0.014393260702490807,0.7476406097412109,0.0,
global_expert,ele-fashion,42,visual,expert_load,all,1,0.009221103973686695,0.7476406097412109,0.0,
global_expert,ele-fashion,42,visual,expert_load,all,2,0.3234124481678009,0.7476406097412109,0.0,
global_expert,ele-fashion,42,visual,expert_load,all,3,0.6529731750488281,0.7476406097412109,1.0,
global_expert,ele-fashion,42,visual,pairwise_expert_output_cosine,1,0:1,0.8138827681541443,,,
global_expert,ele-fashion,42,visual,pairwise_expert_output_cosine,1,0:2,0.8182575106620789,,,
global_expert,ele-fashion,42,visual,pairwise_expert_output_cosine,1,0:3,0.807988703250885,,,
global_expert,ele-fashion,42,visual,pairwise_expert_output_cosine,1,1:2,0.8089510202407837,,,
global_expert,ele-fashion,42,visual,pairwise_expert_output_cosine,1,1:3,0.8332206606864929,,,
global_expert,ele-fashion,42,visual,pairwise_expert_output_cosine,1,2:3,0.8437475562095642,,,
global_expert,ele-fashion,42,visual,pairwise_expert_output_cosine,2,0:1,0.8556545972824097,,,
global_expert,ele-fashion,42,visual,pairwise_expert_output_cosine,2,0:2,0.8352971076965332,,,
global_expert,ele-fashion,42,visual,pairwise_expert_output_cosine,2,0:3,0.8373143672943115,,,
global_expert,ele-fashion,42,visual,pairwise_expert_output_cosine,2,1:2,0.8215315341949463,,,
global_expert,ele-fashion,42,visual,pairwise_expert_output_cosine,2,1:3,0.8347209692001343,,,
global_expert,ele-fashion,42,visual,pairwise_expert_output_cosine,2,2:3,0.8471208810806274,,,
global_expert,ele-fashion,42,visual,pairwise_expert_output_cosine,3,0:1,0.8732295036315918,,,
global_expert,ele-fashion,42,visual,pairwise_expert_output_cosine,3,0:2,0.8320404887199402,,,
global_expert,ele-fashion,42,visual,pairwise_expert_output_cosine,3,0:3,0.8409970998764038,,,
global_expert,ele-fashion,42,visual,pairwise_expert_output_cosine,3,1:2,0.8200244307518005,,,
global_expert,ele-fashion,42,visual,pairwise_expert_output_cosine,3,1:3,0.8272628784179688,,,
global_expert,ele-fashion,42,visual,pairwise_expert_output_cosine,3,2:3,0.8464144468307495,,,
relation_expert,ele-fashion,42,text,expert_load,all,0,0.5946552753448486,0.8245928883552551,0.7748839855194092,
relation_expert,ele-fashion,42,text,expert_load,all,1,0.15936307609081268,0.8245928883552551,0.20359393954277039,
relation_expert,ele-fashion,42,text,expert_load,all,2,0.12403490394353867,0.8245928883552551,0.006721413228660822,
relation_expert,ele-fashion,42,text,expert_load,all,3,0.12194672226905823,0.8245928883552551,0.014800637029111385,
relation_expert,ele-fashion,42,text,pairwise_expert_output_cosine,1,0:1,-0.2948397397994995,,,
relation_expert,ele-fashion,42,text,pairwise_expert_output_cosine,1,0:2,0.041565459221601486,,,
relation_expert,ele-fashion,42,text,pairwise_expert_output_cosine,1,0:3,0.39704737067222595,,,
relation_expert,ele-fashion,42,text,pairwise_expert_output_cosine,1,1:2,0.6349100470542908,,,
relation_expert,ele-fashion,42,text,pairwise_expert_output_cosine,1,1:3,0.6005421876907349,,,
relation_expert,ele-fashion,42,text,pairwise_expert_output_cosine,1,2:3,0.532434344291687,,,
relation_expert,ele-fashion,42,text,pairwise_expert_output_cosine,2,0:1,-0.36523178219795227,,,
relation_expert,ele-fashion,42,text,pairwise_expert_output_cosine,2,0:2,0.03388145565986633,,,
relation_expert,ele-fashion,42,text,pairwise_expert_output_cosine,2,0:3,0.37933459877967834,,,
relation_expert,ele-fashion,42,text,pairwise_expert_output_cosine,2,1:2,0.6008009314537048,,,
relation_expert,ele-fashion,42,text,pairwise_expert_output_cosine,2,1:3,0.5364934206008911,,,
relation_expert,ele-fashion,42,text,pairwise_expert_output_cosine,2,2:3,0.5416786670684814,,,
relation_expert,ele-fashion,42,text,pairwise_expert_output_cosine,3,0:1,-0.44796931743621826,,,
relation_expert,ele-fashion,42,text,pairwise_expert_output_cosine,3,0:2,-0.01177641935646534,,,
relation_expert,ele-fashion,42,text,pairwise_expert_output_cosine,3,0:3,0.31210073828697205,,,
relation_expert,ele-fashion,42,text,pairwise_expert_output_cosine,3,1:2,0.5420876741409302,,,
relation_expert,ele-fashion,42,text,pairwise_expert_output_cosine,3,1:3,0.49458038806915283,,,
relation_expert,ele-fashion,42,text,pairwise_expert_output_cosine,3,2:3,0.5032292604446411,,,
relation_expert,ele-fashion,42,visual,expert_load,all,0,0.35830965638160706,0.9349005222320557,0.46250736713409424,
relation_expert,ele-fashion,42,visual,expert_load,all,1,0.3852612376213074,0.9349005222320557,0.40647637844085693,
relation_expert,ele-fashion,42,visual,expert_load,all,2,0.13838663697242737,0.9349005222320557,0.011689196340739727,
relation_expert,ele-fashion,42,visual,expert_load,all,3,0.11804249882698059,0.9349005222320557,0.11932700127363205,
relation_expert,ele-fashion,42,visual,pairwise_expert_output_cosine,1,0:1,-0.035586461424827576,,,
relation_expert,ele-fashion,42,visual,pairwise_expert_output_cosine,1,0:2,0.7332162857055664,,,
relation_expert,ele-fashion,42,visual,pairwise_expert_output_cosine,1,0:3,0.38098233938217163,,,
relation_expert,ele-fashion,42,visual,pairwise_expert_output_cosine,1,1:2,-0.18406233191490173,,,
relation_expert,ele-fashion,42,visual,pairwise_expert_output_cosine,1,1:3,-0.17649543285369873,,,
relation_expert,ele-fashion,42,visual,pairwise_expert_output_cosine,1,2:3,0.43240582942962646,,,
relation_expert,ele-fashion,42,visual,pairwise_expert_output_cosine,2,0:1,0.0017781642964109778,,,
relation_expert,ele-fashion,42,visual,pairwise_expert_output_cosine,2,0:2,0.8052142858505249,,,
relation_expert,ele-fashion,42,visual,pairwise_expert_output_cosine,2,0:3,0.44637686014175415,,,
relation_expert,ele-fashion,42,visual,pairwise_expert_output_cosine,2,1:2,-0.18417946994304657,,,
relation_expert,ele-fashion,42,visual,pairwise_expert_output_cosine,2,1:3,-0.20139534771442413,,,
relation_expert,ele-fashion,42,visual,pairwise_expert_output_cosine,2,2:3,0.4760229289531708,,,
relation_expert,ele-fashion,42,visual,pairwise_expert_output_cosine,3,0:1,-0.0679580569267273,,,
relation_expert,ele-fashion,42,visual,pairwise_expert_output_cosine,3,0:2,0.8326746225357056,,,
relation_expert,ele-fashion,42,visual,pairwise_expert_output_cosine,3,0:3,0.47495409846305847,,,
relation_expert,ele-fashion,42,visual,pairwise_expert_output_cosine,3,1:2,-0.2836054563522339,,,
relation_expert,ele-fashion,42,visual,pairwise_expert_output_cosine,3,1:3,-0.31829833984375,,,
relation_expert,ele-fashion,42,visual,pairwise_expert_output_cosine,3,2:3,0.51249098777771,,,
global_expert,ele-fashion,43,text,expert_load,all,0,0.31871941685676575,1.35788094997406,1.0,
global_expert,ele-fashion,43,text,expert_load,all,1,0.21120381355285645,1.35788094997406,0.0,
global_expert,ele-fashion,43,text,expert_load,all,2,0.17474974691867828,1.35788094997406,0.0,
global_expert,ele-fashion,43,text,expert_load,all,3,0.29532697796821594,1.35788094997406,0.0,
global_expert,ele-fashion,43,text,pairwise_expert_output_cosine,1,0:1,0.8856161832809448,,,
global_expert,ele-fashion,43,text,pairwise_expert_output_cosine,1,0:2,0.7682509422302246,,,
global_expert,ele-fashion,43,text,pairwise_expert_output_cosine,1,0:3,0.702137291431427,,,
global_expert,ele-fashion,43,text,pairwise_expert_output_cosine,1,1:2,0.8735604286193848,,,
global_expert,ele-fashion,43,text,pairwise_expert_output_cosine,1,1:3,0.8109846711158752,,,
global_expert,ele-fashion,43,text,pairwise_expert_output_cosine,1,2:3,0.6893061995506287,,,
global_expert,ele-fashion,43,text,pairwise_expert_output_cosine,2,0:1,0.8453409671783447,,,
global_expert,ele-fashion,43,text,pairwise_expert_output_cosine,2,0:2,0.7219676971435547,,,
global_expert,ele-fashion,43,text,pairwise_expert_output_cosine,2,0:3,0.6144278049468994,,,
global_expert,ele-fashion,43,text,pairwise_expert_output_cosine,2,1:2,0.8414182662963867,,,
global_expert,ele-fashion,43,text,pairwise_expert_output_cosine,2,1:3,0.768746018409729,,,
global_expert,ele-fashion,43,text,pairwise_expert_output_cosine,2,2:3,0.5916796922683716,,,
global_expert,ele-fashion,43,text,pairwise_expert_output_cosine,3,0:1,0.8190134167671204,,,
global_expert,ele-fashion,43,text,pairwise_expert_output_cosine,3,0:2,0.7122251391410828,,,
global_expert,ele-fashion,43,text,pairwise_expert_output_cosine,3,0:3,0.5249470472335815,,,
global_expert,ele-fashion,43,text,pairwise_expert_output_cosine,3,1:2,0.8353452682495117,,,
global_expert,ele-fashion,43,text,pairwise_expert_output_cosine,3,1:3,0.6973220109939575,,,
global_expert,ele-fashion,43,text,pairwise_expert_output_cosine,3,2:3,0.5233855843544006,,,
global_expert,ele-fashion,43,visual,expert_load,all,0,0.051720358431339264,1.0244853496551514,0.0,
global_expert,ele-fashion,43,visual,expert_load,all,1,0.2675289809703827,1.0244853496551514,0.0,
global_expert,ele-fashion,43,visual,expert_load,all,2,0.5955154895782471,1.0244853496551514,1.0,
global_expert,ele-fashion,43,visual,expert_load,all,3,0.08523519337177277,1.0244853496551514,0.0,
global_expert,ele-fashion,43,visual,pairwise_expert_output_cosine,1,0:1,0.8009810447692871,,,
global_expert,ele-fashion,43,visual,pairwise_expert_output_cosine,1,0:2,0.8248443603515625,,,
global_expert,ele-fashion,43,visual,pairwise_expert_output_cosine,1,0:3,0.8488889932632446,,,
global_expert,ele-fashion,43,visual,pairwise_expert_output_cosine,1,1:2,0.7494996190071106,,,
global_expert,ele-fashion,43,visual,pairwise_expert_output_cosine,1,1:3,0.6489784717559814,,,
global_expert,ele-fashion,43,visual,pairwise_expert_output_cosine,1,2:3,0.8313045501708984,,,
global_expert,ele-fashion,43,visual,pairwise_expert_output_cosine,2,0:1,0.8129647970199585,,,
global_expert,ele-fashion,43,visual,pairwise_expert_output_cosine,2,0:2,0.8118765354156494,,,
global_expert,ele-fashion,43,visual,pairwise_expert_output_cosine,2,0:3,0.8621970415115356,,,
global_expert,ele-fashion,43,visual,pairwise_expert_output_cosine,2,1:2,0.7380055785179138,,,
global_expert,ele-fashion,43,visual,pairwise_expert_output_cosine,2,1:3,0.6515452861785889,,,
global_expert,ele-fashion,43,visual,pairwise_expert_output_cosine,2,2:3,0.8046272397041321,,,
global_expert,ele-fashion,43,visual,pairwise_expert_output_cosine,3,0:1,0.8154845237731934,,,
global_expert,ele-fashion,43,visual,pairwise_expert_output_cosine,3,0:2,0.7904016971588135,,,
global_expert,ele-fashion,43,visual,pairwise_expert_output_cosine,3,0:3,0.852091908454895,,,
global_expert,ele-fashion,43,visual,pairwise_expert_output_cosine,3,1:2,0.7032153606414795,,,
global_expert,ele-fashion,43,visual,pairwise_expert_output_cosine,3,1:3,0.6568026542663574,,,
global_expert,ele-fashion,43,visual,pairwise_expert_output_cosine,3,2:3,0.8035671710968018,,,
relation_expert,ele-fashion,43,text,expert_load,all,0,0.1748104840517044,1.1191974878311157,0.025946207344532013,
relation_expert,ele-fashion,43,text,expert_load,all,1,0.22435949742794037,1.1191974878311157,0.27968645095825195,
relation_expert,ele-fashion,43,text,expert_load,all,2,0.3792418837547302,1.1191974878311157,0.6883223056793213,
relation_expert,ele-fashion,43,text,expert_load,all,3,0.22158807516098022,1.1191974878311157,0.006045013200491667,
relation_expert,ele-fashion,43,text,pairwise_expert_output_cosine,1,0:1,0.7307689189910889,,,
relation_expert,ele-fashion,43,text,pairwise_expert_output_cosine,1,0:2,-0.43808767199516296,,,
relation_expert,ele-fashion,43,text,pairwise_expert_output_cosine,1,0:3,0.11365774273872375,,,
relation_expert,ele-fashion,43,text,pairwise_expert_output_cosine,1,1:2,-0.7134156823158264,,,
relation_expert,ele-fashion,43,text,pairwise_expert_output_cosine,1,1:3,-0.26276737451553345,,,
relation_expert,ele-fashion,43,text,pairwise_expert_output_cosine,1,2:3,0.6435138583183289,,,
relation_expert,ele-fashion,43,text,pairwise_expert_output_cosine,2,0:1,0.7112935185432434,,,
relation_expert,ele-fashion,43,text,pairwise_expert_output_cosine,2,0:2,-0.41895437240600586,,,
relation_expert,ele-fashion,43,text,pairwise_expert_output_cosine,2,0:3,0.19765077531337738,,,
relation_expert,ele-fashion,43,text,pairwise_expert_output_cosine,2,1:2,-0.690825343132019,,,
relation_expert,ele-fashion,43,text,pairwise_expert_output_cosine,2,1:3,-0.15391938388347626,,,
relation_expert,ele-fashion,43,text,pairwise_expert_output_cosine,2,2:3,0.5963607430458069,,,
relation_expert,ele-fashion,43,text,pairwise_expert_output_cosine,3,0:1,0.6685636043548584,,,
relation_expert,ele-fashion,43,text,pairwise_expert_output_cosine,3,0:2,-0.3974873423576355,,,
relation_expert,ele-fashion,43,text,pairwise_expert_output_cosine,3,0:3,0.3121011257171631,,,
relation_expert,ele-fashion,43,text,pairwise_expert_output_cosine,3,1:2,-0.6978514194488525,,,
relation_expert,ele-fashion,43,text,pairwise_expert_output_cosine,3,1:3,-0.06283803284168243,,,
relation_expert,ele-fashion,43,text,pairwise_expert_output_cosine,3,2:3,0.49395549297332764,,,
relation_expert,ele-fashion,43,visual,expert_load,all,0,0.1980387568473816,0.9589548707008362,0.13777267932891846,
relation_expert,ele-fashion,43,visual,expert_load,all,1,0.15777890384197235,0.9589548707008362,0.014620263129472733,
relation_expert,ele-fashion,43,visual,expert_load,all,2,0.09951965510845184,0.9589548707008362,0.09989678114652634,
relation_expert,ele-fashion,43,visual,expert_load,all,3,0.5446626543998718,0.9589548707008362,0.7477102279663086,
relation_expert,ele-fashion,43,visual,pairwise_expert_output_cosine,1,0:1,0.9505845308303833,,,
relation_expert,ele-fashion,43,visual,pairwise_expert_output_cosine,1,0:2,0.6148954629898071,,,
relation_expert,ele-fashion,43,visual,pairwise_expert_output_cosine,1,0:3,-0.03252608701586723,,,
relation_expert,ele-fashion,43,visual,pairwise_expert_output_cosine,1,1:2,0.6088500618934631,,,
relation_expert,ele-fashion,43,visual,pairwise_expert_output_cosine,1,1:3,-0.1235574334859848,,,
relation_expert,ele-fashion,43,visual,pairwise_expert_output_cosine,1,2:3,-0.3275831341743469,,,
relation_expert,ele-fashion,43,visual,pairwise_expert_output_cosine,2,0:1,0.9506888389587402,,,
relation_expert,ele-fashion,43,visual,pairwise_expert_output_cosine,2,0:2,0.5996659994125366,,,
relation_expert,ele-fashion,43,visual,pairwise_expert_output_cosine,2,0:3,-0.0023359160404652357,,,
relation_expert,ele-fashion,43,visual,pairwise_expert_output_cosine,2,1:2,0.6061099171638489,,,
relation_expert,ele-fashion,43,visual,pairwise_expert_output_cosine,2,1:3,-0.12477821111679077,,,
relation_expert,ele-fashion,43,visual,pairwise_expert_output_cosine,2,2:3,-0.3105015754699707,,,
relation_expert,ele-fashion,43,visual,pairwise_expert_output_cosine,3,0:1,0.9430919885635376,,,
relation_expert,ele-fashion,43,visual,pairwise_expert_output_cosine,3,0:2,0.5462819337844849,,,
relation_expert,ele-fashion,43,visual,pairwise_expert_output_cosine,3,0:3,-0.1024404838681221,,,
relation_expert,ele-fashion,43,visual,pairwise_expert_output_cosine,3,1:2,0.5637924671173096,,,
relation_expert,ele-fashion,43,visual,pairwise_expert_output_cosine,3,1:3,-0.2409154176712036,,,
relation_expert,ele-fashion,43,visual,pairwise_expert_output_cosine,3,2:3,-0.4588282108306885,,,
global_expert,ele-fashion,44,text,expert_load,all,0,0.012403571978211403,0.22154778242111206,0.0,
global_expert,ele-fashion,44,text,expert_load,all,1,0.020915063098073006,0.22154778242111206,0.0,
global_expert,ele-fashion,44,text,expert_load,all,2,0.009519416838884354,0.22154778242111206,0.0,
global_expert,ele-fashion,44,text,expert_load,all,3,0.9571620225906372,0.22154778242111206,1.0,EXPERT_COLLAPSE_OBSERVED
global_expert,ele-fashion,44,text,pairwise_expert_output_cosine,1,0:1,0.901429295539856,,,
global_expert,ele-fashion,44,text,pairwise_expert_output_cosine,1,0:2,0.8088849186897278,,,
global_expert,ele-fashion,44,text,pairwise_expert_output_cosine,1,0:3,0.8620606660842896,,,
global_expert,ele-fashion,44,text,pairwise_expert_output_cosine,1,1:2,0.7928686738014221,,,
global_expert,ele-fashion,44,text,pairwise_expert_output_cosine,1,1:3,0.8895075917243958,,,
global_expert,ele-fashion,44,text,pairwise_expert_output_cosine,1,2:3,0.8029398918151855,,,
global_expert,ele-fashion,44,text,pairwise_expert_output_cosine,2,0:1,0.8551853895187378,,,
global_expert,ele-fashion,44,text,pairwise_expert_output_cosine,2,0:2,0.7649714350700378,,,
global_expert,ele-fashion,44,text,pairwise_expert_output_cosine,2,0:3,0.7653368711471558,,,
global_expert,ele-fashion,44,text,pairwise_expert_output_cosine,2,1:2,0.7656638622283936,,,
global_expert,ele-fashion,44,text,pairwise_expert_output_cosine,2,1:3,0.8489809036254883,,,
global_expert,ele-fashion,44,text,pairwise_expert_output_cosine,2,2:3,0.7268880009651184,,,
global_expert,ele-fashion,44,text,pairwise_expert_output_cosine,3,0:1,0.8335364460945129,,,
global_expert,ele-fashion,44,text,pairwise_expert_output_cosine,3,0:2,0.7243513464927673,,,
global_expert,ele-fashion,44,text,pairwise_expert_output_cosine,3,0:3,0.6994231939315796,,,
global_expert,ele-fashion,44,text,pairwise_expert_output_cosine,3,1:2,0.7164007425308228,,,
global_expert,ele-fashion,44,text,pairwise_expert_output_cosine,3,1:3,0.8226776123046875,,,
global_expert,ele-fashion,44,text,pairwise_expert_output_cosine,3,2:3,0.6984251141548157,,,
global_expert,ele-fashion,44,visual,expert_load,all,0,0.12444847077131271,1.1553280353546143,0.0,
global_expert,ele-fashion,44,visual,expert_load,all,1,0.09049127995967865,1.1553280353546143,0.0,
global_expert,ele-fashion,44,visual,expert_load,all,2,0.5384311676025391,1.1553280353546143,1.0,
global_expert,ele-fashion,44,visual,expert_load,all,3,0.2466290444135666,1.1553280353546143,0.0,
global_expert,ele-fashion,44,visual,pairwise_expert_output_cosine,1,0:1,0.787928581237793,,,
global_expert,ele-fashion,44,visual,pairwise_expert_output_cosine,1,0:2,0.817314863204956,,,
global_expert,ele-fashion,44,visual,pairwise_expert_output_cosine,1,0:3,0.7868371605873108,,,
global_expert,ele-fashion,44,visual,pairwise_expert_output_cosine,1,1:2,0.8493841886520386,,,
global_expert,ele-fashion,44,visual,pairwise_expert_output_cosine,1,1:3,0.9109474420547485,,,
global_expert,ele-fashion,44,visual,pairwise_expert_output_cosine,1,2:3,0.9027193784713745,,,
global_expert,ele-fashion,44,visual,pairwise_expert_output_cosine,2,0:1,0.7958893775939941,,,
global_expert,ele-fashion,44,visual,pairwise_expert_output_cosine,2,0:2,0.8089643120765686,,,
global_expert,ele-fashion,44,visual,pairwise_expert_output_cosine,2,0:3,0.766592264175415,,,
global_expert,ele-fashion,44,visual,pairwise_expert_output_cosine,2,1:2,0.8686627745628357,,,
global_expert,ele-fashion,44,visual,pairwise_expert_output_cosine,2,1:3,0.9274646043777466,,,
global_expert,ele-fashion,44,visual,pairwise_expert_output_cosine,2,2:3,0.9067057371139526,,,
global_expert,ele-fashion,44,visual,pairwise_expert_output_cosine,3,0:1,0.7819863557815552,,,
global_expert,ele-fashion,44,visual,pairwise_expert_output_cosine,3,0:2,0.7840943336486816,,,
global_expert,ele-fashion,44,visual,pairwise_expert_output_cosine,3,0:3,0.7291907668113708,,,
global_expert,ele-fashion,44,visual,pairwise_expert_output_cosine,3,1:2,0.8690385222434998,,,
global_expert,ele-fashion,44,visual,pairwise_expert_output_cosine,3,1:3,0.9214695692062378,,,
global_expert,ele-fashion,44,visual,pairwise_expert_output_cosine,3,2:3,0.9026286005973816,,,
relation_expert,ele-fashion,44,text,expert_load,all,0,0.3187471330165863,0.9836465716362,0.543124258518219,
relation_expert,ele-fashion,44,text,expert_load,all,1,0.27432703971862793,0.9836465716362,0.4553300142288208,
relation_expert,ele-fashion,44,text,expert_load,all,2,0.18179357051849365,0.9836465716362,0.0008467527222819626,
relation_expert,ele-fashion,44,text,expert_load,all,3,0.2251322716474533,0.9836465716362,0.0006989468238316476,
relation_expert,ele-fashion,44,text,pairwise_expert_output_cosine,1,0:1,-0.2932536005973816,,,
relation_expert,ele-fashion,44,text,pairwise_expert_output_cosine,1,0:2,0.8977047801017761,,,
relation_expert,ele-fashion,44,text,pairwise_expert_output_cosine,1,0:3,-0.13093961775302887,,,
relation_expert,ele-fashion,44,text,pairwise_expert_output_cosine,1,1:2,-0.10988850891590118,,,
relation_expert,ele-fashion,44,text,pairwise_expert_output_cosine,1,1:3,0.8495364189147949,,,
relation_expert,ele-fashion,44,text,pairwise_expert_output_cosine,1,2:3,0.08437217026948929,,,
relation_expert,ele-fashion,44,text,pairwise_expert_output_cosine,2,0:1,-0.2790699303150177,,,
relation_expert,ele-fashion,44,text,pairwise_expert_output_cosine,2,0:2,0.9017359018325806,,,
relation_expert,ele-fashion,44,text,pairwise_expert_output_cosine,2,0:3,-0.10677748173475266,,,
relation_expert,ele-fashion,44,text,pairwise_expert_output_cosine,2,1:2,-0.08400695025920868,,,
relation_expert,ele-fashion,44,text,pairwise_expert_output_cosine,2,1:3,0.8374598026275635,,,
relation_expert,ele-fashion,44,text,pairwise_expert_output_cosine,2,2:3,0.1156659796833992,,,
relation_expert,ele-fashion,44,text,pairwise_expert_output_cosine,3,0:1,-0.31069231033325195,,,
relation_expert,ele-fashion,44,text,pairwise_expert_output_cosine,3,0:2,0.9000476002693176,,,
relation_expert,ele-fashion,44,text,pairwise_expert_output_cosine,3,0:3,-0.09423208236694336,,,
relation_expert,ele-fashion,44,text,pairwise_expert_output_cosine,3,1:2,-0.11948016285896301,,,
relation_expert,ele-fashion,44,text,pairwise_expert_output_cosine,3,1:3,0.7842608690261841,,,
relation_expert,ele-fashion,44,text,pairwise_expert_output_cosine,3,2:3,0.13043005764484406,,,
relation_expert,ele-fashion,44,visual,expert_load,all,0,0.13532337546348572,1.0312817096710205,0.005413706414401531,
relation_expert,ele-fashion,44,visual,expert_load,all,1,0.31362590193748474,1.0312817096710205,0.4747101366519928,
relation_expert,ele-fashion,44,visual,expert_load,all,2,0.2841466963291168,1.0312817096710205,0.37579038739204407,
relation_expert,ele-fashion,44,visual,expert_load,all,3,0.26690399646759033,1.0312817096710205,0.14408574998378754,
relation_expert,ele-fashion,44,visual,pairwise_expert_output_cosine,1,0:1,-0.22565627098083496,,,
relation_expert,ele-fashion,44,visual,pairwise_expert_output_cosine,1,0:2,0.8638885617256165,,,
relation_expert,ele-fashion,44,visual,pairwise_expert_output_cosine,1,0:3,-0.14978362619876862,,,
relation_expert,ele-fashion,44,visual,pairwise_expert_output_cosine,1,1:2,-0.34680697321891785,,,
relation_expert,ele-fashion,44,visual,pairwise_expert_output_cosine,1,1:3,0.9096344709396362,,,
relation_expert,ele-fashion,44,visual,pairwise_expert_output_cosine,1,2:3,-0.20681607723236084,,,
relation_expert,ele-fashion,44,visual,pairwise_expert_output_cosine,2,0:1,-0.21131429076194763,,,
relation_expert,ele-fashion,44,visual,pairwise_expert_output_cosine,2,0:2,0.8686085939407349,,,
relation_expert,ele-fashion,44,visual,pairwise_expert_output_cosine,2,0:3,-0.13999658823013306,,,
relation_expert,ele-fashion,44,visual,pairwise_expert_output_cosine,2,1:2,-0.3435445725917816,,,
relation_expert,ele-fashion,44,visual,pairwise_expert_output_cosine,2,1:3,0.9237518310546875,,,
relation_expert,ele-fashion,44,visual,pairwise_expert_output_cosine,2,2:3,-0.21458429098129272,,,
relation_expert,ele-fashion,44,visual,pairwise_expert_output_cosine,3,0:1,-0.25494831800460815,,,
relation_expert,ele-fashion,44,visual,pairwise_expert_output_cosine,3,0:2,0.8650531768798828,,,
relation_expert,ele-fashion,44,visual,pairwise_expert_output_cosine,3,0:3,-0.18226981163024902,,,
relation_expert,ele-fashion,44,visual,pairwise_expert_output_cosine,3,1:2,-0.3991246223449707,,,
relation_expert,ele-fashion,44,visual,pairwise_expert_output_cosine,3,1:3,0.9205255508422852,,,
relation_expert,ele-fashion,44,visual,pairwise_expert_output_cosine,3,2:3,-0.26797592639923096,,,
global_expert,Reddit-S,42,text,expert_load,all,0,0.21621467173099518,1.3724803924560547,0.0,
global_expert,Reddit-S,42,text,expert_load,all,1,0.2909177839756012,1.3724803924560547,0.0,
global_expert,Reddit-S,42,text,expert_load,all,2,0.2912345826625824,1.3724803924560547,1.0,
global_expert,Reddit-S,42,text,expert_load,all,3,0.20163296163082123,1.3724803924560547,0.0,
global_expert,Reddit-S,42,text,pairwise_expert_output_cosine,1,0:1,0.7057534456253052,,,
global_expert,Reddit-S,42,text,pairwise_expert_output_cosine,1,0:2,0.7587756514549255,,,
global_expert,Reddit-S,42,text,pairwise_expert_output_cosine,1,0:3,0.7884374856948853,,,
global_expert,Reddit-S,42,text,pairwise_expert_output_cosine,1,1:2,0.7456613779067993,,,
global_expert,Reddit-S,42,text,pairwise_expert_output_cosine,1,1:3,0.7322828769683838,,,
global_expert,Reddit-S,42,text,pairwise_expert_output_cosine,1,2:3,0.736214280128479,,,
global_expert,Reddit-S,42,text,pairwise_expert_output_cosine,2,0:1,0.7182524800300598,,,
global_expert,Reddit-S,42,text,pairwise_expert_output_cosine,2,0:2,0.7922239303588867,,,
global_expert,Reddit-S,42,text,pairwise_expert_output_cosine,2,0:3,0.7845437526702881,,,
global_expert,Reddit-S,42,text,pairwise_expert_output_cosine,2,1:2,0.7978775501251221,,,
global_expert,Reddit-S,42,text,pairwise_expert_output_cosine,2,1:3,0.754128098487854,,,
global_expert,Reddit-S,42,text,pairwise_expert_output_cosine,2,2:3,0.7525895237922668,,,
global_expert,Reddit-S,42,text,pairwise_expert_output_cosine,3,0:1,0.7805622220039368,,,
global_expert,Reddit-S,42,text,pairwise_expert_output_cosine,3,0:2,0.8315085172653198,,,
global_expert,Reddit-S,42,text,pairwise_expert_output_cosine,3,0:3,0.8169378638267517,,,
global_expert,Reddit-S,42,text,pairwise_expert_output_cosine,3,1:2,0.8551738262176514,,,
global_expert,Reddit-S,42,text,pairwise_expert_output_cosine,3,1:3,0.7838172912597656,,,
global_expert,Reddit-S,42,text,pairwise_expert_output_cosine,3,2:3,0.7936854362487793,,,
global_expert,Reddit-S,42,visual,expert_load,all,0,0.23098807036876678,1.376115083694458,0.0,
global_expert,Reddit-S,42,visual,expert_load,all,1,0.21449948847293854,1.376115083694458,0.0,
global_expert,Reddit-S,42,visual,expert_load,all,2,0.24433226883411407,1.376115083694458,0.0,
global_expert,Reddit-S,42,visual,expert_load,all,3,0.310180127620697,1.376115083694458,1.0,
global_expert,Reddit-S,42,visual,pairwise_expert_output_cosine,1,0:1,0.7715672254562378,,,
global_expert,Reddit-S,42,visual,pairwise_expert_output_cosine,1,0:2,0.7828840613365173,,,
global_expert,Reddit-S,42,visual,pairwise_expert_output_cosine,1,0:3,0.8298994302749634,,,
global_expert,Reddit-S,42,visual,pairwise_expert_output_cosine,1,1:2,0.8665097951889038,,,
global_expert,Reddit-S,42,visual,pairwise_expert_output_cosine,1,1:3,0.7421027421951294,,,
global_expert,Reddit-S,42,visual,pairwise_expert_output_cosine,1,2:3,0.8129749894142151,,,
global_expert,Reddit-S,42,visual,pairwise_expert_output_cosine,2,0:1,0.8171372413635254,,,
global_expert,Reddit-S,42,visual,pairwise_expert_output_cosine,2,0:2,0.8071191310882568,,,
global_expert,Reddit-S,42,visual,pairwise_expert_output_cosine,2,0:3,0.8419952392578125,,,
global_expert,Reddit-S,42,visual,pairwise_expert_output_cosine,2,1:2,0.881006121635437,,,
global_expert,Reddit-S,42,visual,pairwise_expert_output_cosine,2,1:3,0.773783802986145,,,
global_expert,Reddit-S,42,visual,pairwise_expert_output_cosine,2,2:3,0.8241758942604065,,,
global_expert,Reddit-S,42,visual,pairwise_expert_output_cosine,3,0:1,0.8468050956726074,,,
global_expert,Reddit-S,42,visual,pairwise_expert_output_cosine,3,0:2,0.8196512460708618,,,
global_expert,Reddit-S,42,visual,pairwise_expert_output_cosine,3,0:3,0.8410881757736206,,,
global_expert,Reddit-S,42,visual,pairwise_expert_output_cosine,3,1:2,0.8855183124542236,,,
global_expert,Reddit-S,42,visual,pairwise_expert_output_cosine,3,1:3,0.7875518202781677,,,
global_expert,Reddit-S,42,visual,pairwise_expert_output_cosine,3,2:3,0.8239947557449341,,,
relation_expert,Reddit-S,42,text,expert_load,all,0,0.2235206812620163,1.368371844291687,0.00887028407305479,
relation_expert,Reddit-S,42,text,expert_load,all,1,0.2879994809627533,1.368371844291687,0.0397590771317482,
relation_expert,Reddit-S,42,text,expert_load,all,2,0.2989150285720825,1.368371844291687,0.9377701878547668,
relation_expert,Reddit-S,42,text,expert_load,all,3,0.1895647943019867,1.368371844291687,0.013600395061075687,
relation_expert,Reddit-S,42,text,pairwise_expert_output_cosine,1,0:1,0.7417892217636108,,,
relation_expert,Reddit-S,42,text,pairwise_expert_output_cosine,1,0:2,0.7672268152236938,,,
relation_expert,Reddit-S,42,text,pairwise_expert_output_cosine,1,0:3,0.7893221378326416,,,
relation_expert,Reddit-S,42,text,pairwise_expert_output_cosine,1,1:2,0.7617648839950562,,,
relation_expert,Reddit-S,42,text,pairwise_expert_output_cosine,1,1:3,0.7449381947517395,,,
relation_expert,Reddit-S,42,text,pairwise_expert_output_cosine,1,2:3,0.7192658185958862,,,
relation_expert,Reddit-S,42,text,pairwise_expert_output_cosine,2,0:1,0.7653074264526367,,,
relation_expert,Reddit-S,42,text,pairwise_expert_output_cosine,2,0:2,0.8067436814308167,,,
relation_expert,Reddit-S,42,text,pairwise_expert_output_cosine,2,0:3,0.7918994426727295,,,
relation_expert,Reddit-S,42,text,pairwise_expert_output_cosine,2,1:2,0.8207343816757202,,,
relation_expert,Reddit-S,42,text,pairwise_expert_output_cosine,2,1:3,0.7721747756004333,,,
relation_expert,Reddit-S,42,text,pairwise_expert_output_cosine,2,2:3,0.7432947158813477,,,
relation_expert,Reddit-S,42,text,pairwise_expert_output_cosine,3,0:1,0.8179985284805298,,,
relation_expert,Reddit-S,42,text,pairwise_expert_output_cosine,3,0:2,0.8448631763458252,,,
relation_expert,Reddit-S,42,text,pairwise_expert_output_cosine,3,0:3,0.8292357921600342,,,
relation_expert,Reddit-S,42,text,pairwise_expert_output_cosine,3,1:2,0.8739811778068542,,,
relation_expert,Reddit-S,42,text,pairwise_expert_output_cosine,3,1:3,0.8049067258834839,,,
relation_expert,Reddit-S,42,text,pairwise_expert_output_cosine,3,2:3,0.7931342720985413,,,
relation_expert,Reddit-S,42,visual,expert_load,all,0,0.20652316510677338,1.1299537420272827,0.2390737533569336,
relation_expert,Reddit-S,42,visual,expert_load,all,1,0.37941989302635193,1.1299537420272827,0.526211678981781,
relation_expert,Reddit-S,42,visual,expert_load,all,2,0.22088082134723663,1.1299537420272827,0.23470042645931244,
relation_expert,Reddit-S,42,visual,expert_load,all,3,0.19317607581615448,1.1299537420272827,1.4130280760582536e-05,
relation_expert,Reddit-S,42,visual,pairwise_expert_output_cosine,1,0:1,-0.06414853036403656,,,
relation_expert,Reddit-S,42,visual,pairwise_expert_output_cosine,1,0:2,0.7586468458175659,,,
relation_expert,Reddit-S,42,visual,pairwise_expert_output_cosine,1,0:3,0.8625682592391968,,,
relation_expert,Reddit-S,42,visual,pairwise_expert_output_cosine,1,1:2,-0.09652038663625717,,,
relation_expert,Reddit-S,42,visual,pairwise_expert_output_cosine,1,1:3,-0.15550072491168976,,,
relation_expert,Reddit-S,42,visual,pairwise_expert_output_cosine,1,2:3,0.8377705812454224,,,
relation_expert,Reddit-S,42,visual,pairwise_expert_output_cosine,2,0:1,-0.03136686980724335,,,
relation_expert,Reddit-S,42,visual,pairwise_expert_output_cosine,2,0:2,0.7783805131912231,,,
relation_expert,Reddit-S,42,visual,pairwise_expert_output_cosine,2,0:3,0.8719667196273804,,,
relation_expert,Reddit-S,42,visual,pairwise_expert_output_cosine,2,1:2,-0.07575009763240814,,,
relation_expert,Reddit-S,42,visual,pairwise_expert_output_cosine,2,1:3,-0.10313576459884644,,,
relation_expert,Reddit-S,42,visual,pairwise_expert_output_cosine,2,2:3,0.844921350479126,,,
relation_expert,Reddit-S,42,visual,pairwise_expert_output_cosine,3,0:1,0.015423236414790154,,,
relation_expert,Reddit-S,42,visual,pairwise_expert_output_cosine,3,0:2,0.790966808795929,,,
relation_expert,Reddit-S,42,visual,pairwise_expert_output_cosine,3,0:3,0.8719164729118347,,,
relation_expert,Reddit-S,42,visual,pairwise_expert_output_cosine,3,1:2,-0.034797560423612595,,,
relation_expert,Reddit-S,42,visual,pairwise_expert_output_cosine,3,1:3,-0.0442810021340847,,,
relation_expert,Reddit-S,42,visual,pairwise_expert_output_cosine,3,2:3,0.8431149125099182,,,
global_expert,Reddit-S,43,text,expert_load,all,0,0.2671883702278137,1.371665596961975,0.0,
global_expert,Reddit-S,43,text,expert_load,all,1,0.24081489443778992,1.371665596961975,0.0,
global_expert,Reddit-S,43,text,expert_load,all,2,0.3040216863155365,1.371665596961975,1.0,
global_expert,Reddit-S,43,text,expert_load,all,3,0.18797507882118225,1.371665596961975,0.0,
global_expert,Reddit-S,43,text,pairwise_expert_output_cosine,1,0:1,0.7161610126495361,,,
global_expert,Reddit-S,43,text,pairwise_expert_output_cosine,1,0:2,0.6800523996353149,,,
global_expert,Reddit-S,43,text,pairwise_expert_output_cosine,1,0:3,0.7578497529029846,,,
global_expert,Reddit-S,43,text,pairwise_expert_output_cosine,1,1:2,0.7676094770431519,,,
global_expert,Reddit-S,43,text,pairwise_expert_output_cosine,1,1:3,0.7599927186965942,,,
global_expert,Reddit-S,43,text,pairwise_expert_output_cosine,1,2:3,0.7808955907821655,,,
global_expert,Reddit-S,43,text,pairwise_expert_output_cosine,2,0:1,0.7387435436248779,,,
global_expert,Reddit-S,43,text,pairwise_expert_output_cosine,2,0:2,0.7022607922554016,,,
global_expert,Reddit-S,43,text,pairwise_expert_output_cosine,2,0:3,0.7925136089324951,,,
global_expert,Reddit-S,43,text,pairwise_expert_output_cosine,2,1:2,0.8025649785995483,,,
global_expert,Reddit-S,43,text,pairwise_expert_output_cosine,2,1:3,0.7953540086746216,,,
global_expert,Reddit-S,43,text,pairwise_expert_output_cosine,2,2:3,0.8114665746688843,,,
global_expert,Reddit-S,43,text,pairwise_expert_output_cosine,3,0:1,0.7860045433044434,,,
global_expert,Reddit-S,43,text,pairwise_expert_output_cosine,3,0:2,0.7636944055557251,,,
global_expert,Reddit-S,43,text,pairwise_expert_output_cosine,3,0:3,0.8314962387084961,,,
global_expert,Reddit-S,43,text,pairwise_expert_output_cosine,3,1:2,0.8364613056182861,,,
global_expert,Reddit-S,43,text,pairwise_expert_output_cosine,3,1:3,0.8282114267349243,,,
global_expert,Reddit-S,43,text,pairwise_expert_output_cosine,3,2:3,0.8498880863189697,,,
global_expert,Reddit-S,43,visual,expert_load,all,0,0.09253337979316711,1.0907764434814453,0.0,
global_expert,Reddit-S,43,visual,expert_load,all,1,0.604815661907196,1.0907764434814453,1.0,
global_expert,Reddit-S,43,visual,expert_load,all,2,0.12364165484905243,1.0907764434814453,0.0,
global_expert,Reddit-S,43,visual,expert_load,all,3,0.1790093034505844,1.0907764434814453,0.0,
global_expert,Reddit-S,43,visual,pairwise_expert_output_cosine,1,0:1,0.7461121678352356,,,
global_expert,Reddit-S,43,visual,pairwise_expert_output_cosine,1,0:2,0.8469342589378357,,,
global_expert,Reddit-S,43,visual,pairwise_expert_output_cosine,1,0:3,0.7315365076065063,,,
global_expert,Reddit-S,43,visual,pairwise_expert_output_cosine,1,1:2,0.7580403089523315,,,
global_expert,Reddit-S,43,visual,pairwise_expert_output_cosine,1,1:3,0.7156907320022583,,,
global_expert,Reddit-S,43,visual,pairwise_expert_output_cosine,1,2:3,0.735209584236145,,,
global_expert,Reddit-S,43,visual,pairwise_expert_output_cosine,2,0:1,0.7701667547225952,,,
global_expert,Reddit-S,43,visual,pairwise_expert_output_cosine,2,0:2,0.8674255609512329,,,
global_expert,Reddit-S,43,visual,pairwise_expert_output_cosine,2,0:3,0.7588248252868652,,,
global_expert,Reddit-S,43,visual,pairwise_expert_output_cosine,2,1:2,0.7753413915634155,,,
global_expert,Reddit-S,43,visual,pairwise_expert_output_cosine,2,1:3,0.7305635213851929,,,
global_expert,Reddit-S,43,visual,pairwise_expert_output_cosine,2,2:3,0.7534397840499878,,,
global_expert,Reddit-S,43,visual,pairwise_expert_output_cosine,3,0:1,0.7813717722892761,,,
global_expert,Reddit-S,43,visual,pairwise_expert_output_cosine,3,0:2,0.8768543004989624,,,
global_expert,Reddit-S,43,visual,pairwise_expert_output_cosine,3,0:3,0.7866163849830627,,,
global_expert,Reddit-S,43,visual,pairwise_expert_output_cosine,3,1:2,0.7815901637077332,,,
global_expert,Reddit-S,43,visual,pairwise_expert_output_cosine,3,1:3,0.7428234815597534,,,
global_expert,Reddit-S,43,visual,pairwise_expert_output_cosine,3,2:3,0.7706747055053711,,,
relation_expert,Reddit-S,43,text,expert_load,all,0,0.2536848783493042,1.06284499168396,0.3308110535144806,
relation_expert,Reddit-S,43,text,expert_load,all,1,0.3536434471607208,1.06284499168396,0.5819167494773865,
relation_expert,Reddit-S,43,text,expert_load,all,2,0.19380398094654083,1.06284499168396,0.0035361028276383877,
relation_expert,Reddit-S,43,text,expert_load,all,3,0.19886766374111176,1.06284499168396,0.08373604714870453,
relation_expert,Reddit-S,43,text,pairwise_expert_output_cosine,1,0:1,-0.6679555177688599,,,
relation_expert,Reddit-S,43,text,pairwise_expert_output_cosine,1,0:2,-0.19480980932712555,,,
relation_expert,Reddit-S,43,text,pairwise_expert_output_cosine,1,0:3,-0.10995563864707947,,,
relation_expert,Reddit-S,43,text,pairwise_expert_output_cosine,1,1:2,0.7069926261901855,,,
relation_expert,Reddit-S,43,text,pairwise_expert_output_cosine,1,1:3,0.5737993717193604,,,
relation_expert,Reddit-S,43,text,pairwise_expert_output_cosine,1,2:3,0.8466704487800598,,,
relation_expert,Reddit-S,43,text,pairwise_expert_output_cosine,2,0:1,-0.6688088178634644,,,
relation_expert,Reddit-S,43,text,pairwise_expert_output_cosine,2,0:2,-0.1922530084848404,,,
relation_expert,Reddit-S,43,text,pairwise_expert_output_cosine,2,0:3,-0.12156609445810318,,,
relation_expert,Reddit-S,43,text,pairwise_expert_output_cosine,2,1:2,0.7010190486907959,,,
relation_expert,Reddit-S,43,text,pairwise_expert_output_cosine,2,1:3,0.5843302011489868,,,
relation_expert,Reddit-S,43,text,pairwise_expert_output_cosine,2,2:3,0.8692707419395447,,,
relation_expert,Reddit-S,43,text,pairwise_expert_output_cosine,3,0:1,-0.5673390030860901,,,
relation_expert,Reddit-S,43,text,pairwise_expert_output_cosine,3,0:2,-0.06925802677869797,,,
relation_expert,Reddit-S,43,text,pairwise_expert_output_cosine,3,0:3,-0.011445729993283749,,,
relation_expert,Reddit-S,43,text,pairwise_expert_output_cosine,3,1:2,0.6967798471450806,,,
relation_expert,Reddit-S,43,text,pairwise_expert_output_cosine,3,1:3,0.597541093826294,,,
relation_expert,Reddit-S,43,text,pairwise_expert_output_cosine,3,2:3,0.8865913152694702,,,
relation_expert,Reddit-S,43,visual,expert_load,all,0,0.1976180523633957,1.1588937044143677,0.04228133335709572,
relation_expert,Reddit-S,43,visual,expert_load,all,1,0.3132252097129822,1.1588937044143677,0.3781580924987793,
relation_expert,Reddit-S,43,visual,expert_load,all,2,0.2039577215909958,1.1588937044143677,0.2860463261604309,
relation_expert,Reddit-S,43,visual,expert_load,all,3,0.28519901633262634,1.1588937044143677,0.2935141921043396,
relation_expert,Reddit-S,43,visual,pairwise_expert_output_cosine,1,0:1,0.45522984862327576,,,
relation_expert,Reddit-S,43,visual,pairwise_expert_output_cosine,1,0:2,0.6040061712265015,,,
relation_expert,Reddit-S,43,visual,pairwise_expert_output_cosine,1,0:3,-0.41532593965530396,,,
relation_expert,Reddit-S,43,visual,pairwise_expert_output_cosine,1,1:2,-0.18916676938533783,,,
relation_expert,Reddit-S,43,visual,pairwise_expert_output_cosine,1,1:3,-0.29025810956954956,,,
relation_expert,Reddit-S,43,visual,pairwise_expert_output_cosine,1,2:3,0.13715749979019165,,,
relation_expert,Reddit-S,43,visual,pairwise_expert_output_cosine,2,0:1,0.4351383447647095,,,
relation_expert,Reddit-S,43,visual,pairwise_expert_output_cosine,2,0:2,0.6080582141876221,,,
relation_expert,Reddit-S,43,visual,pairwise_expert_output_cosine,2,0:3,-0.425995796918869,,,
relation_expert,Reddit-S,43,visual,pairwise_expert_output_cosine,2,1:2,-0.21206462383270264,,,
relation_expert,Reddit-S,43,visual,pairwise_expert_output_cosine,2,1:3,-0.31223395466804504,,,
relation_expert,Reddit-S,43,visual,pairwise_expert_output_cosine,2,2:3,0.14375972747802734,,,
relation_expert,Reddit-S,43,visual,pairwise_expert_output_cosine,3,0:1,0.42290186882019043,,,
relation_expert,Reddit-S,43,visual,pairwise_expert_output_cosine,3,0:2,0.6103109121322632,,,
relation_expert,Reddit-S,43,visual,pairwise_expert_output_cosine,3,0:3,-0.4217948615550995,,,
relation_expert,Reddit-S,43,visual,pairwise_expert_output_cosine,3,1:2,-0.2187565267086029,,,
relation_expert,Reddit-S,43,visual,pairwise_expert_output_cosine,3,1:3,-0.3188703954219818,,,
relation_expert,Reddit-S,43,visual,pairwise_expert_output_cosine,3,2:3,0.15750038623809814,,,
global_expert,Reddit-S,44,text,expert_load,all,0,0.26949113607406616,1.3807337284088135,0.0,
global_expert,Reddit-S,44,text,expert_load,all,1,0.23602312803268433,1.3807337284088135,0.0,
global_expert,Reddit-S,44,text,expert_load,all,2,0.21434247493743896,1.3807337284088135,0.0,
global_expert,Reddit-S,44,text,expert_load,all,3,0.28014323115348816,1.3807337284088135,1.0,
global_expert,Reddit-S,44,text,pairwise_expert_output_cosine,1,0:1,0.7469197511672974,,,
global_expert,Reddit-S,44,text,pairwise_expert_output_cosine,1,0:2,0.7616218328475952,,,
global_expert,Reddit-S,44,text,pairwise_expert_output_cosine,1,0:3,0.7958968877792358,,,
global_expert,Reddit-S,44,text,pairwise_expert_output_cosine,1,1:2,0.8076322078704834,,,
global_expert,Reddit-S,44,text,pairwise_expert_output_cosine,1,1:3,0.8571755886077881,,,
global_expert,Reddit-S,44,text,pairwise_expert_output_cosine,1,2:3,0.8073476552963257,,,
global_expert,Reddit-S,44,text,pairwise_expert_output_cosine,2,0:1,0.7774871587753296,,,
global_expert,Reddit-S,44,text,pairwise_expert_output_cosine,2,0:2,0.7857023477554321,,,
global_expert,Reddit-S,44,text,pairwise_expert_output_cosine,2,0:3,0.8256020545959473,,,
global_expert,Reddit-S,44,text,pairwise_expert_output_cosine,2,1:2,0.8387609720230103,,,
global_expert,Reddit-S,44,text,pairwise_expert_output_cosine,2,1:3,0.8835942149162292,,,
global_expert,Reddit-S,44,text,pairwise_expert_output_cosine,2,2:3,0.83916175365448,,,
global_expert,Reddit-S,44,text,pairwise_expert_output_cosine,3,0:1,0.8099293112754822,,,
global_expert,Reddit-S,44,text,pairwise_expert_output_cosine,3,0:2,0.8200033903121948,,,
global_expert,Reddit-S,44,text,pairwise_expert_output_cosine,3,0:3,0.8527673482894897,,,
global_expert,Reddit-S,44,text,pairwise_expert_output_cosine,3,1:2,0.8613606691360474,,,
global_expert,Reddit-S,44,text,pairwise_expert_output_cosine,3,1:3,0.9037970304489136,,,
global_expert,Reddit-S,44,text,pairwise_expert_output_cosine,3,2:3,0.8661185503005981,,,
global_expert,Reddit-S,44,visual,expert_load,all,0,0.2821044623851776,1.3223340511322021,0.0,
global_expert,Reddit-S,44,visual,expert_load,all,1,0.20199580490589142,1.3223340511322021,0.0,
global_expert,Reddit-S,44,visual,expert_load,all,2,0.13918794691562653,1.3223340511322021,0.0,
global_expert,Reddit-S,44,visual,expert_load,all,3,0.3767118453979492,1.3223340511322021,1.0,
global_expert,Reddit-S,44,visual,pairwise_expert_output_cosine,1,0:1,0.7666706442832947,,,
global_expert,Reddit-S,44,visual,pairwise_expert_output_cosine,1,0:2,0.8643136024475098,,,
global_expert,Reddit-S,44,visual,pairwise_expert_output_cosine,1,0:3,0.8728311061859131,,,
global_expert,Reddit-S,44,visual,pairwise_expert_output_cosine,1,1:2,0.7648478746414185,,,
global_expert,Reddit-S,44,visual,pairwise_expert_output_cosine,1,1:3,0.7758853435516357,,,
global_expert,Reddit-S,44,visual,pairwise_expert_output_cosine,1,2:3,0.8397311568260193,,,
global_expert,Reddit-S,44,visual,pairwise_expert_output_cosine,2,0:1,0.8152090907096863,,,
global_expert,Reddit-S,44,visual,pairwise_expert_output_cosine,2,0:2,0.8811184763908386,,,
global_expert,Reddit-S,44,visual,pairwise_expert_output_cosine,2,0:3,0.8941270112991333,,,
global_expert,Reddit-S,44,visual,pairwise_expert_output_cosine,2,1:2,0.7969421744346619,,,
global_expert,Reddit-S,44,visual,pairwise_expert_output_cosine,2,1:3,0.8139480948448181,,,
global_expert,Reddit-S,44,visual,pairwise_expert_output_cosine,2,2:3,0.8587357401847839,,,
global_expert,Reddit-S,44,visual,pairwise_expert_output_cosine,3,0:1,0.8476517200469971,,,
global_expert,Reddit-S,44,visual,pairwise_expert_output_cosine,3,0:2,0.8859797120094299,,,
global_expert,Reddit-S,44,visual,pairwise_expert_output_cosine,3,0:3,0.9038228392601013,,,
global_expert,Reddit-S,44,visual,pairwise_expert_output_cosine,3,1:2,0.8193858861923218,,,
global_expert,Reddit-S,44,visual,pairwise_expert_output_cosine,3,1:3,0.8389759063720703,,,
global_expert,Reddit-S,44,visual,pairwise_expert_output_cosine,3,2:3,0.8676245212554932,,,
relation_expert,Reddit-S,44,text,expert_load,all,0,0.3761829137802124,1.1167107820510864,0.6517592072486877,
relation_expert,Reddit-S,44,text,expert_load,all,1,0.23066268861293793,1.1167107820510864,0.0008654796984046698,
relation_expert,Reddit-S,44,text,expert_load,all,2,0.21988017857074738,1.1167107820510864,0.34681713581085205,
relation_expert,Reddit-S,44,text,expert_load,all,3,0.1732741892337799,1.1167107820510864,0.0005581461009569466,
relation_expert,Reddit-S,44,text,pairwise_expert_output_cosine,1,0:1,0.7852823734283447,,,
relation_expert,Reddit-S,44,text,pairwise_expert_output_cosine,1,0:2,-0.23602299392223358,,,
relation_expert,Reddit-S,44,text,pairwise_expert_output_cosine,1,0:3,0.5193225145339966,,,
relation_expert,Reddit-S,44,text,pairwise_expert_output_cosine,1,1:2,-0.011300641112029552,,,
relation_expert,Reddit-S,44,text,pairwise_expert_output_cosine,1,1:3,0.6686737537384033,,,
relation_expert,Reddit-S,44,text,pairwise_expert_output_cosine,1,2:3,0.4900185465812683,,,
relation_expert,Reddit-S,44,text,pairwise_expert_output_cosine,2,0:1,0.8068515062332153,,,
relation_expert,Reddit-S,44,text,pairwise_expert_output_cosine,2,0:2,-0.22491323947906494,,,
relation_expert,Reddit-S,44,text,pairwise_expert_output_cosine,2,0:3,0.5617936849594116,,,
relation_expert,Reddit-S,44,text,pairwise_expert_output_cosine,2,1:2,0.0032403150107711554,,,
relation_expert,Reddit-S,44,text,pairwise_expert_output_cosine,2,1:3,0.7159448862075806,,,
relation_expert,Reddit-S,44,text,pairwise_expert_output_cosine,2,2:3,0.4722101092338562,,,
relation_expert,Reddit-S,44,text,pairwise_expert_output_cosine,3,0:1,0.8203400373458862,,,
relation_expert,Reddit-S,44,text,pairwise_expert_output_cosine,3,0:2,-0.08505374938249588,,,
relation_expert,Reddit-S,44,text,pairwise_expert_output_cosine,3,0:3,0.6140658855438232,,,
relation_expert,Reddit-S,44,text,pairwise_expert_output_cosine,3,1:2,0.1368519365787506,,,
relation_expert,Reddit-S,44,text,pairwise_expert_output_cosine,3,1:3,0.7685900926589966,,,
relation_expert,Reddit-S,44,text,pairwise_expert_output_cosine,3,2:3,0.5444790124893188,,,
relation_expert,Reddit-S,44,visual,expert_load,all,0,0.1993795782327652,1.2825028896331787,0.014480005018413067,
relation_expert,Reddit-S,44,visual,expert_load,all,1,0.3369761109352112,1.2825028896331787,0.7604069113731384,
relation_expert,Reddit-S,44,visual,expert_load,all,2,0.18675297498703003,1.2825028896331787,0.20563797652721405,
relation_expert,Reddit-S,44,visual,expert_load,all,3,0.2768912613391876,1.2825028896331787,0.01947505958378315,
relation_expert,Reddit-S,44,visual,pairwise_expert_output_cosine,1,0:1,0.4277307987213135,,,
relation_expert,Reddit-S,44,visual,pairwise_expert_output_cosine,1,0:2,0.8064248561859131,,,
relation_expert,Reddit-S,44,visual,pairwise_expert_output_cosine,1,0:3,0.7525167465209961,,,
relation_expert,Reddit-S,44,visual,pairwise_expert_output_cosine,1,1:2,0.21848270297050476,,,
relation_expert,Reddit-S,44,visual,pairwise_expert_output_cosine,1,1:3,0.6835376024246216,,,
relation_expert,Reddit-S,44,visual,pairwise_expert_output_cosine,1,2:3,0.5304979085922241,,,
relation_expert,Reddit-S,44,visual,pairwise_expert_output_cosine,2,0:1,0.5103912949562073,,,
relation_expert,Reddit-S,44,visual,pairwise_expert_output_cosine,2,0:2,0.8215680718421936,,,
relation_expert,Reddit-S,44,visual,pairwise_expert_output_cosine,2,0:3,0.7862073183059692,,,
relation_expert,Reddit-S,44,visual,pairwise_expert_output_cosine,2,1:2,0.29542797803878784,,,
relation_expert,Reddit-S,44,visual,pairwise_expert_output_cosine,2,1:3,0.7322690486907959,,,
relation_expert,Reddit-S,44,visual,pairwise_expert_output_cosine,2,2:3,0.5750229358673096,,,
relation_expert,Reddit-S,44,visual,pairwise_expert_output_cosine,3,0:1,0.5872335433959961,,,
relation_expert,Reddit-S,44,visual,pairwise_expert_output_cosine,3,0:2,0.8244359493255615,,,
relation_expert,Reddit-S,44,visual,pairwise_expert_output_cosine,3,0:3,0.813606858253479,,,
relation_expert,Reddit-S,44,visual,pairwise_expert_output_cosine,3,1:2,0.373019814491272,,,
relation_expert,Reddit-S,44,visual,pairwise_expert_output_cosine,3,1:3,0.7683173418045044,,,
relation_expert,Reddit-S,44,visual,pairwise_expert_output_cosine,3,2:3,0.6185850501060486,,,
