run_key,mode,variant,dataset,seed,device,status,return_code,command,git_branch,git_commit,run_dir,checkpoint,resolved_config,runtime_seconds,peak_gpu_memory_mib,test_evaluated,error_reason,updated_at
formal/plain/Movies/seed42,formal,plain,Movies,42,cuda:0,running,,/home/m3/miniconda3/envs/yhf_env/bin/python -m src.main dataset=Movies task=nc model=relation_operator_audit seed=42 num_runs=1 device=cuda:0 model.operator_variant=plain model.hidden_dim=256 model.max_order=3 model.edge_chunk_size=65536 task.protocol_version=unified_full_graph_nc_v1 task.training_mode=full_graph task.optimizer=adamw task.lr=1e-3 task.weight_decay=1e-4 task.epochs=300 task.patience=30 task.early_stop_min_epoch=30 task.early_stop_min_delta=1e-4 task.grad_clip=1.0 task.eval_every=1 task.inference_mode=full task.evaluate_test=false task.save_ckpt_path=/hdd1/DataInHere/YHF/MoPF/outputs/relation_operator_audit_v1/checkpoints/plain/Movies/seed42.pt hydra.run.dir=/hdd1/DataInHere/YHF/MoPF/outputs/relation_operator_audit_v1/runs/plain/Movies/seed42,relation_operator_audit,c53ca3250c67a180c04d33189263355e06685fe5,/hdd1/DataInHere/YHF/MoPF/outputs/relation_operator_audit_v1/runs/plain/Movies/seed42,/hdd1/DataInHere/YHF/MoPF/outputs/relation_operator_audit_v1/checkpoints/plain/Movies/seed42.pt,/hdd1/DataInHere/YHF/MoPF/outputs/relation_operator_audit_v1/runs/plain/Movies/seed42/resolved_config.json,,,false,,2026-09-28T00:31:58+0800
formal/plain/Movies/seed42,formal,plain,Movies,42,cuda:0,complete,0,/home/m3/miniconda3/envs/yhf_env/bin/python -m src.main dataset=Movies task=nc model=relation_operator_audit seed=42 num_runs=1 device=cuda:0 model.operator_variant=plain model.hidden_dim=256 model.max_order=3 model.edge_chunk_size=65536 task.protocol_version=unified_full_graph_nc_v1 task.training_mode=full_graph task.optimizer=adamw task.lr=1e-3 task.weight_decay=1e-4 task.epochs=300 task.patience=30 task.early_stop_min_epoch=30 task.early_stop_min_delta=1e-4 task.grad_clip=1.0 task.eval_every=1 task.inference_mode=full task.evaluate_test=false task.save_ckpt_path=/hdd1/DataInHere/YHF/MoPF/outputs/relation_operator_audit_v1/checkpoints/plain/Movies/seed42.pt hydra.run.dir=/hdd1/DataInHere/YHF/MoPF/outputs/relation_operator_audit_v1/runs/plain/Movies/seed42,relation_operator_audit,c53ca3250c67a180c04d33189263355e06685fe5,/hdd1/DataInHere/YHF/MoPF/outputs/relation_operator_audit_v1/runs/plain/Movies/seed42,/hdd1/DataInHere/YHF/MoPF/outputs/relation_operator_audit_v1/checkpoints/plain/Movies/seed42.pt,/hdd1/DataInHere/YHF/MoPF/outputs/relation_operator_audit_v1/runs/plain/Movies/seed42/resolved_config.json,21.89684121287428,462.7119140625,false,,2026-09-28T00:32:27+0800
formal/plain/Movies/seed43,formal,plain,Movies,43,cuda:0,running,,/home/m3/miniconda3/envs/yhf_env/bin/python -m src.main dataset=Movies task=nc model=relation_operator_audit seed=43 num_runs=1 device=cuda:0 model.operator_variant=plain model.hidden_dim=256 model.max_order=3 model.edge_chunk_size=65536 task.protocol_version=unified_full_graph_nc_v1 task.training_mode=full_graph task.optimizer=adamw task.lr=1e-3 task.weight_decay=1e-4 task.epochs=300 task.patience=30 task.early_stop_min_epoch=30 task.early_stop_min_delta=1e-4 task.grad_clip=1.0 task.eval_every=1 task.inference_mode=full task.evaluate_test=false task.save_ckpt_path=/hdd1/DataInHere/YHF/MoPF/outputs/relation_operator_audit_v1/checkpoints/plain/Movies/seed43.pt hydra.run.dir=/hdd1/DataInHere/YHF/MoPF/outputs/relation_operator_audit_v1/runs/plain/Movies/seed43,relation_operator_audit,c53ca3250c67a180c04d33189263355e06685fe5,/hdd1/DataInHere/YHF/MoPF/outputs/relation_operator_audit_v1/runs/plain/Movies/seed43,/hdd1/DataInHere/YHF/MoPF/outputs/relation_operator_audit_v1/checkpoints/plain/Movies/seed43.pt,/hdd1/DataInHere/YHF/MoPF/outputs/relation_operator_audit_v1/runs/plain/Movies/seed43/resolved_config.json,,,false,,2026-09-28T00:32:27+0800
formal/plain/Movies/seed43,formal,plain,Movies,43,cuda:0,complete,0,/home/m3/miniconda3/envs/yhf_env/bin/python -m src.main dataset=Movies task=nc model=relation_operator_audit seed=43 num_runs=1 device=cuda:0 model.operator_variant=plain model.hidden_dim=256 model.max_order=3 model.edge_chunk_size=65536 task.protocol_version=unified_full_graph_nc_v1 task.training_mode=full_graph task.optimizer=adamw task.lr=1e-3 task.weight_decay=1e-4 task.epochs=300 task.patience=30 task.early_stop_min_epoch=30 task.early_stop_min_delta=1e-4 task.grad_clip=1.0 task.eval_every=1 task.inference_mode=full task.evaluate_test=false task.save_ckpt_path=/hdd1/DataInHere/YHF/MoPF/outputs/relation_operator_audit_v1/checkpoints/plain/Movies/seed43.pt hydra.run.dir=/hdd1/DataInHere/YHF/MoPF/outputs/relation_operator_audit_v1/runs/plain/Movies/seed43,relation_operator_audit,c53ca3250c67a180c04d33189263355e06685fe5,/hdd1/DataInHere/YHF/MoPF/outputs/relation_operator_audit_v1/runs/plain/Movies/seed43,/hdd1/DataInHere/YHF/MoPF/outputs/relation_operator_audit_v1/checkpoints/plain/Movies/seed43.pt,/hdd1/DataInHere/YHF/MoPF/outputs/relation_operator_audit_v1/runs/plain/Movies/seed43/resolved_config.json,15.286683181999251,462.7119140625,false,,2026-09-28T00:32:50+0800
formal/plain/Movies/seed44,formal,plain,Movies,44,cuda:0,running,,/home/m3/miniconda3/envs/yhf_env/bin/python -m src.main dataset=Movies task=nc model=relation_operator_audit seed=44 num_runs=1 device=cuda:0 model.operator_variant=plain model.hidden_dim=256 model.max_order=3 model.edge_chunk_size=65536 task.protocol_version=unified_full_graph_nc_v1 task.training_mode=full_graph task.optimizer=adamw task.lr=1e-3 task.weight_decay=1e-4 task.epochs=300 task.patience=30 task.early_stop_min_epoch=30 task.early_stop_min_delta=1e-4 task.grad_clip=1.0 task.eval_every=1 task.inference_mode=full task.evaluate_test=false task.save_ckpt_path=/hdd1/DataInHere/YHF/MoPF/outputs/relation_operator_audit_v1/checkpoints/plain/Movies/seed44.pt hydra.run.dir=/hdd1/DataInHere/YHF/MoPF/outputs/relation_operator_audit_v1/runs/plain/Movies/seed44,relation_operator_audit,c53ca3250c67a180c04d33189263355e06685fe5,/hdd1/DataInHere/YHF/MoPF/outputs/relation_operator_audit_v1/runs/plain/Movies/seed44,/hdd1/DataInHere/YHF/MoPF/outputs/relation_operator_audit_v1/checkpoints/plain/Movies/seed44.pt,/hdd1/DataInHere/YHF/MoPF/outputs/relation_operator_audit_v1/runs/plain/Movies/seed44/resolved_config.json,,,false,,2026-09-28T00:32:50+0800
formal/plain/Movies/seed44,formal,plain,Movies,44,cuda:0,complete,0,/home/m3/miniconda3/envs/yhf_env/bin/python -m src.main dataset=Movies task=nc model=relation_operator_audit seed=44 num_runs=1 device=cuda:0 model.operator_variant=plain model.hidden_dim=256 model.max_order=3 model.edge_chunk_size=65536 task.protocol_version=unified_full_graph_nc_v1 task.training_mode=full_graph task.optimizer=adamw task.lr=1e-3 task.weight_decay=1e-4 task.epochs=300 task.patience=30 task.early_stop_min_epoch=30 task.early_stop_min_delta=1e-4 task.grad_clip=1.0 task.eval_every=1 task.inference_mode=full task.evaluate_test=false task.save_ckpt_path=/hdd1/DataInHere/YHF/MoPF/outputs/relation_operator_audit_v1/checkpoints/plain/Movies/seed44.pt hydra.run.dir=/hdd1/DataInHere/YHF/MoPF/outputs/relation_operator_audit_v1/runs/plain/Movies/seed44,relation_operator_audit,c53ca3250c67a180c04d33189263355e06685fe5,/hdd1/DataInHere/YHF/MoPF/outputs/relation_operator_audit_v1/runs/plain/Movies/seed44,/hdd1/DataInHere/YHF/MoPF/outputs/relation_operator_audit_v1/checkpoints/plain/Movies/seed44.pt,/hdd1/DataInHere/YHF/MoPF/outputs/relation_operator_audit_v1/runs/plain/Movies/seed44/resolved_config.json,27.48206108994782,462.7119140625,false,,2026-09-28T00:33:25+0800
formal/plain/Toys/seed42,formal,plain,Toys,42,cuda:0,running,,/home/m3/miniconda3/envs/yhf_env/bin/python -m src.main dataset=Toys task=nc model=relation_operator_audit seed=42 num_runs=1 device=cuda:0 model.operator_variant=plain model.hidden_dim=256 model.max_order=3 model.edge_chunk_size=65536 task.protocol_version=unified_full_graph_nc_v1 task.training_mode=full_graph task.optimizer=adamw task.lr=1e-3 task.weight_decay=1e-4 task.epochs=300 task.patience=30 task.early_stop_min_epoch=30 task.early_stop_min_delta=1e-4 task.grad_clip=1.0 task.eval_every=1 task.inference_mode=full task.evaluate_test=false task.save_ckpt_path=/hdd1/DataInHere/YHF/MoPF/outputs/relation_operator_audit_v1/checkpoints/plain/Toys/seed42.pt hydra.run.dir=/hdd1/DataInHere/YHF/MoPF/outputs/relation_operator_audit_v1/runs/plain/Toys/seed42,relation_operator_audit,c53ca3250c67a180c04d33189263355e06685fe5,/hdd1/DataInHere/YHF/MoPF/outputs/relation_operator_audit_v1/runs/plain/Toys/seed42,/hdd1/DataInHere/YHF/MoPF/outputs/relation_operator_audit_v1/checkpoints/plain/Toys/seed42.pt,/hdd1/DataInHere/YHF/MoPF/outputs/relation_operator_audit_v1/runs/plain/Toys/seed42/resolved_config.json,,,false,,2026-09-28T00:33:25+0800
formal/plain/Toys/seed42,formal,plain,Toys,42,cuda:0,complete,0,/home/m3/miniconda3/envs/yhf_env/bin/python -m src.main dataset=Toys task=nc model=relation_operator_audit seed=42 num_runs=1 device=cuda:0 model.operator_variant=plain model.hidden_dim=256 model.max_order=3 model.edge_chunk_size=65536 task.protocol_version=unified_full_graph_nc_v1 task.training_mode=full_graph task.optimizer=adamw task.lr=1e-3 task.weight_decay=1e-4 task.epochs=300 task.patience=30 task.early_stop_min_epoch=30 task.early_stop_min_delta=1e-4 task.grad_clip=1.0 task.eval_every=1 task.inference_mode=full task.evaluate_test=false task.save_ckpt_path=/hdd1/DataInHere/YHF/MoPF/outputs/relation_operator_audit_v1/checkpoints/plain/Toys/seed42.pt hydra.run.dir=/hdd1/DataInHere/YHF/MoPF/outputs/relation_operator_audit_v1/runs/plain/Toys/seed42,relation_operator_audit,c53ca3250c67a180c04d33189263355e06685fe5,/hdd1/DataInHere/YHF/MoPF/outputs/relation_operator_audit_v1/runs/plain/Toys/seed42,/hdd1/DataInHere/YHF/MoPF/outputs/relation_operator_audit_v1/checkpoints/plain/Toys/seed42.pt,/hdd1/DataInHere/YHF/MoPF/outputs/relation_operator_audit_v1/runs/plain/Toys/seed42/resolved_config.json,13.236583883175626,562.18505859375,false,,2026-09-28T00:33:45+0800
formal/plain/Toys/seed43,formal,plain,Toys,43,cuda:0,running,,/home/m3/miniconda3/envs/yhf_env/bin/python -m src.main dataset=Toys task=nc model=relation_operator_audit seed=43 num_runs=1 device=cuda:0 model.operator_variant=plain model.hidden_dim=256 model.max_order=3 model.edge_chunk_size=65536 task.protocol_version=unified_full_graph_nc_v1 task.training_mode=full_graph task.optimizer=adamw task.lr=1e-3 task.weight_decay=1e-4 task.epochs=300 task.patience=30 task.early_stop_min_epoch=30 task.early_stop_min_delta=1e-4 task.grad_clip=1.0 task.eval_every=1 task.inference_mode=full task.evaluate_test=false task.save_ckpt_path=/hdd1/DataInHere/YHF/MoPF/outputs/relation_operator_audit_v1/checkpoints/plain/Toys/seed43.pt hydra.run.dir=/hdd1/DataInHere/YHF/MoPF/outputs/relation_operator_audit_v1/runs/plain/Toys/seed43,relation_operator_audit,c53ca3250c67a180c04d33189263355e06685fe5,/hdd1/DataInHere/YHF/MoPF/outputs/relation_operator_audit_v1/runs/plain/Toys/seed43,/hdd1/DataInHere/YHF/MoPF/outputs/relation_operator_audit_v1/checkpoints/plain/Toys/seed43.pt,/hdd1/DataInHere/YHF/MoPF/outputs/relation_operator_audit_v1/runs/plain/Toys/seed43/resolved_config.json,,,false,,2026-09-28T00:33:45+0800
formal/plain/Toys/seed43,formal,plain,Toys,43,cuda:0,complete,0,/home/m3/miniconda3/envs/yhf_env/bin/python -m src.main dataset=Toys task=nc model=relation_operator_audit seed=43 num_runs=1 device=cuda:0 model.operator_variant=plain model.hidden_dim=256 model.max_order=3 model.edge_chunk_size=65536 task.protocol_version=unified_full_graph_nc_v1 task.training_mode=full_graph task.optimizer=adamw task.lr=1e-3 task.weight_decay=1e-4 task.epochs=300 task.patience=30 task.early_stop_min_epoch=30 task.early_stop_min_delta=1e-4 task.grad_clip=1.0 task.eval_every=1 task.inference_mode=full task.evaluate_test=false task.save_ckpt_path=/hdd1/DataInHere/YHF/MoPF/outputs/relation_operator_audit_v1/checkpoints/plain/Toys/seed43.pt hydra.run.dir=/hdd1/DataInHere/YHF/MoPF/outputs/relation_operator_audit_v1/runs/plain/Toys/seed43,relation_operator_audit,c53ca3250c67a180c04d33189263355e06685fe5,/hdd1/DataInHere/YHF/MoPF/outputs/relation_operator_audit_v1/runs/plain/Toys/seed43,/hdd1/DataInHere/YHF/MoPF/outputs/relation_operator_audit_v1/checkpoints/plain/Toys/seed43.pt,/hdd1/DataInHere/YHF/MoPF/outputs/relation_operator_audit_v1/runs/plain/Toys/seed43/resolved_config.json,13.83043463807553,562.18505859375,false,,2026-09-28T00:34:06+0800
formal/plain/Toys/seed44,formal,plain,Toys,44,cuda:0,running,,/home/m3/miniconda3/envs/yhf_env/bin/python -m src.main dataset=Toys task=nc model=relation_operator_audit seed=44 num_runs=1 device=cuda:0 model.operator_variant=plain model.hidden_dim=256 model.max_order=3 model.edge_chunk_size=65536 task.protocol_version=unified_full_graph_nc_v1 task.training_mode=full_graph task.optimizer=adamw task.lr=1e-3 task.weight_decay=1e-4 task.epochs=300 task.patience=30 task.early_stop_min_epoch=30 task.early_stop_min_delta=1e-4 task.grad_clip=1.0 task.eval_every=1 task.inference_mode=full task.evaluate_test=false task.save_ckpt_path=/hdd1/DataInHere/YHF/MoPF/outputs/relation_operator_audit_v1/checkpoints/plain/Toys/seed44.pt hydra.run.dir=/hdd1/DataInHere/YHF/MoPF/outputs/relation_operator_audit_v1/runs/plain/Toys/seed44,relation_operator_audit,c53ca3250c67a180c04d33189263355e06685fe5,/hdd1/DataInHere/YHF/MoPF/outputs/relation_operator_audit_v1/runs/plain/Toys/seed44,/hdd1/DataInHere/YHF/MoPF/outputs/relation_operator_audit_v1/checkpoints/plain/Toys/seed44.pt,/hdd1/DataInHere/YHF/MoPF/outputs/relation_operator_audit_v1/runs/plain/Toys/seed44/resolved_config.json,,,false,,2026-09-28T00:34:06+0800
formal/plain/Toys/seed44,formal,plain,Toys,44,cuda:0,complete,0,/home/m3/miniconda3/envs/yhf_env/bin/python -m src.main dataset=Toys task=nc model=relation_operator_audit seed=44 num_runs=1 device=cuda:0 model.operator_variant=plain model.hidden_dim=256 model.max_order=3 model.edge_chunk_size=65536 task.protocol_version=unified_full_graph_nc_v1 task.training_mode=full_graph task.optimizer=adamw task.lr=1e-3 task.weight_decay=1e-4 task.epochs=300 task.patience=30 task.early_stop_min_epoch=30 task.early_stop_min_delta=1e-4 task.grad_clip=1.0 task.eval_every=1 task.inference_mode=full task.evaluate_test=false task.save_ckpt_path=/hdd1/DataInHere/YHF/MoPF/outputs/relation_operator_audit_v1/checkpoints/plain/Toys/seed44.pt hydra.run.dir=/hdd1/DataInHere/YHF/MoPF/outputs/relation_operator_audit_v1/runs/plain/Toys/seed44,relation_operator_audit,c53ca3250c67a180c04d33189263355e06685fe5,/hdd1/DataInHere/YHF/MoPF/outputs/relation_operator_audit_v1/runs/plain/Toys/seed44,/hdd1/DataInHere/YHF/MoPF/outputs/relation_operator_audit_v1/checkpoints/plain/Toys/seed44.pt,/hdd1/DataInHere/YHF/MoPF/outputs/relation_operator_audit_v1/runs/plain/Toys/seed44/resolved_config.json,13.259020223049447,562.18505859375,false,,2026-09-28T00:34:25+0800
formal/plain/Grocery/seed42,formal,plain,Grocery,42,cuda:0,running,,/home/m3/miniconda3/envs/yhf_env/bin/python -m src.main dataset=Grocery task=nc model=relation_operator_audit seed=42 num_runs=1 device=cuda:0 model.operator_variant=plain model.hidden_dim=256 model.max_order=3 model.edge_chunk_size=65536 task.protocol_version=unified_full_graph_nc_v1 task.training_mode=full_graph task.optimizer=adamw task.lr=1e-3 task.weight_decay=1e-4 task.epochs=300 task.patience=30 task.early_stop_min_epoch=30 task.early_stop_min_delta=1e-4 task.grad_clip=1.0 task.eval_every=1 task.inference_mode=full task.evaluate_test=false task.save_ckpt_path=/hdd1/DataInHere/YHF/MoPF/outputs/relation_operator_audit_v1/checkpoints/plain/Grocery/seed42.pt hydra.run.dir=/hdd1/DataInHere/YHF/MoPF/outputs/relation_operator_audit_v1/runs/plain/Grocery/seed42,relation_operator_audit,c53ca3250c67a180c04d33189263355e06685fe5,/hdd1/DataInHere/YHF/MoPF/outputs/relation_operator_audit_v1/runs/plain/Grocery/seed42,/hdd1/DataInHere/YHF/MoPF/outputs/relation_operator_audit_v1/checkpoints/plain/Grocery/seed42.pt,/hdd1/DataInHere/YHF/MoPF/outputs/relation_operator_audit_v1/runs/plain/Grocery/seed42/resolved_config.json,,,false,,2026-09-28T00:34:25+0800
formal/plain/Grocery/seed42,formal,plain,Grocery,42,cuda:0,complete,0,/home/m3/miniconda3/envs/yhf_env/bin/python -m src.main dataset=Grocery task=nc model=relation_operator_audit seed=42 num_runs=1 device=cuda:0 model.operator_variant=plain model.hidden_dim=256 model.max_order=3 model.edge_chunk_size=65536 task.protocol_version=unified_full_graph_nc_v1 task.training_mode=full_graph task.optimizer=adamw task.lr=1e-3 task.weight_decay=1e-4 task.epochs=300 task.patience=30 task.early_stop_min_epoch=30 task.early_stop_min_delta=1e-4 task.grad_clip=1.0 task.eval_every=1 task.inference_mode=full task.evaluate_test=false task.save_ckpt_path=/hdd1/DataInHere/YHF/MoPF/outputs/relation_operator_audit_v1/checkpoints/plain/Grocery/seed42.pt hydra.run.dir=/hdd1/DataInHere/YHF/MoPF/outputs/relation_operator_audit_v1/runs/plain/Grocery/seed42,relation_operator_audit,c53ca3250c67a180c04d33189263355e06685fe5,/hdd1/DataInHere/YHF/MoPF/outputs/relation_operator_audit_v1/runs/plain/Grocery/seed42,/hdd1/DataInHere/YHF/MoPF/outputs/relation_operator_audit_v1/checkpoints/plain/Grocery/seed42.pt,/hdd1/DataInHere/YHF/MoPF/outputs/relation_operator_audit_v1/runs/plain/Grocery/seed42/resolved_config.json,23.2473238829989,473.072265625,false,,2026-09-28T00:34:56+0800
formal/plain/Grocery/seed43,formal,plain,Grocery,43,cuda:0,running,,/home/m3/miniconda3/envs/yhf_env/bin/python -m src.main dataset=Grocery task=nc model=relation_operator_audit seed=43 num_runs=1 device=cuda:0 model.operator_variant=plain model.hidden_dim=256 model.max_order=3 model.edge_chunk_size=65536 task.protocol_version=unified_full_graph_nc_v1 task.training_mode=full_graph task.optimizer=adamw task.lr=1e-3 task.weight_decay=1e-4 task.epochs=300 task.patience=30 task.early_stop_min_epoch=30 task.early_stop_min_delta=1e-4 task.grad_clip=1.0 task.eval_every=1 task.inference_mode=full task.evaluate_test=false task.save_ckpt_path=/hdd1/DataInHere/YHF/MoPF/outputs/relation_operator_audit_v1/checkpoints/plain/Grocery/seed43.pt hydra.run.dir=/hdd1/DataInHere/YHF/MoPF/outputs/relation_operator_audit_v1/runs/plain/Grocery/seed43,relation_operator_audit,c53ca3250c67a180c04d33189263355e06685fe5,/hdd1/DataInHere/YHF/MoPF/outputs/relation_operator_audit_v1/runs/plain/Grocery/seed43,/hdd1/DataInHere/YHF/MoPF/outputs/relation_operator_audit_v1/checkpoints/plain/Grocery/seed43.pt,/hdd1/DataInHere/YHF/MoPF/outputs/relation_operator_audit_v1/runs/plain/Grocery/seed43/resolved_config.json,,,false,,2026-09-28T00:34:56+0800
formal/plain/Grocery/seed43,formal,plain,Grocery,43,cuda:0,complete,0,/home/m3/miniconda3/envs/yhf_env/bin/python -m src.main dataset=Grocery task=nc model=relation_operator_audit seed=43 num_runs=1 device=cuda:0 model.operator_variant=plain model.hidden_dim=256 model.max_order=3 model.edge_chunk_size=65536 task.protocol_version=unified_full_graph_nc_v1 task.training_mode=full_graph task.optimizer=adamw task.lr=1e-3 task.weight_decay=1e-4 task.epochs=300 task.patience=30 task.early_stop_min_epoch=30 task.early_stop_min_delta=1e-4 task.grad_clip=1.0 task.eval_every=1 task.inference_mode=full task.evaluate_test=false task.save_ckpt_path=/hdd1/DataInHere/YHF/MoPF/outputs/relation_operator_audit_v1/checkpoints/plain/Grocery/seed43.pt hydra.run.dir=/hdd1/DataInHere/YHF/MoPF/outputs/relation_operator_audit_v1/runs/plain/Grocery/seed43,relation_operator_audit,c53ca3250c67a180c04d33189263355e06685fe5,/hdd1/DataInHere/YHF/MoPF/outputs/relation_operator_audit_v1/runs/plain/Grocery/seed43,/hdd1/DataInHere/YHF/MoPF/outputs/relation_operator_audit_v1/checkpoints/plain/Grocery/seed43.pt,/hdd1/DataInHere/YHF/MoPF/outputs/relation_operator_audit_v1/runs/plain/Grocery/seed43/resolved_config.json,14.548571988008916,473.072265625,false,,2026-09-28T00:35:17+0800
formal/plain/Grocery/seed44,formal,plain,Grocery,44,cuda:0,running,,/home/m3/miniconda3/envs/yhf_env/bin/python -m src.main dataset=Grocery task=nc model=relation_operator_audit seed=44 num_runs=1 device=cuda:0 model.operator_variant=plain model.hidden_dim=256 model.max_order=3 model.edge_chunk_size=65536 task.protocol_version=unified_full_graph_nc_v1 task.training_mode=full_graph task.optimizer=adamw task.lr=1e-3 task.weight_decay=1e-4 task.epochs=300 task.patience=30 task.early_stop_min_epoch=30 task.early_stop_min_delta=1e-4 task.grad_clip=1.0 task.eval_every=1 task.inference_mode=full task.evaluate_test=false task.save_ckpt_path=/hdd1/DataInHere/YHF/MoPF/outputs/relation_operator_audit_v1/checkpoints/plain/Grocery/seed44.pt hydra.run.dir=/hdd1/DataInHere/YHF/MoPF/outputs/relation_operator_audit_v1/runs/plain/Grocery/seed44,relation_operator_audit,c53ca3250c67a180c04d33189263355e06685fe5,/hdd1/DataInHere/YHF/MoPF/outputs/relation_operator_audit_v1/runs/plain/Grocery/seed44,/hdd1/DataInHere/YHF/MoPF/outputs/relation_operator_audit_v1/checkpoints/plain/Grocery/seed44.pt,/hdd1/DataInHere/YHF/MoPF/outputs/relation_operator_audit_v1/runs/plain/Grocery/seed44/resolved_config.json,,,false,,2026-09-28T00:35:17+0800
formal/plain/Grocery/seed44,formal,plain,Grocery,44,cuda:0,complete,0,/home/m3/miniconda3/envs/yhf_env/bin/python -m src.main dataset=Grocery task=nc model=relation_operator_audit seed=44 num_runs=1 device=cuda:0 model.operator_variant=plain model.hidden_dim=256 model.max_order=3 model.edge_chunk_size=65536 task.protocol_version=unified_full_graph_nc_v1 task.training_mode=full_graph task.optimizer=adamw task.lr=1e-3 task.weight_decay=1e-4 task.epochs=300 task.patience=30 task.early_stop_min_epoch=30 task.early_stop_min_delta=1e-4 task.grad_clip=1.0 task.eval_every=1 task.inference_mode=full task.evaluate_test=false task.save_ckpt_path=/hdd1/DataInHere/YHF/MoPF/outputs/relation_operator_audit_v1/checkpoints/plain/Grocery/seed44.pt hydra.run.dir=/hdd1/DataInHere/YHF/MoPF/outputs/relation_operator_audit_v1/runs/plain/Grocery/seed44,relation_operator_audit,c53ca3250c67a180c04d33189263355e06685fe5,/hdd1/DataInHere/YHF/MoPF/outputs/relation_operator_audit_v1/runs/plain/Grocery/seed44,/hdd1/DataInHere/YHF/MoPF/outputs/relation_operator_audit_v1/checkpoints/plain/Grocery/seed44.pt,/hdd1/DataInHere/YHF/MoPF/outputs/relation_operator_audit_v1/runs/plain/Grocery/seed44/resolved_config.json,18.870500044198707,473.072265625,false,,2026-09-28T00:35:46+0800
formal/plain/ele-fashion/seed42,formal,plain,ele-fashion,42,cuda:0,running,,/home/m3/miniconda3/envs/yhf_env/bin/python -m src.main dataset=ele-fashion task=nc model=relation_operator_audit seed=42 num_runs=1 device=cuda:0 model.operator_variant=plain model.hidden_dim=256 model.max_order=3 model.edge_chunk_size=65536 task.protocol_version=unified_full_graph_nc_v1 task.training_mode=full_graph task.optimizer=adamw task.lr=1e-3 task.weight_decay=1e-4 task.epochs=300 task.patience=30 task.early_stop_min_epoch=30 task.early_stop_min_delta=1e-4 task.grad_clip=1.0 task.eval_every=1 task.inference_mode=full task.evaluate_test=false task.save_ckpt_path=/hdd1/DataInHere/YHF/MoPF/outputs/relation_operator_audit_v1/checkpoints/plain/ele-fashion/seed42.pt hydra.run.dir=/hdd1/DataInHere/YHF/MoPF/outputs/relation_operator_audit_v1/runs/plain/ele-fashion/seed42,relation_operator_audit,c53ca3250c67a180c04d33189263355e06685fe5,/hdd1/DataInHere/YHF/MoPF/outputs/relation_operator_audit_v1/runs/plain/ele-fashion/seed42,/hdd1/DataInHere/YHF/MoPF/outputs/relation_operator_audit_v1/checkpoints/plain/ele-fashion/seed42.pt,/hdd1/DataInHere/YHF/MoPF/outputs/relation_operator_audit_v1/runs/plain/ele-fashion/seed42/resolved_config.json,,,false,,2026-09-28T00:35:46+0800
formal/plain/ele-fashion/seed42,formal,plain,ele-fashion,42,cuda:0,complete,0,/home/m3/miniconda3/envs/yhf_env/bin/python -m src.main dataset=ele-fashion task=nc model=relation_operator_audit seed=42 num_runs=1 device=cuda:0 model.operator_variant=plain model.hidden_dim=256 model.max_order=3 model.edge_chunk_size=65536 task.protocol_version=unified_full_graph_nc_v1 task.training_mode=full_graph task.optimizer=adamw task.lr=1e-3 task.weight_decay=1e-4 task.epochs=300 task.patience=30 task.early_stop_min_epoch=30 task.early_stop_min_delta=1e-4 task.grad_clip=1.0 task.eval_every=1 task.inference_mode=full task.evaluate_test=false task.save_ckpt_path=/hdd1/DataInHere/YHF/MoPF/outputs/relation_operator_audit_v1/checkpoints/plain/ele-fashion/seed42.pt hydra.run.dir=/hdd1/DataInHere/YHF/MoPF/outputs/relation_operator_audit_v1/runs/plain/ele-fashion/seed42,relation_operator_audit,c53ca3250c67a180c04d33189263355e06685fe5,/hdd1/DataInHere/YHF/MoPF/outputs/relation_operator_audit_v1/runs/plain/ele-fashion/seed42,/hdd1/DataInHere/YHF/MoPF/outputs/relation_operator_audit_v1/checkpoints/plain/ele-fashion/seed42.pt,/hdd1/DataInHere/YHF/MoPF/outputs/relation_operator_audit_v1/runs/plain/ele-fashion/seed42/resolved_config.json,144.79240505187772,2326.49609375,false,,2026-09-28T00:38:19+0800
formal/plain/ele-fashion/seed43,formal,plain,ele-fashion,43,cuda:0,running,,/home/m3/miniconda3/envs/yhf_env/bin/python -m src.main dataset=ele-fashion task=nc model=relation_operator_audit seed=43 num_runs=1 device=cuda:0 model.operator_variant=plain model.hidden_dim=256 model.max_order=3 model.edge_chunk_size=65536 task.protocol_version=unified_full_graph_nc_v1 task.training_mode=full_graph task.optimizer=adamw task.lr=1e-3 task.weight_decay=1e-4 task.epochs=300 task.patience=30 task.early_stop_min_epoch=30 task.early_stop_min_delta=1e-4 task.grad_clip=1.0 task.eval_every=1 task.inference_mode=full task.evaluate_test=false task.save_ckpt_path=/hdd1/DataInHere/YHF/MoPF/outputs/relation_operator_audit_v1/checkpoints/plain/ele-fashion/seed43.pt hydra.run.dir=/hdd1/DataInHere/YHF/MoPF/outputs/relation_operator_audit_v1/runs/plain/ele-fashion/seed43,relation_operator_audit,c53ca3250c67a180c04d33189263355e06685fe5,/hdd1/DataInHere/YHF/MoPF/outputs/relation_operator_audit_v1/runs/plain/ele-fashion/seed43,/hdd1/DataInHere/YHF/MoPF/outputs/relation_operator_audit_v1/checkpoints/plain/ele-fashion/seed43.pt,/hdd1/DataInHere/YHF/MoPF/outputs/relation_operator_audit_v1/runs/plain/ele-fashion/seed43/resolved_config.json,,,false,,2026-09-28T00:38:19+0800
formal/plain/ele-fashion/seed43,formal,plain,ele-fashion,43,cuda:0,complete,0,/home/m3/miniconda3/envs/yhf_env/bin/python -m src.main dataset=ele-fashion task=nc model=relation_operator_audit seed=43 num_runs=1 device=cuda:0 model.operator_variant=plain model.hidden_dim=256 model.max_order=3 model.edge_chunk_size=65536 task.protocol_version=unified_full_graph_nc_v1 task.training_mode=full_graph task.optimizer=adamw task.lr=1e-3 task.weight_decay=1e-4 task.epochs=300 task.patience=30 task.early_stop_min_epoch=30 task.early_stop_min_delta=1e-4 task.grad_clip=1.0 task.eval_every=1 task.inference_mode=full task.evaluate_test=false task.save_ckpt_path=/hdd1/DataInHere/YHF/MoPF/outputs/relation_operator_audit_v1/checkpoints/plain/ele-fashion/seed43.pt hydra.run.dir=/hdd1/DataInHere/YHF/MoPF/outputs/relation_operator_audit_v1/runs/plain/ele-fashion/seed43,relation_operator_audit,c53ca3250c67a180c04d33189263355e06685fe5,/hdd1/DataInHere/YHF/MoPF/outputs/relation_operator_audit_v1/runs/plain/ele-fashion/seed43,/hdd1/DataInHere/YHF/MoPF/outputs/relation_operator_audit_v1/checkpoints/plain/ele-fashion/seed43.pt,/hdd1/DataInHere/YHF/MoPF/outputs/relation_operator_audit_v1/runs/plain/ele-fashion/seed43/resolved_config.json,103.34683690988459,2326.49609375,false,,2026-09-28T00:40:11+0800
formal/plain/ele-fashion/seed44,formal,plain,ele-fashion,44,cuda:0,running,,/home/m3/miniconda3/envs/yhf_env/bin/python -m src.main dataset=ele-fashion task=nc model=relation_operator_audit seed=44 num_runs=1 device=cuda:0 model.operator_variant=plain model.hidden_dim=256 model.max_order=3 model.edge_chunk_size=65536 task.protocol_version=unified_full_graph_nc_v1 task.training_mode=full_graph task.optimizer=adamw task.lr=1e-3 task.weight_decay=1e-4 task.epochs=300 task.patience=30 task.early_stop_min_epoch=30 task.early_stop_min_delta=1e-4 task.grad_clip=1.0 task.eval_every=1 task.inference_mode=full task.evaluate_test=false task.save_ckpt_path=/hdd1/DataInHere/YHF/MoPF/outputs/relation_operator_audit_v1/checkpoints/plain/ele-fashion/seed44.pt hydra.run.dir=/hdd1/DataInHere/YHF/MoPF/outputs/relation_operator_audit_v1/runs/plain/ele-fashion/seed44,relation_operator_audit,c53ca3250c67a180c04d33189263355e06685fe5,/hdd1/DataInHere/YHF/MoPF/outputs/relation_operator_audit_v1/runs/plain/ele-fashion/seed44,/hdd1/DataInHere/YHF/MoPF/outputs/relation_operator_audit_v1/checkpoints/plain/ele-fashion/seed44.pt,/hdd1/DataInHere/YHF/MoPF/outputs/relation_operator_audit_v1/runs/plain/ele-fashion/seed44/resolved_config.json,,,false,,2026-09-28T00:40:11+0800
formal/plain/ele-fashion/seed44,formal,plain,ele-fashion,44,cuda:0,complete,0,/home/m3/miniconda3/envs/yhf_env/bin/python -m src.main dataset=ele-fashion task=nc model=relation_operator_audit seed=44 num_runs=1 device=cuda:0 model.operator_variant=plain model.hidden_dim=256 model.max_order=3 model.edge_chunk_size=65536 task.protocol_version=unified_full_graph_nc_v1 task.training_mode=full_graph task.optimizer=adamw task.lr=1e-3 task.weight_decay=1e-4 task.epochs=300 task.patience=30 task.early_stop_min_epoch=30 task.early_stop_min_delta=1e-4 task.grad_clip=1.0 task.eval_every=1 task.inference_mode=full task.evaluate_test=false task.save_ckpt_path=/hdd1/DataInHere/YHF/MoPF/outputs/relation_operator_audit_v1/checkpoints/plain/ele-fashion/seed44.pt hydra.run.dir=/hdd1/DataInHere/YHF/MoPF/outputs/relation_operator_audit_v1/runs/plain/ele-fashion/seed44,relation_operator_audit,c53ca3250c67a180c04d33189263355e06685fe5,/hdd1/DataInHere/YHF/MoPF/outputs/relation_operator_audit_v1/runs/plain/ele-fashion/seed44,/hdd1/DataInHere/YHF/MoPF/outputs/relation_operator_audit_v1/checkpoints/plain/ele-fashion/seed44.pt,/hdd1/DataInHere/YHF/MoPF/outputs/relation_operator_audit_v1/runs/plain/ele-fashion/seed44/resolved_config.json,121.83918420085683,2326.49609375,false,,2026-09-28T00:42:21+0800
formal/plain/Reddit-S/seed42,formal,plain,Reddit-S,42,cuda:0,running,,/home/m3/miniconda3/envs/yhf_env/bin/python -m src.main dataset=Reddit-S task=nc model=relation_operator_audit seed=42 num_runs=1 device=cuda:0 model.operator_variant=plain model.hidden_dim=256 model.max_order=3 model.edge_chunk_size=65536 task.protocol_version=unified_full_graph_nc_v1 task.training_mode=full_graph task.optimizer=adamw task.lr=1e-3 task.weight_decay=1e-4 task.epochs=300 task.patience=30 task.early_stop_min_epoch=30 task.early_stop_min_delta=1e-4 task.grad_clip=1.0 task.eval_every=1 task.inference_mode=full task.evaluate_test=false task.save_ckpt_path=/hdd1/DataInHere/YHF/MoPF/outputs/relation_operator_audit_v1/checkpoints/plain/Reddit-S/seed42.pt hydra.run.dir=/hdd1/DataInHere/YHF/MoPF/outputs/relation_operator_audit_v1/runs/plain/Reddit-S/seed42,relation_operator_audit,c53ca3250c67a180c04d33189263355e06685fe5,/hdd1/DataInHere/YHF/MoPF/outputs/relation_operator_audit_v1/runs/plain/Reddit-S/seed42,/hdd1/DataInHere/YHF/MoPF/outputs/relation_operator_audit_v1/checkpoints/plain/Reddit-S/seed42.pt,/hdd1/DataInHere/YHF/MoPF/outputs/relation_operator_audit_v1/runs/plain/Reddit-S/seed42/resolved_config.json,,,false,,2026-09-28T00:42:21+0800
formal/plain/Reddit-S/seed42,formal,plain,Reddit-S,42,cuda:0,complete,0,/home/m3/miniconda3/envs/yhf_env/bin/python -m src.main dataset=Reddit-S task=nc model=relation_operator_audit seed=42 num_runs=1 device=cuda:0 model.operator_variant=plain model.hidden_dim=256 model.max_order=3 model.edge_chunk_size=65536 task.protocol_version=unified_full_graph_nc_v1 task.training_mode=full_graph task.optimizer=adamw task.lr=1e-3 task.weight_decay=1e-4 task.epochs=300 task.patience=30 task.early_stop_min_epoch=30 task.early_stop_min_delta=1e-4 task.grad_clip=1.0 task.eval_every=1 task.inference_mode=full task.evaluate_test=false task.save_ckpt_path=/hdd1/DataInHere/YHF/MoPF/outputs/relation_operator_audit_v1/checkpoints/plain/Reddit-S/seed42.pt hydra.run.dir=/hdd1/DataInHere/YHF/MoPF/outputs/relation_operator_audit_v1/runs/plain/Reddit-S/seed42,relation_operator_audit,c53ca3250c67a180c04d33189263355e06685fe5,/hdd1/DataInHere/YHF/MoPF/outputs/relation_operator_audit_v1/runs/plain/Reddit-S/seed42,/hdd1/DataInHere/YHF/MoPF/outputs/relation_operator_audit_v1/checkpoints/plain/Reddit-S/seed42.pt,/hdd1/DataInHere/YHF/MoPF/outputs/relation_operator_audit_v1/runs/plain/Reddit-S/seed42/resolved_config.json,10.910283898934722,459.17578125,false,,2026-09-28T00:42:39+0800
formal/plain/Reddit-S/seed43,formal,plain,Reddit-S,43,cuda:0,running,,/home/m3/miniconda3/envs/yhf_env/bin/python -m src.main dataset=Reddit-S task=nc model=relation_operator_audit seed=43 num_runs=1 device=cuda:0 model.operator_variant=plain model.hidden_dim=256 model.max_order=3 model.edge_chunk_size=65536 task.protocol_version=unified_full_graph_nc_v1 task.training_mode=full_graph task.optimizer=adamw task.lr=1e-3 task.weight_decay=1e-4 task.epochs=300 task.patience=30 task.early_stop_min_epoch=30 task.early_stop_min_delta=1e-4 task.grad_clip=1.0 task.eval_every=1 task.inference_mode=full task.evaluate_test=false task.save_ckpt_path=/hdd1/DataInHere/YHF/MoPF/outputs/relation_operator_audit_v1/checkpoints/plain/Reddit-S/seed43.pt hydra.run.dir=/hdd1/DataInHere/YHF/MoPF/outputs/relation_operator_audit_v1/runs/plain/Reddit-S/seed43,relation_operator_audit,c53ca3250c67a180c04d33189263355e06685fe5,/hdd1/DataInHere/YHF/MoPF/outputs/relation_operator_audit_v1/runs/plain/Reddit-S/seed43,/hdd1/DataInHere/YHF/MoPF/outputs/relation_operator_audit_v1/checkpoints/plain/Reddit-S/seed43.pt,/hdd1/DataInHere/YHF/MoPF/outputs/relation_operator_audit_v1/runs/plain/Reddit-S/seed43/resolved_config.json,,,false,,2026-09-28T00:42:39+0800
formal/plain/Reddit-S/seed43,formal,plain,Reddit-S,43,cuda:0,complete,0,/home/m3/miniconda3/envs/yhf_env/bin/python -m src.main dataset=Reddit-S task=nc model=relation_operator_audit seed=43 num_runs=1 device=cuda:0 model.operator_variant=plain model.hidden_dim=256 model.max_order=3 model.edge_chunk_size=65536 task.protocol_version=unified_full_graph_nc_v1 task.training_mode=full_graph task.optimizer=adamw task.lr=1e-3 task.weight_decay=1e-4 task.epochs=300 task.patience=30 task.early_stop_min_epoch=30 task.early_stop_min_delta=1e-4 task.grad_clip=1.0 task.eval_every=1 task.inference_mode=full task.evaluate_test=false task.save_ckpt_path=/hdd1/DataInHere/YHF/MoPF/outputs/relation_operator_audit_v1/checkpoints/plain/Reddit-S/seed43.pt hydra.run.dir=/hdd1/DataInHere/YHF/MoPF/outputs/relation_operator_audit_v1/runs/plain/Reddit-S/seed43,relation_operator_audit,c53ca3250c67a180c04d33189263355e06685fe5,/hdd1/DataInHere/YHF/MoPF/outputs/relation_operator_audit_v1/runs/plain/Reddit-S/seed43,/hdd1/DataInHere/YHF/MoPF/outputs/relation_operator_audit_v1/checkpoints/plain/Reddit-S/seed43.pt,/hdd1/DataInHere/YHF/MoPF/outputs/relation_operator_audit_v1/runs/plain/Reddit-S/seed43/resolved_config.json,10.35241148294881,459.17578125,false,,2026-09-28T00:42:56+0800
formal/plain/Reddit-S/seed44,formal,plain,Reddit-S,44,cuda:0,running,,/home/m3/miniconda3/envs/yhf_env/bin/python -m src.main dataset=Reddit-S task=nc model=relation_operator_audit seed=44 num_runs=1 device=cuda:0 model.operator_variant=plain model.hidden_dim=256 model.max_order=3 model.edge_chunk_size=65536 task.protocol_version=unified_full_graph_nc_v1 task.training_mode=full_graph task.optimizer=adamw task.lr=1e-3 task.weight_decay=1e-4 task.epochs=300 task.patience=30 task.early_stop_min_epoch=30 task.early_stop_min_delta=1e-4 task.grad_clip=1.0 task.eval_every=1 task.inference_mode=full task.evaluate_test=false task.save_ckpt_path=/hdd1/DataInHere/YHF/MoPF/outputs/relation_operator_audit_v1/checkpoints/plain/Reddit-S/seed44.pt hydra.run.dir=/hdd1/DataInHere/YHF/MoPF/outputs/relation_operator_audit_v1/runs/plain/Reddit-S/seed44,relation_operator_audit,c53ca3250c67a180c04d33189263355e06685fe5,/hdd1/DataInHere/YHF/MoPF/outputs/relation_operator_audit_v1/runs/plain/Reddit-S/seed44,/hdd1/DataInHere/YHF/MoPF/outputs/relation_operator_audit_v1/checkpoints/plain/Reddit-S/seed44.pt,/hdd1/DataInHere/YHF/MoPF/outputs/relation_operator_audit_v1/runs/plain/Reddit-S/seed44/resolved_config.json,,,false,,2026-09-28T00:42:56+0800
formal/plain/Reddit-S/seed44,formal,plain,Reddit-S,44,cuda:0,complete,0,/home/m3/miniconda3/envs/yhf_env/bin/python -m src.main dataset=Reddit-S task=nc model=relation_operator_audit seed=44 num_runs=1 device=cuda:0 model.operator_variant=plain model.hidden_dim=256 model.max_order=3 model.edge_chunk_size=65536 task.protocol_version=unified_full_graph_nc_v1 task.training_mode=full_graph task.optimizer=adamw task.lr=1e-3 task.weight_decay=1e-4 task.epochs=300 task.patience=30 task.early_stop_min_epoch=30 task.early_stop_min_delta=1e-4 task.grad_clip=1.0 task.eval_every=1 task.inference_mode=full task.evaluate_test=false task.save_ckpt_path=/hdd1/DataInHere/YHF/MoPF/outputs/relation_operator_audit_v1/checkpoints/plain/Reddit-S/seed44.pt hydra.run.dir=/hdd1/DataInHere/YHF/MoPF/outputs/relation_operator_audit_v1/runs/plain/Reddit-S/seed44,relation_operator_audit,c53ca3250c67a180c04d33189263355e06685fe5,/hdd1/DataInHere/YHF/MoPF/outputs/relation_operator_audit_v1/runs/plain/Reddit-S/seed44,/hdd1/DataInHere/YHF/MoPF/outputs/relation_operator_audit_v1/checkpoints/plain/Reddit-S/seed44.pt,/hdd1/DataInHere/YHF/MoPF/outputs/relation_operator_audit_v1/runs/plain/Reddit-S/seed44/resolved_config.json,12.951036255108193,459.17578125,false,,2026-09-28T00:43:18+0800
formal/scalar_weight/Movies/seed42,formal,scalar_weight,Movies,42,cuda:0,running,,/home/m3/miniconda3/envs/yhf_env/bin/python -m src.main dataset=Movies task=nc model=relation_operator_audit seed=42 num_runs=1 device=cuda:0 model.operator_variant=scalar_weight model.hidden_dim=256 model.max_order=3 model.edge_chunk_size=65536 task.protocol_version=unified_full_graph_nc_v1 task.training_mode=full_graph task.optimizer=adamw task.lr=1e-3 task.weight_decay=1e-4 task.epochs=300 task.patience=30 task.early_stop_min_epoch=30 task.early_stop_min_delta=1e-4 task.grad_clip=1.0 task.eval_every=1 task.inference_mode=full task.evaluate_test=false task.save_ckpt_path=/hdd1/DataInHere/YHF/MoPF/outputs/relation_operator_audit_v1/checkpoints/scalar_weight/Movies/seed42.pt hydra.run.dir=/hdd1/DataInHere/YHF/MoPF/outputs/relation_operator_audit_v1/runs/scalar_weight/Movies/seed42,relation_operator_audit,c53ca3250c67a180c04d33189263355e06685fe5,/hdd1/DataInHere/YHF/MoPF/outputs/relation_operator_audit_v1/runs/scalar_weight/Movies/seed42,/hdd1/DataInHere/YHF/MoPF/outputs/relation_operator_audit_v1/checkpoints/scalar_weight/Movies/seed42.pt,/hdd1/DataInHere/YHF/MoPF/outputs/relation_operator_audit_v1/runs/scalar_weight/Movies/seed42/resolved_config.json,,,false,,2026-09-28T00:43:18+0800
formal/scalar_weight/Movies/seed42,formal,scalar_weight,Movies,42,cuda:0,complete,0,/home/m3/miniconda3/envs/yhf_env/bin/python -m src.main dataset=Movies task=nc model=relation_operator_audit seed=42 num_runs=1 device=cuda:0 model.operator_variant=scalar_weight model.hidden_dim=256 model.max_order=3 model.edge_chunk_size=65536 task.protocol_version=unified_full_graph_nc_v1 task.training_mode=full_graph task.optimizer=adamw task.lr=1e-3 task.weight_decay=1e-4 task.epochs=300 task.patience=30 task.early_stop_min_epoch=30 task.early_stop_min_delta=1e-4 task.grad_clip=1.0 task.eval_every=1 task.inference_mode=full task.evaluate_test=false task.save_ckpt_path=/hdd1/DataInHere/YHF/MoPF/outputs/relation_operator_audit_v1/checkpoints/scalar_weight/Movies/seed42.pt hydra.run.dir=/hdd1/DataInHere/YHF/MoPF/outputs/relation_operator_audit_v1/runs/scalar_weight/Movies/seed42,relation_operator_audit,c53ca3250c67a180c04d33189263355e06685fe5,/hdd1/DataInHere/YHF/MoPF/outputs/relation_operator_audit_v1/runs/scalar_weight/Movies/seed42,/hdd1/DataInHere/YHF/MoPF/outputs/relation_operator_audit_v1/checkpoints/scalar_weight/Movies/seed42.pt,/hdd1/DataInHere/YHF/MoPF/outputs/relation_operator_audit_v1/runs/scalar_weight/Movies/seed42/resolved_config.json,36.16442326293327,845.02490234375,false,,2026-09-28T00:44:01+0800
formal/scalar_weight/Movies/seed43,formal,scalar_weight,Movies,43,cuda:0,running,,/home/m3/miniconda3/envs/yhf_env/bin/python -m src.main dataset=Movies task=nc model=relation_operator_audit seed=43 num_runs=1 device=cuda:0 model.operator_variant=scalar_weight model.hidden_dim=256 model.max_order=3 model.edge_chunk_size=65536 task.protocol_version=unified_full_graph_nc_v1 task.training_mode=full_graph task.optimizer=adamw task.lr=1e-3 task.weight_decay=1e-4 task.epochs=300 task.patience=30 task.early_stop_min_epoch=30 task.early_stop_min_delta=1e-4 task.grad_clip=1.0 task.eval_every=1 task.inference_mode=full task.evaluate_test=false task.save_ckpt_path=/hdd1/DataInHere/YHF/MoPF/outputs/relation_operator_audit_v1/checkpoints/scalar_weight/Movies/seed43.pt hydra.run.dir=/hdd1/DataInHere/YHF/MoPF/outputs/relation_operator_audit_v1/runs/scalar_weight/Movies/seed43,relation_operator_audit,c53ca3250c67a180c04d33189263355e06685fe5,/hdd1/DataInHere/YHF/MoPF/outputs/relation_operator_audit_v1/runs/scalar_weight/Movies/seed43,/hdd1/DataInHere/YHF/MoPF/outputs/relation_operator_audit_v1/checkpoints/scalar_weight/Movies/seed43.pt,/hdd1/DataInHere/YHF/MoPF/outputs/relation_operator_audit_v1/runs/scalar_weight/Movies/seed43/resolved_config.json,,,false,,2026-09-28T00:44:01+0800
formal/scalar_weight/Movies/seed43,formal,scalar_weight,Movies,43,cuda:0,complete,0,/home/m3/miniconda3/envs/yhf_env/bin/python -m src.main dataset=Movies task=nc model=relation_operator_audit seed=43 num_runs=1 device=cuda:0 model.operator_variant=scalar_weight model.hidden_dim=256 model.max_order=3 model.edge_chunk_size=65536 task.protocol_version=unified_full_graph_nc_v1 task.training_mode=full_graph task.optimizer=adamw task.lr=1e-3 task.weight_decay=1e-4 task.epochs=300 task.patience=30 task.early_stop_min_epoch=30 task.early_stop_min_delta=1e-4 task.grad_clip=1.0 task.eval_every=1 task.inference_mode=full task.evaluate_test=false task.save_ckpt_path=/hdd1/DataInHere/YHF/MoPF/outputs/relation_operator_audit_v1/checkpoints/scalar_weight/Movies/seed43.pt hydra.run.dir=/hdd1/DataInHere/YHF/MoPF/outputs/relation_operator_audit_v1/runs/scalar_weight/Movies/seed43,relation_operator_audit,c53ca3250c67a180c04d33189263355e06685fe5,/hdd1/DataInHere/YHF/MoPF/outputs/relation_operator_audit_v1/runs/scalar_weight/Movies/seed43,/hdd1/DataInHere/YHF/MoPF/outputs/relation_operator_audit_v1/checkpoints/scalar_weight/Movies/seed43.pt,/hdd1/DataInHere/YHF/MoPF/outputs/relation_operator_audit_v1/runs/scalar_weight/Movies/seed43/resolved_config.json,30.120058828033507,845.02490234375,false,,2026-09-28T00:44:40+0800
formal/scalar_weight/Movies/seed44,formal,scalar_weight,Movies,44,cuda:0,running,,/home/m3/miniconda3/envs/yhf_env/bin/python -m src.main dataset=Movies task=nc model=relation_operator_audit seed=44 num_runs=1 device=cuda:0 model.operator_variant=scalar_weight model.hidden_dim=256 model.max_order=3 model.edge_chunk_size=65536 task.protocol_version=unified_full_graph_nc_v1 task.training_mode=full_graph task.optimizer=adamw task.lr=1e-3 task.weight_decay=1e-4 task.epochs=300 task.patience=30 task.early_stop_min_epoch=30 task.early_stop_min_delta=1e-4 task.grad_clip=1.0 task.eval_every=1 task.inference_mode=full task.evaluate_test=false task.save_ckpt_path=/hdd1/DataInHere/YHF/MoPF/outputs/relation_operator_audit_v1/checkpoints/scalar_weight/Movies/seed44.pt hydra.run.dir=/hdd1/DataInHere/YHF/MoPF/outputs/relation_operator_audit_v1/runs/scalar_weight/Movies/seed44,relation_operator_audit,c53ca3250c67a180c04d33189263355e06685fe5,/hdd1/DataInHere/YHF/MoPF/outputs/relation_operator_audit_v1/runs/scalar_weight/Movies/seed44,/hdd1/DataInHere/YHF/MoPF/outputs/relation_operator_audit_v1/checkpoints/scalar_weight/Movies/seed44.pt,/hdd1/DataInHere/YHF/MoPF/outputs/relation_operator_audit_v1/runs/scalar_weight/Movies/seed44/resolved_config.json,,,false,,2026-09-28T00:44:40+0800
formal/scalar_weight/Movies/seed44,formal,scalar_weight,Movies,44,cuda:0,complete,0,/home/m3/miniconda3/envs/yhf_env/bin/python -m src.main dataset=Movies task=nc model=relation_operator_audit seed=44 num_runs=1 device=cuda:0 model.operator_variant=scalar_weight model.hidden_dim=256 model.max_order=3 model.edge_chunk_size=65536 task.protocol_version=unified_full_graph_nc_v1 task.training_mode=full_graph task.optimizer=adamw task.lr=1e-3 task.weight_decay=1e-4 task.epochs=300 task.patience=30 task.early_stop_min_epoch=30 task.early_stop_min_delta=1e-4 task.grad_clip=1.0 task.eval_every=1 task.inference_mode=full task.evaluate_test=false task.save_ckpt_path=/hdd1/DataInHere/YHF/MoPF/outputs/relation_operator_audit_v1/checkpoints/scalar_weight/Movies/seed44.pt hydra.run.dir=/hdd1/DataInHere/YHF/MoPF/outputs/relation_operator_audit_v1/runs/scalar_weight/Movies/seed44,relation_operator_audit,c53ca3250c67a180c04d33189263355e06685fe5,/hdd1/DataInHere/YHF/MoPF/outputs/relation_operator_audit_v1/runs/scalar_weight/Movies/seed44,/hdd1/DataInHere/YHF/MoPF/outputs/relation_operator_audit_v1/checkpoints/scalar_weight/Movies/seed44.pt,/hdd1/DataInHere/YHF/MoPF/outputs/relation_operator_audit_v1/runs/scalar_weight/Movies/seed44/resolved_config.json,32.46357037499547,845.02490234375,false,,2026-09-28T00:45:20+0800
formal/scalar_weight/Toys/seed42,formal,scalar_weight,Toys,42,cuda:0,running,,/home/m3/miniconda3/envs/yhf_env/bin/python -m src.main dataset=Toys task=nc model=relation_operator_audit seed=42 num_runs=1 device=cuda:0 model.operator_variant=scalar_weight model.hidden_dim=256 model.max_order=3 model.edge_chunk_size=65536 task.protocol_version=unified_full_graph_nc_v1 task.training_mode=full_graph task.optimizer=adamw task.lr=1e-3 task.weight_decay=1e-4 task.epochs=300 task.patience=30 task.early_stop_min_epoch=30 task.early_stop_min_delta=1e-4 task.grad_clip=1.0 task.eval_every=1 task.inference_mode=full task.evaluate_test=false task.save_ckpt_path=/hdd1/DataInHere/YHF/MoPF/outputs/relation_operator_audit_v1/checkpoints/scalar_weight/Toys/seed42.pt hydra.run.dir=/hdd1/DataInHere/YHF/MoPF/outputs/relation_operator_audit_v1/runs/scalar_weight/Toys/seed42,relation_operator_audit,c53ca3250c67a180c04d33189263355e06685fe5,/hdd1/DataInHere/YHF/MoPF/outputs/relation_operator_audit_v1/runs/scalar_weight/Toys/seed42,/hdd1/DataInHere/YHF/MoPF/outputs/relation_operator_audit_v1/checkpoints/scalar_weight/Toys/seed42.pt,/hdd1/DataInHere/YHF/MoPF/outputs/relation_operator_audit_v1/runs/scalar_weight/Toys/seed42/resolved_config.json,,,false,,2026-09-28T00:45:20+0800
formal/scalar_weight/Toys/seed42,formal,scalar_weight,Toys,42,cuda:0,complete,0,/home/m3/miniconda3/envs/yhf_env/bin/python -m src.main dataset=Toys task=nc model=relation_operator_audit seed=42 num_runs=1 device=cuda:0 model.operator_variant=scalar_weight model.hidden_dim=256 model.max_order=3 model.edge_chunk_size=65536 task.protocol_version=unified_full_graph_nc_v1 task.training_mode=full_graph task.optimizer=adamw task.lr=1e-3 task.weight_decay=1e-4 task.epochs=300 task.patience=30 task.early_stop_min_epoch=30 task.early_stop_min_delta=1e-4 task.grad_clip=1.0 task.eval_every=1 task.inference_mode=full task.evaluate_test=false task.save_ckpt_path=/hdd1/DataInHere/YHF/MoPF/outputs/relation_operator_audit_v1/checkpoints/scalar_weight/Toys/seed42.pt hydra.run.dir=/hdd1/DataInHere/YHF/MoPF/outputs/relation_operator_audit_v1/runs/scalar_weight/Toys/seed42,relation_operator_audit,c53ca3250c67a180c04d33189263355e06685fe5,/hdd1/DataInHere/YHF/MoPF/outputs/relation_operator_audit_v1/runs/scalar_weight/Toys/seed42,/hdd1/DataInHere/YHF/MoPF/outputs/relation_operator_audit_v1/checkpoints/scalar_weight/Toys/seed42.pt,/hdd1/DataInHere/YHF/MoPF/outputs/relation_operator_audit_v1/runs/scalar_weight/Toys/seed42/resolved_config.json,22.535542355151847,965.9970703125,false,,2026-09-28T00:45:50+0800
formal/scalar_weight/Toys/seed43,formal,scalar_weight,Toys,43,cuda:0,running,,/home/m3/miniconda3/envs/yhf_env/bin/python -m src.main dataset=Toys task=nc model=relation_operator_audit seed=43 num_runs=1 device=cuda:0 model.operator_variant=scalar_weight model.hidden_dim=256 model.max_order=3 model.edge_chunk_size=65536 task.protocol_version=unified_full_graph_nc_v1 task.training_mode=full_graph task.optimizer=adamw task.lr=1e-3 task.weight_decay=1e-4 task.epochs=300 task.patience=30 task.early_stop_min_epoch=30 task.early_stop_min_delta=1e-4 task.grad_clip=1.0 task.eval_every=1 task.inference_mode=full task.evaluate_test=false task.save_ckpt_path=/hdd1/DataInHere/YHF/MoPF/outputs/relation_operator_audit_v1/checkpoints/scalar_weight/Toys/seed43.pt hydra.run.dir=/hdd1/DataInHere/YHF/MoPF/outputs/relation_operator_audit_v1/runs/scalar_weight/Toys/seed43,relation_operator_audit,c53ca3250c67a180c04d33189263355e06685fe5,/hdd1/DataInHere/YHF/MoPF/outputs/relation_operator_audit_v1/runs/scalar_weight/Toys/seed43,/hdd1/DataInHere/YHF/MoPF/outputs/relation_operator_audit_v1/checkpoints/scalar_weight/Toys/seed43.pt,/hdd1/DataInHere/YHF/MoPF/outputs/relation_operator_audit_v1/runs/scalar_weight/Toys/seed43/resolved_config.json,,,false,,2026-09-28T00:45:50+0800
formal/scalar_weight/Toys/seed43,formal,scalar_weight,Toys,43,cuda:0,complete,0,/home/m3/miniconda3/envs/yhf_env/bin/python -m src.main dataset=Toys task=nc model=relation_operator_audit seed=43 num_runs=1 device=cuda:0 model.operator_variant=scalar_weight model.hidden_dim=256 model.max_order=3 model.edge_chunk_size=65536 task.protocol_version=unified_full_graph_nc_v1 task.training_mode=full_graph task.optimizer=adamw task.lr=1e-3 task.weight_decay=1e-4 task.epochs=300 task.patience=30 task.early_stop_min_epoch=30 task.early_stop_min_delta=1e-4 task.grad_clip=1.0 task.eval_every=1 task.inference_mode=full task.evaluate_test=false task.save_ckpt_path=/hdd1/DataInHere/YHF/MoPF/outputs/relation_operator_audit_v1/checkpoints/scalar_weight/Toys/seed43.pt hydra.run.dir=/hdd1/DataInHere/YHF/MoPF/outputs/relation_operator_audit_v1/runs/scalar_weight/Toys/seed43,relation_operator_audit,c53ca3250c67a180c04d33189263355e06685fe5,/hdd1/DataInHere/YHF/MoPF/outputs/relation_operator_audit_v1/runs/scalar_weight/Toys/seed43,/hdd1/DataInHere/YHF/MoPF/outputs/relation_operator_audit_v1/checkpoints/scalar_weight/Toys/seed43.pt,/hdd1/DataInHere/YHF/MoPF/outputs/relation_operator_audit_v1/runs/scalar_weight/Toys/seed43/resolved_config.json,17.45846477919258,965.9970703125,false,,2026-09-28T00:46:16+0800
formal/scalar_weight/Toys/seed44,formal,scalar_weight,Toys,44,cuda:0,running,,/home/m3/miniconda3/envs/yhf_env/bin/python -m src.main dataset=Toys task=nc model=relation_operator_audit seed=44 num_runs=1 device=cuda:0 model.operator_variant=scalar_weight model.hidden_dim=256 model.max_order=3 model.edge_chunk_size=65536 task.protocol_version=unified_full_graph_nc_v1 task.training_mode=full_graph task.optimizer=adamw task.lr=1e-3 task.weight_decay=1e-4 task.epochs=300 task.patience=30 task.early_stop_min_epoch=30 task.early_stop_min_delta=1e-4 task.grad_clip=1.0 task.eval_every=1 task.inference_mode=full task.evaluate_test=false task.save_ckpt_path=/hdd1/DataInHere/YHF/MoPF/outputs/relation_operator_audit_v1/checkpoints/scalar_weight/Toys/seed44.pt hydra.run.dir=/hdd1/DataInHere/YHF/MoPF/outputs/relation_operator_audit_v1/runs/scalar_weight/Toys/seed44,relation_operator_audit,c53ca3250c67a180c04d33189263355e06685fe5,/hdd1/DataInHere/YHF/MoPF/outputs/relation_operator_audit_v1/runs/scalar_weight/Toys/seed44,/hdd1/DataInHere/YHF/MoPF/outputs/relation_operator_audit_v1/checkpoints/scalar_weight/Toys/seed44.pt,/hdd1/DataInHere/YHF/MoPF/outputs/relation_operator_audit_v1/runs/scalar_weight/Toys/seed44/resolved_config.json,,,false,,2026-09-28T00:46:16+0800
formal/scalar_weight/Toys/seed44,formal,scalar_weight,Toys,44,cuda:0,complete,0,/home/m3/miniconda3/envs/yhf_env/bin/python -m src.main dataset=Toys task=nc model=relation_operator_audit seed=44 num_runs=1 device=cuda:0 model.operator_variant=scalar_weight model.hidden_dim=256 model.max_order=3 model.edge_chunk_size=65536 task.protocol_version=unified_full_graph_nc_v1 task.training_mode=full_graph task.optimizer=adamw task.lr=1e-3 task.weight_decay=1e-4 task.epochs=300 task.patience=30 task.early_stop_min_epoch=30 task.early_stop_min_delta=1e-4 task.grad_clip=1.0 task.eval_every=1 task.inference_mode=full task.evaluate_test=false task.save_ckpt_path=/hdd1/DataInHere/YHF/MoPF/outputs/relation_operator_audit_v1/checkpoints/scalar_weight/Toys/seed44.pt hydra.run.dir=/hdd1/DataInHere/YHF/MoPF/outputs/relation_operator_audit_v1/runs/scalar_weight/Toys/seed44,relation_operator_audit,c53ca3250c67a180c04d33189263355e06685fe5,/hdd1/DataInHere/YHF/MoPF/outputs/relation_operator_audit_v1/runs/scalar_weight/Toys/seed44,/hdd1/DataInHere/YHF/MoPF/outputs/relation_operator_audit_v1/checkpoints/scalar_weight/Toys/seed44.pt,/hdd1/DataInHere/YHF/MoPF/outputs/relation_operator_audit_v1/runs/scalar_weight/Toys/seed44/resolved_config.json,22.35780006600544,965.9970703125,false,,2026-09-28T00:46:44+0800
formal/scalar_weight/Grocery/seed42,formal,scalar_weight,Grocery,42,cuda:0,running,,/home/m3/miniconda3/envs/yhf_env/bin/python -m src.main dataset=Grocery task=nc model=relation_operator_audit seed=42 num_runs=1 device=cuda:0 model.operator_variant=scalar_weight model.hidden_dim=256 model.max_order=3 model.edge_chunk_size=65536 task.protocol_version=unified_full_graph_nc_v1 task.training_mode=full_graph task.optimizer=adamw task.lr=1e-3 task.weight_decay=1e-4 task.epochs=300 task.patience=30 task.early_stop_min_epoch=30 task.early_stop_min_delta=1e-4 task.grad_clip=1.0 task.eval_every=1 task.inference_mode=full task.evaluate_test=false task.save_ckpt_path=/hdd1/DataInHere/YHF/MoPF/outputs/relation_operator_audit_v1/checkpoints/scalar_weight/Grocery/seed42.pt hydra.run.dir=/hdd1/DataInHere/YHF/MoPF/outputs/relation_operator_audit_v1/runs/scalar_weight/Grocery/seed42,relation_operator_audit,c53ca3250c67a180c04d33189263355e06685fe5,/hdd1/DataInHere/YHF/MoPF/outputs/relation_operator_audit_v1/runs/scalar_weight/Grocery/seed42,/hdd1/DataInHere/YHF/MoPF/outputs/relation_operator_audit_v1/checkpoints/scalar_weight/Grocery/seed42.pt,/hdd1/DataInHere/YHF/MoPF/outputs/relation_operator_audit_v1/runs/scalar_weight/Grocery/seed42/resolved_config.json,,,false,,2026-09-28T00:46:44+0800
formal/scalar_weight/Grocery/seed42,formal,scalar_weight,Grocery,42,cuda:0,complete,0,/home/m3/miniconda3/envs/yhf_env/bin/python -m src.main dataset=Grocery task=nc model=relation_operator_audit seed=42 num_runs=1 device=cuda:0 model.operator_variant=scalar_weight model.hidden_dim=256 model.max_order=3 model.edge_chunk_size=65536 task.protocol_version=unified_full_graph_nc_v1 task.training_mode=full_graph task.optimizer=adamw task.lr=1e-3 task.weight_decay=1e-4 task.epochs=300 task.patience=30 task.early_stop_min_epoch=30 task.early_stop_min_delta=1e-4 task.grad_clip=1.0 task.eval_every=1 task.inference_mode=full task.evaluate_test=false task.save_ckpt_path=/hdd1/DataInHere/YHF/MoPF/outputs/relation_operator_audit_v1/checkpoints/scalar_weight/Grocery/seed42.pt hydra.run.dir=/hdd1/DataInHere/YHF/MoPF/outputs/relation_operator_audit_v1/runs/scalar_weight/Grocery/seed42,relation_operator_audit,c53ca3250c67a180c04d33189263355e06685fe5,/hdd1/DataInHere/YHF/MoPF/outputs/relation_operator_audit_v1/runs/scalar_weight/Grocery/seed42,/hdd1/DataInHere/YHF/MoPF/outputs/relation_operator_audit_v1/checkpoints/scalar_weight/Grocery/seed42.pt,/hdd1/DataInHere/YHF/MoPF/outputs/relation_operator_audit_v1/runs/scalar_weight/Grocery/seed42/resolved_config.json,26.82572968606837,853.12841796875,false,,2026-09-28T00:47:17+0800
formal/scalar_weight/Grocery/seed43,formal,scalar_weight,Grocery,43,cuda:0,running,,/home/m3/miniconda3/envs/yhf_env/bin/python -m src.main dataset=Grocery task=nc model=relation_operator_audit seed=43 num_runs=1 device=cuda:0 model.operator_variant=scalar_weight model.hidden_dim=256 model.max_order=3 model.edge_chunk_size=65536 task.protocol_version=unified_full_graph_nc_v1 task.training_mode=full_graph task.optimizer=adamw task.lr=1e-3 task.weight_decay=1e-4 task.epochs=300 task.patience=30 task.early_stop_min_epoch=30 task.early_stop_min_delta=1e-4 task.grad_clip=1.0 task.eval_every=1 task.inference_mode=full task.evaluate_test=false task.save_ckpt_path=/hdd1/DataInHere/YHF/MoPF/outputs/relation_operator_audit_v1/checkpoints/scalar_weight/Grocery/seed43.pt hydra.run.dir=/hdd1/DataInHere/YHF/MoPF/outputs/relation_operator_audit_v1/runs/scalar_weight/Grocery/seed43,relation_operator_audit,c53ca3250c67a180c04d33189263355e06685fe5,/hdd1/DataInHere/YHF/MoPF/outputs/relation_operator_audit_v1/runs/scalar_weight/Grocery/seed43,/hdd1/DataInHere/YHF/MoPF/outputs/relation_operator_audit_v1/checkpoints/scalar_weight/Grocery/seed43.pt,/hdd1/DataInHere/YHF/MoPF/outputs/relation_operator_audit_v1/runs/scalar_weight/Grocery/seed43/resolved_config.json,,,false,,2026-09-28T00:47:17+0800
formal/scalar_weight/Grocery/seed43,formal,scalar_weight,Grocery,43,cuda:0,complete,0,/home/m3/miniconda3/envs/yhf_env/bin/python -m src.main dataset=Grocery task=nc model=relation_operator_audit seed=43 num_runs=1 device=cuda:0 model.operator_variant=scalar_weight model.hidden_dim=256 model.max_order=3 model.edge_chunk_size=65536 task.protocol_version=unified_full_graph_nc_v1 task.training_mode=full_graph task.optimizer=adamw task.lr=1e-3 task.weight_decay=1e-4 task.epochs=300 task.patience=30 task.early_stop_min_epoch=30 task.early_stop_min_delta=1e-4 task.grad_clip=1.0 task.eval_every=1 task.inference_mode=full task.evaluate_test=false task.save_ckpt_path=/hdd1/DataInHere/YHF/MoPF/outputs/relation_operator_audit_v1/checkpoints/scalar_weight/Grocery/seed43.pt hydra.run.dir=/hdd1/DataInHere/YHF/MoPF/outputs/relation_operator_audit_v1/runs/scalar_weight/Grocery/seed43,relation_operator_audit,c53ca3250c67a180c04d33189263355e06685fe5,/hdd1/DataInHere/YHF/MoPF/outputs/relation_operator_audit_v1/runs/scalar_weight/Grocery/seed43,/hdd1/DataInHere/YHF/MoPF/outputs/relation_operator_audit_v1/checkpoints/scalar_weight/Grocery/seed43.pt,/hdd1/DataInHere/YHF/MoPF/outputs/relation_operator_audit_v1/runs/scalar_weight/Grocery/seed43/resolved_config.json,32.71508520306088,853.12841796875,false,,2026-09-28T00:47:55+0800
formal/scalar_weight/Grocery/seed44,formal,scalar_weight,Grocery,44,cuda:0,running,,/home/m3/miniconda3/envs/yhf_env/bin/python -m src.main dataset=Grocery task=nc model=relation_operator_audit seed=44 num_runs=1 device=cuda:0 model.operator_variant=scalar_weight model.hidden_dim=256 model.max_order=3 model.edge_chunk_size=65536 task.protocol_version=unified_full_graph_nc_v1 task.training_mode=full_graph task.optimizer=adamw task.lr=1e-3 task.weight_decay=1e-4 task.epochs=300 task.patience=30 task.early_stop_min_epoch=30 task.early_stop_min_delta=1e-4 task.grad_clip=1.0 task.eval_every=1 task.inference_mode=full task.evaluate_test=false task.save_ckpt_path=/hdd1/DataInHere/YHF/MoPF/outputs/relation_operator_audit_v1/checkpoints/scalar_weight/Grocery/seed44.pt hydra.run.dir=/hdd1/DataInHere/YHF/MoPF/outputs/relation_operator_audit_v1/runs/scalar_weight/Grocery/seed44,relation_operator_audit,c53ca3250c67a180c04d33189263355e06685fe5,/hdd1/DataInHere/YHF/MoPF/outputs/relation_operator_audit_v1/runs/scalar_weight/Grocery/seed44,/hdd1/DataInHere/YHF/MoPF/outputs/relation_operator_audit_v1/checkpoints/scalar_weight/Grocery/seed44.pt,/hdd1/DataInHere/YHF/MoPF/outputs/relation_operator_audit_v1/runs/scalar_weight/Grocery/seed44/resolved_config.json,,,false,,2026-09-28T00:47:55+0800
formal/scalar_weight/Grocery/seed44,formal,scalar_weight,Grocery,44,cuda:0,complete,0,/home/m3/miniconda3/envs/yhf_env/bin/python -m src.main dataset=Grocery task=nc model=relation_operator_audit seed=44 num_runs=1 device=cuda:0 model.operator_variant=scalar_weight model.hidden_dim=256 model.max_order=3 model.edge_chunk_size=65536 task.protocol_version=unified_full_graph_nc_v1 task.training_mode=full_graph task.optimizer=adamw task.lr=1e-3 task.weight_decay=1e-4 task.epochs=300 task.patience=30 task.early_stop_min_epoch=30 task.early_stop_min_delta=1e-4 task.grad_clip=1.0 task.eval_every=1 task.inference_mode=full task.evaluate_test=false task.save_ckpt_path=/hdd1/DataInHere/YHF/MoPF/outputs/relation_operator_audit_v1/checkpoints/scalar_weight/Grocery/seed44.pt hydra.run.dir=/hdd1/DataInHere/YHF/MoPF/outputs/relation_operator_audit_v1/runs/scalar_weight/Grocery/seed44,relation_operator_audit,c53ca3250c67a180c04d33189263355e06685fe5,/hdd1/DataInHere/YHF/MoPF/outputs/relation_operator_audit_v1/runs/scalar_weight/Grocery/seed44,/hdd1/DataInHere/YHF/MoPF/outputs/relation_operator_audit_v1/checkpoints/scalar_weight/Grocery/seed44.pt,/hdd1/DataInHere/YHF/MoPF/outputs/relation_operator_audit_v1/runs/scalar_weight/Grocery/seed44/resolved_config.json,32.55194093286991,853.12841796875,false,,2026-09-28T00:48:34+0800
formal/scalar_weight/ele-fashion/seed42,formal,scalar_weight,ele-fashion,42,cuda:0,running,,/home/m3/miniconda3/envs/yhf_env/bin/python -m src.main dataset=ele-fashion task=nc model=relation_operator_audit seed=42 num_runs=1 device=cuda:0 model.operator_variant=scalar_weight model.hidden_dim=256 model.max_order=3 model.edge_chunk_size=65536 task.protocol_version=unified_full_graph_nc_v1 task.training_mode=full_graph task.optimizer=adamw task.lr=1e-3 task.weight_decay=1e-4 task.epochs=300 task.patience=30 task.early_stop_min_epoch=30 task.early_stop_min_delta=1e-4 task.grad_clip=1.0 task.eval_every=1 task.inference_mode=full task.evaluate_test=false task.save_ckpt_path=/hdd1/DataInHere/YHF/MoPF/outputs/relation_operator_audit_v1/checkpoints/scalar_weight/ele-fashion/seed42.pt hydra.run.dir=/hdd1/DataInHere/YHF/MoPF/outputs/relation_operator_audit_v1/runs/scalar_weight/ele-fashion/seed42,relation_operator_audit,c53ca3250c67a180c04d33189263355e06685fe5,/hdd1/DataInHere/YHF/MoPF/outputs/relation_operator_audit_v1/runs/scalar_weight/ele-fashion/seed42,/hdd1/DataInHere/YHF/MoPF/outputs/relation_operator_audit_v1/checkpoints/scalar_weight/ele-fashion/seed42.pt,/hdd1/DataInHere/YHF/MoPF/outputs/relation_operator_audit_v1/runs/scalar_weight/ele-fashion/seed42/resolved_config.json,,,false,,2026-09-28T00:48:34+0800
formal/scalar_weight/ele-fashion/seed42,formal,scalar_weight,ele-fashion,42,cuda:0,complete,0,/home/m3/miniconda3/envs/yhf_env/bin/python -m src.main dataset=ele-fashion task=nc model=relation_operator_audit seed=42 num_runs=1 device=cuda:0 model.operator_variant=scalar_weight model.hidden_dim=256 model.max_order=3 model.edge_chunk_size=65536 task.protocol_version=unified_full_graph_nc_v1 task.training_mode=full_graph task.optimizer=adamw task.lr=1e-3 task.weight_decay=1e-4 task.epochs=300 task.patience=30 task.early_stop_min_epoch=30 task.early_stop_min_delta=1e-4 task.grad_clip=1.0 task.eval_every=1 task.inference_mode=full task.evaluate_test=false task.save_ckpt_path=/hdd1/DataInHere/YHF/MoPF/outputs/relation_operator_audit_v1/checkpoints/scalar_weight/ele-fashion/seed42.pt hydra.run.dir=/hdd1/DataInHere/YHF/MoPF/outputs/relation_operator_audit_v1/runs/scalar_weight/ele-fashion/seed42,relation_operator_audit,c53ca3250c67a180c04d33189263355e06685fe5,/hdd1/DataInHere/YHF/MoPF/outputs/relation_operator_audit_v1/runs/scalar_weight/ele-fashion/seed42,/hdd1/DataInHere/YHF/MoPF/outputs/relation_operator_audit_v1/checkpoints/scalar_weight/ele-fashion/seed42.pt,/hdd1/DataInHere/YHF/MoPF/outputs/relation_operator_audit_v1/runs/scalar_weight/ele-fashion/seed42/resolved_config.json,157.19144822796807,3343.3388671875,false,,2026-09-28T00:51:17+0800
formal/scalar_weight/ele-fashion/seed43,formal,scalar_weight,ele-fashion,43,cuda:0,running,,/home/m3/miniconda3/envs/yhf_env/bin/python -m src.main dataset=ele-fashion task=nc model=relation_operator_audit seed=43 num_runs=1 device=cuda:0 model.operator_variant=scalar_weight model.hidden_dim=256 model.max_order=3 model.edge_chunk_size=65536 task.protocol_version=unified_full_graph_nc_v1 task.training_mode=full_graph task.optimizer=adamw task.lr=1e-3 task.weight_decay=1e-4 task.epochs=300 task.patience=30 task.early_stop_min_epoch=30 task.early_stop_min_delta=1e-4 task.grad_clip=1.0 task.eval_every=1 task.inference_mode=full task.evaluate_test=false task.save_ckpt_path=/hdd1/DataInHere/YHF/MoPF/outputs/relation_operator_audit_v1/checkpoints/scalar_weight/ele-fashion/seed43.pt hydra.run.dir=/hdd1/DataInHere/YHF/MoPF/outputs/relation_operator_audit_v1/runs/scalar_weight/ele-fashion/seed43,relation_operator_audit,c53ca3250c67a180c04d33189263355e06685fe5,/hdd1/DataInHere/YHF/MoPF/outputs/relation_operator_audit_v1/runs/scalar_weight/ele-fashion/seed43,/hdd1/DataInHere/YHF/MoPF/outputs/relation_operator_audit_v1/checkpoints/scalar_weight/ele-fashion/seed43.pt,/hdd1/DataInHere/YHF/MoPF/outputs/relation_operator_audit_v1/runs/scalar_weight/ele-fashion/seed43/resolved_config.json,,,false,,2026-09-28T00:51:17+0800
formal/scalar_weight/ele-fashion/seed43,formal,scalar_weight,ele-fashion,43,cuda:0,complete,0,/home/m3/miniconda3/envs/yhf_env/bin/python -m src.main dataset=ele-fashion task=nc model=relation_operator_audit seed=43 num_runs=1 device=cuda:0 model.operator_variant=scalar_weight model.hidden_dim=256 model.max_order=3 model.edge_chunk_size=65536 task.protocol_version=unified_full_graph_nc_v1 task.training_mode=full_graph task.optimizer=adamw task.lr=1e-3 task.weight_decay=1e-4 task.epochs=300 task.patience=30 task.early_stop_min_epoch=30 task.early_stop_min_delta=1e-4 task.grad_clip=1.0 task.eval_every=1 task.inference_mode=full task.evaluate_test=false task.save_ckpt_path=/hdd1/DataInHere/YHF/MoPF/outputs/relation_operator_audit_v1/checkpoints/scalar_weight/ele-fashion/seed43.pt hydra.run.dir=/hdd1/DataInHere/YHF/MoPF/outputs/relation_operator_audit_v1/runs/scalar_weight/ele-fashion/seed43,relation_operator_audit,c53ca3250c67a180c04d33189263355e06685fe5,/hdd1/DataInHere/YHF/MoPF/outputs/relation_operator_audit_v1/runs/scalar_weight/ele-fashion/seed43,/hdd1/DataInHere/YHF/MoPF/outputs/relation_operator_audit_v1/checkpoints/scalar_weight/ele-fashion/seed43.pt,/hdd1/DataInHere/YHF/MoPF/outputs/relation_operator_audit_v1/runs/scalar_weight/ele-fashion/seed43/resolved_config.json,163.8986215889454,3343.3388671875,false,,2026-09-28T00:54:07+0800
formal/scalar_weight/ele-fashion/seed44,formal,scalar_weight,ele-fashion,44,cuda:0,running,,/home/m3/miniconda3/envs/yhf_env/bin/python -m src.main dataset=ele-fashion task=nc model=relation_operator_audit seed=44 num_runs=1 device=cuda:0 model.operator_variant=scalar_weight model.hidden_dim=256 model.max_order=3 model.edge_chunk_size=65536 task.protocol_version=unified_full_graph_nc_v1 task.training_mode=full_graph task.optimizer=adamw task.lr=1e-3 task.weight_decay=1e-4 task.epochs=300 task.patience=30 task.early_stop_min_epoch=30 task.early_stop_min_delta=1e-4 task.grad_clip=1.0 task.eval_every=1 task.inference_mode=full task.evaluate_test=false task.save_ckpt_path=/hdd1/DataInHere/YHF/MoPF/outputs/relation_operator_audit_v1/checkpoints/scalar_weight/ele-fashion/seed44.pt hydra.run.dir=/hdd1/DataInHere/YHF/MoPF/outputs/relation_operator_audit_v1/runs/scalar_weight/ele-fashion/seed44,relation_operator_audit,c53ca3250c67a180c04d33189263355e06685fe5,/hdd1/DataInHere/YHF/MoPF/outputs/relation_operator_audit_v1/runs/scalar_weight/ele-fashion/seed44,/hdd1/DataInHere/YHF/MoPF/outputs/relation_operator_audit_v1/checkpoints/scalar_weight/ele-fashion/seed44.pt,/hdd1/DataInHere/YHF/MoPF/outputs/relation_operator_audit_v1/runs/scalar_weight/ele-fashion/seed44/resolved_config.json,,,false,,2026-09-28T00:54:07+0800
formal/scalar_weight/ele-fashion/seed44,formal,scalar_weight,ele-fashion,44,cuda:0,complete,0,/home/m3/miniconda3/envs/yhf_env/bin/python -m src.main dataset=ele-fashion task=nc model=relation_operator_audit seed=44 num_runs=1 device=cuda:0 model.operator_variant=scalar_weight model.hidden_dim=256 model.max_order=3 model.edge_chunk_size=65536 task.protocol_version=unified_full_graph_nc_v1 task.training_mode=full_graph task.optimizer=adamw task.lr=1e-3 task.weight_decay=1e-4 task.epochs=300 task.patience=30 task.early_stop_min_epoch=30 task.early_stop_min_delta=1e-4 task.grad_clip=1.0 task.eval_every=1 task.inference_mode=full task.evaluate_test=false task.save_ckpt_path=/hdd1/DataInHere/YHF/MoPF/outputs/relation_operator_audit_v1/checkpoints/scalar_weight/ele-fashion/seed44.pt hydra.run.dir=/hdd1/DataInHere/YHF/MoPF/outputs/relation_operator_audit_v1/runs/scalar_weight/ele-fashion/seed44,relation_operator_audit,c53ca3250c67a180c04d33189263355e06685fe5,/hdd1/DataInHere/YHF/MoPF/outputs/relation_operator_audit_v1/runs/scalar_weight/ele-fashion/seed44,/hdd1/DataInHere/YHF/MoPF/outputs/relation_operator_audit_v1/checkpoints/scalar_weight/ele-fashion/seed44.pt,/hdd1/DataInHere/YHF/MoPF/outputs/relation_operator_audit_v1/runs/scalar_weight/ele-fashion/seed44/resolved_config.json,182.723337367177,3343.3388671875,false,,2026-09-28T00:57:18+0800
formal/scalar_weight/Reddit-S/seed42,formal,scalar_weight,Reddit-S,42,cuda:0,running,,/home/m3/miniconda3/envs/yhf_env/bin/python -m src.main dataset=Reddit-S task=nc model=relation_operator_audit seed=42 num_runs=1 device=cuda:0 model.operator_variant=scalar_weight model.hidden_dim=256 model.max_order=3 model.edge_chunk_size=65536 task.protocol_version=unified_full_graph_nc_v1 task.training_mode=full_graph task.optimizer=adamw task.lr=1e-3 task.weight_decay=1e-4 task.epochs=300 task.patience=30 task.early_stop_min_epoch=30 task.early_stop_min_delta=1e-4 task.grad_clip=1.0 task.eval_every=1 task.inference_mode=full task.evaluate_test=false task.save_ckpt_path=/hdd1/DataInHere/YHF/MoPF/outputs/relation_operator_audit_v1/checkpoints/scalar_weight/Reddit-S/seed42.pt hydra.run.dir=/hdd1/DataInHere/YHF/MoPF/outputs/relation_operator_audit_v1/runs/scalar_weight/Reddit-S/seed42,relation_operator_audit,c53ca3250c67a180c04d33189263355e06685fe5,/hdd1/DataInHere/YHF/MoPF/outputs/relation_operator_audit_v1/runs/scalar_weight/Reddit-S/seed42,/hdd1/DataInHere/YHF/MoPF/outputs/relation_operator_audit_v1/checkpoints/scalar_weight/Reddit-S/seed42.pt,/hdd1/DataInHere/YHF/MoPF/outputs/relation_operator_audit_v1/runs/scalar_weight/Reddit-S/seed42/resolved_config.json,,,false,,2026-09-28T00:57:18+0800
formal/scalar_weight/Reddit-S/seed42,formal,scalar_weight,Reddit-S,42,cuda:0,complete,0,/home/m3/miniconda3/envs/yhf_env/bin/python -m src.main dataset=Reddit-S task=nc model=relation_operator_audit seed=42 num_runs=1 device=cuda:0 model.operator_variant=scalar_weight model.hidden_dim=256 model.max_order=3 model.edge_chunk_size=65536 task.protocol_version=unified_full_graph_nc_v1 task.training_mode=full_graph task.optimizer=adamw task.lr=1e-3 task.weight_decay=1e-4 task.epochs=300 task.patience=30 task.early_stop_min_epoch=30 task.early_stop_min_delta=1e-4 task.grad_clip=1.0 task.eval_every=1 task.inference_mode=full task.evaluate_test=false task.save_ckpt_path=/hdd1/DataInHere/YHF/MoPF/outputs/relation_operator_audit_v1/checkpoints/scalar_weight/Reddit-S/seed42.pt hydra.run.dir=/hdd1/DataInHere/YHF/MoPF/outputs/relation_operator_audit_v1/runs/scalar_weight/Reddit-S/seed42,relation_operator_audit,c53ca3250c67a180c04d33189263355e06685fe5,/hdd1/DataInHere/YHF/MoPF/outputs/relation_operator_audit_v1/runs/scalar_weight/Reddit-S/seed42,/hdd1/DataInHere/YHF/MoPF/outputs/relation_operator_audit_v1/checkpoints/scalar_weight/Reddit-S/seed42.pt,/hdd1/DataInHere/YHF/MoPF/outputs/relation_operator_audit_v1/runs/scalar_weight/Reddit-S/seed42/resolved_config.json,30.26055146404542,839.68408203125,false,,2026-09-28T00:57:56+0800
formal/scalar_weight/Reddit-S/seed43,formal,scalar_weight,Reddit-S,43,cuda:0,running,,/home/m3/miniconda3/envs/yhf_env/bin/python -m src.main dataset=Reddit-S task=nc model=relation_operator_audit seed=43 num_runs=1 device=cuda:0 model.operator_variant=scalar_weight model.hidden_dim=256 model.max_order=3 model.edge_chunk_size=65536 task.protocol_version=unified_full_graph_nc_v1 task.training_mode=full_graph task.optimizer=adamw task.lr=1e-3 task.weight_decay=1e-4 task.epochs=300 task.patience=30 task.early_stop_min_epoch=30 task.early_stop_min_delta=1e-4 task.grad_clip=1.0 task.eval_every=1 task.inference_mode=full task.evaluate_test=false task.save_ckpt_path=/hdd1/DataInHere/YHF/MoPF/outputs/relation_operator_audit_v1/checkpoints/scalar_weight/Reddit-S/seed43.pt hydra.run.dir=/hdd1/DataInHere/YHF/MoPF/outputs/relation_operator_audit_v1/runs/scalar_weight/Reddit-S/seed43,relation_operator_audit,c53ca3250c67a180c04d33189263355e06685fe5,/hdd1/DataInHere/YHF/MoPF/outputs/relation_operator_audit_v1/runs/scalar_weight/Reddit-S/seed43,/hdd1/DataInHere/YHF/MoPF/outputs/relation_operator_audit_v1/checkpoints/scalar_weight/Reddit-S/seed43.pt,/hdd1/DataInHere/YHF/MoPF/outputs/relation_operator_audit_v1/runs/scalar_weight/Reddit-S/seed43/resolved_config.json,,,false,,2026-09-28T00:57:56+0800
formal/scalar_weight/Reddit-S/seed43,formal,scalar_weight,Reddit-S,43,cuda:0,complete,0,/home/m3/miniconda3/envs/yhf_env/bin/python -m src.main dataset=Reddit-S task=nc model=relation_operator_audit seed=43 num_runs=1 device=cuda:0 model.operator_variant=scalar_weight model.hidden_dim=256 model.max_order=3 model.edge_chunk_size=65536 task.protocol_version=unified_full_graph_nc_v1 task.training_mode=full_graph task.optimizer=adamw task.lr=1e-3 task.weight_decay=1e-4 task.epochs=300 task.patience=30 task.early_stop_min_epoch=30 task.early_stop_min_delta=1e-4 task.grad_clip=1.0 task.eval_every=1 task.inference_mode=full task.evaluate_test=false task.save_ckpt_path=/hdd1/DataInHere/YHF/MoPF/outputs/relation_operator_audit_v1/checkpoints/scalar_weight/Reddit-S/seed43.pt hydra.run.dir=/hdd1/DataInHere/YHF/MoPF/outputs/relation_operator_audit_v1/runs/scalar_weight/Reddit-S/seed43,relation_operator_audit,c53ca3250c67a180c04d33189263355e06685fe5,/hdd1/DataInHere/YHF/MoPF/outputs/relation_operator_audit_v1/runs/scalar_weight/Reddit-S/seed43,/hdd1/DataInHere/YHF/MoPF/outputs/relation_operator_audit_v1/checkpoints/scalar_weight/Reddit-S/seed43.pt,/hdd1/DataInHere/YHF/MoPF/outputs/relation_operator_audit_v1/runs/scalar_weight/Reddit-S/seed43/resolved_config.json,53.454820276005194,839.68408203125,false,,2026-09-28T00:58:57+0800
formal/scalar_weight/Reddit-S/seed44,formal,scalar_weight,Reddit-S,44,cuda:0,running,,/home/m3/miniconda3/envs/yhf_env/bin/python -m src.main dataset=Reddit-S task=nc model=relation_operator_audit seed=44 num_runs=1 device=cuda:0 model.operator_variant=scalar_weight model.hidden_dim=256 model.max_order=3 model.edge_chunk_size=65536 task.protocol_version=unified_full_graph_nc_v1 task.training_mode=full_graph task.optimizer=adamw task.lr=1e-3 task.weight_decay=1e-4 task.epochs=300 task.patience=30 task.early_stop_min_epoch=30 task.early_stop_min_delta=1e-4 task.grad_clip=1.0 task.eval_every=1 task.inference_mode=full task.evaluate_test=false task.save_ckpt_path=/hdd1/DataInHere/YHF/MoPF/outputs/relation_operator_audit_v1/checkpoints/scalar_weight/Reddit-S/seed44.pt hydra.run.dir=/hdd1/DataInHere/YHF/MoPF/outputs/relation_operator_audit_v1/runs/scalar_weight/Reddit-S/seed44,relation_operator_audit,c53ca3250c67a180c04d33189263355e06685fe5,/hdd1/DataInHere/YHF/MoPF/outputs/relation_operator_audit_v1/runs/scalar_weight/Reddit-S/seed44,/hdd1/DataInHere/YHF/MoPF/outputs/relation_operator_audit_v1/checkpoints/scalar_weight/Reddit-S/seed44.pt,/hdd1/DataInHere/YHF/MoPF/outputs/relation_operator_audit_v1/runs/scalar_weight/Reddit-S/seed44/resolved_config.json,,,false,,2026-09-28T00:58:57+0800
formal/scalar_weight/Reddit-S/seed44,formal,scalar_weight,Reddit-S,44,cuda:0,complete,0,/home/m3/miniconda3/envs/yhf_env/bin/python -m src.main dataset=Reddit-S task=nc model=relation_operator_audit seed=44 num_runs=1 device=cuda:0 model.operator_variant=scalar_weight model.hidden_dim=256 model.max_order=3 model.edge_chunk_size=65536 task.protocol_version=unified_full_graph_nc_v1 task.training_mode=full_graph task.optimizer=adamw task.lr=1e-3 task.weight_decay=1e-4 task.epochs=300 task.patience=30 task.early_stop_min_epoch=30 task.early_stop_min_delta=1e-4 task.grad_clip=1.0 task.eval_every=1 task.inference_mode=full task.evaluate_test=false task.save_ckpt_path=/hdd1/DataInHere/YHF/MoPF/outputs/relation_operator_audit_v1/checkpoints/scalar_weight/Reddit-S/seed44.pt hydra.run.dir=/hdd1/DataInHere/YHF/MoPF/outputs/relation_operator_audit_v1/runs/scalar_weight/Reddit-S/seed44,relation_operator_audit,c53ca3250c67a180c04d33189263355e06685fe5,/hdd1/DataInHere/YHF/MoPF/outputs/relation_operator_audit_v1/runs/scalar_weight/Reddit-S/seed44,/hdd1/DataInHere/YHF/MoPF/outputs/relation_operator_audit_v1/checkpoints/scalar_weight/Reddit-S/seed44.pt,/hdd1/DataInHere/YHF/MoPF/outputs/relation_operator_audit_v1/runs/scalar_weight/Reddit-S/seed44/resolved_config.json,41.295060683973134,839.68408203125,false,,2026-09-28T00:59:46+0800
formal/global_expert/Movies/seed42,formal,global_expert,Movies,42,cuda:0,running,,/home/m3/miniconda3/envs/yhf_env/bin/python -m src.main dataset=Movies task=nc model=relation_operator_audit seed=42 num_runs=1 device=cuda:0 model.operator_variant=global_expert model.hidden_dim=256 model.max_order=3 model.edge_chunk_size=65536 task.protocol_version=unified_full_graph_nc_v1 task.training_mode=full_graph task.optimizer=adamw task.lr=1e-3 task.weight_decay=1e-4 task.epochs=300 task.patience=30 task.early_stop_min_epoch=30 task.early_stop_min_delta=1e-4 task.grad_clip=1.0 task.eval_every=1 task.inference_mode=full task.evaluate_test=false task.save_ckpt_path=/hdd1/DataInHere/YHF/MoPF/outputs/relation_operator_audit_v1/checkpoints/global_expert/Movies/seed42.pt hydra.run.dir=/hdd1/DataInHere/YHF/MoPF/outputs/relation_operator_audit_v1/runs/global_expert/Movies/seed42,relation_operator_audit,c53ca3250c67a180c04d33189263355e06685fe5,/hdd1/DataInHere/YHF/MoPF/outputs/relation_operator_audit_v1/runs/global_expert/Movies/seed42,/hdd1/DataInHere/YHF/MoPF/outputs/relation_operator_audit_v1/checkpoints/global_expert/Movies/seed42.pt,/hdd1/DataInHere/YHF/MoPF/outputs/relation_operator_audit_v1/runs/global_expert/Movies/seed42/resolved_config.json,,,false,,2026-09-28T00:59:46+0800
formal/global_expert/Movies/seed42,formal,global_expert,Movies,42,cuda:0,complete,0,/home/m3/miniconda3/envs/yhf_env/bin/python -m src.main dataset=Movies task=nc model=relation_operator_audit seed=42 num_runs=1 device=cuda:0 model.operator_variant=global_expert model.hidden_dim=256 model.max_order=3 model.edge_chunk_size=65536 task.protocol_version=unified_full_graph_nc_v1 task.training_mode=full_graph task.optimizer=adamw task.lr=1e-3 task.weight_decay=1e-4 task.epochs=300 task.patience=30 task.early_stop_min_epoch=30 task.early_stop_min_delta=1e-4 task.grad_clip=1.0 task.eval_every=1 task.inference_mode=full task.evaluate_test=false task.save_ckpt_path=/hdd1/DataInHere/YHF/MoPF/outputs/relation_operator_audit_v1/checkpoints/global_expert/Movies/seed42.pt hydra.run.dir=/hdd1/DataInHere/YHF/MoPF/outputs/relation_operator_audit_v1/runs/global_expert/Movies/seed42,relation_operator_audit,c53ca3250c67a180c04d33189263355e06685fe5,/hdd1/DataInHere/YHF/MoPF/outputs/relation_operator_audit_v1/runs/global_expert/Movies/seed42,/hdd1/DataInHere/YHF/MoPF/outputs/relation_operator_audit_v1/checkpoints/global_expert/Movies/seed42.pt,/hdd1/DataInHere/YHF/MoPF/outputs/relation_operator_audit_v1/runs/global_expert/Movies/seed42/resolved_config.json,80.8675148289185,1613.35009765625,false,,2026-09-28T01:01:16+0800
formal/global_expert/Movies/seed43,formal,global_expert,Movies,43,cuda:0,running,,/home/m3/miniconda3/envs/yhf_env/bin/python -m src.main dataset=Movies task=nc model=relation_operator_audit seed=43 num_runs=1 device=cuda:0 model.operator_variant=global_expert model.hidden_dim=256 model.max_order=3 model.edge_chunk_size=65536 task.protocol_version=unified_full_graph_nc_v1 task.training_mode=full_graph task.optimizer=adamw task.lr=1e-3 task.weight_decay=1e-4 task.epochs=300 task.patience=30 task.early_stop_min_epoch=30 task.early_stop_min_delta=1e-4 task.grad_clip=1.0 task.eval_every=1 task.inference_mode=full task.evaluate_test=false task.save_ckpt_path=/hdd1/DataInHere/YHF/MoPF/outputs/relation_operator_audit_v1/checkpoints/global_expert/Movies/seed43.pt hydra.run.dir=/hdd1/DataInHere/YHF/MoPF/outputs/relation_operator_audit_v1/runs/global_expert/Movies/seed43,relation_operator_audit,c53ca3250c67a180c04d33189263355e06685fe5,/hdd1/DataInHere/YHF/MoPF/outputs/relation_operator_audit_v1/runs/global_expert/Movies/seed43,/hdd1/DataInHere/YHF/MoPF/outputs/relation_operator_audit_v1/checkpoints/global_expert/Movies/seed43.pt,/hdd1/DataInHere/YHF/MoPF/outputs/relation_operator_audit_v1/runs/global_expert/Movies/seed43/resolved_config.json,,,false,,2026-09-28T01:01:16+0800
formal/global_expert/Movies/seed43,formal,global_expert,Movies,43,cuda:0,complete,0,/home/m3/miniconda3/envs/yhf_env/bin/python -m src.main dataset=Movies task=nc model=relation_operator_audit seed=43 num_runs=1 device=cuda:0 model.operator_variant=global_expert model.hidden_dim=256 model.max_order=3 model.edge_chunk_size=65536 task.protocol_version=unified_full_graph_nc_v1 task.training_mode=full_graph task.optimizer=adamw task.lr=1e-3 task.weight_decay=1e-4 task.epochs=300 task.patience=30 task.early_stop_min_epoch=30 task.early_stop_min_delta=1e-4 task.grad_clip=1.0 task.eval_every=1 task.inference_mode=full task.evaluate_test=false task.save_ckpt_path=/hdd1/DataInHere/YHF/MoPF/outputs/relation_operator_audit_v1/checkpoints/global_expert/Movies/seed43.pt hydra.run.dir=/hdd1/DataInHere/YHF/MoPF/outputs/relation_operator_audit_v1/runs/global_expert/Movies/seed43,relation_operator_audit,c53ca3250c67a180c04d33189263355e06685fe5,/hdd1/DataInHere/YHF/MoPF/outputs/relation_operator_audit_v1/runs/global_expert/Movies/seed43,/hdd1/DataInHere/YHF/MoPF/outputs/relation_operator_audit_v1/checkpoints/global_expert/Movies/seed43.pt,/hdd1/DataInHere/YHF/MoPF/outputs/relation_operator_audit_v1/runs/global_expert/Movies/seed43/resolved_config.json,80.27081466186792,1613.35009765625,false,,2026-09-28T01:02:44+0800
formal/global_expert/Movies/seed44,formal,global_expert,Movies,44,cuda:0,running,,/home/m3/miniconda3/envs/yhf_env/bin/python -m src.main dataset=Movies task=nc model=relation_operator_audit seed=44 num_runs=1 device=cuda:0 model.operator_variant=global_expert model.hidden_dim=256 model.max_order=3 model.edge_chunk_size=65536 task.protocol_version=unified_full_graph_nc_v1 task.training_mode=full_graph task.optimizer=adamw task.lr=1e-3 task.weight_decay=1e-4 task.epochs=300 task.patience=30 task.early_stop_min_epoch=30 task.early_stop_min_delta=1e-4 task.grad_clip=1.0 task.eval_every=1 task.inference_mode=full task.evaluate_test=false task.save_ckpt_path=/hdd1/DataInHere/YHF/MoPF/outputs/relation_operator_audit_v1/checkpoints/global_expert/Movies/seed44.pt hydra.run.dir=/hdd1/DataInHere/YHF/MoPF/outputs/relation_operator_audit_v1/runs/global_expert/Movies/seed44,relation_operator_audit,c53ca3250c67a180c04d33189263355e06685fe5,/hdd1/DataInHere/YHF/MoPF/outputs/relation_operator_audit_v1/runs/global_expert/Movies/seed44,/hdd1/DataInHere/YHF/MoPF/outputs/relation_operator_audit_v1/checkpoints/global_expert/Movies/seed44.pt,/hdd1/DataInHere/YHF/MoPF/outputs/relation_operator_audit_v1/runs/global_expert/Movies/seed44/resolved_config.json,,,false,,2026-09-28T01:02:44+0800
formal/global_expert/Movies/seed44,formal,global_expert,Movies,44,cuda:0,complete,0,/home/m3/miniconda3/envs/yhf_env/bin/python -m src.main dataset=Movies task=nc model=relation_operator_audit seed=44 num_runs=1 device=cuda:0 model.operator_variant=global_expert model.hidden_dim=256 model.max_order=3 model.edge_chunk_size=65536 task.protocol_version=unified_full_graph_nc_v1 task.training_mode=full_graph task.optimizer=adamw task.lr=1e-3 task.weight_decay=1e-4 task.epochs=300 task.patience=30 task.early_stop_min_epoch=30 task.early_stop_min_delta=1e-4 task.grad_clip=1.0 task.eval_every=1 task.inference_mode=full task.evaluate_test=false task.save_ckpt_path=/hdd1/DataInHere/YHF/MoPF/outputs/relation_operator_audit_v1/checkpoints/global_expert/Movies/seed44.pt hydra.run.dir=/hdd1/DataInHere/YHF/MoPF/outputs/relation_operator_audit_v1/runs/global_expert/Movies/seed44,relation_operator_audit,c53ca3250c67a180c04d33189263355e06685fe5,/hdd1/DataInHere/YHF/MoPF/outputs/relation_operator_audit_v1/runs/global_expert/Movies/seed44,/hdd1/DataInHere/YHF/MoPF/outputs/relation_operator_audit_v1/checkpoints/global_expert/Movies/seed44.pt,/hdd1/DataInHere/YHF/MoPF/outputs/relation_operator_audit_v1/runs/global_expert/Movies/seed44/resolved_config.json,100.56938464310952,1613.35009765625,false,,2026-09-28T01:04:29+0800
formal/global_expert/Toys/seed42,formal,global_expert,Toys,42,cuda:0,running,,/home/m3/miniconda3/envs/yhf_env/bin/python -m src.main dataset=Toys task=nc model=relation_operator_audit seed=42 num_runs=1 device=cuda:0 model.operator_variant=global_expert model.hidden_dim=256 model.max_order=3 model.edge_chunk_size=65536 task.protocol_version=unified_full_graph_nc_v1 task.training_mode=full_graph task.optimizer=adamw task.lr=1e-3 task.weight_decay=1e-4 task.epochs=300 task.patience=30 task.early_stop_min_epoch=30 task.early_stop_min_delta=1e-4 task.grad_clip=1.0 task.eval_every=1 task.inference_mode=full task.evaluate_test=false task.save_ckpt_path=/hdd1/DataInHere/YHF/MoPF/outputs/relation_operator_audit_v1/checkpoints/global_expert/Toys/seed42.pt hydra.run.dir=/hdd1/DataInHere/YHF/MoPF/outputs/relation_operator_audit_v1/runs/global_expert/Toys/seed42,relation_operator_audit,c53ca3250c67a180c04d33189263355e06685fe5,/hdd1/DataInHere/YHF/MoPF/outputs/relation_operator_audit_v1/runs/global_expert/Toys/seed42,/hdd1/DataInHere/YHF/MoPF/outputs/relation_operator_audit_v1/checkpoints/global_expert/Toys/seed42.pt,/hdd1/DataInHere/YHF/MoPF/outputs/relation_operator_audit_v1/runs/global_expert/Toys/seed42/resolved_config.json,,,false,,2026-09-28T01:04:29+0800
formal/global_expert/Toys/seed42,formal,global_expert,Toys,42,cuda:0,complete,0,/home/m3/miniconda3/envs/yhf_env/bin/python -m src.main dataset=Toys task=nc model=relation_operator_audit seed=42 num_runs=1 device=cuda:0 model.operator_variant=global_expert model.hidden_dim=256 model.max_order=3 model.edge_chunk_size=65536 task.protocol_version=unified_full_graph_nc_v1 task.training_mode=full_graph task.optimizer=adamw task.lr=1e-3 task.weight_decay=1e-4 task.epochs=300 task.patience=30 task.early_stop_min_epoch=30 task.early_stop_min_delta=1e-4 task.grad_clip=1.0 task.eval_every=1 task.inference_mode=full task.evaluate_test=false task.save_ckpt_path=/hdd1/DataInHere/YHF/MoPF/outputs/relation_operator_audit_v1/checkpoints/global_expert/Toys/seed42.pt hydra.run.dir=/hdd1/DataInHere/YHF/MoPF/outputs/relation_operator_audit_v1/runs/global_expert/Toys/seed42,relation_operator_audit,c53ca3250c67a180c04d33189263355e06685fe5,/hdd1/DataInHere/YHF/MoPF/outputs/relation_operator_audit_v1/runs/global_expert/Toys/seed42,/hdd1/DataInHere/YHF/MoPF/outputs/relation_operator_audit_v1/checkpoints/global_expert/Toys/seed42.pt,/hdd1/DataInHere/YHF/MoPF/outputs/relation_operator_audit_v1/runs/global_expert/Toys/seed42/resolved_config.json,51.722694566939026,1735.3994140625,false,,2026-09-28T01:05:29+0800
formal/global_expert/Toys/seed43,formal,global_expert,Toys,43,cuda:0,running,,/home/m3/miniconda3/envs/yhf_env/bin/python -m src.main dataset=Toys task=nc model=relation_operator_audit seed=43 num_runs=1 device=cuda:0 model.operator_variant=global_expert model.hidden_dim=256 model.max_order=3 model.edge_chunk_size=65536 task.protocol_version=unified_full_graph_nc_v1 task.training_mode=full_graph task.optimizer=adamw task.lr=1e-3 task.weight_decay=1e-4 task.epochs=300 task.patience=30 task.early_stop_min_epoch=30 task.early_stop_min_delta=1e-4 task.grad_clip=1.0 task.eval_every=1 task.inference_mode=full task.evaluate_test=false task.save_ckpt_path=/hdd1/DataInHere/YHF/MoPF/outputs/relation_operator_audit_v1/checkpoints/global_expert/Toys/seed43.pt hydra.run.dir=/hdd1/DataInHere/YHF/MoPF/outputs/relation_operator_audit_v1/runs/global_expert/Toys/seed43,relation_operator_audit,c53ca3250c67a180c04d33189263355e06685fe5,/hdd1/DataInHere/YHF/MoPF/outputs/relation_operator_audit_v1/runs/global_expert/Toys/seed43,/hdd1/DataInHere/YHF/MoPF/outputs/relation_operator_audit_v1/checkpoints/global_expert/Toys/seed43.pt,/hdd1/DataInHere/YHF/MoPF/outputs/relation_operator_audit_v1/runs/global_expert/Toys/seed43/resolved_config.json,,,false,,2026-09-28T01:05:29+0800
formal/global_expert/Toys/seed43,formal,global_expert,Toys,43,cuda:0,complete,0,/home/m3/miniconda3/envs/yhf_env/bin/python -m src.main dataset=Toys task=nc model=relation_operator_audit seed=43 num_runs=1 device=cuda:0 model.operator_variant=global_expert model.hidden_dim=256 model.max_order=3 model.edge_chunk_size=65536 task.protocol_version=unified_full_graph_nc_v1 task.training_mode=full_graph task.optimizer=adamw task.lr=1e-3 task.weight_decay=1e-4 task.epochs=300 task.patience=30 task.early_stop_min_epoch=30 task.early_stop_min_delta=1e-4 task.grad_clip=1.0 task.eval_every=1 task.inference_mode=full task.evaluate_test=false task.save_ckpt_path=/hdd1/DataInHere/YHF/MoPF/outputs/relation_operator_audit_v1/checkpoints/global_expert/Toys/seed43.pt hydra.run.dir=/hdd1/DataInHere/YHF/MoPF/outputs/relation_operator_audit_v1/runs/global_expert/Toys/seed43,relation_operator_audit,c53ca3250c67a180c04d33189263355e06685fe5,/hdd1/DataInHere/YHF/MoPF/outputs/relation_operator_audit_v1/runs/global_expert/Toys/seed43,/hdd1/DataInHere/YHF/MoPF/outputs/relation_operator_audit_v1/checkpoints/global_expert/Toys/seed43.pt,/hdd1/DataInHere/YHF/MoPF/outputs/relation_operator_audit_v1/runs/global_expert/Toys/seed43/resolved_config.json,66.38808694505133,1735.3994140625,false,,2026-09-28T01:06:43+0800
formal/global_expert/Toys/seed44,formal,global_expert,Toys,44,cuda:0,running,,/home/m3/miniconda3/envs/yhf_env/bin/python -m src.main dataset=Toys task=nc model=relation_operator_audit seed=44 num_runs=1 device=cuda:0 model.operator_variant=global_expert model.hidden_dim=256 model.max_order=3 model.edge_chunk_size=65536 task.protocol_version=unified_full_graph_nc_v1 task.training_mode=full_graph task.optimizer=adamw task.lr=1e-3 task.weight_decay=1e-4 task.epochs=300 task.patience=30 task.early_stop_min_epoch=30 task.early_stop_min_delta=1e-4 task.grad_clip=1.0 task.eval_every=1 task.inference_mode=full task.evaluate_test=false task.save_ckpt_path=/hdd1/DataInHere/YHF/MoPF/outputs/relation_operator_audit_v1/checkpoints/global_expert/Toys/seed44.pt hydra.run.dir=/hdd1/DataInHere/YHF/MoPF/outputs/relation_operator_audit_v1/runs/global_expert/Toys/seed44,relation_operator_audit,c53ca3250c67a180c04d33189263355e06685fe5,/hdd1/DataInHere/YHF/MoPF/outputs/relation_operator_audit_v1/runs/global_expert/Toys/seed44,/hdd1/DataInHere/YHF/MoPF/outputs/relation_operator_audit_v1/checkpoints/global_expert/Toys/seed44.pt,/hdd1/DataInHere/YHF/MoPF/outputs/relation_operator_audit_v1/runs/global_expert/Toys/seed44/resolved_config.json,,,false,,2026-09-28T01:06:43+0800
formal/global_expert/Toys/seed44,formal,global_expert,Toys,44,cuda:0,complete,0,/home/m3/miniconda3/envs/yhf_env/bin/python -m src.main dataset=Toys task=nc model=relation_operator_audit seed=44 num_runs=1 device=cuda:0 model.operator_variant=global_expert model.hidden_dim=256 model.max_order=3 model.edge_chunk_size=65536 task.protocol_version=unified_full_graph_nc_v1 task.training_mode=full_graph task.optimizer=adamw task.lr=1e-3 task.weight_decay=1e-4 task.epochs=300 task.patience=30 task.early_stop_min_epoch=30 task.early_stop_min_delta=1e-4 task.grad_clip=1.0 task.eval_every=1 task.inference_mode=full task.evaluate_test=false task.save_ckpt_path=/hdd1/DataInHere/YHF/MoPF/outputs/relation_operator_audit_v1/checkpoints/global_expert/Toys/seed44.pt hydra.run.dir=/hdd1/DataInHere/YHF/MoPF/outputs/relation_operator_audit_v1/runs/global_expert/Toys/seed44,relation_operator_audit,c53ca3250c67a180c04d33189263355e06685fe5,/hdd1/DataInHere/YHF/MoPF/outputs/relation_operator_audit_v1/runs/global_expert/Toys/seed44,/hdd1/DataInHere/YHF/MoPF/outputs/relation_operator_audit_v1/checkpoints/global_expert/Toys/seed44.pt,/hdd1/DataInHere/YHF/MoPF/outputs/relation_operator_audit_v1/runs/global_expert/Toys/seed44/resolved_config.json,51.50679895002395,1735.3994140625,false,,2026-09-28T01:07:43+0800
formal/global_expert/Grocery/seed42,formal,global_expert,Grocery,42,cuda:0,running,,/home/m3/miniconda3/envs/yhf_env/bin/python -m src.main dataset=Grocery task=nc model=relation_operator_audit seed=42 num_runs=1 device=cuda:0 model.operator_variant=global_expert model.hidden_dim=256 model.max_order=3 model.edge_chunk_size=65536 task.protocol_version=unified_full_graph_nc_v1 task.training_mode=full_graph task.optimizer=adamw task.lr=1e-3 task.weight_decay=1e-4 task.epochs=300 task.patience=30 task.early_stop_min_epoch=30 task.early_stop_min_delta=1e-4 task.grad_clip=1.0 task.eval_every=1 task.inference_mode=full task.evaluate_test=false task.save_ckpt_path=/hdd1/DataInHere/YHF/MoPF/outputs/relation_operator_audit_v1/checkpoints/global_expert/Grocery/seed42.pt hydra.run.dir=/hdd1/DataInHere/YHF/MoPF/outputs/relation_operator_audit_v1/runs/global_expert/Grocery/seed42,relation_operator_audit,c53ca3250c67a180c04d33189263355e06685fe5,/hdd1/DataInHere/YHF/MoPF/outputs/relation_operator_audit_v1/runs/global_expert/Grocery/seed42,/hdd1/DataInHere/YHF/MoPF/outputs/relation_operator_audit_v1/checkpoints/global_expert/Grocery/seed42.pt,/hdd1/DataInHere/YHF/MoPF/outputs/relation_operator_audit_v1/runs/global_expert/Grocery/seed42/resolved_config.json,,,false,,2026-09-28T01:07:43+0800
formal/global_expert/Grocery/seed42,formal,global_expert,Grocery,42,cuda:0,complete,0,/home/m3/miniconda3/envs/yhf_env/bin/python -m src.main dataset=Grocery task=nc model=relation_operator_audit seed=42 num_runs=1 device=cuda:0 model.operator_variant=global_expert model.hidden_dim=256 model.max_order=3 model.edge_chunk_size=65536 task.protocol_version=unified_full_graph_nc_v1 task.training_mode=full_graph task.optimizer=adamw task.lr=1e-3 task.weight_decay=1e-4 task.epochs=300 task.patience=30 task.early_stop_min_epoch=30 task.early_stop_min_delta=1e-4 task.grad_clip=1.0 task.eval_every=1 task.inference_mode=full task.evaluate_test=false task.save_ckpt_path=/hdd1/DataInHere/YHF/MoPF/outputs/relation_operator_audit_v1/checkpoints/global_expert/Grocery/seed42.pt hydra.run.dir=/hdd1/DataInHere/YHF/MoPF/outputs/relation_operator_audit_v1/runs/global_expert/Grocery/seed42,relation_operator_audit,c53ca3250c67a180c04d33189263355e06685fe5,/hdd1/DataInHere/YHF/MoPF/outputs/relation_operator_audit_v1/runs/global_expert/Grocery/seed42,/hdd1/DataInHere/YHF/MoPF/outputs/relation_operator_audit_v1/checkpoints/global_expert/Grocery/seed42.pt,/hdd1/DataInHere/YHF/MoPF/outputs/relation_operator_audit_v1/runs/global_expert/Grocery/seed42/resolved_config.json,105.30090820603073,1624.482421875,false,,2026-09-28T01:09:35+0800
formal/global_expert/Grocery/seed43,formal,global_expert,Grocery,43,cuda:0,running,,/home/m3/miniconda3/envs/yhf_env/bin/python -m src.main dataset=Grocery task=nc model=relation_operator_audit seed=43 num_runs=1 device=cuda:0 model.operator_variant=global_expert model.hidden_dim=256 model.max_order=3 model.edge_chunk_size=65536 task.protocol_version=unified_full_graph_nc_v1 task.training_mode=full_graph task.optimizer=adamw task.lr=1e-3 task.weight_decay=1e-4 task.epochs=300 task.patience=30 task.early_stop_min_epoch=30 task.early_stop_min_delta=1e-4 task.grad_clip=1.0 task.eval_every=1 task.inference_mode=full task.evaluate_test=false task.save_ckpt_path=/hdd1/DataInHere/YHF/MoPF/outputs/relation_operator_audit_v1/checkpoints/global_expert/Grocery/seed43.pt hydra.run.dir=/hdd1/DataInHere/YHF/MoPF/outputs/relation_operator_audit_v1/runs/global_expert/Grocery/seed43,relation_operator_audit,c53ca3250c67a180c04d33189263355e06685fe5,/hdd1/DataInHere/YHF/MoPF/outputs/relation_operator_audit_v1/runs/global_expert/Grocery/seed43,/hdd1/DataInHere/YHF/MoPF/outputs/relation_operator_audit_v1/checkpoints/global_expert/Grocery/seed43.pt,/hdd1/DataInHere/YHF/MoPF/outputs/relation_operator_audit_v1/runs/global_expert/Grocery/seed43/resolved_config.json,,,false,,2026-09-28T01:09:35+0800
formal/global_expert/Grocery/seed43,formal,global_expert,Grocery,43,cuda:0,complete,0,/home/m3/miniconda3/envs/yhf_env/bin/python -m src.main dataset=Grocery task=nc model=relation_operator_audit seed=43 num_runs=1 device=cuda:0 model.operator_variant=global_expert model.hidden_dim=256 model.max_order=3 model.edge_chunk_size=65536 task.protocol_version=unified_full_graph_nc_v1 task.training_mode=full_graph task.optimizer=adamw task.lr=1e-3 task.weight_decay=1e-4 task.epochs=300 task.patience=30 task.early_stop_min_epoch=30 task.early_stop_min_delta=1e-4 task.grad_clip=1.0 task.eval_every=1 task.inference_mode=full task.evaluate_test=false task.save_ckpt_path=/hdd1/DataInHere/YHF/MoPF/outputs/relation_operator_audit_v1/checkpoints/global_expert/Grocery/seed43.pt hydra.run.dir=/hdd1/DataInHere/YHF/MoPF/outputs/relation_operator_audit_v1/runs/global_expert/Grocery/seed43,relation_operator_audit,c53ca3250c67a180c04d33189263355e06685fe5,/hdd1/DataInHere/YHF/MoPF/outputs/relation_operator_audit_v1/runs/global_expert/Grocery/seed43,/hdd1/DataInHere/YHF/MoPF/outputs/relation_operator_audit_v1/checkpoints/global_expert/Grocery/seed43.pt,/hdd1/DataInHere/YHF/MoPF/outputs/relation_operator_audit_v1/runs/global_expert/Grocery/seed43/resolved_config.json,84.91967154410668,1624.482421875,false,,2026-09-28T01:11:07+0800
formal/global_expert/Grocery/seed44,formal,global_expert,Grocery,44,cuda:0,running,,/home/m3/miniconda3/envs/yhf_env/bin/python -m src.main dataset=Grocery task=nc model=relation_operator_audit seed=44 num_runs=1 device=cuda:0 model.operator_variant=global_expert model.hidden_dim=256 model.max_order=3 model.edge_chunk_size=65536 task.protocol_version=unified_full_graph_nc_v1 task.training_mode=full_graph task.optimizer=adamw task.lr=1e-3 task.weight_decay=1e-4 task.epochs=300 task.patience=30 task.early_stop_min_epoch=30 task.early_stop_min_delta=1e-4 task.grad_clip=1.0 task.eval_every=1 task.inference_mode=full task.evaluate_test=false task.save_ckpt_path=/hdd1/DataInHere/YHF/MoPF/outputs/relation_operator_audit_v1/checkpoints/global_expert/Grocery/seed44.pt hydra.run.dir=/hdd1/DataInHere/YHF/MoPF/outputs/relation_operator_audit_v1/runs/global_expert/Grocery/seed44,relation_operator_audit,c53ca3250c67a180c04d33189263355e06685fe5,/hdd1/DataInHere/YHF/MoPF/outputs/relation_operator_audit_v1/runs/global_expert/Grocery/seed44,/hdd1/DataInHere/YHF/MoPF/outputs/relation_operator_audit_v1/checkpoints/global_expert/Grocery/seed44.pt,/hdd1/DataInHere/YHF/MoPF/outputs/relation_operator_audit_v1/runs/global_expert/Grocery/seed44/resolved_config.json,,,false,,2026-09-28T01:11:07+0800
formal/global_expert/Grocery/seed44,formal,global_expert,Grocery,44,cuda:0,complete,0,/home/m3/miniconda3/envs/yhf_env/bin/python -m src.main dataset=Grocery task=nc model=relation_operator_audit seed=44 num_runs=1 device=cuda:0 model.operator_variant=global_expert model.hidden_dim=256 model.max_order=3 model.edge_chunk_size=65536 task.protocol_version=unified_full_graph_nc_v1 task.training_mode=full_graph task.optimizer=adamw task.lr=1e-3 task.weight_decay=1e-4 task.epochs=300 task.patience=30 task.early_stop_min_epoch=30 task.early_stop_min_delta=1e-4 task.grad_clip=1.0 task.eval_every=1 task.inference_mode=full task.evaluate_test=false task.save_ckpt_path=/hdd1/DataInHere/YHF/MoPF/outputs/relation_operator_audit_v1/checkpoints/global_expert/Grocery/seed44.pt hydra.run.dir=/hdd1/DataInHere/YHF/MoPF/outputs/relation_operator_audit_v1/runs/global_expert/Grocery/seed44,relation_operator_audit,c53ca3250c67a180c04d33189263355e06685fe5,/hdd1/DataInHere/YHF/MoPF/outputs/relation_operator_audit_v1/runs/global_expert/Grocery/seed44,/hdd1/DataInHere/YHF/MoPF/outputs/relation_operator_audit_v1/checkpoints/global_expert/Grocery/seed44.pt,/hdd1/DataInHere/YHF/MoPF/outputs/relation_operator_audit_v1/runs/global_expert/Grocery/seed44/resolved_config.json,91.45053507410921,1624.482421875,false,,2026-09-28T01:12:45+0800
formal/global_expert/ele-fashion/seed42,formal,global_expert,ele-fashion,42,cuda:0,running,,/home/m3/miniconda3/envs/yhf_env/bin/python -m src.main dataset=ele-fashion task=nc model=relation_operator_audit seed=42 num_runs=1 device=cuda:0 model.operator_variant=global_expert model.hidden_dim=256 model.max_order=3 model.edge_chunk_size=65536 task.protocol_version=unified_full_graph_nc_v1 task.training_mode=full_graph task.optimizer=adamw task.lr=1e-3 task.weight_decay=1e-4 task.epochs=300 task.patience=30 task.early_stop_min_epoch=30 task.early_stop_min_delta=1e-4 task.grad_clip=1.0 task.eval_every=1 task.inference_mode=full task.evaluate_test=false task.save_ckpt_path=/hdd1/DataInHere/YHF/MoPF/outputs/relation_operator_audit_v1/checkpoints/global_expert/ele-fashion/seed42.pt hydra.run.dir=/hdd1/DataInHere/YHF/MoPF/outputs/relation_operator_audit_v1/runs/global_expert/ele-fashion/seed42,relation_operator_audit,c53ca3250c67a180c04d33189263355e06685fe5,/hdd1/DataInHere/YHF/MoPF/outputs/relation_operator_audit_v1/runs/global_expert/ele-fashion/seed42,/hdd1/DataInHere/YHF/MoPF/outputs/relation_operator_audit_v1/checkpoints/global_expert/ele-fashion/seed42.pt,/hdd1/DataInHere/YHF/MoPF/outputs/relation_operator_audit_v1/runs/global_expert/ele-fashion/seed42/resolved_config.json,,,false,,2026-09-28T01:12:45+0800
formal/global_expert/ele-fashion/seed42,formal,global_expert,ele-fashion,42,cuda:0,complete,0,/home/m3/miniconda3/envs/yhf_env/bin/python -m src.main dataset=ele-fashion task=nc model=relation_operator_audit seed=42 num_runs=1 device=cuda:0 model.operator_variant=global_expert model.hidden_dim=256 model.max_order=3 model.edge_chunk_size=65536 task.protocol_version=unified_full_graph_nc_v1 task.training_mode=full_graph task.optimizer=adamw task.lr=1e-3 task.weight_decay=1e-4 task.epochs=300 task.patience=30 task.early_stop_min_epoch=30 task.early_stop_min_delta=1e-4 task.grad_clip=1.0 task.eval_every=1 task.inference_mode=full task.evaluate_test=false task.save_ckpt_path=/hdd1/DataInHere/YHF/MoPF/outputs/relation_operator_audit_v1/checkpoints/global_expert/ele-fashion/seed42.pt hydra.run.dir=/hdd1/DataInHere/YHF/MoPF/outputs/relation_operator_audit_v1/runs/global_expert/ele-fashion/seed42,relation_operator_audit,c53ca3250c67a180c04d33189263355e06685fe5,/hdd1/DataInHere/YHF/MoPF/outputs/relation_operator_audit_v1/runs/global_expert/ele-fashion/seed42,/hdd1/DataInHere/YHF/MoPF/outputs/relation_operator_audit_v1/checkpoints/global_expert/ele-fashion/seed42.pt,/hdd1/DataInHere/YHF/MoPF/outputs/relation_operator_audit_v1/runs/global_expert/ele-fashion/seed42/resolved_config.json,321.40628856793046,4073.18212890625,false,,2026-09-28T01:18:14+0800
formal/global_expert/ele-fashion/seed43,formal,global_expert,ele-fashion,43,cuda:0,running,,/home/m3/miniconda3/envs/yhf_env/bin/python -m src.main dataset=ele-fashion task=nc model=relation_operator_audit seed=43 num_runs=1 device=cuda:0 model.operator_variant=global_expert model.hidden_dim=256 model.max_order=3 model.edge_chunk_size=65536 task.protocol_version=unified_full_graph_nc_v1 task.training_mode=full_graph task.optimizer=adamw task.lr=1e-3 task.weight_decay=1e-4 task.epochs=300 task.patience=30 task.early_stop_min_epoch=30 task.early_stop_min_delta=1e-4 task.grad_clip=1.0 task.eval_every=1 task.inference_mode=full task.evaluate_test=false task.save_ckpt_path=/hdd1/DataInHere/YHF/MoPF/outputs/relation_operator_audit_v1/checkpoints/global_expert/ele-fashion/seed43.pt hydra.run.dir=/hdd1/DataInHere/YHF/MoPF/outputs/relation_operator_audit_v1/runs/global_expert/ele-fashion/seed43,relation_operator_audit,c53ca3250c67a180c04d33189263355e06685fe5,/hdd1/DataInHere/YHF/MoPF/outputs/relation_operator_audit_v1/runs/global_expert/ele-fashion/seed43,/hdd1/DataInHere/YHF/MoPF/outputs/relation_operator_audit_v1/checkpoints/global_expert/ele-fashion/seed43.pt,/hdd1/DataInHere/YHF/MoPF/outputs/relation_operator_audit_v1/runs/global_expert/ele-fashion/seed43/resolved_config.json,,,false,,2026-09-28T01:18:14+0800
formal/global_expert/ele-fashion/seed43,formal,global_expert,ele-fashion,43,cuda:0,complete,0,/home/m3/miniconda3/envs/yhf_env/bin/python -m src.main dataset=ele-fashion task=nc model=relation_operator_audit seed=43 num_runs=1 device=cuda:0 model.operator_variant=global_expert model.hidden_dim=256 model.max_order=3 model.edge_chunk_size=65536 task.protocol_version=unified_full_graph_nc_v1 task.training_mode=full_graph task.optimizer=adamw task.lr=1e-3 task.weight_decay=1e-4 task.epochs=300 task.patience=30 task.early_stop_min_epoch=30 task.early_stop_min_delta=1e-4 task.grad_clip=1.0 task.eval_every=1 task.inference_mode=full task.evaluate_test=false task.save_ckpt_path=/hdd1/DataInHere/YHF/MoPF/outputs/relation_operator_audit_v1/checkpoints/global_expert/ele-fashion/seed43.pt hydra.run.dir=/hdd1/DataInHere/YHF/MoPF/outputs/relation_operator_audit_v1/runs/global_expert/ele-fashion/seed43,relation_operator_audit,c53ca3250c67a180c04d33189263355e06685fe5,/hdd1/DataInHere/YHF/MoPF/outputs/relation_operator_audit_v1/runs/global_expert/ele-fashion/seed43,/hdd1/DataInHere/YHF/MoPF/outputs/relation_operator_audit_v1/checkpoints/global_expert/ele-fashion/seed43.pt,/hdd1/DataInHere/YHF/MoPF/outputs/relation_operator_audit_v1/runs/global_expert/ele-fashion/seed43/resolved_config.json,339.8959348560311,4073.18212890625,false,,2026-09-28T01:24:04+0800
formal/global_expert/ele-fashion/seed44,formal,global_expert,ele-fashion,44,cuda:0,running,,/home/m3/miniconda3/envs/yhf_env/bin/python -m src.main dataset=ele-fashion task=nc model=relation_operator_audit seed=44 num_runs=1 device=cuda:0 model.operator_variant=global_expert model.hidden_dim=256 model.max_order=3 model.edge_chunk_size=65536 task.protocol_version=unified_full_graph_nc_v1 task.training_mode=full_graph task.optimizer=adamw task.lr=1e-3 task.weight_decay=1e-4 task.epochs=300 task.patience=30 task.early_stop_min_epoch=30 task.early_stop_min_delta=1e-4 task.grad_clip=1.0 task.eval_every=1 task.inference_mode=full task.evaluate_test=false task.save_ckpt_path=/hdd1/DataInHere/YHF/MoPF/outputs/relation_operator_audit_v1/checkpoints/global_expert/ele-fashion/seed44.pt hydra.run.dir=/hdd1/DataInHere/YHF/MoPF/outputs/relation_operator_audit_v1/runs/global_expert/ele-fashion/seed44,relation_operator_audit,c53ca3250c67a180c04d33189263355e06685fe5,/hdd1/DataInHere/YHF/MoPF/outputs/relation_operator_audit_v1/runs/global_expert/ele-fashion/seed44,/hdd1/DataInHere/YHF/MoPF/outputs/relation_operator_audit_v1/checkpoints/global_expert/ele-fashion/seed44.pt,/hdd1/DataInHere/YHF/MoPF/outputs/relation_operator_audit_v1/runs/global_expert/ele-fashion/seed44/resolved_config.json,,,false,,2026-09-28T01:24:04+0800
formal/global_expert/ele-fashion/seed44,formal,global_expert,ele-fashion,44,cuda:0,complete,0,/home/m3/miniconda3/envs/yhf_env/bin/python -m src.main dataset=ele-fashion task=nc model=relation_operator_audit seed=44 num_runs=1 device=cuda:0 model.operator_variant=global_expert model.hidden_dim=256 model.max_order=3 model.edge_chunk_size=65536 task.protocol_version=unified_full_graph_nc_v1 task.training_mode=full_graph task.optimizer=adamw task.lr=1e-3 task.weight_decay=1e-4 task.epochs=300 task.patience=30 task.early_stop_min_epoch=30 task.early_stop_min_delta=1e-4 task.grad_clip=1.0 task.eval_every=1 task.inference_mode=full task.evaluate_test=false task.save_ckpt_path=/hdd1/DataInHere/YHF/MoPF/outputs/relation_operator_audit_v1/checkpoints/global_expert/ele-fashion/seed44.pt hydra.run.dir=/hdd1/DataInHere/YHF/MoPF/outputs/relation_operator_audit_v1/runs/global_expert/ele-fashion/seed44,relation_operator_audit,c53ca3250c67a180c04d33189263355e06685fe5,/hdd1/DataInHere/YHF/MoPF/outputs/relation_operator_audit_v1/runs/global_expert/ele-fashion/seed44,/hdd1/DataInHere/YHF/MoPF/outputs/relation_operator_audit_v1/checkpoints/global_expert/ele-fashion/seed44.pt,/hdd1/DataInHere/YHF/MoPF/outputs/relation_operator_audit_v1/runs/global_expert/ele-fashion/seed44/resolved_config.json,376.54831509804353,4073.18212890625,false,,2026-09-28T01:30:31+0800
formal/global_expert/Reddit-S/seed42,formal,global_expert,Reddit-S,42,cuda:0,running,,/home/m3/miniconda3/envs/yhf_env/bin/python -m src.main dataset=Reddit-S task=nc model=relation_operator_audit seed=42 num_runs=1 device=cuda:0 model.operator_variant=global_expert model.hidden_dim=256 model.max_order=3 model.edge_chunk_size=65536 task.protocol_version=unified_full_graph_nc_v1 task.training_mode=full_graph task.optimizer=adamw task.lr=1e-3 task.weight_decay=1e-4 task.epochs=300 task.patience=30 task.early_stop_min_epoch=30 task.early_stop_min_delta=1e-4 task.grad_clip=1.0 task.eval_every=1 task.inference_mode=full task.evaluate_test=false task.save_ckpt_path=/hdd1/DataInHere/YHF/MoPF/outputs/relation_operator_audit_v1/checkpoints/global_expert/Reddit-S/seed42.pt hydra.run.dir=/hdd1/DataInHere/YHF/MoPF/outputs/relation_operator_audit_v1/runs/global_expert/Reddit-S/seed42,relation_operator_audit,c53ca3250c67a180c04d33189263355e06685fe5,/hdd1/DataInHere/YHF/MoPF/outputs/relation_operator_audit_v1/runs/global_expert/Reddit-S/seed42,/hdd1/DataInHere/YHF/MoPF/outputs/relation_operator_audit_v1/checkpoints/global_expert/Reddit-S/seed42.pt,/hdd1/DataInHere/YHF/MoPF/outputs/relation_operator_audit_v1/runs/global_expert/Reddit-S/seed42/resolved_config.json,,,false,,2026-09-28T01:30:31+0800
formal/global_expert/Reddit-S/seed42,formal,global_expert,Reddit-S,42,cuda:0,complete,0,/home/m3/miniconda3/envs/yhf_env/bin/python -m src.main dataset=Reddit-S task=nc model=relation_operator_audit seed=42 num_runs=1 device=cuda:0 model.operator_variant=global_expert model.hidden_dim=256 model.max_order=3 model.edge_chunk_size=65536 task.protocol_version=unified_full_graph_nc_v1 task.training_mode=full_graph task.optimizer=adamw task.lr=1e-3 task.weight_decay=1e-4 task.epochs=300 task.patience=30 task.early_stop_min_epoch=30 task.early_stop_min_delta=1e-4 task.grad_clip=1.0 task.eval_every=1 task.inference_mode=full task.evaluate_test=false task.save_ckpt_path=/hdd1/DataInHere/YHF/MoPF/outputs/relation_operator_audit_v1/checkpoints/global_expert/Reddit-S/seed42.pt hydra.run.dir=/hdd1/DataInHere/YHF/MoPF/outputs/relation_operator_audit_v1/runs/global_expert/Reddit-S/seed42,relation_operator_audit,c53ca3250c67a180c04d33189263355e06685fe5,/hdd1/DataInHere/YHF/MoPF/outputs/relation_operator_audit_v1/runs/global_expert/Reddit-S/seed42,/hdd1/DataInHere/YHF/MoPF/outputs/relation_operator_audit_v1/checkpoints/global_expert/Reddit-S/seed42.pt,/hdd1/DataInHere/YHF/MoPF/outputs/relation_operator_audit_v1/runs/global_expert/Reddit-S/seed42/resolved_config.json,91.70917029003613,1608.9638671875,false,,2026-09-28T01:32:15+0800
formal/global_expert/Reddit-S/seed43,formal,global_expert,Reddit-S,43,cuda:0,running,,/home/m3/miniconda3/envs/yhf_env/bin/python -m src.main dataset=Reddit-S task=nc model=relation_operator_audit seed=43 num_runs=1 device=cuda:0 model.operator_variant=global_expert model.hidden_dim=256 model.max_order=3 model.edge_chunk_size=65536 task.protocol_version=unified_full_graph_nc_v1 task.training_mode=full_graph task.optimizer=adamw task.lr=1e-3 task.weight_decay=1e-4 task.epochs=300 task.patience=30 task.early_stop_min_epoch=30 task.early_stop_min_delta=1e-4 task.grad_clip=1.0 task.eval_every=1 task.inference_mode=full task.evaluate_test=false task.save_ckpt_path=/hdd1/DataInHere/YHF/MoPF/outputs/relation_operator_audit_v1/checkpoints/global_expert/Reddit-S/seed43.pt hydra.run.dir=/hdd1/DataInHere/YHF/MoPF/outputs/relation_operator_audit_v1/runs/global_expert/Reddit-S/seed43,relation_operator_audit,c53ca3250c67a180c04d33189263355e06685fe5,/hdd1/DataInHere/YHF/MoPF/outputs/relation_operator_audit_v1/runs/global_expert/Reddit-S/seed43,/hdd1/DataInHere/YHF/MoPF/outputs/relation_operator_audit_v1/checkpoints/global_expert/Reddit-S/seed43.pt,/hdd1/DataInHere/YHF/MoPF/outputs/relation_operator_audit_v1/runs/global_expert/Reddit-S/seed43/resolved_config.json,,,false,,2026-09-28T01:32:15+0800
formal/global_expert/Reddit-S/seed43,formal,global_expert,Reddit-S,43,cuda:0,complete,0,/home/m3/miniconda3/envs/yhf_env/bin/python -m src.main dataset=Reddit-S task=nc model=relation_operator_audit seed=43 num_runs=1 device=cuda:0 model.operator_variant=global_expert model.hidden_dim=256 model.max_order=3 model.edge_chunk_size=65536 task.protocol_version=unified_full_graph_nc_v1 task.training_mode=full_graph task.optimizer=adamw task.lr=1e-3 task.weight_decay=1e-4 task.epochs=300 task.patience=30 task.early_stop_min_epoch=30 task.early_stop_min_delta=1e-4 task.grad_clip=1.0 task.eval_every=1 task.inference_mode=full task.evaluate_test=false task.save_ckpt_path=/hdd1/DataInHere/YHF/MoPF/outputs/relation_operator_audit_v1/checkpoints/global_expert/Reddit-S/seed43.pt hydra.run.dir=/hdd1/DataInHere/YHF/MoPF/outputs/relation_operator_audit_v1/runs/global_expert/Reddit-S/seed43,relation_operator_audit,c53ca3250c67a180c04d33189263355e06685fe5,/hdd1/DataInHere/YHF/MoPF/outputs/relation_operator_audit_v1/runs/global_expert/Reddit-S/seed43,/hdd1/DataInHere/YHF/MoPF/outputs/relation_operator_audit_v1/checkpoints/global_expert/Reddit-S/seed43.pt,/hdd1/DataInHere/YHF/MoPF/outputs/relation_operator_audit_v1/runs/global_expert/Reddit-S/seed43/resolved_config.json,151.0466509431135,1608.9638671875,false,,2026-09-28T01:34:59+0800
formal/global_expert/Reddit-S/seed44,formal,global_expert,Reddit-S,44,cuda:0,running,,/home/m3/miniconda3/envs/yhf_env/bin/python -m src.main dataset=Reddit-S task=nc model=relation_operator_audit seed=44 num_runs=1 device=cuda:0 model.operator_variant=global_expert model.hidden_dim=256 model.max_order=3 model.edge_chunk_size=65536 task.protocol_version=unified_full_graph_nc_v1 task.training_mode=full_graph task.optimizer=adamw task.lr=1e-3 task.weight_decay=1e-4 task.epochs=300 task.patience=30 task.early_stop_min_epoch=30 task.early_stop_min_delta=1e-4 task.grad_clip=1.0 task.eval_every=1 task.inference_mode=full task.evaluate_test=false task.save_ckpt_path=/hdd1/DataInHere/YHF/MoPF/outputs/relation_operator_audit_v1/checkpoints/global_expert/Reddit-S/seed44.pt hydra.run.dir=/hdd1/DataInHere/YHF/MoPF/outputs/relation_operator_audit_v1/runs/global_expert/Reddit-S/seed44,relation_operator_audit,c53ca3250c67a180c04d33189263355e06685fe5,/hdd1/DataInHere/YHF/MoPF/outputs/relation_operator_audit_v1/runs/global_expert/Reddit-S/seed44,/hdd1/DataInHere/YHF/MoPF/outputs/relation_operator_audit_v1/checkpoints/global_expert/Reddit-S/seed44.pt,/hdd1/DataInHere/YHF/MoPF/outputs/relation_operator_audit_v1/runs/global_expert/Reddit-S/seed44/resolved_config.json,,,false,,2026-09-28T01:34:59+0800
formal/global_expert/Reddit-S/seed44,formal,global_expert,Reddit-S,44,cuda:0,complete,0,/home/m3/miniconda3/envs/yhf_env/bin/python -m src.main dataset=Reddit-S task=nc model=relation_operator_audit seed=44 num_runs=1 device=cuda:0 model.operator_variant=global_expert model.hidden_dim=256 model.max_order=3 model.edge_chunk_size=65536 task.protocol_version=unified_full_graph_nc_v1 task.training_mode=full_graph task.optimizer=adamw task.lr=1e-3 task.weight_decay=1e-4 task.epochs=300 task.patience=30 task.early_stop_min_epoch=30 task.early_stop_min_delta=1e-4 task.grad_clip=1.0 task.eval_every=1 task.inference_mode=full task.evaluate_test=false task.save_ckpt_path=/hdd1/DataInHere/YHF/MoPF/outputs/relation_operator_audit_v1/checkpoints/global_expert/Reddit-S/seed44.pt hydra.run.dir=/hdd1/DataInHere/YHF/MoPF/outputs/relation_operator_audit_v1/runs/global_expert/Reddit-S/seed44,relation_operator_audit,c53ca3250c67a180c04d33189263355e06685fe5,/hdd1/DataInHere/YHF/MoPF/outputs/relation_operator_audit_v1/runs/global_expert/Reddit-S/seed44,/hdd1/DataInHere/YHF/MoPF/outputs/relation_operator_audit_v1/checkpoints/global_expert/Reddit-S/seed44.pt,/hdd1/DataInHere/YHF/MoPF/outputs/relation_operator_audit_v1/runs/global_expert/Reddit-S/seed44/resolved_config.json,87.08072117692791,1608.9638671875,false,,2026-09-28T01:36:42+0800
formal/relation_expert/Movies/seed42,formal,relation_expert,Movies,42,cuda:0,running,,/home/m3/miniconda3/envs/yhf_env/bin/python -m src.main dataset=Movies task=nc model=relation_operator_audit seed=42 num_runs=1 device=cuda:0 model.operator_variant=relation_expert model.hidden_dim=256 model.max_order=3 model.edge_chunk_size=65536 task.protocol_version=unified_full_graph_nc_v1 task.training_mode=full_graph task.optimizer=adamw task.lr=1e-3 task.weight_decay=1e-4 task.epochs=300 task.patience=30 task.early_stop_min_epoch=30 task.early_stop_min_delta=1e-4 task.grad_clip=1.0 task.eval_every=1 task.inference_mode=full task.evaluate_test=false task.save_ckpt_path=/hdd1/DataInHere/YHF/MoPF/outputs/relation_operator_audit_v1/checkpoints/relation_expert/Movies/seed42.pt hydra.run.dir=/hdd1/DataInHere/YHF/MoPF/outputs/relation_operator_audit_v1/runs/relation_expert/Movies/seed42,relation_operator_audit,c53ca3250c67a180c04d33189263355e06685fe5,/hdd1/DataInHere/YHF/MoPF/outputs/relation_operator_audit_v1/runs/relation_expert/Movies/seed42,/hdd1/DataInHere/YHF/MoPF/outputs/relation_operator_audit_v1/checkpoints/relation_expert/Movies/seed42.pt,/hdd1/DataInHere/YHF/MoPF/outputs/relation_operator_audit_v1/runs/relation_expert/Movies/seed42/resolved_config.json,,,false,,2026-09-28T01:36:42+0800
formal/relation_expert/Movies/seed42,formal,relation_expert,Movies,42,cuda:0,complete,0,/home/m3/miniconda3/envs/yhf_env/bin/python -m src.main dataset=Movies task=nc model=relation_operator_audit seed=42 num_runs=1 device=cuda:0 model.operator_variant=relation_expert model.hidden_dim=256 model.max_order=3 model.edge_chunk_size=65536 task.protocol_version=unified_full_graph_nc_v1 task.training_mode=full_graph task.optimizer=adamw task.lr=1e-3 task.weight_decay=1e-4 task.epochs=300 task.patience=30 task.early_stop_min_epoch=30 task.early_stop_min_delta=1e-4 task.grad_clip=1.0 task.eval_every=1 task.inference_mode=full task.evaluate_test=false task.save_ckpt_path=/hdd1/DataInHere/YHF/MoPF/outputs/relation_operator_audit_v1/checkpoints/relation_expert/Movies/seed42.pt hydra.run.dir=/hdd1/DataInHere/YHF/MoPF/outputs/relation_operator_audit_v1/runs/relation_expert/Movies/seed42,relation_operator_audit,c53ca3250c67a180c04d33189263355e06685fe5,/hdd1/DataInHere/YHF/MoPF/outputs/relation_operator_audit_v1/runs/relation_expert/Movies/seed42,/hdd1/DataInHere/YHF/MoPF/outputs/relation_operator_audit_v1/checkpoints/relation_expert/Movies/seed42.pt,/hdd1/DataInHere/YHF/MoPF/outputs/relation_operator_audit_v1/runs/relation_expert/Movies/seed42/resolved_config.json,91.92006955505349,1620.95654296875,false,,2026-09-28T01:38:30+0800
formal/relation_expert/Movies/seed43,formal,relation_expert,Movies,43,cuda:0,running,,/home/m3/miniconda3/envs/yhf_env/bin/python -m src.main dataset=Movies task=nc model=relation_operator_audit seed=43 num_runs=1 device=cuda:0 model.operator_variant=relation_expert model.hidden_dim=256 model.max_order=3 model.edge_chunk_size=65536 task.protocol_version=unified_full_graph_nc_v1 task.training_mode=full_graph task.optimizer=adamw task.lr=1e-3 task.weight_decay=1e-4 task.epochs=300 task.patience=30 task.early_stop_min_epoch=30 task.early_stop_min_delta=1e-4 task.grad_clip=1.0 task.eval_every=1 task.inference_mode=full task.evaluate_test=false task.save_ckpt_path=/hdd1/DataInHere/YHF/MoPF/outputs/relation_operator_audit_v1/checkpoints/relation_expert/Movies/seed43.pt hydra.run.dir=/hdd1/DataInHere/YHF/MoPF/outputs/relation_operator_audit_v1/runs/relation_expert/Movies/seed43,relation_operator_audit,c53ca3250c67a180c04d33189263355e06685fe5,/hdd1/DataInHere/YHF/MoPF/outputs/relation_operator_audit_v1/runs/relation_expert/Movies/seed43,/hdd1/DataInHere/YHF/MoPF/outputs/relation_operator_audit_v1/checkpoints/relation_expert/Movies/seed43.pt,/hdd1/DataInHere/YHF/MoPF/outputs/relation_operator_audit_v1/runs/relation_expert/Movies/seed43/resolved_config.json,,,false,,2026-09-28T01:38:30+0800
formal/relation_expert/Movies/seed43,formal,relation_expert,Movies,43,cuda:0,complete,0,/home/m3/miniconda3/envs/yhf_env/bin/python -m src.main dataset=Movies task=nc model=relation_operator_audit seed=43 num_runs=1 device=cuda:0 model.operator_variant=relation_expert model.hidden_dim=256 model.max_order=3 model.edge_chunk_size=65536 task.protocol_version=unified_full_graph_nc_v1 task.training_mode=full_graph task.optimizer=adamw task.lr=1e-3 task.weight_decay=1e-4 task.epochs=300 task.patience=30 task.early_stop_min_epoch=30 task.early_stop_min_delta=1e-4 task.grad_clip=1.0 task.eval_every=1 task.inference_mode=full task.evaluate_test=false task.save_ckpt_path=/hdd1/DataInHere/YHF/MoPF/outputs/relation_operator_audit_v1/checkpoints/relation_expert/Movies/seed43.pt hydra.run.dir=/hdd1/DataInHere/YHF/MoPF/outputs/relation_operator_audit_v1/runs/relation_expert/Movies/seed43,relation_operator_audit,c53ca3250c67a180c04d33189263355e06685fe5,/hdd1/DataInHere/YHF/MoPF/outputs/relation_operator_audit_v1/runs/relation_expert/Movies/seed43,/hdd1/DataInHere/YHF/MoPF/outputs/relation_operator_audit_v1/checkpoints/relation_expert/Movies/seed43.pt,/hdd1/DataInHere/YHF/MoPF/outputs/relation_operator_audit_v1/runs/relation_expert/Movies/seed43/resolved_config.json,92.96032235515304,1620.95654296875,false,,2026-09-28T01:40:18+0800
formal/relation_expert/Movies/seed44,formal,relation_expert,Movies,44,cuda:0,running,,/home/m3/miniconda3/envs/yhf_env/bin/python -m src.main dataset=Movies task=nc model=relation_operator_audit seed=44 num_runs=1 device=cuda:0 model.operator_variant=relation_expert model.hidden_dim=256 model.max_order=3 model.edge_chunk_size=65536 task.protocol_version=unified_full_graph_nc_v1 task.training_mode=full_graph task.optimizer=adamw task.lr=1e-3 task.weight_decay=1e-4 task.epochs=300 task.patience=30 task.early_stop_min_epoch=30 task.early_stop_min_delta=1e-4 task.grad_clip=1.0 task.eval_every=1 task.inference_mode=full task.evaluate_test=false task.save_ckpt_path=/hdd1/DataInHere/YHF/MoPF/outputs/relation_operator_audit_v1/checkpoints/relation_expert/Movies/seed44.pt hydra.run.dir=/hdd1/DataInHere/YHF/MoPF/outputs/relation_operator_audit_v1/runs/relation_expert/Movies/seed44,relation_operator_audit,c53ca3250c67a180c04d33189263355e06685fe5,/hdd1/DataInHere/YHF/MoPF/outputs/relation_operator_audit_v1/runs/relation_expert/Movies/seed44,/hdd1/DataInHere/YHF/MoPF/outputs/relation_operator_audit_v1/checkpoints/relation_expert/Movies/seed44.pt,/hdd1/DataInHere/YHF/MoPF/outputs/relation_operator_audit_v1/runs/relation_expert/Movies/seed44/resolved_config.json,,,false,,2026-09-28T01:40:18+0800
formal/relation_expert/Movies/seed44,formal,relation_expert,Movies,44,cuda:0,complete,0,/home/m3/miniconda3/envs/yhf_env/bin/python -m src.main dataset=Movies task=nc model=relation_operator_audit seed=44 num_runs=1 device=cuda:0 model.operator_variant=relation_expert model.hidden_dim=256 model.max_order=3 model.edge_chunk_size=65536 task.protocol_version=unified_full_graph_nc_v1 task.training_mode=full_graph task.optimizer=adamw task.lr=1e-3 task.weight_decay=1e-4 task.epochs=300 task.patience=30 task.early_stop_min_epoch=30 task.early_stop_min_delta=1e-4 task.grad_clip=1.0 task.eval_every=1 task.inference_mode=full task.evaluate_test=false task.save_ckpt_path=/hdd1/DataInHere/YHF/MoPF/outputs/relation_operator_audit_v1/checkpoints/relation_expert/Movies/seed44.pt hydra.run.dir=/hdd1/DataInHere/YHF/MoPF/outputs/relation_operator_audit_v1/runs/relation_expert/Movies/seed44,relation_operator_audit,c53ca3250c67a180c04d33189263355e06685fe5,/hdd1/DataInHere/YHF/MoPF/outputs/relation_operator_audit_v1/runs/relation_expert/Movies/seed44,/hdd1/DataInHere/YHF/MoPF/outputs/relation_operator_audit_v1/checkpoints/relation_expert/Movies/seed44.pt,/hdd1/DataInHere/YHF/MoPF/outputs/relation_operator_audit_v1/runs/relation_expert/Movies/seed44/resolved_config.json,104.33000615308993,1620.95654296875,false,,2026-09-28T01:42:15+0800
formal/relation_expert/Toys/seed42,formal,relation_expert,Toys,42,cuda:0,running,,/home/m3/miniconda3/envs/yhf_env/bin/python -m src.main dataset=Toys task=nc model=relation_operator_audit seed=42 num_runs=1 device=cuda:0 model.operator_variant=relation_expert model.hidden_dim=256 model.max_order=3 model.edge_chunk_size=65536 task.protocol_version=unified_full_graph_nc_v1 task.training_mode=full_graph task.optimizer=adamw task.lr=1e-3 task.weight_decay=1e-4 task.epochs=300 task.patience=30 task.early_stop_min_epoch=30 task.early_stop_min_delta=1e-4 task.grad_clip=1.0 task.eval_every=1 task.inference_mode=full task.evaluate_test=false task.save_ckpt_path=/hdd1/DataInHere/YHF/MoPF/outputs/relation_operator_audit_v1/checkpoints/relation_expert/Toys/seed42.pt hydra.run.dir=/hdd1/DataInHere/YHF/MoPF/outputs/relation_operator_audit_v1/runs/relation_expert/Toys/seed42,relation_operator_audit,c53ca3250c67a180c04d33189263355e06685fe5,/hdd1/DataInHere/YHF/MoPF/outputs/relation_operator_audit_v1/runs/relation_expert/Toys/seed42,/hdd1/DataInHere/YHF/MoPF/outputs/relation_operator_audit_v1/checkpoints/relation_expert/Toys/seed42.pt,/hdd1/DataInHere/YHF/MoPF/outputs/relation_operator_audit_v1/runs/relation_expert/Toys/seed42/resolved_config.json,,,false,,2026-09-28T01:42:15+0800
formal/relation_expert/Toys/seed42,formal,relation_expert,Toys,42,cuda:0,complete,0,/home/m3/miniconda3/envs/yhf_env/bin/python -m src.main dataset=Toys task=nc model=relation_operator_audit seed=42 num_runs=1 device=cuda:0 model.operator_variant=relation_expert model.hidden_dim=256 model.max_order=3 model.edge_chunk_size=65536 task.protocol_version=unified_full_graph_nc_v1 task.training_mode=full_graph task.optimizer=adamw task.lr=1e-3 task.weight_decay=1e-4 task.epochs=300 task.patience=30 task.early_stop_min_epoch=30 task.early_stop_min_delta=1e-4 task.grad_clip=1.0 task.eval_every=1 task.inference_mode=full task.evaluate_test=false task.save_ckpt_path=/hdd1/DataInHere/YHF/MoPF/outputs/relation_operator_audit_v1/checkpoints/relation_expert/Toys/seed42.pt hydra.run.dir=/hdd1/DataInHere/YHF/MoPF/outputs/relation_operator_audit_v1/runs/relation_expert/Toys/seed42,relation_operator_audit,c53ca3250c67a180c04d33189263355e06685fe5,/hdd1/DataInHere/YHF/MoPF/outputs/relation_operator_audit_v1/runs/relation_expert/Toys/seed42,/hdd1/DataInHere/YHF/MoPF/outputs/relation_operator_audit_v1/checkpoints/relation_expert/Toys/seed42.pt,/hdd1/DataInHere/YHF/MoPF/outputs/relation_operator_audit_v1/runs/relation_expert/Toys/seed42/resolved_config.json,80.62040540087037,1740.76611328125,false,,2026-09-28T01:43:51+0800
formal/relation_expert/Toys/seed43,formal,relation_expert,Toys,43,cuda:0,running,,/home/m3/miniconda3/envs/yhf_env/bin/python -m src.main dataset=Toys task=nc model=relation_operator_audit seed=43 num_runs=1 device=cuda:0 model.operator_variant=relation_expert model.hidden_dim=256 model.max_order=3 model.edge_chunk_size=65536 task.protocol_version=unified_full_graph_nc_v1 task.training_mode=full_graph task.optimizer=adamw task.lr=1e-3 task.weight_decay=1e-4 task.epochs=300 task.patience=30 task.early_stop_min_epoch=30 task.early_stop_min_delta=1e-4 task.grad_clip=1.0 task.eval_every=1 task.inference_mode=full task.evaluate_test=false task.save_ckpt_path=/hdd1/DataInHere/YHF/MoPF/outputs/relation_operator_audit_v1/checkpoints/relation_expert/Toys/seed43.pt hydra.run.dir=/hdd1/DataInHere/YHF/MoPF/outputs/relation_operator_audit_v1/runs/relation_expert/Toys/seed43,relation_operator_audit,c53ca3250c67a180c04d33189263355e06685fe5,/hdd1/DataInHere/YHF/MoPF/outputs/relation_operator_audit_v1/runs/relation_expert/Toys/seed43,/hdd1/DataInHere/YHF/MoPF/outputs/relation_operator_audit_v1/checkpoints/relation_expert/Toys/seed43.pt,/hdd1/DataInHere/YHF/MoPF/outputs/relation_operator_audit_v1/runs/relation_expert/Toys/seed43/resolved_config.json,,,false,,2026-09-28T01:43:51+0800
formal/relation_expert/Toys/seed43,formal,relation_expert,Toys,43,cuda:0,complete,0,/home/m3/miniconda3/envs/yhf_env/bin/python -m src.main dataset=Toys task=nc model=relation_operator_audit seed=43 num_runs=1 device=cuda:0 model.operator_variant=relation_expert model.hidden_dim=256 model.max_order=3 model.edge_chunk_size=65536 task.protocol_version=unified_full_graph_nc_v1 task.training_mode=full_graph task.optimizer=adamw task.lr=1e-3 task.weight_decay=1e-4 task.epochs=300 task.patience=30 task.early_stop_min_epoch=30 task.early_stop_min_delta=1e-4 task.grad_clip=1.0 task.eval_every=1 task.inference_mode=full task.evaluate_test=false task.save_ckpt_path=/hdd1/DataInHere/YHF/MoPF/outputs/relation_operator_audit_v1/checkpoints/relation_expert/Toys/seed43.pt hydra.run.dir=/hdd1/DataInHere/YHF/MoPF/outputs/relation_operator_audit_v1/runs/relation_expert/Toys/seed43,relation_operator_audit,c53ca3250c67a180c04d33189263355e06685fe5,/hdd1/DataInHere/YHF/MoPF/outputs/relation_operator_audit_v1/runs/relation_expert/Toys/seed43,/hdd1/DataInHere/YHF/MoPF/outputs/relation_operator_audit_v1/checkpoints/relation_expert/Toys/seed43.pt,/hdd1/DataInHere/YHF/MoPF/outputs/relation_operator_audit_v1/runs/relation_expert/Toys/seed43/resolved_config.json,69.31612587394193,1740.76611328125,false,,2026-09-28T01:45:17+0800
formal/relation_expert/Toys/seed44,formal,relation_expert,Toys,44,cuda:0,running,,/home/m3/miniconda3/envs/yhf_env/bin/python -m src.main dataset=Toys task=nc model=relation_operator_audit seed=44 num_runs=1 device=cuda:0 model.operator_variant=relation_expert model.hidden_dim=256 model.max_order=3 model.edge_chunk_size=65536 task.protocol_version=unified_full_graph_nc_v1 task.training_mode=full_graph task.optimizer=adamw task.lr=1e-3 task.weight_decay=1e-4 task.epochs=300 task.patience=30 task.early_stop_min_epoch=30 task.early_stop_min_delta=1e-4 task.grad_clip=1.0 task.eval_every=1 task.inference_mode=full task.evaluate_test=false task.save_ckpt_path=/hdd1/DataInHere/YHF/MoPF/outputs/relation_operator_audit_v1/checkpoints/relation_expert/Toys/seed44.pt hydra.run.dir=/hdd1/DataInHere/YHF/MoPF/outputs/relation_operator_audit_v1/runs/relation_expert/Toys/seed44,relation_operator_audit,c53ca3250c67a180c04d33189263355e06685fe5,/hdd1/DataInHere/YHF/MoPF/outputs/relation_operator_audit_v1/runs/relation_expert/Toys/seed44,/hdd1/DataInHere/YHF/MoPF/outputs/relation_operator_audit_v1/checkpoints/relation_expert/Toys/seed44.pt,/hdd1/DataInHere/YHF/MoPF/outputs/relation_operator_audit_v1/runs/relation_expert/Toys/seed44/resolved_config.json,,,false,,2026-09-28T01:45:17+0800
formal/relation_expert/Toys/seed44,formal,relation_expert,Toys,44,cuda:0,complete,0,/home/m3/miniconda3/envs/yhf_env/bin/python -m src.main dataset=Toys task=nc model=relation_operator_audit seed=44 num_runs=1 device=cuda:0 model.operator_variant=relation_expert model.hidden_dim=256 model.max_order=3 model.edge_chunk_size=65536 task.protocol_version=unified_full_graph_nc_v1 task.training_mode=full_graph task.optimizer=adamw task.lr=1e-3 task.weight_decay=1e-4 task.epochs=300 task.patience=30 task.early_stop_min_epoch=30 task.early_stop_min_delta=1e-4 task.grad_clip=1.0 task.eval_every=1 task.inference_mode=full task.evaluate_test=false task.save_ckpt_path=/hdd1/DataInHere/YHF/MoPF/outputs/relation_operator_audit_v1/checkpoints/relation_expert/Toys/seed44.pt hydra.run.dir=/hdd1/DataInHere/YHF/MoPF/outputs/relation_operator_audit_v1/runs/relation_expert/Toys/seed44,relation_operator_audit,c53ca3250c67a180c04d33189263355e06685fe5,/hdd1/DataInHere/YHF/MoPF/outputs/relation_operator_audit_v1/runs/relation_expert/Toys/seed44,/hdd1/DataInHere/YHF/MoPF/outputs/relation_operator_audit_v1/checkpoints/relation_expert/Toys/seed44.pt,/hdd1/DataInHere/YHF/MoPF/outputs/relation_operator_audit_v1/runs/relation_expert/Toys/seed44/resolved_config.json,68.96480591106229,1740.76611328125,false,,2026-09-28T01:46:42+0800
formal/relation_expert/Grocery/seed42,formal,relation_expert,Grocery,42,cuda:0,running,,/home/m3/miniconda3/envs/yhf_env/bin/python -m src.main dataset=Grocery task=nc model=relation_operator_audit seed=42 num_runs=1 device=cuda:0 model.operator_variant=relation_expert model.hidden_dim=256 model.max_order=3 model.edge_chunk_size=65536 task.protocol_version=unified_full_graph_nc_v1 task.training_mode=full_graph task.optimizer=adamw task.lr=1e-3 task.weight_decay=1e-4 task.epochs=300 task.patience=30 task.early_stop_min_epoch=30 task.early_stop_min_delta=1e-4 task.grad_clip=1.0 task.eval_every=1 task.inference_mode=full task.evaluate_test=false task.save_ckpt_path=/hdd1/DataInHere/YHF/MoPF/outputs/relation_operator_audit_v1/checkpoints/relation_expert/Grocery/seed42.pt hydra.run.dir=/hdd1/DataInHere/YHF/MoPF/outputs/relation_operator_audit_v1/runs/relation_expert/Grocery/seed42,relation_operator_audit,c53ca3250c67a180c04d33189263355e06685fe5,/hdd1/DataInHere/YHF/MoPF/outputs/relation_operator_audit_v1/runs/relation_expert/Grocery/seed42,/hdd1/DataInHere/YHF/MoPF/outputs/relation_operator_audit_v1/checkpoints/relation_expert/Grocery/seed42.pt,/hdd1/DataInHere/YHF/MoPF/outputs/relation_operator_audit_v1/runs/relation_expert/Grocery/seed42/resolved_config.json,,,false,,2026-09-28T01:46:42+0800
formal/relation_expert/Grocery/seed42,formal,relation_expert,Grocery,42,cuda:0,complete,0,/home/m3/miniconda3/envs/yhf_env/bin/python -m src.main dataset=Grocery task=nc model=relation_operator_audit seed=42 num_runs=1 device=cuda:0 model.operator_variant=relation_expert model.hidden_dim=256 model.max_order=3 model.edge_chunk_size=65536 task.protocol_version=unified_full_graph_nc_v1 task.training_mode=full_graph task.optimizer=adamw task.lr=1e-3 task.weight_decay=1e-4 task.epochs=300 task.patience=30 task.early_stop_min_epoch=30 task.early_stop_min_delta=1e-4 task.grad_clip=1.0 task.eval_every=1 task.inference_mode=full task.evaluate_test=false task.save_ckpt_path=/hdd1/DataInHere/YHF/MoPF/outputs/relation_operator_audit_v1/checkpoints/relation_expert/Grocery/seed42.pt hydra.run.dir=/hdd1/DataInHere/YHF/MoPF/outputs/relation_operator_audit_v1/runs/relation_expert/Grocery/seed42,relation_operator_audit,c53ca3250c67a180c04d33189263355e06685fe5,/hdd1/DataInHere/YHF/MoPF/outputs/relation_operator_audit_v1/runs/relation_expert/Grocery/seed42,/hdd1/DataInHere/YHF/MoPF/outputs/relation_operator_audit_v1/checkpoints/relation_expert/Grocery/seed42.pt,/hdd1/DataInHere/YHF/MoPF/outputs/relation_operator_audit_v1/runs/relation_expert/Grocery/seed42/resolved_config.json,106.17181127495132,1631.62109375,false,,2026-09-28T01:48:40+0800
formal/relation_expert/Grocery/seed43,formal,relation_expert,Grocery,43,cuda:0,running,,/home/m3/miniconda3/envs/yhf_env/bin/python -m src.main dataset=Grocery task=nc model=relation_operator_audit seed=43 num_runs=1 device=cuda:0 model.operator_variant=relation_expert model.hidden_dim=256 model.max_order=3 model.edge_chunk_size=65536 task.protocol_version=unified_full_graph_nc_v1 task.training_mode=full_graph task.optimizer=adamw task.lr=1e-3 task.weight_decay=1e-4 task.epochs=300 task.patience=30 task.early_stop_min_epoch=30 task.early_stop_min_delta=1e-4 task.grad_clip=1.0 task.eval_every=1 task.inference_mode=full task.evaluate_test=false task.save_ckpt_path=/hdd1/DataInHere/YHF/MoPF/outputs/relation_operator_audit_v1/checkpoints/relation_expert/Grocery/seed43.pt hydra.run.dir=/hdd1/DataInHere/YHF/MoPF/outputs/relation_operator_audit_v1/runs/relation_expert/Grocery/seed43,relation_operator_audit,c53ca3250c67a180c04d33189263355e06685fe5,/hdd1/DataInHere/YHF/MoPF/outputs/relation_operator_audit_v1/runs/relation_expert/Grocery/seed43,/hdd1/DataInHere/YHF/MoPF/outputs/relation_operator_audit_v1/checkpoints/relation_expert/Grocery/seed43.pt,/hdd1/DataInHere/YHF/MoPF/outputs/relation_operator_audit_v1/runs/relation_expert/Grocery/seed43/resolved_config.json,,,false,,2026-09-28T01:48:40+0800
formal/relation_expert/Grocery/seed43,formal,relation_expert,Grocery,43,cuda:0,complete,0,/home/m3/miniconda3/envs/yhf_env/bin/python -m src.main dataset=Grocery task=nc model=relation_operator_audit seed=43 num_runs=1 device=cuda:0 model.operator_variant=relation_expert model.hidden_dim=256 model.max_order=3 model.edge_chunk_size=65536 task.protocol_version=unified_full_graph_nc_v1 task.training_mode=full_graph task.optimizer=adamw task.lr=1e-3 task.weight_decay=1e-4 task.epochs=300 task.patience=30 task.early_stop_min_epoch=30 task.early_stop_min_delta=1e-4 task.grad_clip=1.0 task.eval_every=1 task.inference_mode=full task.evaluate_test=false task.save_ckpt_path=/hdd1/DataInHere/YHF/MoPF/outputs/relation_operator_audit_v1/checkpoints/relation_expert/Grocery/seed43.pt hydra.run.dir=/hdd1/DataInHere/YHF/MoPF/outputs/relation_operator_audit_v1/runs/relation_expert/Grocery/seed43,relation_operator_audit,c53ca3250c67a180c04d33189263355e06685fe5,/hdd1/DataInHere/YHF/MoPF/outputs/relation_operator_audit_v1/runs/relation_expert/Grocery/seed43,/hdd1/DataInHere/YHF/MoPF/outputs/relation_operator_audit_v1/checkpoints/relation_expert/Grocery/seed43.pt,/hdd1/DataInHere/YHF/MoPF/outputs/relation_operator_audit_v1/runs/relation_expert/Grocery/seed43/resolved_config.json,86.31766854715534,1631.62109375,false,,2026-09-28T01:50:18+0800
formal/relation_expert/Grocery/seed44,formal,relation_expert,Grocery,44,cuda:0,running,,/home/m3/miniconda3/envs/yhf_env/bin/python -m src.main dataset=Grocery task=nc model=relation_operator_audit seed=44 num_runs=1 device=cuda:0 model.operator_variant=relation_expert model.hidden_dim=256 model.max_order=3 model.edge_chunk_size=65536 task.protocol_version=unified_full_graph_nc_v1 task.training_mode=full_graph task.optimizer=adamw task.lr=1e-3 task.weight_decay=1e-4 task.epochs=300 task.patience=30 task.early_stop_min_epoch=30 task.early_stop_min_delta=1e-4 task.grad_clip=1.0 task.eval_every=1 task.inference_mode=full task.evaluate_test=false task.save_ckpt_path=/hdd1/DataInHere/YHF/MoPF/outputs/relation_operator_audit_v1/checkpoints/relation_expert/Grocery/seed44.pt hydra.run.dir=/hdd1/DataInHere/YHF/MoPF/outputs/relation_operator_audit_v1/runs/relation_expert/Grocery/seed44,relation_operator_audit,c53ca3250c67a180c04d33189263355e06685fe5,/hdd1/DataInHere/YHF/MoPF/outputs/relation_operator_audit_v1/runs/relation_expert/Grocery/seed44,/hdd1/DataInHere/YHF/MoPF/outputs/relation_operator_audit_v1/checkpoints/relation_expert/Grocery/seed44.pt,/hdd1/DataInHere/YHF/MoPF/outputs/relation_operator_audit_v1/runs/relation_expert/Grocery/seed44/resolved_config.json,,,false,,2026-09-28T01:50:18+0800
formal/relation_expert/Grocery/seed44,formal,relation_expert,Grocery,44,cuda:0,complete,0,/home/m3/miniconda3/envs/yhf_env/bin/python -m src.main dataset=Grocery task=nc model=relation_operator_audit seed=44 num_runs=1 device=cuda:0 model.operator_variant=relation_expert model.hidden_dim=256 model.max_order=3 model.edge_chunk_size=65536 task.protocol_version=unified_full_graph_nc_v1 task.training_mode=full_graph task.optimizer=adamw task.lr=1e-3 task.weight_decay=1e-4 task.epochs=300 task.patience=30 task.early_stop_min_epoch=30 task.early_stop_min_delta=1e-4 task.grad_clip=1.0 task.eval_every=1 task.inference_mode=full task.evaluate_test=false task.save_ckpt_path=/hdd1/DataInHere/YHF/MoPF/outputs/relation_operator_audit_v1/checkpoints/relation_expert/Grocery/seed44.pt hydra.run.dir=/hdd1/DataInHere/YHF/MoPF/outputs/relation_operator_audit_v1/runs/relation_expert/Grocery/seed44,relation_operator_audit,c53ca3250c67a180c04d33189263355e06685fe5,/hdd1/DataInHere/YHF/MoPF/outputs/relation_operator_audit_v1/runs/relation_expert/Grocery/seed44,/hdd1/DataInHere/YHF/MoPF/outputs/relation_operator_audit_v1/checkpoints/relation_expert/Grocery/seed44.pt,/hdd1/DataInHere/YHF/MoPF/outputs/relation_operator_audit_v1/runs/relation_expert/Grocery/seed44/resolved_config.json,57.881539444904774,1631.62109375,false,,2026-09-28T01:51:27+0800
formal/relation_expert/ele-fashion/seed42,formal,relation_expert,ele-fashion,42,cuda:0,running,,/home/m3/miniconda3/envs/yhf_env/bin/python -m src.main dataset=ele-fashion task=nc model=relation_operator_audit seed=42 num_runs=1 device=cuda:0 model.operator_variant=relation_expert model.hidden_dim=256 model.max_order=3 model.edge_chunk_size=65536 task.protocol_version=unified_full_graph_nc_v1 task.training_mode=full_graph task.optimizer=adamw task.lr=1e-3 task.weight_decay=1e-4 task.epochs=300 task.patience=30 task.early_stop_min_epoch=30 task.early_stop_min_delta=1e-4 task.grad_clip=1.0 task.eval_every=1 task.inference_mode=full task.evaluate_test=false task.save_ckpt_path=/hdd1/DataInHere/YHF/MoPF/outputs/relation_operator_audit_v1/checkpoints/relation_expert/ele-fashion/seed42.pt hydra.run.dir=/hdd1/DataInHere/YHF/MoPF/outputs/relation_operator_audit_v1/runs/relation_expert/ele-fashion/seed42,relation_operator_audit,c53ca3250c67a180c04d33189263355e06685fe5,/hdd1/DataInHere/YHF/MoPF/outputs/relation_operator_audit_v1/runs/relation_expert/ele-fashion/seed42,/hdd1/DataInHere/YHF/MoPF/outputs/relation_operator_audit_v1/checkpoints/relation_expert/ele-fashion/seed42.pt,/hdd1/DataInHere/YHF/MoPF/outputs/relation_operator_audit_v1/runs/relation_expert/ele-fashion/seed42/resolved_config.json,,,false,,2026-09-28T01:51:27+0800
formal/relation_expert/ele-fashion/seed42,formal,relation_expert,ele-fashion,42,cuda:0,complete,0,/home/m3/miniconda3/envs/yhf_env/bin/python -m src.main dataset=ele-fashion task=nc model=relation_operator_audit seed=42 num_runs=1 device=cuda:0 model.operator_variant=relation_expert model.hidden_dim=256 model.max_order=3 model.edge_chunk_size=65536 task.protocol_version=unified_full_graph_nc_v1 task.training_mode=full_graph task.optimizer=adamw task.lr=1e-3 task.weight_decay=1e-4 task.epochs=300 task.patience=30 task.early_stop_min_epoch=30 task.early_stop_min_delta=1e-4 task.grad_clip=1.0 task.eval_every=1 task.inference_mode=full task.evaluate_test=false task.save_ckpt_path=/hdd1/DataInHere/YHF/MoPF/outputs/relation_operator_audit_v1/checkpoints/relation_expert/ele-fashion/seed42.pt hydra.run.dir=/hdd1/DataInHere/YHF/MoPF/outputs/relation_operator_audit_v1/runs/relation_expert/ele-fashion/seed42,relation_operator_audit,c53ca3250c67a180c04d33189263355e06685fe5,/hdd1/DataInHere/YHF/MoPF/outputs/relation_operator_audit_v1/runs/relation_expert/ele-fashion/seed42,/hdd1/DataInHere/YHF/MoPF/outputs/relation_operator_audit_v1/checkpoints/relation_expert/ele-fashion/seed42.pt,/hdd1/DataInHere/YHF/MoPF/outputs/relation_operator_audit_v1/runs/relation_expert/ele-fashion/seed42/resolved_config.json,404.6668462769594,4090.99267578125,false,,2026-09-28T01:58:21+0800
formal/relation_expert/ele-fashion/seed43,formal,relation_expert,ele-fashion,43,cuda:0,running,,/home/m3/miniconda3/envs/yhf_env/bin/python -m src.main dataset=ele-fashion task=nc model=relation_operator_audit seed=43 num_runs=1 device=cuda:0 model.operator_variant=relation_expert model.hidden_dim=256 model.max_order=3 model.edge_chunk_size=65536 task.protocol_version=unified_full_graph_nc_v1 task.training_mode=full_graph task.optimizer=adamw task.lr=1e-3 task.weight_decay=1e-4 task.epochs=300 task.patience=30 task.early_stop_min_epoch=30 task.early_stop_min_delta=1e-4 task.grad_clip=1.0 task.eval_every=1 task.inference_mode=full task.evaluate_test=false task.save_ckpt_path=/hdd1/DataInHere/YHF/MoPF/outputs/relation_operator_audit_v1/checkpoints/relation_expert/ele-fashion/seed43.pt hydra.run.dir=/hdd1/DataInHere/YHF/MoPF/outputs/relation_operator_audit_v1/runs/relation_expert/ele-fashion/seed43,relation_operator_audit,c53ca3250c67a180c04d33189263355e06685fe5,/hdd1/DataInHere/YHF/MoPF/outputs/relation_operator_audit_v1/runs/relation_expert/ele-fashion/seed43,/hdd1/DataInHere/YHF/MoPF/outputs/relation_operator_audit_v1/checkpoints/relation_expert/ele-fashion/seed43.pt,/hdd1/DataInHere/YHF/MoPF/outputs/relation_operator_audit_v1/runs/relation_expert/ele-fashion/seed43/resolved_config.json,,,false,,2026-09-28T01:58:21+0800
formal/relation_expert/ele-fashion/seed43,formal,relation_expert,ele-fashion,43,cuda:0,complete,0,/home/m3/miniconda3/envs/yhf_env/bin/python -m src.main dataset=ele-fashion task=nc model=relation_operator_audit seed=43 num_runs=1 device=cuda:0 model.operator_variant=relation_expert model.hidden_dim=256 model.max_order=3 model.edge_chunk_size=65536 task.protocol_version=unified_full_graph_nc_v1 task.training_mode=full_graph task.optimizer=adamw task.lr=1e-3 task.weight_decay=1e-4 task.epochs=300 task.patience=30 task.early_stop_min_epoch=30 task.early_stop_min_delta=1e-4 task.grad_clip=1.0 task.eval_every=1 task.inference_mode=full task.evaluate_test=false task.save_ckpt_path=/hdd1/DataInHere/YHF/MoPF/outputs/relation_operator_audit_v1/checkpoints/relation_expert/ele-fashion/seed43.pt hydra.run.dir=/hdd1/DataInHere/YHF/MoPF/outputs/relation_operator_audit_v1/runs/relation_expert/ele-fashion/seed43,relation_operator_audit,c53ca3250c67a180c04d33189263355e06685fe5,/hdd1/DataInHere/YHF/MoPF/outputs/relation_operator_audit_v1/runs/relation_expert/ele-fashion/seed43,/hdd1/DataInHere/YHF/MoPF/outputs/relation_operator_audit_v1/checkpoints/relation_expert/ele-fashion/seed43.pt,/hdd1/DataInHere/YHF/MoPF/outputs/relation_operator_audit_v1/runs/relation_expert/ele-fashion/seed43/resolved_config.json,413.2026246979367,4090.99267578125,false,,2026-09-28T02:05:24+0800
formal/relation_expert/ele-fashion/seed44,formal,relation_expert,ele-fashion,44,cuda:0,running,,/home/m3/miniconda3/envs/yhf_env/bin/python -m src.main dataset=ele-fashion task=nc model=relation_operator_audit seed=44 num_runs=1 device=cuda:0 model.operator_variant=relation_expert model.hidden_dim=256 model.max_order=3 model.edge_chunk_size=65536 task.protocol_version=unified_full_graph_nc_v1 task.training_mode=full_graph task.optimizer=adamw task.lr=1e-3 task.weight_decay=1e-4 task.epochs=300 task.patience=30 task.early_stop_min_epoch=30 task.early_stop_min_delta=1e-4 task.grad_clip=1.0 task.eval_every=1 task.inference_mode=full task.evaluate_test=false task.save_ckpt_path=/hdd1/DataInHere/YHF/MoPF/outputs/relation_operator_audit_v1/checkpoints/relation_expert/ele-fashion/seed44.pt hydra.run.dir=/hdd1/DataInHere/YHF/MoPF/outputs/relation_operator_audit_v1/runs/relation_expert/ele-fashion/seed44,relation_operator_audit,c53ca3250c67a180c04d33189263355e06685fe5,/hdd1/DataInHere/YHF/MoPF/outputs/relation_operator_audit_v1/runs/relation_expert/ele-fashion/seed44,/hdd1/DataInHere/YHF/MoPF/outputs/relation_operator_audit_v1/checkpoints/relation_expert/ele-fashion/seed44.pt,/hdd1/DataInHere/YHF/MoPF/outputs/relation_operator_audit_v1/runs/relation_expert/ele-fashion/seed44/resolved_config.json,,,false,,2026-09-28T02:05:24+0800
formal/relation_expert/ele-fashion/seed44,formal,relation_expert,ele-fashion,44,cuda:0,complete,0,/home/m3/miniconda3/envs/yhf_env/bin/python -m src.main dataset=ele-fashion task=nc model=relation_operator_audit seed=44 num_runs=1 device=cuda:0 model.operator_variant=relation_expert model.hidden_dim=256 model.max_order=3 model.edge_chunk_size=65536 task.protocol_version=unified_full_graph_nc_v1 task.training_mode=full_graph task.optimizer=adamw task.lr=1e-3 task.weight_decay=1e-4 task.epochs=300 task.patience=30 task.early_stop_min_epoch=30 task.early_stop_min_delta=1e-4 task.grad_clip=1.0 task.eval_every=1 task.inference_mode=full task.evaluate_test=false task.save_ckpt_path=/hdd1/DataInHere/YHF/MoPF/outputs/relation_operator_audit_v1/checkpoints/relation_expert/ele-fashion/seed44.pt hydra.run.dir=/hdd1/DataInHere/YHF/MoPF/outputs/relation_operator_audit_v1/runs/relation_expert/ele-fashion/seed44,relation_operator_audit,c53ca3250c67a180c04d33189263355e06685fe5,/hdd1/DataInHere/YHF/MoPF/outputs/relation_operator_audit_v1/runs/relation_expert/ele-fashion/seed44,/hdd1/DataInHere/YHF/MoPF/outputs/relation_operator_audit_v1/checkpoints/relation_expert/ele-fashion/seed44.pt,/hdd1/DataInHere/YHF/MoPF/outputs/relation_operator_audit_v1/runs/relation_expert/ele-fashion/seed44/resolved_config.json,276.37646516994573,4090.99267578125,false,,2026-09-28T02:10:07+0800
formal/relation_expert/Reddit-S/seed42,formal,relation_expert,Reddit-S,42,cuda:0,running,,/home/m3/miniconda3/envs/yhf_env/bin/python -m src.main dataset=Reddit-S task=nc model=relation_operator_audit seed=42 num_runs=1 device=cuda:0 model.operator_variant=relation_expert model.hidden_dim=256 model.max_order=3 model.edge_chunk_size=65536 task.protocol_version=unified_full_graph_nc_v1 task.training_mode=full_graph task.optimizer=adamw task.lr=1e-3 task.weight_decay=1e-4 task.epochs=300 task.patience=30 task.early_stop_min_epoch=30 task.early_stop_min_delta=1e-4 task.grad_clip=1.0 task.eval_every=1 task.inference_mode=full task.evaluate_test=false task.save_ckpt_path=/hdd1/DataInHere/YHF/MoPF/outputs/relation_operator_audit_v1/checkpoints/relation_expert/Reddit-S/seed42.pt hydra.run.dir=/hdd1/DataInHere/YHF/MoPF/outputs/relation_operator_audit_v1/runs/relation_expert/Reddit-S/seed42,relation_operator_audit,c53ca3250c67a180c04d33189263355e06685fe5,/hdd1/DataInHere/YHF/MoPF/outputs/relation_operator_audit_v1/runs/relation_expert/Reddit-S/seed42,/hdd1/DataInHere/YHF/MoPF/outputs/relation_operator_audit_v1/checkpoints/relation_expert/Reddit-S/seed42.pt,/hdd1/DataInHere/YHF/MoPF/outputs/relation_operator_audit_v1/runs/relation_expert/Reddit-S/seed42/resolved_config.json,,,false,,2026-09-28T02:10:07+0800
formal/relation_expert/Reddit-S/seed42,formal,relation_expert,Reddit-S,42,cuda:0,complete,0,/home/m3/miniconda3/envs/yhf_env/bin/python -m src.main dataset=Reddit-S task=nc model=relation_operator_audit seed=42 num_runs=1 device=cuda:0 model.operator_variant=relation_expert model.hidden_dim=256 model.max_order=3 model.edge_chunk_size=65536 task.protocol_version=unified_full_graph_nc_v1 task.training_mode=full_graph task.optimizer=adamw task.lr=1e-3 task.weight_decay=1e-4 task.epochs=300 task.patience=30 task.early_stop_min_epoch=30 task.early_stop_min_delta=1e-4 task.grad_clip=1.0 task.eval_every=1 task.inference_mode=full task.evaluate_test=false task.save_ckpt_path=/hdd1/DataInHere/YHF/MoPF/outputs/relation_operator_audit_v1/checkpoints/relation_expert/Reddit-S/seed42.pt hydra.run.dir=/hdd1/DataInHere/YHF/MoPF/outputs/relation_operator_audit_v1/runs/relation_expert/Reddit-S/seed42,relation_operator_audit,c53ca3250c67a180c04d33189263355e06685fe5,/hdd1/DataInHere/YHF/MoPF/outputs/relation_operator_audit_v1/runs/relation_expert/Reddit-S/seed42,/hdd1/DataInHere/YHF/MoPF/outputs/relation_operator_audit_v1/checkpoints/relation_expert/Reddit-S/seed42.pt,/hdd1/DataInHere/YHF/MoPF/outputs/relation_operator_audit_v1/runs/relation_expert/Reddit-S/seed42/resolved_config.json,75.45486760791391,1620.55712890625,false,,2026-09-28T02:11:28+0800
formal/relation_expert/Reddit-S/seed43,formal,relation_expert,Reddit-S,43,cuda:0,running,,/home/m3/miniconda3/envs/yhf_env/bin/python -m src.main dataset=Reddit-S task=nc model=relation_operator_audit seed=43 num_runs=1 device=cuda:0 model.operator_variant=relation_expert model.hidden_dim=256 model.max_order=3 model.edge_chunk_size=65536 task.protocol_version=unified_full_graph_nc_v1 task.training_mode=full_graph task.optimizer=adamw task.lr=1e-3 task.weight_decay=1e-4 task.epochs=300 task.patience=30 task.early_stop_min_epoch=30 task.early_stop_min_delta=1e-4 task.grad_clip=1.0 task.eval_every=1 task.inference_mode=full task.evaluate_test=false task.save_ckpt_path=/hdd1/DataInHere/YHF/MoPF/outputs/relation_operator_audit_v1/checkpoints/relation_expert/Reddit-S/seed43.pt hydra.run.dir=/hdd1/DataInHere/YHF/MoPF/outputs/relation_operator_audit_v1/runs/relation_expert/Reddit-S/seed43,relation_operator_audit,c53ca3250c67a180c04d33189263355e06685fe5,/hdd1/DataInHere/YHF/MoPF/outputs/relation_operator_audit_v1/runs/relation_expert/Reddit-S/seed43,/hdd1/DataInHere/YHF/MoPF/outputs/relation_operator_audit_v1/checkpoints/relation_expert/Reddit-S/seed43.pt,/hdd1/DataInHere/YHF/MoPF/outputs/relation_operator_audit_v1/runs/relation_expert/Reddit-S/seed43/resolved_config.json,,,false,,2026-09-28T02:11:28+0800
formal/relation_expert/Reddit-S/seed43,formal,relation_expert,Reddit-S,43,cuda:0,complete,0,/home/m3/miniconda3/envs/yhf_env/bin/python -m src.main dataset=Reddit-S task=nc model=relation_operator_audit seed=43 num_runs=1 device=cuda:0 model.operator_variant=relation_expert model.hidden_dim=256 model.max_order=3 model.edge_chunk_size=65536 task.protocol_version=unified_full_graph_nc_v1 task.training_mode=full_graph task.optimizer=adamw task.lr=1e-3 task.weight_decay=1e-4 task.epochs=300 task.patience=30 task.early_stop_min_epoch=30 task.early_stop_min_delta=1e-4 task.grad_clip=1.0 task.eval_every=1 task.inference_mode=full task.evaluate_test=false task.save_ckpt_path=/hdd1/DataInHere/YHF/MoPF/outputs/relation_operator_audit_v1/checkpoints/relation_expert/Reddit-S/seed43.pt hydra.run.dir=/hdd1/DataInHere/YHF/MoPF/outputs/relation_operator_audit_v1/runs/relation_expert/Reddit-S/seed43,relation_operator_audit,c53ca3250c67a180c04d33189263355e06685fe5,/hdd1/DataInHere/YHF/MoPF/outputs/relation_operator_audit_v1/runs/relation_expert/Reddit-S/seed43,/hdd1/DataInHere/YHF/MoPF/outputs/relation_operator_audit_v1/checkpoints/relation_expert/Reddit-S/seed43.pt,/hdd1/DataInHere/YHF/MoPF/outputs/relation_operator_audit_v1/runs/relation_expert/Reddit-S/seed43/resolved_config.json,140.59243500395678,1620.55712890625,false,,2026-09-28T02:13:56+0800
formal/relation_expert/Reddit-S/seed44,formal,relation_expert,Reddit-S,44,cuda:0,running,,/home/m3/miniconda3/envs/yhf_env/bin/python -m src.main dataset=Reddit-S task=nc model=relation_operator_audit seed=44 num_runs=1 device=cuda:0 model.operator_variant=relation_expert model.hidden_dim=256 model.max_order=3 model.edge_chunk_size=65536 task.protocol_version=unified_full_graph_nc_v1 task.training_mode=full_graph task.optimizer=adamw task.lr=1e-3 task.weight_decay=1e-4 task.epochs=300 task.patience=30 task.early_stop_min_epoch=30 task.early_stop_min_delta=1e-4 task.grad_clip=1.0 task.eval_every=1 task.inference_mode=full task.evaluate_test=false task.save_ckpt_path=/hdd1/DataInHere/YHF/MoPF/outputs/relation_operator_audit_v1/checkpoints/relation_expert/Reddit-S/seed44.pt hydra.run.dir=/hdd1/DataInHere/YHF/MoPF/outputs/relation_operator_audit_v1/runs/relation_expert/Reddit-S/seed44,relation_operator_audit,c53ca3250c67a180c04d33189263355e06685fe5,/hdd1/DataInHere/YHF/MoPF/outputs/relation_operator_audit_v1/runs/relation_expert/Reddit-S/seed44,/hdd1/DataInHere/YHF/MoPF/outputs/relation_operator_audit_v1/checkpoints/relation_expert/Reddit-S/seed44.pt,/hdd1/DataInHere/YHF/MoPF/outputs/relation_operator_audit_v1/runs/relation_expert/Reddit-S/seed44/resolved_config.json,,,false,,2026-09-28T02:13:56+0800
formal/relation_expert/Reddit-S/seed44,formal,relation_expert,Reddit-S,44,cuda:0,complete,0,/home/m3/miniconda3/envs/yhf_env/bin/python -m src.main dataset=Reddit-S task=nc model=relation_operator_audit seed=44 num_runs=1 device=cuda:0 model.operator_variant=relation_expert model.hidden_dim=256 model.max_order=3 model.edge_chunk_size=65536 task.protocol_version=unified_full_graph_nc_v1 task.training_mode=full_graph task.optimizer=adamw task.lr=1e-3 task.weight_decay=1e-4 task.epochs=300 task.patience=30 task.early_stop_min_epoch=30 task.early_stop_min_delta=1e-4 task.grad_clip=1.0 task.eval_every=1 task.inference_mode=full task.evaluate_test=false task.save_ckpt_path=/hdd1/DataInHere/YHF/MoPF/outputs/relation_operator_audit_v1/checkpoints/relation_expert/Reddit-S/seed44.pt hydra.run.dir=/hdd1/DataInHere/YHF/MoPF/outputs/relation_operator_audit_v1/runs/relation_expert/Reddit-S/seed44,relation_operator_audit,c53ca3250c67a180c04d33189263355e06685fe5,/hdd1/DataInHere/YHF/MoPF/outputs/relation_operator_audit_v1/runs/relation_expert/Reddit-S/seed44,/hdd1/DataInHere/YHF/MoPF/outputs/relation_operator_audit_v1/checkpoints/relation_expert/Reddit-S/seed44.pt,/hdd1/DataInHere/YHF/MoPF/outputs/relation_operator_audit_v1/runs/relation_expert/Reddit-S/seed44/resolved_config.json,67.39734076708555,1620.55712890625,false,,2026-09-28T02:15:09+0800
