dataset,seed,split,candidate,modality,margin_quartile,node_count,mean_oracle_margin,mean_oracle_gain,hard_oracle_action_agreement,selection_regret,hard_order_agreement,selection_regret_mean,selection_regret_median,selection_regret_p90,d0_uniform_distance_l1_mean,d0_alpha_entropy_mean,d0_alpha_margin_mean,top1_oracle_action_agreement,mean_selection_regret,mean_oracle_gain_captured_fraction,joint_accuracy,joint_macro_f1,mean_joint_deployment_regret
Movies,42,train,oracle_landscape,text,1,2501,0.003471926670328,0.0230196434735279,1.0,0.0,,,,,,,,,,,,,
Movies,42,train,oracle_landscape,text,2,2501,0.0260629943601402,0.0661734371967032,1.0,0.0,,,,,,,,,,,,,
Movies,42,train,oracle_landscape,text,3,2500,0.0906171663329005,0.128639389540255,1.0,0.0,,,,,,,,,,,,,
Movies,42,train,oracle_landscape,text,4,2501,0.4359463654616411,0.4524550127094147,1.0,0.0,,,,,,,,,,,,,
Movies,42,validation,oracle_landscape,text,1,834,0.0050031020512263,0.0435274742649002,1.0,0.0,,,,,,,,,,,,,
Movies,42,validation,oracle_landscape,text,2,833,0.0386161251308895,0.1191258103880776,1.0,0.0,,,,,,,,,,,,,
Movies,42,validation,oracle_landscape,text,3,833,0.1272103430665269,0.2398214553262578,1.0,0.0,,,,,,,,,,,,,
Movies,42,validation,oracle_landscape,text,4,834,0.6130441813696202,0.6886018110658053,1.0,0.0,,,,,,,,,,,,,
Movies,42,train,oracle_landscape,visual,1,2501,0.0072726692909977,0.0361894522582494,1.0,0.0,,,,,,,,,,,,,
Movies,42,train,oracle_landscape,visual,2,2501,0.0469998295714215,0.0857449201245109,1.0,0.0,,,,,,,,,,,,,
Movies,42,train,oracle_landscape,visual,3,2500,0.1473869584172964,0.180709983587265,1.0,0.0,,,,,,,,,,,,,
Movies,42,train,oracle_landscape,visual,4,2501,0.576163477590922,0.5892136930787816,1.0,0.0,,,,,,,,,,,,,
Movies,42,validation,oracle_landscape,visual,1,834,0.0074867779052078,0.090586496397083,1.0,0.0,,,,,,,,,,,,,
Movies,42,validation,oracle_landscape,visual,2,833,0.0511428458260602,0.1858934584383418,1.0,0.0,,,,,,,,,,,,,
Movies,42,validation,oracle_landscape,visual,3,833,0.1613537503981075,0.352087591330902,1.0,0.0,,,,,,,,,,,,,
Movies,42,validation,oracle_landscape,visual,4,834,0.6757957977142265,0.8883304473021619,1.0,0.0,,,,,,,,,,,,,
Movies,43,train,oracle_landscape,text,1,2501,0.0033276205105248,0.0248748731595717,1.0,0.0,,,,,,,,,,,,,
Movies,43,train,oracle_landscape,text,2,2501,0.0250629463424084,0.0601194192436052,1.0,0.0,,,,,,,,,,,,,
Movies,43,train,oracle_landscape,text,3,2500,0.0875337505280971,0.1296824359625578,1.0,0.0,,,,,,,,,,,,,
Movies,43,train,oracle_landscape,text,4,2501,0.4328406769149258,0.4539752886301038,1.0,0.0,,,,,,,,,,,,,
Movies,43,validation,oracle_landscape,text,1,834,0.004103772899156,0.0522422996801614,1.0,0.0,,,,,,,,,,,,,
Movies,43,validation,oracle_landscape,text,2,833,0.0342191985762473,0.1150867660794885,1.0,0.0,,,,,,,,,,,,,
Movies,43,validation,oracle_landscape,text,3,833,0.1195356419571593,0.2484421608936028,1.0,0.0,,,,,,,,,,,,,
Movies,43,validation,oracle_landscape,text,4,834,0.6131939874600163,0.6877340793216543,1.0,0.0,,,,,,,,,,,,,
Movies,43,train,oracle_landscape,visual,1,2501,0.00651267934299,0.0347867843848601,1.0,0.0,,,,,,,,,,,,,
Movies,43,train,oracle_landscape,visual,2,2501,0.0458730847739734,0.0810916598160855,1.0,0.0,,,,,,,,,,,,,
Movies,43,train,oracle_landscape,visual,3,2500,0.1477739549905061,0.1846019846230745,1.0,0.0,,,,,,,,,,,,,
Movies,43,train,oracle_landscape,visual,4,2501,0.5932194133464549,0.6107270850068995,1.0,0.0,,,,,,,,,,,,,
Movies,43,validation,oracle_landscape,visual,1,834,0.0072231121299645,0.0810445298221463,1.0,0.0,,,,,,,,,,,,,
Movies,43,validation,oracle_landscape,visual,2,833,0.0510157332817117,0.186348581331081,1.0,0.0,,,,,,,,,,,,,
Movies,43,validation,oracle_landscape,visual,3,833,0.1617679659272728,0.3319064093058278,1.0,0.0,,,,,,,,,,,,,
Movies,43,validation,oracle_landscape,visual,4,834,0.6975798281691343,0.9187168907061468,1.0,0.0,,,,,,,,,,,,,
Movies,44,train,oracle_landscape,text,1,2501,0.0039060676493335,0.0286146719834844,1.0,0.0,,,,,,,,,,,,,
Movies,44,train,oracle_landscape,text,2,2501,0.0267140291964874,0.0674549840291629,1.0,0.0,,,,,,,,,,,,,
Movies,44,train,oracle_landscape,text,3,2500,0.0929565709128976,0.1373450746014714,1.0,0.0,,,,,,,,,,,,,
Movies,44,train,oracle_landscape,text,4,2501,0.4337124815408061,0.4576655212031608,1.0,0.0,,,,,,,,,,,,,
Movies,44,validation,oracle_landscape,text,1,834,0.0052697641031797,0.0602229942669891,1.0,0.0,,,,,,,,,,,,,
Movies,44,validation,oracle_landscape,text,2,833,0.0370858190659464,0.1095537810015077,1.0,0.0,,,,,,,,,,,,,
Movies,44,validation,oracle_landscape,text,3,833,0.1204706022576266,0.2391872056195286,1.0,0.0,,,,,,,,,,,,,
Movies,44,validation,oracle_landscape,text,4,834,0.5918398961710701,0.6794724659167891,1.0,0.0,,,,,,,,,,,,,
Movies,44,train,oracle_landscape,visual,1,2501,0.0073604378467578,0.039646950754011,1.0,0.0,,,,,,,,,,,,,
Movies,44,train,oracle_landscape,visual,2,2501,0.0493569132521516,0.0947020864095546,1.0,0.0,,,,,,,,,,,,,
Movies,44,train,oracle_landscape,visual,3,2500,0.1501294073075056,0.1896426051974296,1.0,0.0,,,,,,,,,,,,,
Movies,44,train,oracle_landscape,visual,4,2501,0.6150087052729072,0.6338498326229219,1.0,0.0,,,,,,,,,,,,,
Movies,44,validation,oracle_landscape,visual,1,834,0.0075800818766884,0.0865260846744397,1.0,0.0,,,,,,,,,,,,,
Movies,44,validation,oracle_landscape,visual,2,833,0.0536685436002525,0.1764014762046994,1.0,0.0,,,,,,,,,,,,,
Movies,44,validation,oracle_landscape,visual,3,833,0.1650542820147535,0.3259372952408721,1.0,0.0,,,,,,,,,,,,,
Movies,44,validation,oracle_landscape,visual,4,834,0.7108355035527433,0.9110157721334224,1.0,0.0,,,,,,,,,,,,,
ele-fashion,42,train,oracle_landscape,text,1,14665,0.0002020798021759,0.0023002572330672,1.0,0.0,,,,,,,,,,,,,
ele-fashion,42,train,oracle_landscape,text,2,14665,0.0038730005288091,0.0121875027922443,1.0,0.0,,,,,,,,,,,,,
ele-fashion,42,train,oracle_landscape,text,3,14664,0.022053912170465,0.0417656666446534,1.0,0.0,,,,,,,,,,,,,
ele-fashion,42,train,oracle_landscape,text,4,14665,0.202741540869602,0.2639985796047627,1.0,0.0,,,,,,,,,,,,,
ele-fashion,42,validation,oracle_landscape,text,1,2445,0.000186624713289,0.0031732643364633,1.0,0.0,,,,,,,,,,,,,
ele-fashion,42,validation,oracle_landscape,text,2,2444,0.0039606274955097,0.0152595012840319,1.0,0.0,,,,,,,,,,,,,
ele-fashion,42,validation,oracle_landscape,text,3,2444,0.0239043100504585,0.0502284222313716,1.0,0.0,,,,,,,,,,,,,
ele-fashion,42,validation,oracle_landscape,text,4,2444,0.2858638819368059,0.4009672629047923,1.0,0.0,,,,,,,,,,,,,
ele-fashion,42,train,oracle_landscape,visual,1,14665,0.0001462617490893,0.0019768898397186,1.0,0.0,,,,,,,,,,,,,
ele-fashion,42,train,oracle_landscape,visual,2,14665,0.0026658763871937,0.0089354539420298,1.0,0.0,,,,,,,,,,,,,
ele-fashion,42,train,oracle_landscape,visual,3,14664,0.0152016275195444,0.0303222427431207,1.0,0.0,,,,,,,,,,,,,
ele-fashion,42,train,oracle_landscape,visual,4,14665,0.1867487936902078,0.2316343098332704,1.0,0.0,,,,,,,,,,,,,
ele-fashion,42,validation,oracle_landscape,visual,1,2445,0.0001339267262242,0.0031968075654384,1.0,0.0,,,,,,,,,,,,,
ele-fashion,42,validation,oracle_landscape,visual,2,2444,0.0026605458210493,0.0090767657986835,1.0,0.0,,,,,,,,,,,,,
ele-fashion,42,validation,oracle_landscape,visual,3,2444,0.0163429673967285,0.0374626539500488,1.0,0.0,,,,,,,,,,,,,
ele-fashion,42,validation,oracle_landscape,visual,4,2444,0.2404479883022838,0.3313370447959476,1.0,0.0,,,,,,,,,,,,,
ele-fashion,43,train,oracle_landscape,text,1,14665,5.150449625456336e-05,0.0013672533642528,1.0,0.0,,,,,,,,,,,,,
ele-fashion,43,train,oracle_landscape,text,2,14665,0.0016156574347787,0.0056229902743999,1.0,0.0,,,,,,,,,,,,,
ele-fashion,43,train,oracle_landscape,text,3,14664,0.0134101868082186,0.0281409035812221,1.0,0.0,,,,,,,,,,,,,
ele-fashion,43,train,oracle_landscape,text,4,14665,0.2150976845563382,0.2754245165722782,1.0,0.0,,,,,,,,,,,,,
ele-fashion,43,validation,oracle_landscape,text,1,2445,4.503592460249109e-05,0.0022710902613855,1.0,0.0,,,,,,,,,,,,,
ele-fashion,43,validation,oracle_landscape,text,2,2444,0.0017243232198879,0.0071723192802791,1.0,0.0,,,,,,,,,,,,,
ele-fashion,43,validation,oracle_landscape,text,3,2444,0.0150465142487132,0.0382753645099239,1.0,0.0,,,,,,,,,,,,,
ele-fashion,43,validation,oracle_landscape,text,4,2444,0.3019723361784839,0.4230043751472659,1.0,0.0,,,,,,,,,,,,,
ele-fashion,43,train,oracle_landscape,visual,1,14665,4.247222807894851e-05,0.0012258084160286,1.0,0.0,,,,,,,,,,,,,
ele-fashion,43,train,oracle_landscape,visual,2,14665,0.0012984450799258,0.0050077971647365,1.0,0.0,,,,,,,,,,,,,
ele-fashion,43,train,oracle_landscape,visual,3,14664,0.0107173119577075,0.0228021677741566,1.0,0.0,,,,,,,,,,,,,
ele-fashion,43,train,oracle_landscape,visual,4,14665,0.1986744496093709,0.2555166918402071,1.0,0.0,,,,,,,,,,,,,
ele-fashion,43,validation,oracle_landscape,visual,1,2445,3.828709812299112e-05,0.0023785963168352,1.0,0.0,,,,,,,,,,,,,
ele-fashion,43,validation,oracle_landscape,visual,2,2444,0.0013214734025155,0.0057937296182445,1.0,0.0,,,,,,,,,,,,,
ele-fashion,43,validation,oracle_landscape,visual,3,2444,0.0118674954918476,0.0282000663354741,1.0,0.0,,,,,,,,,,,,,
ele-fashion,43,validation,oracle_landscape,visual,4,2444,0.2683734411363064,0.386078918316903,1.0,0.0,,,,,,,,,,,,,
ele-fashion,44,train,oracle_landscape,text,1,14665,0.0001199834149319,0.0016857225373167,1.0,0.0,,,,,,,,,,,,,
ele-fashion,44,train,oracle_landscape,text,2,14665,0.0032655394820461,0.0106876850896086,1.0,0.0,,,,,,,,,,,,,
ele-fashion,44,train,oracle_landscape,text,3,14664,0.0209960624095092,0.0395117271353683,1.0,0.0,,,,,,,,,,,,,
ele-fashion,44,train,oracle_landscape,text,4,14665,0.1936798907679236,0.249730236033988,1.0,0.0,,,,,,,,,,,,,
ele-fashion,44,validation,oracle_landscape,text,1,2445,0.0001067765774756,0.0026285839253663,1.0,0.0,,,,,,,,,,,,,
ele-fashion,44,validation,oracle_landscape,text,2,2444,0.0032889396272795,0.0128872788076278,1.0,0.0,,,,,,,,,,,,,
ele-fashion,44,validation,oracle_landscape,text,3,2444,0.0233241652855695,0.0503655306247265,1.0,0.0,,,,,,,,,,,,,
ele-fashion,44,validation,oracle_landscape,text,4,2444,0.2967826399888154,0.4158829218051023,1.0,0.0,,,,,,,,,,,,,
ele-fashion,44,train,oracle_landscape,visual,1,14665,9.151585039655909e-05,0.0016099588981859,1.0,0.0,,,,,,,,,,,,,
ele-fashion,44,train,oracle_landscape,visual,2,14665,0.0021862778309457,0.008299289681914,1.0,0.0,,,,,,,,,,,,,
ele-fashion,44,train,oracle_landscape,visual,3,14664,0.0145945949989294,0.0296072555410643,1.0,0.0,,,,,,,,,,,,,
ele-fashion,44,train,oracle_landscape,visual,4,14665,0.1785626228661249,0.2202052966472773,1.0,0.0,,,,,,,,,,,,,
ele-fashion,44,validation,oracle_landscape,visual,1,2445,8.234399372361005e-05,0.0030316286779724,1.0,0.0,,,,,,,,,,,,,
ele-fashion,44,validation,oracle_landscape,visual,2,2444,0.0021587816995075,0.0088866929086231,1.0,0.0,,,,,,,,,,,,,
ele-fashion,44,validation,oracle_landscape,visual,3,2444,0.0159594644026437,0.03844951027044,1.0,0.0,,,,,,,,,,,,,
ele-fashion,44,validation,oracle_landscape,visual,4,2444,0.2417075506574588,0.3355506856631603,1.0,0.0,,,,,,,,,,,,,
Reddit-S,42,train,oracle_landscape,text,1,2384,0.0,0.0028494100454979,1.0,0.0,,,,,,,,,,,,,
Reddit-S,42,train,oracle_landscape,text,2,2384,2.4155569428365734e-08,0.0052874138243019,1.0,0.0,,,,,,,,,,,,,
Reddit-S,42,train,oracle_landscape,text,3,2384,1.706011074083014e-05,0.003100408252386,1.0,0.0,,,,,,,,,,,,,
Reddit-S,42,train,oracle_landscape,text,4,2384,0.0758140046896401,0.0735939565245326,1.0,0.0,,,,,,,,,,,,,
Reddit-S,42,validation,oracle_landscape,text,1,795,0.0,0.0056850860567701,1.0,0.0,,,,,,,,,,,,,
Reddit-S,42,validation,oracle_landscape,text,2,795,2.06082326538468e-08,0.0097933313268632,1.0,0.0,,,,,,,,,,,,,
Reddit-S,42,validation,oracle_landscape,text,3,794,1.3741922420999867e-05,0.0104175701969216,1.0,0.0,,,,,,,,,,,,,
Reddit-S,42,validation,oracle_landscape,text,4,795,0.1497638006025684,0.1488818871582116,1.0,0.0,,,,,,,,,,,,,
Reddit-S,42,train,oracle_landscape,visual,1,2384,0.0,0.0037838982625617,1.0,0.0,,,,,,,,,,,,,
Reddit-S,42,train,oracle_landscape,visual,2,2384,1.2590319037293846e-07,0.0078152170628708,1.0,0.0,,,,,,,,,,,,,
Reddit-S,42,train,oracle_landscape,visual,3,2384,2.432907658442676e-05,0.000129028734901,1.0,0.0,,,,,,,,,,,,,
Reddit-S,42,train,oracle_landscape,visual,4,2384,0.0978747192470591,0.0912950025782454,1.0,0.0,,,,,,,,,,,,,
Reddit-S,42,validation,oracle_landscape,visual,1,795,0.0,0.0073451742132684,1.0,0.0,,,,,,,,,,,,,
Reddit-S,42,validation,oracle_landscape,visual,2,795,9.651968918479101e-08,0.0241558350685406,1.0,0.0,,,,,,,,,,,,,
Reddit-S,42,validation,oracle_landscape,visual,3,794,2.442013413053157e-05,0.0035693356474959,1.0,0.0,,,,,,,,,,,,,
Reddit-S,42,validation,oracle_landscape,visual,4,795,0.2305908840873209,0.2270445491531944,1.0,0.0,,,,,,,,,,,,,
Reddit-S,43,train,oracle_landscape,text,1,2384,0.0,0.0019770276405447,1.0,0.0,,,,,,,,,,,,,
Reddit-S,43,train,oracle_landscape,text,2,2384,1.1226285190048584e-08,0.0031006943482115,1.0,0.0,,,,,,,,,,,,,
Reddit-S,43,train,oracle_landscape,text,3,2384,8.518311261949338e-06,0.001734397112486,1.0,0.0,,,,,,,,,,,,,
Reddit-S,43,train,oracle_landscape,text,4,2384,0.0583030061866399,0.0553221690269701,1.0,0.0,,,,,,,,,,,,,
Reddit-S,43,validation,oracle_landscape,text,1,795,0.0,0.0051981024831942,1.0,0.0,,,,,,,,,,,,,
Reddit-S,43,validation,oracle_landscape,text,2,795,5.897204830961407e-09,0.008765633377476,1.0,0.0,,,,,,,,,,,,,
Reddit-S,43,validation,oracle_landscape,text,3,794,6.266730700239134e-06,0.0162823393240542,1.0,0.0,,,,,,,,,,,,,
Reddit-S,43,validation,oracle_landscape,text,4,795,0.1471559226926677,0.1460011490640533,1.0,0.0,,,,,,,,,,,,,
Reddit-S,43,train,oracle_landscape,visual,1,2384,0.0,0.0018414066925401,1.0,0.0,,,,,,,,,,,,,
Reddit-S,43,train,oracle_landscape,visual,2,2384,5.352107029899713e-08,0.0034407705150086,1.0,0.0,,,,,,,,,,,,,
Reddit-S,43,train,oracle_landscape,visual,3,2384,1.1683618674002622e-05,0.0009370900332032,1.0,0.0,,,,,,,,,,,,,
Reddit-S,43,train,oracle_landscape,visual,4,2384,0.0615363228974964,0.0536527837591574,1.0,0.0,,,,,,,,,,,,,
Reddit-S,43,validation,oracle_landscape,visual,1,795,0.0,0.0054123137337417,1.0,0.0,,,,,,,,,,,,,
Reddit-S,43,validation,oracle_landscape,visual,2,795,4.40488044932434e-08,0.0096036847030936,1.0,0.0,,,,,,,,,,,,,
Reddit-S,43,validation,oracle_landscape,visual,3,794,1.094266198870448e-05,0.0122849398711444,1.0,0.0,,,,,,,,,,,,,
Reddit-S,43,validation,oracle_landscape,visual,4,795,0.18094890766328,0.1748597780089675,1.0,0.0,,,,,,,,,,,,,
Reddit-S,44,train,oracle_landscape,text,1,2384,0.0,0.0013862597078724,1.0,0.0,,,,,,,,,,,,,
Reddit-S,44,train,oracle_landscape,text,2,2384,0.0,0.0011715992143832,1.0,0.0,,,,,,,,,,,,,
Reddit-S,44,train,oracle_landscape,text,3,2384,3.716687901591013e-06,0.0017825247448763,1.0,0.0,,,,,,,,,,,,,
Reddit-S,44,train,oracle_landscape,text,4,2384,0.0402033284831403,0.0359325170566942,1.0,0.0,,,,,,,,,,,,,
Reddit-S,44,validation,oracle_landscape,text,1,795,0.0,0.006039653056826,1.0,0.0,,,,,,,,,,,,,
Reddit-S,44,validation,oracle_landscape,text,2,795,0.0,0.0089532473319408,1.0,0.0,,,,,,,,,,,,,
Reddit-S,44,validation,oracle_landscape,text,3,794,2.340557269999168e-06,0.0206520172438343,1.0,0.0,,,,,,,,,,,,,
Reddit-S,44,validation,oracle_landscape,text,4,795,0.1900519958359385,0.186702545071692,1.0,0.0,,,,,,,,,,,,,
Reddit-S,44,train,oracle_landscape,visual,1,2384,0.0,0.0015127743122358,1.0,0.0,,,,,,,,,,,,,
Reddit-S,44,train,oracle_landscape,visual,2,2384,1.4814906765937337e-08,0.0017949148218228,1.0,0.0,,,,,,,,,,,,,
Reddit-S,44,train,oracle_landscape,visual,3,2384,5.003433277684493e-06,0.0009110931551389,1.0,0.0,,,,,,,,,,,,,
Reddit-S,44,train,oracle_landscape,visual,4,2384,0.0415939095493371,0.0329996707380421,1.0,0.0,,,,,,,,,,,,,
Reddit-S,44,validation,oracle_landscape,visual,1,795,0.0,0.0050135134378044,1.0,0.0,,,,,,,,,,,,,
Reddit-S,44,validation,oracle_landscape,visual,2,795,1.8327640082591772e-08,0.0075223650314005,1.0,0.0,,,,,,,,,,,,,
Reddit-S,44,validation,oracle_landscape,visual,3,794,4.216611359422856e-06,0.0207353097380888,1.0,0.0,,,,,,,,,,,,,
Reddit-S,44,validation,oracle_landscape,visual,4,795,0.2754095994838257,0.2688123426644144,1.0,0.0,,,,,,,,,,,,,
Movies,42,train,E6_D0,text,1,2501,0.003471926670328,0.0230196434735279,,,0.2343062774890044,0.1732634885613623,0.0218758527189493,0.4783110022544861,0.0027436848069991,1.3862893120473216,0.0018290088313524,,,,,,
Movies,42,train,E6_D0,text,2,2501,0.0260629943601402,0.0661734371967032,,,0.4258296681327469,0.3195836342996309,0.0404286384582519,0.950844407081604,0.0026595711302919,1.3862896239171263,0.0017729488099779,,,,,,
Movies,42,train,E6_D0,text,3,2500,0.0906171663329005,0.128639389540255,,,0.6388,0.2897067643791437,0.0,1.012027728557586,0.002637280344963,1.386289705991745,0.0017580910623073,,,,,,
Movies,42,train,E6_D0,text,4,2501,0.4359463654616411,0.4524550127094147,,,0.8812475009996001,0.1598325199077054,0.0,0.4047126770019531,0.0026392806403306,1.3862896962244002,0.0017594376691385,,,,,,
Movies,42,validation,E6_D0,text,1,834,0.0050031020512263,0.0435274742649002,,,0.2362110311750599,0.2552985794791922,0.0379401668906211,0.845774006843567,0.0027544057840923,1.3862892696611602,0.0018361669828851,,,,,,
Movies,42,validation,E6_D0,text,2,833,0.0386161251308895,0.1191258103880776,,,0.3469387755102041,0.5223743379303888,0.1422689408063888,1.467116141319275,0.0026514460237658,1.3862896545165155,0.0017675104654994,,,,,,
Movies,42,validation,E6_D0,text,3,833,0.1272103430665269,0.2398214553262578,,,0.4729891956782713,0.6161965165032345,0.1328337788581848,1.8951080799102815,0.0026521511903616,1.3862896479335296,0.0017679806302289,,,,,,
Movies,42,validation,E6_D0,text,4,834,0.6130441813696202,0.6886018110658053,,,0.7841726618705036,0.4014182631060374,0.0,1.6982787370681764,0.0026280690761778,1.3862897357780584,0.001751957179831,,,,,,
Movies,42,train,E6_D0,visual,1,2501,0.0072726692909977,0.0361894522582494,,,0.2986805277888844,0.3073244239394651,0.0304439757019281,0.8591192364692688,0.0023686757377508,1.386290591700179,0.0015790562708823,,,,,,
Movies,42,train,E6_D0,visual,2,2501,0.0469998295714215,0.0857449201245109,,,0.5089964014394243,0.3859233076362813,0.0,1.2770123481750488,0.0022908510362468,1.386290844847135,0.0015272200047993,,,,,,
Movies,42,train,E6_D0,visual,3,2500,0.1473869584172964,0.180709983587265,,,0.6664,0.3854311961501837,0.0,1.327998423576355,0.0022785164654254,1.3862908821582791,0.0015189996659755,,,,,,
Movies,42,train,E6_D0,visual,4,2501,0.576163477590922,0.5892136930787816,,,0.8732506997201119,0.2033316330259583,0.0,0.5506347417831421,0.002310901641941,1.386290776496027,0.0015405895935445,,,,,,
Movies,42,validation,E6_D0,visual,1,834,0.0074867779052078,0.090586496397083,,,0.2398081534772182,0.6056692877828201,0.0852971524000167,1.9064556002616888,0.0023543869348452,1.3862906394244956,0.0015695133297849,,,,,,
Movies,42,validation,E6_D0,visual,2,833,0.0511428458260602,0.1858934584383418,,,0.3301320528211284,0.8609561985459219,0.2878032922744751,2.5577051639556894,0.0022910319062985,1.3862908411712922,0.0015273378068516,,,,,,
Movies,42,validation,E6_D0,visual,3,833,0.1613537503981075,0.352087591330902,,,0.4189675870348139,1.1803126074686772,0.3380014896392822,3.653976774215699,0.002280676618916,1.386290875517306,0.0015204463686261,,,,,,
Movies,42,validation,E6_D0,visual,4,834,0.6757957977142265,0.8883304473021619,,,0.5863309352517986,1.2577860780971513,0.0,4.087711572647098,0.0023125906964,1.386290772069844,0.0015417025100698,,,,,,
Movies,43,train,E6_D0,text,1,2501,0.0033276205105248,0.0248748731595717,,,0.2323070771691323,0.170583028436323,0.0203338488936424,0.4907055497169494,0.0107669368392226,1.386215854768322,0.0071767590037349,,,,,,
Movies,43,train,E6_D0,text,2,2501,0.0250629463424084,0.0601194192436052,,,0.4062375049980008,0.2825296544296736,0.049813687801361,0.8231116533279419,0.0101394341057274,1.386224831880831,0.0067587605312984,,,,,,
Movies,43,train,E6_D0,text,3,2500,0.0875337505280971,0.1296824359625578,,,0.5892,0.3130681463688612,0.0,1.0814509272575374,0.0099166643619537,1.386227887916565,0.0066102774322032,,,,,,
Movies,43,train,E6_D0,text,4,2501,0.4328406769149258,0.4539752886301038,,,0.8720511795281887,0.1828005527291761,0.0,0.5065704584121704,0.0100475014006791,1.3862259821241638,0.0066975314931267,,,,,,
Movies,43,validation,E6_D0,text,1,834,0.004103772899156,0.0522422996801614,,,0.1810551558752997,0.3093820773241318,0.0626934878528118,0.9347967147827156,0.0107449716765531,1.3862162260986346,0.0071621297253407,,,,,,
Movies,43,validation,E6_D0,text,2,833,0.0342191985762473,0.1150867660794885,,,0.3289315726290516,0.4849554833632951,0.1381833255290985,1.5105921030044576,0.0101278081697289,1.3862250281983064,0.0067510226336704,,,,,,
Movies,43,validation,E6_D0,text,3,833,0.1195356419571593,0.2484421608936028,,,0.43937575030012,0.6810880625555639,0.1648771166801452,2.061326265335084,0.0099129678428817,1.386227879489885,0.006607868215617,,,,,,
Movies,43,validation,E6_D0,text,4,834,0.6131939874600163,0.6877340793216543,,,0.7817745803357314,0.4438274205445671,0.0,1.8123539209365844,0.0100230622134334,1.386226318151259,0.0066811947120751,,,,,,
Movies,43,train,E6_D0,visual,1,2501,0.00651267934299,0.0347867843848601,,,0.2878848460615754,0.2875368066368774,0.0290746428072452,0.8758869171142578,0.0114939880997883,1.3862053096794882,0.0076612656066914,,,,,,
Movies,43,train,E6_D0,visual,2,2501,0.0458730847739734,0.0810916598160855,,,0.4906037584966013,0.3614378360065459,0.0257434993982315,1.1713190078735352,0.0108926809284506,1.3862144724458088,0.0072606220120479,,,,,,
Movies,43,train,E6_D0,visual,3,2500,0.1477739549905061,0.1846019846230745,,,0.666,0.3681731864035129,0.0,1.301254522800445,0.0106343208968639,1.3862182295799257,0.0070884424865245,,,,,,
Movies,43,train,E6_D0,visual,4,2501,0.5932194133464549,0.6107270850068995,,,0.861655337864854,0.242775381147647,0.0,0.8016448616981506,0.010826986403715,1.3862150992836202,0.0072168890045719,,,,,,
Movies,43,validation,E6_D0,visual,1,834,0.0072231121299645,0.0810445298221463,,,0.2182254196642686,0.5025472355108891,0.0831969827413559,1.4437865376472476,0.0113481549764994,1.3862075521219834,0.0075642159588331,,,,,,
Movies,43,validation,E6_D0,visual,2,833,0.0510157332817117,0.186348581331081,,,0.3085234093637455,0.9086032787568216,0.2900726795196533,2.944939661026001,0.0107529730069823,1.3862165682026748,0.0071675090693912,,,,,,
Movies,43,validation,E6_D0,visual,3,833,0.1617679659272728,0.3319064093058278,,,0.4177671068427371,1.0828123026732064,0.3382624387741089,3.378559970855713,0.0106666460186064,1.386217547064068,0.0071100218205892,,,,,,
Movies,43,validation,E6_D0,visual,4,834,0.6975798281691343,0.9187168907061468,,,0.6199040767386091,1.2184398791772857,0.0,4.129496860504154,0.0108487532972146,1.3862149582492362,0.0072314238233817,,,,,,
Movies,44,train,E6_D0,text,1,2501,0.0039060676493335,0.0286146719834844,,,0.2351059576169532,0.20389010525993,0.0255896616727113,0.578612744808197,0.1172918515031884,1.3772059204768106,0.078176439386375,,,,,,
Movies,44,train,E6_D0,text,2,2501,0.0267140291964874,0.0674549840291629,,,0.4034386245501799,0.3228502242115796,0.0483274459838867,1.0010017156600952,0.1093845093538645,1.3783767100860005,0.0729057515372947,,,,,,
Movies,44,train,E6_D0,text,3,2500,0.0929565709128976,0.1373450746014714,,,0.6092,0.346636103400588,0.0,1.1851366519927975,0.1073872498273849,1.3786284772872923,0.071574745106697,,,,,,
Movies,44,train,E6_D0,text,4,2501,0.4337124815408061,0.4576655212031608,,,0.8496601359456217,0.2167644321751661,0.0,0.6855637431144714,0.1096296161174869,1.3782795953159568,0.0730696803138333,,,,,,
Movies,44,validation,E6_D0,text,1,834,0.0052697641031797,0.0602229942669891,,,0.2386091127098321,0.316758398610153,0.0523025020956993,0.9839792788028728,0.1172805401882965,1.3772291698330026,0.0781689614629288,,,,,,
Movies,44,validation,E6_D0,text,2,833,0.0370858190659464,0.1095537810015077,,,0.3673469387755102,0.4613997796561573,0.1056625843048095,1.380535912513733,0.1086521999639909,1.3784856837766082,0.0724176686315261,,,,,,
Movies,44,validation,E6_D0,text,3,833,0.1204706022576266,0.2391872056195286,,,0.4333733493397358,0.6705524260972012,0.2175809144973755,1.9717525482177745,0.1084346503627543,1.37841909730277,0.0722729621850857,,,,,,
Movies,44,validation,E6_D0,text,4,834,0.5918398961710701,0.6794724659167891,,,0.7697841726618705,0.5054005175757466,0.0,2.1605049610137943,0.1101967745440469,1.3781485548979944,0.0734477891839093,,,,,,
Movies,44,train,E6_D0,visual,1,2501,0.0073604378467578,0.039646950754011,,,0.2746901239504198,0.2985451425580153,0.0341946333646774,0.892909586429596,0.093646352098542,1.380450227841145,0.0623833010228621,,,,,,
Movies,44,train,E6_D0,visual,2,2501,0.0493569132521516,0.0947020864095546,,,0.5249900039984007,0.3729705291419256,0.0,1.2619291543960571,0.084979825958115,1.3814744197192643,0.0566103681892168,,,,,,
Movies,44,train,E6_D0,visual,3,2500,0.1501294073075056,0.1896426051974296,,,0.6736,0.3678042768716812,0.0,1.3038735389709466,0.0827696286678314,1.3816934527397156,0.0551382156431674,,,,,,
Movies,44,train,E6_D0,visual,4,2501,0.6150087052729072,0.6338498326229219,,,0.8644542183126749,0.2397341681975738,0.0,0.8616232872009277,0.0867255456933304,1.381190492648308,0.0577742883571383,,,,,,
Movies,44,validation,E6_D0,visual,1,834,0.0075800818766884,0.0865260846744397,,,0.2194244604316546,0.5179535057831207,0.1103982180356979,1.5707919239997865,0.0937574376090825,1.3804215351454645,0.0624574719787501,,,,,,
Movies,44,validation,E6_D0,visual,2,833,0.0536685436002525,0.1764014762046994,,,0.3517406962785114,0.7964829105485817,0.2440805733203888,2.337990093231202,0.0851428220216252,1.3814549869706794,0.0567187129163226,,,,,,
Movies,44,validation,E6_D0,visual,3,833,0.1650542820147535,0.3259372952408721,,,0.4177671068427371,1.021034315944004,0.3510290384292602,2.9121808528900157,0.0841486928056554,1.3815353902734342,0.0560566951282599,,,,,,
Movies,44,validation,E6_D0,visual,4,834,0.7108355035527433,0.9110157721334224,,,0.6594724220623501,1.1055012832728508,0.0,3.8577265501022366,0.0866110172274587,1.3811763100486865,0.0576977393359874,,,,,,
ele-fashion,42,train,E6_D0,text,1,14665,0.0002020798021759,0.0023002572330672,,,0.4578929423798158,0.0192028530379631,3.457062121015042e-06,0.0096792910248041,0.3011660259848278,1.324324113635573,0.1862779163436356,,,,,,
ele-fashion,42,train,E6_D0,text,2,14665,0.0038730005288091,0.0121875027922443,,,0.641527446300716,0.0484808144274799,0.0,0.0862375855445861,0.2742026589132599,1.3372651560392714,0.1689217251394943,,,,,,
ele-fashion,42,train,E6_D0,text,3,14664,0.022053912170465,0.0417656666446534,,,0.6857610474631751,0.0929813059880126,0.0,0.2550911098718644,0.2855398415476571,1.3345250331162106,0.1759202121596923,,,,,,
ele-fashion,42,train,E6_D0,text,4,14665,0.202741540869602,0.2639985796047627,,,0.7444936924650528,0.2231028976530456,0.0,0.7265314340591433,0.2955664947308902,1.3303253349288915,0.182294632792676,,,,,,
ele-fashion,42,validation,E6_D0,text,1,2445,0.000186624713289,0.0031732643364633,,,0.4642126789366053,0.0230449159464453,2.741800471994793e-06,0.0097479930147528,0.301977292440664,1.324615152091824,0.1867593729666649,,,,,,
ele-fashion,42,validation,E6_D0,text,2,2444,0.0039606274955097,0.0152595012840319,,,0.6366612111292962,0.0617228505095558,0.0,0.0923138208687305,0.2740785442841423,1.3372400699094935,0.1688429162930544,,,,,,
ele-fashion,42,validation,E6_D0,text,3,2444,0.0239043100504585,0.0502284222313716,,,0.6558919803600655,0.1226079204933696,0.0,0.3284210234880453,0.2863765289906394,1.334246862685817,0.1764368928676248,,,,,,
ele-fashion,42,validation,E6_D0,text,4,2444,0.2858638819368059,0.4009672629047923,,,0.6583469721767594,0.4274212617180181,0.0,1.3703283548355192,0.2950051493345227,1.3302573232184456,0.1819719895964363,,,,,,
ele-fashion,42,train,E6_D0,visual,1,14665,0.0001462617490893,0.0019768898397186,,,0.3927719058983975,0.0134476446250609,2.288776886416599e-05,0.0126465000212192,0.5709506344681423,1.1827413666580588,0.3696009993705577,,,,,,
ele-fashion,42,train,E6_D0,visual,2,14665,0.0026658763871937,0.0089354539420298,,,0.5383566314353904,0.0380148171543072,0.0,0.0882285580039024,0.4746982517967523,1.2490025156224258,0.3062050104334295,,,,,,
ele-fashion,42,train,E6_D0,visual,3,14664,0.0152016275195444,0.0303222427431207,,,0.5812193126022913,0.0837211434279931,0.0,0.2344278886914254,0.4635953473946434,1.2562281912065936,0.2989531221814287,,,,,,
ele-fashion,42,train,E6_D0,visual,4,14665,0.1867487936902078,0.2316343098332704,,,0.7408796454142517,0.1572828505971896,0.0,0.5242927074432373,0.4733549276371275,1.248916369627444,0.3053901084232281,,,,,,
ele-fashion,42,validation,E6_D0,visual,1,2445,0.0001339267262242,0.0031968075654384,,,0.3918200408997955,0.0184189256640232,2.9203802114352584e-05,0.0155696727335452,0.5730539247911645,1.181897007375346,0.3709707431327589,,,,,,
ele-fashion,42,validation,E6_D0,visual,2,2444,0.0026605458210493,0.0090767657986835,,,0.5347790507364976,0.0352592298100053,0.0,0.0933590777218341,0.4733909331445022,1.2504096725992189,0.3053241818045828,,,,,,
ele-fashion,42,validation,E6_D0,visual,3,2444,0.0163429673967285,0.0374626539500488,,,0.5548281505728314,0.1138198952382634,0.0,0.3041488707065582,0.464892843936352,1.2550022198457371,0.2998225739478772,,,,,,
ele-fashion,42,validation,E6_D0,visual,4,2444,0.2404479883022838,0.3313370447959476,,,0.6354337152209493,0.346079079060832,0.0,1.1245758414268496,0.4755667966170123,1.2467378517597572,0.3068665449435894,,,,,,
ele-fashion,43,train,E6_D0,text,1,14665,5.150449625456336e-05,0.0013672533642528,,,0.4569382884418684,0.0160201123986682,3.576276412786683e-07,0.002691457979381,0.4631436464102082,1.2472603377460303,0.3045115501948521,,,,,,
ele-fashion,43,train,E6_D0,text,2,14665,0.0016156574347787,0.0056229902743999,,,0.6561882032049097,0.0321372787792574,0.0,0.040038450807333,0.3683295543674231,1.3008102595994102,0.2418434565613142,,,,,,
ele-fashion,43,train,E6_D0,text,3,14664,0.0134101868082186,0.0281409035812221,,,0.6704855428259684,0.0751597981233621,0.0,0.1758269608020783,0.3554021698517742,1.307839595258492,0.2333323289993367,,,,,,
ele-fashion,43,train,E6_D0,text,4,14665,0.2150976845563382,0.2754245165722782,,,0.7428571428571429,0.2183391766126677,0.0,0.663466501235962,0.3638391095544143,1.3029738376710591,0.2389087279319275,,,,,,
ele-fashion,43,validation,E6_D0,text,1,2445,4.503592460249109e-05,0.0022710902613855,,,0.456441717791411,0.01737510774374,2.384185506798531e-07,0.0022585792466998,0.4672045954409796,1.2457570599936756,0.3071838267558923,,,,,,
ele-fashion,43,validation,E6_D0,text,2,2444,0.0017243232198879,0.0071723192802791,,,0.6518003273322422,0.0418776198033819,0.0,0.0449396178126335,0.3661646383727631,1.302136166134023,0.2404145247892838,,,,,,
ele-fashion,43,validation,E6_D0,text,3,2444,0.0150465142487132,0.0382753645099239,,,0.6268412438625205,0.1129956024509523,0.0,0.2614708483219147,0.3550141206690996,1.3081219694112258,0.2330772875337183,,,,,,
ele-fashion,43,validation,E6_D0,text,4,2444,0.3019723361784839,0.4230043751472659,,,0.648936170212766,0.4489319130683809,0.0,1.5182878732681278,0.3673439420601155,1.3004772185535458,0.2412262353649799,,,,,,
ele-fashion,43,train,E6_D0,visual,1,14665,4.247222807894851e-05,0.0012258084160286,,,0.4139788612342311,0.0100320942611331,1.3112993428876507e-06,0.0040246553719043,0.3870277490838981,1.284706210611757,0.2530295550365965,,,,,,
ele-fashion,43,train,E6_D0,visual,2,14665,0.0012984450799258,0.0050077971647365,,,0.5644050460279577,0.0262894847849153,0.0,0.044159172475338,0.3091658822330971,1.3245292335982377,0.2022654433777581,,,,,,
ele-fashion,43,train,E6_D0,visual,3,14664,0.0107173119577075,0.0228021677741566,,,0.599836333878887,0.0646804110879338,0.0,0.1569232553243637,0.3001885087017439,1.3291230439559027,0.1964407762338799,,,,,,
ele-fashion,43,train,E6_D0,visual,4,14665,0.1986744496093709,0.2555166918402071,,,0.7013978861234231,0.1852954258015039,0.0,0.6210677027702336,0.309238379662288,1.3245394747892882,0.2023275480888583,,,,,,
ele-fashion,43,validation,E6_D0,visual,1,2445,3.828709812299112e-05,0.0023785963168352,,,0.4098159509202454,0.0166625667089757,1.9073441990258289e-06,0.0046185669489204,0.3893692323096203,1.2845366596809926,0.2545406348622406,,,,,,
ele-fashion,43,validation,E6_D0,visual,2,2444,0.0013214734025155,0.0057937296182445,,,0.5765139116202946,0.0299898469080638,0.0,0.0450392611324788,0.3087646153537517,1.3250107945426202,0.2019901745289612,,,,,,
ele-fashion,43,validation,E6_D0,visual,3,2444,0.0118674954918476,0.0282000663354741,,,0.5752864157119476,0.0883480994943102,0.0,0.2235881686210642,0.3002718372023535,1.3284273518100016,0.1965106678318762,,,,,,
ele-fashion,43,validation,E6_D0,visual,4,2444,0.2683734411363064,0.386078918316903,,,0.6076104746317512,0.4397151112097655,0.0,1.5798009395599375,0.3114942599472067,1.3231235941454351,0.2038082164177235,,,,,,
ele-fashion,44,train,E6_D0,text,1,14665,0.0001199834149319,0.0016857225373167,,,0.4805318786225707,0.0173739603334406,2.3841835172788706e-07,0.0053020687773823,0.4545069785074207,1.252756519848719,0.2980328459768949,,,,,,
ele-fashion,44,train,E6_D0,text,2,14665,0.0032655394820461,0.0106876850896086,,,0.6432321854756222,0.044646818029447,0.0,0.0710485637187957,0.3738382231861993,1.298369012104695,0.2449327083971977,,,,,,
ele-fashion,44,train,E6_D0,text,3,14664,0.0209960624095092,0.0395117271353683,,,0.6833742498636116,0.0882970037008521,0.0,0.2253028944134712,0.3538574200088998,1.308518510417524,0.2317602622510222,,,,,,
ele-fashion,44,train,E6_D0,text,4,14665,0.1936798907679236,0.249730236033988,,,0.751108080463689,0.2061843175106982,0.0,0.6373357295989992,0.3622106402299528,1.3035254049531169,0.2372279439907695,,,,,,
ele-fashion,44,validation,E6_D0,text,1,2445,0.0001067765774756,0.0026285839253663,,,0.4862985685071574,0.0221497076530875,1.1920928244535389e-07,0.0048611495643854,0.4590567975687834,1.250594350214141,0.3010213498749859,,,,,,
ele-fashion,44,validation,E6_D0,text,2,2444,0.0032889396272795,0.0128872788076278,,,0.6444353518821604,0.0481108128926381,0.0,0.0670396849513054,0.3713116195607692,1.3001145537814611,0.2432592808834464,,,,,,
ele-fashion,44,validation,E6_D0,text,3,2444,0.0233241652855695,0.0503655306247265,,,0.6448445171849427,0.1226163723200419,0.0,0.3062181055545808,0.3531378270500322,1.309028363364418,0.231277455028555,,,,,,
ele-fashion,44,validation,E6_D0,text,4,2444,0.2967826399888154,0.4158829218051023,,,0.650163666121113,0.4562124077767231,0.0,1.4946458220481895,0.3645305286745393,1.3014379026651772,0.2387781061793017,,,,,,
ele-fashion,44,train,E6_D0,visual,1,14665,9.151585039655909e-05,0.0016099588981859,,,0.4228435049437436,0.0116578974861476,3.218645360902883e-06,0.0084784897044301,0.3349925515089187,1.310788536127663,0.2203589284598847,,,,,,
ele-fashion,44,train,E6_D0,visual,2,14665,0.0021862778309457,0.008299289681914,,,0.5273781111489942,0.0389516612960133,0.0,0.0815175384283066,0.2739917808238695,1.338140179482573,0.1802597450510942,,,,,,
ele-fashion,44,train,E6_D0,visual,3,14664,0.0145945949989294,0.0296072555410643,,,0.5720812875068194,0.0822078115654198,0.0,0.2325444310903549,0.2644421738240638,1.342008464196895,0.1739754691888693,,,,,,
ele-fashion,44,train,E6_D0,visual,4,14665,0.1785626228661249,0.2202052966472773,,,0.7479713603818616,0.151033351494414,0.0,0.4991451978683472,0.2702621744744329,1.3389012266485163,0.1778037336065303,,,,,,
ele-fashion,44,validation,E6_D0,visual,1,2445,8.234399372361005e-05,0.0030316286779724,,,0.4245398773006135,0.0183629152722448,4.291525328881107e-06,0.0109882213175296,0.3359960234177381,1.3111483405765092,0.2210054802504541,,,,,,
ele-fashion,44,validation,E6_D0,visual,2,2444,0.0021587816995075,0.0088866929086231,,,0.5216857610474632,0.0412713625210047,0.0,0.0937690645456314,0.2744004942245062,1.3381384407488688,0.1805217469845778,,,,,,
ele-fashion,44,validation,E6_D0,visual,3,2444,0.0159594644026437,0.03844951027044,,,0.5380523731587561,0.1165745957265265,0.0,0.304882624745369,0.2623793663740548,1.3427212020037802,0.1726247078255916,,,,,,
ele-fashion,44,validation,E6_D0,visual,4,2444,0.2417075506574588,0.3355506856631603,,,0.6391162029459901,0.382346732749218,0.0,1.3042059063911458,0.2726172653991735,1.3372544164231288,0.1793571592182067,,,,,,
Reddit-S,42,train,E6_D0,text,1,2384,0.0,0.0028494100454979,,,0.0004194630872483,0.0401990398594756,0.0003752041084226,0.045512494072318,0.2264048000735124,1.3464301357033268,0.1509364543970199,,,,,,
Reddit-S,42,train,E6_D0,text,2,2384,2.4155569428365734e-08,0.0052874138243019,,,0.0310402684563758,0.0596921394960648,0.0004716926196124,0.0985853478312494,0.2232026076569353,1.347296052981143,0.1488016605152179,,,,,,
Reddit-S,42,train,E6_D0,text,3,2384,1.706011074083014e-05,0.003100408252386,,,0.7428691275167785,0.0179719839386671,0.0,5.288059182930755e-05,0.2053045731962927,1.3535874580976948,0.1368696425335119,,,,,,
Reddit-S,42,train,E6_D0,text,4,2384,0.0758140046896401,0.0735939565245326,,,0.8984899328859061,0.0088065660762221,0.0,0.0001075556618161,0.2590979867921079,1.33414951261858,0.1727319049192655,,,,,,
Reddit-S,42,validation,E6_D0,text,1,795,0.0,0.0056850860567701,,,0.0012578616352201,0.057538249877283,0.0004743343451991,0.0570630818605424,0.227249616065865,1.3461804569892164,0.1514996650084009,,,,,,
Reddit-S,42,validation,E6_D0,text,2,795,2.06082326538468e-08,0.0097933313268632,,,0.0113207547169811,0.0913973661827926,0.0006178971962071,0.1982448875904084,0.2251817350867409,1.3464045136229796,0.1501210780826004,,,,,,
Reddit-S,42,validation,E6_D0,text,3,794,1.3741922420999867e-05,0.0104175701969216,,,0.6876574307304786,0.0587890989266236,0.0,0.0001509847730631,0.2097126768728347,1.3523141246298398,0.1398083768991439,,,,,,
Reddit-S,42,validation,E6_D0,text,4,795,0.1497638006025684,0.1488818871582116,,,0.9144654088050316,0.0053811771624923,0.0,0.0,0.2506333156014388,1.3369098249471412,0.167088793115046,,,,,,
Reddit-S,42,train,E6_D0,visual,1,2384,0.0,0.0037838982625617,,,0.0079697986577181,0.1478199893589581,0.0003627890837378,0.1353359788656236,0.2495630113470474,1.3312471298463393,0.166375327386562,,,,,,
Reddit-S,42,train,E6_D0,visual,2,2384,1.2590319037293846e-07,0.0078152170628708,,,0.1782718120805369,0.1537227749550263,7.30098327039741e-05,0.1801433667540571,0.2255102852421919,1.339690796380875,0.1503401770375219,,,,,,
Reddit-S,42,train,E6_D0,visual,3,2384,2.432907658442676e-05,0.000129028734901,,,0.919043624161074,0.0005626730272648,0.0,0.0,0.2630329149768957,1.3219282089063786,0.1753552642794663,,,,,,
Reddit-S,42,train,E6_D0,visual,4,2384,0.0978747192470591,0.0912950025782454,,,0.9274328859060402,0.0309020478877859,0.0,0.0,0.3113395573083786,1.3135097973398715,0.2075596887730812,,,,,,
Reddit-S,42,validation,E6_D0,visual,1,795,0.0,0.0073451742132684,,,0.0025157232704402,0.2274971750828546,0.0004180074902251,0.2501092255115509,0.2517753229013779,1.3305338111313634,0.1678502016097494,,,,,,
Reddit-S,42,validation,E6_D0,visual,2,795,9.651968918479101e-08,0.0241558350685406,,,0.1459119496855346,0.2606870179444483,9.797477105166764e-05,0.3551776349544526,0.2278162249041803,1.3387639584031494,0.1518774696865921,,,,,,
Reddit-S,42,validation,E6_D0,visual,3,794,2.442013413053157e-05,0.0035693356474959,,,0.8967254408060453,0.0145940157283566,0.0,1.1204887414351215e-06,0.2623525457620921,1.322374626431117,0.17490168366234,,,,,,
Reddit-S,42,validation,E6_D0,visual,4,795,0.2305908840873209,0.2270445491531944,,,0.9232704402515725,0.0242547226378565,0.0,0.0,0.307683045571705,1.3147826271237066,0.2051220143741031,,,,,,
Reddit-S,43,train,E6_D0,text,1,2384,0.0,0.0019770276405447,,,0.0,0.0466133814190377,0.000442506672698,0.0581188552081586,0.3569122664505403,1.310330179063666,0.2379415028559781,,,,,,
Reddit-S,43,train,E6_D0,text,2,2384,1.1226285190048584e-08,0.0031006943482115,,,0.0159395973154362,0.0679846291578925,0.0005344559322111,0.1004255749285222,0.3560608435022151,1.3106801222334772,0.2373738875675121,,,,,,
Reddit-S,43,train,E6_D0,text,3,2384,8.518311261949338e-06,0.001734397112486,,,0.68498322147651,0.0123165468905983,0.0,4.898901679553102e-05,0.3501729006260233,1.3130434316976758,0.2334485923271351,,,,,,
Reddit-S,43,train,E6_D0,text,4,2384,0.0583030061866399,0.0553221690269701,,,0.8745805369127517,0.0081491410299215,0.0,0.0003693546459544,0.3666493330875899,1.306393539595524,0.244432880680683,,,,,,
Reddit-S,43,validation,E6_D0,text,1,795,0.0,0.0051981024831942,,,0.0012578616352201,0.0614019999973188,0.0005053100176155,0.0459621854126453,0.3573776332087486,1.310130791094318,0.2382517475002216,,,,,,
Reddit-S,43,validation,E6_D0,text,2,795,5.897204830961407e-09,0.008765633377476,,,0.0,0.1055643848823489,0.0007068398408591,0.1813210010528566,0.3580357485597238,1.309905691716656,0.2386904905802049,,,,,,
Reddit-S,43,validation,E6_D0,text,3,794,6.266730700239134e-06,0.0162823393240542,,,0.6448362720403022,0.0901009406804574,0.0,0.0001720410931739,0.3494695996307306,1.3133244533983226,0.2329797247983046,,,,,,
Reddit-S,43,validation,E6_D0,text,4,795,0.1471559226926677,0.1460011490640533,,,0.879245283018868,0.0069985400815055,0.0,0.0001966435462236,0.3650650048780741,1.3070483191208269,0.2433766631022939,,,,,,
Reddit-S,43,train,E6_D0,visual,1,2384,0.0,0.0018414066925401,,,0.0062919463087248,0.1185809267167972,0.0001485182438045,0.0761623129248621,0.3648939703734929,1.3072782213355871,0.2432626431320337,,,,,,
Reddit-S,43,train,E6_D0,visual,2,2384,5.352107029899713e-08,0.0034407705150086,,,0.1279362416107382,0.1182942965908602,4.9823225708678365e-05,0.115059205889702,0.3628653756424084,1.3081009021941448,0.2419102462696149,,,,,,
Reddit-S,43,train,E6_D0,visual,3,2384,1.1683618674002622e-05,0.0009370900332032,,,0.8779362416107382,0.0056848983493865,0.0,3.5021366784349723e-06,0.3643967921301823,1.30745329977882,0.2429311904718712,,,,,,
Reddit-S,43,train,E6_D0,visual,4,2384,0.0615363228974964,0.0536527837591574,,,0.9161073825503356,0.0279467458994742,0.0,0.0,0.3711005418417638,1.304745257500834,0.2474003573192046,,,,,,
Reddit-S,43,validation,E6_D0,visual,1,795,0.0,0.0054123137337417,,,0.0075471698113207,0.1550537765618461,0.0001996324135689,0.1726230353116991,0.3649944496604631,1.3072416157092688,0.2433296290396144,,,,,,
Reddit-S,43,validation,E6_D0,visual,2,795,4.40488044932434e-08,0.0096036847030936,,,0.1081761006289308,0.193538973454119,7.032947905827314e-05,0.1552617847919467,0.3647858431879079,1.307336150475268,0.2431905582640905,,,,,,
Reddit-S,43,validation,E6_D0,visual,3,794,1.094266198870448e-05,0.0122849398711444,,,0.8513853904282116,0.0601224624364355,0.0,9.905706247081996e-06,0.3638489552273858,1.3076677583627196,0.2425659665232641,,,,,,
Reddit-S,43,validation,E6_D0,visual,4,795,0.18094890766328,0.1748597780089675,,,0.920754716981132,0.0309250298760184,0.0,0.0,0.3712919499139366,1.3046719335160166,0.2475279624732035,,,,,,
Reddit-S,44,train,E6_D0,text,1,2384,0.0,0.0013862597078724,,,0.0004194630872483,0.0500385413747378,0.0002129768763552,0.0396246481686831,0.1744473517353602,1.3569198573795742,0.1162981694039182,,,,,,
Reddit-S,44,train,E6_D0,text,2,2384,0.0,0.0011715992143832,,,0.0008389261744966,0.0401044608593012,0.0001972560057765,0.0290586667135358,0.1672347407137987,1.3594622456987433,0.1114897633083914,,,,,,
Reddit-S,44,train,E6_D0,text,3,2384,3.716687901591013e-06,0.0017825247448763,,,0.6489093959731543,0.0199573472008345,0.0,7.921636279206814e-05,0.1531082601942772,1.3627799122825566,0.1020721147749448,,,,,,
Reddit-S,44,train,E6_D0,text,4,2384,0.0402033284831403,0.0359325170566942,,,0.8330536912751678,0.0131900256394738,0.0,0.0007245098357088,0.2524188479983666,1.3355083953614202,0.1682791429565557,,,,,,
Reddit-S,44,validation,E6_D0,text,1,795,0.0,0.006039653056826,,,0.0012578616352201,0.0906691227400999,0.0001846359227783,0.0539962038397789,0.1648162303668148,1.35943412870731,0.1098774249073844,,,,,,
Reddit-S,44,validation,E6_D0,text,2,795,0.0,0.0089532473319408,,,0.0,0.1042113825084142,0.0002872481709346,0.1053780853748322,0.1694163895440551,1.3580715830221115,0.112944194993133,,,,,,
Reddit-S,44,validation,E6_D0,text,3,794,2.340557269999168e-06,0.0206520172438343,,,0.5680100755667506,0.139615624537079,0.0,0.0851422592997553,0.1616417917256391,1.3606765093070734,0.1077611332651349,,,,,,
Reddit-S,44,validation,E6_D0,text,4,795,0.1900519958359385,0.186702545071692,,,0.8389937106918239,0.0125655931543812,0.0,0.0003356442204676,0.2341175925619197,1.3419297339781275,0.1560783106013664,,,,,,
Reddit-S,44,train,E6_D0,visual,1,2384,0.0,0.0015127743122358,,,0.0054530201342281,0.108092823806108,4.7264640670618974e-05,0.0507100213319063,0.212753076018803,1.3396693022059114,0.1418353557061629,,,,,,
Reddit-S,44,train,E6_D0,visual,2,2384,1.4814906765937337e-08,0.0017949148218228,,,0.0725671140939597,0.1224577492737288,2.9801029995724093e-05,0.0539183124899865,0.2124618274103475,1.3400883004569368,0.1416411910256083,,,,,,
Reddit-S,44,train,E6_D0,visual,3,2384,5.003433277684493e-06,0.0009110931551389,,,0.8842281879194631,0.0081009947372666,0.0,4.76834020446404e-07,0.246873193539229,1.325868245139218,0.1645820996405294,,,,,,
Reddit-S,44,train,E6_D0,visual,4,2384,0.0415939095493371,0.0329996707380421,,,0.9236577181208052,0.0324522023217664,0.0,0.0,0.2567460204680894,1.3305651092489297,0.1711639808803396,,,,,,
Reddit-S,44,validation,E6_D0,visual,1,795,0.0,0.0050135134378044,,,0.0050314465408805,0.1352812025825482,5.8051376981893554e-05,0.0342106208205223,0.2226364794767127,1.336474298831052,0.1484242908797174,,,,,,
Reddit-S,44,validation,E6_D0,visual,2,795,1.8327640082591772e-08,0.0075223650314005,,,0.0817610062893081,0.2044285911803241,4.695530515164137e-05,0.1316709846258164,0.1988146013433828,1.3450427509703726,0.1325430404090281,,,,,,
Reddit-S,44,validation,E6_D0,visual,3,794,4.216611359422856e-06,0.0207353097380888,,,0.8400503778337531,0.110045717971342,0.0,5.719985347241164e-06,0.2472765830061598,1.326457310833919,0.1648510255914191,,,,,,
Reddit-S,44,validation,E6_D0,visual,4,795,0.2754095994838257,0.2688123426644144,,,0.9320754716981132,0.0314693668754529,0.0,0.0,0.2528746272595423,1.332362001197143,0.1685830521883454,,,,,,
Movies,42,train,C0_Uniform,text,1,2501,0.003471926670327984,,,,,,,,,,,0.09916033586565375,0.023019643500447273,0.0,,,
Movies,42,train,C0_Uniform,text,2,2501,0.026062994360140233,,,,,,,,,,,0.08716513394642143,0.06617344170808792,0.0,,,
Movies,42,train,C0_Uniform,text,3,2500,0.09061716633290048,,,,,,,,,,,0.0484,0.12863938510417938,0.0,,,
Movies,42,train,C0_Uniform,text,4,2501,0.43594636546164117,,,,,,,,,,,0.015193922431027589,0.4524550139904022,0.0,,,
Movies,42,validation,C0_Uniform,text,1,834,0.005003102051226355,,,,,,,,,,,0.08752997601918465,0.043527476489543915,0.0,,,
Movies,42,validation,C0_Uniform,text,2,833,0.03861612513088946,,,,,,,,,,,0.06482593037214886,0.11912579834461212,0.0,,,
Movies,42,validation,C0_Uniform,text,3,833,0.1272103430665269,,,,,,,,,,,0.04441776710684274,0.2398214489221573,0.0,,,
Movies,42,validation,C0_Uniform,text,4,834,0.6130441813696202,,,,,,,,,,,0.01079136690647482,0.6886017918586731,0.0,,,
Movies,42,train,C0_Uniform,visual,1,2501,0.007272669290997678,,,,,,,,,,,0.11595361855257896,0.03618945553898811,0.0,,,
Movies,42,train,C0_Uniform,visual,2,2501,0.04699982957142151,,,,,,,,,,,0.09316273490603759,0.08574491739273071,0.0,,,
Movies,42,train,C0_Uniform,visual,3,2500,0.14738695841729638,,,,,,,,,,,0.08,0.18070998787879944,0.0,,,
Movies,42,train,C0_Uniform,visual,4,2501,0.576163477590922,,,,,,,,,,,0.03158736505397841,0.5892137289047241,0.0,,,
Movies,42,validation,C0_Uniform,visual,1,834,0.007486777905207847,,,,,,,,,,,0.08872901678657075,0.09058649092912674,0.0,,,
Movies,42,validation,C0_Uniform,visual,2,833,0.051142845826060206,,,,,,,,,,,0.0936374549819928,0.1858934462070465,0.0,,,
Movies,42,validation,C0_Uniform,visual,3,833,0.1613537503981075,,,,,,,,,,,0.057623049219687875,0.3520875573158264,0.0,,,
Movies,42,validation,C0_Uniform,visual,4,834,0.6757957977142265,,,,,,,,,,,0.02997601918465228,0.8883303999900818,0.0,,,
Movies,42,train,C0_Uniform,joint,1,2501,0.011215080367868165,,,,,,,,,,,,,0.0,0.9812074899673462,0.9167438515712185,0.0462031327188015
Movies,42,train,C0_Uniform,joint,2,2501,0.05724653745105844,,,,,,,,,,,,,0.0,0.9036385416984558,0.8340606789741234,0.15626998245716095
Movies,42,train,C0_Uniform,joint,3,2500,0.14263914529979224,,,,,,,,,,,,,0.0,0.8371999859809875,0.7693436925884167,0.30877742171287537
Movies,42,train,C0_Uniform,joint,4,2501,0.45586938178185366,,,,,,,,,,,,,0.0,0.5077968835830688,0.42929653477931423,0.827892005443573
Movies,42,validation,C0_Uniform,joint,1,834,0.01379792591767565,,,,,,,,,,,,,0.0,0.9028777480125427,0.73815712313889,0.10360536724328995
Movies,42,validation,C0_Uniform,joint,2,833,0.07158562958705608,,,,,,,,,,,,,0.0,0.6926770210266113,0.6109432365922532,0.30324631929397583
Movies,42,validation,C0_Uniform,joint,3,833,0.17661584526890753,,,,,,,,,,,,,0.0,0.5198079347610474,0.4463719141454212,0.6051056981086731
Movies,42,validation,C0_Uniform,joint,4,834,0.577897852255429,,,,,,,,,,,,,0.0,0.1774580329656601,0.18393980798779624,1.3360849618911743
Movies,42,train,GLOBAL_ACTION,text,1,2501,0.003471926670327984,,,,,,,,,,,0.09916033586565375,0.023019643500447273,0.0,,,
Movies,42,train,GLOBAL_ACTION,text,2,2501,0.026062994360140233,,,,,,,,,,,0.08716513394642143,0.06617344170808792,0.0,,,
Movies,42,train,GLOBAL_ACTION,text,3,2500,0.09061716633290048,,,,,,,,,,,0.0484,0.12863938510417938,0.0,,,
Movies,42,train,GLOBAL_ACTION,text,4,2501,0.43594636546164117,,,,,,,,,,,0.015193922431027589,0.4524550139904022,0.0,,,
Movies,42,validation,GLOBAL_ACTION,text,1,834,0.005003102051226355,,,,,,,,,,,0.08752997601918465,0.043527476489543915,0.0,,,
Movies,42,validation,GLOBAL_ACTION,text,2,833,0.03861612513088946,,,,,,,,,,,0.06482593037214886,0.11912579834461212,0.0,,,
Movies,42,validation,GLOBAL_ACTION,text,3,833,0.1272103430665269,,,,,,,,,,,0.04441776710684274,0.2398214489221573,0.0,,,
Movies,42,validation,GLOBAL_ACTION,text,4,834,0.6130441813696202,,,,,,,,,,,0.01079136690647482,0.6886017918586731,0.0,,,
Movies,42,train,GLOBAL_ACTION,visual,1,2501,0.007272669290997678,,,,,,,,,,,0.11595361855257896,0.03618945553898811,0.0,,,
Movies,42,train,GLOBAL_ACTION,visual,2,2501,0.04699982957142151,,,,,,,,,,,0.09316273490603759,0.08574491739273071,0.0,,,
Movies,42,train,GLOBAL_ACTION,visual,3,2500,0.14738695841729638,,,,,,,,,,,0.08,0.18070998787879944,0.0,,,
Movies,42,train,GLOBAL_ACTION,visual,4,2501,0.576163477590922,,,,,,,,,,,0.03158736505397841,0.5892137289047241,0.0,,,
Movies,42,validation,GLOBAL_ACTION,visual,1,834,0.007486777905207847,,,,,,,,,,,0.08872901678657075,0.09058649092912674,0.0,,,
Movies,42,validation,GLOBAL_ACTION,visual,2,833,0.051142845826060206,,,,,,,,,,,0.0936374549819928,0.1858934462070465,0.0,,,
Movies,42,validation,GLOBAL_ACTION,visual,3,833,0.1613537503981075,,,,,,,,,,,0.057623049219687875,0.3520875573158264,0.0,,,
Movies,42,validation,GLOBAL_ACTION,visual,4,834,0.6757957977142265,,,,,,,,,,,0.02997601918465228,0.8883303999900818,0.0,,,
Movies,42,train,GLOBAL_ACTION,joint,1,2501,0.011215080367868165,,,,,,,,,,,,,0.0,0.9812074899673462,0.9167438515712185,0.0462031327188015
Movies,42,train,GLOBAL_ACTION,joint,2,2501,0.05724653745105844,,,,,,,,,,,,,0.0,0.9036385416984558,0.8340606789741234,0.15626998245716095
Movies,42,train,GLOBAL_ACTION,joint,3,2500,0.14263914529979224,,,,,,,,,,,,,0.0,0.8371999859809875,0.7693436925884167,0.30877742171287537
Movies,42,train,GLOBAL_ACTION,joint,4,2501,0.45586938178185366,,,,,,,,,,,,,0.0,0.5077968835830688,0.42929653477931423,0.827892005443573
Movies,42,validation,GLOBAL_ACTION,joint,1,834,0.01379792591767565,,,,,,,,,,,,,0.0,0.9028777480125427,0.73815712313889,0.10360536724328995
Movies,42,validation,GLOBAL_ACTION,joint,2,833,0.07158562958705608,,,,,,,,,,,,,0.0,0.6926770210266113,0.6109432365922532,0.30324631929397583
Movies,42,validation,GLOBAL_ACTION,joint,3,833,0.17661584526890753,,,,,,,,,,,,,0.0,0.5198079347610474,0.4463719141454212,0.6051056981086731
Movies,42,validation,GLOBAL_ACTION,joint,4,834,0.577897852255429,,,,,,,,,,,,,0.0,0.1774580329656601,0.18393980798779624,1.3360849618911743
Movies,42,train,E6_D0_projected,text,1,2501,0.003471926670327984,,,,,,,,,,,0.2343062774890044,0.17326349020004272,-10733883392.0,,,
Movies,42,train,E6_D0_projected,text,2,2501,0.026062994360140233,,,,,,,,,,,0.4258296681327469,0.3195836544036865,-18070165504.0,,,
Movies,42,train,E6_D0_projected,text,3,2500,0.09061716633290048,,,,,,,,,,,0.6388,0.2897067666053772,-15808742400.0,,,
Movies,42,train,E6_D0_projected,text,4,2501,0.43594636546164117,,,,,,,,,,,0.8812475009996001,0.15983252227306366,-11813936128.0,,,
Movies,42,validation,E6_D0_projected,text,1,834,0.005003102051226355,,,,,,,,,,,0.23621103117505995,0.25529858469963074,-8881414144.0,,,
Movies,42,validation,E6_D0_projected,text,2,833,0.03861612513088946,,,,,,,,,,,0.3469387755102041,0.5223743319511414,-19362883584.0,,,
Movies,42,validation,E6_D0_projected,text,3,833,0.1272103430665269,,,,,,,,,,,0.4729891956782713,0.6161965727806091,-20401635328.0,,,
Movies,42,validation,E6_D0_projected,text,4,834,0.6130441813696202,,,,,,,,,,,0.7841726618705036,0.4014182388782501,-6805836800.0,,,
Movies,42,train,E6_D0_projected,visual,1,2501,0.007272669290997678,,,,,,,,,,,0.29868052778888443,0.30732443928718567,-24520249344.0,,,
Movies,42,train,E6_D0_projected,visual,2,2501,0.04699982957142151,,,,,,,,,,,0.5089964014394243,0.3859233260154724,-29103122432.0,,,
Movies,42,train,E6_D0_projected,visual,3,2500,0.14738695841729638,,,,,,,,,,,0.6664,0.3854312002658844,-45130194944.0,,,
Movies,42,train,E6_D0_projected,visual,4,2501,0.576163477590922,,,,,,,,,,,0.8732506997201119,0.20333163440227509,-32787812352.0,,,
Movies,42,validation,E6_D0_projected,visual,1,834,0.007486777905207847,,,,,,,,,,,0.23980815347721823,0.6056692600250244,-18730672128.0,,,
Movies,42,validation,E6_D0_projected,visual,2,833,0.051142845826060206,,,,,,,,,,,0.33013205282112845,0.8609561920166016,-30918307840.0,,,
Movies,42,validation,E6_D0_projected,visual,3,833,0.1613537503981075,,,,,,,,,,,0.4189675870348139,1.1803126335144043,-38150037504.0,,,
Movies,42,validation,E6_D0_projected,visual,4,834,0.6757957977142265,,,,,,,,,,,0.5863309352517986,1.2577860355377197,-28753653760.0,,,
Movies,42,train,E6_D0_projected,joint,1,2501,0.011215080367868165,,,,,,,,,,,,,-524770368.0,0.8724510073661804,0.7536821697707402,0.2904230058193207
Movies,42,train,E6_D0_projected,joint,2,2501,0.05724653745105844,,,,,,,,,,,,,-6190026240.0,0.7720911502838135,0.6917025633910955,0.4383447766304016
Movies,42,train,E6_D0_projected,joint,3,2500,0.14263914529979224,,,,,,,,,,,,,-2898799104.0,0.7436000108718872,0.6512790585457894,0.4556281268596649
Movies,42,train,E6_D0_projected,joint,4,2501,0.45586938178185366,,,,,,,,,,,,,-254447392.0,0.691323459148407,0.6233188015485923,0.49387675523757935
Movies,42,validation,E6_D0_projected,joint,1,834,0.01379792591767565,,,,,,,,,,,,,-2015259904.0,0.7398081421852112,0.5203279412986332,0.5732229948043823
Movies,42,validation,E6_D0_projected,joint,2,833,0.07158562958705608,,,,,,,,,,,,,-8274660352.0,0.5150060057640076,0.41006900720287076,1.104500412940979
Movies,42,validation,E6_D0_projected,joint,3,833,0.17661584526890753,,,,,,,,,,,,,-1871389440.0,0.41536614298820496,0.3716484527462657,1.6427714824676514
Movies,42,validation,E6_D0_projected,joint,4,834,0.577897852255429,,,,,,,,,,,,,-734702912.0,0.3249400556087494,0.3113083700287106,1.7256951332092285
Movies,42,train,E6_D0,text,1,2501,0.003471926670327984,,,,,,,,,,,0.2343062774890044,0.17326349020004272,-10733883392.0,,,
Movies,42,train,E6_D0,text,2,2501,0.026062994360140233,,,,,,,,,,,0.4258296681327469,0.3195836544036865,-18070165504.0,,,
Movies,42,train,E6_D0,text,3,2500,0.09061716633290048,,,,,,,,,,,0.6388,0.2897067666053772,-15808742400.0,,,
Movies,42,train,E6_D0,text,4,2501,0.43594636546164117,,,,,,,,,,,0.8812475009996001,0.15983252227306366,-11813936128.0,,,
Movies,42,validation,E6_D0,text,1,834,0.005003102051226355,,,,,,,,,,,0.23621103117505995,0.25529858469963074,-8881414144.0,,,
Movies,42,validation,E6_D0,text,2,833,0.03861612513088946,,,,,,,,,,,0.3469387755102041,0.5223743319511414,-19362883584.0,,,
Movies,42,validation,E6_D0,text,3,833,0.1272103430665269,,,,,,,,,,,0.4729891956782713,0.6161965727806091,-20401635328.0,,,
Movies,42,validation,E6_D0,text,4,834,0.6130441813696202,,,,,,,,,,,0.7841726618705036,0.4014182388782501,-6805836800.0,,,
Movies,42,train,E6_D0,visual,1,2501,0.007272669290997678,,,,,,,,,,,0.29868052778888443,0.30732443928718567,-24520249344.0,,,
Movies,42,train,E6_D0,visual,2,2501,0.04699982957142151,,,,,,,,,,,0.5089964014394243,0.3859233260154724,-29103122432.0,,,
Movies,42,train,E6_D0,visual,3,2500,0.14738695841729638,,,,,,,,,,,0.6664,0.3854312002658844,-45130194944.0,,,
Movies,42,train,E6_D0,visual,4,2501,0.576163477590922,,,,,,,,,,,0.8732506997201119,0.20333163440227509,-32787812352.0,,,
Movies,42,validation,E6_D0,visual,1,834,0.007486777905207847,,,,,,,,,,,0.23980815347721823,0.6056692600250244,-18730672128.0,,,
Movies,42,validation,E6_D0,visual,2,833,0.051142845826060206,,,,,,,,,,,0.33013205282112845,0.8609561920166016,-30918307840.0,,,
Movies,42,validation,E6_D0,visual,3,833,0.1613537503981075,,,,,,,,,,,0.4189675870348139,1.1803126335144043,-38150037504.0,,,
Movies,42,validation,E6_D0,visual,4,834,0.6757957977142265,,,,,,,,,,,0.5863309352517986,1.2577860355377197,-28753653760.0,,,
Movies,42,train,E6_D0,joint,1,2501,0.011215080367868165,,,,,,,,,,,,,256312.53125,0.9812074899673462,0.9167438515712185,0.04626457393169403
Movies,42,train,E6_D0,joint,2,2501,0.05724653745105844,,,,,,,,,,,,,3898624.25,0.9036385416984558,0.8340606789741234,0.15618900954723358
Movies,42,train,E6_D0,joint,3,2500,0.14263914529979224,,,,,,,,,,,,,5136758.0,0.8379999995231628,0.7699669553057121,0.3082219362258911
Movies,42,train,E6_D0,joint,4,2501,0.45586938178185366,,,,,,,,,,,,,677267.0625,0.5085965394973755,0.4295615486239597,0.8255507349967957
Movies,42,validation,E6_D0,joint,1,834,0.01379792591767565,,,,,,,,,,,,,36127.26953125,0.9028777480125427,0.7319459369306424,0.10392723977565765
Movies,42,validation,E6_D0,joint,2,833,0.07158562958705608,,,,,,,,,,,,,9672672.0,0.6926770210266113,0.6109432365922532,0.3038524091243744
Movies,42,validation,E6_D0,joint,3,833,0.17661584526890753,,,,,,,,,,,,,1887885.75,0.5198079347610474,0.4463719141454212,0.605929434299469
Movies,42,validation,E6_D0,joint,4,834,0.577897852255429,,,,,,,,,,,,,3354869.75,0.1774580329656601,0.18393980798779624,1.3353779315948486
Movies,42,train,R0_trajectory_ranker,text,1,2501,0.003471926670327984,,,,,,,,,,,0.09916033586565375,0.023019643500447273,0.0,,,
Movies,42,train,R0_trajectory_ranker,text,2,2501,0.026062994360140233,,,,,,,,,,,0.08716513394642143,0.06617344170808792,0.0,,,
Movies,42,train,R0_trajectory_ranker,text,3,2500,0.09061716633290048,,,,,,,,,,,0.0484,0.12863938510417938,0.0,,,
Movies,42,train,R0_trajectory_ranker,text,4,2501,0.43594636546164117,,,,,,,,,,,0.015193922431027589,0.4524550139904022,0.0,,,
Movies,42,validation,R0_trajectory_ranker,text,1,834,0.005003102051226355,,,,,,,,,,,0.08752997601918465,0.043527476489543915,0.0,,,
Movies,42,validation,R0_trajectory_ranker,text,2,833,0.03861612513088946,,,,,,,,,,,0.06482593037214886,0.11912579834461212,0.0,,,
Movies,42,validation,R0_trajectory_ranker,text,3,833,0.1272103430665269,,,,,,,,,,,0.04441776710684274,0.2398214489221573,0.0,,,
Movies,42,validation,R0_trajectory_ranker,text,4,834,0.6130441813696202,,,,,,,,,,,0.01079136690647482,0.6886017918586731,0.0,,,
Movies,42,train,R0_trajectory_ranker,visual,1,2501,0.007272669290997678,,,,,,,,,,,0.11595361855257896,0.03618945553898811,0.0,,,
Movies,42,train,R0_trajectory_ranker,visual,2,2501,0.04699982957142151,,,,,,,,,,,0.09316273490603759,0.08574491739273071,0.0,,,
Movies,42,train,R0_trajectory_ranker,visual,3,2500,0.14738695841729638,,,,,,,,,,,0.08,0.18070998787879944,0.0,,,
Movies,42,train,R0_trajectory_ranker,visual,4,2501,0.576163477590922,,,,,,,,,,,0.03158736505397841,0.5892137289047241,0.0,,,
Movies,42,validation,R0_trajectory_ranker,visual,1,834,0.007486777905207847,,,,,,,,,,,0.08872901678657075,0.09058649092912674,0.0,,,
Movies,42,validation,R0_trajectory_ranker,visual,2,833,0.051142845826060206,,,,,,,,,,,0.0936374549819928,0.1858934462070465,0.0,,,
Movies,42,validation,R0_trajectory_ranker,visual,3,833,0.1613537503981075,,,,,,,,,,,0.057623049219687875,0.3520875573158264,0.0,,,
Movies,42,validation,R0_trajectory_ranker,visual,4,834,0.6757957977142265,,,,,,,,,,,0.02997601918465228,0.8883303999900818,0.0,,,
Movies,42,train,R0_trajectory_ranker,joint,1,2501,0.011215080367868165,,,,,,,,,,,,,0.0,0.9812074899673462,0.9167438515712185,0.0462031327188015
Movies,42,train,R0_trajectory_ranker,joint,2,2501,0.05724653745105844,,,,,,,,,,,,,0.0,0.9036385416984558,0.8340606789741234,0.15626998245716095
Movies,42,train,R0_trajectory_ranker,joint,3,2500,0.14263914529979224,,,,,,,,,,,,,0.0,0.8371999859809875,0.7693436925884167,0.30877742171287537
Movies,42,train,R0_trajectory_ranker,joint,4,2501,0.45586938178185366,,,,,,,,,,,,,0.0,0.5077968835830688,0.42929653477931423,0.827892005443573
Movies,42,validation,R0_trajectory_ranker,joint,1,834,0.01379792591767565,,,,,,,,,,,,,0.0,0.9028777480125427,0.73815712313889,0.10360536724328995
Movies,42,validation,R0_trajectory_ranker,joint,2,833,0.07158562958705608,,,,,,,,,,,,,0.0,0.6926770210266113,0.6109432365922532,0.30324631929397583
Movies,42,validation,R0_trajectory_ranker,joint,3,833,0.17661584526890753,,,,,,,,,,,,,0.0,0.5198079347610474,0.4463719141454212,0.6051056981086731
Movies,42,validation,R0_trajectory_ranker,joint,4,834,0.577897852255429,,,,,,,,,,,,,0.0,0.1774580329656601,0.18393980798779624,1.3360849618911743
Movies,42,train,R1_capacity_control,text,1,2501,0.003471926670327984,,,,,,,,,,,0.10635745701719312,0.024774551391601562,-224548560.0,,,
Movies,42,train,R1_capacity_control,text,2,2501,0.026062994360140233,,,,,,,,,,,0.1255497800879648,0.06780361384153366,-141138736.0,,,
Movies,42,train,R1_capacity_control,text,3,2500,0.09061716633290048,,,,,,,,,,,0.1012,0.12826552987098694,0.034320201724767685,,,
Movies,42,train,R1_capacity_control,text,4,2501,0.43594636546164117,,,,,,,,,,,0.042782886845261894,0.4441596269607544,0.023016134276986122,,,
Movies,42,validation,R1_capacity_control,text,1,834,0.005003102051226355,,,,,,,,,,,0.10431654676258993,0.0441393107175827,-13214865.0,,,
Movies,42,validation,R1_capacity_control,text,2,833,0.03861612513088946,,,,,,,,,,,0.13085234093637454,0.12074045091867447,0.015246816910803318,,,
Movies,42,validation,R1_capacity_control,text,3,833,0.1272103430665269,,,,,,,,,,,0.07803121248499399,0.24142685532569885,0.019102200865745544,,,
Movies,42,validation,R1_capacity_control,text,4,834,0.6130441813696202,,,,,,,,,,,0.03597122302158273,0.6885941028594971,0.010190147906541824,,,
Movies,42,train,R1_capacity_control,visual,1,2501,0.007272669290997678,,,,,,,,,,,0.11595361855257896,0.03618945553898811,0.0,,,
Movies,42,train,R1_capacity_control,visual,2,2501,0.04699982957142151,,,,,,,,,,,0.09316273490603759,0.08574491739273071,0.0,,,
Movies,42,train,R1_capacity_control,visual,3,2500,0.14738695841729638,,,,,,,,,,,0.08,0.18070998787879944,0.0,,,
Movies,42,train,R1_capacity_control,visual,4,2501,0.576163477590922,,,,,,,,,,,0.03158736505397841,0.5892137289047241,0.0,,,
Movies,42,validation,R1_capacity_control,visual,1,834,0.007486777905207847,,,,,,,,,,,0.08872901678657075,0.09058649092912674,0.0,,,
Movies,42,validation,R1_capacity_control,visual,2,833,0.051142845826060206,,,,,,,,,,,0.0936374549819928,0.1858934462070465,0.0,,,
Movies,42,validation,R1_capacity_control,visual,3,833,0.1613537503981075,,,,,,,,,,,0.057623049219687875,0.3520875573158264,0.0,,,
Movies,42,validation,R1_capacity_control,visual,4,834,0.6757957977142265,,,,,,,,,,,0.02997601918465228,0.8883303999900818,0.0,,,
Movies,42,train,R1_capacity_control,joint,1,2501,0.011215080367868165,,,,,,,,,,,,,0.013762982562184334,0.9812074899673462,0.9167438515712185,0.04613882675766945
Movies,42,train,R1_capacity_control,joint,2,2501,0.05724653745105844,,,,,,,,,,,,,0.0321582555770874,0.9032387137413025,0.833860755963693,0.1542474329471588
Movies,42,train,R1_capacity_control,joint,3,2500,0.14263914529979224,,,,,,,,,,,,,0.007520019542425871,0.835599958896637,0.7682854020356819,0.30902305245399475
Movies,42,train,R1_capacity_control,joint,4,2501,0.45586938178185366,,,,,,,,,,,,,0.006339040584862232,0.5113954544067383,0.4314650607127695,0.8244493007659912
Movies,42,validation,R1_capacity_control,joint,1,834,0.01379792591767565,,,,,,,,,,,,,0.015403784811496735,0.9016786813735962,0.7375442389632128,0.10373147577047348
Movies,42,validation,R1_capacity_control,joint,2,833,0.07158562958705608,,,,,,,,,,,,,0.024642476812005043,0.6926770210266113,0.6116333721696259,0.3024660646915436
Movies,42,validation,R1_capacity_control,joint,3,833,0.17661584526890753,,,,,,,,,,,,,0.008592511527240276,0.5210083723068237,0.4389562122378427,0.6046085357666016
Movies,42,validation,R1_capacity_control,joint,4,834,0.577897852255429,,,,,,,,,,,,,-0.0007905749953351915,0.17985612154006958,0.1833934859650463,1.341055154800415
Movies,42,train,R1_decision_ranker,text,1,2501,0.003471926670327984,,,,,,,,,,,0.09836065573770492,0.029789188876748085,-1142341120.0,,,
Movies,42,train,R1_decision_ranker,text,2,2501,0.026062994360140233,,,,,,,,,,,0.08756497401039584,0.08398132026195526,-0.056904155761003494,,,
Movies,42,train,R1_decision_ranker,text,3,2500,0.09061716633290048,,,,,,,,,,,0.0564,0.1466633826494217,-280535424.0,,,
Movies,42,train,R1_decision_ranker,text,4,2501,0.43594636546164117,,,,,,,,,,,0.14154338264694122,0.41773560643196106,-1013317568.0,,,
Movies,42,validation,R1_decision_ranker,text,1,834,0.005003102051226355,,,,,,,,,,,0.08752997601918465,0.05281740427017212,-0.2278275191783905,,,
Movies,42,validation,R1_decision_ranker,text,2,833,0.03861612513088946,,,,,,,,,,,0.061224489795918366,0.16256654262542725,-3538719744.0,,,
Movies,42,validation,R1_decision_ranker,text,3,833,0.1272103430665269,,,,,,,,,,,0.058823529411764705,0.2988791763782501,-1527679872.0,,,
Movies,42,validation,R1_decision_ranker,text,4,834,0.6130441813696202,,,,,,,,,,,0.0671462829736211,0.6800636053085327,0.035603802651166916,,,
Movies,42,train,R1_decision_ranker,visual,1,2501,0.007272669290997678,,,,,,,,,,,0.11555377848860456,0.039797838777303696,-258948176.0,,,
Movies,42,train,R1_decision_ranker,visual,2,2501,0.04699982957142151,,,,,,,,,,,0.09316273490603759,0.08774840831756592,-0.006353678647428751,,,
Movies,42,train,R1_decision_ranker,visual,3,2500,0.14738695841729638,,,,,,,,,,,0.0796,0.1827852725982666,-392000384.0,,,
Movies,42,train,R1_decision_ranker,visual,4,2501,0.576163477590922,,,,,,,,,,,0.058376649340263896,0.5757507681846619,-829480448.0,,,
Movies,42,validation,R1_decision_ranker,visual,1,834,0.007486777905207847,,,,,,,,,,,0.08872901678657075,0.09792206436395645,-0.011234022676944733,,,
Movies,42,validation,R1_decision_ranker,visual,2,833,0.051142845826060206,,,,,,,,,,,0.0936374549819928,0.20707355439662933,-0.038849275559186935,,,
Movies,42,validation,R1_decision_ranker,visual,3,833,0.1613537503981075,,,,,,,,,,,0.057623049219687875,0.3758484125137329,-0.02866722084581852,,,
Movies,42,validation,R1_decision_ranker,visual,4,834,0.6757957977142265,,,,,,,,,,,0.04316546762589928,0.8888345956802368,-2762849024.0,,,
Movies,42,train,R1_decision_ranker,joint,1,2501,0.011215080367868165,,,,,,,,,,,,,-0.001398893422447145,0.9812074899673462,0.9167438515712185,0.046995509415864944
Movies,42,train,R1_decision_ranker,joint,2,2501,0.05724653745105844,,,,,,,,,,,,,-0.040557507425546646,0.9036385416984558,0.8340606789741234,0.17137737572193146
Movies,42,train,R1_decision_ranker,joint,3,2500,0.14263914529979224,,,,,,,,,,,,,0.030184252187609673,0.8371999859809875,0.7693436925884167,0.31164607405662537
Movies,42,train,R1_decision_ranker,joint,4,2501,0.45586938178185366,,,,,,,,,,,,,0.05062330141663551,0.5077968835830688,0.42929653477931423,0.8113009333610535
Movies,42,validation,R1_decision_ranker,joint,1,834,0.01379792591767565,,,,,,,,,,,,,-0.0038887900300323963,0.9028777480125427,0.73815712313889,0.10791609436273575
Movies,42,validation,R1_decision_ranker,joint,2,833,0.07158562958705608,,,,,,,,,,,,,-0.06994394212961197,0.6926770210266113,0.6109432365922532,0.35380101203918457
Movies,42,validation,R1_decision_ranker,joint,3,833,0.17661584526890753,,,,,,,,,,,,,-0.04921753704547882,0.5198079347610474,0.4463719141454212,0.6767295598983765
Movies,42,validation,R1_decision_ranker,joint,4,834,0.577897852255429,,,,,,,,,,,,,-0.016188211739063263,0.17865708470344543,0.18451164711084894,1.3655961751937866
Movies,43,train,C0_Uniform,text,1,2501,0.0033276205105247708,,,,,,,,,,,0.09556177528988405,0.024874873459339142,0.0,,,
Movies,43,train,C0_Uniform,text,2,2501,0.02506294634240842,,,,,,,,,,,0.09116353458616554,0.060119420289993286,0.0,,,
Movies,43,train,C0_Uniform,text,3,2500,0.0875337505280971,,,,,,,,,,,0.0628,0.12968243658542633,0.0,,,
Movies,43,train,C0_Uniform,text,4,2501,0.43284067691492584,,,,,,,,,,,0.013194722111155539,0.45397529006004333,0.0,,,
Movies,43,validation,C0_Uniform,text,1,834,0.004103772899156007,,,,,,,,,,,0.07673860911270983,0.052242301404476166,0.0,,,
Movies,43,validation,C0_Uniform,text,2,833,0.0342191985762473,,,,,,,,,,,0.09603841536614646,0.11508676409721375,0.0,,,
Movies,43,validation,C0_Uniform,text,3,833,0.11953564195715934,,,,,,,,,,,0.04081632653061224,0.248442143201828,0.0,,,
Movies,43,validation,C0_Uniform,text,4,834,0.6131939874600163,,,,,,,,,,,0.008393285371702638,0.687734067440033,0.0,,,
Movies,43,train,C0_Uniform,visual,1,2501,0.006512679342990046,,,,,,,,,,,0.11035585765693723,0.034786783158779144,0.0,,,
Movies,43,train,C0_Uniform,visual,2,2501,0.045873084773973435,,,,,,,,,,,0.09676129548180727,0.08109165728092194,0.0,,,
Movies,43,train,C0_Uniform,visual,3,2500,0.14777395499050613,,,,,,,,,,,0.0652,0.18460197746753693,0.0,,,
Movies,43,train,C0_Uniform,visual,4,2501,0.5932194133464549,,,,,,,,,,,0.031187524990004,0.610727071762085,0.0,,,
Movies,43,validation,C0_Uniform,visual,1,834,0.007223112129964518,,,,,,,,,,,0.09952038369304557,0.0810445249080658,0.0,,,
Movies,43,validation,C0_Uniform,visual,2,833,0.05101573328171166,,,,,,,,,,,0.07923169267707082,0.1863485723733902,0.0,,,
Movies,43,validation,C0_Uniform,visual,3,833,0.16176796592727286,,,,,,,,,,,0.06482593037214886,0.33190640807151794,0.0,,,
Movies,43,validation,C0_Uniform,visual,4,834,0.6975798281691343,,,,,,,,,,,0.011990407673860911,0.9187168478965759,0.0,,,
Movies,43,train,C0_Uniform,joint,1,2501,0.01079104710200185,,,,,,,,,,,,,0.0,0.972411036491394,0.8760927683417534,0.0474306084215641
Movies,43,train,C0_Uniform,joint,2,2501,0.05574701793837405,,,,,,,,,,,,,0.0,0.9056377410888672,0.8475025878180045,0.15226595103740692
Movies,43,train,C0_Uniform,joint,3,2500,0.14192023151218885,,,,,,,,,,,,,0.0,0.8367999792098999,0.7904861715898142,0.3067023456096649
Movies,43,train,C0_Uniform,joint,4,2501,0.4626234694928086,,,,,,,,,,,,,0.0,0.4958016872406006,0.43203994450801153,0.8471412062644958
Movies,43,validation,C0_Uniform,joint,1,834,0.013149509698112754,,,,,,,,,,,,,0.0,0.9088729023933411,0.776302386099671,0.09814523905515671
Movies,43,validation,C0_Uniform,joint,2,833,0.06864091538961656,,,,,,,,,,,,,0.0,0.6974789500236511,0.6272661091554783,0.31178247928619385
Movies,43,validation,C0_Uniform,joint,3,833,0.17325645402109638,,,,,,,,,,,,,0.0,0.5138055086135864,0.4902186357643825,0.580501914024353
Movies,43,validation,C0_Uniform,joint,4,834,0.5893430385729678,,,,,,,,,,,,,0.0,0.19064748287200928,0.13463503083356218,1.3648219108581543
Movies,43,train,GLOBAL_ACTION,text,1,2501,0.0033276205105247708,,,,,,,,,,,0.09556177528988405,0.024874873459339142,0.0,,,
Movies,43,train,GLOBAL_ACTION,text,2,2501,0.02506294634240842,,,,,,,,,,,0.09116353458616554,0.060119420289993286,0.0,,,
Movies,43,train,GLOBAL_ACTION,text,3,2500,0.0875337505280971,,,,,,,,,,,0.0628,0.12968243658542633,0.0,,,
Movies,43,train,GLOBAL_ACTION,text,4,2501,0.43284067691492584,,,,,,,,,,,0.013194722111155539,0.45397529006004333,0.0,,,
Movies,43,validation,GLOBAL_ACTION,text,1,834,0.004103772899156007,,,,,,,,,,,0.07673860911270983,0.052242301404476166,0.0,,,
Movies,43,validation,GLOBAL_ACTION,text,2,833,0.0342191985762473,,,,,,,,,,,0.09603841536614646,0.11508676409721375,0.0,,,
Movies,43,validation,GLOBAL_ACTION,text,3,833,0.11953564195715934,,,,,,,,,,,0.04081632653061224,0.248442143201828,0.0,,,
Movies,43,validation,GLOBAL_ACTION,text,4,834,0.6131939874600163,,,,,,,,,,,0.008393285371702638,0.687734067440033,0.0,,,
Movies,43,train,GLOBAL_ACTION,visual,1,2501,0.006512679342990046,,,,,,,,,,,0.11035585765693723,0.034786783158779144,0.0,,,
Movies,43,train,GLOBAL_ACTION,visual,2,2501,0.045873084773973435,,,,,,,,,,,0.09676129548180727,0.08109165728092194,0.0,,,
Movies,43,train,GLOBAL_ACTION,visual,3,2500,0.14777395499050613,,,,,,,,,,,0.0652,0.18460197746753693,0.0,,,
Movies,43,train,GLOBAL_ACTION,visual,4,2501,0.5932194133464549,,,,,,,,,,,0.031187524990004,0.610727071762085,0.0,,,
Movies,43,validation,GLOBAL_ACTION,visual,1,834,0.007223112129964518,,,,,,,,,,,0.09952038369304557,0.0810445249080658,0.0,,,
Movies,43,validation,GLOBAL_ACTION,visual,2,833,0.05101573328171166,,,,,,,,,,,0.07923169267707082,0.1863485723733902,0.0,,,
Movies,43,validation,GLOBAL_ACTION,visual,3,833,0.16176796592727286,,,,,,,,,,,0.06482593037214886,0.33190640807151794,0.0,,,
Movies,43,validation,GLOBAL_ACTION,visual,4,834,0.6975798281691343,,,,,,,,,,,0.011990407673860911,0.9187168478965759,0.0,,,
Movies,43,train,GLOBAL_ACTION,joint,1,2501,0.01079104710200185,,,,,,,,,,,,,0.0,0.972411036491394,0.8760927683417534,0.0474306084215641
Movies,43,train,GLOBAL_ACTION,joint,2,2501,0.05574701793837405,,,,,,,,,,,,,0.0,0.9056377410888672,0.8475025878180045,0.15226595103740692
Movies,43,train,GLOBAL_ACTION,joint,3,2500,0.14192023151218885,,,,,,,,,,,,,0.0,0.8367999792098999,0.7904861715898142,0.3067023456096649
Movies,43,train,GLOBAL_ACTION,joint,4,2501,0.4626234694928086,,,,,,,,,,,,,0.0,0.4958016872406006,0.43203994450801153,0.8471412062644958
Movies,43,validation,GLOBAL_ACTION,joint,1,834,0.013149509698112754,,,,,,,,,,,,,0.0,0.9088729023933411,0.776302386099671,0.09814523905515671
Movies,43,validation,GLOBAL_ACTION,joint,2,833,0.06864091538961656,,,,,,,,,,,,,0.0,0.6974789500236511,0.6272661091554783,0.31178247928619385
Movies,43,validation,GLOBAL_ACTION,joint,3,833,0.17325645402109638,,,,,,,,,,,,,0.0,0.5138055086135864,0.4902186357643825,0.580501914024353
Movies,43,validation,GLOBAL_ACTION,joint,4,834,0.5893430385729678,,,,,,,,,,,,,0.0,0.19064748287200928,0.13463503083356218,1.3648219108581543
Movies,43,train,E6_D0_projected,text,1,2501,0.0033276205105247708,,,,,,,,,,,0.23230707716913235,0.17058303952217102,-5049529344.0,,,
Movies,43,train,E6_D0_projected,text,2,2501,0.02506294634240842,,,,,,,,,,,0.4062375049980008,0.28252965211868286,-16424970240.0,,,
Movies,43,train,E6_D0_projected,text,3,2500,0.0875337505280971,,,,,,,,,,,0.5892,0.31306812167167664,-20964923392.0,,,
Movies,43,train,E6_D0_projected,text,4,2501,0.43284067691492584,,,,,,,,,,,0.8720511795281887,0.1828005462884903,-10212903936.0,,,
Movies,43,validation,E6_D0_projected,text,1,834,0.004103772899156007,,,,,,,,,,,0.18105515587529977,0.3093820810317993,-7447386624.0,,,
Movies,43,validation,E6_D0_projected,text,2,833,0.0342191985762473,,,,,,,,,,,0.3289315726290516,0.48495548963546753,-28539297792.0,,,
Movies,43,validation,E6_D0_projected,text,3,833,0.11953564195715934,,,,,,,,,,,0.43937575030012005,0.6810880899429321,-16389655552.0,,,
Movies,43,validation,E6_D0_projected,text,4,834,0.6131939874600163,,,,,,,,,,,0.7817745803357314,0.44382742047309875,-4943250944.0,,,
Movies,43,train,E6_D0_projected,visual,1,2501,0.006512679342990046,,,,,,,,,,,0.2878848460615754,0.2875367999076843,-18787758080.0,,,
Movies,43,train,E6_D0_projected,visual,2,2501,0.045873084773973435,,,,,,,,,,,0.49060375849660137,0.3614378571510315,-36823969792.0,,,
Movies,43,train,E6_D0_projected,visual,3,2500,0.14777395499050613,,,,,,,,,,,0.666,0.36817318201065063,-37429854208.0,,,
Movies,43,train,E6_D0_projected,visual,4,2501,0.5932194133464549,,,,,,,,,,,0.861655337864854,0.24277539551258087,-30137864192.0,,,
Movies,43,validation,E6_D0_projected,visual,1,834,0.007223112129964518,,,,,,,,,,,0.2182254196642686,0.5025472640991211,-20529090560.0,,,
Movies,43,validation,E6_D0_projected,visual,2,833,0.05101573328171166,,,,,,,,,,,0.3085234093637455,0.908603310585022,-28392034304.0,,,
Movies,43,validation,E6_D0_projected,visual,3,833,0.16176796592727286,,,,,,,,,,,0.4177671068427371,1.0828121900558472,-33810495488.0,,,
Movies,43,validation,E6_D0_projected,visual,4,834,0.6975798281691343,,,,,,,,,,,0.6199040767386091,1.2184398174285889,-11052607488.0,,,
Movies,43,train,E6_D0_projected,joint,1,2501,0.01079104710200185,,,,,,,,,,,,,-1093702144.0,0.8700519800186157,0.7488822883939016,0.29502803087234497
Movies,43,train,E6_D0_projected,joint,2,2501,0.05574701793837405,,,,,,,,,,,,,-5433528832.0,0.7688924670219421,0.6759412126366775,0.4389339089393616
Movies,43,train,E6_D0_projected,joint,3,2500,0.14192023151218885,,,,,,,,,,,,,-10266095616.0,0.7379999756813049,0.6887165423811143,0.43973252177238464
Movies,43,train,E6_D0_projected,joint,4,2501,0.4626234694928086,,,,,,,,,,,,,-888205824.0,0.6661335229873657,0.5790135591878802,0.5225076675415039
Movies,43,validation,E6_D0_projected,joint,1,834,0.013149509698112754,,,,,,,,,,,,,-245369456.0,0.7422062754631042,0.5614877584562075,0.5782639384269714
Movies,43,validation,E6_D0_projected,joint,2,833,0.06864091538961656,,,,,,,,,,,,,-3086553856.0,0.49939975142478943,0.40983381349670933,1.1873184442520142
Movies,43,validation,E6_D0_projected,joint,3,833,0.17325645402109638,,,,,,,,,,,,,-4197716992.0,0.4285714030265808,0.37925259862412347,1.4920240640640259
Movies,43,validation,E6_D0_projected,joint,4,834,0.5893430385729678,,,,,,,,,,,,,-0.19665062427520752,0.31294965744018555,0.20711194940621008,1.7530081272125244
Movies,43,train,E6_D0,text,1,2501,0.0033276205105247708,,,,,,,,,,,0.23230707716913235,0.17058303952217102,-5049529344.0,,,
Movies,43,train,E6_D0,text,2,2501,0.02506294634240842,,,,,,,,,,,0.4062375049980008,0.28252965211868286,-16424970240.0,,,
Movies,43,train,E6_D0,text,3,2500,0.0875337505280971,,,,,,,,,,,0.5892,0.31306812167167664,-20964923392.0,,,
Movies,43,train,E6_D0,text,4,2501,0.43284067691492584,,,,,,,,,,,0.8720511795281887,0.1828005462884903,-10212903936.0,,,
Movies,43,validation,E6_D0,text,1,834,0.004103772899156007,,,,,,,,,,,0.18105515587529977,0.3093820810317993,-7447386624.0,,,
Movies,43,validation,E6_D0,text,2,833,0.0342191985762473,,,,,,,,,,,0.3289315726290516,0.48495548963546753,-28539297792.0,,,
Movies,43,validation,E6_D0,text,3,833,0.11953564195715934,,,,,,,,,,,0.43937575030012005,0.6810880899429321,-16389655552.0,,,
Movies,43,validation,E6_D0,text,4,834,0.6131939874600163,,,,,,,,,,,0.7817745803357314,0.44382742047309875,-4943250944.0,,,
Movies,43,train,E6_D0,visual,1,2501,0.006512679342990046,,,,,,,,,,,0.2878848460615754,0.2875367999076843,-18787758080.0,,,
Movies,43,train,E6_D0,visual,2,2501,0.045873084773973435,,,,,,,,,,,0.49060375849660137,0.3614378571510315,-36823969792.0,,,
Movies,43,train,E6_D0,visual,3,2500,0.14777395499050613,,,,,,,,,,,0.666,0.36817318201065063,-37429854208.0,,,
Movies,43,train,E6_D0,visual,4,2501,0.5932194133464549,,,,,,,,,,,0.861655337864854,0.24277539551258087,-30137864192.0,,,
Movies,43,validation,E6_D0,visual,1,834,0.007223112129964518,,,,,,,,,,,0.2182254196642686,0.5025472640991211,-20529090560.0,,,
Movies,43,validation,E6_D0,visual,2,833,0.05101573328171166,,,,,,,,,,,0.3085234093637455,0.908603310585022,-28392034304.0,,,
Movies,43,validation,E6_D0,visual,3,833,0.16176796592727286,,,,,,,,,,,0.4177671068427371,1.0828121900558472,-33810495488.0,,,
Movies,43,validation,E6_D0,visual,4,834,0.6975798281691343,,,,,,,,,,,0.6199040767386091,1.2184398174285889,-11052607488.0,,,
Movies,43,train,E6_D0,joint,1,2501,0.01079104710200185,,,,,,,,,,,,,3802866.25,0.972411036491394,0.8760927683417534,0.04777605086565018
Movies,43,train,E6_D0,joint,2,2501,0.05574701793837405,,,,,,,,,,,,,14048510.0,0.9056377410888672,0.8461407459054933,0.15191178023815155
Movies,43,train,E6_D0,joint,3,2500,0.14192023151218885,,,,,,,,,,,,,18430670.0,0.8367999792098999,0.7913371579787208,0.30432572960853577
Movies,43,train,E6_D0,joint,4,2501,0.4626234694928086,,,,,,,,,,,,,17364138.0,0.5029988288879395,0.43676482521529475,0.8372071981430054
Movies,43,validation,E6_D0,joint,1,834,0.013149509698112754,,,,,,,,,,,,,3029496.5,0.9088729023933411,0.7748503679227129,0.09969446808099747
Movies,43,validation,E6_D0,joint,2,833,0.06864091538961656,,,,,,,,,,,,,12752247.0,0.6950780153274536,0.6203165390457023,0.3148450553417206
Movies,43,validation,E6_D0,joint,3,833,0.17325645402109638,,,,,,,,,,,,,14313844.0,0.5138055086135864,0.4902186357643825,0.5836637020111084
Movies,43,validation,E6_D0,joint,4,834,0.5893430385729678,,,,,,,,,,,,,0.004276746418327093,0.1942446082830429,0.13810038753323503,1.3623738288879395
Movies,43,train,R0_trajectory_ranker,text,1,2501,0.0033276205105247708,,,,,,,,,,,0.09556177528988405,0.024874873459339142,0.0,,,
Movies,43,train,R0_trajectory_ranker,text,2,2501,0.02506294634240842,,,,,,,,,,,0.09116353458616554,0.060119420289993286,0.0,,,
Movies,43,train,R0_trajectory_ranker,text,3,2500,0.0875337505280971,,,,,,,,,,,0.0628,0.12968243658542633,0.0,,,
Movies,43,train,R0_trajectory_ranker,text,4,2501,0.43284067691492584,,,,,,,,,,,0.013194722111155539,0.45397529006004333,0.0,,,
Movies,43,validation,R0_trajectory_ranker,text,1,834,0.004103772899156007,,,,,,,,,,,0.07673860911270983,0.052242301404476166,0.0,,,
Movies,43,validation,R0_trajectory_ranker,text,2,833,0.0342191985762473,,,,,,,,,,,0.09603841536614646,0.11508676409721375,0.0,,,
Movies,43,validation,R0_trajectory_ranker,text,3,833,0.11953564195715934,,,,,,,,,,,0.04081632653061224,0.248442143201828,0.0,,,
Movies,43,validation,R0_trajectory_ranker,text,4,834,0.6131939874600163,,,,,,,,,,,0.008393285371702638,0.687734067440033,0.0,,,
Movies,43,train,R0_trajectory_ranker,visual,1,2501,0.006512679342990046,,,,,,,,,,,0.11075569772091164,0.03541445732116699,-0.006037610117346048,,,
Movies,43,train,R0_trajectory_ranker,visual,2,2501,0.045873084773973435,,,,,,,,,,,0.0975609756097561,0.08163949102163315,-0.014279660768806934,,,
Movies,43,train,R0_trajectory_ranker,visual,3,2500,0.14777395499050613,,,,,,,,,,,0.0664,0.18502303957939148,-0.0011867365101352334,,,
Movies,43,train,R0_trajectory_ranker,visual,4,2501,0.5932194133464549,,,,,,,,,,,0.03318672530987605,0.6082819104194641,-491720736.0,,,
Movies,43,validation,R0_trajectory_ranker,visual,1,834,0.007223112129964518,,,,,,,,,,,0.09952038369304557,0.0810445249080658,0.0,,,
Movies,43,validation,R0_trajectory_ranker,visual,2,833,0.05101573328171166,,,,,,,,,,,0.08043217286914765,0.1868506222963333,-0.011926697567105293,,,
Movies,43,validation,R0_trajectory_ranker,visual,3,833,0.16176796592727286,,,,,,,,,,,0.06602641056422569,0.3317507207393646,0.0012004801537841558,,,
Movies,43,validation,R0_trajectory_ranker,visual,4,834,0.6975798281691343,,,,,,,,,,,0.013189448441247002,0.9198555946350098,-0.0011899854289367795,,,
Movies,43,train,R0_trajectory_ranker,joint,1,2501,0.01079104710200185,,,,,,,,,,,,,-0.004025847651064396,0.9720112085342407,0.8756907681422043,0.04805828258395195
Movies,43,train,R0_trajectory_ranker,joint,2,2501,0.05574701793837405,,,,,,,,,,,,,-0.002492269268259406,0.9048380851745605,0.8462065107893011,0.15275223553180695
Movies,43,train,R0_trajectory_ranker,joint,3,2500,0.14192023151218885,,,,,,,,,,,,,0.0007646732847206295,0.8367999792098999,0.7904861715898142,0.30647143721580505
Movies,43,train,R0_trajectory_ranker,joint,4,2501,0.4626234694928086,,,,,,,,,,,,,0.00022630156308878213,0.4966013729572296,0.4323501411449399,0.8454092741012573
Movies,43,validation,R0_trajectory_ranker,joint,1,834,0.013149509698112754,,,,,,,,,,,,,-0.012843159958720207,0.9088729023933411,0.776302386099671,0.09874487668275833
Movies,43,validation,R0_trajectory_ranker,joint,2,833,0.06864091538961656,,,,,,,,,,,,,0.0021337466314435005,0.6974789500236511,0.6272661091554783,0.31152844429016113
Movies,43,validation,R0_trajectory_ranker,joint,3,833,0.17325645402109638,,,,,,,,,,,,,-0.0011693957494571805,0.5138055086135864,0.4902186357643825,0.5823531746864319
Movies,43,validation,R0_trajectory_ranker,joint,4,834,0.5893430385729678,,,,,,,,,,,,,2.988858614116907e-05,0.19064748287200928,0.13525483606526972,1.3641114234924316
Movies,43,train,R1_capacity_control,text,1,2501,0.0033276205105247708,,,,,,,,,,,0.09556177528988405,0.024874873459339142,0.0,,,
Movies,43,train,R1_capacity_control,text,2,2501,0.02506294634240842,,,,,,,,,,,0.09116353458616554,0.060119420289993286,0.0,,,
Movies,43,train,R1_capacity_control,text,3,2500,0.0875337505280971,,,,,,,,,,,0.0628,0.12968243658542633,0.0,,,
Movies,43,train,R1_capacity_control,text,4,2501,0.43284067691492584,,,,,,,,,,,0.013194722111155539,0.45397529006004333,0.0,,,
Movies,43,validation,R1_capacity_control,text,1,834,0.004103772899156007,,,,,,,,,,,0.07673860911270983,0.052242301404476166,0.0,,,
Movies,43,validation,R1_capacity_control,text,2,833,0.0342191985762473,,,,,,,,,,,0.09603841536614646,0.11508676409721375,0.0,,,
Movies,43,validation,R1_capacity_control,text,3,833,0.11953564195715934,,,,,,,,,,,0.04081632653061224,0.248442143201828,0.0,,,
Movies,43,validation,R1_capacity_control,text,4,834,0.6131939874600163,,,,,,,,,,,0.008393285371702638,0.687734067440033,0.0,,,
Movies,43,train,R1_capacity_control,visual,1,2501,0.006512679342990046,,,,,,,,,,,0.11035585765693723,0.034786783158779144,0.0,,,
Movies,43,train,R1_capacity_control,visual,2,2501,0.045873084773973435,,,,,,,,,,,0.09676129548180727,0.08109165728092194,0.0,,,
Movies,43,train,R1_capacity_control,visual,3,2500,0.14777395499050613,,,,,,,,,,,0.0652,0.18460197746753693,0.0,,,
Movies,43,train,R1_capacity_control,visual,4,2501,0.5932194133464549,,,,,,,,,,,0.031187524990004,0.610727071762085,0.0,,,
Movies,43,validation,R1_capacity_control,visual,1,834,0.007223112129964518,,,,,,,,,,,0.09952038369304557,0.0810445249080658,0.0,,,
Movies,43,validation,R1_capacity_control,visual,2,833,0.05101573328171166,,,,,,,,,,,0.07923169267707082,0.1863485723733902,0.0,,,
Movies,43,validation,R1_capacity_control,visual,3,833,0.16176796592727286,,,,,,,,,,,0.06482593037214886,0.33190640807151794,0.0,,,
Movies,43,validation,R1_capacity_control,visual,4,834,0.6975798281691343,,,,,,,,,,,0.011990407673860911,0.9187168478965759,0.0,,,
Movies,43,train,R1_capacity_control,joint,1,2501,0.01079104710200185,,,,,,,,,,,,,0.0,0.972411036491394,0.8760927683417534,0.0474306084215641
Movies,43,train,R1_capacity_control,joint,2,2501,0.05574701793837405,,,,,,,,,,,,,0.0,0.9056377410888672,0.8475025878180045,0.15226595103740692
Movies,43,train,R1_capacity_control,joint,3,2500,0.14192023151218885,,,,,,,,,,,,,0.0,0.8367999792098999,0.7904861715898142,0.3067023456096649
Movies,43,train,R1_capacity_control,joint,4,2501,0.4626234694928086,,,,,,,,,,,,,0.0,0.4958016872406006,0.43203994450801153,0.8471412062644958
Movies,43,validation,R1_capacity_control,joint,1,834,0.013149509698112754,,,,,,,,,,,,,0.0,0.9088729023933411,0.776302386099671,0.09814523905515671
Movies,43,validation,R1_capacity_control,joint,2,833,0.06864091538961656,,,,,,,,,,,,,0.0,0.6974789500236511,0.6272661091554783,0.31178247928619385
Movies,43,validation,R1_capacity_control,joint,3,833,0.17325645402109638,,,,,,,,,,,,,0.0,0.5138055086135864,0.4902186357643825,0.580501914024353
Movies,43,validation,R1_capacity_control,joint,4,834,0.5893430385729678,,,,,,,,,,,,,0.0,0.19064748287200928,0.13463503083356218,1.3648219108581543
Movies,43,train,R1_decision_ranker,text,1,2501,0.0033276205105247708,,,,,,,,,,,0.09556177528988405,0.024874873459339142,0.0,,,
Movies,43,train,R1_decision_ranker,text,2,2501,0.02506294634240842,,,,,,,,,,,0.09116353458616554,0.060119420289993286,0.0,,,
Movies,43,train,R1_decision_ranker,text,3,2500,0.0875337505280971,,,,,,,,,,,0.0628,0.12968243658542633,0.0,,,
Movies,43,train,R1_decision_ranker,text,4,2501,0.43284067691492584,,,,,,,,,,,0.013194722111155539,0.45397529006004333,0.0,,,
Movies,43,validation,R1_decision_ranker,text,1,834,0.004103772899156007,,,,,,,,,,,0.07673860911270983,0.052242301404476166,0.0,,,
Movies,43,validation,R1_decision_ranker,text,2,833,0.0342191985762473,,,,,,,,,,,0.09603841536614646,0.11508676409721375,0.0,,,
Movies,43,validation,R1_decision_ranker,text,3,833,0.11953564195715934,,,,,,,,,,,0.04081632653061224,0.248442143201828,0.0,,,
Movies,43,validation,R1_decision_ranker,text,4,834,0.6131939874600163,,,,,,,,,,,0.008393285371702638,0.687734067440033,0.0,,,
Movies,43,train,R1_decision_ranker,visual,1,2501,0.006512679342990046,,,,,,,,,,,0.30307876849260296,0.07425012439489365,-4428474368.0,,,
Movies,43,train,R1_decision_ranker,visual,2,2501,0.045873084773973435,,,,,,,,,,,0.5277888844462215,0.13193801045417786,-6457279488.0,,,
Movies,43,train,R1_decision_ranker,visual,3,2500,0.14777395499050613,,,,,,,,,,,0.6764,0.19110776484012604,-6168673280.0,,,
Movies,43,train,R1_decision_ranker,visual,4,2501,0.5932194133464549,,,,,,,,,,,0.6005597760895641,0.4434085786342621,-7655257088.0,,,
Movies,43,validation,R1_decision_ranker,visual,1,834,0.007223112129964518,,,,,,,,,,,0.2278177458033573,0.22336775064468384,-4129060608.0,,,
Movies,43,validation,R1_decision_ranker,visual,2,833,0.05101573328171166,,,,,,,,,,,0.3349339735894358,0.48779740929603577,-5517796864.0,,,
Movies,43,validation,R1_decision_ranker,visual,3,833,0.16176796592727286,,,,,,,,,,,0.4177671068427371,0.7263872623443604,-6942248448.0,,,
Movies,43,validation,R1_decision_ranker,visual,4,834,0.6975798281691343,,,,,,,,,,,0.3501199040767386,1.3029322624206543,-830081216.0,,,
Movies,43,train,R1_decision_ranker,joint,1,2501,0.01079104710200185,,,,,,,,,,,,,-158444752.0,0.9712114930152893,0.872862937107409,0.06765434890985489
Movies,43,train,R1_decision_ranker,joint,2,2501,0.05574701793837405,,,,,,,,,,,,,-990496256.0,0.9040383696556091,0.8447607769173338,0.16829557716846466
Movies,43,train,R1_decision_ranker,joint,3,2500,0.14192023151218885,,,,,,,,,,,,,0.27183258533477783,0.8327999711036682,0.782770973847384,0.26779666543006897
Movies,43,train,R1_decision_ranker,joint,4,2501,0.4626234694928086,,,,,,,,,,,,,-745539520.0,0.5013994574546814,0.44585765783156706,0.7792723774909973
Movies,43,validation,R1_decision_ranker,joint,1,834,0.013149509698112754,,,,,,,,,,,,,-162439104.0,0.9076738953590393,0.7702371114986601,0.18547698855400085
Movies,43,validation,R1_decision_ranker,joint,2,833,0.06864091538961656,,,,,,,,,,,,,-1686928000.0,0.6950780153274536,0.6221292535580731,0.5546437501907349
Movies,43,validation,R1_decision_ranker,joint,3,833,0.17325645402109638,,,,,,,,,,,,,-1394071552.0,0.5126050114631653,0.4866228044095323,0.955284595489502
Movies,43,validation,R1_decision_ranker,joint,4,834,0.5893430385729678,,,,,,,,,,,,,-0.25712957978248596,0.1966426968574524,0.1347230346756404,1.8822206258773804
Movies,44,train,C0_Uniform,text,1,2501,0.003906067649333477,,,,,,,,,,,0.09276289484206318,0.028614673763513565,0.0,,,
Movies,44,train,C0_Uniform,text,2,2501,0.026714029196487386,,,,,,,,,,,0.08716513394642143,0.0674549862742424,0.0,,,
Movies,44,train,C0_Uniform,text,3,2500,0.09295657091289754,,,,,,,,,,,0.054,0.1373450756072998,0.0,,,
Movies,44,train,C0_Uniform,text,4,2501,0.43371248154080616,,,,,,,,,,,0.021591363454618154,0.4576655328273773,0.0,,,
Movies,44,validation,C0_Uniform,text,1,834,0.00526976410317974,,,,,,,,,,,0.07673860911270983,0.06022299826145172,0.0,,,
Movies,44,validation,C0_Uniform,text,2,833,0.03708581906594644,,,,,,,,,,,0.06482593037214886,0.10955377668142319,0.0,,,
Movies,44,validation,C0_Uniform,text,3,833,0.12047060225762665,,,,,,,,,,,0.04441776710684274,0.23918719589710236,0.0,,,
Movies,44,validation,C0_Uniform,text,4,834,0.5918398961710701,,,,,,,,,,,0.008393285371702638,0.6794725060462952,0.0,,,
Movies,44,train,C0_Uniform,visual,1,2501,0.007360437846757795,,,,,,,,,,,0.10355857656937226,0.03964695334434509,0.0,,,
Movies,44,train,C0_Uniform,visual,2,2501,0.04935691325215157,,,,,,,,,,,0.07157137145141944,0.0947020873427391,0.0,,,
Movies,44,train,C0_Uniform,visual,3,2500,0.15012940730750557,,,,,,,,,,,0.0556,0.18964259326457977,0.0,,,
Movies,44,train,C0_Uniform,visual,4,2501,0.6150087052729072,,,,,,,,,,,0.024390243902439025,0.6338498592376709,0.0,,,
Movies,44,validation,C0_Uniform,visual,1,834,0.007580081876688403,,,,,,,,,,,0.09952038369304557,0.08652608096599579,0.0,,,
Movies,44,validation,C0_Uniform,visual,2,833,0.053668543600252513,,,,,,,,,,,0.060024009603841535,0.17640146613121033,0.0,,,
Movies,44,validation,C0_Uniform,visual,3,833,0.1650542820147535,,,,,,,,,,,0.04921968787515006,0.3259372413158417,0.0,,,
Movies,44,validation,C0_Uniform,visual,4,834,0.7108355035527433,,,,,,,,,,,0.02038369304556355,0.9110158085823059,0.0,,,
Movies,44,train,C0_Uniform,joint,1,2501,0.011966089380641228,,,,,,,,,,,,,0.0,0.9616153836250305,0.865792759813347,0.05527285486459732
Movies,44,train,C0_Uniform,joint,2,2501,0.06026666488435885,,,,,,,,,,,,,0.0,0.8736505508422852,0.7939732165399107,0.16633927822113037
Movies,44,train,C0_Uniform,joint,3,2500,0.14688037858009334,,,,,,,,,,,,,0.0,0.8059999942779541,0.7288130944403056,0.32736316323280334
Movies,44,train,C0_Uniform,joint,4,2501,0.4704693045477565,,,,,,,,,,,,,0.0,0.43702518939971924,0.3977237619713764,0.8702034950256348
Movies,44,validation,C0_Uniform,joint,1,834,0.015144164847346622,,,,,,,,,,,,,0.0,0.8944844603538513,0.7497199853205442,0.10531197488307953
Movies,44,validation,C0_Uniform,joint,2,833,0.0718215585128367,,,,,,,,,,,,,0.0,0.7046818733215332,0.637834781665612,0.31055429577827454
Movies,44,validation,C0_Uniform,joint,3,833,0.17437669299855954,,,,,,,,,,,,,0.0,0.5306122303009033,0.4516008089464682,0.5711188912391663
Movies,44,validation,C0_Uniform,joint,4,834,0.5846294446243084,,,,,,,,,,,,,0.0,0.1750599592924118,0.1380719005519947,1.3344193696975708
Movies,44,train,GLOBAL_ACTION,text,1,2501,0.003906067649333477,,,,,,,,,,,0.09276289484206318,0.028614673763513565,0.0,,,
Movies,44,train,GLOBAL_ACTION,text,2,2501,0.026714029196487386,,,,,,,,,,,0.08716513394642143,0.0674549862742424,0.0,,,
Movies,44,train,GLOBAL_ACTION,text,3,2500,0.09295657091289754,,,,,,,,,,,0.054,0.1373450756072998,0.0,,,
Movies,44,train,GLOBAL_ACTION,text,4,2501,0.43371248154080616,,,,,,,,,,,0.021591363454618154,0.4576655328273773,0.0,,,
Movies,44,validation,GLOBAL_ACTION,text,1,834,0.00526976410317974,,,,,,,,,,,0.07673860911270983,0.06022299826145172,0.0,,,
Movies,44,validation,GLOBAL_ACTION,text,2,833,0.03708581906594644,,,,,,,,,,,0.06482593037214886,0.10955377668142319,0.0,,,
Movies,44,validation,GLOBAL_ACTION,text,3,833,0.12047060225762665,,,,,,,,,,,0.04441776710684274,0.23918719589710236,0.0,,,
Movies,44,validation,GLOBAL_ACTION,text,4,834,0.5918398961710701,,,,,,,,,,,0.008393285371702638,0.6794725060462952,0.0,,,
Movies,44,train,GLOBAL_ACTION,visual,1,2501,0.007360437846757795,,,,,,,,,,,0.10355857656937226,0.03964695334434509,0.0,,,
Movies,44,train,GLOBAL_ACTION,visual,2,2501,0.04935691325215157,,,,,,,,,,,0.07157137145141944,0.0947020873427391,0.0,,,
Movies,44,train,GLOBAL_ACTION,visual,3,2500,0.15012940730750557,,,,,,,,,,,0.0556,0.18964259326457977,0.0,,,
Movies,44,train,GLOBAL_ACTION,visual,4,2501,0.6150087052729072,,,,,,,,,,,0.024390243902439025,0.6338498592376709,0.0,,,
Movies,44,validation,GLOBAL_ACTION,visual,1,834,0.007580081876688403,,,,,,,,,,,0.09952038369304557,0.08652608096599579,0.0,,,
Movies,44,validation,GLOBAL_ACTION,visual,2,833,0.053668543600252513,,,,,,,,,,,0.060024009603841535,0.17640146613121033,0.0,,,
Movies,44,validation,GLOBAL_ACTION,visual,3,833,0.1650542820147535,,,,,,,,,,,0.04921968787515006,0.3259372413158417,0.0,,,
Movies,44,validation,GLOBAL_ACTION,visual,4,834,0.7108355035527433,,,,,,,,,,,0.02038369304556355,0.9110158085823059,0.0,,,
Movies,44,train,GLOBAL_ACTION,joint,1,2501,0.011966089380641228,,,,,,,,,,,,,0.0,0.9616153836250305,0.865792759813347,0.05527285486459732
Movies,44,train,GLOBAL_ACTION,joint,2,2501,0.06026666488435885,,,,,,,,,,,,,0.0,0.8736505508422852,0.7939732165399107,0.16633927822113037
Movies,44,train,GLOBAL_ACTION,joint,3,2500,0.14688037858009334,,,,,,,,,,,,,0.0,0.8059999942779541,0.7288130944403056,0.32736316323280334
Movies,44,train,GLOBAL_ACTION,joint,4,2501,0.4704693045477565,,,,,,,,,,,,,0.0,0.43702518939971924,0.3977237619713764,0.8702034950256348
Movies,44,validation,GLOBAL_ACTION,joint,1,834,0.015144164847346622,,,,,,,,,,,,,0.0,0.8944844603538513,0.7497199853205442,0.10531197488307953
Movies,44,validation,GLOBAL_ACTION,joint,2,833,0.0718215585128367,,,,,,,,,,,,,0.0,0.7046818733215332,0.637834781665612,0.31055429577827454
Movies,44,validation,GLOBAL_ACTION,joint,3,833,0.17437669299855954,,,,,,,,,,,,,0.0,0.5306122303009033,0.4516008089464682,0.5711188912391663
Movies,44,validation,GLOBAL_ACTION,joint,4,834,0.5846294446243084,,,,,,,,,,,,,0.0,0.1750599592924118,0.1380719005519947,1.3344193696975708
Movies,44,train,E6_D0_projected,text,1,2501,0.003906067649333477,,,,,,,,,,,0.23510595761695322,0.2038901150226593,-8600964096.0,,,
Movies,44,train,E6_D0_projected,text,2,2501,0.026714029196487386,,,,,,,,,,,0.4034386245501799,0.32285019755363464,-17177568256.0,,,
Movies,44,train,E6_D0_projected,text,3,2500,0.09295657091289754,,,,,,,,,,,0.6092,0.3466361165046692,-22291881984.0,,,
Movies,44,train,E6_D0_projected,text,4,2501,0.43371248154080616,,,,,,,,,,,0.8496601359456217,0.216764435172081,-13129120768.0,,,
Movies,44,validation,E6_D0_projected,text,1,834,0.00526976410317974,,,,,,,,,,,0.23860911270983212,0.3167584240436554,-8608842752.0,,,
Movies,44,validation,E6_D0_projected,text,2,833,0.03708581906594644,,,,,,,,,,,0.3673469387755102,0.46139976382255554,-19394222080.0,,,
Movies,44,validation,E6_D0_projected,text,3,833,0.12047060225762665,,,,,,,,,,,0.43337334933973587,0.6705524325370789,-14833522688.0,,,
Movies,44,validation,E6_D0_projected,text,4,834,0.5918398961710701,,,,,,,,,,,0.7697841726618705,0.505400538444519,-7382324736.0,,,
Movies,44,train,E6_D0_projected,visual,1,2501,0.007360437846757795,,,,,,,,,,,0.2746901239504198,0.29854515194892883,-16517111808.0,,,
Movies,44,train,E6_D0_projected,visual,2,2501,0.04935691325215157,,,,,,,,,,,0.5249900039984007,0.3729705512523651,-22941593600.0,,,
Movies,44,train,E6_D0_projected,visual,3,2500,0.15012940730750557,,,,,,,,,,,0.6736,0.36780428886413574,-31518228480.0,,,
Movies,44,train,E6_D0_projected,visual,4,2501,0.6150087052729072,,,,,,,,,,,0.8644542183126749,0.23973418772220612,-26678401024.0,,,
Movies,44,validation,E6_D0_projected,visual,1,834,0.007580081876688403,,,,,,,,,,,0.21942446043165467,0.5179535150527954,-15306426368.0,,,
Movies,44,validation,E6_D0_projected,visual,2,833,0.053668543600252513,,,,,,,,,,,0.3517406962785114,0.7964828014373779,-17053750272.0,,,
Movies,44,validation,E6_D0_projected,visual,3,833,0.1650542820147535,,,,,,,,,,,0.4177671068427371,1.0210343599319458,-26807971840.0,,,
Movies,44,validation,E6_D0_projected,visual,4,834,0.7108355035527433,,,,,,,,,,,0.6594724220623501,1.1055012941360474,-19685148672.0,,,
Movies,44,train,E6_D0_projected,joint,1,2501,0.011966089380641228,,,,,,,,,,,,,-454424992.0,0.8524590134620667,0.7110673657755645,0.3125586211681366
Movies,44,train,E6_D0_projected,joint,2,2501,0.06026666488435885,,,,,,,,,,,,,-1386255104.0,0.7457017302513123,0.6259523324544102,0.44248637557029724
Movies,44,train,E6_D0_projected,joint,3,2500,0.14688037858009334,,,,,,,,,,,,,-4633788416.0,0.7247999906539917,0.6605468119154714,0.5121451020240784
Movies,44,train,E6_D0_projected,joint,4,2501,0.4704693045477565,,,,,,,,,,,,,-6916232192.0,0.6409436464309692,0.562212973408264,0.553790807723999
Movies,44,validation,E6_D0_projected,joint,1,834,0.015144164847346622,,,,,,,,,,,,,-1692228352.0,0.7242206335067749,0.5069284560794909,0.5492078065872192
Movies,44,validation,E6_D0_projected,joint,2,833,0.0718215585128367,,,,,,,,,,,,,-1478923392.0,0.5162064433097839,0.4057051263223312,1.1361491680145264
Movies,44,validation,E6_D0_projected,joint,3,833,0.17437669299855954,,,,,,,,,,,,,-2775030272.0,0.44657862186431885,0.35044695899419354,1.5185880661010742
Movies,44,validation,E6_D0_projected,joint,4,834,0.5846294446243084,,,,,,,,,,,,,-0.13145437836647034,0.33213430643081665,0.23790461256515044,1.6009496450424194
Movies,44,train,E6_D0,text,1,2501,0.003906067649333477,,,,,,,,,,,0.23510595761695322,0.2038901150226593,-8600964096.0,,,
Movies,44,train,E6_D0,text,2,2501,0.026714029196487386,,,,,,,,,,,0.4034386245501799,0.32285019755363464,-17177568256.0,,,
Movies,44,train,E6_D0,text,3,2500,0.09295657091289754,,,,,,,,,,,0.6092,0.3466361165046692,-22291881984.0,,,
Movies,44,train,E6_D0,text,4,2501,0.43371248154080616,,,,,,,,,,,0.8496601359456217,0.216764435172081,-13129120768.0,,,
Movies,44,validation,E6_D0,text,1,834,0.00526976410317974,,,,,,,,,,,0.23860911270983212,0.3167584240436554,-8608842752.0,,,
Movies,44,validation,E6_D0,text,2,833,0.03708581906594644,,,,,,,,,,,0.3673469387755102,0.46139976382255554,-19394222080.0,,,
Movies,44,validation,E6_D0,text,3,833,0.12047060225762665,,,,,,,,,,,0.43337334933973587,0.6705524325370789,-14833522688.0,,,
Movies,44,validation,E6_D0,text,4,834,0.5918398961710701,,,,,,,,,,,0.7697841726618705,0.505400538444519,-7382324736.0,,,
Movies,44,train,E6_D0,visual,1,2501,0.007360437846757795,,,,,,,,,,,0.2746901239504198,0.29854515194892883,-16517111808.0,,,
Movies,44,train,E6_D0,visual,2,2501,0.04935691325215157,,,,,,,,,,,0.5249900039984007,0.3729705512523651,-22941593600.0,,,
Movies,44,train,E6_D0,visual,3,2500,0.15012940730750557,,,,,,,,,,,0.6736,0.36780428886413574,-31518228480.0,,,
Movies,44,train,E6_D0,visual,4,2501,0.6150087052729072,,,,,,,,,,,0.8644542183126749,0.23973418772220612,-26678401024.0,,,
Movies,44,validation,E6_D0,visual,1,834,0.007580081876688403,,,,,,,,,,,0.21942446043165467,0.5179535150527954,-15306426368.0,,,
Movies,44,validation,E6_D0,visual,2,833,0.053668543600252513,,,,,,,,,,,0.3517406962785114,0.7964828014373779,-17053750272.0,,,
Movies,44,validation,E6_D0,visual,3,833,0.1650542820147535,,,,,,,,,,,0.4177671068427371,1.0210343599319458,-26807971840.0,,,
Movies,44,validation,E6_D0,visual,4,834,0.7108355035527433,,,,,,,,,,,0.6594724220623501,1.1055012941360474,-19685148672.0,,,
Movies,44,train,E6_D0,joint,1,2501,0.011966089380641228,,,,,,,,,,,,,34808852.0,0.9584166407585144,0.8564629697887213,0.06003597751259804
Movies,44,train,E6_D0,joint,2,2501,0.06026666488435885,,,,,,,,,,,,,104809544.0,0.8692523241043091,0.794675601972205,0.16642248630523682
Movies,44,train,E6_D0,joint,3,2500,0.14688037858009334,,,,,,,,,,,,,197165424.0,0.8055999875068665,0.7310262690395906,0.3138684034347534
Movies,44,train,E6_D0,joint,4,2501,0.4704693045477565,,,,,,,,,,,,,250943024.0,0.4838064908981323,0.4341810737285611,0.7859126925468445
Movies,44,validation,E6_D0,joint,1,834,0.015144164847346622,,,,,,,,,,,,,24647172.0,0.8920863270759583,0.7476014253576904,0.12015996873378754
Movies,44,validation,E6_D0,joint,2,833,0.0718215585128367,,,,,,,,,,,,,87753992.0,0.6938775181770325,0.6295981013061178,0.33958643674850464
Movies,44,validation,E6_D0,joint,3,833,0.17437669299855954,,,,,,,,,,,,,10699409.0,0.5318127274513245,0.45929049252458637,0.6008670926094055
Movies,44,validation,E6_D0,joint,4,834,0.5846294446243084,,,,,,,,,,,,,0.04177377372980118,0.1942446082830429,0.14961454340907548,1.296804666519165
Movies,44,train,R0_trajectory_ranker,text,1,2501,0.003906067649333477,,,,,,,,,,,0.09276289484206318,0.028614673763513565,0.0,,,
Movies,44,train,R0_trajectory_ranker,text,2,2501,0.026714029196487386,,,,,,,,,,,0.08716513394642143,0.0674549862742424,0.0,,,
Movies,44,train,R0_trajectory_ranker,text,3,2500,0.09295657091289754,,,,,,,,,,,0.054,0.1373450756072998,0.0,,,
Movies,44,train,R0_trajectory_ranker,text,4,2501,0.43371248154080616,,,,,,,,,,,0.021591363454618154,0.4576655328273773,0.0,,,
Movies,44,validation,R0_trajectory_ranker,text,1,834,0.00526976410317974,,,,,,,,,,,0.07673860911270983,0.06022299826145172,0.0,,,
Movies,44,validation,R0_trajectory_ranker,text,2,833,0.03708581906594644,,,,,,,,,,,0.06482593037214886,0.10955377668142319,0.0,,,
Movies,44,validation,R0_trajectory_ranker,text,3,833,0.12047060225762665,,,,,,,,,,,0.04441776710684274,0.23918719589710236,0.0,,,
Movies,44,validation,R0_trajectory_ranker,text,4,834,0.5918398961710701,,,,,,,,,,,0.008393285371702638,0.6794725060462952,0.0,,,
Movies,44,train,R0_trajectory_ranker,visual,1,2501,0.007360437846757795,,,,,,,,,,,0.10355857656937226,0.03964695334434509,0.0,,,
Movies,44,train,R0_trajectory_ranker,visual,2,2501,0.04935691325215157,,,,,,,,,,,0.07157137145141944,0.0947020873427391,0.0,,,
Movies,44,train,R0_trajectory_ranker,visual,3,2500,0.15012940730750557,,,,,,,,,,,0.0556,0.18964259326457977,0.0,,,
Movies,44,train,R0_trajectory_ranker,visual,4,2501,0.6150087052729072,,,,,,,,,,,0.024390243902439025,0.6338498592376709,0.0,,,
Movies,44,validation,R0_trajectory_ranker,visual,1,834,0.007580081876688403,,,,,,,,,,,0.09952038369304557,0.08652608096599579,0.0,,,
Movies,44,validation,R0_trajectory_ranker,visual,2,833,0.053668543600252513,,,,,,,,,,,0.060024009603841535,0.17640146613121033,0.0,,,
Movies,44,validation,R0_trajectory_ranker,visual,3,833,0.1650542820147535,,,,,,,,,,,0.04921968787515006,0.3259372413158417,0.0,,,
Movies,44,validation,R0_trajectory_ranker,visual,4,834,0.7108355035527433,,,,,,,,,,,0.02038369304556355,0.9110158085823059,0.0,,,
Movies,44,train,R0_trajectory_ranker,joint,1,2501,0.011966089380641228,,,,,,,,,,,,,0.0,0.9616153836250305,0.865792759813347,0.05527285486459732
Movies,44,train,R0_trajectory_ranker,joint,2,2501,0.06026666488435885,,,,,,,,,,,,,0.0,0.8736505508422852,0.7939732165399107,0.16633927822113037
Movies,44,train,R0_trajectory_ranker,joint,3,2500,0.14688037858009334,,,,,,,,,,,,,0.0,0.8059999942779541,0.7288130944403056,0.32736316323280334
Movies,44,train,R0_trajectory_ranker,joint,4,2501,0.4704693045477565,,,,,,,,,,,,,0.0,0.43702518939971924,0.3977237619713764,0.8702034950256348
Movies,44,validation,R0_trajectory_ranker,joint,1,834,0.015144164847346622,,,,,,,,,,,,,0.0,0.8944844603538513,0.7497199853205442,0.10531197488307953
Movies,44,validation,R0_trajectory_ranker,joint,2,833,0.0718215585128367,,,,,,,,,,,,,0.0,0.7046818733215332,0.637834781665612,0.31055429577827454
Movies,44,validation,R0_trajectory_ranker,joint,3,833,0.17437669299855954,,,,,,,,,,,,,0.0,0.5306122303009033,0.4516008089464682,0.5711188912391663
Movies,44,validation,R0_trajectory_ranker,joint,4,834,0.5846294446243084,,,,,,,,,,,,,0.0,0.1750599592924118,0.1380719005519947,1.3344193696975708
Movies,44,train,R1_capacity_control,text,1,2501,0.003906067649333477,,,,,,,,,,,0.09276289484206318,0.028614673763513565,0.0,,,
Movies,44,train,R1_capacity_control,text,2,2501,0.026714029196487386,,,,,,,,,,,0.08716513394642143,0.0674549862742424,0.0,,,
Movies,44,train,R1_capacity_control,text,3,2500,0.09295657091289754,,,,,,,,,,,0.054,0.1373450756072998,0.0,,,
Movies,44,train,R1_capacity_control,text,4,2501,0.43371248154080616,,,,,,,,,,,0.021591363454618154,0.4576655328273773,0.0,,,
Movies,44,validation,R1_capacity_control,text,1,834,0.00526976410317974,,,,,,,,,,,0.07673860911270983,0.06022299826145172,0.0,,,
Movies,44,validation,R1_capacity_control,text,2,833,0.03708581906594644,,,,,,,,,,,0.06482593037214886,0.10955377668142319,0.0,,,
Movies,44,validation,R1_capacity_control,text,3,833,0.12047060225762665,,,,,,,,,,,0.04441776710684274,0.23918719589710236,0.0,,,
Movies,44,validation,R1_capacity_control,text,4,834,0.5918398961710701,,,,,,,,,,,0.008393285371702638,0.6794725060462952,0.0,,,
Movies,44,train,R1_capacity_control,visual,1,2501,0.007360437846757795,,,,,,,,,,,0.10355857656937226,0.03964695334434509,0.0,,,
Movies,44,train,R1_capacity_control,visual,2,2501,0.04935691325215157,,,,,,,,,,,0.07157137145141944,0.0947020873427391,0.0,,,
Movies,44,train,R1_capacity_control,visual,3,2500,0.15012940730750557,,,,,,,,,,,0.0556,0.18964259326457977,0.0,,,
Movies,44,train,R1_capacity_control,visual,4,2501,0.6150087052729072,,,,,,,,,,,0.024390243902439025,0.6338498592376709,0.0,,,
Movies,44,validation,R1_capacity_control,visual,1,834,0.007580081876688403,,,,,,,,,,,0.09952038369304557,0.08652608096599579,0.0,,,
Movies,44,validation,R1_capacity_control,visual,2,833,0.053668543600252513,,,,,,,,,,,0.060024009603841535,0.17640146613121033,0.0,,,
Movies,44,validation,R1_capacity_control,visual,3,833,0.1650542820147535,,,,,,,,,,,0.04921968787515006,0.3259372413158417,0.0,,,
Movies,44,validation,R1_capacity_control,visual,4,834,0.7108355035527433,,,,,,,,,,,0.02038369304556355,0.9110158085823059,0.0,,,
Movies,44,train,R1_capacity_control,joint,1,2501,0.011966089380641228,,,,,,,,,,,,,0.0,0.9616153836250305,0.865792759813347,0.05527285486459732
Movies,44,train,R1_capacity_control,joint,2,2501,0.06026666488435885,,,,,,,,,,,,,0.0,0.8736505508422852,0.7939732165399107,0.16633927822113037
Movies,44,train,R1_capacity_control,joint,3,2500,0.14688037858009334,,,,,,,,,,,,,0.0,0.8059999942779541,0.7288130944403056,0.32736316323280334
Movies,44,train,R1_capacity_control,joint,4,2501,0.4704693045477565,,,,,,,,,,,,,0.0,0.43702518939971924,0.3977237619713764,0.8702034950256348
Movies,44,validation,R1_capacity_control,joint,1,834,0.015144164847346622,,,,,,,,,,,,,0.0,0.8944844603538513,0.7497199853205442,0.10531197488307953
Movies,44,validation,R1_capacity_control,joint,2,833,0.0718215585128367,,,,,,,,,,,,,0.0,0.7046818733215332,0.637834781665612,0.31055429577827454
Movies,44,validation,R1_capacity_control,joint,3,833,0.17437669299855954,,,,,,,,,,,,,0.0,0.5306122303009033,0.4516008089464682,0.5711188912391663
Movies,44,validation,R1_capacity_control,joint,4,834,0.5846294446243084,,,,,,,,,,,,,0.0,0.1750599592924118,0.1380719005519947,1.3344193696975708
Movies,44,train,R1_decision_ranker,text,1,2501,0.003906067649333477,,,,,,,,,,,0.09276289484206318,0.028614673763513565,0.0,,,
Movies,44,train,R1_decision_ranker,text,2,2501,0.026714029196487386,,,,,,,,,,,0.08716513394642143,0.0674549862742424,0.0,,,
Movies,44,train,R1_decision_ranker,text,3,2500,0.09295657091289754,,,,,,,,,,,0.054,0.1373450756072998,0.0,,,
Movies,44,train,R1_decision_ranker,text,4,2501,0.43371248154080616,,,,,,,,,,,0.021591363454618154,0.4576655328273773,0.0,,,
Movies,44,validation,R1_decision_ranker,text,1,834,0.00526976410317974,,,,,,,,,,,0.07673860911270983,0.06022299826145172,0.0,,,
Movies,44,validation,R1_decision_ranker,text,2,833,0.03708581906594644,,,,,,,,,,,0.06482593037214886,0.10955377668142319,0.0,,,
Movies,44,validation,R1_decision_ranker,text,3,833,0.12047060225762665,,,,,,,,,,,0.04441776710684274,0.23918719589710236,0.0,,,
Movies,44,validation,R1_decision_ranker,text,4,834,0.5918398961710701,,,,,,,,,,,0.008393285371702638,0.6794725060462952,0.0,,,
Movies,44,train,R1_decision_ranker,visual,1,2501,0.007360437846757795,,,,,,,,,,,0.14434226309476209,0.0738987848162651,-3312855808.0,,,
Movies,44,train,R1_decision_ranker,visual,2,2501,0.04935691325215157,,,,,,,,,,,0.343062774890044,0.1503710299730301,-3600435200.0,,,
Movies,44,train,R1_decision_ranker,visual,3,2500,0.15012940730750557,,,,,,,,,,,0.5908,0.20705348253250122,-6024629248.0,,,
Movies,44,train,R1_decision_ranker,visual,4,2501,0.6150087052729072,,,,,,,,,,,0.5249900039984007,0.47474682331085205,-1804574720.0,,,
Movies,44,validation,R1_decision_ranker,visual,1,834,0.007580081876688403,,,,,,,,,,,0.11510791366906475,0.209519162774086,-4376662528.0,,,
Movies,44,validation,R1_decision_ranker,visual,2,833,0.053668543600252513,,,,,,,,,,,0.22448979591836735,0.40419360995292664,-4286154240.0,,,
Movies,44,validation,R1_decision_ranker,visual,3,833,0.1650542820147535,,,,,,,,,,,0.3589435774309724,0.6601250171661377,-4655257088.0,,,
Movies,44,validation,R1_decision_ranker,visual,4,834,0.7108355035527433,,,,,,,,,,,0.31414868105515587,1.1939338445663452,-1612158592.0,,,
Movies,44,train,R1_decision_ranker,joint,1,2501,0.011966089380641228,,,,,,,,,,,,,-200962304.0,0.9608156681060791,0.862350359882073,0.06930670142173767
Movies,44,train,R1_decision_ranker,joint,2,2501,0.06026666488435885,,,,,,,,,,,,,-197142192.0,0.8728508353233337,0.7933758895766181,0.1842501163482666
Movies,44,train,R1_decision_ranker,joint,3,2500,0.14688037858009334,,,,,,,,,,,,,-267538864.0,0.8064000010490417,0.7326212439654229,0.2975550591945648
Movies,44,train,R1_decision_ranker,joint,4,2501,0.4704693045477565,,,,,,,,,,,,,-943591552.0,0.43782487511634827,0.3989424565161469,0.8162766098976135
Movies,44,validation,R1_decision_ranker,joint,1,834,0.015144164847346622,,,,,,,,,,,,,-0.10761210322380066,0.8932853937149048,0.7506912233638212,0.16309016942977905
Movies,44,validation,R1_decision_ranker,joint,2,833,0.0718215585128367,,,,,,,,,,,,,-0.14683929085731506,0.7046818733215332,0.6401655492687104,0.5102298855781555
Movies,44,validation,R1_decision_ranker,joint,3,833,0.17437669299855954,,,,,,,,,,,,,-0.18651804327964783,0.5306122303009033,0.45296185931492444,0.9069092869758606
Movies,44,validation,R1_decision_ranker,joint,4,834,0.5846294446243084,,,,,,,,,,,,,-0.2025901824235916,0.17625899612903595,0.13237066153238,1.7090344429016113
ele-fashion,42,train,C0_Uniform,text,1,14665,0.00020207980217587849,,,,,,,,,,,0.037231503579952266,0.002300257096067071,0.0,,,
ele-fashion,42,train,C0_Uniform,text,2,14665,0.003873000528809094,,,,,,,,,,,0.016570064780088645,0.012187503278255463,0.0,,,
ele-fashion,42,train,C0_Uniform,text,3,14664,0.022053912170465016,,,,,,,,,,,0.014934533551554828,0.041765667498111725,0.0,,,
ele-fashion,42,train,C0_Uniform,text,4,14665,0.20274154086960203,,,,,,,,,,,0.01131946812137743,0.2639985680580139,0.0,,,
ele-fashion,42,validation,C0_Uniform,text,1,2445,0.00018662471328899445,,,,,,,,,,,0.033128834355828224,0.0031732646748423576,0.0,,,
ele-fashion,42,validation,C0_Uniform,text,2,2444,0.003960627495509685,,,,,,,,,,,0.020049099836333878,0.01525950152426958,0.0,,,
ele-fashion,42,validation,C0_Uniform,text,3,2444,0.023904310050458524,,,,,,,,,,,0.013502454991816694,0.05022842437028885,0.0,,,
ele-fashion,42,validation,C0_Uniform,text,4,2444,0.2858638819368059,,,,,,,,,,,0.010638297872340425,0.4009672701358795,0.0,,,
ele-fashion,42,train,C0_Uniform,visual,1,14665,0.00014626174908934553,,,,,,,,,,,0.055301738833958405,0.001976889790967107,0.0,,,
ele-fashion,42,train,C0_Uniform,visual,2,14665,0.0026658763871937326,,,,,,,,,,,0.0316399590862598,0.008935453370213509,0.0,,,
ele-fashion,42,train,C0_Uniform,visual,3,14664,0.01520162751954435,,,,,,,,,,,0.024277141298417893,0.03032224252820015,0.0,,,
ele-fashion,42,train,C0_Uniform,visual,4,14665,0.18674879369020786,,,,,,,,,,,0.008182748039549948,0.23163431882858276,0.0,,,
ele-fashion,42,validation,C0_Uniform,visual,1,2445,0.00013392672622425963,,,,,,,,,,,0.05562372188139059,0.0031968075782060623,0.0,,,
ele-fashion,42,validation,C0_Uniform,visual,2,2444,0.002660545821049324,,,,,,,,,,,0.02495908346972177,0.009076766669750214,0.0,,,
ele-fashion,42,validation,C0_Uniform,visual,3,2444,0.0163429673967285,,,,,,,,,,,0.02414075286415712,0.03746265545487404,0.0,,,
ele-fashion,42,validation,C0_Uniform,visual,4,2444,0.2404479883022838,,,,,,,,,,,0.009410801963993453,0.3313370645046234,0.0,,,
ele-fashion,42,train,C0_Uniform,joint,1,14665,0.00028193564896265535,,,,,,,,,,,,,0.0,0.9979543685913086,0.9447221460056837,0.0015641573118045926
ele-fashion,42,train,C0_Uniform,joint,2,14665,0.00502159726571145,,,,,,,,,,,,,0.0,0.9975451827049255,0.9274149665119128,0.01584404893219471
ele-fashion,42,train,C0_Uniform,joint,3,14664,0.023275883075793122,,,,,,,,,,,,,0.0,0.9804282784461975,0.9224807192955162,0.061827030032873154
ele-fashion,42,train,C0_Uniform,joint,4,14665,0.188237447320905,,,,,,,,,,,,,0.0,0.6401636600494385,0.6712965111504591,0.42692065238952637
ele-fashion,42,validation,C0_Uniform,joint,1,2445,0.00025994575786450475,,,,,,,,,,,,,0.0,0.9934560656547546,0.7997859310095429,0.003204215783625841
ele-fashion,42,validation,C0_Uniform,joint,2,2444,0.005108844113992503,,,,,,,,,,,,,0.0,0.9950900077819824,0.9246137470467667,0.017429465427994728
ele-fashion,42,validation,C0_Uniform,joint,3,2444,0.0251146383006613,,,,,,,,,,,,,0.0,0.9717676043510437,0.9084138791755622,0.07414574176073074
ele-fashion,42,validation,C0_Uniform,joint,4,2444,0.2562669672671349,,,,,,,,,,,,,0.0,0.5392798781394958,0.5306611778626753,0.6367809176445007
ele-fashion,42,train,GLOBAL_ACTION,text,1,14665,0.00020207980217587849,,,,,,,,,,,0.037231503579952266,0.002300257096067071,0.0,,,
ele-fashion,42,train,GLOBAL_ACTION,text,2,14665,0.003873000528809094,,,,,,,,,,,0.016570064780088645,0.012187503278255463,0.0,,,
ele-fashion,42,train,GLOBAL_ACTION,text,3,14664,0.022053912170465016,,,,,,,,,,,0.014934533551554828,0.041765667498111725,0.0,,,
ele-fashion,42,train,GLOBAL_ACTION,text,4,14665,0.20274154086960203,,,,,,,,,,,0.01131946812137743,0.2639985680580139,0.0,,,
ele-fashion,42,validation,GLOBAL_ACTION,text,1,2445,0.00018662471328899445,,,,,,,,,,,0.033128834355828224,0.0031732646748423576,0.0,,,
ele-fashion,42,validation,GLOBAL_ACTION,text,2,2444,0.003960627495509685,,,,,,,,,,,0.020049099836333878,0.01525950152426958,0.0,,,
ele-fashion,42,validation,GLOBAL_ACTION,text,3,2444,0.023904310050458524,,,,,,,,,,,0.013502454991816694,0.05022842437028885,0.0,,,
ele-fashion,42,validation,GLOBAL_ACTION,text,4,2444,0.2858638819368059,,,,,,,,,,,0.010638297872340425,0.4009672701358795,0.0,,,
ele-fashion,42,train,GLOBAL_ACTION,visual,1,14665,0.00014626174908934553,,,,,,,,,,,0.055301738833958405,0.001976889790967107,0.0,,,
ele-fashion,42,train,GLOBAL_ACTION,visual,2,14665,0.0026658763871937326,,,,,,,,,,,0.0316399590862598,0.008935453370213509,0.0,,,
ele-fashion,42,train,GLOBAL_ACTION,visual,3,14664,0.01520162751954435,,,,,,,,,,,0.024277141298417893,0.03032224252820015,0.0,,,
ele-fashion,42,train,GLOBAL_ACTION,visual,4,14665,0.18674879369020786,,,,,,,,,,,0.008182748039549948,0.23163431882858276,0.0,,,
ele-fashion,42,validation,GLOBAL_ACTION,visual,1,2445,0.00013392672622425963,,,,,,,,,,,0.05562372188139059,0.0031968075782060623,0.0,,,
ele-fashion,42,validation,GLOBAL_ACTION,visual,2,2444,0.002660545821049324,,,,,,,,,,,0.02495908346972177,0.009076766669750214,0.0,,,
ele-fashion,42,validation,GLOBAL_ACTION,visual,3,2444,0.0163429673967285,,,,,,,,,,,0.02414075286415712,0.03746265545487404,0.0,,,
ele-fashion,42,validation,GLOBAL_ACTION,visual,4,2444,0.2404479883022838,,,,,,,,,,,0.009410801963993453,0.3313370645046234,0.0,,,
ele-fashion,42,train,GLOBAL_ACTION,joint,1,14665,0.00028193564896265535,,,,,,,,,,,,,0.0,0.9979543685913086,0.9447221460056837,0.0015641573118045926
ele-fashion,42,train,GLOBAL_ACTION,joint,2,14665,0.00502159726571145,,,,,,,,,,,,,0.0,0.9975451827049255,0.9274149665119128,0.01584404893219471
ele-fashion,42,train,GLOBAL_ACTION,joint,3,14664,0.023275883075793122,,,,,,,,,,,,,0.0,0.9804282784461975,0.9224807192955162,0.061827030032873154
ele-fashion,42,train,GLOBAL_ACTION,joint,4,14665,0.188237447320905,,,,,,,,,,,,,0.0,0.6401636600494385,0.6712965111504591,0.42692065238952637
ele-fashion,42,validation,GLOBAL_ACTION,joint,1,2445,0.00025994575786450475,,,,,,,,,,,,,0.0,0.9934560656547546,0.7997859310095429,0.003204215783625841
ele-fashion,42,validation,GLOBAL_ACTION,joint,2,2444,0.005108844113992503,,,,,,,,,,,,,0.0,0.9950900077819824,0.9246137470467667,0.017429465427994728
ele-fashion,42,validation,GLOBAL_ACTION,joint,3,2444,0.0251146383006613,,,,,,,,,,,,,0.0,0.9717676043510437,0.9084138791755622,0.07414574176073074
ele-fashion,42,validation,GLOBAL_ACTION,joint,4,2444,0.2562669672671349,,,,,,,,,,,,,0.0,0.5392798781394958,0.5306611778626753,0.6367809176445007
ele-fashion,42,train,E6_D0_projected,text,1,14665,0.00020207980217587849,,,,,,,,,,,0.45789294237981587,0.019202854484319687,-180190576.0,,,
ele-fashion,42,train,E6_D0_projected,text,2,14665,0.003873000528809094,,,,,,,,,,,0.641527446300716,0.048480819910764694,-1285035136.0,,,
ele-fashion,42,train,E6_D0_projected,text,3,14664,0.022053912170465016,,,,,,,,,,,0.6857610474631751,0.09298130124807358,-2231826944.0,,,
ele-fashion,42,train,E6_D0_projected,text,4,14665,0.20274154086960203,,,,,,,,,,,0.7444936924650528,0.2231028825044632,-7391190528.0,,,
ele-fashion,42,validation,E6_D0_projected,text,1,2445,0.00018662471328899445,,,,,,,,,,,0.46421267893660534,0.023044917732477188,-41796416.0,,,
ele-fashion,42,validation,E6_D0_projected,text,2,2444,0.003960627495509685,,,,,,,,,,,0.6366612111292962,0.061722852289676666,-1805824256.0,,,
ele-fashion,42,validation,E6_D0_projected,text,3,2444,0.023904310050458524,,,,,,,,,,,0.6558919803600655,0.12260793149471283,-3483109888.0,,,
ele-fashion,42,validation,E6_D0_projected,text,4,2444,0.2858638819368059,,,,,,,,,,,0.6583469721767594,0.4274212718009949,-7280456192.0,,,
ele-fashion,42,train,E6_D0_projected,visual,1,14665,0.00014626174908934553,,,,,,,,,,,0.39277190589839756,0.013447646051645279,-121996408.0,,,
ele-fashion,42,train,E6_D0_projected,visual,2,14665,0.0026658763871937326,,,,,,,,,,,0.5383566314353904,0.038014814257621765,-882256256.0,,,
ele-fashion,42,train,E6_D0_projected,visual,3,14664,0.01520162751954435,,,,,,,,,,,0.5812193126022913,0.08372113853693008,-2189934336.0,,,
ele-fashion,42,train,E6_D0_projected,visual,4,14665,0.18674879369020786,,,,,,,,,,,0.7408796454142517,0.15728287398815155,-2458527488.0,,,
ele-fashion,42,validation,E6_D0_projected,visual,1,2445,0.00013392672622425963,,,,,,,,,,,0.3918200408997955,0.018418924883008003,-119175888.0,,,
ele-fashion,42,validation,E6_D0_projected,visual,2,2444,0.002660545821049324,,,,,,,,,,,0.5347790507364976,0.03525922819972038,-1572795776.0,,,
ele-fashion,42,validation,E6_D0_projected,visual,3,2444,0.0163429673967285,,,,,,,,,,,0.5548281505728314,0.11381988972425461,-2362549504.0,,,
ele-fashion,42,validation,E6_D0_projected,visual,4,2444,0.2404479883022838,,,,,,,,,,,0.6354337152209493,0.3460790812969208,-1947053952.0,,,
ele-fashion,42,train,E6_D0_projected,joint,1,14665,0.00028193564896265535,,,,,,,,,,,,,-338323232.0,0.9928401112556458,0.9042729521490558,0.023754991590976715
ele-fashion,42,train,E6_D0_projected,joint,2,14665,0.00502159726571145,,,,,,,,,,,,,-70959960.0,0.9791340231895447,0.8632629766559858,0.0554114505648613
ele-fashion,42,train,E6_D0_projected,joint,3,14664,0.023275883075793122,,,,,,,,,,,,,-161403520.0,0.9378069043159485,0.853084344725859,0.10747267305850983
ele-fashion,42,train,E6_D0_projected,joint,4,14665,0.188237447320905,,,,,,,,,,,,,-153490800.0,0.6958745718002319,0.7188092463936482,0.37382015585899353
ele-fashion,42,validation,E6_D0_projected,joint,1,2445,0.00025994575786450475,,,,,,,,,,,,,-122726216.0,0.9844580888748169,0.7436400840782817,0.03345207870006561
ele-fashion,42,validation,E6_D0_projected,joint,2,2444,0.005108844113992503,,,,,,,,,,,,,-59521860.0,0.978723406791687,0.8667319430244338,0.06251026690006256
ele-fashion,42,validation,E6_D0_projected,joint,3,2444,0.0251146383006613,,,,,,,,,,,,,-82589584.0,0.9099836349487305,0.8279722189724765,0.1595185250043869
ele-fashion,42,validation,E6_D0_projected,joint,4,2444,0.2562669672671349,,,,,,,,,,,,,-257826512.0,0.5695580840110779,0.5694673147954281,0.7809994220733643
ele-fashion,42,train,E6_D0,text,1,14665,0.00020207980217587849,,,,,,,,,,,0.45789294237981587,0.019202854484319687,-180190576.0,,,
ele-fashion,42,train,E6_D0,text,2,14665,0.003873000528809094,,,,,,,,,,,0.641527446300716,0.048480819910764694,-1285035136.0,,,
ele-fashion,42,train,E6_D0,text,3,14664,0.022053912170465016,,,,,,,,,,,0.6857610474631751,0.09298130124807358,-2231826944.0,,,
ele-fashion,42,train,E6_D0,text,4,14665,0.20274154086960203,,,,,,,,,,,0.7444936924650528,0.2231028825044632,-7391190528.0,,,
ele-fashion,42,validation,E6_D0,text,1,2445,0.00018662471328899445,,,,,,,,,,,0.46421267893660534,0.023044917732477188,-41796416.0,,,
ele-fashion,42,validation,E6_D0,text,2,2444,0.003960627495509685,,,,,,,,,,,0.6366612111292962,0.061722852289676666,-1805824256.0,,,
ele-fashion,42,validation,E6_D0,text,3,2444,0.023904310050458524,,,,,,,,,,,0.6558919803600655,0.12260793149471283,-3483109888.0,,,
ele-fashion,42,validation,E6_D0,text,4,2444,0.2858638819368059,,,,,,,,,,,0.6583469721767594,0.4274212718009949,-7280456192.0,,,
ele-fashion,42,train,E6_D0,visual,1,14665,0.00014626174908934553,,,,,,,,,,,0.39277190589839756,0.013447646051645279,-121996408.0,,,
ele-fashion,42,train,E6_D0,visual,2,14665,0.0026658763871937326,,,,,,,,,,,0.5383566314353904,0.038014814257621765,-882256256.0,,,
ele-fashion,42,train,E6_D0,visual,3,14664,0.01520162751954435,,,,,,,,,,,0.5812193126022913,0.08372113853693008,-2189934336.0,,,
ele-fashion,42,train,E6_D0,visual,4,14665,0.18674879369020786,,,,,,,,,,,0.7408796454142517,0.15728287398815155,-2458527488.0,,,
ele-fashion,42,validation,E6_D0,visual,1,2445,0.00013392672622425963,,,,,,,,,,,0.3918200408997955,0.018418924883008003,-119175888.0,,,
ele-fashion,42,validation,E6_D0,visual,2,2444,0.002660545821049324,,,,,,,,,,,0.5347790507364976,0.03525922819972038,-1572795776.0,,,
ele-fashion,42,validation,E6_D0,visual,3,2444,0.0163429673967285,,,,,,,,,,,0.5548281505728314,0.11381988972425461,-2362549504.0,,,
ele-fashion,42,validation,E6_D0,visual,4,2444,0.2404479883022838,,,,,,,,,,,0.6354337152209493,0.3460790812969208,-1947053952.0,,,
ele-fashion,42,train,E6_D0,joint,1,14665,0.00028193564896265535,,,,,,,,,,,,,-31693428.0,0.9975451827049255,0.9389849005690226,0.0047227744944393635
ele-fashion,42,train,E6_D0,joint,2,14665,0.00502159726571145,,,,,,,,,,,,,-7012113.0,0.9963859915733337,0.9065613884520007,0.01925758458673954
ele-fashion,42,train,E6_D0,joint,3,14664,0.023275883075793122,,,,,,,,,,,,,-2902939.25,0.9744953513145447,0.908685871528624,0.06304943561553955
ele-fashion,42,train,E6_D0,joint,4,14665,0.188237447320905,,,,,,,,,,,,,15964823.0,0.6712580919265747,0.7038448811668214,0.3522007167339325
ele-fashion,42,validation,E6_D0,joint,1,2445,0.00025994575786450475,,,,,,,,,,,,,-4294677.5,0.9926380515098572,0.7967768977786879,0.007490972056984901
ele-fashion,42,validation,E6_D0,joint,2,2444,0.005108844113992503,,,,,,,,,,,,,-1409434.0,0.9934533834457397,0.8891909287931871,0.021217336878180504
ele-fashion,42,validation,E6_D0,joint,3,2444,0.0251146383006613,,,,,,,,,,,,,-5731472.0,0.9607201218605042,0.8925591612701581,0.08349130302667618
ele-fashion,42,validation,E6_D0,joint,4,2444,0.2562669672671349,,,,,,,,,,,,,-25310440.0,0.5593289732933044,0.5581236865638817,0.5756413340568542
ele-fashion,42,train,R0_trajectory_ranker,text,1,14665,0.00020207980217587849,,,,,,,,,,,0.06730310262529833,0.0022835414856672287,0.030039852485060692,,,
ele-fashion,42,train,R0_trajectory_ranker,text,2,14665,0.003873000528809094,,,,,,,,,,,0.05830207978179339,0.012400854378938675,0.023642519488930702,,,
ele-fashion,42,train,R0_trajectory_ranker,text,3,14664,0.022053912170465016,,,,,,,,,,,0.03832515002727769,0.04131761193275452,0.02191735990345478,,,
ele-fashion,42,train,R0_trajectory_ranker,text,4,14665,0.20274154086960203,,,,,,,,,,,0.024821002386634844,0.26316574215888977,0.011654101312160492,,,
ele-fashion,42,validation,R0_trajectory_ranker,text,1,2445,0.00018662471328899445,,,,,,,,,,,0.05971370143149284,0.003163204062730074,-179966.453125,,,
ele-fashion,42,validation,R0_trajectory_ranker,text,2,2444,0.003960627495509685,,,,,,,,,,,0.05810147299509002,0.015130995772778988,0.03785155713558197,,,
ele-fashion,42,validation,R0_trajectory_ranker,text,3,2444,0.023904310050458524,,,,,,,,,,,0.036824877250409165,0.05041130632162094,-478203584.0,,,
ele-fashion,42,validation,R0_trajectory_ranker,text,4,2444,0.2858638819368059,,,,,,,,,,,0.023322422258592473,0.402980238199234,0.006840649992227554,,,
ele-fashion,42,train,R0_trajectory_ranker,visual,1,14665,0.00014626174908934553,,,,,,,,,,,0.055301738833958405,0.001976889790967107,0.0,,,
ele-fashion,42,train,R0_trajectory_ranker,visual,2,14665,0.0026658763871937326,,,,,,,,,,,0.0316399590862598,0.008935453370213509,0.0,,,
ele-fashion,42,train,R0_trajectory_ranker,visual,3,14664,0.01520162751954435,,,,,,,,,,,0.024277141298417893,0.03032224252820015,0.0,,,
ele-fashion,42,train,R0_trajectory_ranker,visual,4,14665,0.18674879369020786,,,,,,,,,,,0.008182748039549948,0.23163431882858276,0.0,,,
ele-fashion,42,validation,R0_trajectory_ranker,visual,1,2445,0.00013392672622425963,,,,,,,,,,,0.05562372188139059,0.0031968075782060623,0.0,,,
ele-fashion,42,validation,R0_trajectory_ranker,visual,2,2444,0.002660545821049324,,,,,,,,,,,0.02495908346972177,0.009076766669750214,0.0,,,
ele-fashion,42,validation,R0_trajectory_ranker,visual,3,2444,0.0163429673967285,,,,,,,,,,,0.02414075286415712,0.03746265545487404,0.0,,,
ele-fashion,42,validation,R0_trajectory_ranker,visual,4,2444,0.2404479883022838,,,,,,,,,,,0.009410801963993453,0.3313370645046234,0.0,,,
ele-fashion,42,train,R0_trajectory_ranker,joint,1,14665,0.00028193564896265535,,,,,,,,,,,,,0.035116422921419144,0.9979543685913086,0.9447221460056837,0.0015390515327453613
ele-fashion,42,train,R0_trajectory_ranker,joint,2,14665,0.00502159726571145,,,,,,,,,,,,,0.03444318845868111,0.9975451827049255,0.9274149665119128,0.015607648529112339
ele-fashion,42,train,R0_trajectory_ranker,joint,3,14664,0.023275883075793122,,,,,,,,,,,,,0.011860218830406666,0.9803600907325745,0.9223756069988721,0.06141750141978264
ele-fashion,42,train,R0_trajectory_ranker,joint,4,14665,0.188237447320905,,,,,,,,,,,,,0.005771794356405735,0.6406409740447998,0.671867222620328,0.4265074133872986
ele-fashion,42,validation,R0_trajectory_ranker,joint,1,2445,0.00025994575786450475,,,,,,,,,,,,,0.031025035306811333,0.9934560656547546,0.7997859310095429,0.003185041481629014
ele-fashion,42,validation,R0_trajectory_ranker,joint,2,2444,0.005108844113992503,,,,,,,,,,,,,0.035005148500204086,0.9950900077819824,0.9246137470467667,0.017189303413033485
ele-fashion,42,validation,R0_trajectory_ranker,joint,3,2444,0.0251146383006613,,,,,,,,,,,,,0.015856750309467316,0.9717676043510437,0.9084138791755622,0.07375940680503845
ele-fashion,42,validation,R0_trajectory_ranker,joint,4,2444,0.2562669672671349,,,,,,,,,,,,,0.003271176014095545,0.5396890640258789,0.5312767380973338,0.6394839286804199
ele-fashion,42,train,R1_capacity_control,text,1,14665,0.00020207980217587849,,,,,,,,,,,0.45789294237981587,0.019202854484319687,-180190576.0,,,
ele-fashion,42,train,R1_capacity_control,text,2,14665,0.003873000528809094,,,,,,,,,,,0.641527446300716,0.048480819910764694,-1285035136.0,,,
ele-fashion,42,train,R1_capacity_control,text,3,14664,0.022053912170465016,,,,,,,,,,,0.6857610474631751,0.09298130124807358,-2231826944.0,,,
ele-fashion,42,train,R1_capacity_control,text,4,14665,0.20274154086960203,,,,,,,,,,,0.7444936924650528,0.2231028825044632,-7391190528.0,,,
ele-fashion,42,validation,R1_capacity_control,text,1,2445,0.00018662471328899445,,,,,,,,,,,0.46421267893660534,0.023044917732477188,-41796416.0,,,
ele-fashion,42,validation,R1_capacity_control,text,2,2444,0.003960627495509685,,,,,,,,,,,0.6366612111292962,0.061722852289676666,-1805824256.0,,,
ele-fashion,42,validation,R1_capacity_control,text,3,2444,0.023904310050458524,,,,,,,,,,,0.6558919803600655,0.12260793149471283,-3483109888.0,,,
ele-fashion,42,validation,R1_capacity_control,text,4,2444,0.2858638819368059,,,,,,,,,,,0.6583469721767594,0.4274212718009949,-7280456192.0,,,
ele-fashion,42,train,R1_capacity_control,visual,1,14665,0.00014626174908934553,,,,,,,,,,,0.055301738833958405,0.001976889790967107,0.0,,,
ele-fashion,42,train,R1_capacity_control,visual,2,14665,0.0026658763871937326,,,,,,,,,,,0.0316399590862598,0.008935453370213509,0.0,,,
ele-fashion,42,train,R1_capacity_control,visual,3,14664,0.01520162751954435,,,,,,,,,,,0.024277141298417893,0.03032224252820015,0.0,,,
ele-fashion,42,train,R1_capacity_control,visual,4,14665,0.18674879369020786,,,,,,,,,,,0.008182748039549948,0.23163431882858276,0.0,,,
ele-fashion,42,validation,R1_capacity_control,visual,1,2445,0.00013392672622425963,,,,,,,,,,,0.05562372188139059,0.0031968075782060623,0.0,,,
ele-fashion,42,validation,R1_capacity_control,visual,2,2444,0.002660545821049324,,,,,,,,,,,0.02495908346972177,0.009076766669750214,0.0,,,
ele-fashion,42,validation,R1_capacity_control,visual,3,2444,0.0163429673967285,,,,,,,,,,,0.02414075286415712,0.03746265545487404,0.0,,,
ele-fashion,42,validation,R1_capacity_control,visual,4,2444,0.2404479883022838,,,,,,,,,,,0.009410801963993453,0.3313370645046234,0.0,,,
ele-fashion,42,train,R1_capacity_control,joint,1,14665,0.00028193564896265535,,,,,,,,,,,,,-15483274.0,0.9959086775779724,0.9315138766151265,0.010491646826267242
ele-fashion,42,train,R1_capacity_control,joint,2,14665,0.00502159726571145,,,,,,,,,,,,,-66569972.0,0.9886123538017273,0.8921681994888363,0.03493855521082878
ele-fashion,42,train,R1_capacity_control,joint,3,14664,0.023275883075793122,,,,,,,,,,,,,-54357196.0,0.9554691910743713,0.8833940570437452,0.086534284055233
ele-fashion,42,train,R1_capacity_control,joint,4,14665,0.188237447320905,,,,,,,,,,,,,-121408280.0,0.6578929424285889,0.6783719942176607,0.43770545721054077
ele-fashion,42,validation,R1_capacity_control,joint,1,2445,0.00025994575786450475,,,,,,,,,,,,,-1845558.625,0.9885480999946594,0.7790824329279838,0.015930423513054848
ele-fashion,42,validation,R1_capacity_control,joint,2,2444,0.005108844113992503,,,,,,,,,,,,,-11746621.0,0.9856792092323303,0.8903914682151023,0.03853599727153778
ele-fashion,42,validation,R1_capacity_control,joint,3,2444,0.0251146383006613,,,,,,,,,,,,,-90068056.0,0.9296236038208008,0.8479727916776614,0.12254506349563599
ele-fashion,42,validation,R1_capacity_control,joint,4,2444,0.2562669672671349,,,,,,,,,,,,,-187817728.0,0.5462356805801392,0.5364085320205491,0.7197203040122986
ele-fashion,42,train,R1_decision_ranker,text,1,14665,0.00020207980217587849,,,,,,,,,,,0.37927037163314015,0.002814649837091565,-30821056.0,,,
ele-fashion,42,train,R1_decision_ranker,text,2,14665,0.003873000528809094,,,,,,,,,,,0.5517899761336515,0.013746639713644981,-357503872.0,,,
ele-fashion,42,train,R1_decision_ranker,text,3,14664,0.022053912170465016,,,,,,,,,,,0.6063829787234043,0.040792904794216156,-565972032.0,,,
ele-fashion,42,train,R1_decision_ranker,text,4,14665,0.20274154086960203,,,,,,,,,,,0.5706784861916127,0.2730100452899933,-2804377344.0,,,
ele-fashion,42,validation,R1_decision_ranker,text,1,2445,0.00018662471328899445,,,,,,,,,,,0.37300613496932516,0.006739368662238121,-27502286.0,,,
ele-fashion,42,validation,R1_decision_ranker,text,2,2444,0.003960627495509685,,,,,,,,,,,0.5511456628477905,0.020712247118353844,-179537408.0,,,
ele-fashion,42,validation,R1_decision_ranker,text,3,2444,0.023904310050458524,,,,,,,,,,,0.5838788870703764,0.05609448254108429,-709285504.0,,,
ele-fashion,42,validation,R1_decision_ranker,text,4,2444,0.2858638819368059,,,,,,,,,,,0.48895253682487727,0.5118452310562134,-4138934528.0,,,
ele-fashion,42,train,R1_decision_ranker,visual,1,14665,0.00014626174908934553,,,,,,,,,,,0.17681554722127515,0.0020409398712217808,-5999245.5,,,
ele-fashion,42,train,R1_decision_ranker,visual,2,14665,0.0026658763871937326,,,,,,,,,,,0.2493692465052847,0.008927063085138798,-67560000.0,,,
ele-fashion,42,train,R1_decision_ranker,visual,3,14664,0.01520162751954435,,,,,,,,,,,0.23608837970540097,0.028647448867559433,-51758040.0,,,
ele-fashion,42,train,R1_decision_ranker,visual,4,14665,0.18674879369020786,,,,,,,,,,,0.201363791339925,0.23027090728282928,-190313328.0,,,
ele-fashion,42,validation,R1_decision_ranker,visual,1,2445,0.00013392672622425963,,,,,,,,,,,0.17423312883435582,0.0035003467928618193,-12797600.0,,,
ele-fashion,42,validation,R1_decision_ranker,visual,2,2444,0.002660545821049324,,,,,,,,,,,0.24018003273322422,0.008749556727707386,-54205708.0,,,
ele-fashion,42,validation,R1_decision_ranker,visual,3,2444,0.0163429673967285,,,,,,,,,,,0.2332242225859247,0.03561430424451828,-684814656.0,,,
ele-fashion,42,validation,R1_decision_ranker,visual,4,2444,0.2404479883022838,,,,,,,,,,,0.17716857610474632,0.3636511564254761,-29917442.0,,,
ele-fashion,42,train,R1_decision_ranker,joint,1,14665,0.00028193564896265535,,,,,,,,,,,,,-10592.818359375,0.9979543685913086,0.9447221460056837,0.00146345398388803
ele-fashion,42,train,R1_decision_ranker,joint,2,14665,0.00502159726571145,,,,,,,,,,,,,-4540358.5,0.9975451827049255,0.9274149665119128,0.011768738739192486
ele-fashion,42,train,R1_decision_ranker,joint,3,14664,0.023275883075793122,,,,,,,,,,,,,-44536756.0,0.9802237153053284,0.9220671477714141,0.04223453253507614
ele-fashion,42,train,R1_decision_ranker,joint,4,14665,0.188237447320905,,,,,,,,,,,,,-8257157.5,0.6418684124946594,0.6724979562809575,0.46310800313949585
ele-fashion,42,validation,R1_decision_ranker,joint,1,2445,0.00025994575786450475,,,,,,,,,,,,,0.2777961492538452,0.9934560656547546,0.7997859310095429,0.005409490317106247
ele-fashion,42,validation,R1_decision_ranker,joint,2,2444,0.005108844113992503,,,,,,,,,,,,,-11746621.0,0.9950900077819824,0.9246137470467667,0.013553377240896225
ele-fashion,42,validation,R1_decision_ranker,joint,3,2444,0.0251146383006613,,,,,,,,,,,,,-82589584.0,0.9709492921829224,0.9076309827877609,0.06295787543058395
ele-fashion,42,validation,R1_decision_ranker,joint,4,2444,0.2562669672671349,,,,,,,,,,,,,0.06365741789340973,0.542962372303009,0.5345952032563073,0.8121109008789062
ele-fashion,43,train,C0_Uniform,text,1,14665,5.1504496254552595e-05,,,,,,,,,,,0.07623593590180702,0.0013672533677890897,0.0,,,
ele-fashion,43,train,C0_Uniform,text,2,14665,0.001615657434778723,,,,,,,,,,,0.02263893624275486,0.005622990429401398,0.0,,,
ele-fashion,43,train,C0_Uniform,text,3,14664,0.013410186808218644,,,,,,,,,,,0.015957446808510637,0.028140904381871223,0.0,,,
ele-fashion,43,train,C0_Uniform,text,4,14665,0.21509768455633826,,,,,,,,,,,0.015683600409137403,0.2754245400428772,0.0,,,
ele-fashion,43,validation,C0_Uniform,text,1,2445,4.503592460248179e-05,,,,,,,,,,,0.08261758691206544,0.0022710904013365507,0.0,,,
ele-fashion,43,validation,C0_Uniform,text,2,2444,0.0017243232198879115,,,,,,,,,,,0.027414075286415714,0.007172319106757641,0.0,,,
ele-fashion,43,validation,C0_Uniform,text,3,2444,0.01504651424871317,,,,,,,,,,,0.012274959083469721,0.03827536851167679,0.0,,,
ele-fashion,43,validation,C0_Uniform,text,4,2444,0.3019723361784839,,,,,,,,,,,0.013502454991816694,0.4230044186115265,0.0,,,
ele-fashion,43,train,C0_Uniform,visual,1,14665,4.2472228078939445e-05,,,,,,,,,,,0.0880327309921582,0.0012258084025233984,0.0,,,
ele-fashion,43,train,C0_Uniform,visual,2,14665,0.0012984450799258126,,,,,,,,,,,0.0319127173542448,0.005007797386497259,0.0,,,
ele-fashion,43,train,C0_Uniform,visual,3,14664,0.010717311957707467,,,,,,,,,,,0.02434533551554828,0.022802166640758514,0.0,,,
ele-fashion,43,train,C0_Uniform,visual,4,14665,0.19867444960937092,,,,,,,,,,,0.00975110808046369,0.2555167078971863,0.0,,,
ele-fashion,43,validation,C0_Uniform,visual,1,2445,3.8287098122983e-05,,,,,,,,,,,0.09406952965235174,0.00237859645858407,0.0,,,
ele-fashion,43,validation,C0_Uniform,visual,2,2444,0.0013214734025154627,,,,,,,,,,,0.030278232405891982,0.005793729797005653,0.0,,,
ele-fashion,43,validation,C0_Uniform,visual,3,2444,0.01186749549184764,,,,,,,,,,,0.016775777414075287,0.028200065717101097,0.0,,,
ele-fashion,43,validation,C0_Uniform,visual,4,2444,0.26837344113630646,,,,,,,,,,,0.009410801963993453,0.38607892394065857,0.0,,,
ele-fashion,43,train,C0_Uniform,joint,1,14665,7.413194942141928e-05,,,,,,,,,,,,,0.0,0.9982271194458008,0.9197234419473301,0.0008058662060648203
ele-fashion,43,train,C0_Uniform,joint,2,14665,0.002223941436170425,,,,,,,,,,,,,0.0,0.9993181228637695,0.942422860143227,0.006704845931380987
ele-fashion,43,train,C0_Uniform,joint,3,14664,0.015454123751994241,,,,,,,,,,,,,0.0,0.991134762763977,0.956304336869723,0.04114728420972824
ele-fashion,43,train,C0_Uniform,joint,4,14665,0.20270189013591075,,,,,,,,,,,,,0.0,0.6248210072517395,0.6512265959353158,0.4549373984336853
ele-fashion,43,validation,C0_Uniform,joint,1,2445,6.518745876859731e-05,,,,,,,,,,,,,0.0,0.9959100484848022,0.8004723686374029,0.00253926869481802
ele-fashion,43,validation,C0_Uniform,joint,2,2444,0.002344045802322465,,,,,,,,,,,,,0.0,0.9995908737182617,0.908245089925635,0.0070753698237240314
ele-fashion,43,validation,C0_Uniform,joint,3,2444,0.017373769933858602,,,,,,,,,,,,,0.0,0.984860897064209,0.9384134826602928,0.051475413143634796
ele-fashion,43,validation,C0_Uniform,joint,4,2444,0.28041144052928896,,,,,,,,,,,,,0.0,0.5257773995399475,0.5026631940934064,0.7063754796981812
ele-fashion,43,train,GLOBAL_ACTION,text,1,14665,5.1504496254552595e-05,,,,,,,,,,,0.07623593590180702,0.0013672533677890897,0.0,,,
ele-fashion,43,train,GLOBAL_ACTION,text,2,14665,0.001615657434778723,,,,,,,,,,,0.02263893624275486,0.005622990429401398,0.0,,,
ele-fashion,43,train,GLOBAL_ACTION,text,3,14664,0.013410186808218644,,,,,,,,,,,0.015957446808510637,0.028140904381871223,0.0,,,
ele-fashion,43,train,GLOBAL_ACTION,text,4,14665,0.21509768455633826,,,,,,,,,,,0.015683600409137403,0.2754245400428772,0.0,,,
ele-fashion,43,validation,GLOBAL_ACTION,text,1,2445,4.503592460248179e-05,,,,,,,,,,,0.08261758691206544,0.0022710904013365507,0.0,,,
ele-fashion,43,validation,GLOBAL_ACTION,text,2,2444,0.0017243232198879115,,,,,,,,,,,0.027414075286415714,0.007172319106757641,0.0,,,
ele-fashion,43,validation,GLOBAL_ACTION,text,3,2444,0.01504651424871317,,,,,,,,,,,0.012274959083469721,0.03827536851167679,0.0,,,
ele-fashion,43,validation,GLOBAL_ACTION,text,4,2444,0.3019723361784839,,,,,,,,,,,0.013502454991816694,0.4230044186115265,0.0,,,
ele-fashion,43,train,GLOBAL_ACTION,visual,1,14665,4.2472228078939445e-05,,,,,,,,,,,0.0880327309921582,0.0012258084025233984,0.0,,,
ele-fashion,43,train,GLOBAL_ACTION,visual,2,14665,0.0012984450799258126,,,,,,,,,,,0.0319127173542448,0.005007797386497259,0.0,,,
ele-fashion,43,train,GLOBAL_ACTION,visual,3,14664,0.010717311957707467,,,,,,,,,,,0.02434533551554828,0.022802166640758514,0.0,,,
ele-fashion,43,train,GLOBAL_ACTION,visual,4,14665,0.19867444960937092,,,,,,,,,,,0.00975110808046369,0.2555167078971863,0.0,,,
ele-fashion,43,validation,GLOBAL_ACTION,visual,1,2445,3.8287098122983e-05,,,,,,,,,,,0.09406952965235174,0.00237859645858407,0.0,,,
ele-fashion,43,validation,GLOBAL_ACTION,visual,2,2444,0.0013214734025154627,,,,,,,,,,,0.030278232405891982,0.005793729797005653,0.0,,,
ele-fashion,43,validation,GLOBAL_ACTION,visual,3,2444,0.01186749549184764,,,,,,,,,,,0.016775777414075287,0.028200065717101097,0.0,,,
ele-fashion,43,validation,GLOBAL_ACTION,visual,4,2444,0.26837344113630646,,,,,,,,,,,0.009410801963993453,0.38607892394065857,0.0,,,
ele-fashion,43,train,GLOBAL_ACTION,joint,1,14665,7.413194942141928e-05,,,,,,,,,,,,,0.0,0.9982271194458008,0.9197234419473301,0.0008058662060648203
ele-fashion,43,train,GLOBAL_ACTION,joint,2,14665,0.002223941436170425,,,,,,,,,,,,,0.0,0.9993181228637695,0.942422860143227,0.006704845931380987
ele-fashion,43,train,GLOBAL_ACTION,joint,3,14664,0.015454123751994241,,,,,,,,,,,,,0.0,0.991134762763977,0.956304336869723,0.04114728420972824
ele-fashion,43,train,GLOBAL_ACTION,joint,4,14665,0.20270189013591075,,,,,,,,,,,,,0.0,0.6248210072517395,0.6512265959353158,0.4549373984336853
ele-fashion,43,validation,GLOBAL_ACTION,joint,1,2445,6.518745876859731e-05,,,,,,,,,,,,,0.0,0.9959100484848022,0.8004723686374029,0.00253926869481802
ele-fashion,43,validation,GLOBAL_ACTION,joint,2,2444,0.002344045802322465,,,,,,,,,,,,,0.0,0.9995908737182617,0.908245089925635,0.0070753698237240314
ele-fashion,43,validation,GLOBAL_ACTION,joint,3,2444,0.017373769933858602,,,,,,,,,,,,,0.0,0.984860897064209,0.9384134826602928,0.051475413143634796
ele-fashion,43,validation,GLOBAL_ACTION,joint,4,2444,0.28041144052928896,,,,,,,,,,,,,0.0,0.5257773995399475,0.5026631940934064,0.7063754796981812
ele-fashion,43,train,E6_D0_projected,text,1,14665,5.1504496254552595e-05,,,,,,,,,,,0.4569382884418684,0.016020113602280617,-621858688.0,,,
ele-fashion,43,train,E6_D0_projected,text,2,14665,0.001615657434778723,,,,,,,,,,,0.6561882032049097,0.03213728219270706,-1288940928.0,,,
ele-fashion,43,train,E6_D0_projected,text,3,14664,0.013410186808218644,,,,,,,,,,,0.6704855428259684,0.07515980303287506,-2441466624.0,,,
ele-fashion,43,train,E6_D0_projected,text,4,14665,0.21509768455633826,,,,,,,,,,,0.7428571428571429,0.21833918988704681,-10296796160.0,,,
ele-fashion,43,validation,E6_D0_projected,text,1,2445,4.503592460248179e-05,,,,,,,,,,,0.456441717791411,0.01737510785460472,-46119420.0,,,
ele-fashion,43,validation,E6_D0_projected,text,2,2444,0.0017243232198879115,,,,,,,,,,,0.6518003273322422,0.0418776236474514,-885397248.0,,,
ele-fashion,43,validation,E6_D0_projected,text,3,2444,0.01504651424871317,,,,,,,,,,,0.6268412438625205,0.11299560219049454,-677014144.0,,,
ele-fashion,43,validation,E6_D0_projected,text,4,2444,0.3019723361784839,,,,,,,,,,,0.648936170212766,0.44893190264701843,-10855408640.0,,,
ele-fashion,43,train,E6_D0_projected,visual,1,14665,4.2472228078939445e-05,,,,,,,,,,,0.41397886123423117,0.01003209501504898,-53457004.0,,,
ele-fashion,43,train,E6_D0_projected,visual,2,14665,0.0012984450799258126,,,,,,,,,,,0.5644050460279577,0.026289483532309532,-430689952.0,,,
ele-fashion,43,train,E6_D0_projected,visual,3,14664,0.010717311957707467,,,,,,,,,,,0.599836333878887,0.06468041241168976,-1935500288.0,,,
ele-fashion,43,train,E6_D0_projected,visual,4,14665,0.19867444960937092,,,,,,,,,,,0.7013978861234231,0.18529543280601501,-3495102976.0,,,
ele-fashion,43,validation,E6_D0_projected,visual,1,2445,3.8287098122983e-05,,,,,,,,,,,0.4098159509202454,0.016662565991282463,-36604016.0,,,
ele-fashion,43,validation,E6_D0_projected,visual,2,2444,0.0013214734025154627,,,,,,,,,,,0.5765139116202946,0.02998984605073929,-291053440.0,,,
ele-fashion,43,validation,E6_D0_projected,visual,3,2444,0.01186749549184764,,,,,,,,,,,0.5752864157119476,0.08834810554981232,-1365385216.0,,,
ele-fashion,43,validation,E6_D0_projected,visual,4,2444,0.26837344113630646,,,,,,,,,,,0.6076104746317512,0.4397151470184326,-2904521216.0,,,
ele-fashion,43,train,E6_D0_projected,joint,1,14665,7.413194942141928e-05,,,,,,,,,,,,,-873983040.0,0.9947494268417358,0.8818488781174519,0.017983458936214447
ele-fashion,43,train,E6_D0_projected,joint,2,14665,0.002223941436170425,,,,,,,,,,,,,-61826092.0,0.9897034168243408,0.9022853485787669,0.03853187710046768
ele-fashion,43,train,E6_D0_projected,joint,3,14664,0.015454123751994241,,,,,,,,,,,,,-26961694.0,0.9644026160240173,0.8936398377785227,0.07835095375776291
ele-fashion,43,train,E6_D0_projected,joint,4,14665,0.20270189013591075,,,,,,,,,,,,,-426739616.0,0.6889874339103699,0.7098136588586416,0.376697838306427
ele-fashion,43,validation,E6_D0_projected,joint,1,2445,6.518745876859731e-05,,,,,,,,,,,,,-63488404.0,0.9901840686798096,0.778612259740601,0.02831295132637024
ele-fashion,43,validation,E6_D0_projected,joint,2,2444,0.002344045802322465,,,,,,,,,,,,,-595699.0625,0.9897708892822266,0.8954593143775047,0.03643985092639923
ele-fashion,43,validation,E6_D0_projected,joint,3,2444,0.017373769933858602,,,,,,,,,,,,,-0.3866265118122101,0.9414893984794617,0.8552055102217616,0.12653347849845886
ele-fashion,43,validation,E6_D0_projected,joint,4,2444,0.28041144052928896,,,,,,,,,,,,,-1684887296.0,0.5433715581893921,0.5305313622989112,0.8704266548156738
ele-fashion,43,train,E6_D0,text,1,14665,5.1504496254552595e-05,,,,,,,,,,,0.4569382884418684,0.016020113602280617,-621858688.0,,,
ele-fashion,43,train,E6_D0,text,2,14665,0.001615657434778723,,,,,,,,,,,0.6561882032049097,0.03213728219270706,-1288940928.0,,,
ele-fashion,43,train,E6_D0,text,3,14664,0.013410186808218644,,,,,,,,,,,0.6704855428259684,0.07515980303287506,-2441466624.0,,,
ele-fashion,43,train,E6_D0,text,4,14665,0.21509768455633826,,,,,,,,,,,0.7428571428571429,0.21833918988704681,-10296796160.0,,,
ele-fashion,43,validation,E6_D0,text,1,2445,4.503592460248179e-05,,,,,,,,,,,0.456441717791411,0.01737510785460472,-46119420.0,,,
ele-fashion,43,validation,E6_D0,text,2,2444,0.0017243232198879115,,,,,,,,,,,0.6518003273322422,0.0418776236474514,-885397248.0,,,
ele-fashion,43,validation,E6_D0,text,3,2444,0.01504651424871317,,,,,,,,,,,0.6268412438625205,0.11299560219049454,-677014144.0,,,
ele-fashion,43,validation,E6_D0,text,4,2444,0.3019723361784839,,,,,,,,,,,0.648936170212766,0.44893190264701843,-10855408640.0,,,
ele-fashion,43,train,E6_D0,visual,1,14665,4.2472228078939445e-05,,,,,,,,,,,0.41397886123423117,0.01003209501504898,-53457004.0,,,
ele-fashion,43,train,E6_D0,visual,2,14665,0.0012984450799258126,,,,,,,,,,,0.5644050460279577,0.026289483532309532,-430689952.0,,,
ele-fashion,43,train,E6_D0,visual,3,14664,0.010717311957707467,,,,,,,,,,,0.599836333878887,0.06468041241168976,-1935500288.0,,,
ele-fashion,43,train,E6_D0,visual,4,14665,0.19867444960937092,,,,,,,,,,,0.7013978861234231,0.18529543280601501,-3495102976.0,,,
ele-fashion,43,validation,E6_D0,visual,1,2445,3.8287098122983e-05,,,,,,,,,,,0.4098159509202454,0.016662565991282463,-36604016.0,,,
ele-fashion,43,validation,E6_D0,visual,2,2444,0.0013214734025154627,,,,,,,,,,,0.5765139116202946,0.02998984605073929,-291053440.0,,,
ele-fashion,43,validation,E6_D0,visual,3,2444,0.01186749549184764,,,,,,,,,,,0.5752864157119476,0.08834810554981232,-1365385216.0,,,
ele-fashion,43,validation,E6_D0,visual,4,2444,0.26837344113630646,,,,,,,,,,,0.6076104746317512,0.4397151470184326,-2904521216.0,,,
ele-fashion,43,train,E6_D0,joint,1,14665,7.413194942141928e-05,,,,,,,,,,,,,-337719808.0,0.9975451827049255,0.9100727564218011,0.004419569857418537
ele-fashion,43,train,E6_D0,joint,2,14665,0.002223941436170425,,,,,,,,,,,,,-6966864.0,0.9988408088684082,0.941805316438862,0.009182334877550602
ele-fashion,43,train,E6_D0,joint,3,14664,0.015454123751994241,,,,,,,,,,,,,-1358458.0,0.9891571402549744,0.9523511207833092,0.0415985994040966
ele-fashion,43,train,E6_D0,joint,4,14665,0.20270189013591075,,,,,,,,,,,,,-46437280.0,0.6527105569839478,0.6836620012074174,0.3745120167732239
ele-fashion,43,validation,E6_D0,joint,1,2445,6.518745876859731e-05,,,,,,,,,,,,,-3719112.75,0.9950920343399048,0.7970649472749295,0.00591892097145319
ele-fashion,43,validation,E6_D0,joint,2,2444,0.002344045802322465,,,,,,,,,,,,,19592.865234375,0.9987725019454956,0.9072265345420788,0.009404884651303291
ele-fashion,43,validation,E6_D0,joint,3,2444,0.017373769933858602,,,,,,,,,,,,,0.12041836977005005,0.9774959087371826,0.9180467730958468,0.05755709111690521
ele-fashion,43,validation,E6_D0,joint,4,2444,0.28041144052928896,,,,,,,,,,,,,-109633168.0,0.5421440601348877,0.5202589151784824,0.6284775137901306
ele-fashion,43,train,R0_trajectory_ranker,text,1,14665,5.1504496254552595e-05,,,,,,,,,,,0.080054551653597,0.0018272908637300134,-138.30221557617188,,,
ele-fashion,43,train,R0_trajectory_ranker,text,2,14665,0.001615657434778723,,,,,,,,,,,0.024411864984657347,0.005678282119333744,-0.006568415090441704,,,
ele-fashion,43,train,R0_trajectory_ranker,text,3,14664,0.013410186808218644,,,,,,,,,,,0.016980360065466448,0.028151599690318108,-4.935680772177875e-05,,,
ele-fashion,43,train,R0_trajectory_ranker,text,4,14665,0.21509768455633826,,,,,,,,,,,0.016979202182066142,0.2752152979373932,0.001070587895810604,,,
ele-fashion,43,validation,R0_trajectory_ranker,text,1,2445,4.503592460248179e-05,,,,,,,,,,,0.08629856850715746,0.0023778292816132307,-48.828773498535156,,,
ele-fashion,43,validation,R0_trajectory_ranker,text,2,2444,0.0017243232198879115,,,,,,,,,,,0.02905073649754501,0.007171095814555883,-0.0003884285397361964,,,
ele-fashion,43,validation,R0_trajectory_ranker,text,3,2444,0.01504651424871317,,,,,,,,,,,0.01309328968903437,0.03842150792479515,-0.0008194241672754288,,,
ele-fashion,43,validation,R0_trajectory_ranker,text,4,2444,0.3019723361784839,,,,,,,,,,,0.013502454991816694,0.42340996861457825,-0.0007184286369010806,,,
ele-fashion,43,train,R0_trajectory_ranker,visual,1,14665,4.2472228078939445e-05,,,,,,,,,,,0.0880327309921582,0.0012258084025233984,0.0,,,
ele-fashion,43,train,R0_trajectory_ranker,visual,2,14665,0.0012984450799258126,,,,,,,,,,,0.0319127173542448,0.005007797386497259,0.0,,,
ele-fashion,43,train,R0_trajectory_ranker,visual,3,14664,0.010717311957707467,,,,,,,,,,,0.02434533551554828,0.022802166640758514,0.0,,,
ele-fashion,43,train,R0_trajectory_ranker,visual,4,14665,0.19867444960937092,,,,,,,,,,,0.00975110808046369,0.2555167078971863,0.0,,,
ele-fashion,43,validation,R0_trajectory_ranker,visual,1,2445,3.8287098122983e-05,,,,,,,,,,,0.09406952965235174,0.00237859645858407,0.0,,,
ele-fashion,43,validation,R0_trajectory_ranker,visual,2,2444,0.0013214734025154627,,,,,,,,,,,0.030278232405891982,0.005793729797005653,0.0,,,
ele-fashion,43,validation,R0_trajectory_ranker,visual,3,2444,0.01186749549184764,,,,,,,,,,,0.016775777414075287,0.028200065717101097,0.0,,,
ele-fashion,43,validation,R0_trajectory_ranker,visual,4,2444,0.26837344113630646,,,,,,,,,,,0.009410801963993453,0.38607892394065857,0.0,,,
ele-fashion,43,train,R0_trajectory_ranker,joint,1,14665,7.413194942141928e-05,,,,,,,,,,,,,-97.58908081054688,0.9982271194458008,0.9197234419473301,0.0008246632060036063
ele-fashion,43,train,R0_trajectory_ranker,joint,2,14665,0.002223941436170425,,,,,,,,,,,,,-0.06837837398052216,0.9991817474365234,0.942144159877035,0.007198834791779518
ele-fashion,43,train,R0_trajectory_ranker,joint,3,14664,0.015454123751994241,,,,,,,,,,,,,0.00020085509459022433,0.991134762763977,0.956304336869723,0.04114831984043121
ele-fashion,43,train,R0_trajectory_ranker,joint,4,14665,0.20270189013591075,,,,,,,,,,,,,0.0006018647691234946,0.6248210072517395,0.651220986472683,0.45474037528038025
ele-fashion,43,validation,R0_trajectory_ranker,joint,1,2445,6.518745876859731e-05,,,,,,,,,,,,,-48.825130462646484,0.9959100484848022,0.8004723686374029,0.0026348333340138197
ele-fashion,43,validation,R0_trajectory_ranker,joint,2,2444,0.002344045802322465,,,,,,,,,,,,,0.0009674272732809186,0.9995908737182617,0.908245089925635,0.0070728431455791
ele-fashion,43,validation,R0_trajectory_ranker,joint,3,2444,0.017373769933858602,,,,,,,,,,,,,-0.0011021577520295978,0.984860897064209,0.9384134826602928,0.0516340397298336
ele-fashion,43,validation,R0_trajectory_ranker,joint,4,2444,0.28041144052928896,,,,,,,,,,,,,-0.0005400622612796724,0.5257773995399475,0.5026631940934064,0.7067810297012329
ele-fashion,43,train,R1_capacity_control,text,1,14665,5.1504496254552595e-05,,,,,,,,,,,0.07562222979884077,0.0013723745942115784,-1097516.625,,,
ele-fashion,43,train,R1_capacity_control,text,2,14665,0.001615657434778723,,,,,,,,,,,0.022707125809751108,0.005595074035227299,-532502.375,,,
ele-fashion,43,train,R1_capacity_control,text,3,14664,0.013410186808218644,,,,,,,,,,,0.01738952536824877,0.02810562402009964,-0.0024868205655366182,,,
ele-fashion,43,train,R1_capacity_control,text,4,14665,0.21509768455633826,,,,,,,,,,,0.016501875213092397,0.2768828272819519,-32303624.0,,,
ele-fashion,43,validation,R1_capacity_control,text,1,2445,4.503592460248179e-05,,,,,,,,,,,0.08220858895705521,0.0022711234632879496,-146.269287109375,,,
ele-fashion,43,validation,R1_capacity_control,text,2,2444,0.0017243232198879115,,,,,,,,,,,0.027414075286415714,0.007243358064442873,-0.009386241436004639,,,
ele-fashion,43,validation,R1_capacity_control,text,3,2444,0.01504651424871317,,,,,,,,,,,0.013911620294599018,0.038161326199769974,0.0013563106767833233,,,
ele-fashion,43,validation,R1_capacity_control,text,4,2444,0.3019723361784839,,,,,,,,,,,0.015139116202945991,0.4147954285144806,-0.0016099351923912764,,,
ele-fashion,43,train,R1_capacity_control,visual,1,14665,4.2472228078939445e-05,,,,,,,,,,,0.0880327309921582,0.0012258084025233984,0.0,,,
ele-fashion,43,train,R1_capacity_control,visual,2,14665,0.0012984450799258126,,,,,,,,,,,0.0319127173542448,0.005007797386497259,0.0,,,
ele-fashion,43,train,R1_capacity_control,visual,3,14664,0.010717311957707467,,,,,,,,,,,0.02434533551554828,0.022802166640758514,0.0,,,
ele-fashion,43,train,R1_capacity_control,visual,4,14665,0.19867444960937092,,,,,,,,,,,0.00975110808046369,0.2555167078971863,0.0,,,
ele-fashion,43,validation,R1_capacity_control,visual,1,2445,3.8287098122983e-05,,,,,,,,,,,0.09406952965235174,0.00237859645858407,0.0,,,
ele-fashion,43,validation,R1_capacity_control,visual,2,2444,0.0013214734025154627,,,,,,,,,,,0.030278232405891982,0.005793729797005653,0.0,,,
ele-fashion,43,validation,R1_capacity_control,visual,3,2444,0.01186749549184764,,,,,,,,,,,0.016775777414075287,0.028200065717101097,0.0,,,
ele-fashion,43,validation,R1_capacity_control,visual,4,2444,0.26837344113630646,,,,,,,,,,,0.009410801963993453,0.38607892394065857,0.0,,,
ele-fashion,43,train,R1_capacity_control,joint,1,14665,7.413194942141928e-05,,,,,,,,,,,,,-86994.1171875,0.9982271194458008,0.9197234419473301,0.0008099768310785294
ele-fashion,43,train,R1_capacity_control,joint,2,14665,0.002223941436170425,,,,,,,,,,,,,-0.0025660742539912462,0.9993181228637695,0.942422860143227,0.006720388308167458
ele-fashion,43,train,R1_capacity_control,joint,3,14664,0.015454123751994241,,,,,,,,,,,,,-0.002107315929606557,0.991134762763977,0.956304336869723,0.041162487119436264
ele-fashion,43,train,R1_capacity_control,joint,4,14665,0.20270189013591075,,,,,,,,,,,,,-0.009098727256059647,0.6246164441108704,0.6509988895364323,0.4563027620315552
ele-fashion,43,validation,R1_capacity_control,joint,1,2445,6.518745876859731e-05,,,,,,,,,,,,,-146.26927185058594,0.9959100484848022,0.8004723686374029,0.002539301523938775
ele-fashion,43,validation,R1_capacity_control,joint,2,2444,0.002344045802322465,,,,,,,,,,,,,-0.0022372654639184475,0.9995908737182617,0.908245089925635,0.007146407850086689
ele-fashion,43,validation,R1_capacity_control,joint,3,2444,0.017373769933858602,,,,,,,,,,,,,0.0007980973459780216,0.984860897064209,0.9384134826602928,0.05140767991542816
ele-fashion,43,validation,R1_capacity_control,joint,4,2444,0.28041144052928896,,,,,,,,,,,,,-0.0016880066832527518,0.5257773995399475,0.5026631940934064,0.6981202363967896
ele-fashion,43,train,R1_decision_ranker,text,1,14665,5.1504496254552595e-05,,,,,,,,,,,0.13637913399249915,0.0002916946541517973,-15173321.0,,,
ele-fashion,43,train,R1_decision_ranker,text,2,14665,0.001615657434778723,,,,,,,,,,,0.1306512103648142,0.004844831768423319,-200393600.0,,,
ele-fashion,43,train,R1_decision_ranker,text,3,14664,0.013410186808218644,,,,,,,,,,,0.15616475722858703,0.027764752507209778,-383406400.0,,,
ele-fashion,43,train,R1_decision_ranker,text,4,14665,0.21509768455633826,,,,,,,,,,,0.055506307534947154,0.36224743723869324,-1103517056.0,,,
ele-fashion,43,validation,R1_decision_ranker,text,1,2445,4.503592460248179e-05,,,,,,,,,,,0.1292433537832311,0.0007570516900159419,-32032382.0,,,
ele-fashion,43,validation,R1_decision_ranker,text,2,2444,0.0017243232198879115,,,,,,,,,,,0.13666121112929625,0.005511497147381306,-264946608.0,,,
ele-fashion,43,validation,R1_decision_ranker,text,3,2444,0.01504651424871317,,,,,,,,,,,0.16775777414075285,0.036445919424295425,-330250304.0,,,
ele-fashion,43,validation,R1_decision_ranker,text,4,2444,0.3019723361784839,,,,,,,,,,,0.05196399345335515,0.4821138083934784,-1693460352.0,,,
ele-fashion,43,train,R1_decision_ranker,visual,1,14665,4.2472228078939445e-05,,,,,,,,,,,0.0880327309921582,0.0012258084025233984,0.0,,,
ele-fashion,43,train,R1_decision_ranker,visual,2,14665,0.0012984450799258126,,,,,,,,,,,0.0319127173542448,0.005007797386497259,0.0,,,
ele-fashion,43,train,R1_decision_ranker,visual,3,14664,0.010717311957707467,,,,,,,,,,,0.02434533551554828,0.022802166640758514,0.0,,,
ele-fashion,43,train,R1_decision_ranker,visual,4,14665,0.19867444960937092,,,,,,,,,,,0.00975110808046369,0.2555167078971863,0.0,,,
ele-fashion,43,validation,R1_decision_ranker,visual,1,2445,3.8287098122983e-05,,,,,,,,,,,0.09406952965235174,0.00237859645858407,0.0,,,
ele-fashion,43,validation,R1_decision_ranker,visual,2,2444,0.0013214734025154627,,,,,,,,,,,0.030278232405891982,0.005793729797005653,0.0,,,
ele-fashion,43,validation,R1_decision_ranker,visual,3,2444,0.01186749549184764,,,,,,,,,,,0.016775777414075287,0.028200065717101097,0.0,,,
ele-fashion,43,validation,R1_decision_ranker,visual,4,2444,0.26837344113630646,,,,,,,,,,,0.009410801963993453,0.38607892394065857,0.0,,,
ele-fashion,43,train,R1_decision_ranker,joint,1,14665,7.413194942141928e-05,,,,,,,,,,,,,-49297.37890625,0.9982953071594238,0.9200114325951554,0.0005502817220985889
ele-fashion,43,train,R1_decision_ranker,joint,2,14665,0.002223941436170425,,,,,,,,,,,,,-2335852.75,0.9993181228637695,0.942422860143227,0.008220057934522629
ele-fashion,43,train,R1_decision_ranker,joint,3,14664,0.015454123751994241,,,,,,,,,,,,,-3975253.5,0.9912711381912231,0.9572228117903763,0.04535854607820511
ele-fashion,43,train,R1_decision_ranker,joint,4,14665,0.20270189013591075,,,,,,,,,,,,,-9967804.0,0.6243436932563782,0.6508941846474368,0.5340598821640015
ele-fashion,43,validation,R1_decision_ranker,joint,1,2445,6.518745876859731e-05,,,,,,,,,,,,,-1658.1068115234375,0.9959100484848022,0.8004723686374029,0.001686610165052116
ele-fashion,43,validation,R1_decision_ranker,joint,2,2444,0.002344045802322465,,,,,,,,,,,,,-37773.84375,0.9995908737182617,0.908245089925635,0.008591591380536556
ele-fashion,43,validation,R1_decision_ranker,joint,3,2444,0.017373769933858602,,,,,,,,,,,,,-0.3341973125934601,0.985270082950592,0.9397350373366823,0.05188339203596115
ele-fashion,43,validation,R1_decision_ranker,joint,4,2444,0.28041144052928896,,,,,,,,,,,,,-15377794.0,0.5265957713127136,0.5033306951651764,0.7594088315963745
ele-fashion,44,train,C0_Uniform,text,1,14665,0.00011998341493191425,,,,,,,,,,,0.045687009887487216,0.0016857226146385074,0.0,,,
ele-fashion,44,train,C0_Uniform,text,2,14665,0.003265539482046134,,,,,,,,,,,0.018615751789976133,0.010687685571610928,0.0,,,
ele-fashion,44,train,C0_Uniform,text,3,14664,0.020996062409509166,,,,,,,,,,,0.014593562465902892,0.039511729031801224,0.0,,,
ele-fashion,44,train,C0_Uniform,text,4,14665,0.1936798907679236,,,,,,,,,,,0.01261506989430617,0.24973024427890778,0.0,,,
ele-fashion,44,validation,C0_Uniform,text,1,2445,0.00010677657747559746,,,,,,,,,,,0.04212678936605317,0.002628583926707506,0.0,,,
ele-fashion,44,validation,C0_Uniform,text,2,2444,0.003288939627279507,,,,,,,,,,,0.019639934533551555,0.012887278571724892,0.0,,,
ele-fashion,44,validation,C0_Uniform,text,3,2444,0.023324165285569486,,,,,,,,,,,0.016775777414075287,0.05036552995443344,0.0,,,
ele-fashion,44,validation,C0_Uniform,text,4,2444,0.29678263998881543,,,,,,,,,,,0.009819967266775777,0.4158829152584076,0.0,,,
ele-fashion,44,train,C0_Uniform,visual,1,14665,9.151585039654224e-05,,,,,,,,,,,0.06689396522332083,0.001609958941116929,0.0,,,
ele-fashion,44,train,C0_Uniform,visual,2,14665,0.002186277830945672,,,,,,,,,,,0.027753153767473577,0.00829929020255804,0.0,,,
ele-fashion,44,train,C0_Uniform,visual,3,14664,0.014594594998929379,,,,,,,,,,,0.02025368248772504,0.0296072568744421,0.0,,,
ele-fashion,44,train,C0_Uniform,visual,4,14665,0.17856262286612495,,,,,,,,,,,0.008319127173542449,0.22020529210567474,0.0,,,
ele-fashion,44,validation,C0_Uniform,visual,1,2445,8.23439937235946e-05,,,,,,,,,,,0.06912065439672802,0.0030316286720335484,0.0,,,
ele-fashion,44,validation,C0_Uniform,visual,2,2444,0.002158781699507535,,,,,,,,,,,0.028641571194762683,0.00888669304549694,0.0,,,
ele-fashion,44,validation,C0_Uniform,visual,3,2444,0.015959464402643706,,,,,,,,,,,0.01800327332242226,0.03844951465725899,0.0,,,
ele-fashion,44,validation,C0_Uniform,visual,4,2444,0.24170755065745886,,,,,,,,,,,0.009410801963993453,0.3355506658554077,0.0,,,
ele-fashion,44,train,C0_Uniform,joint,1,14665,0.00017124078812380195,,,,,,,,,,,,,0.0,0.9980907440185547,0.9522435862386023,0.001203118241392076
ele-fashion,44,train,C0_Uniform,joint,2,14665,0.004259473783913807,,,,,,,,,,,,,0.0,0.998499870300293,0.9475979875340298,0.012973732315003872
ele-fashion,44,train,C0_Uniform,joint,3,14664,0.0228336419056047,,,,,,,,,,,,,0.0,0.9779732823371887,0.9289887332526731,0.061522215604782104
ele-fashion,44,train,C0_Uniform,joint,4,14665,0.17948423089315696,,,,,,,,,,,,,0.0,0.6686668992042542,0.690330021174264,0.40028563141822815
ele-fashion,44,validation,C0_Uniform,joint,1,2445,0.0001482369616513802,,,,,,,,,,,,,0.0,0.9971370100975037,0.8089560985436056,0.0024727750569581985
ele-fashion,44,validation,C0_Uniform,joint,2,2444,0.0043249830642824935,,,,,,,,,,,,,0.0,0.9971358776092529,0.9059395365819886,0.014249330386519432
ele-fashion,44,validation,C0_Uniform,joint,3,2444,0.024915274054335183,,,,,,,,,,,,,0.0,0.9660392999649048,0.903898095557492,0.0756903663277626
ele-fashion,44,validation,C0_Uniform,joint,4,2444,0.2623168150733344,,,,,,,,,,,,,0.0,0.542962372303009,0.5071323703709472,0.6516478657722473
ele-fashion,44,train,GLOBAL_ACTION,text,1,14665,0.00011998341493191425,,,,,,,,,,,0.045687009887487216,0.0016857226146385074,0.0,,,
ele-fashion,44,train,GLOBAL_ACTION,text,2,14665,0.003265539482046134,,,,,,,,,,,0.018615751789976133,0.010687685571610928,0.0,,,
ele-fashion,44,train,GLOBAL_ACTION,text,3,14664,0.020996062409509166,,,,,,,,,,,0.014593562465902892,0.039511729031801224,0.0,,,
ele-fashion,44,train,GLOBAL_ACTION,text,4,14665,0.1936798907679236,,,,,,,,,,,0.01261506989430617,0.24973024427890778,0.0,,,
ele-fashion,44,validation,GLOBAL_ACTION,text,1,2445,0.00010677657747559746,,,,,,,,,,,0.04212678936605317,0.002628583926707506,0.0,,,
ele-fashion,44,validation,GLOBAL_ACTION,text,2,2444,0.003288939627279507,,,,,,,,,,,0.019639934533551555,0.012887278571724892,0.0,,,
ele-fashion,44,validation,GLOBAL_ACTION,text,3,2444,0.023324165285569486,,,,,,,,,,,0.016775777414075287,0.05036552995443344,0.0,,,
ele-fashion,44,validation,GLOBAL_ACTION,text,4,2444,0.29678263998881543,,,,,,,,,,,0.009819967266775777,0.4158829152584076,0.0,,,
ele-fashion,44,train,GLOBAL_ACTION,visual,1,14665,9.151585039654224e-05,,,,,,,,,,,0.06689396522332083,0.001609958941116929,0.0,,,
ele-fashion,44,train,GLOBAL_ACTION,visual,2,14665,0.002186277830945672,,,,,,,,,,,0.027753153767473577,0.00829929020255804,0.0,,,
ele-fashion,44,train,GLOBAL_ACTION,visual,3,14664,0.014594594998929379,,,,,,,,,,,0.02025368248772504,0.0296072568744421,0.0,,,
ele-fashion,44,train,GLOBAL_ACTION,visual,4,14665,0.17856262286612495,,,,,,,,,,,0.008319127173542449,0.22020529210567474,0.0,,,
ele-fashion,44,validation,GLOBAL_ACTION,visual,1,2445,8.23439937235946e-05,,,,,,,,,,,0.06912065439672802,0.0030316286720335484,0.0,,,
ele-fashion,44,validation,GLOBAL_ACTION,visual,2,2444,0.002158781699507535,,,,,,,,,,,0.028641571194762683,0.00888669304549694,0.0,,,
ele-fashion,44,validation,GLOBAL_ACTION,visual,3,2444,0.015959464402643706,,,,,,,,,,,0.01800327332242226,0.03844951465725899,0.0,,,
ele-fashion,44,validation,GLOBAL_ACTION,visual,4,2444,0.24170755065745886,,,,,,,,,,,0.009410801963993453,0.3355506658554077,0.0,,,
ele-fashion,44,train,GLOBAL_ACTION,joint,1,14665,0.00017124078812380195,,,,,,,,,,,,,0.0,0.9980907440185547,0.9522435862386023,0.001203118241392076
ele-fashion,44,train,GLOBAL_ACTION,joint,2,14665,0.004259473783913807,,,,,,,,,,,,,0.0,0.998499870300293,0.9475979875340298,0.012973732315003872
ele-fashion,44,train,GLOBAL_ACTION,joint,3,14664,0.0228336419056047,,,,,,,,,,,,,0.0,0.9779732823371887,0.9289887332526731,0.061522215604782104
ele-fashion,44,train,GLOBAL_ACTION,joint,4,14665,0.17948423089315696,,,,,,,,,,,,,0.0,0.6686668992042542,0.690330021174264,0.40028563141822815
ele-fashion,44,validation,GLOBAL_ACTION,joint,1,2445,0.0001482369616513802,,,,,,,,,,,,,0.0,0.9971370100975037,0.8089560985436056,0.0024727750569581985
ele-fashion,44,validation,GLOBAL_ACTION,joint,2,2444,0.0043249830642824935,,,,,,,,,,,,,0.0,0.9971358776092529,0.9059395365819886,0.014249330386519432
ele-fashion,44,validation,GLOBAL_ACTION,joint,3,2444,0.024915274054335183,,,,,,,,,,,,,0.0,0.9660392999649048,0.903898095557492,0.0756903663277626
ele-fashion,44,validation,GLOBAL_ACTION,joint,4,2444,0.2623168150733344,,,,,,,,,,,,,0.0,0.542962372303009,0.5071323703709472,0.6516478657722473
ele-fashion,44,train,E6_D0_projected,text,1,14665,0.00011998341493191425,,,,,,,,,,,0.48053187862257074,0.017373960465192795,-211063264.0,,,
ele-fashion,44,train,E6_D0_projected,text,2,14665,0.003265539482046134,,,,,,,,,,,0.6432321854756222,0.04464682191610336,-1521666944.0,,,
ele-fashion,44,train,E6_D0_projected,text,3,14664,0.020996062409509166,,,,,,,,,,,0.6833742498636116,0.08829700201749802,-2963612672.0,,,
ele-fashion,44,train,E6_D0_projected,text,4,14665,0.1936798907679236,,,,,,,,,,,0.751108080463689,0.20618432760238647,-8715456512.0,,,
ele-fashion,44,validation,E6_D0_projected,text,1,2445,0.00010677657747559746,,,,,,,,,,,0.48629856850715747,0.022149708122015,-163254512.0,,,
ele-fashion,44,validation,E6_D0_projected,text,2,2444,0.003288939627279507,,,,,,,,,,,0.6444353518821604,0.04811081290245056,-802859840.0,,,
ele-fashion,44,validation,E6_D0_projected,text,3,2444,0.023324165285569486,,,,,,,,,,,0.6448445171849427,0.12261638790369034,-4474349568.0,,,
ele-fashion,44,validation,E6_D0_projected,text,4,2444,0.29678263998881543,,,,,,,,,,,0.650163666121113,0.45621243119239807,-9166451712.0,,,
ele-fashion,44,train,E6_D0_projected,visual,1,14665,9.151585039654224e-05,,,,,,,,,,,0.4228435049437436,0.0116578983142972,-156449792.0,,,
ele-fashion,44,train,E6_D0_projected,visual,2,14665,0.002186277830945672,,,,,,,,,,,0.5273781111489942,0.03895166143774986,-713448960.0,,,
ele-fashion,44,train,E6_D0_projected,visual,3,14664,0.014594594998929379,,,,,,,,,,,0.5720812875068194,0.0822078138589859,-2471347712.0,,,
ele-fashion,44,train,E6_D0_projected,visual,4,14665,0.17856262286612495,,,,,,,,,,,0.7479713603818616,0.15103337168693542,-3347151872.0,,,
ele-fashion,44,validation,E6_D0_projected,visual,1,2445,8.23439937235946e-05,,,,,,,,,,,0.4245398773006135,0.018362917006015778,-133332552.0,,,
ele-fashion,44,validation,E6_D0_projected,visual,2,2444,0.002158781699507535,,,,,,,,,,,0.5216857610474632,0.04127136245369911,-639057344.0,,,
ele-fashion,44,validation,E6_D0_projected,visual,3,2444,0.015959464402643706,,,,,,,,,,,0.5380523731587561,0.11657460033893585,-2395013376.0,,,
ele-fashion,44,validation,E6_D0_projected,visual,4,2444,0.24170755065745886,,,,,,,,,,,0.6391162029459901,0.3823467195034027,-4797968896.0,,,
ele-fashion,44,train,E6_D0_projected,joint,1,14665,0.00017124078812380195,,,,,,,,,,,,,-420707104.0,0.9928401112556458,0.8865586964685735,0.02169308066368103
ele-fashion,44,train,E6_D0_projected,joint,2,14665,0.004259473783913807,,,,,,,,,,,,,-60482612.0,0.9834981560707092,0.8943497710619247,0.05189584940671921
ele-fashion,44,train,E6_D0_projected,joint,3,14664,0.0228336419056047,,,,,,,,,,,,,-20058816.0,0.9389662146568298,0.8649587977940322,0.11027326434850693
ele-fashion,44,train,E6_D0_projected,joint,4,14665,0.17948423089315696,,,,,,,,,,,,,-1276634112.0,0.7241732478141785,0.7374657847898809,0.3372075855731964
ele-fashion,44,validation,E6_D0_projected,joint,1,2445,0.0001482369616513802,,,,,,,,,,,,,-187251472.0,0.9889570474624634,0.7872330612960678,0.02940049208700657
ele-fashion,44,validation,E6_D0_projected,joint,2,2444,0.0043249830642824935,,,,,,,,,,,,,-1.8966865539550781,0.9824059009552002,0.874109262705942,0.04992382228374481
ele-fashion,44,validation,E6_D0_projected,joint,3,2444,0.024915274054335183,,,,,,,,,,,,,-0.20923087000846863,0.9067103266716003,0.8152866832698781,0.1608007252216339
ele-fashion,44,validation,E6_D0_projected,joint,4,2444,0.2623168150733344,,,,,,,,,,,,,-2137868928.0,0.5671031475067139,0.5528024426581513,0.8236368894577026
ele-fashion,44,train,E6_D0,text,1,14665,0.00011998341493191425,,,,,,,,,,,0.48053187862257074,0.017373960465192795,-211063264.0,,,
ele-fashion,44,train,E6_D0,text,2,14665,0.003265539482046134,,,,,,,,,,,0.6432321854756222,0.04464682191610336,-1521666944.0,,,
ele-fashion,44,train,E6_D0,text,3,14664,0.020996062409509166,,,,,,,,,,,0.6833742498636116,0.08829700201749802,-2963612672.0,,,
ele-fashion,44,train,E6_D0,text,4,14665,0.1936798907679236,,,,,,,,,,,0.751108080463689,0.20618432760238647,-8715456512.0,,,
ele-fashion,44,validation,E6_D0,text,1,2445,0.00010677657747559746,,,,,,,,,,,0.48629856850715747,0.022149708122015,-163254512.0,,,
ele-fashion,44,validation,E6_D0,text,2,2444,0.003288939627279507,,,,,,,,,,,0.6444353518821604,0.04811081290245056,-802859840.0,,,
ele-fashion,44,validation,E6_D0,text,3,2444,0.023324165285569486,,,,,,,,,,,0.6448445171849427,0.12261638790369034,-4474349568.0,,,
ele-fashion,44,validation,E6_D0,text,4,2444,0.29678263998881543,,,,,,,,,,,0.650163666121113,0.45621243119239807,-9166451712.0,,,
ele-fashion,44,train,E6_D0,visual,1,14665,9.151585039654224e-05,,,,,,,,,,,0.4228435049437436,0.0116578983142972,-156449792.0,,,
ele-fashion,44,train,E6_D0,visual,2,14665,0.002186277830945672,,,,,,,,,,,0.5273781111489942,0.03895166143774986,-713448960.0,,,
ele-fashion,44,train,E6_D0,visual,3,14664,0.014594594998929379,,,,,,,,,,,0.5720812875068194,0.0822078138589859,-2471347712.0,,,
ele-fashion,44,train,E6_D0,visual,4,14665,0.17856262286612495,,,,,,,,,,,0.7479713603818616,0.15103337168693542,-3347151872.0,,,
ele-fashion,44,validation,E6_D0,visual,1,2445,8.23439937235946e-05,,,,,,,,,,,0.4245398773006135,0.018362917006015778,-133332552.0,,,
ele-fashion,44,validation,E6_D0,visual,2,2444,0.002158781699507535,,,,,,,,,,,0.5216857610474632,0.04127136245369911,-639057344.0,,,
ele-fashion,44,validation,E6_D0,visual,3,2444,0.015959464402643706,,,,,,,,,,,0.5380523731587561,0.11657460033893585,-2395013376.0,,,
ele-fashion,44,validation,E6_D0,visual,4,2444,0.24170755065745886,,,,,,,,,,,0.6391162029459901,0.3823467195034027,-4797968896.0,,,
ele-fashion,44,train,E6_D0,joint,1,14665,0.00017124078812380195,,,,,,,,,,,,,-105912024.0,0.9974769949913025,0.9174106878235286,0.004290624987334013
ele-fashion,44,train,E6_D0,joint,2,14665,0.004259473783913807,,,,,,,,,,,,,-1049407.625,0.9975451827049255,0.9418100476300437,0.015556838363409042
ele-fashion,44,train,E6_D0,joint,3,14664,0.0228336419056047,,,,,,,,,,,,,802050.25,0.9737452268600464,0.9203626803207055,0.06097958981990814
ele-fashion,44,train,E6_D0,joint,4,14665,0.17948423089315696,,,,,,,,,,,,,-57819008.0,0.6908285021781921,0.7129113335259,0.33493396639823914
ele-fashion,44,validation,E6_D0,joint,1,2445,0.0001482369616513802,,,,,,,,,,,,,-11213447.0,0.996319055557251,0.8077985051997334,0.005774736404418945
ele-fashion,44,validation,E6_D0,joint,2,2444,0.0043249830642824935,,,,,,,,,,,,,0.10062064975500107,0.9967266917228699,0.9016297722722243,0.016944825649261475
ele-fashion,44,validation,E6_D0,joint,3,2444,0.024915274054335183,,,,,,,,,,,,,0.13955315947532654,0.957446813583374,0.8941168021225109,0.0816974863409996
ele-fashion,44,validation,E6_D0,joint,4,2444,0.2623168150733344,,,,,,,,,,,,,-215391680.0,0.5556464791297913,0.5280452380733592,0.5879607796669006
ele-fashion,44,train,R0_trajectory_ranker,text,1,14665,0.00011998341493191425,,,,,,,,,,,0.04548244118649847,0.001888062572106719,-12163.2236328125,,,
ele-fashion,44,train,R0_trajectory_ranker,text,2,14665,0.003265539482046134,,,,,,,,,,,0.018683941356972385,0.01067841611802578,0.0001337206194875762,,,
ele-fashion,44,train,R0_trajectory_ranker,text,3,14664,0.020996062409509166,,,,,,,,,,,0.014593562465902892,0.039511729031801224,0.0,,,
ele-fashion,44,train,R0_trajectory_ranker,text,4,14665,0.1936798907679236,,,,,,,,,,,0.01275144902829867,0.2486840933561325,0.00013637913798447698,,,
ele-fashion,44,validation,R0_trajectory_ranker,text,1,2445,0.00010677657747559746,,,,,,,,,,,0.04130879345603272,0.0026285878848284483,-3900.490966796875,,,
ele-fashion,44,validation,R0_trajectory_ranker,text,2,2444,0.003288939627279507,,,,,,,,,,,0.019639934533551555,0.012887278571724892,0.0,,,
ele-fashion,44,validation,R0_trajectory_ranker,text,3,2444,0.023324165285569486,,,,,,,,,,,0.016775777414075287,0.05036552995443344,0.0,,,
ele-fashion,44,validation,R0_trajectory_ranker,text,4,2444,0.29678263998881543,,,,,,,,,,,0.009819967266775777,0.4158829152584076,0.0,,,
ele-fashion,44,train,R0_trajectory_ranker,visual,1,14665,9.151585039654224e-05,,,,,,,,,,,0.1533583361745653,0.0004285965987946838,-36963824.0,,,
ele-fashion,44,train,R0_trajectory_ranker,visual,2,14665,0.002186277830945672,,,,,,,,,,,0.20375042618479372,0.005051388870924711,-332092288.0,,,
ele-fashion,44,train,R0_trajectory_ranker,visual,3,14664,0.014594594998929379,,,,,,,,,,,0.1723949809056192,0.026638109236955643,-910650496.0,,,
ele-fashion,44,train,R0_trajectory_ranker,visual,4,14665,0.17856262286612495,,,,,,,,,,,0.04323218547562223,0.33641883730888367,-1498527744.0,,,
ele-fashion,44,validation,R0_trajectory_ranker,visual,1,2445,8.23439937235946e-05,,,,,,,,,,,0.1488752556237219,0.0003621111100073904,-12084224.0,,,
ele-fashion,44,validation,R0_trajectory_ranker,visual,2,2444,0.002158781699507535,,,,,,,,,,,0.20049099836333878,0.0044577657245099545,-333469824.0,,,
ele-fashion,44,validation,R0_trajectory_ranker,visual,3,2444,0.015959464402643706,,,,,,,,,,,0.18003273322422259,0.028482994064688683,-676510208.0,,,
ele-fashion,44,validation,R0_trajectory_ranker,visual,4,2444,0.24170755065745886,,,,,,,,,,,0.04582651391162029,0.38435250520706177,-1938642048.0,,,
ele-fashion,44,train,R0_trajectory_ranker,joint,1,14665,0.00017124078812380195,,,,,,,,,,,,,-22990.9296875,0.9980225563049316,0.9456422748960485,0.0010977393249049783
ele-fashion,44,train,R0_trajectory_ranker,joint,2,14665,0.004259473783913807,,,,,,,,,,,,,-1940840.125,0.998499870300293,0.9475979875340298,0.012203856371343136
ele-fashion,44,train,R0_trajectory_ranker,joint,3,14664,0.0228336419056047,,,,,,,,,,,,,-2585825.0,0.9782460331916809,0.9293569956400867,0.0626094862818718
ele-fashion,44,train,R0_trajectory_ranker,joint,4,14665,0.17948423089315696,,,,,,,,,,,,,-124071248.0,0.6307535171508789,0.6299848524113412,0.5081284642219543
ele-fashion,44,validation,R0_trajectory_ranker,joint,1,2445,0.0001482369616513802,,,,,,,,,,,,,-101967.203125,0.9971370100975037,0.8089560985436056,0.0013581975363194942
ele-fashion,44,validation,R0_trajectory_ranker,joint,2,2444,0.0043249830642824935,,,,,,,,,,,,,-0.23176981508731842,0.9979541897773743,0.9073686979415683,0.012901248410344124
ele-fashion,44,validation,R0_trajectory_ranker,joint,3,2444,0.024915274054335183,,,,,,,,,,,,,-0.08643925935029984,0.9689034819602966,0.9084145092360053,0.07123375684022903
ele-fashion,44,validation,R0_trajectory_ranker,joint,4,2444,0.2623168150733344,,,,,,,,,,,,,-212466784.0,0.5237315893173218,0.4754340921860967,0.6903033256530762
ele-fashion,44,train,R1_capacity_control,text,1,14665,0.00011998341493191425,,,,,,,,,,,0.045687009887487216,0.0016857226146385074,0.0,,,
ele-fashion,44,train,R1_capacity_control,text,2,14665,0.003265539482046134,,,,,,,,,,,0.020115922263893624,0.010694149881601334,0.0011083264835178852,,,
ele-fashion,44,train,R1_capacity_control,text,3,14664,0.020996062409509166,,,,,,,,,,,0.015957446808510637,0.039511747658252716,-2891951.25,,,
ele-fashion,44,train,R1_capacity_control,text,4,14665,0.1936798907679236,,,,,,,,,,,0.015001704739174906,0.24954326450824738,0.0018595480360090733,,,
ele-fashion,44,validation,R1_capacity_control,text,1,2445,0.00010677657747559746,,,,,,,,,,,0.04212678936605317,0.002628583926707506,0.0,,,
ele-fashion,44,validation,R1_capacity_control,text,2,2444,0.003288939627279507,,,,,,,,,,,0.020867430441898527,0.013138486072421074,-0.00035754009149968624,,,
ele-fashion,44,validation,R1_capacity_control,text,3,2444,0.023324165285569486,,,,,,,,,,,0.01718494271685761,0.05035817623138428,0.00040916530997492373,,,
ele-fashion,44,validation,R1_capacity_control,text,4,2444,0.29678263998881543,,,,,,,,,,,0.01104746317512275,0.4167371094226837,-0.0014417142374441028,,,
ele-fashion,44,train,R1_capacity_control,visual,1,14665,9.151585039654224e-05,,,,,,,,,,,0.06634844868735083,0.0017619173740968108,-453170.40625,,,
ele-fashion,44,train,R1_capacity_control,visual,2,14665,0.002186277830945672,,,,,,,,,,,0.027821343334469825,0.008370017632842064,-0.027470624074339867,,,
ele-fashion,44,train,R1_capacity_control,visual,3,14664,0.014594594998929379,,,,,,,,,,,0.020321876704855427,0.029615748673677444,-1.4235690287023317e-05,,,
ele-fashion,44,train,R1_capacity_control,visual,4,14665,0.17856262286612495,,,,,,,,,,,0.008591885441527447,0.22024573385715485,-0.00457227136939764,,,
ele-fashion,44,validation,R1_capacity_control,visual,1,2445,8.23439937235946e-05,,,,,,,,,,,0.0687116564417178,0.0030355181079357862,-683.0628662109375,,,
ele-fashion,44,validation,R1_capacity_control,visual,2,2444,0.002158781699507535,,,,,,,,,,,0.028641571194762683,0.00888669304549694,0.0,,,
ele-fashion,44,validation,R1_capacity_control,visual,3,2444,0.015959464402643706,,,,,,,,,,,0.018412438625204582,0.03843730688095093,0.00040916530997492373,,,
ele-fashion,44,validation,R1_capacity_control,visual,4,2444,0.24170755065745886,,,,,,,,,,,0.010638297872340425,0.33200255036354065,0.0012274959590286016,,,
ele-fashion,44,train,R1_capacity_control,joint,1,14665,0.00017124078812380195,,,,,,,,,,,,,-453121.625,0.9980225563049316,0.9520112158620602,0.0013238484971225262
ele-fashion,44,train,R1_capacity_control,joint,2,14665,0.004259473783913807,,,,,,,,,,,,,-0.02952262945473194,0.9984316825866699,0.9464048486642249,0.01306263729929924
ele-fashion,44,train,R1_capacity_control,joint,3,14664,0.0228336419056047,,,,,,,,,,,,,0.0013706807512789965,0.9779050946235657,0.928858209229092,0.0614679716527462
ele-fashion,44,train,R1_capacity_control,joint,4,14665,0.17948423089315696,,,,,,,,,,,,,0.0007345502381213009,0.6688714623451233,0.690774409764192,0.4002213478088379
ele-fashion,44,validation,R1_capacity_control,joint,1,2445,0.0001482369616513802,,,,,,,,,,,,,-683.062744140625,0.9971370100975037,0.8089560985436056,0.002476664260029793
ele-fashion,44,validation,R1_capacity_control,joint,2,2444,0.0043249830642824935,,,,,,,,,,,,,0.0013159590307623148,0.9971358776092529,0.9059395365819886,0.014230919070541859
ele-fashion,44,validation,R1_capacity_control,joint,3,2444,0.024915274054335183,,,,,,,,,,,,,0.0003342736454214901,0.9660392999649048,0.903898095557492,0.07568300515413284
ele-fashion,44,validation,R1_capacity_control,joint,4,2444,0.2623168150733344,,,,,,,,,,,,,-1.2298701221880037e-06,0.5433715581893921,0.5080097463981409,0.6492112874984741
ele-fashion,44,train,R1_decision_ranker,text,1,14665,0.00011998341493191425,,,,,,,,,,,0.045687009887487216,0.001956655876711011,-38670248.0,,,
ele-fashion,44,train,R1_decision_ranker,text,2,14665,0.003265539482046134,,,,,,,,,,,0.018683941356972385,0.01069818064570427,-0.004488825332373381,,,
ele-fashion,44,train,R1_decision_ranker,text,3,14664,0.020996062409509166,,,,,,,,,,,0.014593562465902892,0.039511729031801224,0.0,,,
ele-fashion,44,train,R1_decision_ranker,text,4,14665,0.1936798907679236,,,,,,,,,,,0.01275144902829867,0.24962572753429413,0.00013637913798447698,,,
ele-fashion,44,validation,R1_decision_ranker,text,1,2445,0.00010677657747559746,,,,,,,,,,,0.04212678936605317,0.002628583926707506,0.0,,,
ele-fashion,44,validation,R1_decision_ranker,text,2,2444,0.003288939627279507,,,,,,,,,,,0.019639934533551555,0.012887278571724892,0.0,,,
ele-fashion,44,validation,R1_decision_ranker,text,3,2444,0.023324165285569486,,,,,,,,,,,0.016775777414075287,0.05036552995443344,0.0,,,
ele-fashion,44,validation,R1_decision_ranker,text,4,2444,0.29678263998881543,,,,,,,,,,,0.009819967266775777,0.4158829152584076,0.0,,,
ele-fashion,44,train,R1_decision_ranker,visual,1,14665,9.151585039654224e-05,,,,,,,,,,,0.06621206955335833,0.00182221585419029,-452465.625,,,
ele-fashion,44,train,R1_decision_ranker,visual,2,14665,0.002186277830945672,,,,,,,,,,,0.028025912035458574,0.00829822663217783,-0.0014000602532178164,,,
ele-fashion,44,train,R1_decision_ranker,visual,3,14664,0.014594594998929379,,,,,,,,,,,0.020731042007637753,0.029732966795563698,-0.001983145484700799,,,
ele-fashion,44,train,R1_decision_ranker,visual,4,14665,0.17856262286612495,,,,,,,,,,,0.015206273440163655,0.21911649405956268,-16763306.0,,,
ele-fashion,44,validation,R1_decision_ranker,visual,1,2445,8.23439937235946e-05,,,,,,,,,,,0.06789366053169735,0.004288197960704565,-97.61915588378906,,,
ele-fashion,44,validation,R1_decision_ranker,visual,2,2444,0.002158781699507535,,,,,,,,,,,0.02823240589198036,0.00897279568016529,-86182072.0,,,
ele-fashion,44,validation,R1_decision_ranker,visual,3,2444,0.015959464402643706,,,,,,,,,,,0.019230769230769232,0.039100054651498795,-0.003920885268598795,,,
ele-fashion,44,validation,R1_decision_ranker,visual,4,2444,0.24170755065745886,,,,,,,,,,,0.013911620294599018,0.33521711826324463,0.0020578987896442413,,,
ele-fashion,44,train,R1_decision_ranker,joint,1,14665,0.00017124078812380195,,,,,,,,,,,,,-64880848.0,0.9979543685913086,0.9517789462766689,0.0023422343656420708
ele-fashion,44,train,R1_decision_ranker,joint,2,14665,0.004259473783913807,,,,,,,,,,,,,-3.277220093877986e-05,0.998499870300293,0.9475979875340298,0.012965401634573936
ele-fashion,44,train,R1_decision_ranker,joint,3,14664,0.0228336419056047,,,,,,,,,,,,,1.9018792954739183e-05,0.9779732823371887,0.9289887332526731,0.061550453305244446
ele-fashion,44,train,R1_decision_ranker,joint,4,14665,0.17948423089315696,,,,,,,,,,,,,0.003589668544009328,0.6689396500587463,0.6908427403217291,0.3992575705051422
ele-fashion,44,validation,R1_decision_ranker,joint,1,2445,0.0001482369616513802,,,,,,,,,,,,,-0.10028892755508423,0.9971370100975037,0.8089560985436056,0.003729263786226511
ele-fashion,44,validation,R1_decision_ranker,joint,2,2444,0.0043249830642824935,,,,,,,,,,,,,0.0004644698346965015,0.9971358776092529,0.9059395365819886,0.014105549082159996
ele-fashion,44,validation,R1_decision_ranker,joint,3,2444,0.024915274054335183,,,,,,,,,,,,,0.0,0.9660392999649048,0.903898095557492,0.0756903663277626
ele-fashion,44,validation,R1_decision_ranker,joint,4,2444,0.2623168150733344,,,,,,,,,,,,,-0.0005634783301502466,0.5433715581893921,0.5080097463981409,0.6521947979927063
Reddit-S,42,train,C0_Uniform,text,1,2384,0.0,,,,,,,,,,,0.030201342281879196,0.002849410055205226,0.0,,,
Reddit-S,42,train,C0_Uniform,text,2,2384,2.4155569428365734e-08,,,,,,,,,,,0.06711409395973154,0.005287413485348225,0.0,,,
Reddit-S,42,train,C0_Uniform,text,3,2384,1.706011074083014e-05,,,,,,,,,,,0.22399328859060402,0.003100408473983407,0.0,,,
Reddit-S,42,train,C0_Uniform,text,4,2384,0.07581400468964006,,,,,,,,,,,0.10151006711409397,0.07359395921230316,0.0,,,
Reddit-S,42,validation,C0_Uniform,text,1,795,0.0,,,,,,,,,,,0.02389937106918239,0.005685085896402597,0.0,,,
Reddit-S,42,validation,C0_Uniform,text,2,795,2.0608232653846797e-08,,,,,,,,,,,0.052830188679245285,0.00979333184659481,0.0,,,
Reddit-S,42,validation,C0_Uniform,text,3,794,1.3741922420999867e-05,,,,,,,,,,,0.24433249370277077,0.010417570360004902,0.0,,,
Reddit-S,42,validation,C0_Uniform,text,4,795,0.14976380060256841,,,,,,,,,,,0.08553459119496855,0.14888188242912292,0.0,,,
Reddit-S,42,train,C0_Uniform,visual,1,2384,0.0,,,,,,,,,,,0.07843959731543625,0.0037838981952518225,0.0,,,
Reddit-S,42,train,C0_Uniform,visual,2,2384,1.2590319037293843e-07,,,,,,,,,,,0.11031879194630873,0.007815216667950153,0.0,,,
Reddit-S,42,train,C0_Uniform,visual,3,2384,2.432907658442598e-05,,,,,,,,,,,0.07843959731543625,0.00012902873277198523,0.0,,,
Reddit-S,42,train,C0_Uniform,visual,4,2384,0.09787471924705912,,,,,,,,,,,0.07256711409395973,0.09129500389099121,0.0,,,
Reddit-S,42,validation,C0_Uniform,visual,1,795,0.0,,,,,,,,,,,0.07672955974842767,0.007345174439251423,0.0,,,
Reddit-S,42,validation,C0_Uniform,visual,2,795,9.651968918479101e-08,,,,,,,,,,,0.11572327044025157,0.024155832827091217,0.0,,,
Reddit-S,42,validation,C0_Uniform,visual,3,794,2.442013413053071e-05,,,,,,,,,,,0.09193954659949623,0.003569335676729679,0.0,,,
Reddit-S,42,validation,C0_Uniform,visual,4,795,0.23059088408732098,,,,,,,,,,,0.07672955974842767,0.22704453766345978,0.0,,,
Reddit-S,42,train,C0_Uniform,joint,1,2384,1.0630855022535536e-08,,,,,,,,,,,,,0.0,0.9995805621147156,0.9996003343211003,0.007164644543081522
Reddit-S,42,train,C0_Uniform,joint,2,2384,3.337913741446762e-06,,,,,,,,,,,,,0.0,0.9882550239562988,0.909043349418941,0.006523738615214825
Reddit-S,42,train,C0_Uniform,joint,3,2384,8.17457415130711e-05,,,,,,,,,,,,,0.0,1.0,1.0,0.0003355900989845395
Reddit-S,42,train,C0_Uniform,joint,4,2384,0.08678003730528258,,,,,,,,,,,,,0.0,0.938758373260498,0.9363652973308969,0.12913928925991058
Reddit-S,42,validation,C0_Uniform,joint,1,795,5.803740021624235e-09,,,,,,,,,,,,,0.0,0.9962263703346252,0.9907241406688877,0.01001905370503664
Reddit-S,42,validation,C0_Uniform,joint,2,795,2.9837643492517546e-06,,,,,,,,,,,,,0.0,0.9723270535469055,0.8779972726798266,0.020786164328455925
Reddit-S,42,validation,C0_Uniform,joint,3,794,7.906922062242159e-05,,,,,,,,,,,,,0.0,0.9999999403953552,0.9,0.000323533546179533
Reddit-S,42,validation,C0_Uniform,joint,4,795,0.1901144986053154,,,,,,,,,,,,,0.0,0.8679245114326477,0.840710906735753,0.3034200668334961
Reddit-S,42,train,GLOBAL_ACTION,text,1,2384,0.0,,,,,,,,,,,0.030201342281879196,0.002849410055205226,0.0,,,
Reddit-S,42,train,GLOBAL_ACTION,text,2,2384,2.4155569428365734e-08,,,,,,,,,,,0.06711409395973154,0.005287413485348225,0.0,,,
Reddit-S,42,train,GLOBAL_ACTION,text,3,2384,1.706011074083014e-05,,,,,,,,,,,0.22399328859060402,0.003100408473983407,0.0,,,
Reddit-S,42,train,GLOBAL_ACTION,text,4,2384,0.07581400468964006,,,,,,,,,,,0.10151006711409397,0.07359395921230316,0.0,,,
Reddit-S,42,validation,GLOBAL_ACTION,text,1,795,0.0,,,,,,,,,,,0.02389937106918239,0.005685085896402597,0.0,,,
Reddit-S,42,validation,GLOBAL_ACTION,text,2,795,2.0608232653846797e-08,,,,,,,,,,,0.052830188679245285,0.00979333184659481,0.0,,,
Reddit-S,42,validation,GLOBAL_ACTION,text,3,794,1.3741922420999867e-05,,,,,,,,,,,0.24433249370277077,0.010417570360004902,0.0,,,
Reddit-S,42,validation,GLOBAL_ACTION,text,4,795,0.14976380060256841,,,,,,,,,,,0.08553459119496855,0.14888188242912292,0.0,,,
Reddit-S,42,train,GLOBAL_ACTION,visual,1,2384,0.0,,,,,,,,,,,0.07843959731543625,0.0037838981952518225,0.0,,,
Reddit-S,42,train,GLOBAL_ACTION,visual,2,2384,1.2590319037293843e-07,,,,,,,,,,,0.11031879194630873,0.007815216667950153,0.0,,,
Reddit-S,42,train,GLOBAL_ACTION,visual,3,2384,2.432907658442598e-05,,,,,,,,,,,0.07843959731543625,0.00012902873277198523,0.0,,,
Reddit-S,42,train,GLOBAL_ACTION,visual,4,2384,0.09787471924705912,,,,,,,,,,,0.07256711409395973,0.09129500389099121,0.0,,,
Reddit-S,42,validation,GLOBAL_ACTION,visual,1,795,0.0,,,,,,,,,,,0.07672955974842767,0.007345174439251423,0.0,,,
Reddit-S,42,validation,GLOBAL_ACTION,visual,2,795,9.651968918479101e-08,,,,,,,,,,,0.11572327044025157,0.024155832827091217,0.0,,,
Reddit-S,42,validation,GLOBAL_ACTION,visual,3,794,2.442013413053071e-05,,,,,,,,,,,0.09193954659949623,0.003569335676729679,0.0,,,
Reddit-S,42,validation,GLOBAL_ACTION,visual,4,795,0.23059088408732098,,,,,,,,,,,0.07672955974842767,0.22704453766345978,0.0,,,
Reddit-S,42,train,GLOBAL_ACTION,joint,1,2384,1.0630855022535536e-08,,,,,,,,,,,,,0.0,0.9995805621147156,0.9996003343211003,0.007164644543081522
Reddit-S,42,train,GLOBAL_ACTION,joint,2,2384,3.337913741446762e-06,,,,,,,,,,,,,0.0,0.9882550239562988,0.909043349418941,0.006523738615214825
Reddit-S,42,train,GLOBAL_ACTION,joint,3,2384,8.17457415130711e-05,,,,,,,,,,,,,0.0,1.0,1.0,0.0003355900989845395
Reddit-S,42,train,GLOBAL_ACTION,joint,4,2384,0.08678003730528258,,,,,,,,,,,,,0.0,0.938758373260498,0.9363652973308969,0.12913928925991058
Reddit-S,42,validation,GLOBAL_ACTION,joint,1,795,5.803740021624235e-09,,,,,,,,,,,,,0.0,0.9962263703346252,0.9907241406688877,0.01001905370503664
Reddit-S,42,validation,GLOBAL_ACTION,joint,2,795,2.9837643492517546e-06,,,,,,,,,,,,,0.0,0.9723270535469055,0.8779972726798266,0.020786164328455925
Reddit-S,42,validation,GLOBAL_ACTION,joint,3,794,7.906922062242159e-05,,,,,,,,,,,,,0.0,0.9999999403953552,0.9,0.000323533546179533
Reddit-S,42,validation,GLOBAL_ACTION,joint,4,795,0.1901144986053154,,,,,,,,,,,,,0.0,0.8679245114326477,0.840710906735753,0.3034200668334961
Reddit-S,42,train,E6_D0_projected,text,1,2384,0.0,,,,,,,,,,,0.00041946308724832214,0.04019904136657715,-44868.05859375,,,
Reddit-S,42,train,E6_D0_projected,text,2,2384,2.4155569428365734e-08,,,,,,,,,,,0.03104026845637584,0.0596921406686306,-207373.25,,,
Reddit-S,42,train,E6_D0_projected,text,3,2384,1.706011074083014e-05,,,,,,,,,,,0.7428691275167785,0.017971983179450035,-68885800.0,,,
Reddit-S,42,train,E6_D0_projected,text,4,2384,0.07581400468964006,,,,,,,,,,,0.8984899328859061,0.008806566707789898,-8806565888.0,,,
Reddit-S,42,validation,E6_D0_projected,text,1,795,0.0,,,,,,,,,,,0.0012578616352201257,0.05753824859857559,-97772.4765625,,,
Reddit-S,42,validation,E6_D0_projected,text,2,795,2.0608232653846797e-08,,,,,,,,,,,0.011320754716981131,0.09139735996723175,-114684.9453125,,,
Reddit-S,42,validation,E6_D0_projected,text,3,794,1.3741922420999867e-05,,,,,,,,,,,0.6876574307304786,0.05878909304738045,-25350474.0,,,
Reddit-S,42,validation,E6_D0_projected,text,4,795,0.14976380060256841,,,,,,,,,,,0.9144654088050315,0.005381177645176649,-5381177344.0,,,
Reddit-S,42,train,E6_D0_projected,visual,1,2384,0.0,,,,,,,,,,,0.007969798657718121,0.14781998097896576,-11078.6064453125,,,
Reddit-S,42,train,E6_D0_projected,visual,2,2384,1.2590319037293843e-07,,,,,,,,,,,0.1782718120805369,0.15372277796268463,-358787.34375,,,
Reddit-S,42,train,E6_D0_projected,visual,3,2384,2.432907658442598e-05,,,,,,,,,,,0.9190436241610739,0.0005626730271615088,-145345296.0,,,
Reddit-S,42,train,E6_D0_projected,visual,4,2384,0.09787471924705912,,,,,,,,,,,0.9274328859060402,0.030902046710252762,-30902048768.0,,,
Reddit-S,42,validation,E6_D0_projected,visual,1,795,0.0,,,,,,,,,,,0.0025157232704402514,0.2274971753358841,-45303.21484375,,,
Reddit-S,42,validation,E6_D0_projected,visual,2,795,9.651968918479101e-08,,,,,,,,,,,0.1459119496855346,0.260686993598938,-366321.09375,,,
Reddit-S,42,validation,E6_D0_projected,visual,3,794,2.442013413053071e-05,,,,,,,,,,,0.8967254408060453,0.01459401473402977,-25125206.0,,,
Reddit-S,42,validation,E6_D0_projected,visual,4,795,0.23059088408732098,,,,,,,,,,,0.9232704402515723,0.024254722520709038,-24254724096.0,,,
Reddit-S,42,train,E6_D0_projected,joint,1,2384,1.0630855022535536e-08,,,,,,,,,,,,,-9575.8291015625,0.8947147727012634,0.8202126868799458,0.3717692792415619
Reddit-S,42,train,E6_D0_projected,joint,2,2384,3.337913741446762e-06,,,,,,,,,,,,,-407880.59375,0.9756711721420288,0.8069160013683865,0.05733893811702728
Reddit-S,42,train,E6_D0_projected,joint,3,2384,8.17457415130711e-05,,,,,,,,,,,,,-22072132.0,0.9970637559890747,0.9896331349789704,0.012857901863753796
Reddit-S,42,train,E6_D0_projected,joint,4,2384,0.08678003730528258,,,,,,,,,,,,,-21657470976.0,0.9291107654571533,0.9146583551001642,0.15598148107528687
Reddit-S,42,validation,E6_D0_projected,joint,1,795,5.803740021624235e-09,,,,,,,,,,,,,-6062.94384765625,0.8842766880989075,0.8318056047022111,0.44709572196006775
Reddit-S,42,validation,E6_D0_projected,joint,2,795,2.9837643492517546e-06,,,,,,,,,,,,,-404243.28125,0.9283018708229065,0.744881435564903,0.18966823816299438
Reddit-S,42,validation,E6_D0_projected,joint,3,794,7.906922062242159e-05,,,,,,,,,,,,,-59.0413818359375,0.9937027096748352,0.8932938114100949,0.034761957824230194
Reddit-S,42,validation,E6_D0_projected,joint,4,795,0.1901144986053154,,,,,,,,,,,,,-12813690880.0,0.8754717111587524,0.8452944428393835,0.21654948592185974
Reddit-S,42,train,E6_D0,text,1,2384,0.0,,,,,,,,,,,0.00041946308724832214,0.04019904136657715,-44868.05859375,,,
Reddit-S,42,train,E6_D0,text,2,2384,2.4155569428365734e-08,,,,,,,,,,,0.03104026845637584,0.0596921406686306,-207373.25,,,
Reddit-S,42,train,E6_D0,text,3,2384,1.706011074083014e-05,,,,,,,,,,,0.7428691275167785,0.017971983179450035,-68885800.0,,,
Reddit-S,42,train,E6_D0,text,4,2384,0.07581400468964006,,,,,,,,,,,0.8984899328859061,0.008806566707789898,-8806565888.0,,,
Reddit-S,42,validation,E6_D0,text,1,795,0.0,,,,,,,,,,,0.0012578616352201257,0.05753824859857559,-97772.4765625,,,
Reddit-S,42,validation,E6_D0,text,2,795,2.0608232653846797e-08,,,,,,,,,,,0.011320754716981131,0.09139735996723175,-114684.9453125,,,
Reddit-S,42,validation,E6_D0,text,3,794,1.3741922420999867e-05,,,,,,,,,,,0.6876574307304786,0.05878909304738045,-25350474.0,,,
Reddit-S,42,validation,E6_D0,text,4,795,0.14976380060256841,,,,,,,,,,,0.9144654088050315,0.005381177645176649,-5381177344.0,,,
Reddit-S,42,train,E6_D0,visual,1,2384,0.0,,,,,,,,,,,0.007969798657718121,0.14781998097896576,-11078.6064453125,,,
Reddit-S,42,train,E6_D0,visual,2,2384,1.2590319037293843e-07,,,,,,,,,,,0.1782718120805369,0.15372277796268463,-358787.34375,,,
Reddit-S,42,train,E6_D0,visual,3,2384,2.432907658442598e-05,,,,,,,,,,,0.9190436241610739,0.0005626730271615088,-145345296.0,,,
Reddit-S,42,train,E6_D0,visual,4,2384,0.09787471924705912,,,,,,,,,,,0.9274328859060402,0.030902046710252762,-30902048768.0,,,
Reddit-S,42,validation,E6_D0,visual,1,795,0.0,,,,,,,,,,,0.0025157232704402514,0.2274971753358841,-45303.21484375,,,
Reddit-S,42,validation,E6_D0,visual,2,795,9.651968918479101e-08,,,,,,,,,,,0.1459119496855346,0.260686993598938,-366321.09375,,,
Reddit-S,42,validation,E6_D0,visual,3,794,2.442013413053071e-05,,,,,,,,,,,0.8967254408060453,0.01459401473402977,-25125206.0,,,
Reddit-S,42,validation,E6_D0,visual,4,795,0.23059088408732098,,,,,,,,,,,0.9232704402515723,0.024254722520709038,-24254724096.0,,,
Reddit-S,42,train,E6_D0,joint,1,2384,1.0630855022535536e-08,,,,,,,,,,,,,-301.1282958984375,0.9974832534790039,0.9961956063180241,0.016035595908761024
Reddit-S,42,train,E6_D0,joint,2,2384,3.337913741446762e-06,,,,,,,,,,,,,1249.281494140625,0.9853187799453735,0.891674109800557,0.01117467600852251
Reddit-S,42,train,E6_D0,joint,3,2384,8.17457415130711e-05,,,,,,,,,,,,,-484.53692626953125,1.0,1.0,0.0004573318874463439
Reddit-S,42,train,E6_D0,joint,4,2384,0.08678003730528258,,,,,,,,,,,,,-308963424.0,0.9555369019508362,0.9507531557473442,0.06837514787912369
Reddit-S,42,validation,E6_D0,joint,1,795,5.803740021624235e-09,,,,,,,,,,,,,-151.05636596679688,0.9924528002738953,0.9880658087310511,0.022766904905438423
Reddit-S,42,validation,E6_D0,joint,2,795,2.9837643492517546e-06,,,,,,,,,,,,,12588.3759765625,0.9584905505180359,0.8328042372980852,0.040592439472675323
Reddit-S,42,validation,E6_D0,joint,3,794,7.906922062242159e-05,,,,,,,,,,,,,-0.027121853083372116,0.9999999403953552,0.9,0.00047771510435268283
Reddit-S,42,validation,E6_D0,joint,4,795,0.1901144986053154,,,,,,,,,,,,,282022208.0,0.8905660510063171,0.8657606926868631,0.20436805486679077
Reddit-S,42,train,R0_trajectory_ranker,text,1,2384,0.0,,,,,,,,,,,0.0436241610738255,0.0027565211057662964,0.015520134009420872,,,
Reddit-S,42,train,R0_trajectory_ranker,text,2,2384,2.4155569428365734e-08,,,,,,,,,,,0.087248322147651,0.00495713809505105,0.018666105344891548,,,
Reddit-S,42,train,R0_trajectory_ranker,text,3,2384,1.706011074083014e-05,,,,,,,,,,,0.2231543624161074,0.0030573897529393435,-13599.7490234375,,,
Reddit-S,42,train,R0_trajectory_ranker,text,4,2384,0.07581400468964006,,,,,,,,,,,0.09941275167785235,0.07433294504880905,-12420349.0,,,
Reddit-S,42,validation,R0_trajectory_ranker,text,1,795,0.0,,,,,,,,,,,0.04025157232704402,0.005208955612033606,-2099.262939453125,,,
Reddit-S,42,validation,R0_trajectory_ranker,text,2,795,2.0608232653846797e-08,,,,,,,,,,,0.06918238993710692,0.009473796002566814,0.025157088413834572,,,
Reddit-S,42,validation,R0_trajectory_ranker,text,3,794,1.3741922420999867e-05,,,,,,,,,,,0.24307304785894207,0.010126856155693531,-3902.703369140625,,,
Reddit-S,42,validation,R0_trajectory_ranker,text,4,795,0.14976380060256841,,,,,,,,,,,0.08427672955974842,0.15079748630523682,-3978542.0,,,
Reddit-S,42,train,R0_trajectory_ranker,visual,1,2384,0.0,,,,,,,,,,,0.07843959731543625,0.0037838981952518225,0.0,,,
Reddit-S,42,train,R0_trajectory_ranker,visual,2,2384,1.2590319037293843e-07,,,,,,,,,,,0.11031879194630873,0.007815216667950153,0.0,,,
Reddit-S,42,train,R0_trajectory_ranker,visual,3,2384,2.432907658442598e-05,,,,,,,,,,,0.07843959731543625,0.00012902873277198523,0.0,,,
Reddit-S,42,train,R0_trajectory_ranker,visual,4,2384,0.09787471924705912,,,,,,,,,,,0.07256711409395973,0.09129500389099121,0.0,,,
Reddit-S,42,validation,R0_trajectory_ranker,visual,1,795,0.0,,,,,,,,,,,0.07672955974842767,0.007345174439251423,0.0,,,
Reddit-S,42,validation,R0_trajectory_ranker,visual,2,795,9.651968918479101e-08,,,,,,,,,,,0.11572327044025157,0.024155832827091217,0.0,,,
Reddit-S,42,validation,R0_trajectory_ranker,visual,3,794,2.442013413053071e-05,,,,,,,,,,,0.09193954659949623,0.003569335676729679,0.0,,,
Reddit-S,42,validation,R0_trajectory_ranker,visual,4,795,0.23059088408732098,,,,,,,,,,,0.07672955974842767,0.22704453766345978,0.0,,,
Reddit-S,42,train,R0_trajectory_ranker,joint,1,2384,1.0630855022535536e-08,,,,,,,,,,,,,0.012350024655461311,0.9995805621147156,0.9996003343211003,0.007085281889885664
Reddit-S,42,train,R0_trajectory_ranker,joint,2,2384,3.337913741446762e-06,,,,,,,,,,,,,-8349.41015625,0.9882550239562988,0.909043349418941,0.006393813993781805
Reddit-S,42,train,R0_trajectory_ranker,joint,3,2384,8.17457415130711e-05,,,,,,,,,,,,,-0.0031742830760776997,1.0,1.0,0.0003332696214783937
Reddit-S,42,train,R0_trajectory_ranker,joint,4,2384,0.08678003730528258,,,,,,,,,,,,,-39.429141998291016,0.938758373260498,0.9363084254237307,0.12962371110916138
Reddit-S,42,validation,R0_trajectory_ranker,joint,1,795,5.803740021624235e-09,,,,,,,,,,,,,0.019251946359872818,0.9962263703346252,0.9907241406688877,0.009908161126077175
Reddit-S,42,validation,R0_trajectory_ranker,joint,2,795,2.9837643492517546e-06,,,,,,,,,,,,,-2099.281494140625,0.9723270535469055,0.8779972726798266,0.02009529247879982
Reddit-S,42,validation,R0_trajectory_ranker,joint,3,794,7.906922062242159e-05,,,,,,,,,,,,,-0.0019897720776498318,0.9999999403953552,0.9,0.0003245488624088466
Reddit-S,42,validation,R0_trajectory_ranker,joint,4,795,0.1901144986053154,,,,,,,,,,,,,-0.005185096058994532,0.8679245114326477,0.840710906735753,0.30505040287971497
Reddit-S,42,train,R1_capacity_control,text,1,2384,0.0,,,,,,,,,,,0.030201342281879196,0.002849410055205226,0.0,,,
Reddit-S,42,train,R1_capacity_control,text,2,2384,2.4155569428365734e-08,,,,,,,,,,,0.06711409395973154,0.005287413485348225,0.0,,,
Reddit-S,42,train,R1_capacity_control,text,3,2384,1.706011074083014e-05,,,,,,,,,,,0.22399328859060402,0.003100408473983407,0.0,,,
Reddit-S,42,train,R1_capacity_control,text,4,2384,0.07581400468964006,,,,,,,,,,,0.10151006711409397,0.07359395921230316,0.0,,,
Reddit-S,42,validation,R1_capacity_control,text,1,795,0.0,,,,,,,,,,,0.02389937106918239,0.005685085896402597,0.0,,,
Reddit-S,42,validation,R1_capacity_control,text,2,795,2.0608232653846797e-08,,,,,,,,,,,0.052830188679245285,0.00979333184659481,0.0,,,
Reddit-S,42,validation,R1_capacity_control,text,3,794,1.3741922420999867e-05,,,,,,,,,,,0.24433249370277077,0.010417570360004902,0.0,,,
Reddit-S,42,validation,R1_capacity_control,text,4,795,0.14976380060256841,,,,,,,,,,,0.08553459119496855,0.14888188242912292,0.0,,,
Reddit-S,42,train,R1_capacity_control,visual,1,2384,0.0,,,,,,,,,,,0.07843959731543625,0.0037838981952518225,0.0,,,
Reddit-S,42,train,R1_capacity_control,visual,2,2384,1.2590319037293843e-07,,,,,,,,,,,0.11031879194630873,0.007815216667950153,0.0,,,
Reddit-S,42,train,R1_capacity_control,visual,3,2384,2.432907658442598e-05,,,,,,,,,,,0.07843959731543625,0.00012902873277198523,0.0,,,
Reddit-S,42,train,R1_capacity_control,visual,4,2384,0.09787471924705912,,,,,,,,,,,0.07256711409395973,0.09129500389099121,0.0,,,
Reddit-S,42,validation,R1_capacity_control,visual,1,795,0.0,,,,,,,,,,,0.07672955974842767,0.007345174439251423,0.0,,,
Reddit-S,42,validation,R1_capacity_control,visual,2,795,9.651968918479101e-08,,,,,,,,,,,0.11572327044025157,0.024155832827091217,0.0,,,
Reddit-S,42,validation,R1_capacity_control,visual,3,794,2.442013413053071e-05,,,,,,,,,,,0.09193954659949623,0.003569335676729679,0.0,,,
Reddit-S,42,validation,R1_capacity_control,visual,4,795,0.23059088408732098,,,,,,,,,,,0.07672955974842767,0.22704453766345978,0.0,,,
Reddit-S,42,train,R1_capacity_control,joint,1,2384,1.0630855022535536e-08,,,,,,,,,,,,,0.0,0.9995805621147156,0.9996003343211003,0.007164644543081522
Reddit-S,42,train,R1_capacity_control,joint,2,2384,3.337913741446762e-06,,,,,,,,,,,,,0.0,0.9882550239562988,0.909043349418941,0.006523738615214825
Reddit-S,42,train,R1_capacity_control,joint,3,2384,8.17457415130711e-05,,,,,,,,,,,,,0.0,1.0,1.0,0.0003355900989845395
Reddit-S,42,train,R1_capacity_control,joint,4,2384,0.08678003730528258,,,,,,,,,,,,,0.0,0.938758373260498,0.9363652973308969,0.12913928925991058
Reddit-S,42,validation,R1_capacity_control,joint,1,795,5.803740021624235e-09,,,,,,,,,,,,,0.0,0.9962263703346252,0.9907241406688877,0.01001905370503664
Reddit-S,42,validation,R1_capacity_control,joint,2,795,2.9837643492517546e-06,,,,,,,,,,,,,0.0,0.9723270535469055,0.8779972726798266,0.020786164328455925
Reddit-S,42,validation,R1_capacity_control,joint,3,794,7.906922062242159e-05,,,,,,,,,,,,,0.0,0.9999999403953552,0.9,0.000323533546179533
Reddit-S,42,validation,R1_capacity_control,joint,4,795,0.1901144986053154,,,,,,,,,,,,,0.0,0.8679245114326477,0.840710906735753,0.3034200668334961
Reddit-S,42,train,R1_decision_ranker,text,1,2384,0.0,,,,,,,,,,,0.030201342281879196,0.002849410055205226,0.0,,,
Reddit-S,42,train,R1_decision_ranker,text,2,2384,2.4155569428365734e-08,,,,,,,,,,,0.06711409395973154,0.005287413485348225,0.0,,,
Reddit-S,42,train,R1_decision_ranker,text,3,2384,1.706011074083014e-05,,,,,,,,,,,0.22399328859060402,0.003100408473983407,0.0,,,
Reddit-S,42,train,R1_decision_ranker,text,4,2384,0.07581400468964006,,,,,,,,,,,0.10151006711409397,0.07359395921230316,0.0,,,
Reddit-S,42,validation,R1_decision_ranker,text,1,795,0.0,,,,,,,,,,,0.02389937106918239,0.005685085896402597,0.0,,,
Reddit-S,42,validation,R1_decision_ranker,text,2,795,2.0608232653846797e-08,,,,,,,,,,,0.052830188679245285,0.00979333184659481,0.0,,,
Reddit-S,42,validation,R1_decision_ranker,text,3,794,1.3741922420999867e-05,,,,,,,,,,,0.24433249370277077,0.010417570360004902,0.0,,,
Reddit-S,42,validation,R1_decision_ranker,text,4,795,0.14976380060256841,,,,,,,,,,,0.08553459119496855,0.14888188242912292,0.0,,,
Reddit-S,42,train,R1_decision_ranker,visual,1,2384,0.0,,,,,,,,,,,0.07843959731543625,0.0037838981952518225,0.0,,,
Reddit-S,42,train,R1_decision_ranker,visual,2,2384,1.2590319037293843e-07,,,,,,,,,,,0.11031879194630873,0.007815216667950153,0.0,,,
Reddit-S,42,train,R1_decision_ranker,visual,3,2384,2.432907658442598e-05,,,,,,,,,,,0.07843959731543625,0.00012902873277198523,0.0,,,
Reddit-S,42,train,R1_decision_ranker,visual,4,2384,0.09787471924705912,,,,,,,,,,,0.07256711409395973,0.09129500389099121,0.0,,,
Reddit-S,42,validation,R1_decision_ranker,visual,1,795,0.0,,,,,,,,,,,0.07672955974842767,0.007345174439251423,0.0,,,
Reddit-S,42,validation,R1_decision_ranker,visual,2,795,9.651968918479101e-08,,,,,,,,,,,0.11572327044025157,0.024155832827091217,0.0,,,
Reddit-S,42,validation,R1_decision_ranker,visual,3,794,2.442013413053071e-05,,,,,,,,,,,0.09193954659949623,0.003569335676729679,0.0,,,
Reddit-S,42,validation,R1_decision_ranker,visual,4,795,0.23059088408732098,,,,,,,,,,,0.07672955974842767,0.22704453766345978,0.0,,,
Reddit-S,42,train,R1_decision_ranker,joint,1,2384,1.0630855022535536e-08,,,,,,,,,,,,,0.0,0.9995805621147156,0.9996003343211003,0.007164644543081522
Reddit-S,42,train,R1_decision_ranker,joint,2,2384,3.337913741446762e-06,,,,,,,,,,,,,0.0,0.9882550239562988,0.909043349418941,0.006523738615214825
Reddit-S,42,train,R1_decision_ranker,joint,3,2384,8.17457415130711e-05,,,,,,,,,,,,,0.0,1.0,1.0,0.0003355900989845395
Reddit-S,42,train,R1_decision_ranker,joint,4,2384,0.08678003730528258,,,,,,,,,,,,,0.0,0.938758373260498,0.9363652973308969,0.12913928925991058
Reddit-S,42,validation,R1_decision_ranker,joint,1,795,5.803740021624235e-09,,,,,,,,,,,,,0.0,0.9962263703346252,0.9907241406688877,0.01001905370503664
Reddit-S,42,validation,R1_decision_ranker,joint,2,795,2.9837643492517546e-06,,,,,,,,,,,,,0.0,0.9723270535469055,0.8779972726798266,0.020786164328455925
Reddit-S,42,validation,R1_decision_ranker,joint,3,794,7.906922062242159e-05,,,,,,,,,,,,,0.0,0.9999999403953552,0.9,0.000323533546179533
Reddit-S,42,validation,R1_decision_ranker,joint,4,795,0.1901144986053154,,,,,,,,,,,,,0.0,0.8679245114326477,0.840710906735753,0.3034200668334961
Reddit-S,43,train,C0_Uniform,text,1,2384,0.0,,,,,,,,,,,0.04194630872483222,0.00197702762670815,0.0,,,
Reddit-S,43,train,C0_Uniform,text,2,2384,1.1226285190048583e-08,,,,,,,,,,,0.06543624161073826,0.003100694390013814,0.0,,,
Reddit-S,43,train,C0_Uniform,text,3,2384,8.518311261949338e-06,,,,,,,,,,,0.29697986577181207,0.001734397141262889,0.0,,,
Reddit-S,43,train,C0_Uniform,text,4,2384,0.058303006186639944,,,,,,,,,,,0.12541946308724833,0.05532216653227806,0.0,,,
Reddit-S,43,validation,C0_Uniform,text,1,795,0.0,,,,,,,,,,,0.04779874213836478,0.005198101978749037,0.0,,,
Reddit-S,43,validation,C0_Uniform,text,2,795,5.897204830961407e-09,,,,,,,,,,,0.03522012578616352,0.008765633217990398,0.0,,,
Reddit-S,43,validation,C0_Uniform,text,3,794,6.266730700239134e-06,,,,,,,,,,,0.27329974811083124,0.0162823386490345,0.0,,,
Reddit-S,43,validation,C0_Uniform,text,4,795,0.14715592269266772,,,,,,,,,,,0.12075471698113208,0.14600114524364471,0.0,,,
Reddit-S,43,train,C0_Uniform,visual,1,2384,0.0,,,,,,,,,,,0.11996644295302013,0.0018414066871628165,0.0,,,
Reddit-S,43,train,C0_Uniform,visual,2,2384,5.352107029899712e-08,,,,,,,,,,,0.1401006711409396,0.0034407705534249544,0.0,,,
Reddit-S,43,train,C0_Uniform,visual,3,2384,1.1683618674002622e-05,,,,,,,,,,,0.11073825503355705,0.0009370900224894285,0.0,,,
Reddit-S,43,train,C0_Uniform,visual,4,2384,0.06153632289749641,,,,,,,,,,,0.08389261744966443,0.05365278199315071,0.0,,,
Reddit-S,43,validation,C0_Uniform,visual,1,795,0.0,,,,,,,,,,,0.10817610062893082,0.0054123131558299065,0.0,,,
Reddit-S,43,validation,C0_Uniform,visual,2,795,4.4048804493243395e-08,,,,,,,,,,,0.1421383647798742,0.009603684768080711,0.0,,,
Reddit-S,43,validation,C0_Uniform,visual,3,794,1.0942661988704479e-05,,,,,,,,,,,0.10831234256926953,0.012284939177334309,0.0,,,
Reddit-S,43,validation,C0_Uniform,visual,4,795,0.18094890766328003,,,,,,,,,,,0.07924528301886792,0.17485977709293365,0.0,,,
Reddit-S,43,train,C0_Uniform,joint,1,2384,4.5647792779121135e-09,,,,,,,,,,,,,0.0,0.9995805621147156,0.9973333333333333,0.0038791110273450613
Reddit-S,43,train,C0_Uniform,joint,2,2384,1.859322120744722e-06,,,,,,,,,,,,,0.0,0.9974832534790039,0.9770588235294116,0.0024839097168296576
Reddit-S,43,train,C0_Uniform,joint,3,2384,3.872594126170448e-05,,,,,,,,,,,,,0.0,1.0,0.95,0.00015003922453615814
Reddit-S,43,train,C0_Uniform,joint,4,2384,0.05988920805255216,,,,,,,,,,,,,0.0,0.9668624401092529,0.9671282654379647,0.07882101833820343
Reddit-S,43,validation,C0_Uniform,joint,1,795,2.4331534433664767e-09,,,,,,,,,,,,,0.0,0.9949685335159302,0.9745234379872209,0.012018944136798382
Reddit-S,43,validation,C0_Uniform,joint,2,795,1.4984066520158212e-06,,,,,,,,,,,,,0.0,0.9773584604263306,0.8915130940692201,0.02432963065803051
Reddit-S,43,validation,C0_Uniform,joint,3,794,3.579291199638079e-05,,,,,,,,,,,,,0.0,0.9999999403953552,0.9,0.00021423131693154573
Reddit-S,43,validation,C0_Uniform,joint,4,795,0.16402378529453457,,,,,,,,,,,,,0.0,0.8842766880989075,0.8728566468813455,0.2576802968978882
Reddit-S,43,train,GLOBAL_ACTION,text,1,2384,0.0,,,,,,,,,,,0.04194630872483222,0.00197702762670815,0.0,,,
Reddit-S,43,train,GLOBAL_ACTION,text,2,2384,1.1226285190048583e-08,,,,,,,,,,,0.06543624161073826,0.003100694390013814,0.0,,,
Reddit-S,43,train,GLOBAL_ACTION,text,3,2384,8.518311261949338e-06,,,,,,,,,,,0.29697986577181207,0.001734397141262889,0.0,,,
Reddit-S,43,train,GLOBAL_ACTION,text,4,2384,0.058303006186639944,,,,,,,,,,,0.12541946308724833,0.05532216653227806,0.0,,,
Reddit-S,43,validation,GLOBAL_ACTION,text,1,795,0.0,,,,,,,,,,,0.04779874213836478,0.005198101978749037,0.0,,,
Reddit-S,43,validation,GLOBAL_ACTION,text,2,795,5.897204830961407e-09,,,,,,,,,,,0.03522012578616352,0.008765633217990398,0.0,,,
Reddit-S,43,validation,GLOBAL_ACTION,text,3,794,6.266730700239134e-06,,,,,,,,,,,0.27329974811083124,0.0162823386490345,0.0,,,
Reddit-S,43,validation,GLOBAL_ACTION,text,4,795,0.14715592269266772,,,,,,,,,,,0.12075471698113208,0.14600114524364471,0.0,,,
Reddit-S,43,train,GLOBAL_ACTION,visual,1,2384,0.0,,,,,,,,,,,0.11996644295302013,0.0018414066871628165,0.0,,,
Reddit-S,43,train,GLOBAL_ACTION,visual,2,2384,5.352107029899712e-08,,,,,,,,,,,0.1401006711409396,0.0034407705534249544,0.0,,,
Reddit-S,43,train,GLOBAL_ACTION,visual,3,2384,1.1683618674002622e-05,,,,,,,,,,,0.11073825503355705,0.0009370900224894285,0.0,,,
Reddit-S,43,train,GLOBAL_ACTION,visual,4,2384,0.06153632289749641,,,,,,,,,,,0.08389261744966443,0.05365278199315071,0.0,,,
Reddit-S,43,validation,GLOBAL_ACTION,visual,1,795,0.0,,,,,,,,,,,0.10817610062893082,0.0054123131558299065,0.0,,,
Reddit-S,43,validation,GLOBAL_ACTION,visual,2,795,4.4048804493243395e-08,,,,,,,,,,,0.1421383647798742,0.009603684768080711,0.0,,,
Reddit-S,43,validation,GLOBAL_ACTION,visual,3,794,1.0942661988704479e-05,,,,,,,,,,,0.10831234256926953,0.012284939177334309,0.0,,,
Reddit-S,43,validation,GLOBAL_ACTION,visual,4,795,0.18094890766328003,,,,,,,,,,,0.07924528301886792,0.17485977709293365,0.0,,,
Reddit-S,43,train,GLOBAL_ACTION,joint,1,2384,4.5647792779121135e-09,,,,,,,,,,,,,0.0,0.9995805621147156,0.9973333333333333,0.0038791110273450613
Reddit-S,43,train,GLOBAL_ACTION,joint,2,2384,1.859322120744722e-06,,,,,,,,,,,,,0.0,0.9974832534790039,0.9770588235294116,0.0024839097168296576
Reddit-S,43,train,GLOBAL_ACTION,joint,3,2384,3.872594126170448e-05,,,,,,,,,,,,,0.0,1.0,0.95,0.00015003922453615814
Reddit-S,43,train,GLOBAL_ACTION,joint,4,2384,0.05988920805255216,,,,,,,,,,,,,0.0,0.9668624401092529,0.9671282654379647,0.07882101833820343
Reddit-S,43,validation,GLOBAL_ACTION,joint,1,795,2.4331534433664767e-09,,,,,,,,,,,,,0.0,0.9949685335159302,0.9745234379872209,0.012018944136798382
Reddit-S,43,validation,GLOBAL_ACTION,joint,2,795,1.4984066520158212e-06,,,,,,,,,,,,,0.0,0.9773584604263306,0.8915130940692201,0.02432963065803051
Reddit-S,43,validation,GLOBAL_ACTION,joint,3,794,3.579291199638079e-05,,,,,,,,,,,,,0.0,0.9999999403953552,0.9,0.00021423131693154573
Reddit-S,43,validation,GLOBAL_ACTION,joint,4,795,0.16402378529453457,,,,,,,,,,,,,0.0,0.8842766880989075,0.8728566468813455,0.2576802968978882
Reddit-S,43,train,E6_D0_projected,text,1,2384,0.0,,,,,,,,,,,0.0,0.04661338031291962,-129698.875,,,
Reddit-S,43,train,E6_D0_projected,text,2,2384,1.1226285190048583e-08,,,,,,,,,,,0.015939597315436243,0.06798462569713593,-238732.71875,,,
Reddit-S,43,train,E6_D0_projected,text,3,2384,8.518311261949338e-06,,,,,,,,,,,0.68498322147651,0.012316547334194183,-43046864.0,,,
Reddit-S,43,train,E6_D0_projected,text,4,2384,0.058303006186639944,,,,,,,,,,,0.8745805369127517,0.008149141445755959,-8149141504.0,,,
Reddit-S,43,validation,E6_D0_projected,text,1,795,0.0,,,,,,,,,,,0.0012578616352201257,0.06140200048685074,-21017.75,,,
Reddit-S,43,validation,E6_D0_projected,text,2,795,5.897204830961407e-09,,,,,,,,,,,0.0,0.10556437820196152,-6642.7275390625,,,
Reddit-S,43,validation,E6_D0_projected,text,3,794,6.266730700239134e-06,,,,,,,,,,,0.6448362720403022,0.09010093659162521,-25894700.0,,,
Reddit-S,43,validation,E6_D0_projected,text,4,795,0.14715592269266772,,,,,,,,,,,0.879245283018868,0.00699853990226984,-6998540288.0,,,
Reddit-S,43,train,E6_D0_projected,visual,1,2384,0.0,,,,,,,,,,,0.006291946308724832,0.11858091503381729,-204519.015625,,,
Reddit-S,43,train,E6_D0_projected,visual,2,2384,5.352107029899712e-08,,,,,,,,,,,0.12793624161073824,0.11829429119825363,-344856.28125,,,
Reddit-S,43,train,E6_D0_projected,visual,3,2384,1.1683618674002622e-05,,,,,,,,,,,0.8779362416107382,0.005684898234903812,-116862304.0,,,
Reddit-S,43,train,E6_D0_projected,visual,4,2384,0.06153632289749641,,,,,,,,,,,0.9161073825503355,0.027946747839450836,-27946745856.0,,,
Reddit-S,43,validation,E6_D0_projected,visual,1,795,0.0,,,,,,,,,,,0.007547169811320755,0.1550537794828415,-195827.6875,,,
Reddit-S,43,validation,E6_D0_projected,visual,2,795,4.4048804493243395e-08,,,,,,,,,,,0.10817610062893082,0.19353897869586945,-223459.90625,,,
Reddit-S,43,validation,E6_D0_projected,visual,3,794,1.0942661988704479e-05,,,,,,,,,,,0.8513853904282116,0.06012246012687683,-24836574.0,,,
Reddit-S,43,validation,E6_D0_projected,visual,4,795,0.18094890766328003,,,,,,,,,,,0.9207547169811321,0.030925029888749123,-30925029376.0,,,
Reddit-S,43,train,E6_D0_projected,joint,1,2384,4.5647792779121135e-09,,,,,,,,,,,,,-13271.4140625,0.8892617225646973,0.8405592810533848,0.4014548361301422
Reddit-S,43,train,E6_D0_projected,joint,2,2384,1.859322120744722e-06,,,,,,,,,,,,,-11345572.0,0.9840604066848755,0.8640586065413756,0.034858588129282
Reddit-S,43,train,E6_D0_projected,joint,3,2384,3.872594126170448e-05,,,,,,,,,,,,,-18909684.0,0.9953858852386475,0.9342796129174065,0.015877578407526016
Reddit-S,43,train,E6_D0_projected,joint,4,2384,0.05988920805255216,,,,,,,,,,,,,-9291336704.0,0.9546979665756226,0.9457453543104842,0.13196998834609985
Reddit-S,43,validation,E6_D0_projected,joint,1,795,2.4331534433664767e-09,,,,,,,,,,,,,-9233.0498046875,0.8817610144615173,0.8001213712042526,0.41746941208839417
Reddit-S,43,validation,E6_D0_projected,joint,2,795,1.4984066520158212e-06,,,,,,,,,,,,,-404449.53125,0.9408804774284363,0.7394745667905968,0.21257565915584564
Reddit-S,43,validation,E6_D0_projected,joint,3,794,3.579291199638079e-05,,,,,,,,,,,,,-42613868.0,0.9962216019630432,0.8976601751842648,0.024900879710912704
Reddit-S,43,validation,E6_D0_projected,joint,4,795,0.16402378529453457,,,,,,,,,,,,,-3386828800.0,0.9018867611885071,0.8933794225528697,0.1788826733827591
Reddit-S,43,train,E6_D0,text,1,2384,0.0,,,,,,,,,,,0.0,0.04661338031291962,-129698.875,,,
Reddit-S,43,train,E6_D0,text,2,2384,1.1226285190048583e-08,,,,,,,,,,,0.015939597315436243,0.06798462569713593,-238732.71875,,,
Reddit-S,43,train,E6_D0,text,3,2384,8.518311261949338e-06,,,,,,,,,,,0.68498322147651,0.012316547334194183,-43046864.0,,,
Reddit-S,43,train,E6_D0,text,4,2384,0.058303006186639944,,,,,,,,,,,0.8745805369127517,0.008149141445755959,-8149141504.0,,,
Reddit-S,43,validation,E6_D0,text,1,795,0.0,,,,,,,,,,,0.0012578616352201257,0.06140200048685074,-21017.75,,,
Reddit-S,43,validation,E6_D0,text,2,795,5.897204830961407e-09,,,,,,,,,,,0.0,0.10556437820196152,-6642.7275390625,,,
Reddit-S,43,validation,E6_D0,text,3,794,6.266730700239134e-06,,,,,,,,,,,0.6448362720403022,0.09010093659162521,-25894700.0,,,
Reddit-S,43,validation,E6_D0,text,4,795,0.14715592269266772,,,,,,,,,,,0.879245283018868,0.00699853990226984,-6998540288.0,,,
Reddit-S,43,train,E6_D0,visual,1,2384,0.0,,,,,,,,,,,0.006291946308724832,0.11858091503381729,-204519.015625,,,
Reddit-S,43,train,E6_D0,visual,2,2384,5.352107029899712e-08,,,,,,,,,,,0.12793624161073824,0.11829429119825363,-344856.28125,,,
Reddit-S,43,train,E6_D0,visual,3,2384,1.1683618674002622e-05,,,,,,,,,,,0.8779362416107382,0.005684898234903812,-116862304.0,,,
Reddit-S,43,train,E6_D0,visual,4,2384,0.06153632289749641,,,,,,,,,,,0.9161073825503355,0.027946747839450836,-27946745856.0,,,
Reddit-S,43,validation,E6_D0,visual,1,795,0.0,,,,,,,,,,,0.007547169811320755,0.1550537794828415,-195827.6875,,,
Reddit-S,43,validation,E6_D0,visual,2,795,4.4048804493243395e-08,,,,,,,,,,,0.10817610062893082,0.19353897869586945,-223459.90625,,,
Reddit-S,43,validation,E6_D0,visual,3,794,1.0942661988704479e-05,,,,,,,,,,,0.8513853904282116,0.06012246012687683,-24836574.0,,,
Reddit-S,43,validation,E6_D0,visual,4,795,0.18094890766328003,,,,,,,,,,,0.9207547169811321,0.030925029888749123,-30925029376.0,,,
Reddit-S,43,train,E6_D0,joint,1,2384,4.5647792779121135e-09,,,,,,,,,,,,,-1352.196533203125,0.9979026913642883,0.993202413071392,0.01542552188038826
Reddit-S,43,train,E6_D0,joint,2,2384,1.859322120744722e-06,,,,,,,,,,,,,-47731.80078125,0.994966447353363,0.9553781864574347,0.005998643580824137
Reddit-S,43,train,E6_D0,joint,3,2384,3.872594126170448e-05,,,,,,,,,,,,,-623371.1875,1.0,0.95,0.00025920101325027645
Reddit-S,43,train,E6_D0,joint,4,2384,0.05988920805255216,,,,,,,,,,,,,-375422720.0,0.9823825359344482,0.9823848962570336,0.03492323309183121
Reddit-S,43,validation,E6_D0,joint,1,795,2.4331534433664767e-09,,,,,,,,,,,,,-452.4582214355469,0.9911949634552002,0.9707822511830898,0.03551724553108215
Reddit-S,43,validation,E6_D0,joint,2,795,1.4984066520158212e-06,,,,,,,,,,,,,-4798.42724609375,0.9672955870628357,0.8551125126731354,0.05478360131382942
Reddit-S,43,validation,E6_D0,joint,3,794,3.579291199638079e-05,,,,,,,,,,,,,-826162.4375,0.9999999403953552,0.9,0.00043132909922860563
Reddit-S,43,validation,E6_D0,joint,4,795,0.16402378529453457,,,,,,,,,,,,,231558096.0,0.9144653677940369,0.9011736696271345,0.1470135748386383
Reddit-S,43,train,R0_trajectory_ranker,text,1,2384,0.0,,,,,,,,,,,0.1610738255033557,0.0013122304808348417,-3749.96142578125,,,
Reddit-S,43,train,R0_trajectory_ranker,text,2,2384,1.1226285190048583e-08,,,,,,,,,,,0.18330536912751677,0.001993203302845359,-6550.14453125,,,
Reddit-S,43,train,R0_trajectory_ranker,text,3,2384,8.518311261949338e-06,,,,,,,,,,,0.2588087248322148,0.0009948187507689,-568875.0625,,,
Reddit-S,43,train,R0_trajectory_ranker,text,4,2384,0.058303006186639944,,,,,,,,,,,0.09563758389261745,0.07490614056587219,-2188060928.0,,,
Reddit-S,43,validation,R0_trajectory_ranker,text,1,795,0.0,,,,,,,,,,,0.1559748427672956,0.003259653691202402,-149.74998474121094,,,
Reddit-S,43,validation,R0_trajectory_ranker,text,2,795,5.897204830961407e-09,,,,,,,,,,,0.1861635220125786,0.0059699490666389465,-749.4916381835938,,,
Reddit-S,43,validation,R0_trajectory_ranker,text,3,794,6.266730700239134e-06,,,,,,,,,,,0.24055415617128464,0.010908467695116997,-412113.59375,,,
Reddit-S,43,validation,R0_trajectory_ranker,text,4,795,0.14715592269266772,,,,,,,,,,,0.0930817610062893,0.1724257469177246,-485448192.0,,,
Reddit-S,43,train,R0_trajectory_ranker,visual,1,2384,0.0,,,,,,,,,,,0.11996644295302013,0.0018414066871628165,0.0,,,
Reddit-S,43,train,R0_trajectory_ranker,visual,2,2384,5.352107029899712e-08,,,,,,,,,,,0.1401006711409396,0.0034407705534249544,0.0,,,
Reddit-S,43,train,R0_trajectory_ranker,visual,3,2384,1.1683618674002622e-05,,,,,,,,,,,0.11073825503355705,0.0009370900224894285,0.0,,,
Reddit-S,43,train,R0_trajectory_ranker,visual,4,2384,0.06153632289749641,,,,,,,,,,,0.08389261744966443,0.05365278199315071,0.0,,,
Reddit-S,43,validation,R0_trajectory_ranker,visual,1,795,0.0,,,,,,,,,,,0.10817610062893082,0.0054123131558299065,0.0,,,
Reddit-S,43,validation,R0_trajectory_ranker,visual,2,795,4.4048804493243395e-08,,,,,,,,,,,0.1421383647798742,0.009603684768080711,0.0,,,
Reddit-S,43,validation,R0_trajectory_ranker,visual,3,794,1.0942661988704479e-05,,,,,,,,,,,0.10831234256926953,0.012284939177334309,0.0,,,
Reddit-S,43,validation,R0_trajectory_ranker,visual,4,795,0.18094890766328003,,,,,,,,,,,0.07924528301886792,0.17485977709293365,0.0,,,
Reddit-S,43,train,R0_trajectory_ranker,joint,1,2384,4.5647792779121135e-09,,,,,,,,,,,,,-299.87237548828125,0.9995805621147156,0.9973333333333333,0.003105273935943842
Reddit-S,43,train,R0_trajectory_ranker,joint,2,2384,1.859322120744722e-06,,,,,,,,,,,,,-4638.58984375,0.9983221292495728,0.9843604108309991,0.001590126077644527
Reddit-S,43,train,R0_trajectory_ranker,joint,3,2384,3.872594126170448e-05,,,,,,,,,,,,,-452505.8125,1.0,0.95,0.00013679014227818698
Reddit-S,43,train,R0_trajectory_ranker,joint,4,2384,0.05988920805255216,,,,,,,,,,,,,-421020576.0,0.9597315192222595,0.9574204199324774,0.09757398813962936
Reddit-S,43,validation,R0_trajectory_ranker,joint,1,795,2.4331534433664767e-09,,,,,,,,,,,,,-599.6610107421875,0.9949685335159302,0.9745234379872209,0.009617753326892853
Reddit-S,43,validation,R0_trajectory_ranker,joint,2,795,1.4984066520158212e-06,,,,,,,,,,,,,-449.9023132324219,0.9786163568496704,0.8990888516449778,0.01922328770160675
Reddit-S,43,validation,R0_trajectory_ranker,joint,3,794,3.579291199638079e-05,,,,,,,,,,,,,-0.027880463749170303,0.9999999403953552,0.9,0.00024035836395341903
Reddit-S,43,validation,R0_trajectory_ranker,joint,4,795,0.16402378529453457,,,,,,,,,,,,,-52974036.0,0.8830188512802124,0.8710154084096722,0.28148511052131653
Reddit-S,43,train,R1_capacity_control,text,1,2384,0.0,,,,,,,,,,,0.04194630872483222,0.00197702762670815,0.0,,,
Reddit-S,43,train,R1_capacity_control,text,2,2384,1.1226285190048583e-08,,,,,,,,,,,0.06543624161073826,0.003100694390013814,0.0,,,
Reddit-S,43,train,R1_capacity_control,text,3,2384,8.518311261949338e-06,,,,,,,,,,,0.29697986577181207,0.001734397141262889,0.0,,,
Reddit-S,43,train,R1_capacity_control,text,4,2384,0.058303006186639944,,,,,,,,,,,0.12541946308724833,0.05532216653227806,0.0,,,
Reddit-S,43,validation,R1_capacity_control,text,1,795,0.0,,,,,,,,,,,0.04779874213836478,0.005198101978749037,0.0,,,
Reddit-S,43,validation,R1_capacity_control,text,2,795,5.897204830961407e-09,,,,,,,,,,,0.03522012578616352,0.008765633217990398,0.0,,,
Reddit-S,43,validation,R1_capacity_control,text,3,794,6.266730700239134e-06,,,,,,,,,,,0.27329974811083124,0.0162823386490345,0.0,,,
Reddit-S,43,validation,R1_capacity_control,text,4,795,0.14715592269266772,,,,,,,,,,,0.12075471698113208,0.14600114524364471,0.0,,,
Reddit-S,43,train,R1_capacity_control,visual,1,2384,0.0,,,,,,,,,,,0.11996644295302013,0.0018414066871628165,0.0,,,
Reddit-S,43,train,R1_capacity_control,visual,2,2384,5.352107029899712e-08,,,,,,,,,,,0.1401006711409396,0.0034407705534249544,0.0,,,
Reddit-S,43,train,R1_capacity_control,visual,3,2384,1.1683618674002622e-05,,,,,,,,,,,0.11073825503355705,0.0009370900224894285,0.0,,,
Reddit-S,43,train,R1_capacity_control,visual,4,2384,0.06153632289749641,,,,,,,,,,,0.08389261744966443,0.05365278199315071,0.0,,,
Reddit-S,43,validation,R1_capacity_control,visual,1,795,0.0,,,,,,,,,,,0.10817610062893082,0.0054123131558299065,0.0,,,
Reddit-S,43,validation,R1_capacity_control,visual,2,795,4.4048804493243395e-08,,,,,,,,,,,0.1421383647798742,0.009603684768080711,0.0,,,
Reddit-S,43,validation,R1_capacity_control,visual,3,794,1.0942661988704479e-05,,,,,,,,,,,0.10831234256926953,0.012284939177334309,0.0,,,
Reddit-S,43,validation,R1_capacity_control,visual,4,795,0.18094890766328003,,,,,,,,,,,0.07924528301886792,0.17485977709293365,0.0,,,
Reddit-S,43,train,R1_capacity_control,joint,1,2384,4.5647792779121135e-09,,,,,,,,,,,,,0.0,0.9995805621147156,0.9973333333333333,0.0038791110273450613
Reddit-S,43,train,R1_capacity_control,joint,2,2384,1.859322120744722e-06,,,,,,,,,,,,,0.0,0.9974832534790039,0.9770588235294116,0.0024839097168296576
Reddit-S,43,train,R1_capacity_control,joint,3,2384,3.872594126170448e-05,,,,,,,,,,,,,0.0,1.0,0.95,0.00015003922453615814
Reddit-S,43,train,R1_capacity_control,joint,4,2384,0.05988920805255216,,,,,,,,,,,,,0.0,0.9668624401092529,0.9671282654379647,0.07882101833820343
Reddit-S,43,validation,R1_capacity_control,joint,1,795,2.4331534433664767e-09,,,,,,,,,,,,,0.0,0.9949685335159302,0.9745234379872209,0.012018944136798382
Reddit-S,43,validation,R1_capacity_control,joint,2,795,1.4984066520158212e-06,,,,,,,,,,,,,0.0,0.9773584604263306,0.8915130940692201,0.02432963065803051
Reddit-S,43,validation,R1_capacity_control,joint,3,794,3.579291199638079e-05,,,,,,,,,,,,,0.0,0.9999999403953552,0.9,0.00021423131693154573
Reddit-S,43,validation,R1_capacity_control,joint,4,795,0.16402378529453457,,,,,,,,,,,,,0.0,0.8842766880989075,0.8728566468813455,0.2576802968978882
Reddit-S,43,train,R1_decision_ranker,text,1,2384,0.0,,,,,,,,,,,0.04194630872483222,0.00197702762670815,0.0,,,
Reddit-S,43,train,R1_decision_ranker,text,2,2384,1.1226285190048583e-08,,,,,,,,,,,0.06543624161073826,0.003100694390013814,0.0,,,
Reddit-S,43,train,R1_decision_ranker,text,3,2384,8.518311261949338e-06,,,,,,,,,,,0.29697986577181207,0.001734397141262889,0.0,,,
Reddit-S,43,train,R1_decision_ranker,text,4,2384,0.058303006186639944,,,,,,,,,,,0.12541946308724833,0.05532216653227806,0.0,,,
Reddit-S,43,validation,R1_decision_ranker,text,1,795,0.0,,,,,,,,,,,0.04779874213836478,0.005198101978749037,0.0,,,
Reddit-S,43,validation,R1_decision_ranker,text,2,795,5.897204830961407e-09,,,,,,,,,,,0.03522012578616352,0.008765633217990398,0.0,,,
Reddit-S,43,validation,R1_decision_ranker,text,3,794,6.266730700239134e-06,,,,,,,,,,,0.27329974811083124,0.0162823386490345,0.0,,,
Reddit-S,43,validation,R1_decision_ranker,text,4,795,0.14715592269266772,,,,,,,,,,,0.12075471698113208,0.14600114524364471,0.0,,,
Reddit-S,43,train,R1_decision_ranker,visual,1,2384,0.0,,,,,,,,,,,0.11996644295302013,0.0018414066871628165,0.0,,,
Reddit-S,43,train,R1_decision_ranker,visual,2,2384,5.352107029899712e-08,,,,,,,,,,,0.1401006711409396,0.0034407705534249544,0.0,,,
Reddit-S,43,train,R1_decision_ranker,visual,3,2384,1.1683618674002622e-05,,,,,,,,,,,0.11073825503355705,0.0009370900224894285,0.0,,,
Reddit-S,43,train,R1_decision_ranker,visual,4,2384,0.06153632289749641,,,,,,,,,,,0.08389261744966443,0.05365278199315071,0.0,,,
Reddit-S,43,validation,R1_decision_ranker,visual,1,795,0.0,,,,,,,,,,,0.10817610062893082,0.0054123131558299065,0.0,,,
Reddit-S,43,validation,R1_decision_ranker,visual,2,795,4.4048804493243395e-08,,,,,,,,,,,0.1421383647798742,0.009603684768080711,0.0,,,
Reddit-S,43,validation,R1_decision_ranker,visual,3,794,1.0942661988704479e-05,,,,,,,,,,,0.10831234256926953,0.012284939177334309,0.0,,,
Reddit-S,43,validation,R1_decision_ranker,visual,4,795,0.18094890766328003,,,,,,,,,,,0.07924528301886792,0.17485977709293365,0.0,,,
Reddit-S,43,train,R1_decision_ranker,joint,1,2384,4.5647792779121135e-09,,,,,,,,,,,,,0.0,0.9995805621147156,0.9973333333333333,0.0038791110273450613
Reddit-S,43,train,R1_decision_ranker,joint,2,2384,1.859322120744722e-06,,,,,,,,,,,,,0.0,0.9974832534790039,0.9770588235294116,0.0024839097168296576
Reddit-S,43,train,R1_decision_ranker,joint,3,2384,3.872594126170448e-05,,,,,,,,,,,,,0.0,1.0,0.95,0.00015003922453615814
Reddit-S,43,train,R1_decision_ranker,joint,4,2384,0.05988920805255216,,,,,,,,,,,,,0.0,0.9668624401092529,0.9671282654379647,0.07882101833820343
Reddit-S,43,validation,R1_decision_ranker,joint,1,795,2.4331534433664767e-09,,,,,,,,,,,,,0.0,0.9949685335159302,0.9745234379872209,0.012018944136798382
Reddit-S,43,validation,R1_decision_ranker,joint,2,795,1.4984066520158212e-06,,,,,,,,,,,,,0.0,0.9773584604263306,0.8915130940692201,0.02432963065803051
Reddit-S,43,validation,R1_decision_ranker,joint,3,794,3.579291199638079e-05,,,,,,,,,,,,,0.0,0.9999999403953552,0.9,0.00021423131693154573
Reddit-S,43,validation,R1_decision_ranker,joint,4,795,0.16402378529453457,,,,,,,,,,,,,0.0,0.8842766880989075,0.8728566468813455,0.2576802968978882
Reddit-S,44,train,C0_Uniform,text,1,2384,0.0,,,,,,,,,,,0.11115771812080537,0.0013862596824765205,0.0,,,
Reddit-S,44,train,C0_Uniform,text,2,2384,0.0,,,,,,,,,,,0.12290268456375839,0.0011715992586687207,0.0,,,
Reddit-S,44,train,C0_Uniform,text,3,2384,3.7166879015910134e-06,,,,,,,,,,,0.27936241610738255,0.0017825247487053275,0.0,,,
Reddit-S,44,train,C0_Uniform,text,4,2384,0.040203328483140344,,,,,,,,,,,0.1669463087248322,0.0359325148165226,0.0,,,
Reddit-S,44,validation,C0_Uniform,text,1,795,0.0,,,,,,,,,,,0.1119496855345912,0.006039652973413467,0.0,,,
Reddit-S,44,validation,C0_Uniform,text,2,795,0.0,,,,,,,,,,,0.11069182389937107,0.008953247219324112,0.0,,,
Reddit-S,44,validation,C0_Uniform,text,3,794,2.3405572699991677e-06,,,,,,,,,,,0.2531486146095718,0.02065201662480831,0.0,,,
Reddit-S,44,validation,C0_Uniform,text,4,795,0.19005199583593851,,,,,,,,,,,0.1610062893081761,0.18670253455638885,0.0,,,
Reddit-S,44,train,C0_Uniform,visual,1,2384,0.0,,,,,,,,,,,0.20889261744966442,0.0015127742663025856,0.0,,,
Reddit-S,44,train,C0_Uniform,visual,2,2384,1.4814906765937337e-08,,,,,,,,,,,0.20343959731543623,0.0017949147149920464,0.0,,,
Reddit-S,44,train,C0_Uniform,visual,3,2384,5.003433277684493e-06,,,,,,,,,,,0.10234899328859061,0.0009110932005569339,0.0,,,
Reddit-S,44,train,C0_Uniform,visual,4,2384,0.04159390954933711,,,,,,,,,,,0.07634228187919463,0.0329996719956398,0.0,,,
Reddit-S,44,validation,C0_Uniform,visual,1,795,0.0,,,,,,,,,,,0.21132075471698114,0.005013513378798962,0.0,,,
Reddit-S,44,validation,C0_Uniform,visual,2,795,1.8327640082591775e-08,,,,,,,,,,,0.18742138364779873,0.007522364612668753,0.0,,,
Reddit-S,44,validation,C0_Uniform,visual,3,794,4.216611359422856e-06,,,,,,,,,,,0.09319899244332494,0.02073531039059162,0.0,,,
Reddit-S,44,validation,C0_Uniform,visual,4,795,0.27540959948382576,,,,,,,,,,,0.06792452830188679,0.2688123285770416,0.0,,,
Reddit-S,44,train,C0_Uniform,joint,1,2384,0.0,,,,,,,,,,,,,0.0,0.9991610646247864,0.9965102974828376,0.0018857605755329132
Reddit-S,44,train,C0_Uniform,joint,2,2384,4.751911129313761e-07,,,,,,,,,,,,,0.0,0.9974832534790039,0.9840313796970144,0.002569850767031312
Reddit-S,44,train,C0_Uniform,joint,3,2384,1.8612403524388668e-05,,,,,,,,,,,,,0.0,1.0,0.95,8.333547884831205e-05
Reddit-S,44,train,C0_Uniform,joint,4,2384,0.040883898889644436,,,,,,,,,,,,,0.0,0.9819630980491638,0.9829695504862146,0.04872182756662369
Reddit-S,44,validation,C0_Uniform,joint,1,795,0.0,,,,,,,,,,,,,0.0,0.9949685335159302,0.9785009376023869,0.0060052587650716305
Reddit-S,44,validation,C0_Uniform,joint,2,795,4.1706891388543535e-07,,,,,,,,,,,,,0.0,0.9710691571235657,0.9113029104954304,0.034758374094963074
Reddit-S,44,validation,C0_Uniform,joint,3,794,1.7691042939292198e-05,,,,,,,,,,,,,0.0,0.9987404942512512,0.8960784313725491,0.002308348659425974
Reddit-S,44,validation,C0_Uniform,joint,4,795,0.23271599542504248,,,,,,,,,,,,,0.0,0.8767295479774475,0.8504742238983901,0.35240262746810913
Reddit-S,44,train,GLOBAL_ACTION,text,1,2384,0.0,,,,,,,,,,,0.11115771812080537,0.0013862596824765205,0.0,,,
Reddit-S,44,train,GLOBAL_ACTION,text,2,2384,0.0,,,,,,,,,,,0.12290268456375839,0.0011715992586687207,0.0,,,
Reddit-S,44,train,GLOBAL_ACTION,text,3,2384,3.7166879015910134e-06,,,,,,,,,,,0.27936241610738255,0.0017825247487053275,0.0,,,
Reddit-S,44,train,GLOBAL_ACTION,text,4,2384,0.040203328483140344,,,,,,,,,,,0.1669463087248322,0.0359325148165226,0.0,,,
Reddit-S,44,validation,GLOBAL_ACTION,text,1,795,0.0,,,,,,,,,,,0.1119496855345912,0.006039652973413467,0.0,,,
Reddit-S,44,validation,GLOBAL_ACTION,text,2,795,0.0,,,,,,,,,,,0.11069182389937107,0.008953247219324112,0.0,,,
Reddit-S,44,validation,GLOBAL_ACTION,text,3,794,2.3405572699991677e-06,,,,,,,,,,,0.2531486146095718,0.02065201662480831,0.0,,,
Reddit-S,44,validation,GLOBAL_ACTION,text,4,795,0.19005199583593851,,,,,,,,,,,0.1610062893081761,0.18670253455638885,0.0,,,
Reddit-S,44,train,GLOBAL_ACTION,visual,1,2384,0.0,,,,,,,,,,,0.20889261744966442,0.0015127742663025856,0.0,,,
Reddit-S,44,train,GLOBAL_ACTION,visual,2,2384,1.4814906765937337e-08,,,,,,,,,,,0.20343959731543623,0.0017949147149920464,0.0,,,
Reddit-S,44,train,GLOBAL_ACTION,visual,3,2384,5.003433277684493e-06,,,,,,,,,,,0.10234899328859061,0.0009110932005569339,0.0,,,
Reddit-S,44,train,GLOBAL_ACTION,visual,4,2384,0.04159390954933711,,,,,,,,,,,0.07634228187919463,0.0329996719956398,0.0,,,
Reddit-S,44,validation,GLOBAL_ACTION,visual,1,795,0.0,,,,,,,,,,,0.21132075471698114,0.005013513378798962,0.0,,,
Reddit-S,44,validation,GLOBAL_ACTION,visual,2,795,1.8327640082591775e-08,,,,,,,,,,,0.18742138364779873,0.007522364612668753,0.0,,,
Reddit-S,44,validation,GLOBAL_ACTION,visual,3,794,4.216611359422856e-06,,,,,,,,,,,0.09319899244332494,0.02073531039059162,0.0,,,
Reddit-S,44,validation,GLOBAL_ACTION,visual,4,795,0.27540959948382576,,,,,,,,,,,0.06792452830188679,0.2688123285770416,0.0,,,
Reddit-S,44,train,GLOBAL_ACTION,joint,1,2384,0.0,,,,,,,,,,,,,0.0,0.9991610646247864,0.9965102974828376,0.0018857605755329132
Reddit-S,44,train,GLOBAL_ACTION,joint,2,2384,4.751911129313761e-07,,,,,,,,,,,,,0.0,0.9974832534790039,0.9840313796970144,0.002569850767031312
Reddit-S,44,train,GLOBAL_ACTION,joint,3,2384,1.8612403524388668e-05,,,,,,,,,,,,,0.0,1.0,0.95,8.333547884831205e-05
Reddit-S,44,train,GLOBAL_ACTION,joint,4,2384,0.040883898889644436,,,,,,,,,,,,,0.0,0.9819630980491638,0.9829695504862146,0.04872182756662369
Reddit-S,44,validation,GLOBAL_ACTION,joint,1,795,0.0,,,,,,,,,,,,,0.0,0.9949685335159302,0.9785009376023869,0.0060052587650716305
Reddit-S,44,validation,GLOBAL_ACTION,joint,2,795,4.1706891388543535e-07,,,,,,,,,,,,,0.0,0.9710691571235657,0.9113029104954304,0.034758374094963074
Reddit-S,44,validation,GLOBAL_ACTION,joint,3,794,1.7691042939292198e-05,,,,,,,,,,,,,0.0,0.9987404942512512,0.8960784313725491,0.002308348659425974
Reddit-S,44,validation,GLOBAL_ACTION,joint,4,795,0.23271599542504248,,,,,,,,,,,,,0.0,0.8767295479774475,0.8504742238983901,0.35240262746810913
Reddit-S,44,train,E6_D0_projected,text,1,2384,0.0,,,,,,,,,,,0.00041946308724832214,0.05003854259848595,-187242.046875,,,
Reddit-S,44,train,E6_D0_projected,text,2,2384,0.0,,,,,,,,,,,0.0008389261744966443,0.0401044599711895,-243879.296875,,,
Reddit-S,44,train,E6_D0_projected,text,3,2384,3.7166879015910134e-06,,,,,,,,,,,0.6489093959731543,0.019957344979047775,-21499838.0,,,
Reddit-S,44,train,E6_D0_projected,text,4,2384,0.040203328483140344,,,,,,,,,,,0.8330536912751678,0.013190025463700294,-13190025216.0,,,
Reddit-S,44,validation,E6_D0_projected,text,1,795,0.0,,,,,,,,,,,0.0012578616352201257,0.09066912531852722,-156284.75,,,
Reddit-S,44,validation,E6_D0_projected,text,2,795,0.0,,,,,,,,,,,0.0,0.10421137511730194,-112079.421875,,,
Reddit-S,44,validation,E6_D0_projected,text,3,794,2.3405572699991677e-06,,,,,,,,,,,0.5680100755667506,0.13961561024188995,-15516922.0,,,
Reddit-S,44,validation,E6_D0_projected,text,4,795,0.19005199583593851,,,,,,,,,,,0.8389937106918239,0.012565592303872108,-12565594112.0,,,
Reddit-S,44,train,E6_D0_projected,visual,1,2384,0.0,,,,,,,,,,,0.005453020134228188,0.10809282958507538,-38753.74609375,,,
Reddit-S,44,train,E6_D0_projected,visual,2,2384,1.4814906765937337e-08,,,,,,,,,,,0.07256711409395973,0.12245775014162064,-95563.3125,,,
Reddit-S,44,train,E6_D0_projected,visual,3,2384,5.003433277684493e-06,,,,,,,,,,,0.8842281879194631,0.008100994862616062,-9410746.0,,,
Reddit-S,44,train,E6_D0_projected,visual,4,2384,0.04159390954933711,,,,,,,,,,,0.9236577181208053,0.03245220333337784,-32452202496.0,,,
Reddit-S,44,validation,E6_D0_projected,visual,1,795,0.0,,,,,,,,,,,0.005031446540880503,0.13528119027614594,-26834.314453125,,,
Reddit-S,44,validation,E6_D0_projected,visual,2,795,1.8327640082591775e-08,,,,,,,,,,,0.08176100628930817,0.20442859828472137,-92559.34375,,,
Reddit-S,44,validation,E6_D0_projected,visual,3,794,4.216611359422856e-06,,,,,,,,,,,0.8400503778337531,0.11004570871591568,-20523920.0,,,
Reddit-S,44,validation,E6_D0_projected,visual,4,795,0.27540959948382576,,,,,,,,,,,0.9320754716981132,0.03146936744451523,-31469367296.0,,,
Reddit-S,44,train,E6_D0_projected,joint,1,2384,0.0,,,,,,,,,,,,,-95250.421875,0.9131711721420288,0.8607982510006446,0.3492448925971985
Reddit-S,44,train,E6_D0_projected,joint,2,2384,4.751911129313761e-07,,,,,,,,,,,,,-199710.90625,0.9752516746520996,0.869090219395722,0.07942239940166473
Reddit-S,44,train,E6_D0_projected,joint,3,2384,1.8612403524388668e-05,,,,,,,,,,,,,-235573408.0,0.9953858852386475,0.9444049286852488,0.018586479127407074
Reddit-S,44,train,E6_D0_projected,joint,4,2384,0.040883898889644436,,,,,,,,,,,,,-18534471680.0,0.9542785286903381,0.9470314708223272,0.12416422367095947
Reddit-S,44,validation,E6_D0_projected,joint,1,795,0.0,,,,,,,,,,,,,-21321.2265625,0.8955974578857422,0.8514699280021981,0.4310808479785919
Reddit-S,44,validation,E6_D0_projected,joint,2,795,4.1706891388543535e-07,,,,,,,,,,,,,-1718878.375,0.9245283007621765,0.7938360536620446,0.3363710045814514
Reddit-S,44,validation,E6_D0_projected,joint,3,794,1.7691042939292198e-05,,,,,,,,,,,,,-3026100.0,0.9949621558189392,0.8929275112634457,0.017866309732198715
Reddit-S,44,validation,E6_D0_projected,joint,4,795,0.23271599542504248,,,,,,,,,,,,,-15310827520.0,0.8880503177642822,0.8418416353760148,0.2224317342042923
Reddit-S,44,train,E6_D0,text,1,2384,0.0,,,,,,,,,,,0.00041946308724832214,0.05003854259848595,-187242.046875,,,
Reddit-S,44,train,E6_D0,text,2,2384,0.0,,,,,,,,,,,0.0008389261744966443,0.0401044599711895,-243879.296875,,,
Reddit-S,44,train,E6_D0,text,3,2384,3.7166879015910134e-06,,,,,,,,,,,0.6489093959731543,0.019957344979047775,-21499838.0,,,
Reddit-S,44,train,E6_D0,text,4,2384,0.040203328483140344,,,,,,,,,,,0.8330536912751678,0.013190025463700294,-13190025216.0,,,
Reddit-S,44,validation,E6_D0,text,1,795,0.0,,,,,,,,,,,0.0012578616352201257,0.09066912531852722,-156284.75,,,
Reddit-S,44,validation,E6_D0,text,2,795,0.0,,,,,,,,,,,0.0,0.10421137511730194,-112079.421875,,,
Reddit-S,44,validation,E6_D0,text,3,794,2.3405572699991677e-06,,,,,,,,,,,0.5680100755667506,0.13961561024188995,-15516922.0,,,
Reddit-S,44,validation,E6_D0,text,4,795,0.19005199583593851,,,,,,,,,,,0.8389937106918239,0.012565592303872108,-12565594112.0,,,
Reddit-S,44,train,E6_D0,visual,1,2384,0.0,,,,,,,,,,,0.005453020134228188,0.10809282958507538,-38753.74609375,,,
Reddit-S,44,train,E6_D0,visual,2,2384,1.4814906765937337e-08,,,,,,,,,,,0.07256711409395973,0.12245775014162064,-95563.3125,,,
Reddit-S,44,train,E6_D0,visual,3,2384,5.003433277684493e-06,,,,,,,,,,,0.8842281879194631,0.008100994862616062,-9410746.0,,,
Reddit-S,44,train,E6_D0,visual,4,2384,0.04159390954933711,,,,,,,,,,,0.9236577181208053,0.03245220333337784,-32452202496.0,,,
Reddit-S,44,validation,E6_D0,visual,1,795,0.0,,,,,,,,,,,0.005031446540880503,0.13528119027614594,-26834.314453125,,,
Reddit-S,44,validation,E6_D0,visual,2,795,1.8327640082591775e-08,,,,,,,,,,,0.08176100628930817,0.20442859828472137,-92559.34375,,,
Reddit-S,44,validation,E6_D0,visual,3,794,4.216611359422856e-06,,,,,,,,,,,0.8400503778337531,0.11004570871591568,-20523920.0,,,
Reddit-S,44,validation,E6_D0,visual,4,795,0.27540959948382576,,,,,,,,,,,0.9320754716981132,0.03146936744451523,-31469367296.0,,,
Reddit-S,44,train,E6_D0,joint,1,2384,0.0,,,,,,,,,,,,,-700.9691772460938,0.9991610646247864,0.9965102974828376,0.004381649661809206
Reddit-S,44,train,E6_D0,joint,2,2384,4.751911129313761e-07,,,,,,,,,,,,,-2550.20263671875,0.9966443181037903,0.9794678876335222,0.004475430119782686
Reddit-S,44,train,E6_D0,joint,3,2384,1.8612403524388668e-05,,,,,,,,,,,,,-726464.125,1.0,0.95,0.00012910454825032502
Reddit-S,44,train,E6_D0,joint,4,2384,0.040883898889644436,,,,,,,,,,,,,122338312.0,0.9920302033424377,0.9921830169644231,0.018390504643321037
Reddit-S,44,validation,E6_D0,joint,1,795,0.0,,,,,,,,,,,,,298.76025390625,0.9949685335159302,0.9785009376023869,0.010236939415335655
Reddit-S,44,validation,E6_D0,joint,2,795,4.1706891388543535e-07,,,,,,,,,,,,,-6447.8525390625,0.9647798538208008,0.8838198622944281,0.054946985095739365
Reddit-S,44,validation,E6_D0,joint,3,794,1.7691042939292198e-05,,,,,,,,,,,,,-6010.35009765625,0.9987404942512512,0.8960784313725491,0.002938405843451619
Reddit-S,44,validation,E6_D0,joint,4,795,0.23271599542504248,,,,,,,,,,,,,525571232.0,0.8981131911277771,0.8727984693453082,0.24432805180549622
Reddit-S,44,train,R0_trajectory_ranker,text,1,2384,0.0,,,,,,,,,,,0.11115771812080537,0.0013862596824765205,0.0,,,
Reddit-S,44,train,R0_trajectory_ranker,text,2,2384,0.0,,,,,,,,,,,0.12290268456375839,0.0011715992586687207,0.0,,,
Reddit-S,44,train,R0_trajectory_ranker,text,3,2384,3.7166879015910134e-06,,,,,,,,,,,0.27936241610738255,0.0017825247487053275,0.0,,,
Reddit-S,44,train,R0_trajectory_ranker,text,4,2384,0.040203328483140344,,,,,,,,,,,0.1669463087248322,0.0359325148165226,0.0,,,
Reddit-S,44,validation,R0_trajectory_ranker,text,1,795,0.0,,,,,,,,,,,0.1119496855345912,0.006039652973413467,0.0,,,
Reddit-S,44,validation,R0_trajectory_ranker,text,2,795,0.0,,,,,,,,,,,0.11069182389937107,0.008953247219324112,0.0,,,
Reddit-S,44,validation,R0_trajectory_ranker,text,3,794,2.3405572699991677e-06,,,,,,,,,,,0.2531486146095718,0.02065201662480831,0.0,,,
Reddit-S,44,validation,R0_trajectory_ranker,text,4,795,0.19005199583593851,,,,,,,,,,,0.1610062893081761,0.18670253455638885,0.0,,,
Reddit-S,44,train,R0_trajectory_ranker,visual,1,2384,0.0,,,,,,,,,,,0.20889261744966442,0.0015127742663025856,0.0,,,
Reddit-S,44,train,R0_trajectory_ranker,visual,2,2384,1.4814906765937337e-08,,,,,,,,,,,0.20343959731543623,0.0017949147149920464,0.0,,,
Reddit-S,44,train,R0_trajectory_ranker,visual,3,2384,5.003433277684493e-06,,,,,,,,,,,0.10234899328859061,0.0009110932005569339,0.0,,,
Reddit-S,44,train,R0_trajectory_ranker,visual,4,2384,0.04159390954933711,,,,,,,,,,,0.07634228187919463,0.0329996719956398,0.0,,,
Reddit-S,44,validation,R0_trajectory_ranker,visual,1,795,0.0,,,,,,,,,,,0.21132075471698114,0.005013513378798962,0.0,,,
Reddit-S,44,validation,R0_trajectory_ranker,visual,2,795,1.8327640082591775e-08,,,,,,,,,,,0.18742138364779873,0.007522364612668753,0.0,,,
Reddit-S,44,validation,R0_trajectory_ranker,visual,3,794,4.216611359422856e-06,,,,,,,,,,,0.09319899244332494,0.02073531039059162,0.0,,,
Reddit-S,44,validation,R0_trajectory_ranker,visual,4,795,0.27540959948382576,,,,,,,,,,,0.06792452830188679,0.2688123285770416,0.0,,,
Reddit-S,44,train,R0_trajectory_ranker,joint,1,2384,0.0,,,,,,,,,,,,,0.0,0.9991610646247864,0.9965102974828376,0.0018857605755329132
Reddit-S,44,train,R0_trajectory_ranker,joint,2,2384,4.751911129313761e-07,,,,,,,,,,,,,0.0,0.9974832534790039,0.9840313796970144,0.002569850767031312
Reddit-S,44,train,R0_trajectory_ranker,joint,3,2384,1.8612403524388668e-05,,,,,,,,,,,,,0.0,1.0,0.95,8.333547884831205e-05
Reddit-S,44,train,R0_trajectory_ranker,joint,4,2384,0.040883898889644436,,,,,,,,,,,,,0.0,0.9819630980491638,0.9829695504862146,0.04872182756662369
Reddit-S,44,validation,R0_trajectory_ranker,joint,1,795,0.0,,,,,,,,,,,,,0.0,0.9949685335159302,0.9785009376023869,0.0060052587650716305
Reddit-S,44,validation,R0_trajectory_ranker,joint,2,795,4.1706891388543535e-07,,,,,,,,,,,,,0.0,0.9710691571235657,0.9113029104954304,0.034758374094963074
Reddit-S,44,validation,R0_trajectory_ranker,joint,3,794,1.7691042939292198e-05,,,,,,,,,,,,,0.0,0.9987404942512512,0.8960784313725491,0.002308348659425974
Reddit-S,44,validation,R0_trajectory_ranker,joint,4,795,0.23271599542504248,,,,,,,,,,,,,0.0,0.8767295479774475,0.8504742238983901,0.35240262746810913
Reddit-S,44,train,R1_capacity_control,text,1,2384,0.0,,,,,,,,,,,0.11115771812080537,0.0013862596824765205,0.0,,,
Reddit-S,44,train,R1_capacity_control,text,2,2384,0.0,,,,,,,,,,,0.12290268456375839,0.0011715992586687207,0.0,,,
Reddit-S,44,train,R1_capacity_control,text,3,2384,3.7166879015910134e-06,,,,,,,,,,,0.27936241610738255,0.0017825247487053275,0.0,,,
Reddit-S,44,train,R1_capacity_control,text,4,2384,0.040203328483140344,,,,,,,,,,,0.1669463087248322,0.0359325148165226,0.0,,,
Reddit-S,44,validation,R1_capacity_control,text,1,795,0.0,,,,,,,,,,,0.1119496855345912,0.006039652973413467,0.0,,,
Reddit-S,44,validation,R1_capacity_control,text,2,795,0.0,,,,,,,,,,,0.11069182389937107,0.008953247219324112,0.0,,,
Reddit-S,44,validation,R1_capacity_control,text,3,794,2.3405572699991677e-06,,,,,,,,,,,0.2531486146095718,0.02065201662480831,0.0,,,
Reddit-S,44,validation,R1_capacity_control,text,4,795,0.19005199583593851,,,,,,,,,,,0.1610062893081761,0.18670253455638885,0.0,,,
Reddit-S,44,train,R1_capacity_control,visual,1,2384,0.0,,,,,,,,,,,0.20889261744966442,0.0015127742663025856,0.0,,,
Reddit-S,44,train,R1_capacity_control,visual,2,2384,1.4814906765937337e-08,,,,,,,,,,,0.20343959731543623,0.0017949147149920464,0.0,,,
Reddit-S,44,train,R1_capacity_control,visual,3,2384,5.003433277684493e-06,,,,,,,,,,,0.10234899328859061,0.0009110932005569339,0.0,,,
Reddit-S,44,train,R1_capacity_control,visual,4,2384,0.04159390954933711,,,,,,,,,,,0.07634228187919463,0.0329996719956398,0.0,,,
Reddit-S,44,validation,R1_capacity_control,visual,1,795,0.0,,,,,,,,,,,0.21132075471698114,0.005013513378798962,0.0,,,
Reddit-S,44,validation,R1_capacity_control,visual,2,795,1.8327640082591775e-08,,,,,,,,,,,0.18742138364779873,0.007522364612668753,0.0,,,
Reddit-S,44,validation,R1_capacity_control,visual,3,794,4.216611359422856e-06,,,,,,,,,,,0.09319899244332494,0.02073531039059162,0.0,,,
Reddit-S,44,validation,R1_capacity_control,visual,4,795,0.27540959948382576,,,,,,,,,,,0.06792452830188679,0.2688123285770416,0.0,,,
Reddit-S,44,train,R1_capacity_control,joint,1,2384,0.0,,,,,,,,,,,,,0.0,0.9991610646247864,0.9965102974828376,0.0018857605755329132
Reddit-S,44,train,R1_capacity_control,joint,2,2384,4.751911129313761e-07,,,,,,,,,,,,,0.0,0.9974832534790039,0.9840313796970144,0.002569850767031312
Reddit-S,44,train,R1_capacity_control,joint,3,2384,1.8612403524388668e-05,,,,,,,,,,,,,0.0,1.0,0.95,8.333547884831205e-05
Reddit-S,44,train,R1_capacity_control,joint,4,2384,0.040883898889644436,,,,,,,,,,,,,0.0,0.9819630980491638,0.9829695504862146,0.04872182756662369
Reddit-S,44,validation,R1_capacity_control,joint,1,795,0.0,,,,,,,,,,,,,0.0,0.9949685335159302,0.9785009376023869,0.0060052587650716305
Reddit-S,44,validation,R1_capacity_control,joint,2,795,4.1706891388543535e-07,,,,,,,,,,,,,0.0,0.9710691571235657,0.9113029104954304,0.034758374094963074
Reddit-S,44,validation,R1_capacity_control,joint,3,794,1.7691042939292198e-05,,,,,,,,,,,,,0.0,0.9987404942512512,0.8960784313725491,0.002308348659425974
Reddit-S,44,validation,R1_capacity_control,joint,4,795,0.23271599542504248,,,,,,,,,,,,,0.0,0.8767295479774475,0.8504742238983901,0.35240262746810913
Reddit-S,44,train,R1_decision_ranker,text,1,2384,0.0,,,,,,,,,,,0.8850671140939598,3.470785668469034e-05,-7874.66455078125,,,
Reddit-S,44,train,R1_decision_ranker,text,2,2384,0.0,,,,,,,,,,,0.8729026845637584,7.025116488534877e-09,-6649.6005859375,,,
Reddit-S,44,train,R1_decision_ranker,text,3,2384,3.7166879015910134e-06,,,,,,,,,,,0.04488255033557047,0.0003859037533402443,-1797018.375,,,
Reddit-S,44,train,R1_decision_ranker,text,4,2384,0.040203328483140344,,,,,,,,,,,0.009228187919463088,0.060385774821043015,-2307610112.0,,,
Reddit-S,44,validation,R1_decision_ranker,text,1,795,0.0,,,,,,,,,,,0.8729559748427673,0.0008530194754712284,-5097.369140625,,,
Reddit-S,44,validation,R1_decision_ranker,text,2,795,0.0,,,,,,,,,,,0.879245283018868,0.002687539905309677,-2548.239501953125,,,
Reddit-S,44,validation,R1_decision_ranker,text,3,794,2.3405572699991677e-06,,,,,,,,,,,0.10831234256926953,0.007539764512330294,-1070897.75,,,
Reddit-S,44,validation,R1_decision_ranker,text,4,795,0.19005199583593851,,,,,,,,,,,0.00880503144654088,0.26284900307655334,-3565390592.0,,,
Reddit-S,44,train,R1_decision_ranker,visual,1,2384,0.0,,,,,,,,,,,0.20889261744966442,0.0015127742663025856,0.0,,,
Reddit-S,44,train,R1_decision_ranker,visual,2,2384,1.4814906765937337e-08,,,,,,,,,,,0.20343959731543623,0.0017949147149920464,0.0,,,
Reddit-S,44,train,R1_decision_ranker,visual,3,2384,5.003433277684493e-06,,,,,,,,,,,0.10234899328859061,0.0009110932005569339,0.0,,,
Reddit-S,44,train,R1_decision_ranker,visual,4,2384,0.04159390954933711,,,,,,,,,,,0.07634228187919463,0.0329996719956398,0.0,,,
Reddit-S,44,validation,R1_decision_ranker,visual,1,795,0.0,,,,,,,,,,,0.21132075471698114,0.005013513378798962,0.0,,,
Reddit-S,44,validation,R1_decision_ranker,visual,2,795,1.8327640082591775e-08,,,,,,,,,,,0.18742138364779873,0.007522364612668753,0.0,,,
Reddit-S,44,validation,R1_decision_ranker,visual,3,794,4.216611359422856e-06,,,,,,,,,,,0.09319899244332494,0.02073531039059162,0.0,,,
Reddit-S,44,validation,R1_decision_ranker,visual,4,795,0.27540959948382576,,,,,,,,,,,0.06792452830188679,0.2688123285770416,0.0,,,
Reddit-S,44,train,R1_decision_ranker,joint,1,2384,0.0,,,,,,,,,,,,,-1699.565185546875,0.9991610646247864,0.9965102974828376,0.0005914833163842559
Reddit-S,44,train,R1_decision_ranker,joint,2,2384,4.751911129313761e-07,,,,,,,,,,,,,-15350.9736328125,0.9974832534790039,0.9840313796970144,0.0013367700157687068
Reddit-S,44,train,R1_decision_ranker,joint,3,2384,1.8612403524388668e-05,,,,,,,,,,,,,-411588.96875,1.0,0.95,8.315689046867192e-05
Reddit-S,44,train,R1_decision_ranker,joint,4,2384,0.040883898889644436,,,,,,,,,,,,,-594989504.0,0.9819630980491638,0.9829695504862146,0.07178284972906113
Reddit-S,44,validation,R1_decision_ranker,joint,1,795,0.0,,,,,,,,,,,,,-3148.337158203125,0.9949685335159302,0.9785009376023869,0.0015982547774910927
Reddit-S,44,validation,R1_decision_ranker,joint,2,795,4.1706891388543535e-07,,,,,,,,,,,,,-13795.1142578125,0.9710691571235657,0.9113029104954304,0.024989010766148567
Reddit-S,44,validation,R1_decision_ranker,joint,3,794,1.7691042939292198e-05,,,,,,,,,,,,,-202173.0625,0.9987404942512512,0.8960784313725491,0.0015821733977645636
Reddit-S,44,validation,R1_decision_ranker,joint,4,795,0.23271599542504248,,,,,,,,,,,,,-664836928.0,0.8767295479774475,0.8504742238983901,0.41890260577201843
