D_norm_abs_mean,D_norm_mean,D_norm_q10,D_norm_q25,D_norm_q50,D_norm_q75,D_norm_q90,D_norm_std,S_tilde_cosine_to_S_abs_mean,S_tilde_cosine_to_S_mean,S_tilde_cosine_to_S_q10,S_tilde_cosine_to_S_q25,S_tilde_cosine_to_S_q50,S_tilde_cosine_to_S_q75,S_tilde_cosine_to_S_q90,S_tilde_cosine_to_S_std,context_injection_cosine_to_layernorm_S_abs_mean,context_injection_cosine_to_layernorm_S_mean,context_injection_cosine_to_layernorm_S_q10,context_injection_cosine_to_layernorm_S_q25,context_injection_cosine_to_layernorm_S_q50,context_injection_cosine_to_layernorm_S_q75,context_injection_cosine_to_layernorm_S_q90,context_injection_cosine_to_layernorm_S_std,context_injection_norm_abs_mean,context_injection_norm_mean,context_injection_norm_q10,context_injection_norm_q25,context_injection_norm_q50,context_injection_norm_q75,context_injection_norm_q90,context_injection_norm_std,context_injection_ratio_abs_mean,context_injection_ratio_mean,context_injection_ratio_q10,context_injection_ratio_q25,context_injection_ratio_q50,context_injection_ratio_q75,context_injection_ratio_q90,context_injection_ratio_std,cosine_current_previous_abs_mean,cosine_current_previous_mean,cosine_current_previous_q10,cosine_current_previous_q25,cosine_current_previous_q50,cosine_current_previous_q75,cosine_current_previous_q90,cosine_current_previous_std,dataset,delta_gate,hop,interaction_gate,interaction_injection_cosine_to_S_abs_mean,interaction_injection_cosine_to_S_mean,interaction_injection_cosine_to_S_q10,interaction_injection_cosine_to_S_q25,interaction_injection_cosine_to_S_q50,interaction_injection_cosine_to_S_q75,interaction_injection_cosine_to_S_q90,interaction_injection_cosine_to_S_std,interaction_injection_norm_abs_mean,interaction_injection_norm_mean,interaction_injection_norm_q10,interaction_injection_norm_q25,interaction_injection_norm_q50,interaction_injection_norm_q75,interaction_injection_norm_q90,interaction_injection_norm_std,interaction_injection_ratio_abs_mean,interaction_injection_ratio_mean,interaction_injection_ratio_q10,interaction_injection_ratio_q25,interaction_injection_ratio_q50,interaction_injection_ratio_q75,interaction_injection_ratio_q90,interaction_injection_ratio_std,modality,raw_change_norm_abs_mean,raw_change_norm_mean,raw_change_norm_q10,raw_change_norm_q25,raw_change_norm_q50,raw_change_norm_q75,raw_change_norm_q90,raw_change_norm_std,relative_raw_change_abs_mean,relative_raw_change_mean,relative_raw_change_q10,relative_raw_change_q25,relative_raw_change_q50,relative_raw_change_q75,relative_raw_change_q90,relative_raw_change_std,seed
16.250695712306676,16.250695712306676,16.19824047088623,16.224539756774902,16.25187587738037,16.281836986541748,16.31049156188965,0.18313114469763941,0.9909230197946078,0.9909230197946078,0.9849788010120392,0.9883903115987778,0.9918310046195984,0.994215190410614,0.9956980168819427,0.004481938928648688,0.09232213200212298,0.02015131546168556,-0.13081298023462296,-0.057667117565870285,0.020643185824155807,0.10152707435190678,0.1695057988166809,0.11101640110736319,2.30066765274722,2.30066765274722,1.631824004650116,1.8442628979682922,2.188960313796997,2.6871153712272644,3.1694416761398316,0.5773549229355218,0.14379502840419683,0.14379502840419683,0.10199050232768059,0.11526897922158241,0.13681242614984512,0.16794754937291145,0.19809429496526718,0.036085876408312706,0.953516138184837,0.953516138184837,0.9011017203330993,0.9372871071100235,0.9646179378032684,0.9825350791215897,0.9925402343273163,0.04087180342383922,Movies,0.13120558857917786,1,0.10234976559877396,0.047113666395885684,0.0022174692447801147,-0.06829250380396842,-0.04113726504147053,-0.004882476292550564,0.0367385596036911,0.0849179059267044,0.05981129261187777,1.238971041343863,1.238971041343863,1.104093647003174,1.1583070755004883,1.2286934852600098,1.3083338737487793,1.382868468761444,0.11127402536194388,0.1321228979280104,0.1321228979280104,0.09313077703118325,0.10829870775341988,0.1288221850991249,0.15412220731377602,0.17620831727981567,0.03343905046271932,text,4.381504837682124,4.381504837682124,2.583000898361206,3.3791778087615967,4.234715938568115,5.188460826873779,6.156476402282715,1.687724703866031,0.3683901856933477,0.3683901856933477,0.2177386745810509,0.28435148298740387,0.35652410984039307,0.4370483234524727,0.5146653592586518,0.14141621165522184,42
15.28778608543119,15.28778608543119,16.08693218231201,16.167753219604492,16.214393615722656,16.25292205810547,16.286856651306152,3.4378386831950185,0.990415058286428,0.990415058286428,0.9831867456436157,0.9875275790691376,0.9916952550411224,0.9942214488983154,0.9956230998039246,0.005066631322888857,0.09525207499920407,-0.0019278982453671196,-0.14958666265010834,-0.09038511663675308,-0.0069796014577150345,0.08436738513410091,0.15653652995824813,0.11424095386780787,2.3042031086845216,2.3042031086845216,1.5301709532737733,1.859547346830368,2.289241075515747,2.874882459640503,3.3251546144485475,0.7997425822595992,0.1440162056920763,0.1440162056920763,0.09563951119780541,0.11622502654790878,0.14308194816112518,0.17968427017331123,0.20782605856657027,0.04998508916280191,0.9967870254913298,0.9967870254913298,0.9928507328033447,0.9957187920808792,0.9977228045463562,0.998938575387001,0.9996819138526917,0.00329239253274262,Movies,0.13120558857917786,2,0.10234976559877396,0.045438758809369,-0.0011935008239391954,-0.06871766895055771,-0.042613763362169266,-0.007760990411043167,0.032116799615323544,0.07768388912081717,0.057297751754921494,1.2389903849530643,1.2389903849530643,1.1040785551071166,1.1584481596946716,1.2288463115692139,1.3085538148880005,1.3829784274101258,0.11132223767417904,0.13528753099015658,0.13528753099015658,0.0939669780433178,0.10815156809985638,0.12986484169960022,0.15960609912872314,0.18637775182723998,0.03634674053170763,text,0.9533880931098105,0.9533880931098105,0.40694077312946325,0.6628783643245697,0.9178564548492432,1.218791663646698,1.5287116050720215,0.5153297643651698,0.1031657584572643,0.1031657584572643,0.035816154256463055,0.06432703323662281,0.09603334218263626,0.13839227706193924,0.17796571105718612,0.0604539727184002,42
15.494207646392086,15.494207646392086,15.425156307220458,15.930029153823853,16.098995208740234,16.189424514770508,16.237342643737794,2.147827242105221,0.9896085415350098,0.9896085415350098,0.9808097660541535,0.9863687306642532,0.991235226392746,0.9941626042127609,0.9956538021564484,0.006061149792965604,0.09523673650304539,0.02110830255463561,-0.1319803714752197,-0.06321022473275661,0.024433319456875324,0.10801003873348236,0.17104526460170744,0.11270487995511524,2.3349738125749657,2.3349738125749657,1.542723298072815,1.8519900441169739,2.286569118499756,2.8637412786483765,3.3096993446350096,0.7097192210306689,0.1459397538121559,0.1459397538121559,0.0964230015873909,0.11575278453528881,0.1429136022925377,0.17899493500590324,0.2068639561533928,0.04435870209419311,0.999504313623665,0.999504313623665,0.9989150881767273,0.9993563145399094,0.9996459782123566,0.9998200237751007,0.9999363958835602,0.0004992478045410152,Movies,0.13120558857917786,3,0.10234976559877396,0.04484331943319154,-0.003769079429620505,-0.07009954452514648,-0.044281333684921265,-0.010078123770654202,0.028658272232860327,0.07309203892946242,0.05623161387263494,1.2385874799311505,1.2385874799311505,1.1039000749588013,1.1579373478889465,1.2280178666114807,1.3079959750175476,1.3829842686653138,0.11137232686449858,0.13995843474872074,0.13995843474872074,0.09357748925685883,0.10860799625515938,0.13338304311037064,0.16677037999033928,0.19897519797086716,0.04144926323368774,text,0.4067312846407197,0.4067312846407197,0.1598238542675972,0.2682827562093735,0.3861343115568161,0.5271650403738022,0.6835194408893585,0.221998655351653,0.04542012762260923,0.04542012762260923,0.014768613968044525,0.026244953740388155,0.040428390726447105,0.06094642635434866,0.085173849016428,0.02755261620013299,42
16.5669558625132,16.5669558625132,16.534229469299316,16.552910804748535,16.573513984680176,16.59317445755005,16.611104011535645,0.31374180370436927,0.9888662775395699,0.9888662775395699,0.981095039844513,0.9859391003847122,0.990166962146759,0.9931202232837677,0.9946956515312195,0.005735012408172337,0.06649684756294304,-0.016970607324842107,-0.12190422415733337,-0.0715266689658165,-0.01647033728659153,0.03753364458680153,0.08799531012773514,0.08213266016797696,2.5585309943285255,2.5585309943285255,2.010272669792175,2.1860397458076477,2.4583791494369507,2.846567749977112,3.255976104736328,0.5019556168376975,0.15991499638712517,0.15991499638712517,0.12564464807510375,0.1366298571228981,0.15365589410066605,0.1779179498553276,0.20350577533245084,0.031374160725403305,0.89446648460189,0.89446648460189,0.8029407978057861,0.8524258434772491,0.9035556316375732,0.9467923790216446,0.9745842635631561,0.0671503261480416,Movies,0.16247732937335968,1,0.11111007630825043,0.06202450211688977,0.023956148127422545,-0.0713337816298008,-0.025395970325917006,0.02365184761583805,0.07411176525056362,0.11980905979871749,0.07368601693940137,1.159858741259449,1.159858741259449,1.0517764806747436,1.0924860835075378,1.1477250456809998,1.2151003777980804,1.2862356424331665,0.09329054775609767,0.14698471023786935,0.14698471023786935,0.10419277921319008,0.1187303401529789,0.14214864373207092,0.1705123670399189,0.19865064918994904,0.03777910897046256,visual,5.5928911453574415,5.5928911453574415,3.8784907341003416,4.5906922817230225,5.626291751861572,6.460199475288391,7.172094917297363,1.453481095122251,0.49875836135671375,0.49875836135671375,0.34651092886924745,0.40995172411203384,0.5024604499340057,0.5757994800806046,0.6368411064147949,0.12882220594874155,42
15.676274775242748,15.676274775242748,16.493614768981935,16.529422283172607,16.553083419799805,16.573313236236572,16.591349601745605,3.2991639414050424,0.9873138996674152,0.9873138996674152,0.9772208094596863,0.9834423065185547,0.9892074763774872,0.9927540421485901,0.9944658517837525,0.007063380008550455,0.06670683155063598,-0.011811713922274793,-0.11835048422217369,-0.06728772073984146,-0.011317843571305275,0.04318489599972963,0.09485551044344902,0.08345019524748802,2.482531911854953,2.482531911854953,1.915464460849762,2.1682767271995544,2.4714988470077515,2.8752452731132507,3.331830072402954,0.7336894512666221,0.155166917997666,0.155166917997666,0.11972285062074661,0.1355254203081131,0.15447309613227844,0.17971518263220787,0.20824733078479765,0.04585851747611162,0.9900044505117951,0.9900044505117951,0.9787112891674041,0.9861025810241699,0.9920490384101868,0.9961285144090652,0.9987589061260224,0.008532858596916137,Movies,0.16247732937335968,2,0.11111007630825043,0.06019774259914597,0.0189782620240252,-0.0749798871576786,-0.029934337362647057,0.018494910560548306,0.06815367005765438,0.11355588808655738,0.07289238540549599,1.160974325176021,1.160974325176021,1.053114128112793,1.0934675335884094,1.1487022638320923,1.2165495157241821,1.2874311685562134,0.09324952624613463,0.156195783598622,0.156195783598622,0.10633575096726418,0.12174265459179878,0.14892643690109253,0.18497292697429657,0.21856173127889633,0.043682765356803675,visual,1.228436210987187,1.228436210987187,0.6550642073154449,0.9827817231416702,1.263038694858551,1.5283948183059692,1.7721802592277527,0.5238707650271802,0.15865546136674563,0.15865546136674563,0.06571448370814324,0.11043185740709305,0.15912411361932755,0.210121538490057,0.25192680656909944,0.07691608524602729,42
15.720715348758947,15.720715348758947,16.17320899963379,16.4191837310791,16.482970237731934,16.520589351654053,16.546735572814942,2.7878882647744754,0.9855765596017843,0.9855765596017843,0.972321879863739,0.9808498620986938,0.9881742000579834,0.9925525933504105,0.9944528222084046,0.008991438742852798,0.06845616230535796,-0.03018445871970254,-0.1343698099255562,-0.08286098763346672,-0.029119116254150867,0.02356389630585909,0.07233207449316978,0.08116223032063738,2.548237752752788,2.548237752752788,1.929979681968689,2.199814736843109,2.5222151279449463,2.954420745372772,3.425308012962341,0.7072697455681991,0.1592757359568393,0.1592757359568393,0.12062750235199929,0.13749495893716812,0.15765082836151123,0.18465660139918327,0.21409754306077958,0.04420808587351143,0.9983100415620374,0.9983100415620374,0.9964946627616882,0.9976607263088226,0.9985986351966858,0.9992869794368744,0.9997864127159118,0.0013660721290250492,Movies,0.16247732937335968,3,0.11111007630825043,0.05916541329289969,0.01534279264948428,-0.0776875115931034,-0.03330112434923649,0.014819934032857418,0.06404722481966019,0.10940388441085815,0.07253883518136496,1.16138956203499,1.16138956203499,1.0534426689147949,1.0938869416713715,1.1492701768875122,1.2169088423252106,1.2873602986335755,0.09320715147664682,0.16526018456384298,0.16526018456384298,0.10648104771971703,0.12356162257492542,0.15604495257139206,0.19950174167752266,0.24143920093774796,0.05214652774543001,visual,0.5312719162762004,0.5312719162762004,0.23766056299209595,0.3967125043272972,0.5358442664146423,0.6787508279085159,0.8366304636001587,0.23973002425722909,0.07393086557802209,0.07393086557802209,0.02576911747455597,0.04713909048587084,0.06937871128320694,0.09695073962211609,0.13140574246644973,0.040943727507941924,42
16.153109101734113,16.153109101734113,16.10431785583496,16.129403114318848,16.15693187713623,16.1842942237854,16.2044340133667,0.1805067981352486,0.9915016065610862,0.9915016065610862,0.9858044624328614,0.9892133474349976,0.9924185574054718,0.9946072697639465,0.9959683835506439,0.00430498920562587,0.0708345916630321,-0.020140378923105957,-0.13065039068460466,-0.0785327460616827,-0.022345811128616333,0.03777372092008591,0.09430892840027809,0.08528393756951075,1.9537562260036885,1.9537562260036885,1.419706690311432,1.5960853099822998,1.8807688355445862,2.2507538199424744,2.62425856590271,0.45109646428231964,0.12211305459201244,0.12211305459201244,0.08873389065265655,0.09975719638168812,0.11754985898733139,0.14067557081580162,0.16402312517166137,0.028194626335355744,0.9495200595948953,0.9495200595948953,0.8898020923137665,0.9323237985372543,0.9634658396244049,0.982473149895668,0.992598968744278,0.04775698614495812,Movies,0.12598732113838196,1,0.09796088933944702,0.13007174438009067,0.12801092428424718,0.037320620566606524,0.0928981713950634,0.13931704312562943,0.17290345579385757,0.1971990555524826,0.06133483498660573,1.1521897268429713,1.1521897268429713,1.0524493932724,1.08518785238266,1.1324705481529236,1.1935041546821594,1.2880401134490966,0.09701884968500579,0.13083317752721077,0.13083317752721077,0.09216494038701059,0.10704110190272331,0.12714218348264694,0.15233051031827927,0.17542566657066344,0.033521475469042925,text,4.250185649662247,4.250185649662247,2.444496250152588,3.234196901321411,4.094178199768066,5.046747922897339,6.069284677505493,1.671639332365599,0.3773897595875788,0.3773897595875788,0.2160043016076088,0.2869061082601547,0.364920511841774,0.45080340653657913,0.5369749009609223,0.1479718031722812,43
15.181627481491189,15.181627481491189,15.990276050567626,16.073854446411133,16.114968299865723,16.148523330688477,16.180346870422362,3.439387175195116,0.9910015122725444,0.9910015122725444,0.984230500459671,0.9883884787559509,0.9923120439052582,0.9946103245019913,0.9958931088447571,0.004880503760140563,0.0705794971518588,-0.0010040499480322674,-0.11427880153059959,-0.06291313655674458,-0.0020584347657859325,0.06250792555510998,0.1121987797319889,0.08622097615275029,1.9275785965163255,1.9275785965163255,1.331628692150116,1.5935072600841522,1.9392274618148804,2.3678529262542725,2.710580086708069,0.6405391467394471,0.12047715701621355,0.12047715701621355,0.08322943150997161,0.09959625639021397,0.12120655924081802,0.1479974463582039,0.16941491663455963,0.040034826159765655,0.9963613920943407,0.9963613920943407,0.9917659759521484,0.9952497482299805,0.9975571632385254,0.9988766461610794,0.9996739387512207,0.003988628299701303,Movies,0.12598732113838196,2,0.09796088933944702,0.12764786868005917,0.12553717593422573,0.03348372802138329,0.0903508123010397,0.13709834963083267,0.17068059369921684,0.19452621489763258,0.061288230212577254,1.152186903387537,1.152186903387537,1.0526427745819091,1.0850439071655273,1.1324282884597778,1.193756252527237,1.2884751915931703,0.09706524888936785,0.13419301503636444,0.13419301503636444,0.09317060559988022,0.10700203292071819,0.12798350304365158,0.15831895545125008,0.1850968524813652,0.03657889890891819,text,0.9376014136553943,0.9376014136553943,0.39290854036808015,0.647102490067482,0.9029117524623871,1.2045093178749084,1.5133594036102296,0.507343886314228,0.1082098249406467,0.1082098249406467,0.037019588053226485,0.06657055206596851,0.10015648603439331,0.14494933187961578,0.18811447471380233,0.06404845431818126,43
15.287980866931278,15.287980866931278,15.252062702178955,15.80960726737976,15.992022037506104,16.07912826538086,16.124206161499025,2.439645841938702,0.9902238513051663,0.9902238513051663,0.9819416284561158,0.9872706532478333,0.9918590486049652,0.9945567101240158,0.9959166646003723,0.005840262165416927,0.0711948027726735,-0.018656371289864963,-0.1253253385424614,-0.08020997792482376,-0.02469745557755232,0.03933463245630264,0.0976771205663681,0.08456688436639159,1.954909607165872,1.954909607165872,1.328793478012085,1.5828670263290405,1.944413661956787,2.3758720755577087,2.7134093046188354,0.5820431057566743,0.12218574067682068,0.12218574067682068,0.08305106237530709,0.09893186576664448,0.12152821198105812,0.14849430322647095,0.1695934072136879,0.036378920679287385,0.9994435075799185,0.9994435075799185,0.9987555563449859,0.9992784857749939,0.9996179044246674,0.9998138099908829,0.9999402701854706,0.0005866087170096502,Movies,0.12598732113838196,3,0.09796088933944702,0.12573049339589698,0.12313663217928077,0.02904091756790877,0.08765322156250477,0.1353462040424347,0.16915778070688248,0.1931060567498207,0.06231153866145535,1.1521627038409807,1.1521627038409807,1.0524370312690734,1.085014432668686,1.1324164867401123,1.1936233341693878,1.2884388208389281,0.09708749582063511,0.13904168479249146,0.13904168479249146,0.09291591346263886,0.10747889056801796,0.13164826482534409,0.1656733937561512,0.19876069873571395,0.04181482059099534,text,0.3967347971202526,0.3967347971202526,0.15192109644412996,0.258914053440094,0.3762292116880417,0.519115686416626,0.6682420551776885,0.2187506314099433,0.04729681851312816,0.04729681851312816,0.01490589352324605,0.026805142406374216,0.0421814639121294,0.06377960741519928,0.08863439932465553,0.029008064062831157,43
16.360724513368027,16.360724513368027,16.329725074768067,16.348129272460938,16.367595672607422,16.385977745056152,16.401610374450684,0.31009652499537244,0.9916928641305032,0.9916928641305032,0.9861027479171753,0.989523321390152,0.9926336705684662,0.994760125875473,0.995897525548935,0.004145599576467086,0.07480857160143406,-0.02173254295357311,-0.13953723311424254,-0.08283547684550285,-0.02116673719137907,0.04160048346966505,0.09315546303987501,0.09113408764932389,1.9803848377120146,1.9803848377120146,1.6546603441238403,1.7720852196216583,1.939664900302887,2.148784577846527,2.369709873199463,0.28310151019356955,0.12377917539344006,0.12377917539344006,0.10341933816671371,0.11076031066477299,0.12123272567987442,0.1343037448823452,0.14811790287494658,0.017695133164403017,0.8974545814540245,0.8974545814540245,0.8066339015960693,0.857217013835907,0.9074340760707855,0.9500993490219116,0.975740498304367,0.06709328755138025,Movies,0.14783774316310883,1,0.09941352158784866,0.06728871261455183,0.03705029096144002,-0.05858383849263191,-0.01729831099510193,0.03289983235299587,0.08705667220056057,0.13930944502353665,0.07749181572203466,1.012050715902545,1.012050715902545,0.9407795131206512,0.97186578810215,1.0092211365699768,1.0486162602901459,1.0884221076965332,0.05810526195708184,0.1271814574072345,0.1271814574072345,0.09150845184922218,0.1035731565207243,0.12296153232455254,0.1472197063267231,0.17058754563331602,0.03192836562659023,visual,5.544730426567959,5.544730426567959,3.808855223655701,4.544337153434753,5.5355470180511475,6.406775593757629,7.134034156799316,1.4700529695456426,0.49316730368629624,0.49316730368629624,0.3393568694591522,0.4045412763953209,0.49319295585155487,0.5709723234176636,0.6341920435428618,0.13092022754900515,43
15.470617233494462,15.470617233494462,16.28378505706787,16.32314968109131,16.346622467041016,16.366395473480225,16.38286361694336,3.3005807155276687,0.9905572874925588,0.9905572874925588,0.9830217063426971,0.9876451790332794,0.9919516742229462,0.9945183992385864,0.9957249283790588,0.005116619029292565,0.07494760025825414,-0.016343854162923874,-0.1369696542620659,-0.07833359017968178,-0.014876998495310545,0.04663222189992666,0.1018814668059349,0.09252490953673635,1.9162934101499518,1.9162934101499518,1.594820249080658,1.7649659514427185,1.952580749988556,2.1833207607269287,2.4079938888549806,0.5022463424546693,0.11977479112473546,0.11977479112473546,0.09968779161572457,0.11031604558229446,0.1220460794866085,0.13646597042679787,0.15050479620695115,0.03139243682505466,0.9903271621282637,0.9903271621282637,0.9794417142868042,0.9865391105413437,0.992342084646225,0.9963666498661041,0.9988331735134125,0.008426208293717988,Movies,0.14783774316310883,2,0.09941352158784866,0.0652485822144754,0.031482544153919094,-0.06399916484951973,-0.022783247753977776,0.027712441980838776,0.0822590533643961,0.13238400220870972,0.07658665102836257,1.0128792656760757,1.0128792656760757,0.9411664724349975,0.9725381135940552,1.0102182030677795,1.0493581891059875,1.0894394159317016,0.05815502769045635,0.13490562947626064,0.13490562947626064,0.0934582993388176,0.10585998557507992,0.12856028228998184,0.1600833162665367,0.18841392248868943,0.036903171925269776,visual,1.2219419101878641,1.2219419101878641,0.6473854124546051,0.9706304222345352,1.2517628073692322,1.5250150263309479,1.771480894088745,0.5272023414757361,0.15659822987546534,0.15659822987546534,0.06434326171875,0.10785702802240849,0.1564730703830719,0.2076035439968109,0.2508422374725342,0.07693091356103834,43
15.41052779850895,15.41052779850895,15.951955509185792,16.202431678771973,16.272467613220215,16.31143093109131,16.33825511932373,3.1189884297220916,0.9892848295029145,0.9892848295029145,0.979530394077301,0.9857732057571411,0.9912006556987762,0.9943714141845703,0.9957250893115998,0.006570207129897147,0.07691798164979759,-0.03213387587110343,-0.1521664321422577,-0.09404592774808407,-0.02964209672063589,0.030324628576636314,0.08365325853228568,0.09110909676212652,1.9479317971528798,1.9479317971528798,1.5995350241661073,1.7791681587696075,1.9873493313789368,2.2249962091445923,2.4594515800476073,0.49983424166831264,0.12175369905132694,0.12175369905132694,0.09998144060373307,0.11120551824569702,0.12421680614352226,0.13907279446721077,0.15372483879327772,0.03124220155401792,0.9984248872531754,0.9984248872531754,0.9966904819011688,0.9978263676166534,0.9987136125564575,0.9993576258420944,0.9998043179512024,0.0013056557311472599,Movies,0.14783774316310883,3,0.09941352158784866,0.06389303798217229,0.02732501684432689,-0.0674993023276329,-0.026028447318822145,0.023921001702547073,0.07860863395035267,0.1275849461555481,0.07604132579198955,1.013069550158195,1.013069550158195,0.9415096402168274,0.9730421155691147,1.01025390625,1.04957515001297,1.089458203315735,0.05814567721375333,0.14249453266064552,0.14249453266064552,0.09346884489059448,0.10734959319233894,0.13440734148025513,0.17140872403979301,0.20764498561620712,0.044215613865788206,visual,0.5194892558685998,0.5194892558685998,0.2325263097882271,0.38266366720199585,0.5232120454311371,0.6660028249025345,0.8251532912254333,0.2388227707036371,0.07158264112272271,0.07158264112272271,0.024618199653923513,0.045288508757948875,0.06708425655961037,0.09426597692072392,0.12760258466005325,0.04015288757164243,43
16.23139555719118,16.23139555719118,16.197651863098145,16.213538646697998,16.232319831848145,16.254638195037842,16.273310661315918,0.18125624231188578,0.9903295278198831,0.9903295278198831,0.9837725758552551,0.9875900745391846,0.9912677109241486,0.9938645213842392,0.9954862177371979,0.004762577192097416,0.05567383345503166,-0.0004724060781253703,-0.08981688916683196,-0.04879374895244837,-0.0005541832651942968,0.04702784214168787,0.08932302743196487,0.06914880277596532,2.4968487111690245,2.4968487111690245,1.7009851336479187,1.9568276703357697,2.3677210807800293,2.9836248755455017,3.4999349117279053,0.6725276111873872,0.1560570548408682,0.1560570548408682,0.10631454586982728,0.12230485305190086,0.14798565208911896,0.18648305162787437,0.21875271201133728,0.04203448273725926,0.9551013633787575,0.9551013633787575,0.9016061902046204,0.9399619251489639,0.9681607186794281,0.984621673822403,0.99358628988266,0.04344882527282929,Movies,0.13663572072982788,1,0.0987396314740181,0.04776807652243736,-0.004047509567972296,-0.0780917800962925,-0.04510410688817501,-0.006173260509967804,0.03352154511958361,0.07472471073269844,0.060412945018016306,1.2340385836232703,1.2340385836232703,1.1043827056884765,1.1524831652641296,1.2250086069107056,1.310645341873169,1.3787662744522096,0.10297848921114001,0.1362555471652021,0.1362555471652021,0.09552443623542786,0.11153179965913296,0.13310331106185913,0.15921549499034882,0.18290791660547256,0.03451617934961621,text,4.149058088872226,4.149058088872226,2.3418505907058718,3.1299784183502197,3.9991623163223267,4.951031684875488,5.928004550933838,1.675919554448958,0.3622150563087118,0.3622150563087118,0.20327801257371905,0.27300065755844116,0.35078857839107513,0.43373195827007294,0.516845417022705,0.1465229252494711,44
15.280669900817053,15.280669900817053,16.06113052368164,16.158528804779053,16.191797256469727,16.2167010307312,16.243240547180175,3.38263456698135,0.9898026049308722,0.9898026049308722,0.9819053292274476,0.9867211580276489,0.9912201166152954,0.9938726276159286,0.9954070627689362,0.005457958253694374,0.053766826739567106,-7.596716001520229e-05,-0.08662516176700592,-0.04629829805344343,0.0005191313102841377,0.045335451140999794,0.08709667623043059,0.06703667218112766,2.5146993999010814,2.5146993999010814,1.584229862689972,1.9620367884635925,2.5070446729660034,3.192733943462372,3.690087080001831,0.9096544052341963,0.15717299648752134,0.15717299648752134,0.09901780039072036,0.12262957729399204,0.15669532120227814,0.1995522864162922,0.23063564002513887,0.0568549105808866,0.9968839236275935,0.9968839236275935,0.9929631948471069,0.9959234595298767,0.9978980422019958,0.9990438371896744,0.9997272312641143,0.003408549067139535,Movies,0.13663572072982788,2,0.0987396314740181,0.04670285142856999,-0.007944658972297692,-0.08033458441495894,-0.04762447904795408,-0.010091571137309074,0.028927187900990248,0.06896814927458762,0.05829447437604963,1.2330197575725543,1.2330197575725543,1.1038349747657776,1.151774376630783,1.2237401604652405,1.3090274631977081,1.3776527762413024,0.10280605903380961,0.1393479302629646,0.1393479302629646,0.09631407409906387,0.11136009357869625,0.13338112086057663,0.16464891657233238,0.19301031231880186,0.03778694104421484,text,0.9097034037798919,0.9097034037798919,0.37378832399845124,0.6214611828327179,0.870904952287674,1.1686683595180511,1.4795237898826599,0.5000437903811774,0.1020922311106062,0.1020922311106062,0.03395197242498398,0.062249213457107544,0.09422671422362328,0.1370953842997551,0.17832992523908614,0.061141388190476154,44
15.44351454229128,15.44351454229128,15.31016502380371,15.884019136428833,16.063190460205078,16.144423007965088,16.18804054260254,2.1689913962489062,0.9889048503751147,0.9889048503751147,0.979401695728302,0.9853699058294296,0.9907398223876953,0.9938111156225204,0.9954553723335267,0.006561321913257512,0.05220717679331614,-9.292087980784363e-05,-0.08259230703115464,-0.04591032397001982,-0.0009620455093681812,0.04489913210272789,0.08427748829126357,0.06475710897365378,2.545702334573169,2.545702334573169,1.6113172769546509,1.9810539782047272,2.5026700496673584,3.159347176551819,3.657383179664612,0.8130391568541102,0.15911114763069875,0.15911114763069875,0.10071349814534188,0.12381808087229729,0.15642149746418,0.19746848195791245,0.22858888208866118,0.05081653391302548,0.9995125946722881,0.9995125946722881,0.9989237904548645,0.9993745237588882,0.9996647834777832,0.999835267663002,0.9999452233314514,0.000516431071101015,Movies,0.13663572072982788,3,0.0987396314740181,0.04697095122106744,-0.011106717657222605,-0.08335793614387511,-0.05025586299598217,-0.013315912336111069,0.0258151451125741,0.06521069630980492,0.057867925030019196,1.2337770791341784,1.2337770791341784,1.1040184259414674,1.1520552337169647,1.2245407700538635,1.3104446530342102,1.3786735773086547,0.10312692606402693,0.14436850501443377,0.14436850501443377,0.09573390260338784,0.11192207597196102,0.13693278282880783,0.17253779247403145,0.20631541460752487,0.04327683921246749,text,0.3920152373839149,0.3920152373839149,0.15038377791643143,0.25497426837682724,0.3712690621614456,0.509650394320488,0.6599053025245665,0.21667814047106773,0.045351347161427996,0.045351347161427996,0.014078050479292876,0.02562268218025565,0.040360867977142334,0.06110062077641487,0.08523429855704308,0.02781326654177392,44
16.459482735205235,16.459482735205235,16.426435661315917,16.44476318359375,16.465134620666504,16.485591888427734,16.50451545715332,0.31208320757820346,0.9908168559139612,0.9908168559139612,0.9842943847179413,0.9884143173694611,0.9919137954711914,0.9943656623363495,0.9956179976463317,0.004811493329049753,0.06827083280564177,-0.01621637433300624,-0.12427636235952377,-0.07339148037135601,-0.015443121083080769,0.040188693441450596,0.09047065973281859,0.08449858290910241,2.311643470505935,2.311643470505935,1.8671760082244873,2.0100525617599487,2.2319506406784058,2.5392736196517944,2.895626950263977,0.4084924738092798,0.14448388935048156,0.14448388935048156,0.11670388728380203,0.1256329007446766,0.13950138539075851,0.15871090069413185,0.18099339753389357,0.02553245895219875,0.894632290566122,0.894632290566122,0.8009742081165314,0.8527642637491226,0.9044273495674133,0.9482853561639786,0.9747901976108551,0.06836027599444304,Movies,0.1564718335866928,1,0.10043539106845856,0.06660928961583573,0.04103482404440741,-0.05135551616549492,-0.009878330398350954,0.039563512429594994,0.09143212251365185,0.13572257459163664,0.07236109725308593,1.0521545788727258,1.0521545788727258,0.9616453349590302,0.9999099373817444,1.0467228293418884,1.0985532701015472,1.1470106840133667,0.07605778252547331,0.13361399798880147,0.13361399798880147,0.09460396394133568,0.10751890763640404,0.12902922928333282,0.15503009408712387,0.18137782365083693,0.035036403351164695,visual,5.585816692629975,5.585816692629975,3.8230393886566163,4.575567126274109,5.595287561416626,6.479528784751892,7.190696668624878,1.4757634619821032,0.49830795960609,0.49830795960609,0.3433813750743866,0.40933747589588165,0.49994271993637085,0.5769931077957153,0.63824662566185,0.1306728568156674,44
15.522053006559167,15.522053006559167,16.387495231628417,16.42312002182007,16.446598052978516,16.46699333190918,16.48496723175049,3.3615701030757883,0.9895308867432964,0.9895308867432964,0.9809872150421143,0.9862605929374695,0.9910711944103241,0.9940656423568726,0.9954337358474732,0.005799023420275453,0.06889479591965707,-0.011018784404564424,-0.12157532274723053,-0.06846019066870213,-0.011109472252428532,0.04630590695887804,0.09872823432087897,0.08610003985363487,2.219130223543444,2.219130223543444,1.7722111344337463,1.9899356067180634,2.2305721044540405,2.559738278388977,2.9298521757125853,0.6359098214183898,0.13870350397322798,0.13870350397322798,0.11076708361506463,0.12437612563371658,0.13941942900419235,0.15999361500144005,0.18312584161758422,0.03974699200513497,0.9898926400527672,0.9898926400527672,0.9783625483512879,0.9857481569051743,0.9920356571674347,0.9962456971406937,0.9987762987613678,0.008705682066030427,Movies,0.1564718335866928,2,0.10043539106845856,0.06367376267878526,0.035482894603466944,-0.05516772605478763,-0.014882870018482208,0.03407330438494682,0.08559857681393623,0.128698368370533,0.07101453308908659,1.0529193467962878,1.0529193467962878,0.962414538860321,1.0004293024539948,1.0472678542137146,1.0991732776165009,1.148516583442688,0.0762475271285791,0.14204482623664644,0.14204482623664644,0.09651551991701127,0.11029801703989506,0.13539444655179977,0.16900309547781944,0.19995953291654586,0.0400133039500634,visual,1.2347663374543751,1.2347663374543751,0.64786776304245,0.9819671809673309,1.2713373899459839,1.5421760380268097,1.7881654143333434,0.5325487280970204,0.15968798193841394,0.15968798193841394,0.0653052493929863,0.10997979901731014,0.1603911891579628,0.21182338520884514,0.255953186750412,0.07804486286393207,44
15.499486846778714,15.499486846778714,16.070292282104493,16.30988645553589,16.37612533569336,16.412052631378174,16.438846778869628,3.0775121948884574,0.9880731239156966,0.9880731239156966,0.9767581760883332,0.9841062724590302,0.9902370870113373,0.9939001649618149,0.9954205513000488,0.0074378256159987385,0.06997138732978937,-0.02735145880450722,-0.13601068258285523,-0.08278628811240196,-0.02598512824624777,0.028782097157090902,0.07848420739173889,0.08422616996494234,2.2598727086450343,2.2598727086450343,1.783952820301056,2.0094441175460815,2.259645104408264,2.6102647185325623,2.9821186304092406,0.6219151859522408,0.14125188983782835,0.14125188983782835,0.11149931997060776,0.12559925764799118,0.14123330265283585,0.16316039860248566,0.1863954782485962,0.03887297356435285,0.9983011664690418,0.9983011664690418,0.996401709318161,0.9976456016302109,0.998590737581253,0.99931401014328,0.9997905433177948,0.0013765730464028523,Movies,0.1564718335866928,3,0.10043539106845856,0.061822122031230504,0.031299400002407766,-0.059060418605804445,-0.0184662863612175,0.029675954952836037,0.0806953925639391,0.12353561520576477,0.07034299844332549,1.0528620846011818,1.0528620846011818,0.962183552980423,1.0003465116024017,1.0469112396240234,1.0992157459259033,1.148565685749054,0.07626316382912841,0.15034198945306865,0.15034198945306865,0.09672367945313454,0.11178550682961941,0.14187203347682953,0.18196287751197815,0.2215421363711357,0.0478701544402636,visual,0.531264908026823,0.531264908026823,0.23516730219125748,0.39334581792354584,0.5371949374675751,0.6804307699203491,0.8455698668956757,0.2433450511095095,0.07416637930920604,0.07416637930920604,0.024996128305792814,0.04671755153685808,0.06975425034761429,0.09751582518219948,0.1326668843626976,0.041547218133329775,44
16.324274124436965,16.324274124436965,16.297679138183593,16.317195892333984,16.338851928710938,16.35945701599121,16.377587509155273,0.4552788234878825,0.9909199345886607,0.9909199345886607,0.9853227138519287,0.9888422191143036,0.9918199181556702,0.9940328598022461,0.9954433441162109,0.00446264825317582,0.06998026402163758,-0.022995221112474172,-0.131241512298584,-0.08147986978292465,-0.024463368579745293,0.0344932209700346,0.08545139878988267,0.08334519230715338,2.1158999407790398,2.1158999407790398,1.7707472324371338,1.9180712699890137,2.1079747676849365,2.2983349561691284,2.4723344802856446,0.27892426955826005,0.13224805532666056,0.13224805532666056,0.11067480742931365,0.1198827251791954,0.13175319135189056,0.1436498537659645,0.15452606976032257,0.017433754699249213,0.9232370786172637,0.9232370786172637,0.8394752025604248,0.8934584259986877,0.9373419880867004,0.9698216915130615,0.9872952222824096,0.061289817897611565,Toys,0.1456240564584732,1,0.10342048853635788,0.06167184951284612,0.00031459634777880336,-0.0979408711194992,-0.052680376917123795,-0.002683914266526699,0.050955718383193016,0.10451217591762546,0.07740737408361566,1.1262145629652631,1.1262145629652631,1.017207145690918,1.0608786344528198,1.1154931783676147,1.1813335418701172,1.250902485847473,0.09302037071863255,0.13256984334974567,0.13256984334974567,0.09605262875556946,0.11003623902797699,0.1291249543428421,0.15137559175491333,0.1745224565267563,0.032388833201717246,text,4.840304633482939,4.840304633482939,3.116865110397339,3.918128490447998,4.705294132232666,5.665409326553345,6.562519550323486,1.670692625108421,0.43352263391206386,0.43352263391206386,0.2787051975727081,0.35038532316684723,0.4206022620201111,0.5061864256858826,0.5875658392906189,0.15010904837495986,42
15.53563694673104,15.53563694673104,16.256016159057616,16.290590286254883,16.315574645996094,16.338886260986328,16.35823173522949,3.197501667615516,0.9902833019313273,0.9902833019313273,0.9837628364562988,0.9877596199512482,0.9914138317108154,0.993837833404541,0.9952397346496582,0.004834612866695994,0.06899630009769578,-0.009757799215245326,-0.1205275148153305,-0.06856485828757286,-0.01037229597568512,0.04921107739210129,0.10235528498888018,0.08488626734545339,2.0390468902110075,2.0390468902110075,1.6986117839813233,1.9007184505462646,2.107182502746582,2.3091819286346436,2.503007698059082,0.5023897716465396,0.12744526849851717,0.12744526849851717,0.10616867989301682,0.11879956349730492,0.13170473277568817,0.14432822167873383,0.15644531548023224,0.031400687378703086,0.9911822029518372,0.9911822029518372,0.9818570613861084,0.988206684589386,0.9930379390716553,0.9963703155517578,0.9985648274421692,0.007773976181729113,Toys,0.1456240564584732,2,0.10342048853635788,0.06166930097270816,-0.0033969465172499704,-0.10130614340305329,-0.055766066536307335,-0.00637253001332283,0.047307686880230904,0.10040491819381726,0.07710261684376883,1.1265086968096594,1.1265086968096594,1.0178643941879273,1.0615097880363464,1.1156392097473145,1.1818013191223145,1.25047128200531,0.0929430988040701,0.1369962173395037,0.1369962173395037,0.09824211150407791,0.11174566298723221,0.13227440416812897,0.15822820365428925,0.18339686989784246,0.034001853110020124,text,1.2481714259845316,1.2481714259845316,0.6802529215812684,0.9741130173206329,1.232430100440979,1.5079487562179565,1.8032101392745974,0.6137921658467723,0.1474857422599199,0.1474857422599199,0.06991158127784729,0.10525943711400032,0.14384466409683228,0.18630298227071762,0.22921178638935094,0.07316003017230492,42
15.46625858460231,15.46625858460231,16.029121017456056,16.193690299987793,16.252655029296875,16.290771484375,16.31909942626953,3.105230418885224,0.9892845698703628,0.9892845698703628,0.9812431573867798,0.9862626194953918,0.9908020496368408,0.9936700463294983,0.9952363967895508,0.005954756679802535,0.07060747708150755,-0.02668324084895096,-0.1332522839307785,-0.08560246229171753,-0.02854456752538681,0.030994966626167297,0.08196228444576263,0.08260915090158687,2.033684562898112,2.033684562898112,1.693414831161499,1.8971953392028809,2.09816575050354,2.299063801765442,2.4881347656250004,0.4933724091688663,0.12711082640279842,0.12711082640279842,0.1058411568403244,0.11858389899134636,0.1311410367488861,0.14369916170835495,0.15551258623600006,0.03083732061218281,0.9985090358500954,0.9985090358500954,0.9969168543815613,0.9979850649833679,0.9988219141960144,0.9993823170661926,0.9997467637062073,0.001285050780429729,Toys,0.1456240564584732,3,0.10342048853635788,0.061748187188934385,-0.005880714181437549,-0.10403456687927246,-0.05860724672675133,-0.008717132732272148,0.044513048604130745,0.09797041714191448,0.07696431531301583,1.1265444233757944,1.1265444233757944,1.0178314685821532,1.061544954776764,1.1157070398330688,1.1816909909248352,1.250287652015686,0.09282574907438879,0.14299055501345231,0.14299055501345231,0.09818777590990066,0.11329535394906998,0.1368856132030487,0.16767073422670364,0.19727375209331513,0.03967333434805626,text,0.5426142024085873,0.5426142024085873,0.2724123537540436,0.4068494141101837,0.5362306237220764,0.676025390625,0.8007875442504883,0.28398669455456954,0.06695331293458312,0.06695331293458312,0.027756379544734956,0.0448186919093132,0.06405388563871384,0.08729320019483566,0.11225252151489261,0.034473411824718546,42
16.46820135031793,16.46820135031793,16.462057876586915,16.481121063232422,16.500154495239258,16.518750190734863,16.53370895385742,0.7127220131828352,0.9862025185782255,0.9862025185782255,0.9770446300506592,0.9829733967781067,0.9877952337265015,0.991121768951416,0.9932784557342529,0.007040801244685897,0.0805319034919225,-0.03438216400281334,-0.1531123399734497,-0.10001694783568382,-0.03664825111627579,0.028603062964975834,0.08742958307266244,0.09336654455788057,2.1932245137156907,2.1932245137156907,1.8190672397613525,1.9536619782447815,2.1478397846221924,2.3809711933135986,2.639950323104858,0.3449218543669039,0.13708137111989155,0.13708137111989155,0.11369563192129135,0.12210727110505104,0.13424481451511383,0.1488194763660431,0.16500688195228577,0.021558899086160314,0.9147552836816879,0.9147552836816879,0.8306941866874695,0.8820622861385345,0.928466796875,0.9622507989406586,0.9820042848587036,0.06300678097807653,Toys,0.1510210931301117,1,0.12715283036231995,0.07993135996050724,-0.012210381895401155,-0.1408144176006317,-0.08428551629185677,-0.01152319461107254,0.05882218852639198,0.11500500142574319,0.09645307951256848,1.3607552266575973,1.3607552266575973,1.252253532409668,1.295789361000061,1.3534198999404907,1.4181159138679504,1.482377290725708,0.09003047933424177,0.16315418138864263,0.16315418138864263,0.11759372055530548,0.13495733588933945,0.15830565989017487,0.18656299263238907,0.21617209315299998,0.04001294776764186,visual,5.062129341955492,5.062129341955492,3.449978542327881,4.107809066772461,4.895626068115234,5.847737550735474,6.7086671829223645,1.5773188934834157,0.45434922131469085,0.45434922131469085,0.3084569275379181,0.36815136671066284,0.4391207695007324,0.5260135233402252,0.603493368625641,0.14211008040496045,42
15.657502026476486,15.657502026476486,16.432865142822266,16.461984634399414,16.48326873779297,16.50155258178711,16.516892623901366,3.359703539604147,0.9849280464099093,0.9849280464099093,0.9739262104034424,0.9810818135738373,0.9870007038116455,0.9907858669757843,0.9929547309875488,0.008032830677758474,0.08171304625744892,-0.019048551348315682,-0.145862877368927,-0.08929977938532829,-0.021193349733948708,0.04719383828341961,0.11169046014547353,0.09939638924685398,2.129065448113999,2.129065448113999,1.7642850637435914,1.9476407170295715,2.157042980194092,2.418686270713806,2.697005891799927,0.5772152848969683,0.1330723323250562,0.1330723323250562,0.11026959419250489,0.12173057347536087,0.13481834530830383,0.15117868781089783,0.1685757100582123,0.036077746368643776,0.9897949919835414,0.9897949919835414,0.9793986797332763,0.986336886882782,0.9918402433395386,0.9955755770206451,0.9981071949005127,0.009100228157490836,Toys,0.1510210931301117,2,0.12715283036231995,0.08236805495547163,-0.016982195797922213,-0.14684573113918303,-0.09243534877896309,-0.01703430898487568,0.055676111951470375,0.1130390003323555,0.09842315082432397,1.3627587957121836,1.3627587957121836,1.25324387550354,1.2970954179763794,1.3556126356124878,1.4204139113426208,1.4852989912033083,0.09071751070959222,0.1700807563368322,0.1700807563368322,0.12034277766942977,0.1375109851360321,0.16328446567058563,0.1968805268406868,0.23068585097789765,0.04346146464365465,visual,1.305192191343068,1.305192191343068,0.7508985161781311,1.0394871234893799,1.3049290180206299,1.5617241263389587,1.8401936769485476,0.6198359130790656,0.15740677071598044,0.15740677071598044,0.07583801746368408,0.11344233527779579,0.15403127670288086,0.19854993373155594,0.2424647629261017,0.07664734550149928,42
15.535829472525608,15.535829472525608,16.238901138305664,16.37204647064209,16.42090606689453,16.452117919921875,16.474563980102538,3.476558110688437,0.9832021279103458,0.9832021279103458,0.9695502281188965,0.9785455465316772,0.9859121441841125,0.9904994666576385,0.99293372631073,0.009956004056368071,0.08794100691778592,-0.0490621822347829,-0.17278698086738586,-0.11799756065011024,-0.05180494487285614,0.015319414902478456,0.07656988650560381,0.09611265197886583,2.1551356245178797,2.1551356245178797,1.7670421361923219,1.9667754769325256,2.1895790100097656,2.4523627758026123,2.7498274326324466,0.6074132166284609,0.13470287278897763,0.13470287278897763,0.11044951379299164,0.12292860075831413,0.1368560492992401,0.15328096598386765,0.17187778651714328,0.03796563167184742,0.9982829102717554,0.9982829102717554,0.9964363813400269,0.997686356306076,0.9986326694488525,0.9992550015449524,0.9996837973594666,0.0014296616754486023,Toys,0.1510210931301117,3,0.12715283036231995,0.08365026369014623,-0.0200051992087978,-0.15115022659301758,-0.09640652686357498,-0.0196238923817873,0.053584782406687737,0.11138959825038916,0.09935748307188318,1.3635676476309684,1.3635676476309684,1.2540592193603515,1.2977482080459595,1.356326699256897,1.4214248657226562,1.4860757589340212,0.09082066327570167,0.1783416972529142,0.1783416972529142,0.1204495221376419,0.13963466882705688,0.17006361484527588,0.20984474569559097,0.24969781041145328,0.050985205508585554,visual,0.5644470341510273,0.5644470341510273,0.29130907654762267,0.43118973076343536,0.5596322417259216,0.6988750696182251,0.8308656454086304,0.2902717574962205,0.07166660099669894,0.07166660099669894,0.029906944185495377,0.04818137735128403,0.06847798824310303,0.09301668405532837,0.12088198959827423,0.037143723825745587,42
16.360771395264617,16.360771395264617,16.330961990356446,16.352462768554688,16.375003814697266,16.397170066833496,16.41689262390137,0.4559660911139815,0.9924568714223412,0.9924568714223412,0.9881635189056397,0.9906927645206451,0.9930055141448975,0.99479541182518,0.9959893703460694,0.0032889204296350275,0.07128441869899452,-0.01768727811292695,-0.12892971336841583,-0.07859953865408897,-0.01912592723965645,0.04060994274914265,0.09667881131172204,0.08662090385276712,2.381296354946623,2.381296354946623,1.9517406702041626,2.1171951293945312,2.3400468826293945,2.613021731376648,2.880988025665283,0.36295345688835745,0.1488357592826472,0.1488357592826472,0.12198696732521057,0.13232878595590591,0.14625735580921173,0.16331996023654938,0.18006969392299652,0.02268573367817288,0.9259376029024725,0.9259376029024725,0.8449193477630615,0.8968133330345154,0.9397096633911133,0.97077876329422,0.9876144528388977,0.059175946690032635,Toys,0.15943124890327454,1,0.10067103803157806,0.06066567053799611,0.03924655720633341,-0.04387368932366371,-0.004768055863678455,0.03676271066069603,0.08084769174456596,0.12462090551853185,0.06596736658709029,1.0456392083227937,1.0456392083227937,0.9712976932525634,1.0048015713691711,1.0444495677947998,1.0849302411079407,1.121265459060669,0.058465043349587846,0.12177818525590653,0.12177818525590653,0.09031088799238204,0.10316374897956848,0.11980841308832169,0.13860797882080078,0.15685097575187684,0.027195988768536468,text,4.795927316778943,4.795927316778943,3.0877491474151615,3.8718302249908447,4.658669471740723,5.615088224411011,6.505539512634279,1.6550437641056281,0.4272356396770825,0.4272356396770825,0.2752452552318573,0.3448963165283203,0.4141676723957062,0.49939778447151184,0.5814583778381348,0.14773947412374724,43
15.607007991743062,15.607007991743062,16.290522384643555,16.32616901397705,16.352712631225586,16.377264976501465,16.397966384887695,3.114310217019648,0.991903706773752,0.991903706773752,0.9867544889450073,0.9898463189601898,0.9927116632461548,0.9946758151054382,0.9958384513854981,0.003721100248383726,0.0751325094956986,-0.0006668173927829744,-0.12235224395990371,-0.0650579035282135,-0.002297746017575264,0.06355833262205124,0.1219978734850885,0.09323595265249456,2.30164127692798,2.30164127692798,1.8883360385894776,2.1038811206817627,2.346012830734253,2.6230825185775757,2.8856521129608166,0.5762967944254247,0.14385790346701335,0.14385790346701335,0.11802799105644227,0.13149582594633102,0.14663252234458923,0.1639489009976387,0.18035774827003484,0.03602001776037903,0.9917044931951137,0.9917044931951137,0.9827770709991455,0.9888621270656586,0.9934893846511841,0.996614933013916,0.9986559271812439,0.007330671384881371,Toys,0.15943124890327454,2,0.10067103803157806,0.05881107161366647,0.036979812108164534,-0.044601206481456754,-0.005959817208349705,0.03468604013323784,0.07766999676823616,0.12061907500028611,0.06456410993540462,1.0462218299756507,1.0462218299756507,0.9725544929504395,1.0056942105293274,1.044772744178772,1.085378646850586,1.1218947887420654,0.05838515593826404,0.12592751520282405,0.12592751520282405,0.0920536309480667,0.10428012162446976,0.12208174914121628,0.14482297003269196,0.1663549840450287,0.029327857443265767,text,1.2219698203984788,1.2219698203984788,0.6640375256538391,0.9478462636470795,1.2072150707244873,1.4757190346717834,1.7645475149154672,0.6022782240595336,0.14321282203024843,0.14321282203024843,0.06715294420719146,0.10180296003818512,0.14005301892757416,0.18124811351299286,0.22330290377140052,0.07113703091929277,43
15.506316459203045,15.506316459203045,16.043680953979493,16.220731735229492,16.2828426361084,16.32280445098877,16.351282119750977,3.086712125060664,0.9911135366096046,0.9911135366096046,0.9847228169441223,0.9887178838253021,0.9921808838844299,0.9945290088653564,0.9958432078361511,0.004579479839354996,0.07637461498846607,-0.020923738699421237,-0.14064618349075317,-0.08567962795495987,-0.021701429039239883,0.04170972481369972,0.09876761585474018,0.09239672043291387,2.299409097939006,2.299409097939006,1.8786339521408082,2.102480411529541,2.347618579864502,2.6254310607910156,2.883643102645874,0.5758227388030408,0.1437191660406552,0.1437191660406552,0.11741800308227539,0.13140885531902313,0.14673449099063873,0.1640942171216011,0.18023918569087985,0.035990710780670426,0.9986671536779254,0.9986671536779254,0.9972525835037231,0.9982073605060577,0.9989451766014099,0.9994444251060486,0.9997729063034058,0.001156623912569552,Toys,0.15943124890327454,3,0.10067103803157806,0.05769344647818878,0.03528774248800162,-0.04585951566696166,-0.007111649960279465,0.03291648253798485,0.07592575624585152,0.11840334087610245,0.0639404450628993,1.0465755368062453,1.0465755368062453,0.9718936681747437,1.0060520768165588,1.045243501663208,1.08576500415802,1.1219853162765503,0.058355679595842605,0.13121863122319335,0.13121863122319335,0.09200059473514557,0.10568908229470253,0.1266602873802185,0.15287835150957108,0.17886680364608767,0.03424287921486872,text,0.5222357384952095,0.5222357384952095,0.25976293087005614,0.39030885696411133,0.5147398114204407,0.6493324041366577,0.7741236567497254,0.27491716271792416,0.06384492038671362,0.06384492038671362,0.026040265709161757,0.04264216311275959,0.061012059450149536,0.08338653296232224,0.10696146041154872,0.032971357885456264,43
16.56933101924232,16.56933101924232,16.564682388305663,16.5825138092041,16.601043701171875,16.619257926940918,16.63493995666504,0.7168001374889883,0.986530535458424,0.986530535458424,0.9784359931945801,0.9834336638450623,0.9877541065216064,0.9909385144710541,0.99299476146698,0.0062177900494563435,0.09749931568791989,-0.04747621944416283,-0.1893141984939575,-0.12291307747364044,-0.04937569051980972,0.024561922997236252,0.09605331122875224,0.11224171550768247,2.395286175452927,2.395286175452927,1.9535195589065553,2.115135073661804,2.3475100994110107,2.6310606002807617,2.919456768035889,0.3948070420379934,0.14971073317959388,0.14971073317959388,0.12209908962249756,0.13219968229532242,0.1467285305261612,0.16444669663906097,0.18247597217559813,0.02467684688942372,0.9111396109476041,0.9111396109476041,0.8247059345245361,0.8770305514335632,0.9242126941680908,0.9601749181747437,0.9809141993522644,0.0643896035863704,Toys,0.15522418916225433,1,0.12966005504131317,0.07302826552540555,0.04651951122372298,-0.05330339074134827,-0.010623276233673096,0.04176187887787819,0.09792714193463326,0.15412482023239135,0.08139918410763207,1.362585531026449,1.362585531026449,1.2683249950408935,1.3134475946426392,1.3631588220596313,1.4110501408576965,1.4564228773117065,0.0733543226832263,0.16369477956344047,0.16369477956344047,0.12053263783454896,0.13734067976474762,0.15999221801757812,0.1862725093960762,0.21310803890228275,0.03769083165829616,visual,5.149881527825692,5.149881527825692,3.547231912612915,4.200462341308594,4.9945549964904785,5.947448492050171,6.763108730316163,1.5643474852189512,0.46138935882764004,0.46138935882764004,0.3164930701255798,0.3760337382555008,0.447621613740921,0.5330283641815186,0.6079737067222596,0.14098036908629208,43
15.797512412339081,15.797512412339081,16.534883880615233,16.562899589538574,16.584732055664062,16.602845191955566,16.61875190734863,3.224887653600396,0.9853005127821547,0.9853005127821547,0.9754369258880615,0.9815225601196289,0.9869762063026428,0.9905925691127777,0.9926578879356385,0.007134810059956688,0.09893820306335044,-0.023640907270087712,-0.17511387169361115,-0.1061362773180008,-0.028903454542160034,0.051953984424471855,0.13483812808990492,0.12219645821871045,2.337054925007639,2.337054925007639,1.8844452381134034,2.105143666267395,2.362332582473755,2.6698352098464966,2.9856361865997316,0.6302577223272401,0.14607234144086406,0.14607234144086406,0.11778027266263962,0.13158005475997925,0.14765197038650513,0.1668757051229477,0.18661184012889862,0.039393085364770535,0.989423837835128,0.989423837835128,0.9788526058197021,0.9858138263225555,0.9914252161979675,0.9952551424503326,0.9979633808135986,0.009025416243747557,Toys,0.15522418916225433,2,0.12966005504131317,0.07196488853916504,0.04464136627506677,-0.05483239814639091,-0.012610826641321182,0.039282143115997314,0.09520718827843666,0.15433060526847844,0.08146191773616641,1.3635105828900187,1.3635105828900187,1.2689746141433715,1.3142948150634766,1.36406672000885,1.4119184017181396,1.4574855327606202,0.0734744070219947,0.17075486978897153,0.17075486978897153,0.12361359596252441,0.1399165540933609,0.16480550169944763,0.1969185620546341,0.22812815904617312,0.04113161619593459,visual,1.3215722517903499,1.3215722517903499,0.7710177898406982,1.060727298259735,1.323552131652832,1.5768083333969116,1.8513592243194585,0.6151285171348938,0.15984379335865104,0.15984379335865104,0.07882363200187684,0.11675887554883957,0.15726052224636078,0.20074766874313354,0.24418930411338824,0.07616073985173975,43
15.663715518298904,15.663715518298904,16.34719886779785,16.47550678253174,16.522735595703125,16.553773880004883,16.576104736328126,3.3915023024644255,0.9836546892876727,0.9836546892876727,0.9712727308273316,0.9791664183139801,0.9858561158180237,0.9902783334255219,0.992621922492981,0.008923904899000197,0.11062786693322038,-0.068923770717493,-0.21790727078914643,-0.14688637852668762,-0.07218171656131744,0.005752613767981529,0.0792360067367554,0.11884004193893645,2.372626988775623,2.372626988775623,1.8906513690948485,2.128908395767212,2.4094438552856445,2.732931137084961,3.063156509399414,0.6677911049513239,0.14829695743507398,0.14829695743507398,0.11816951930522919,0.1330627202987671,0.1505955159664154,0.17081809043884277,0.19146474897861482,0.04173965048272974,0.9982444341558856,0.9982444341558856,0.9964098930358887,0.9976376295089722,0.9985870122909546,0.9992090165615082,0.999664556980133,0.0014286340414049001,Toys,0.15522418916225433,3,0.12966005504131317,0.07121714313010954,0.043045816404428165,-0.05584665238857269,-0.014580808114260435,0.03687620535492897,0.09247919544577599,0.15369436442852022,0.08148605897410705,1.3644430360347068,1.3644430360347068,1.27003014087677,1.3151795268058777,1.3648759126663208,1.4131388068199158,1.4587041139602661,0.0735549376487246,0.17909775684063606,0.17909775684063606,0.12379720956087112,0.1422717422246933,0.17182713747024536,0.20960023999214172,0.24727192521095281,0.04868474682171698,visual,0.5676906535092198,0.5676906535092198,0.29959858655929567,0.43624168634414673,0.5639069676399231,0.7038914859294891,0.8314621925354007,0.2863057727383585,0.07240825425766421,0.07240825425766421,0.03076462522149086,0.049313876777887344,0.06926658004522324,0.09393622353672981,0.1214404106140137,0.03694047401723309,43
16.12357059396258,16.12357059396258,16.106391525268556,16.12090492248535,16.137067794799805,16.153087615966797,16.1685302734375,0.44993591390685644,0.9928029897305722,0.9928029897305722,0.9885037660598754,0.9910689294338226,0.9934065341949463,0.9951215982437134,0.996279513835907,0.003282096078052972,0.06227688870727332,-0.026055596781895465,-0.12001145333051681,-0.0761694423854351,-0.026362720876932144,0.02231828309595585,0.06896708458662036,0.07344237818694975,1.5927910973196415,1.5927910973196415,1.3955426931381225,1.4770292043685913,1.5835340023040771,1.698834776878357,1.8071006536483767,0.16517310007199493,0.09955275780379294,0.09955275780379294,0.08722485601902008,0.09231830388307571,0.09897369146347046,0.10618043318390846,0.11294647455215455,0.010323778212538423,0.9325118324842451,0.9325118324842451,0.8587219834327697,0.906139075756073,0.9453514814376831,0.9734207689762115,0.98888738155365,0.054463746004972266,Toys,0.13132375478744507,1,0.09559614211320877,0.05365177821566552,-0.011044165029012272,-0.0947081983089447,-0.05780787579715252,-0.012598849833011627,0.03398544900119305,0.07394887506961823,0.06516867095299313,0.9829449498097543,0.9829449498097543,0.88650563955307,0.922615647315979,0.9769635200500488,1.0388190746307373,1.0887099981307984,0.07725743291681533,0.1178047656533215,0.1178047656533215,0.08662398755550385,0.09919040650129318,0.11554273962974548,0.13470329344272614,0.1531609445810318,0.02709249939797363,text,4.4762388283799766,4.4762388283799766,2.839507484436035,3.5794403553009033,4.345947742462158,5.234163045883179,6.110355663299561,1.6215062213601283,0.4162582085499369,0.4162582085499369,0.2648907244205475,0.3343086242675781,0.40293166041374207,0.48629797995090485,0.5657630801200867,0.15068183038971814,44
15.275878495329328,15.275878495329328,16.06627197265625,16.096590042114258,16.116893768310547,16.13587474822998,16.151897048950197,3.4042926638113298,0.9923701676230235,0.9923701676230235,0.987312400341034,0.9904029369354248,0.9932141304016113,0.9950202703475952,0.9961439371109009,0.0036145800899456855,0.06139782778495159,-0.010738778906781203,-0.10812967568635941,-0.06297380104660988,-0.01122700423002243,0.039610521867871284,0.08670955449342736,0.07618940833714856,1.5221961194337923,1.5221961194337923,1.3590595483779908,1.466585099697113,1.5783213376998901,1.702252984046936,1.81916241645813,0.375095672024911,0.09514087860605229,0.09514087860605229,0.08494430780410767,0.09166421368718147,0.09864920377731323,0.10639655217528343,0.11370184570550919,0.023444387659038796,0.9922126518093062,0.9922126518093062,0.9838339924812317,0.9896346926689148,0.9939297437667847,0.9968580007553101,0.9987711191177369,0.007053412912438425,Toys,0.13132375478744507,2,0.09559614211320877,0.05322619710542513,-0.013167760983048947,-0.0958712100982666,-0.05978163331747055,-0.014326907694339752,0.030786490999162197,0.07045280635356918,0.06433490157357986,0.9831932901788892,0.9831932901788892,0.8871228337287903,0.9229530096054077,0.9767277240753174,1.0388392806053162,1.088771438598633,0.07709594925089633,0.12111486443922583,0.12111486443922583,0.08816214948892594,0.10021468997001648,0.11712471395730972,0.13965506851673126,0.16097039580345154,0.028681494360709447,text,1.1756440111022857,1.1756440111022857,0.6215171456336975,0.8959246575832367,1.1507080793380737,1.4225727319717407,1.7345685482025146,0.6033377236628699,0.14162719714229846,0.14162719714229846,0.06484328955411911,0.09950581565499306,0.13716749846935272,0.17882715910673141,0.2225443661212921,0.07282195252765954,44
15.24200132382963,15.24200132382963,15.804733085632325,15.984829902648926,16.04633140563965,16.08182716369629,16.106037139892578,3.1193397265330893,0.9916187026069256,0.9916187026069256,0.9853590130805969,0.9893297553062439,0.9927277565002441,0.9949182569980621,0.9961356520652771,0.004465643561039112,0.06297247896916439,-0.029642193182602194,-0.12052225470542907,-0.0792064256966114,-0.031547561287879944,0.017889746464788914,0.0639420792460442,0.07239028316085408,1.5222162073688938,1.5222162073688938,1.3491511344909668,1.4611146450042725,1.5746023654937744,1.6952184438705444,1.8130177021026614,0.35094597997784815,0.09514261681961177,0.09514261681961177,0.08432438373565673,0.09132267534732819,0.09841647744178772,0.1059575192630291,0.11331738531589511,0.02193513583941156,0.9986464552788321,0.9986464552788321,0.9971682071685791,0.9981839656829834,0.9989534020423889,0.9994581639766693,0.9997747898101806,0.0012009071938958796,Toys,0.13132375478744507,3,0.09559614211320877,0.053082294357240434,-0.014424878843209123,-0.09666134417057037,-0.06096677482128143,-0.015460366383194923,0.028749664314091206,0.06854975223541261,0.06394677888838685,0.9832457088133827,0.9832457088133827,0.8873952865600586,0.9231173694133759,0.9767591953277588,1.0387763381004333,1.0887031078338623,0.07694656703240402,0.1261642443337038,0.1261642443337038,0.08826959431171418,0.1012658067047596,0.12134721875190735,0.14717961102724075,0.17298946082592012,0.033548989207560234,text,0.5169582819425662,0.5169582819425662,0.253908771276474,0.3804861456155777,0.5071271061897278,0.645066499710083,0.770937728881836,0.28006695598891707,0.06461384140252101,0.06461384140252101,0.026095732301473617,0.04263448156416416,0.061479393392801285,0.08451682701706886,0.10966133773326875,0.03390724185712625,44
16.22138364102694,16.22138364102694,16.21541519165039,16.23427677154541,16.252958297729492,16.270730018615723,16.286435317993163,0.7018673544022648,0.989256435953842,0.989256435953842,0.9822571635246277,0.9866801798343658,0.990399956703186,0.9930675327777863,0.9947297215461731,0.005345030173190049,0.08086965436558122,-0.03840412750984082,-0.15897785425186156,-0.10065562650561333,-0.03921943157911301,0.023703493177890778,0.07920935451984407,0.0937597632568133,1.6266557774900505,1.6266557774900505,1.386015486717224,1.4736852645874023,1.596146821975708,1.7493200302124023,1.9173700571060184,0.2246193354087129,0.10166947271558822,0.10166947271558822,0.08662761896848678,0.09210848435759544,0.09976273030042648,0.10933618620038033,0.11984275132417681,0.014039581980656357,0.9179608287155182,0.9179608287155182,0.8350249528884888,0.8870870471000671,0.9320214986801147,0.9644333124160767,0.9829729199409485,0.06212842853500705,Toys,0.12695494294166565,1,0.1158251166343689,0.0819776658316796,0.051448580779635426,-0.062202516943216324,-0.010106129106134176,0.0536343976855278,0.11455969512462616,0.1632666140794754,0.08624834642010386,1.2203221839791654,1.2203221839791654,1.1257677316665649,1.1667203307151794,1.219095230102539,1.27339506149292,1.3175487995147706,0.07417096674074079,0.14534228327417467,0.14534228327417467,0.10472210794687271,0.12005384638905525,0.14137320220470428,0.1666027382016182,0.1921366184949875,0.03540499512523606,visual,4.993300736636146,4.993300736636146,3.3611758232116697,4.031951665878296,4.81318998336792,5.776083469390869,6.668822479248047,1.5972567934036925,0.44761067210284633,0.44761067210284633,0.3003635466098785,0.3607369214296341,0.4317803382873535,0.5182579159736633,0.597479331493378,0.14343487639866798,44
15.38379485994275,15.38379485994275,16.18134307861328,16.21217441558838,16.234479904174805,16.25437068939209,16.270634841918945,3.449040473680354,0.9883140001558515,0.9883140001558515,0.980102813243866,0.98521888256073,0.9898332357406616,0.9928202927112579,0.9944842338562012,0.006068335173149597,0.0808455229001302,-0.022499260165343635,-0.14702525734901428,-0.0887058861553669,-0.02499002031981945,0.040075989440083504,0.10615861117839827,0.0993540566646649,1.5667592129990724,1.5667592129990724,1.3500293970108033,1.465610921382904,1.6004395484924316,1.7646613717079163,1.94843761920929,0.41623948189722426,0.0979265231961279,0.0979265231961279,0.08437958359718323,0.09160507097840309,0.10003508627414703,0.11029379814863205,0.1217814072966576,0.026016208635064163,0.9901669544222045,0.9901669544222045,0.9801469922065735,0.9868879914283752,0.992211103439331,0.9958347380161285,0.9982531785964965,0.00889293517315321,Toys,0.12695494294166565,2,0.1158251166343689,0.08112260003916323,0.04876661929371109,-0.06518644839525223,-0.014422549400478601,0.050121378153562546,0.11243922263383865,0.16207369863986973,0.08660596255524408,1.221793561875748,1.221793561875748,1.1266732215881348,1.1677605509757996,1.2206199169158936,1.2756909132003784,1.3196307182312013,0.07459096327186898,0.15128787276403688,0.15128787276403688,0.10706795901060104,0.12212536484003067,0.14556877315044403,0.17584428191184998,0.2043865978717804,0.038457550476542486,visual,1.2927972363975175,1.2927972363975175,0.7305365800857544,1.0207350850105286,1.2886035442352295,1.5538379549980164,1.8364030361175538,0.6222477840161313,0.1549078044575496,0.1549078044575496,0.0741232916712761,0.11088288947939873,0.15122760832309723,0.19561266899108887,0.2402151316404343,0.07640904659066297,44
15.284285760686561,15.284285760686561,15.98036594390869,16.121052742004395,16.17390251159668,16.2075138092041,16.23154182434082,3.4838790357869027,0.9869904096848321,0.9869904096848321,0.9766257286071778,0.9832972884178162,0.9889770746231079,0.9926371872425079,0.994470751285553,0.007561716123010264,0.08875161394734303,-0.05536343770877506,-0.177887424826622,-0.11809070408344269,-0.05665811896324158,0.0053162118420004845,0.06427094936370852,0.09564845692480527,1.5867473126126497,1.5867473126126497,1.3498335838317872,1.4785861372947693,1.621609091758728,1.7910815477371216,1.983970880508423,0.4320805297640741,0.0991765910487698,0.0991765910487698,0.0843672901391983,0.09241637960076332,0.10135368257761002,0.11194809898734093,0.12400216609239578,0.027006673289323505,0.998319797041797,0.998319797041797,0.9964802265167236,0.9977586269378662,0.9986875653266907,0.9992847144603729,0.9997034788131713,0.0014417275831673832,Toys,0.12695494294166565,3,0.1158251166343689,0.08050576162786209,0.04647602599917921,-0.06855389475822449,-0.01713684294372797,0.0478881374001503,0.11051277816295624,0.16080141663551334,0.08704577220552795,1.2225108494214834,1.2225108494214834,1.127107286453247,1.1683825254440308,1.2213003635406494,1.276384174823761,1.3202152252197266,0.07472497193201726,0.1585990483397143,0.1585990483397143,0.1071862205862999,0.12378930673003197,0.15144991874694824,0.18704266846179962,0.22179579436779023,0.04526293362322613,visual,0.5624323035684246,0.5624323035684246,0.288939905166626,0.42767614126205444,0.5573984384536743,0.7002852261066437,0.8320518136024476,0.2908435758406294,0.07091190346402304,0.07091190346402304,0.02885711081326008,0.047405906021595,0.06764878332614899,0.09251154214143753,0.12005234360694896,0.037137274926389165,44
16.490264157521665,16.490264157521665,16.43995933532715,16.46367120742798,16.490010261535645,16.5175838470459,16.542528343200683,0.04305707317814382,0.9808308154648272,0.9808308154648272,0.9666087388992309,0.9755984991788864,0.9832210838794708,0.9885652363300323,0.9918513536453247,0.010753072745207067,0.08393422623182925,-0.026579454497371636,-0.15474247783422468,-0.09770154766738415,-0.028788194060325623,0.042591365054249763,0.10467748865485192,0.09983411306721152,2.7621459465011773,2.7621459465011773,2.170677900314331,2.3736878633499146,2.659143567085266,3.045696496963501,3.528701710700989,0.5361514915240805,0.17264189402528846,0.17264189402528846,0.13567693084478377,0.14836212247610092,0.16620931029319763,0.19036346673965454,0.2205501660704613,0.03351127192000416,0.9270854577975459,0.9270854577975459,0.8402097404003144,0.8938561230897903,0.9416355192661285,0.9757547974586487,0.9926135838031769,0.06158575413720469,Grocery,0.16262021660804749,1,0.12261464446783066,0.06279277935984483,0.036054888887913604,-0.05438074693083763,-0.008377194870263338,0.038110241293907166,0.08260289952158928,0.12250749990344048,0.06871776811989046,1.4373763643132729,1.4373763643132729,1.2414437413215638,1.304865539073944,1.4014388918876648,1.548916906118393,1.7001006960868836,0.17535000686025132,0.1941649221249088,0.1941649221249088,0.1292036920785904,0.15356022492051125,0.1872199922800064,0.22809089720249176,0.2699219882488251,0.056711165620636876,text,4.949954140247576,4.949954140247576,3.3031925439834597,4.023064494132996,4.845829486846924,5.732178330421448,6.460865688323975,1.817231926569578,0.4622296779352137,0.4622296779352137,0.3061332494020462,0.3752290606498718,0.45100022852420807,0.5357037484645844,0.6057588875293732,0.1711831252737951,42
16.009391965747536,16.009391965747536,16.3761848449707,16.419809341430664,16.45585536956787,16.48724365234375,16.515128135681152,2.400808872954605,0.9793141671655272,0.9793141671655272,0.9638328313827514,0.9728375524282455,0.9818398952484131,0.9880219101905823,0.9914320528507232,0.011429582565945427,0.08786373989035913,-0.00491040075391646,-0.14518745243549347,-0.08293712697923183,-0.00589556060731411,0.0730409324169159,0.13639821559190754,0.10749488015260658,2.7634282724121717,2.7634282724121717,2.139465856552124,2.376822769641876,2.70307993888855,3.1359711289405823,3.6742375373840335,0.7138276564207544,0.17272377590559865,0.17272377590559865,0.13372432440519333,0.14856050163507462,0.16895616799592972,0.19600632786750793,0.22964922189712528,0.04461691700730129,0.9887638749004709,0.9887638749004709,0.9763772249221802,0.9866284132003784,0.9926251471042633,0.9960630238056183,0.9981356024742126,0.01335045126613519,Grocery,0.16262021660804749,2,0.12261464446783066,0.05810526968337927,0.027431026550539327,-0.060052719339728354,-0.015767162200063467,0.029514137655496597,0.07267053239047527,0.11082946360111237,0.06669582618657133,1.4380779744967989,1.4380779744967989,1.2421359777450562,1.3053624629974365,1.4021219611167908,1.5499121844768524,1.7020018935203551,0.17563192487204385,0.20160244364381757,0.20160244364381757,0.1324278712272644,0.15719610080122948,0.19448015838861465,0.24003008008003235,0.28122014105319976,0.05850496036938215,text,1.2785556229893102,1.2785556229893102,0.7570270836353302,0.9798904955387115,1.2147653102874756,1.495340645313263,1.8043712615966798,0.7184717792048633,0.17452798690020815,0.17452798690020815,0.08482609763741493,0.11800886690616608,0.15954619646072388,0.21380528435111046,0.2654547452926636,0.10047183121188946,42
16.112009834014234,16.112009834014234,16.281154441833497,16.354853630065918,16.40696907043457,16.44710111618042,16.480928421020508,1.598023988439331,0.975842470727984,0.975842470727984,0.9546819031238556,0.9672874957323074,0.9795792102813721,0.9873455464839935,0.9912956595420838,0.01478930172455515,0.09113965066972061,-0.03630681382895827,-0.17316713780164716,-0.11196456849575043,-0.039016783237457275,0.038191067054867744,0.10437654703855515,0.1056447386645207,2.8228452615335162,2.8228452615335162,2.1695255279541015,2.4205861687660217,2.7434253692626953,3.1763088703155518,3.6973740100860595,0.6509916647985794,0.1764398322285527,0.1764398322285527,0.13560690581798554,0.15130303800106049,0.1714736893773079,0.19853095710277557,0.2311088174581528,0.04069021113697139,0.9984804629804771,0.9984804629804771,0.9970490097999573,0.997973620891571,0.9987242519855499,0.9992548674345016,0.9996182560920716,0.0011185532446996325,Grocery,0.16262021660804749,3,0.12261464446783066,0.05607389661355447,0.0222993375229842,-0.06415497586131096,-0.02105430467054248,0.024479078128933907,0.06724321469664574,0.10474029406905176,0.06594567662313662,1.43843957088138,1.43843957088138,1.2425728559494018,1.305863857269287,1.4026127457618713,1.5498137474060059,1.7024559140205384,0.17552347885653063,0.21654969474419217,0.21654969474419217,0.1334209144115448,0.16157612204551697,0.206320658326149,0.26469504088163376,0.3156519174575806,0.07087105871175262,text,0.5972474502226485,0.5972474502226485,0.3432567983865738,0.4432646483182907,0.5607944428920746,0.7268111258745193,0.890082836151123,0.33717292563831336,0.08428519057857972,0.08428519057857972,0.040089654922485354,0.055891542695462704,0.07635241001844406,0.1085093542933464,0.14736788868904116,0.04212980706961781,42
16.63749471754822,16.63749471754822,16.617667770385744,16.642529487609863,16.66874408721924,16.694515705108643,16.716254234313965,0.7103164034991282,0.9775078997122427,0.9775078997122427,0.9589258313179017,0.9729990214109421,0.9817921221256256,0.9878018200397491,0.9915063738822937,0.016914148623659073,0.10293553594446617,-0.05887655710312993,-0.20017016828060147,-0.13665485009551048,-0.06356276944279671,0.013344003586098552,0.0862782403826715,0.11186048020775159,3.0207006898991735,3.0207006898991735,2.4450233936309815,2.6634032130241394,2.96295428276062,3.3178380727767944,3.692624068260193,0.5067251042875376,0.18880542309020684,0.18880542309020684,0.15281883925199508,0.16647468879818916,0.18519793450832367,0.20737581700086594,0.23080198764801027,0.0316745534682632,0.901580440843777,0.901580440843777,0.7909583985805512,0.8547199070453644,0.9198354184627533,0.9663449823856354,0.98888099193573,0.08022929220620162,Grocery,0.1844584047794342,1,0.12882772088050842,0.0920615369603333,-0.04660051547120991,-0.18618654906749724,-0.12156322598457336,-0.044943979009985924,0.027995894197374582,0.08767533600330353,0.10373300268395257,1.3921616196813915,1.3921616196813915,1.264805543422699,1.3244627714157104,1.3859348893165588,1.4556474089622498,1.5262815356254578,0.10027715045055326,0.20375197468786085,0.20375197468786085,0.13148943185806275,0.157717265188694,0.19328981637954712,0.23523801937699318,0.2906431883573532,0.0684028163755586,visual,5.37564260529942,5.37564260529942,3.506703495979309,4.312066674232483,5.312596797943115,6.324904799461365,7.091428565979004,1.8457070120160286,0.5140251746525923,0.5140251746525923,0.34852820038795473,0.41517429798841476,0.5083904564380646,0.5917589664459229,0.6611663937568666,0.17575816622621535,42
16.23159754670274,16.23159754670274,16.594958305358887,16.624302864074707,16.650712966918945,16.676002502441406,16.697730445861815,2.2981677258092423,0.9754923279410826,0.9754923279410826,0.9559534668922425,0.9682991355657578,0.9792925715446472,0.9866350889205933,0.9908969283103943,0.01566821239245711,0.10464995744844753,-0.03851062558613443,-0.1969686225056648,-0.1257932074368,-0.04313880018889904,0.04109560325741768,0.12655658572912218,0.12328283866378097,3.0160941579439142,3.0160941579439142,2.426252841949463,2.687090516090393,3.012398600578308,3.393583834171295,3.766878485679627,0.6611995614745373,0.18852140521306435,0.18852140521306435,0.15165601223707198,0.16795237362384796,0.1882907673716545,0.2121085822582245,0.23546124547719954,0.04132951428873895,0.9839775607354666,0.9839775607354666,0.9663071036338806,0.9803670644760132,0.9889675378799438,0.9941742420196533,0.9972490251064301,0.01726762391109127,Grocery,0.1844584047794342,2,0.12882772088050842,0.09560316137865202,-0.05828769047929157,-0.19379380345344543,-0.1330617144703865,-0.05844041332602501,0.015054407063871622,0.07465363666415217,0.10242686475926327,1.3952775550234915,1.3952775550234915,1.2682284474372865,1.327427476644516,1.3889160752296448,1.4597145318984985,1.5310871958732606,0.10051776966143895,0.21407105483152247,0.21407105483152247,0.136072938144207,0.16533103585243225,0.20531783252954483,0.2557183653116226,0.3012863636016846,0.06631369956100555,visual,1.3974671088687511,1.3974671088687511,0.8609856963157654,1.101210504770279,1.3573707342147827,1.6460351049900055,1.9412437438964847,0.7052729316077663,0.20414355112756283,0.20414355112756283,0.10224404633045198,0.1414017453789711,0.1900954693555832,0.25077902525663376,0.30506973564624784,0.11137339217042373,42
16.12887167406959,16.12887167406959,16.44922924041748,16.528252124786377,16.581478118896484,16.621657371520996,16.652582550048827,2.3607068731162313,0.9709141586240762,0.9709141586240762,0.9435373246669769,0.9612083584070206,0.9765394628047943,0.9855369329452515,0.9906580984592438,0.020205903098068943,0.12811517508689063,-0.10377861216609469,-0.24358845204114912,-0.1841314435005188,-0.11063510924577713,-0.031447107903659344,0.04065421372652062,0.11200283644415582,3.1013931536775825,3.1013931536775825,2.4776536226272583,2.7679399251937866,3.112365484237671,3.501812994480133,3.873257112503052,0.6895091948998814,0.19385803446981403,0.19385803446981403,0.15486988425254822,0.17302042990922928,0.19454816728830338,0.21889201179146767,0.24209869056940078,0.04310126846530479,0.9980042089102795,0.9980042089102795,0.99605752825737,0.9972885549068451,0.9983454048633575,0.9990628510713577,0.9995250284671784,0.0014955790832788245,Grocery,0.1844584047794342,3,0.12882772088050842,0.0980943420812057,-0.06452770645926455,-0.19791010618209837,-0.13960199803113937,-0.06606192886829376,0.008246859535574913,0.06868719607591632,0.10179757012588123,1.3970987587046593,1.3970987587046593,1.2699187397956848,1.329147845506668,1.3906280994415283,1.4613765180110931,1.5334144830703735,0.10096950040516837,0.23145670028196344,0.23145670028196344,0.13781707733869553,0.1717543713748455,0.21856234967708588,0.2831670790910721,0.3423898607492447,0.08000495657974964,visual,0.606650151435665,0.606650151435665,0.33830022513866426,0.44705458730459213,0.5736995935440063,0.7472486793994904,0.9153669238090515,0.3323511928716629,0.09269880875505822,0.09269880875505822,0.04439410120248795,0.062153877690434456,0.08418338373303413,0.1195336114615202,0.1631851151585579,0.045831175611942894,42
16.362434925205804,16.362434925205804,16.308828926086427,16.337350845336914,16.36548900604248,16.390771865844727,16.412645149230958,0.04373552131985559,0.9884305186652601,0.9884305186652601,0.9806215107440949,0.9855032712221146,0.9896416962146759,0.9928397834300995,0.9947794318199158,0.006236331720197508,0.07354441795187792,-0.029522624469730224,-0.13431340157985688,-0.08942213654518127,-0.035572078078985214,0.025405306834727526,0.08442783951759343,0.08513556053967265,2.3924984409000047,2.3924984409000047,1.8246922373771668,2.012255072593689,2.3023380041122437,2.686302661895752,3.0862768173217776,0.49902396408842237,0.14953685717353277,0.14953685717353277,0.11404629722237587,0.12576979398727417,0.1439022496342659,0.16789927706122398,0.19290139824151994,0.03119079066366129,0.9355422165098634,0.9355422165098634,0.8601855993270874,0.9058592915534973,0.9480291604995728,0.9785922467708588,0.9933798968791961,0.054256502662697784,Grocery,0.14878876507282257,1,0.10345543175935745,0.06653560263156992,0.04034649345131858,-0.052621488645672794,-0.009711926570162177,0.040490493178367615,0.09067654050886631,0.13319628983736043,0.07163947220562594,1.1829238499517922,1.1829238499517922,1.0678686380386353,1.114136278629303,1.1758959293365479,1.2450490891933441,1.3099149227142335,0.0934456568912887,0.1500370124947549,0.1500370124947549,0.10325433760881424,0.12131057493388653,0.14626146107912064,0.1741778701543808,0.20265820771455764,0.04127982158022511,text,4.9970362312708625,4.9970362312708625,3.2934879064559937,4.049631834030151,4.845968961715698,5.783608555793762,6.525971937179565,1.9338119209638132,0.4457691274098969,0.4457691274098969,0.2933110028505325,0.36063793301582336,0.43178749084472656,0.515964075922966,0.5828250765800477,0.17315005149270163,43
15.845643436328698,15.845643436328698,16.24444637298584,16.28255319595337,16.32347583770752,16.359018325805664,16.38544921875,2.515879619822112,0.987754090993818,0.987754090993818,0.9790433883666992,0.9838241636753082,0.9890724718570709,0.992585614323616,0.9945659339427948,0.0062312394615305165,0.0817075688019373,0.00466008689978351,-0.12266261726617814,-0.06995763443410397,0.0013487325049936771,0.0781656801700592,0.13539385050535208,0.09890151732236217,2.3920541852258808,2.3920541852258808,1.7924474239349366,2.005078673362732,2.316645383834839,2.7607158422470093,3.25989785194397,0.6833317558581211,0.14950995160022063,0.14950995160022063,0.11203313618898392,0.12532058358192444,0.14479851722717285,0.1725536808371544,0.20375104993581775,0.042710355056526664,0.9901035883233407,0.9901035883233407,0.9793067514896393,0.9885133057832718,0.9936183393001556,0.9966017007827759,0.9983961999416351,0.01215232407806498,Grocery,0.14878876507282257,2,0.10345543175935745,0.06172805571318466,0.03160169519507716,-0.058636428415775294,-0.01657001208513975,0.031615130603313446,0.081419937312603,0.12182024940848352,0.06956867192228221,1.1835064651348335,1.1835064651348335,1.0684683680534364,1.114830642938614,1.176187813282013,1.245762199163437,1.310595726966858,0.09343487794193024,0.15444202536152613,0.15444202536152613,0.10530702471733093,0.12311682291328907,0.1503930762410164,0.18373258784413338,0.2108687832951546,0.041075806817641516,text,1.3007978280685721,1.3007978280685721,0.7492604911327362,0.9729205667972565,1.2216582894325256,1.5216293334960938,1.8668799638748168,0.773061318892736,0.16706229803683684,0.16706229803683684,0.07930887490510942,0.11039675958454609,0.1509193778038025,0.2036120854318142,0.25559074878692634,0.10167686241039817,43
15.958362120504441,15.958362120504441,16.13948974609375,16.222659587860107,16.281198501586914,16.326486110687256,16.360890007019044,1.6958283808504042,0.985787821535876,0.985787821535876,0.9736382067203522,0.9807321578264236,0.9878532588481903,0.9921818971633911,0.9945356905460357,0.008192883006785293,0.08002425605333889,-0.03809634271971061,-0.14268335849046707,-0.10186556912958622,-0.04770170524716377,0.017697112634778023,0.08553792163729669,0.08826566705184644,2.441638778700955,2.441638778700955,1.8124794602394103,2.0343833565711975,2.3442338705062866,2.777024030685425,3.2795568466186524,0.6520095571070169,0.15261065494656412,0.15261065494656412,0.11328406780958175,0.12715322151780128,0.1465219333767891,0.17356986179947853,0.20497683733701708,0.040753979643674956,0.9987426924596587,0.9987426924596587,0.9975509405136108,0.9983160197734833,0.9989432394504547,0.9993804097175598,0.9996851325035095,0.0009222602048659538,Grocery,0.14878876507282257,3,0.10345543175935745,0.05955452236312645,0.026786700356560767,-0.06196714863181114,-0.020533650647848845,0.027048361487686634,0.07569650001823902,0.11641467958688738,0.06877171848960367,1.1836594106044538,1.1836594106044538,1.0685945391654967,1.114977777004242,1.1764686703681946,1.2457542419433594,1.310686755180359,0.09338917605332436,0.1650976824033183,0.1650976824033183,0.10565457046031952,0.12634487077593803,0.15858697891235352,0.20066788420081139,0.23699955940246584,0.05023336424636109,text,0.5984830387582649,0.5984830387582649,0.3325272083282471,0.43344201892614365,0.5557998418807983,0.730527326464653,0.9003185212612153,0.360690154939105,0.07865136059069426,0.07865136059069426,0.03645901754498482,0.05090368818491697,0.07061193883419037,0.10135744698345661,0.1394249483942986,0.0407812084833007,43
16.37310281858857,16.37310281858857,16.362669944763184,16.38214635848999,16.40376377105713,16.42469358444214,16.443284034729004,0.6989949073392979,0.9818478954910771,0.9818478954910771,0.9675289988517761,0.9777729213237762,0.9847236573696136,0.9895558804273605,0.9926599562168121,0.011847851238646968,0.11328945920387119,-0.07134147284954352,-0.21335540115833282,-0.15206412598490715,-0.08051033318042755,0.002424130099825561,0.08492874577641489,0.11688082438291217,2.235481637227188,2.235481637227188,1.8733022212982178,2.0125669836997986,2.2037863731384277,2.4323408007621765,2.6530808448791503,0.31726686904425877,0.1397253242204788,0.1397253242204788,0.11708387285470963,0.12579534947872162,0.1377413645386696,0.15202705934643745,0.16582392156124115,0.01983159851638589,0.9026357127346786,0.9026357127346786,0.7916584372520447,0.8565833270549774,0.920433521270752,0.9665370136499405,0.9892212450504303,0.07898861944160311,Grocery,0.1562080830335617,1,0.11926533281803131,0.08359249480428498,0.015536878916751694,-0.12504943162202833,-0.05286351405084133,0.02227805182337761,0.087066400796175,0.14355673491954804,0.10148010457476225,1.3158609347431696,1.3158609347431696,1.207270097732544,1.2638924419879913,1.3196648359298706,1.372351348400116,1.4144341945648193,0.0816929747906367,0.18612388339510244,0.18612388339510244,0.12328365743160248,0.1472082920372486,0.17851009219884872,0.21512027457356453,0.26052134931087495,0.05679969439727825,visual,5.506843068020119,5.506843068020119,3.6533488750457765,4.4540568590164185,5.435796022415161,6.426707863807678,7.208544301986694,1.873275992563697,0.5110123347115019,0.5110123347115019,0.34785106480121614,0.41529425233602524,0.5065701007843018,0.5894443839788437,0.659689474105835,0.17153616973410787,43
15.921998759607067,15.921998759607067,16.34107074737549,16.365536212921143,16.387097358703613,16.40757703781128,16.425649070739745,2.471414695497243,0.980049868838994,0.980049868838994,0.9646214723587037,0.9737785756587982,0.9826672673225403,0.9885848015546799,0.9920583426952362,0.011401449487854803,0.11629285519150138,-0.04532005898371093,-0.2120892971754074,-0.14093070477247238,-0.05626758560538292,0.04311406519263983,0.1409637823700905,0.13378328353690522,2.212203527840285,2.212203527840285,1.8516717910766602,2.0196311473846436,2.2287516593933105,2.4690710306167603,2.699184346199036,0.4638364070396922,0.13827296472625905,0.13827296472625905,0.11573516502976418,0.12623270601034164,0.13930607587099075,0.154329601675272,0.16871367990970612,0.02899256571371943,0.9838008462991733,0.9838008462991733,0.9659697890281678,0.9803065657615662,0.9889229536056519,0.9941846132278442,0.9972698450088501,0.01793513144647733,Grocery,0.1562080830335617,2,0.11926533281803131,0.07999486633586353,0.006111685364820289,-0.12862078249454498,-0.06246464513242245,0.010850661899894476,0.07565192133188248,0.13113334476947786,0.09830839873175436,1.3190748485312942,1.3190748485312942,1.210392987728119,1.2673757374286652,1.323063611984253,1.3752074837684631,1.4173503518104553,0.08170393920006612,0.19601056410273113,0.19601056410273113,0.12836206555366517,0.1536506451666355,0.18959488719701767,0.23427970334887505,0.27233199775218964,0.05623696111721603,visual,1.4418330412333766,1.4418330412333766,0.8870487570762635,1.136741816997528,1.4008703231811523,1.6936783194541931,2.0029492378234863,0.7385070644578227,0.2048771202368376,0.2048771202368376,0.10241267085075378,0.14180461317300797,0.19063008576631546,0.2516285479068756,0.30473323464393615,0.11213151827830165,43
15.832420551103654,15.832420551103654,16.20971851348877,16.28283405303955,16.328798294067383,16.3609299659729,16.386830711364745,2.526417389908068,0.9762641403872528,0.9762641403872528,0.9544459760189057,0.9679706394672394,0.980313777923584,0.9877288043498993,0.9918587028980255,0.01501957916236517,0.14547221212424297,-0.12177316362295686,-0.2679274708032608,-0.20456168428063393,-0.1318741887807846,-0.05000134091824293,0.036255522444844306,0.11884319219430844,2.258815319897864,2.258815319897864,1.881731140613556,2.0651533007621765,2.284527897834778,2.5330967903137207,2.7457417726516726,0.4810045393076181,0.14118965290172844,0.14118965290172844,0.11761704981327056,0.1290823146700859,0.14279970526695251,0.15834201127290726,0.17162422984838485,0.03006673877212718,0.9979711911313021,0.9979711911313021,0.9959772825241089,0.9972564429044724,0.9983118772506714,0.9990359395742416,0.9995100557804107,0.0015149745210275766,Grocery,0.1562080830335617,3,0.11926533281803131,0.07848913384100276,0.0008526997233691239,-0.13132385611534117,-0.06753561832010746,0.005019536940380931,0.06891973130404949,0.12446814998984337,0.09689041913540884,1.3205402097392587,1.3205402097392587,1.212365746498108,1.2692866325378418,1.324268102645874,1.3762321770191193,1.4182066202163697,0.08150608669878322,0.21222494741474332,0.21222494741474332,0.1298491969704628,0.1592288576066494,0.2020159363746643,0.26016418635845184,0.31133466958999634,0.0689888867273199,visual,0.629926340572002,0.629926340572002,0.355000239610672,0.4644823223352432,0.5974613726139069,0.7775335013866425,0.9431071162223816,0.34923651510676657,0.09385229515168089,0.09385229515168089,0.04475484602153302,0.06226685456931591,0.08507121726870537,0.12160627730190754,0.1655502513051033,0.04683972533944261,43
16.56806161904399,16.56806161904399,16.49600429534912,16.53227472305298,16.57033348083496,16.60645294189453,16.63817253112793,0.05818092697863882,0.980975855415482,0.980975855415482,0.9673869550228119,0.9758801162242889,0.9830867052078247,0.9884461015462875,0.9917133450508118,0.010331103578835196,0.0763742753420561,-0.03227656995790895,-0.14699389636516572,-0.09224278293550014,-0.03298552148044109,0.02617549104616046,0.08439567536115647,0.09046280615445296,3.0346820418974603,3.0346820418974603,2.314072918891907,2.553278088569641,2.9204769134521484,3.4178414344787598,3.9372817516326903,0.6368533072238542,0.18967602074083434,0.18967602074083434,0.14463209956884385,0.15958889946341515,0.18253890424966812,0.2136254906654358,0.24608991742134095,0.039805489156813534,0.9291671397459232,0.9291671397459232,0.8462330996990204,0.8962116688489914,0.9428405463695526,0.976429894566536,0.9926717102527618,0.059189574284093785,Grocery,0.16794638335704803,1,0.12196952104568481,0.06742090719179251,0.012434529242177183,-0.0926263928413391,-0.047421169467270374,0.009336033370345831,0.06817345879971981,0.12304911315441133,0.08313585278912998,1.4339900275813873,1.4339900275813873,1.2722243070602417,1.3309850692749023,1.4092952609062195,1.5124081075191498,1.6412896037101745,0.1424692829510043,0.19298385841497265,0.19298385841497265,0.12995757311582565,0.15418985858559608,0.18752339482307434,0.22638225927948952,0.2653237521648407,0.05485531084046748,text,4.902348858857094,4.902348858857094,3.267592692375183,3.987386405467987,4.786315202713013,5.669520854949951,6.407700777053833,1.8146164039274542,0.4574887563722225,0.4574887563722225,0.30403020679950715,0.3716004565358162,0.4471299946308136,0.5294242054224014,0.5991183996200562,0.16903451308807543,44
16.08707597897485,16.08707597897485,16.4035400390625,16.464616775512695,16.522286415100098,16.570252895355225,16.60855655670166,2.3539146527417247,0.9794840366259188,0.9794840366259188,0.9644008636474609,0.9734254628419876,0.9818347990512848,0.9879582673311234,0.9912773311138153,0.011117362838921082,0.07885480594317648,-0.008901391539042926,-0.13245425969362257,-0.07667440548539162,-0.011702387128025293,0.056530644185841084,0.11875985115766526,0.09809829200171238,3.0529865500096856,3.0529865500096856,2.278716468811035,2.561111807823181,2.953909397125244,3.510294497013092,4.143731498718262,0.8422172186861007,0.19082181201350454,0.19082181201350454,0.1424248605966568,0.1600780002772808,0.18462978303432465,0.21940087527036667,0.25899657011032107,0.0526417132741761,0.989471547802173,0.989471547802173,0.9779446065425873,0.9872737228870392,0.9929080605506897,0.9961921125650406,0.998193907737732,0.012030468676030122,Grocery,0.16794638335704803,2,0.12196952104568481,0.06466349662778953,0.003835900423516097,-0.0979797400534153,-0.05350510310381651,0.001162664033472538,0.05864783842116594,0.11021903827786449,0.07993351787439326,1.4355261020586672,1.4355261020586672,1.2726757764816283,1.3317473828792572,1.4101092219352722,1.514861285686493,1.6443341970443726,0.14361394985951856,0.20015366363031595,0.20015366363031595,0.13289307653903962,0.15719563513994217,0.1939009428024292,0.23731229454278946,0.27662457525730133,0.05687707115332666,text,1.256766349744535,1.256766349744535,0.7473651051521302,0.9615208506584167,1.1910802721977234,1.461668461561203,1.7869355082511906,0.7125454018524618,0.17034871343238764,0.17034871343238764,0.08356816992163658,0.1156277284026146,0.15643427520990372,0.2077925093472004,0.25932569801807404,0.09676977237627096,44
16.17445871529799,16.17445871529799,16.32237720489502,16.40796136856079,16.479778289794922,16.534574031829834,16.576662826538087,1.660221377286741,0.976188144650185,0.976188144650185,0.9561872899532318,0.9680960029363632,0.9796653091907501,0.9872651547193527,0.9912312090396881,0.014313762234101352,0.08129236868832787,-0.04625071296430331,-0.15832206457853318,-0.10579443909227848,-0.04859713837504387,0.010470133274793625,0.06909110099077226,0.0897357998353858,3.0847264765790703,3.0847264765790703,2.3102853536605834,2.585052013397217,2.9712036848068237,3.4961004853248596,4.137704277038575,0.7865556130604217,0.1928079485943923,0.1928079485943923,0.14439990371465683,0.161575336009264,0.18571800738573074,0.21852171421051025,0.25862273275852204,0.049163618498258684,0.9986158697746447,0.9986158697746447,0.9973253011703491,0.9981577396392822,0.9988263249397278,0.9993021786212921,0.9996435642242432,0.0010018385046663672,Grocery,0.16794638335704803,3,0.12196952104568481,0.06378700755166132,-0.0009722388748342887,-0.10090037882328033,-0.05742736719548702,-0.0038569048047065735,0.053309518843889236,0.10370780229568483,0.07880961810170374,1.4354313039536692,1.4354313039536692,1.2730594873428345,1.33138969540596,1.41014164686203,1.515264093875885,1.6436586737632752,0.1433098910633561,0.21434814947192227,0.21434814947192227,0.13359579145908357,0.16162344068288803,0.2050812765955925,0.2602337673306465,0.30933810472488404,0.06869542232437728,text,0.5813466876074196,0.5813466876074196,0.33338369727134703,0.4297310635447502,0.5451242923736572,0.7091533690690994,0.8679582059383393,0.33004253147436263,0.08127468424130667,0.08127468424130667,0.03920179158449173,0.05387365072965622,0.07359462976455688,0.10489699617028236,0.14166276454925542,0.04024562440859598,44
16.59171428165774,16.59171428165774,16.57489891052246,16.59697151184082,16.62185287475586,16.64682388305664,16.66971321105957,0.7073921494285328,0.9792893254060132,0.9792893254060132,0.962660938501358,0.9747007042169571,0.9827425479888916,0.9882655888795853,0.9918603301048279,0.014044873045587063,0.1195583532371412,-0.07474953267963652,-0.22729247212409973,-0.16035374253988266,-0.08199955523014069,0.0037642731331288815,0.08839665725827217,0.1252432906913813,2.8729842022648047,2.8729842022648047,2.310250449180603,2.5166887044906616,2.807626247406006,3.180699110031128,3.536379718780518,0.49544406940261276,0.17957206486156874,0.17957206486156874,0.14439994096755981,0.15730196610093117,0.17548316717147827,0.1988033875823021,0.2210336193442345,0.03096925088517458,0.9023636940461321,0.9023636940461321,0.790308678150177,0.8561073839664459,0.9207814037799835,0.9667625725269318,0.9893076598644257,0.0797692549893416,Grocery,0.17449070513248444,1,0.12600605189800262,0.07691586974411814,0.003757958039782928,-0.12584013938903807,-0.06103022675961256,0.009085160680115223,0.07314198091626167,0.12267930433154108,0.09397273256005252,1.382474474512024,1.382474474512024,1.280369234085083,1.3224628865718842,1.376265823841095,1.4359492659568787,1.4958298683166504,0.08583841933770037,0.1983591500240766,0.1983591500240766,0.12970642894506454,0.15570257604122162,0.1895129159092903,0.23011385649442673,0.2802296161651611,0.06270439592885904,visual,5.439845874361459,5.439845874361459,3.5715273141860964,4.388837933540344,5.388647556304932,6.380032896995544,7.138586473464966,1.8599827188024154,0.5113647321506551,0.5113647321506551,0.3464770019054413,0.41385525465011597,0.5078713595867157,0.5908135324716568,0.6614667177200317,0.17296689387918895,44
16.178416113587023,16.178416113587023,16.54756965637207,16.577520847320557,16.604761123657227,16.629820346832275,16.652723693847655,2.329515120026699,0.9772807414992235,0.9772807414992235,0.9596964895725251,0.9702246189117432,0.9803912937641144,0.9871455878019333,0.9911536812782288,0.013323744832141753,0.12343759375004278,-0.053777183102096025,-0.22933002710342407,-0.15117894485592842,-0.062228163704276085,0.03917934652417898,0.13788686096668246,0.14111178443803798,2.856734196908874,2.856734196908874,2.2925216436386107,2.539013624191284,2.8495434522628784,3.224134087562561,3.5842814922332766,0.6335313882212971,0.17855991410075756,0.17855991410075756,0.14329993724822998,0.15870321914553642,0.17811032384634018,0.20152225345373154,0.22404079139232638,0.039599919759810594,0.9840446270097262,0.9840446270097262,0.9663565218448639,0.9804312437772751,0.9889615774154663,0.9942365884780884,0.9973525643348694,0.017349413456968898,Grocery,0.17449070513248444,2,0.12600605189800262,0.07589643747139191,-0.0057943476321961375,-0.13343531638383865,-0.06973253563046455,-0.0015549450181424618,0.06341167166829109,0.11267823278903961,0.0928844327559691,1.3867622479295456,1.3867622479295456,1.2832676410675048,1.3256220519542694,1.3808552622795105,1.4410242140293121,1.501746666431427,0.08674247213628342,0.2088708431979571,0.2088708431979571,0.13485848605632783,0.1627952940762043,0.20188472419977188,0.2502382770180702,0.2907792925834656,0.06156690149815266,visual,1.416614227033874,1.416614227033874,0.8623164117336274,1.1174031496047974,1.3781402111053467,1.6672495901584625,1.9628304600715638,0.717666301307094,0.20365356621405256,0.20365356621405256,0.10132851600646973,0.14105165749788284,0.1904251128435135,0.2506847307085991,0.3034626871347428,0.1104685599938395,44
16.078446970532333,16.078446970532333,16.413001441955565,16.493128776550293,16.540778160095215,16.578070640563965,16.608628273010254,2.412066485051018,0.9730740617858145,0.9730740617858145,0.9485006034374237,0.9635202884674072,0.9777221083641052,0.986144095659256,0.991022402048111,0.017377389841521037,0.15485183941211283,-0.1320278628231713,-0.2826774954795837,-0.21806101500988007,-0.14184711128473282,-0.05676391161978245,0.02867312040179968,0.12394327870252153,2.9327489442356858,2.9327489442356858,2.3270094871521,2.6061819791793823,2.94000506401062,3.3153950572013855,3.6886529684066773,0.6691172564309772,0.18331564981517373,0.18331564981517373,0.14544505923986437,0.16289973631501198,0.18376168608665466,0.20724418386816978,0.23056686520576478,0.041825754330743835,0.9980181542641806,0.9980181542641806,0.9960398554801941,0.9973057359457016,0.998358964920044,0.9990697205066681,0.9995330929756164,0.0014890410439825491,Grocery,0.17449070513248444,3,0.12600605189800262,0.07567621520955517,-0.010744572386137519,-0.1371067777276039,-0.07442894577980042,-0.006876709405332804,0.05818555690348148,0.1073508866131306,0.09231258092544668,1.3881594839993385,1.3881594839993385,1.284343409538269,1.3271631300449371,1.3827963471412659,1.4427684545516968,1.5027405858039857,0.08663807344563144,0.22587072363103006,0.22587072363103006,0.13579665571451188,0.1690186969935894,0.2148868441581726,0.2776380777359009,0.33155091702938083,0.07499140470474068,visual,0.6150641110171714,0.6150641110171714,0.34249578416347504,0.4542667418718338,0.5836843252182007,0.7608043700456619,0.9193238973617555,0.3361685846003628,0.09267416921134358,0.09267416921134358,0.04417758621275425,0.061859372071921825,0.08447988703846931,0.12008906155824661,0.16274454444646838,0.045902786699656625,44
16.52760209318883,16.52760209318883,16.468438148498535,16.500925540924072,16.53808307647705,16.57793951034546,16.613826751708984,0.45005762387809695,0.9696410951928138,0.9696410951928138,0.9479702711105347,0.9607557952404022,0.9717355668544769,0.9820113927125931,0.9886019229888916,0.016772777688807604,0.10213875355933065,-0.04833369042165221,-0.1892685815691948,-0.13312242552638054,-0.05309436656534672,0.028806019574403763,0.10629037395119667,0.1152626393268095,3.2021870412335764,3.2021870412335764,2.2912333011627197,2.5693185925483704,2.9944674968719482,3.6601229310035706,4.430294513702393,0.8646603745626058,0.20014458131839766,0.20014458131839766,0.14320629090070724,0.1605916991829872,0.18716007471084595,0.22876429557800293,0.2769029438495636,0.054043448633270916,0.9678567488713484,0.9678567488713484,0.9194251894950867,0.9582557827234268,0.9832237064838409,0.9945272207260132,0.9980762898921967,0.04339611915863724,ele-fashion,0.173551544547081,1,0.14956669509410858,0.14383683718357426,0.13936979237511735,0.03635515458881855,0.0859238300472498,0.14082907885313034,0.19487030431628227,0.24169858545064926,0.0833608931937257,1.9173589432926992,1.9173589432926992,1.6799458265304565,1.7614428997039795,1.8753166198730469,2.0461243391036987,2.2170428037643433,0.21571870768649404,0.25637526115942094,0.25637526115942094,0.1579994559288025,0.20010152831673622,0.2543809413909912,0.30530308932065964,0.35936328768730164,0.08099956497199115,text,4.920052140801288,4.920052140801288,2.985736131668091,3.8134652376174927,4.52895188331604,5.5162365436553955,6.4610326290130615,3.073971817130804,0.4355940934692368,0.4355940934692368,0.26164305210113525,0.3364637419581413,0.40370187163352966,0.4895482063293457,0.5718886852264404,0.2734954686803394,42
15.896562653403636,15.896562653403636,16.430402755737305,16.47579002380371,16.517263412475586,16.56118154525757,16.608080863952637,2.9534401628680103,0.9738284800856817,0.9738284800856817,0.9591421186923981,0.9664490222930908,0.9744051992893219,0.9822807610034943,0.9882505536079407,0.011349357971996803,0.10271907196215954,0.007480712795145632,-0.16014762222766876,-0.0833191629499197,0.008327903226017952,0.09679795615375042,0.17460345476865768,0.1255299067697598,3.1212023687203425,3.1212023687203425,2.170184373855591,2.4905261397361755,2.9340102672576904,3.6960007548332214,4.612110376358032,1.1100201776977978,0.19508233678463038,0.19508233678463038,0.13564175367355347,0.15566425397992134,0.1833849623799324,0.23100896179676056,0.2882746756076813,0.06937822790697677,0.9841821439957615,0.9841821439957615,0.9617095589637756,0.9783399850130081,0.9903199374675751,0.9962477385997772,0.998696506023407,0.018149576239485623,ele-fashion,0.173551544547081,2,0.14956669509410858,0.13835497761052287,0.1341258098773616,0.03363356739282608,0.08089371398091316,0.133063443005085,0.18866916000843048,0.23785507678985596,0.08239666176377383,1.9292714851220512,1.9292714851220512,1.6869871616363525,1.7734495401382446,1.8928871154785156,2.0592731833457947,2.2247869968414307,0.2150379304031977,0.23860398176890227,0.23860398176890227,0.16051412373781204,0.1981993429362774,0.2408471181988716,0.27851739525794983,0.31123676896095276,0.05859438678151044,text,1.7826217801474828,1.7826217801474828,0.7316170036792755,1.0491060316562653,1.437048316001892,2.092323660850525,3.0788615942001343,1.6945221212742891,0.24006847867838746,0.24006847867838746,0.07548025622963905,0.12322372384369373,0.18797926604747772,0.2919723093509674,0.479126513004303,0.19231603508876147,42
16.118566294614855,16.118566294614855,16.367431640625,16.43615198135376,16.48215103149414,16.52443218231201,16.56450366973877,1.7366545352010943,0.9679447837605125,0.9679447837605125,0.9466795921325684,0.957062378525734,0.9689089953899384,0.980762779712677,0.9882942140102386,0.016214420665260593,0.10759687166253938,-0.05181583670403375,-0.19970598816871643,-0.14368519186973572,-0.055951857939362526,0.0310685271397233,0.10962485894560814,0.12054403072934088,3.282993634855706,3.282993634855706,2.258204698562622,2.622105121612549,3.086782217025757,3.8965373635292053,4.695180416107178,1.0061253659943479,0.20519720884100678,0.20519720884100678,0.141145221889019,0.16389184817671776,0.19294031709432602,0.24355649948120117,0.29345646500587463,0.06288561001499453,0.9985776708946581,0.9985776708946581,0.9968762695789337,0.9982261657714844,0.9990760087966919,0.9995518922805786,0.9997994303703308,0.0017539907844580768,ele-fashion,0.173551544547081,3,0.14956669509410858,0.14026133493556747,0.1356795444376135,0.030761655420064926,0.08053748868405819,0.13663004338741302,0.19339275360107422,0.23972956091165543,0.08379960377457622,1.9139431551755128,1.9139431551755128,1.678795576095581,1.7600518763065338,1.871467649936676,2.0406330823898315,2.2138540744781494,0.21477497586397887,0.2640689244828625,0.2640689244828625,0.1604161486029625,0.2073964811861515,0.2675326317548752,0.31857965141534805,0.36116980016231537,0.07761955038272882,text,0.9542288946135669,0.9542288946135669,0.37161096930503845,0.593184769153595,0.8550480902194977,1.0835503339767456,1.496488094329834,0.8847520363614078,0.11436664921233909,0.11436664921233909,0.0366458036005497,0.06760712154209614,0.11101137474179268,0.1542007438838482,0.18904771655797958,0.06510617008181516,42
16.348309588322756,16.348309588322756,16.369873046875,16.388634204864502,16.409781455993652,16.4320011138916,16.453777313232422,1.0070178439194897,0.9820200025704869,0.9820200025704869,0.9701275527477264,0.9775412082672119,0.9829523265361786,0.9884943515062332,0.9924926161766052,0.009314082433262327,0.12990458689971154,0.013899753859532253,-0.20549877732992172,-0.09563392773270607,0.013782701920717955,0.1367175281047821,0.2296992987394333,0.15771970468615903,2.913662553100553,2.913662553100553,1.9716019034385681,2.1979852318763733,2.600678324699402,3.4393725991249084,4.53005313873291,0.9652034185711634,0.18211132938569138,0.18211132938569138,0.12322861701250076,0.13737820833921432,0.16254781931638718,0.21497267112135887,0.28314176201820374,0.060328056358316166,0.9577402671795977,0.9577402671795977,0.8877878487110138,0.9417888671159744,0.979532390832901,0.9941917657852173,0.9981520473957062,0.054973931376657195,ele-fashion,0.16448011994361877,1,0.12638461589813232,0.07215672068359379,-0.010464673518499676,-0.13320666551589966,-0.07061317563056946,-0.003604606259614229,0.0536851454526186,0.09879674017429352,0.08935846336751135,1.3935132368707404,1.3935132368707404,1.2447556853294373,1.291746973991394,1.3556894659996033,1.4456427693367004,1.556539535522461,0.17333372370602138,0.18658819320693523,0.18658819320693523,0.12308162078261375,0.15301162749528885,0.18757255375385284,0.2174481749534607,0.25079093873500824,0.05182919757999609,visual,5.009839613691678,5.009839613691678,3.299329996109009,3.9879565238952637,4.533266067504883,5.632991671562195,6.454859018325806,2.908782559582915,0.4470360240871819,0.4470360240871819,0.2933748960494995,0.3563702031970024,0.403462752699852,0.5031264573335648,0.5755000114440918,0.25937916643871184,42
15.846373069365116,15.846373069365116,16.341031074523926,16.36602020263672,16.39040756225586,16.41429328918457,16.435853958129883,2.643375052139032,0.9841671650417454,0.9841671650417454,0.9762261211872101,0.9804450273513794,0.984602689743042,0.9888783395290375,0.9922969341278076,0.007021740623150464,0.13712961146899202,-0.04882505516912484,-0.25819386541843414,-0.1733129285275936,-0.052895437926054,0.05224294401705265,0.17196693271398544,0.160925693736368,2.898138688268149,2.898138688268149,1.9074458479881287,2.179604411125183,2.625492572784424,3.4437738060951233,4.639493227005005,1.133893334107707,0.1811407695225671,0.1811407695225671,0.11921892315149307,0.13623125478625298,0.16409932076931,0.21524718403816223,0.2899821996688843,0.07087064431543359,0.9842738780412644,0.9842738780412644,0.9654873609542847,0.9787427484989166,0.9886114597320557,0.994740754365921,0.9981291890144348,0.01546365988178738,ele-fashion,0.16448011994361877,2,0.12638461589813232,0.07205589270229093,-0.0180518733697395,-0.13885031640529633,-0.07749222218990326,-0.011245884001255035,0.04630820453166962,0.08896754682064056,0.08825389125527223,1.393048124035054,1.393048124035054,1.2448811531066895,1.292153239250183,1.3556002378463745,1.4446765780448914,1.5550184845924377,0.17294267057112087,0.17602532990249378,0.17602532990249378,0.12483321130275726,0.150430329144001,0.1779455617070198,0.20108945667743683,0.22207744419574738,0.0402252003705011,visual,1.7074049501780992,1.7074049501780992,0.7918761968612671,1.0916736721992493,1.4203071594238281,1.9572437405586243,2.8425487279891968,1.5086282514296163,0.22925634952252305,0.22925634952252305,0.08602148666977882,0.13253413885831833,0.18692095577716827,0.2723458558320999,0.43895649909973145,0.16668156431903708,42
16.10158936629851,16.10158936629851,16.26757049560547,16.328723907470703,16.359743118286133,16.385009288787842,16.40808868408203,1.412488823404881,0.980492710306336,0.980492710306336,0.9691182374954224,0.9748142212629318,0.9809135496616364,0.9874467253684998,0.9922172725200653,0.009602507990219234,0.1463740642654793,0.016351385253639276,-0.23856240510940552,-0.10694814845919609,0.019201169721782207,0.16047709062695503,0.2577054053544998,0.17690935538464897,3.081432460138784,3.081432460138784,1.958953320980072,2.24816232919693,2.7368158102035522,3.7794981598854065,4.925171613693237,1.1350542596376236,0.1925992584645183,0.1925992584645183,0.12244223430752754,0.14051851257681847,0.17105676233768463,0.23622479289770126,0.3078383803367615,0.07094427120644947,0.9985759426166292,0.9985759426166292,0.9968585073947906,0.9980847537517548,0.9990000128746033,0.9995352029800415,0.9998120367527008,0.0015301960252053401,ele-fashion,0.16448011994361877,3,0.12638461589813232,0.07270481451357345,-0.020963603267473454,-0.14222565293312073,-0.08058634772896767,-0.014361793641000986,0.0441651176661253,0.08681753650307655,0.08852786964159327,1.393992676180835,1.393992676180835,1.245518147945404,1.2925179600715637,1.3564473986625671,1.4460833966732025,1.5568057894706726,0.17301741445355823,0.19433382408805994,0.19433382408805994,0.12546853721141815,0.16003809869289398,0.19865503162145615,0.22903335839509964,0.25462350249290466,0.05161808418638543,visual,0.8924819315444892,0.8924819315444892,0.4061526656150818,0.6008291840553284,0.8114777207374573,0.9949926435947418,1.3342448472976685,0.7817190419450033,0.10896259021111655,0.10896259021111655,0.042525095865130424,0.07194909639656544,0.10826563090085983,0.14177628606557846,0.1706077978014946,0.05552063101569985,42
16.646121818287796,16.646121818287796,16.556527137756348,16.605777263641357,16.660456657409668,16.711568355560303,16.757572174072266,0.455060436012373,0.9652624492640826,0.9652624492640826,0.94064861536026,0.9556020647287369,0.9678744375705719,0.9792155176401138,0.9864340722560883,0.019193609469183342,0.1001397334854408,-0.04656611746622812,-0.19386084377765656,-0.1284162998199463,-0.04610553756356239,0.028251100331544876,0.10359025746583939,0.11642081611964254,3.5027488878240782,3.5027488878240782,2.4958897829055786,2.8193670511245728,3.2958778142929077,3.9887145161628723,4.861018419265747,0.9388766452854166,0.21893066211513543,0.21893066211513543,0.1559985652565956,0.17622135207057,0.20599713176488876,0.24930309504270554,0.3038257658481598,0.058682344110169,0.9671813027340225,0.9671813027340225,0.9181128442287445,0.9572686851024628,0.9826573729515076,0.9943243861198425,0.9979829788208008,0.04374160391469585,ele-fashion,0.17879562079906464,1,0.15813344717025757,0.14851629130851868,0.1438518370131745,0.0357443131506443,0.08915901370346546,0.14659151434898376,0.20567497238516808,0.25044889748096466,0.08452146001193271,2.0529998237679004,2.0529998237679004,1.7901226878166199,1.907350867986679,2.0373170375823975,2.1862528324127197,2.3378994464874268,0.2135681889062332,0.2764785567229677,0.2764785567229677,0.1738014742732048,0.21722469106316566,0.27318382263183594,0.3271541893482208,0.38499006628990173,0.08653563153961497,text,4.927590466174795,4.927590466174795,3.009073853492737,3.8271158933639526,4.5432868003845215,5.52210807800293,6.442932844161987,3.0603863003729335,0.43836111729592053,0.43836111729592053,0.2651030570268631,0.3392633721232414,0.40604665875434875,0.49209149926900864,0.5741244256496429,0.2735335192999757,43
16.01922745676655,16.01922745676655,16.548150062561035,16.602102279663086,16.653103828430176,16.703465938568115,16.750161170959473,3.002483806323174,0.9704607598143826,0.9704607598143826,0.9542340040206909,0.9624386876821518,0.9709697961807251,0.979793056845665,0.9860346913337708,0.012391298847280552,0.10235771865110174,0.005187295923721576,-0.15905487537384033,-0.08386149443686008,-7.354933768510818e-05,0.09424597397446632,0.1749831885099411,0.12691464260019575,3.4197104630822137,3.4197104630822137,2.3686875104904175,2.7317731976509094,3.2464946508407593,4.028002500534058,5.065716981887817,1.2070243631617399,0.21374000309411717,0.21374000309411717,0.14804831892251968,0.17074374854564667,0.20291544497013092,0.25176235288381577,0.3166220933198929,0.07544130038706387,0.9835857906766954,0.9835857906766954,0.9604908227920532,0.9774955064058304,0.9899248778820038,0.9961179792881012,0.9986492693424225,0.01858169698973914,ele-fashion,0.17879562079906464,2,0.15813344717025757,0.14409625943956939,0.13932169527891308,0.032762497663497925,0.08490732870995998,0.14081016182899475,0.20022433251142502,0.24674053490161896,0.08383271764659474,2.0524947224219736,2.0524947224219736,1.7890188097953796,1.9064438939094543,2.038128137588501,2.184978425502777,2.3386019468307495,0.21372213151175054,0.2555127401435151,0.2555127401435151,0.1765068769454956,0.21349848061800003,0.25784653425216675,0.29788243025541306,0.33140242099761963,0.06050432517696034,text,1.7899525659740325,1.7899525659740325,0.7411607801914215,1.0605599582195282,1.4498544335365295,2.0980858206748962,3.072003722190857,1.6965082104531612,0.24341655926498254,0.24341655926498254,0.07660668715834618,0.12513962015509605,0.1904076337814331,0.2957019805908203,0.4866481125354767,0.19547767175049602,43
16.215347187743138,16.215347187743138,16.448877334594727,16.52571153640747,16.593737602233887,16.6516695022583,16.70521640777588,1.8118901274422736,0.9632243383287532,0.9632243383287532,0.9392852485179901,0.9509762078523636,0.9641637206077576,0.9777016043663025,0.9859795868396759,0.018197564861269732,0.10421919705968191,-0.05002841896370092,-0.20404797792434692,-0.1381089873611927,-0.04589512571692467,0.027651956770569086,0.1051509752869606,0.12105818240697273,3.5959290221170876,3.5959290221170876,2.464206576347351,2.8764190077781677,3.4311280250549316,4.233320832252502,5.149780750274658,1.0988734850912507,0.2247570192490994,0.2247570192490994,0.15401647984981537,0.17978723347187042,0.21446040272712708,0.26459895074367523,0.32187288999557495,0.06868288052190577,0.9985306296135823,0.9985306296135823,0.9967854022979736,0.9981759190559387,0.9990334510803223,0.9995211362838745,0.9997795522212982,0.0017799436567041754,ele-fashion,0.17879562079906464,3,0.15813344717025757,0.1450039865271452,0.1400823961289815,0.03197353333234787,0.08491022326052189,0.14187192916870117,0.2025209702551365,0.24816955626010895,0.08462398222190895,2.052333970170407,2.052333970170407,1.788815200328827,1.9061807692050934,2.0370850563049316,2.1850852966308594,2.3371055126190186,0.21360192306425785,0.28541018899960063,0.28541018899960063,0.1771833300590515,0.2253544107079506,0.28959913551807404,0.3445596247911453,0.3885424733161926,0.08183325223258259,text,0.9567522719171173,0.9567522719171173,0.37256520986557007,0.5933714807033539,0.8566953837871552,1.0912994146347046,1.4978015422821045,0.8882127376635597,0.11571034257310314,0.11571034257310314,0.03708386421203613,0.06805504485964775,0.11246562376618385,0.1560034193098545,0.19179824739694595,0.06605762861455095,43
16.369980158342873,16.369980158342873,16.382959365844727,16.405022144317627,16.430862426757812,16.458037853240967,16.484299659729004,1.004874536464432,0.984479034871611,0.984479034871611,0.9742433726787567,0.9806136935949326,0.9853619933128357,0.9901039004325867,0.9935852289199829,0.008203392291031843,0.09847499353238744,-0.0018021773595616943,-0.1649404689669609,-0.08661603182554245,0.0012429878115653992,0.08619075268507004,0.15601523965597153,0.12070066927112115,3.03765280761037,3.03765280761037,2.132914185523987,2.357659339904785,2.732685685157776,3.4604254961013794,4.671357870101929,0.9558262286665505,0.18986057490426422,0.18986057490426422,0.13331293314695358,0.14735926687717438,0.17079830169677734,0.21628402173519135,0.2919710874557495,0.059741072227620706,0.9580416172780033,0.9580416172780033,0.8860697746276855,0.9424810111522675,0.9811073839664459,0.9949702024459839,0.9984500408172607,0.056465224986438196,ele-fashion,0.17895497381687164,1,0.11607645452022552,0.05984584626822781,-0.017619193476180697,-0.11373048275709152,-0.06714512407779694,-0.01497325673699379,0.03485949710011482,0.07471590861678123,0.07242046752237216,1.3088754962907154,1.3088754962907154,1.1354105472564697,1.1879045367240906,1.2656750082969666,1.3981810510158539,1.523057758808136,0.1768782812144897,0.17237419581812616,0.17237419581812616,0.11382732912898064,0.14163222536444664,0.17290718853473663,0.20008057728409767,0.23119205981492996,0.0478467082116414,visual,4.895713970908101,4.895713970908101,3.2099331617355347,3.85499107837677,4.435954570770264,5.499208569526672,6.3588032722473145,2.81566325193015,0.43642499532903567,0.43642499532903567,0.2847028970718384,0.3421116769313812,0.3971962332725525,0.49122536182403564,0.5690608024597168,0.25044750494508256,43
15.94489017030026,15.94489017030026,16.341164588928223,16.370474338531494,16.401872634887695,16.432359218597412,16.459712982177734,2.3499711685611016,0.9861056020802802,0.9861056020802802,0.979368269443512,0.9829541742801666,0.9863770008087158,0.9902039021253586,0.9933622181415558,0.006258002813010098,0.10497315314767822,-0.020289362764473132,-0.17784203588962555,-0.11367903836071491,-0.029749245382845402,0.06026853155344725,0.15231650322675705,0.12849862149189692,2.987166293184206,2.987166293184206,2.0823386907577515,2.354844629764557,2.762319803237915,3.400867521762848,4.5721800327301025,1.0396816381544667,0.18670504402366814,0.18670504402366814,0.13014981150627136,0.14718398079276085,0.17265014350414276,0.21256064251065254,0.28577014803886414,0.06498177888691603,0.9858160810822676,0.9858160810822676,0.9684451818466187,0.9810148328542709,0.9900002181529999,0.995373472571373,0.998345285654068,0.014439321085480523,ele-fashion,0.17895497381687164,2,0.11607645452022552,0.06059157599615739,-0.02435314040067403,-0.11908051744103432,-0.07338494807481766,-0.02230031881481409,0.027541216928511858,0.06705544143915176,0.07163955803815772,1.309391943284387,1.309391943284387,1.136751651763916,1.1892999112606049,1.2667294144630432,1.3973716795444489,1.523125171661377,0.17637718596871066,0.16428706751898542,0.16428706751898542,0.11578528583049774,0.14089316129684448,0.16656240820884705,0.18676410987973213,0.20632393658161163,0.037967696824372316,visual,1.6124259421803535,1.6124259421803535,0.736423909664154,1.0308457016944885,1.3656818270683289,1.8541912734508514,2.651898980140686,1.3858203449396593,0.212224243180072,0.212224243180072,0.08082875609397888,0.12361031584441662,0.1773672103881836,0.2551286891102791,0.3953794538974762,0.14890060398031374,43
16.163760570342507,16.163760570342507,16.284972190856934,16.342682361602783,16.376617431640625,16.40630865097046,16.433737754821777,1.3079391307170443,0.9830499513801897,0.9830499513801897,0.9732874929904938,0.9783411026000977,0.9833425283432007,0.9891010373830795,0.9932981431484222,0.008510214156659722,0.10920960213101466,-0.005359951013013914,-0.1869679093360901,-0.09922518953680992,0.0010977396741509438,0.09448057971894741,0.16632527112960815,0.1337058150763247,3.1321822091994376,3.1321822091994376,2.125852584838867,2.4024184942245483,2.8229739665985107,3.5832284092903137,4.928257942199707,1.0492895698591254,0.19577081642262556,0.19577081642262556,0.13287261873483658,0.15016015246510506,0.17644650489091873,0.2239641547203064,0.308024525642395,0.06558249480452727,0.9985475587190799,0.9985475587190799,0.9966605305671692,0.9980406165122986,0.9990469217300415,0.9996110796928406,0.9998443722724915,0.0017289695816323125,ele-fashion,0.17895497381687164,3,0.11607645452022552,0.061394870388928005,-0.026891946919232156,-0.12203799188137054,-0.0761435218155384,-0.02475284319370985,0.025364802684634924,0.0650833360850811,0.07181701042795761,1.3093336579320844,1.3093336579320844,1.1366158723831177,1.1892877519130707,1.2667585015296936,1.3987038135528564,1.5228996276855469,0.17573541176215457,0.1803308119668448,0.1803308119668448,0.11636309698224068,0.14871695265173912,0.18453528732061386,0.2110239751636982,0.23542821407318115,0.04824296316157701,visual,0.8579800145026741,0.8579800145026741,0.4087553918361664,0.6032626926898956,0.7895767092704773,0.958138182759285,1.2297164797782898,0.7121045118122428,0.10461523877580867,0.10461523877580867,0.04261348024010658,0.07133360765874386,0.10309071838855743,0.13511381298303604,0.1636277288198471,0.0514796797776498,43
16.510524363257545,16.510524363257545,16.43694305419922,16.475362300872803,16.521892547607422,16.566843032836914,16.607972145080566,0.4498762804762234,0.968260666778561,0.968260666778561,0.9445949792861938,0.9586408734321594,0.9711158573627472,0.9820007234811783,0.9884581565856934,0.01855682695319314,0.10394494432324837,-0.025461425573229588,-0.19118577986955643,-0.11204295605421066,-0.02028545644134283,0.06389561668038368,0.1329716369509697,0.12774779260051536,3.228802663091,3.228802663091,2.198174834251404,2.5177571773529053,3.013096570968628,3.746890962123871,4.560626029968262,0.9567620300558541,0.20180819813186704,0.20180819813186704,0.13738972693681717,0.15736441686749458,0.18832550197839737,0.23419133201241493,0.28505605459213257,0.059800088457158264,0.9681150042894021,0.9681150042894021,0.9205022752285004,0.9583133459091187,0.9830600619316101,0.9944345057010651,0.9980187118053436,0.04255764083380496,ele-fashion,0.16589514911174774,1,0.15445256233215332,0.15702987973744775,0.14693825573980457,0.01650662999600172,0.09106536395847797,0.1602209359407425,0.21589244902133942,0.25938229262828827,0.09664597808319161,1.9473263054596575,1.9473263054596575,1.6983066201210022,1.7906861007213593,1.9184642434120178,2.0950819849967957,2.240798592567444,0.2070639683477946,0.2625010862567736,0.2625010862567736,0.15995817631483078,0.20175958424806595,0.2590699791908264,0.3150409162044525,0.37130966782569885,0.08562697026333772,text,4.90873425124396,4.90873425124396,2.969238042831421,3.795560836791992,4.531818866729736,5.492187261581421,6.451735973358154,3.0851759502695724,0.4359520399784225,0.4359520399784225,0.26196034252643585,0.3364161550998688,0.4041566401720047,0.48934003710746765,0.5713548362255096,0.2747017113065637,44
15.894430416618775,15.894430416618775,16.420226097106934,16.468273162841797,16.513835906982422,16.559783935546875,16.614450454711914,2.9677840827799153,0.9732880718510555,0.9732880718510555,0.9579508602619171,0.9656791985034943,0.9738567471504211,0.9823350310325623,0.9881245195865631,0.011772380904459112,0.1079621194426837,-0.004721630118144034,-0.16702750325202942,-0.0999298207461834,-0.016564827412366867,0.08621761202812195,0.172259159386158,0.13317806255112344,3.1570458720748866,3.1570458720748866,2.074345827102661,2.432316243648529,2.955974817276001,3.7865712642669678,4.793013572692871,1.1996221943790326,0.19732263996438631,0.19732263996438631,0.12965212762355804,0.15202675014734268,0.18475908786058426,0.23667414858937263,0.29957520961761475,0.07497857015497174,0.9840409525374824,0.9840409525374824,0.9615342319011688,0.9781339913606644,0.9902947545051575,0.9962875247001648,0.9987091422080994,0.0181963748095232,ele-fashion,0.16589514911174774,2,0.15445256233215332,0.15092720097785148,0.1407770688045001,0.011761557776480913,0.08593033440411091,0.15319104492664337,0.2077697552740574,0.2511398494243622,0.09478795929588342,1.946389339953113,1.946389339953113,1.700183093547821,1.7917131781578064,1.9170271754264832,2.091200351715088,2.239667057991028,0.2058201709195856,0.24156238056629833,0.24156238056629833,0.16260704398155212,0.19955304265022278,0.24448571354150772,0.2836145982146263,0.31531399488449097,0.05915940932191708,text,1.786371559163113,1.786371559163113,0.7304393351078033,1.0445300936698914,1.4359949827194214,2.092664122581482,3.0967702865600586,1.7136318302004279,0.24202669408898203,0.24202669408898203,0.07526213303208351,0.12296527251601219,0.1882644072175026,0.29376253485679626,0.4858086407184601,0.19628472885802647,44
16.102371300398723,16.102371300398723,16.335843086242676,16.405378818511963,16.46064281463623,16.51996374130249,16.56606674194336,1.7386581237866767,0.966554860507296,0.966554860507296,0.9438236355781555,0.9548757672309875,0.9678071141242981,0.9805876910686493,0.9881025850772858,0.017426910702954518,0.11223298417575772,-0.024380690940798887,-0.20106367021799088,-0.1216234415769577,-0.016796252690255642,0.07405874133110046,0.14484544843435287,0.136944942633464,3.3424067728849676,3.3424067728849676,2.1769208908081055,2.6098750233650208,3.155510663986206,4.006447434425354,4.8503758907318115,1.0961182490172117,0.20891075066763745,0.20891075066763745,0.13606269657611847,0.1631261184811592,0.197231687605381,0.25041333585977554,0.3031628727912903,0.06851049200990102,0.9985630544598642,0.9985630544598642,0.9968644976615906,0.9982190430164337,0.9990630149841309,0.9995314478874207,0.9997860491275787,0.0017560765773636377,ele-fashion,0.16589514911174774,3,0.15445256233215332,0.15456747091652714,0.14428143775296942,0.009871241636574268,0.08604186959564686,0.15702717751264572,0.21464349702000618,0.2605866342782974,0.09788175538351411,1.9492649176803438,1.9492649176803438,1.7006431818008423,1.792788565158844,1.9224382638931274,2.096638321876526,2.239685535430908,0.2062180446754172,0.2705846602438986,0.2705846602438986,0.1629566326737404,0.21028954908251762,0.27474483847618103,0.33018068969249725,0.37113484740257263,0.0805587112886122,text,0.9588097666975043,0.9588097666975043,0.3687220811843872,0.5867987275123596,0.852981448173523,1.097720444202423,1.516025185585022,0.9011782000512225,0.11514719941699206,0.11514719941699206,0.0365278385579586,0.06705715321004391,0.11123508214950562,0.15583369135856628,0.19167444854974747,0.06630007177562147,44
16.383797764409287,16.383797764409287,16.383503913879395,16.413498401641846,16.446404457092285,16.477689743041992,16.50673198699951,1.0091912631657591,0.9843966978002028,0.9843966978002028,0.9737273454666138,0.9807049483060837,0.9852247834205627,0.9899215549230576,0.9933556020259857,0.00791223320952543,0.11938601027169365,-0.029142680141519817,-0.23297321051359177,-0.12896821647882462,-0.018460912629961967,0.08525012247264385,0.1374032348394394,0.14452602908923382,2.926114866929827,2.926114866929827,1.822519600391388,2.039647102355957,2.4215511083602905,3.3160758018493652,5.1972339153289795,1.2823552851227988,0.1828895488866341,0.1828895488866341,0.11391095444560051,0.12748264521360397,0.15135075151920319,0.20726338028907776,0.32484152913093567,0.08015078655880105,0.958665079665421,0.958665079665421,0.890544056892395,0.9432610720396042,0.9797431826591492,0.9941277056932449,0.9981235265731812,0.05367293559750586,ele-fashion,0.15289360284805298,1,0.12235748022794724,0.06807756134058826,0.026380470029929937,-0.07700595632195473,-0.027491502463817596,0.02761824056506157,0.08403769880533218,0.12927018105983734,0.07994177505201322,1.3072538350224117,1.3072538350224117,1.1844301223754883,1.2278369069099426,1.2836147546768188,1.354511708021164,1.4329792857170105,0.13276759014533773,0.17473452445071036,0.17473452445071036,0.11631300300359726,0.1437598392367363,0.17518065124750137,0.20198656991124153,0.23668481409549713,0.048103482731398924,visual,5.026854023730215,5.026854023730215,3.3047927618026733,4.011086821556091,4.550656080245972,5.650996685028076,6.4617884159088135,2.948956205740112,0.44676244759307354,0.44676244759307354,0.2932886332273483,0.35705244541168213,0.4033403992652893,0.5031145066022873,0.574083685874939,0.26139859215761396,44
15.900530686633736,15.900530686633736,16.376904487609863,16.41283416748047,16.442419052124023,16.47099256515503,16.497626304626465,2.6366783652653814,0.9863517775686879,0.9863517775686879,0.9795539677143097,0.9831558912992477,0.9866283535957336,0.9901798814535141,0.993174135684967,0.005604425148442211,0.12453247475342974,-0.023191563576321367,-0.19165672361850739,-0.12994877994060516,-0.04203648306429386,0.07158709689974785,0.1734744757413864,0.15288987395803358,2.9081254369083465,2.9081254369083465,1.7757707834243774,2.0499629378318787,2.4920830726623535,3.2880460619926453,5.271024465560913,1.392184086012734,0.18176478825996228,0.18176478825996228,0.11099041625857353,0.12812836840748787,0.1557607427239418,0.2055152803659439,0.32945123314857483,0.08701420685191995,0.9843052796844355,0.9843052796844355,0.965257078409195,0.9787560552358627,0.9886521697044373,0.9948379397392273,0.9981442987918854,0.015416587243946338,ele-fashion,0.15289360284805298,2,0.12235748022794724,0.06614681943993836,0.019666842805822118,-0.08341658860445023,-0.03361973166465759,0.020653684623539448,0.07724292390048504,0.12176359817385674,0.07938129528723564,1.308244912438606,1.308244912438606,1.1853420734405518,1.2288688123226166,1.2847465872764587,1.3556901216506958,1.4335569143295288,0.13268433017201775,0.16454128209812283,0.16454128209812283,0.11796063929796219,0.14192570373415947,0.16655830293893814,0.18755941092967987,0.20724311470985413,0.03613566573519495,visual,1.7220197949031155,1.7220197949031155,0.7923265695571899,1.094067096710205,1.4193527698516846,1.9680562913417816,2.8725476264953613,1.5501157774695247,0.23080315561626868,0.23080315561626868,0.08543553948402405,0.1322222501039505,0.18661416321992874,0.27205534279346466,0.444937601685524,0.1709953142002556,44
16.156984493431715,16.156984493431715,16.30232334136963,16.352094173431396,16.38939666748047,16.425517559051514,16.456525802612305,1.3502988134956366,0.9831201000924786,0.9831201000924786,0.9733173251152039,0.9780426025390625,0.9833362698554993,0.9889964312314987,0.9931096732616425,0.007882557614974074,0.13501879231275957,-0.03456111427248211,-0.27209918200969696,-0.14417019858956337,-0.020046334713697433,0.10154849290847778,0.14799749106168747,0.16349723990820267,3.081437762388636,3.081437762388636,1.8196303844451904,2.090216636657715,2.5232133865356445,3.593022048473358,5.680682182312012,1.4551475207869313,0.19259941387626875,0.19259941387626875,0.11373183876276016,0.13064919412136078,0.15770886838436127,0.22457746043801308,0.3550657778978348,0.09095095740272265,0.998581074346944,0.998581074346944,0.9969349801540375,0.9981008172035217,0.9989715814590454,0.9994959831237793,0.9997926950454712,0.0014596020773220712,ele-fashion,0.15289360284805298,3,0.12235748022794724,0.06586107459768405,0.016741125120059118,-0.08699356392025948,-0.03698701038956642,0.017585614696145058,0.07472138293087482,0.11940819770097733,0.0796726309371637,1.3084681414001749,1.3084681414001749,1.1855942606925964,1.229268103837967,1.2850075364112854,1.3557713627815247,1.4333781003952026,0.13255767780002442,0.18195737379789437,0.18195737379789437,0.11856626346707344,0.1502995528280735,0.18627360463142395,0.21477992087602615,0.23796765506267548,0.0472509586024681,visual,0.9108950647070314,0.9108950647070314,0.4082011282444,0.6030894070863724,0.823406457901001,1.021029144525528,1.3646178245544434,0.809504245819044,0.1104918095068127,0.1104918095068127,0.04257672466337681,0.07197081483900547,0.10992684215307236,0.14406874775886536,0.17313289642333984,0.05672245435849034,44
16.744710812279756,16.744710812279756,16.706939888000488,16.73781442642212,16.773019790649414,16.80923891067505,16.841134452819823,0.6953223921650404,0.9909051881806121,0.9909051881806121,0.9883840262889863,0.9897477775812149,0.9911327958106995,0.9923341274261475,0.9932367920875549,0.001979178931127463,0.08746359303291251,-0.008094545765143268,-0.14882768839597701,-0.08516750112175941,-0.007190840784460306,0.06808869168162346,0.13327562361955644,0.10753056586200532,3.405305141425814,3.405305141425814,2.771052670478821,3.00832462310791,3.34624981880188,3.7378408908843994,4.1405194282531745,0.5615623903296718,0.2128372528468734,0.2128372528468734,0.17319628596305847,0.18802538886666298,0.20914671570062637,0.2336227148771286,0.25878747105598454,0.03509875271275703,0.8891987988123642,0.8891987988123642,0.8146918714046478,0.8572168797254562,0.8965421617031097,0.9289330244064331,0.9545419991016388,0.056115521869999095,Reddit-S,0.20000404119491577,1,0.12070053070783615,0.1214358695289256,0.11924344813268059,0.03188281506299973,0.07895082049071789,0.12488135322928429,0.16515322774648666,0.19541844725608828,0.06302745811845832,1.3182300137201466,1.3182300137201466,1.1963237166404723,1.25084188580513,1.3112238645553589,1.3723084926605225,1.4416868686676025,0.10632370088294012,0.13862999529255865,0.13862999529255865,0.11939148232340813,0.12747403234243393,0.13771852105855942,0.14856088161468506,0.1584082141518593,0.015428992096654342,text,4.949927209151754,4.949927209151754,3.367169141769409,4.159443378448486,4.975367069244385,5.780649185180664,6.517842149734497,1.2428446283462302,0.44320191210159277,0.44320191210159277,0.3005614638328552,0.3731902986764908,0.4462985098361969,0.5183885246515274,0.5817474484443665,0.11180850999108327,42
10.424030620975548,10.424030620975548,7.007231521606446,9.200859785079956,10.868148803710938,12.061965942382812,13.237297534942627,2.5668872676625654,0.9908950307713644,0.9908950307713644,0.9883645057678223,0.989726722240448,0.9911251962184906,0.9923284947872162,0.9932335257530213,0.0019845219353637903,0.08807762481157197,0.004770784668764562,-0.1356707438826561,-0.07250421494245529,0.004513847408816218,0.08152073808014393,0.14637122005224232,0.10830892422614741,2.1328553226615283,2.1328553226615283,1.3290122032165528,1.7319620251655579,2.125346541404724,2.5389592051506042,2.9543818473815917,0.6644272002462611,0.133307117596128,0.133307117596128,0.08306501731276512,0.10824997536838055,0.13283781707286835,0.15868918970227242,0.18465398997068405,0.041528122641903066,0.9999870785087913,0.9999870785087913,0.9999754428863525,0.9999837875366211,0.9999894499778748,0.9999943971633911,0.999997615814209,1.2194915155632595e-05,Reddit-S,0.20000404119491577,2,0.12070053070783615,0.12136721963935551,0.11917224631059002,0.0317559227347374,0.07864987850189209,0.12481244653463364,0.16505079716444016,0.19536515027284623,0.0630355788775205,1.3184438090144694,1.3184438090144694,1.1966575622558593,1.2510068118572235,1.3114511966705322,1.372726023197174,1.4420025467872621,0.10631235386635884,0.1387046936749887,0.1387046936749887,0.11943447142839432,0.12752563133835793,0.13777989894151688,0.14868320897221565,0.1585039660334587,0.01545627065886029,text,0.04406877350561286,0.04406877350561286,0.023249451443552973,0.03324618097394705,0.04308236390352249,0.05240433011204004,0.06497593969106674,0.018026799833268714,0.004692577221233691,0.004692577221233691,0.002209614682942629,0.0033683538204059005,0.004636293742805719,0.005732880556024611,0.007062746584415436,0.002038755672868547,42
12.050274466580792,12.050274466580792,8.889683628082276,11.091114282608032,12.723004341125488,13.617514610290527,14.20552101135254,2.3080853729456856,0.9908863467676349,0.9908863467676349,0.9883490920066833,0.9897189438343048,0.9911167621612549,0.992322251200676,0.9932297706604004,0.001989138771216571,0.08778911858383504,-0.0005644728651898887,-0.1407549947500229,-0.07840080186724663,-0.0003538168966770172,0.07575728185474873,0.1412655204534531,0.10804066947564833,2.4587595673312896,2.4587595673312896,1.6686324715614318,2.080635666847229,2.463567018508911,2.8512097001075745,3.243001961708069,0.6453226579998959,0.15367670590008162,0.15367670590008162,0.10429259836673736,0.1300422102212906,0.15397793054580688,0.17820508778095245,0.20269339084625246,0.04033421616922347,0.9999784155920705,0.9999784155920705,0.9999595284461975,0.9999701976776123,0.9999808073043823,0.9999901056289673,0.9999954700469971,1.5634790440256888e-05,Reddit-S,0.20000404119491577,3,0.12070053070783615,0.1213045920163989,0.1191037445635967,0.0315866842865944,0.07865927554666996,0.12492046877741814,0.16495893150568008,0.19534594267606736,0.06301637096217429,1.3184354351694005,1.3184354351694005,1.1965466499328614,1.2510757148265839,1.3112985491752625,1.3726939260959625,1.4420531511306762,0.1063172298114225,0.138768124877769,0.138768124877769,0.1194792628288269,0.12757566198706627,0.13782936334609985,0.14873163402080536,0.15864036828279496,0.01548325396765784,text,0.05770242409389492,0.05770242409389492,0.031626395508646966,0.0445777690038085,0.058840181678533554,0.07032699696719646,0.08065970689058305,0.019697914898681695,0.006172257991314586,0.006172257991314586,0.003036337299272418,0.0044765613274648786,0.006247712066397071,0.0077711655758321285,0.009043315332382918,0.002368894273590262,42
16.310834990521116,16.310834990521116,16.752900886535645,16.802884101867676,16.85134506225586,16.89418125152588,16.926737213134764,2.9533332876735834,0.9871976827171084,0.9871976827171084,0.9819735586643219,0.9850691556930542,0.9881959557533264,0.990233451128006,0.9911183893680573,0.0040937840282142075,0.08649000481979575,-0.003028536232073086,-0.13783351927995682,-0.08296223916113377,-0.004908369854092598,0.0706518217921257,0.13720174431800844,0.10713183993006457,2.8397795295768677,2.8397795295768677,2.386703419685364,2.5841782093048096,2.8371458053588867,3.1554916501045227,3.4922031641006472,0.6894506181408656,0.17748961661153545,0.17748961661153545,0.14917074143886566,0.16151313111186028,0.1773245483636856,0.1972210481762886,0.21826826333999635,0.043091730285284215,0.9271776349616228,0.9271776349616228,0.8496220588684082,0.9054169654846191,0.944664478302002,0.9693060219287872,0.9834800601005554,0.0641881849130139,Reddit-S,0.18598106503486633,1,0.14330032467842102,0.21264592542956012,0.2118789843223152,0.08613808453083038,0.13140742480754852,0.20873622596263885,0.28664375096559525,0.3485643446445465,0.10222823302817713,1.8028989958511112,1.8028989958511112,1.51772301197052,1.6421003639698029,1.7472582459449768,1.9199382960796356,2.2065544843673712,0.24570669646202947,0.17132262562402648,0.17132262562402648,0.13915708810091018,0.1496448926627636,0.16328542679548264,0.19038445875048637,0.21671228110790253,0.03022099611978519,visual,3.9925397420447952,3.9925397420447952,2.189484643936157,2.9572038650512695,3.8965035676956177,4.91712486743927,6.070661735534668,1.6416583346104618,0.3431736191106341,0.3431736191106341,0.18199919462203978,0.24817544594407082,0.33184342086315155,0.4278882369399071,0.5313415527343751,0.14609012951600864,42
4.289982300029996,4.289982300029996,0.9976761221885683,2.1503726840019226,3.66036057472229,5.533587574958801,8.570352363586426,3.095359786020605,0.9871878749291912,0.9871878749291912,0.981975394487381,0.985066756606102,0.9881828427314758,0.9902233183383942,0.9911154747009278,0.004100739288991936,0.08959960166708104,-0.011270127930776634,-0.15105798840522766,-0.08374406397342682,-0.013899424578994513,0.06473043374717236,0.13465173989534382,0.11068045554131681,0.7982611386001117,0.7982611386001117,0.16435789465904238,0.3601135388016701,0.6287569403648376,0.9961035251617432,1.6626934409141547,0.6766103472632266,0.04989241856281056,0.04989241856281056,0.010272500291466714,0.022507430519908667,0.039298245683312416,0.062258162535727024,0.10392079353332523,0.04228936368425861,0.9999969937568253,0.9999969937568253,0.999995231628418,0.9999985098838806,0.999999463558197,0.9999998211860657,0.9999999403953552,1.2863070514142685e-05,Reddit-S,0.18598106503486633,2,0.14330032467842102,0.2125473597556729,0.21177601470201,0.08593359887599945,0.1312740407884121,0.20872711390256882,0.2866707965731621,0.3483852535486222,0.1022212358976019,1.80335751108003,1.80335751108003,1.5189950108528136,1.6427622735500336,1.7477115988731384,1.920189917087555,2.2077558994293214,0.24561317257240753,0.17137855957718678,0.17137855957718678,0.13922824412584306,0.1497017703950405,0.16338273882865906,0.1904388926923275,0.2166953131556511,0.030223114372931646,visual,0.015330048989710467,0.015330048989710467,0.0029777761315926913,0.006485810619778931,0.011259288527071476,0.017626249697059393,0.029977987706661224,0.01724204859487908,0.0015425615039044234,0.0015425615039044234,0.0002597996150143445,0.0005772910226369277,0.0010512039298191667,0.0017407693376298994,0.0031274799723178147,0.0019517255415182992,42
9.569639873195065,9.569639873195065,5.758399391174317,7.782301902770996,9.908476829528809,11.755165338516235,13.229170989990235,3.128583388205843,0.9871819425907258,0.9871819425907258,0.9819528043270112,0.9850563853979111,0.988184005022049,0.9902282059192657,0.9911133825778962,0.004112334006782918,0.08705955168336593,-0.006526356664159792,-0.1429242342710495,-0.08339689671993256,-0.009199483320116997,0.06793687865138054,0.13463997393846514,0.10778017797586138,1.6877031011852162,1.6877031011852162,0.9237125277519226,1.2721116244792938,1.6629896759986877,2.064014494419098,2.498219347000122,0.6836943528907033,0.10548358523364577,0.10548358523364577,0.057732854038476944,0.0795082375407219,0.1039385162293911,0.12900404259562492,0.15614273101091386,0.0427322012423424,0.9999897001268759,0.9999897001268759,0.9999778270721436,0.99998839199543,0.9999942779541016,0.9999973177909851,0.9999987483024597,1.6386235868358765e-05,Reddit-S,0.18598106503486633,3,0.14330032467842102,0.21235552985517114,0.21155811076844291,0.08572373017668725,0.1308995895087719,0.20853635668754578,0.28641054779291153,0.34817197620868684,0.10233543541220438,1.8031208827853489,1.8031208827853489,1.518430519104004,1.6428180634975433,1.7476044297218323,1.9195891618728638,2.207741618156433,0.24563319051141227,0.17139774446877365,0.17139774446877365,0.13924034237861632,0.14974018186330795,0.16337530314922333,0.19044221937656403,0.21680185198783875,0.030259253421052904,visual,0.03966367354202607,0.03966367354202607,0.01837242413312197,0.026301526930183172,0.03676729276776314,0.04931214638054371,0.0644016206264496,0.021131522518880626,0.0038930269467178026,0.0038930269467178026,0.0015903108986094594,0.002337382873520255,0.003424950293265283,0.004861568100750446,0.006745997583493591,0.0024289158141803215,42
16.391533261699184,16.391533261699184,16.383902740478515,16.40135383605957,16.42057514190674,16.439728260040283,16.456096649169922,0.685684497090046,0.9944810020004081,0.9944810020004081,0.9931380212306976,0.9937956929206848,0.9944877028465271,0.9951917976140976,0.9958400368690491,0.001054565597501694,0.06269387098741372,-0.0015596645497688252,-0.1028784655034542,-0.05566622316837311,-0.001715394202619791,0.05233801994472742,0.1004643440246582,0.07769606436477684,2.2042151684716353,2.2042151684716353,1.89759019613266,2.014955997467041,2.1721184253692627,2.3602355122566223,2.5687775135040285,0.2834243000261371,0.1377671446123169,0.1377671446123169,0.11860164999961853,0.1259387880563736,0.1357615366578102,0.14751844108104706,0.16055266857147216,0.017714693925424865,0.8969826252937196,0.8969826252937196,0.8260310113430023,0.8679420948028564,0.9052846431732178,0.9349303990602493,0.9580169200897217,0.05365296247582025,Reddit-S,0.16446343064308167,1,0.09629669785499573,0.10853058614322349,0.10699524660751505,0.03298711180686951,0.06620749272406101,0.10486863926053047,0.1460929438471794,0.18459516912698748,0.05957068514609861,1.0088664675202927,1.0088664675202927,0.9237927496433258,0.9573911428451538,1.0023035407066345,1.054177612066269,1.1063657045364381,0.0720698927832058,0.10705498255141443,0.10705498255141443,0.09292916133999825,0.10007798299193382,0.10752498731017113,0.11415282264351845,0.12026571556925773,0.01060296910032283,text,4.673145226686787,4.673145226686787,3.179958200454712,3.905901551246643,4.66229248046875,5.458337068557739,6.177624750137329,1.1857868109324445,0.4283528981578174,0.4283528981578174,0.28915385603904725,0.35819675773382187,0.4288111925125122,0.4995654821395874,0.5654632747173309,0.10907588884549625,43
5.775661993510219,5.775661993510219,2.2525257587432863,3.9486737847328186,5.660791397094727,7.405187487602234,9.426334667205811,2.731631570806329,0.9944784087520944,0.9944784087520944,0.9931363046169281,0.9937931299209595,0.9944861531257629,0.9951916188001633,0.9958395540714264,0.0010555179111975557,0.06464632081140474,-0.020291908092137483,-0.11953054219484328,-0.07470052689313889,-0.021791051141917706,0.03337545320391655,0.08057569265365601,0.07731639877824165,0.7953358498172596,0.7953358498172596,0.29047343134880066,0.511630043387413,0.7529803812503815,1.0320543944835663,1.3469897627830505,0.41202723624785104,0.04970988844379923,0.04970988844379923,0.018155035190284254,0.031977550126612186,0.04706270806491375,0.06450489349663258,0.08418958857655526,0.025752530164086698,0.9999966273423905,0.9999966273423905,0.9999926090240479,0.9999961256980896,0.9999980330467224,0.9999991655349731,0.9999997615814209,5.220218564724091e-06,Reddit-S,0.16446343064308167,2,0.09629669785499573,0.10845669068544221,0.10691245322187089,0.032791978865861895,0.06610863469541073,0.1048685796558857,0.14601686596870422,0.18446686565876008,0.05958726034374341,1.008979611656599,1.008979611656599,0.9238837003707886,0.9574801921844482,1.002352774143219,1.0542038083076477,1.106541955471039,0.07205518965970342,0.10707821497958277,0.10707821497958277,0.09297084510326385,0.10011380910873413,0.10755517333745956,0.11417403258383274,0.12028636187314988,0.01060859913026789,text,0.020467138083038527,0.020467138083038527,0.00700976843945682,0.012551069259643555,0.018617206253111362,0.025591419078409672,0.035491288080811506,0.01254293555069271,0.0022062012033848923,0.0022062012033848923,0.0006915439153090119,0.0012853351363446563,0.0020100231049582362,0.0027926471666432917,0.0038703457918018106,0.0014003662167575651,43
10.9344794451281,10.9344794451281,7.826622724533081,9.799217224121094,11.463012218475342,12.523959159851074,13.250898265838623,2.2465360990628,0.9944748763837379,0.9944748763837379,0.9931292533874512,0.9937911331653595,0.9944830238819122,0.9951882064342499,0.9958369374275208,0.0010580316611387083,0.06300732072737976,-0.0069641803126248725,-0.10819311812520026,-0.06110518518835306,-0.007488124538213015,0.047184226103127,0.09463969692587854,0.07777431275572327,1.4772023549945623,1.4772023549945623,0.990323954820633,1.2475447952747345,1.493237018585205,1.7243428230285645,1.9417776465415955,0.3815700618753902,0.09232769767365934,0.09232769767365934,0.061896462365984915,0.0779733918607235,0.09333036094903946,0.10777437128126621,0.12136483341455459,0.02384907763004111,0.9999843068440575,0.9999843068440575,0.9999704360961914,0.9999783635139465,0.9999862909317017,0.999992772936821,0.9999964237213135,1.1363038750869519e-05,Reddit-S,0.16446343064308167,3,0.09629669785499573,0.10828868698553917,0.10671349940248753,0.03234508223831654,0.06590918637812138,0.10466387495398521,0.14587842673063278,0.18446573615074158,0.059648878641682127,1.0089104119990626,1.0089104119990626,0.9237199187278747,0.9574102312326431,1.002276599407196,1.0541163384914398,1.10640709400177,0.07209574942895,0.10710699121020448,0.10710699121020448,0.0929843619465828,0.10012372396886349,0.10757063701748848,0.11419083923101425,0.12034098505973817,0.010625101412069083,text,0.04899594878611028,0.04899594878611028,0.027403284236788752,0.03763320576399565,0.04935797490179539,0.05970959551632404,0.06923749819397926,0.01665246380435136,0.005274779034948648,0.005274779034948648,0.002674212073907256,0.0038364980136975646,0.005284522892907262,0.0066139037953689694,0.007733776560053229,0.0019966204929103633,43
15.951174790469283,15.951174790469283,16.433000755310058,16.45700216293335,16.47884750366211,16.499568462371826,16.518105506896973,2.8923917595857485,0.9892976237712933,0.9892976237712933,0.9854390561580658,0.9876436442136765,0.9898430407047272,0.9916160106658936,0.9927112638950348,0.0031915031754268333,0.08056073436422925,0.004903180674631669,-0.12448670417070389,-0.06322715617716312,0.0054245758801698685,0.07775652408599854,0.13102037459611893,0.09983393612194716,1.9828080052654753,1.9828080052654753,1.7247059345245361,1.836678147315979,1.9854559302330017,2.162400245666504,2.3860159873962403,0.46118974048496075,0.12392784747699041,0.12392784747699041,0.10779601335525513,0.11479408852756023,0.12409347668290138,0.13515238463878632,0.14912867546081543,0.028825103453240363,0.9297877750588586,0.9297877750588586,0.8541224300861359,0.9094218760728836,0.9470748603343964,0.9702913761138916,0.9845590174198151,0.06227028142665998,Reddit-S,0.15373656153678894,1,0.1345207244157791,0.22294779308579746,0.2222809613104809,0.09067703783512117,0.14949960634112358,0.2256450057029724,0.28409238159656525,0.35169796347618104,0.10067169725652918,1.6529550918456337,1.6529550918456337,1.4119651436805725,1.5087844133377075,1.6548954248428345,1.755537897348404,1.927111911773682,0.18925394636533371,0.15628826352497519,0.15628826352497519,0.12645110189914704,0.13837850466370583,0.1537640169262886,0.17221250757575035,0.18828024417161943,0.023996272701781552,visual,3.9238927251033577,3.9238927251033577,2.1162407398223877,2.8930895924568176,3.811856508255005,4.833795189857483,6.02081298828125,1.6342146380385858,0.3369604754698078,0.3369604754698078,0.17634018808603286,0.24420194327831268,0.32486970722675323,0.4184934198856354,0.523616224527359,0.14410718073253675,43
3.30704863539721,3.30704863539721,0.6381664395332337,1.4415691196918488,2.5113637447357178,4.221733331680298,6.937492418289185,2.83739341079894,0.9892924944042214,0.9892924944042214,0.9854305505752563,0.9876410961151123,0.9898239970207214,0.9916100353002548,0.9927098751068115,0.003192503566596012,0.08601026061661385,-0.012260703571764578,-0.15124915242195128,-0.08577693067491055,-0.012579306494444609,0.06322906911373138,0.11944288015365605,0.10599392632394673,0.44989209300043265,0.44989209300043265,0.07412989884614944,0.17439967393875122,0.3114026337862015,0.5430142879486084,0.9580056846141822,0.4580501114492374,0.02811887950351202,0.02811887950351202,0.004633195186033845,0.010900148889049888,0.01946296449750662,0.03393911104649305,0.059876893460750626,0.02862895219245305,0.999998240796698,0.999998240796698,0.9999972581863403,0.9999991655349731,0.9999997615814209,0.9999998807907104,1.0,6.4274164359281026e-06,Reddit-S,0.15373656153678894,2,0.1345207244157791,0.22302064207031277,0.22234935956423846,0.09097484350204468,0.14952317252755165,0.22564485669136047,0.284174881875515,0.35189446508884437,0.10072049671033713,1.6533282823842832,1.6533282823842832,1.4123220801353455,1.5089909732341766,1.6550579071044922,1.7560712695121765,1.9281086444854736,0.18926915092262056,0.1563344592870977,0.1563344592870977,0.1264837697148323,0.13843180984258652,0.15382453799247742,0.17221736907958984,0.18833714276552202,0.02400415972514335,visual,0.01165861908875936,0.01165861908875936,0.001928962906822563,0.00443488301243633,0.007793584372848272,0.013429374666884542,0.023501972295343877,0.01367420454293107,0.0011670458828905808,0.0011670458828905808,0.0001685786730377004,0.00039859135722508654,0.0007286960608325899,0.0013167882279958576,0.0023839211091399195,0.0015035884727419362,43
8.228584842561618,8.228584842561618,4.4055877208709715,6.343369007110596,8.413427829742432,10.346989154815674,11.95945692062378,3.043184577197329,0.98928755430271,0.98928755430271,0.9854282319545746,0.9876348823308945,0.9898312389850616,0.991610050201416,0.9927106559276581,0.003201990482990122,0.08126397201814785,0.0010113550612989616,-0.13001880794763565,-0.06805974617600441,0.0008066985756158829,0.07429651543498039,0.12822501063346864,0.1008614128860257,1.0379422825960483,1.0379422825960483,0.517353892326355,0.7454172074794769,1.013332188129425,1.2850226759910583,1.5820208430290224,0.46517484215244076,0.06487270398070574,0.06487270398070574,0.032335050776600836,0.046589285135269165,0.06333436071872711,0.08031554892659187,0.09887851700186731,0.029074299715918146,0.9999931058794264,0.9999931058794264,0.999984860420227,0.9999921321868896,0.9999961853027344,0.9999982714653015,0.9999992847442627,1.0427110187093176e-05,Reddit-S,0.15373656153678894,3,0.1345207244157791,0.22276760730391426,0.22207430314415733,0.0905730150640011,0.1491670347750187,0.22564484179019928,0.28398407995700836,0.35161325037479413,0.1007930834798534,1.653097843724826,1.653097843724826,1.412088656425476,1.5091682076454163,1.6548879146575928,1.7557527720928192,1.9271765112876893,0.18925421248374785,0.1563463125237732,0.1563463125237732,0.1264449343085289,0.1384432353079319,0.15381839126348495,0.17220014333724976,0.18837671130895617,0.024028046177568714,visual,0.03250400170036169,0.03250400170036169,0.01403059447184205,0.02108282409608364,0.030021685175597668,0.0408478993922472,0.05346415713429452,0.01785592790561216,0.00317363626329279,0.00317363626329279,0.0012235580943524837,0.0018784156418405473,0.0027981969760730863,0.004003566922619939,0.005554439313709737,0.00200698252285551,43
16.509115898110956,16.509115898110956,16.49326572418213,16.514051914215088,16.537809371948242,16.56131601333618,16.583334732055665,0.6896254955181677,0.991740730216222,0.991740730216222,0.9896545112133026,0.9907825291156769,0.9918944537639618,0.9929149150848389,0.9936623811721802,0.001593293653602359,0.07048047927931728,-0.007826204159972308,-0.11967526227235795,-0.06745044514536858,-0.008253959938883781,0.051138224080204964,0.10464856848120692,0.08783582580410589,2.7443247803560595,2.7443247803560595,2.1558048486709596,2.3538381457328796,2.6454355716705322,3.0412083864212036,3.4869631052017214,0.5485375447316638,0.17152516652548802,0.17152516652548802,0.13474273681640625,0.14711803197860718,0.16534344851970673,0.19008303806185722,0.21794010996818544,0.03428485956516701,0.8827344335759078,0.8827344335759078,0.8033803820610046,0.848065510392189,0.8908946812152863,0.9255465865135193,0.9522702217102051,0.05951810588266811,Reddit-S,0.17455071210861206,1,0.11387121677398682,0.09696342023506731,0.087367461154641,-0.01257376670837402,0.034279121086001396,0.08949776738882065,0.14231885969638824,0.18349038213491442,0.07506913590343317,1.2332268182633133,1.2332268182633133,1.1111312747001647,1.1590497493743896,1.228532612323761,1.299547553062439,1.362713134288788,0.09807223738836596,0.13115635537182038,0.13115635537182038,0.11516594737768174,0.12164590694010258,0.13019687682390213,0.1393979825079441,0.14824541807174682,0.01303491389344646,text,5.067698029067902,5.067698029067902,3.4571914672851562,4.233415842056274,5.0788414478302,5.930885076522827,6.664001941680908,1.2677262733863235,0.4551972547063633,0.4551972547063633,0.30916318893432615,0.38109254837036133,0.4574616849422455,0.5337831377983093,0.597220265865326,0.11388514363374218,44
7.022812028793444,7.022812028793444,3.649789333343506,5.523016571998596,7.2987542152404785,8.626075983047485,9.915266418457032,2.460414135015758,0.991733329182408,0.991733329182408,0.9896512508392334,0.9907762408256531,0.9918878376483917,0.9929083585739136,0.9936532974243164,0.0015943868159952336,0.07092763481442704,-0.014306089654289457,-0.12690584361553192,-0.07288466021418571,-0.014185125939548016,0.045402576215565205,0.09749690443277359,0.08772346176637902,1.193513051461397,1.193513051461397,0.5413518905639649,0.8393891900777817,1.1626281142234802,1.4975943565368652,1.8857352614402771,0.5289582976072642,0.07459678416817395,0.07459678416817395,0.03383523970842362,0.05246288422495127,0.07266689836978912,0.09360186755657196,0.11786262691020966,0.033061091799127126,0.9999955981291059,0.9999955981291059,0.999991238117218,0.999994158744812,0.9999964237213135,0.9999983310699463,0.9999994039535522,4.140248372618167e-06,Reddit-S,0.17455071210861206,2,0.11387121677398682,0.09690297384700024,0.08729860335177406,-0.012809587921947238,0.034134156070649624,0.08941212669014931,0.14214897528290749,0.1835146889090538,0.0750735676415917,1.233530978958037,1.233530978958037,1.111610507965088,1.1594572961330414,1.2290357947349548,1.2995907962322235,1.3627131700515747,0.09807026351840496,0.13121468822864507,0.13121468822864507,0.11524135917425156,0.12169812805950642,0.13025081157684326,0.13948079198598862,0.14830439537763596,0.013038767601659514,text,0.025005418108712846,0.025005418108712846,0.011469360254704953,0.017923676874488592,0.024878961965441704,0.030916526447981596,0.037822145596146585,0.010997317418458014,0.0027050493775188558,0.0027050493775188558,0.0011031727655790749,0.0018239443306811154,0.0027058989508077502,0.0034448132500983775,0.004207635391503573,0.0012656095244649068,44
11.387338533260634,11.387338533260634,8.687756538391113,10.387575387954712,11.871706485748291,12.776655673980713,13.377017593383789,1.9425715667521837,0.9917272544250678,0.9917272544250678,0.9896387040615082,0.9907652884721756,0.991879403591156,0.9929063469171524,0.9936513721942901,0.0015980680084710418,0.07058621152102308,-0.00964374190932476,-0.12152435332536697,-0.06906279176473618,-0.009640827309340239,0.04940129164606333,0.10309361368417741,0.08793312560049751,1.9061557774283053,1.9061557774283053,1.2717351555824281,1.548900157213211,1.8590154647827148,2.2148388028144836,2.6183531999588014,0.5459842461863553,0.11913822775430545,0.11913822775430545,0.07948509380221368,0.09680851176381111,0.11619146540760994,0.13843056932091713,0.16365491747856142,0.03412546622481352,0.9999830726183959,0.9999830726183959,0.9999685287475586,0.9999765157699585,0.9999847412109375,0.9999915361404419,0.9999954104423523,1.0715809031201868e-05,Reddit-S,0.17455071210861206,3,0.11387121677398682,0.09682787598586944,0.08716176887647178,-0.012729943543672555,0.03398672305047512,0.08941497653722763,0.14199292287230492,0.18336745500564577,0.07511030371970435,1.233430383129511,1.233430383129511,1.111474597454071,1.159484177827835,1.2287806868553162,1.2995461821556091,1.3627290964126586,0.09805743062309287,0.13125815894114862,0.13125815894114862,0.11523072645068169,0.1217042189091444,0.13032344728708267,0.13954606652259827,0.14839205741882325,0.013061900946291416,text,0.05122860538302513,0.05122860538302513,0.031224803254008292,0.04086056724190712,0.052150869742035866,0.06148320809006691,0.06953513473272324,0.014840807657076967,0.0055436066949598704,0.0055436066949598704,0.0030377620831131937,0.004144321312196553,0.005574682727456093,0.00689817126840353,0.007967985887080432,0.0018853285540333406,44
15.996106405932903,15.996106405932903,16.453470611572264,16.488348960876465,16.52342414855957,16.555630207061768,16.58392448425293,2.8898524360353925,0.9888263939873624,0.9888263939873624,0.9846340656280518,0.9870810210704803,0.9897143840789795,0.9912184178829193,0.9919235825538635,0.003300507892252066,0.0850484872944642,-0.0015272876248188453,-0.13503976613283156,-0.0782201997935772,-0.004061456304043531,0.06950173899531364,0.13841213136911393,0.10601051822609288,2.1218877717486015,2.1218877717486015,1.8151095867156983,1.9415769577026367,2.1088225841522217,2.3225537538528442,2.5963493824005126,0.5141095831544049,0.13262044336134432,0.13262044336134432,0.11344658732414246,0.12135118991136551,0.13180428743362427,0.14516201615333557,0.1622752383351326,0.03213263485863454,0.9291121568284695,0.9291121568284695,0.8522243320941925,0.9079537242650986,0.9473682343959808,0.9702161252498627,0.9839878141880035,0.06344328376073498,Reddit-S,0.15664304792881012,1,0.13844965398311615,0.22355014893942776,0.22290488159518906,0.0892442561686039,0.16092878580093384,0.21924465894699097,0.2957654744386673,0.3515165358781815,0.09746626241028887,1.7016133318401003,1.7016133318401003,1.4644184947013854,1.5780633687973022,1.6726549863815308,1.8020871579647064,1.9806164264678956,0.1961470176152401,0.1597604941929701,0.1597604941929701,0.13316857516765596,0.14256766811013222,0.15570155531167984,0.1735747866332531,0.19259032607078552,0.023463718173206093,visual,3.959580585246799,3.959580585246799,2.1660173416137694,2.910977005958557,3.827061176300049,4.897339344024658,6.09606556892395,1.653843252652016,0.33833689313581916,0.33833689313581916,0.1798082932829857,0.24454547092318535,0.3238711506128311,0.4225607216358185,0.5267335891723633,0.1453710341711984,44
3.6546109258590427,3.6546109258590427,0.7169243395328522,1.5978011190891266,2.8035813570022583,4.630232214927673,7.853034782409669,3.105473989232613,0.9888200194667357,0.9888200194667357,0.9846384763717652,0.9870770275592804,0.9897027313709259,0.9912150800228119,0.9919211685657501,0.00330469505605808,0.08822500358514362,-0.020194623653559965,-0.1518171936273575,-0.0892820954322815,-0.027385267429053783,0.04951577540487051,0.12660546153783803,0.10701949963491762,0.535706943217433,0.535706943217433,0.09572658985853195,0.20625115931034088,0.3708624392747879,0.6412549763917923,1.1640933275222778,0.5464178101345764,0.033482401251675835,0.033482401251675835,0.005982989072799682,0.012890903279185295,0.023179310373961926,0.04007906001061201,0.072757538408041,0.03415201773550176,0.9999969686121705,0.9999969686121705,0.9999962449073792,0.9999989867210388,0.9999996423721313,0.9999998807907104,1.0,1.4555982161866014e-05,Reddit-S,0.15664304792881012,2,0.13844965398311615,0.22364641486874115,0.22299722211258888,0.08948467299342158,0.16111910343170166,0.2192917913198471,0.29587993025779724,0.35158972144126893,0.09746791026029435,1.702028505874457,1.702028505874457,1.4638812303543092,1.5780633687973022,1.673188030719757,1.8022835552692413,1.980828595161438,0.1961140744204334,0.15981193332626667,0.15981193332626667,0.1332074508070946,0.14261409267783165,0.15579022467136383,0.1735595166683197,0.19266558885574342,0.023477713063267895,visual,0.013713948350642062,0.013713948350642062,0.002149432944133878,0.004876880208030343,0.008676497265696526,0.014763714512810111,0.027308448590338236,0.01916738519828814,0.0013729733273007245,0.0013729733273007245,0.00018604236538521948,0.00043229327275184914,0.0008073752978816628,0.0014416879566852003,0.0027954206569120294,0.0020992132840905,44
8.07765558430916,8.07765558430916,4.321996974945068,6.153305530548096,8.15407943725586,10.13733458518982,11.92079019546509,3.0662595910513355,0.9888154683779722,0.9888154683779722,0.9846201121807099,0.9870741814374924,0.9897032976150513,0.991211861371994,0.9919198274612426,0.0033123306478152446,0.0849917701034719,-0.007668987542572881,-0.14135126918554303,-0.08460678532719612,-0.01043643057346344,0.06215089466422796,0.13199286162853244,0.10569603985676548,1.096309766594784,1.096309766594784,0.5308629333972931,0.7656478881835938,1.0454181432724,1.3496163189411163,1.7159470677375794,0.5227483485130408,0.06852071846200312,0.06852071846200312,0.03317944072186947,0.04785391595214605,0.06533969193696976,0.08435244299471378,0.1072491005063057,0.032672702562586545,0.9999928684358823,0.9999928684358823,0.9999855756759644,0.9999928027391434,0.999996542930603,0.9999983906745911,0.9999992847442627,1.509369358420847e-05,Reddit-S,0.15664304792881012,3,0.13844965398311615,0.2234673712395287,0.22279318894682518,0.09051856845617294,0.16095524281263351,0.21919411420822144,0.2957904487848282,0.35161342322826383,0.0975490150841212,1.7018579855660636,1.7018579855660636,1.46427001953125,1.5780634880065918,1.6730499267578125,1.8022719621658325,1.980338728427887,0.1961133002889544,0.15982784584166496,0.15982784584166496,0.1332029327750206,0.1425931453704834,0.15578211843967438,0.17360292375087738,0.1926684379577637,0.02350227741045775,visual,0.03199456074762442,0.03199456074762442,0.013672994542866947,0.020309939049184322,0.028702324256300926,0.03933119587600231,0.052832414209842686,0.019923285461902807,0.0031152712179755063,0.0031152712179755063,0.0011778481653891503,0.0018034248205367476,0.002654843614436686,0.0038451330619864166,0.005436955718323588,0.00222271479976889,44
