content_covariance_contribution,content_covariance_correlation,content_total_variance,content_variance_near_zero,dataset,delta_content_abs_mean,delta_content_mean,delta_content_q10,delta_content_q25,delta_content_q50,delta_content_q75,delta_content_q90,delta_content_std,delta_gamma,delta_gamma_distribution_abs_mean,delta_gamma_distribution_mean,delta_gamma_distribution_q10,delta_gamma_distribution_q25,delta_gamma_distribution_q50,delta_gamma_distribution_q75,delta_gamma_distribution_q90,delta_gamma_distribution_std,eta_abs_mean,eta_mean,eta_q10,eta_q25,eta_q50,eta_q75,eta_q90,eta_std,eta_variance_near_zero,gamma,gamma_distribution_abs_mean,gamma_distribution_mean,gamma_distribution_q10,gamma_distribution_q25,gamma_distribution_q50,gamma_distribution_q75,gamma_distribution_q90,gamma_distribution_std,hop,modality,negative_eta_fraction,relation_covariance_contribution,relation_covariance_correlation,relation_residual_abs_mean,relation_residual_mean,relation_residual_q10,relation_residual_q25,relation_residual_q50,relation_residual_q75,relation_residual_q90,relation_residual_small_amplitude,relation_residual_std,relation_total_variance,relation_variance_near_zero,seed
1.0006182737600873,0.9999823979204255,2.629757150637822e-07,0,Movies,0.060068909128441435,0.060068909128441435,0.05937844701111317,0.05978110618889332,0.06015416793525219,0.06045192666351795,0.06065160781145096,0.0005131376687525635,0.04493952915072441,0.04493952915072441,0.04493952915072441,0.04493952915072441,0.04493952915072441,0.04493952915072441,0.04493952915072441,0.04493952915072441,0.0,0.29260909147632097,0.29260909147632097,0.2919188469648361,0.29232194274663925,0.29269498586654663,0.29299189150333405,0.2931899666786194,0.0005128115785196179,0,0.1864536553621292,0.1864536553621292,0.1864536553621292,0.1864536553621292,0.1864536553621292,0.1864536553621292,0.1864536553621292,0.1864536553621292,0.0,0,text,0.0,-0.0006179929571963836,-0.10352724398479893,0.0011469941083600476,0.0011469941083600476,0.001143544539809227,0.0011456994398031384,0.0011475199717096984,0.001148947369074449,0.0011499898973852396,1,3.0611646914933543e-06,2.629757150637822e-07,0,42
0.9999513850973933,0.9999998965572711,8.092060144921092e-07,0,Movies,0.048262382486804735,-0.048262382486804735,-0.0491055428981781,-0.048898196779191494,-0.04855385422706604,-0.04785315692424774,-0.047029174491763116,0.0008995151498769392,-0.04090987890958786,0.04090987890958786,-0.04090987890958786,-0.04090987890958786,-0.04090987890958786,-0.04090987890958786,-0.04090987890958786,-0.04090987890958786,0.0,0.018415562752316993,0.018415562752316993,0.01757240518927574,0.017779770772904158,0.01812412403523922,0.018825386185199022,0.019648925215005875,0.0008995587887915438,0,0.10774199664592743,0.10774199664592743,0.10774199664592743,0.10774199664592743,0.10774199664592743,0.10774199664592743,0.10774199664592743,0.10774199664592743,0.0,1,text,0.0,4.86091351036645e-05,0.1062710566397826,0.00015417249823382258,-0.00015417249823382258,-0.0001545751714729704,-0.00015443504526047036,-0.00015424317825818434,-0.00015399846961372532,-0.00015370882611023262,1,4.1146457069937325e-07,8.092060144921092e-07,0,42
0.9998382874758567,0.9999992143127107,7.950527562495666e-07,0,Movies,0.05546610007950081,-0.05546610007950081,-0.05621275492012501,-0.05608000047504902,-0.05581194907426834,-0.055135609582066536,-0.054164615273475644,0.0008915138170482801,-0.04294353350996971,0.04294353350996971,-0.04294353350996971,-0.04294353350996971,-0.04294353350996971,-0.04294353350996971,-0.04294353350996971,-0.04294353350996971,0.0,0.5984754066363749,0.5984754066363749,0.5977287471294404,0.5978610813617706,0.5981292128562927,0.5988057255744934,0.5997771084308624,0.000891657308751275,0,0.6973072290420532,0.6973072290420532,0.6973072290420532,0.6973072290420532,0.6973072290420532,0.6973072290420532,0.6973072290420532,0.6973072290420532,0.0,2,text,0.0,0.00016181321214534748,0.12805113721001243,0.00042218521136005717,-0.00042218521136005717,-0.0004232879000483081,-0.0004229041514918208,-0.0004223787545925006,-0.0004217086752760224,-0.00042091547802556304,1,1.1267524553513928e-06,7.950527562495666e-07,0,42
0.9998567490849423,0.9999994064250225,1.9211556819065044e-06,0,Movies,0.050825087493464295,-0.050825087493464295,-0.05204229690134525,-0.051808588206768036,-0.05134943127632141,-0.05025806836783886,-0.048758727684617045,0.0013858598726999543,-0.043674614280462265,0.043674614280462265,-0.043674614280462265,-0.043674614280462265,-0.043674614280462265,-0.043674614280462265,-0.043674614280462265,-0.043674614280462265,0.0,0.13154597061278653,-0.13154597061278653,-0.13276319950819016,-0.1325298510491848,-0.13207049667835236,-0.13097990304231644,-0.12947956025600432,0.0013860576041083228,0,-0.03647563233971596,0.03647563233971596,-0.03647563233971596,-0.03647563233971596,-0.03647563233971596,-0.03647563233971596,-0.03647563233971596,-0.03647563233971596,0.0,3,text,1.0,0.000143257540532866,0.13038084821852586,0.0005706364392011501,-0.0005706364392011501,-0.0005721268767956645,-0.0005716081795981154,-0.0005708980315830559,-0.0005699923058273271,-0.0005689202167559415,0,1.5229476270060143e-06,1.9211556819065044e-06,0,42
0.9991812096777056,0.9999531502813513,0.00013387252152418478,0,Movies,0.027247847069386436,0.026711437509004097,0.01164724798873067,0.020751580595970154,0.0289817713201046,0.035491520538926125,0.039320573955774304,0.011561397335599344,0.00752263655886054,0.00752263655886054,0.00752263655886054,0.00752263655886054,0.00752263655886054,0.00752263655886054,0.00752263655886054,0.00752263655886054,0.0,0.2210372938424163,0.2210372938424163,0.20598093718290328,0.21507685258984566,0.22330192476511002,0.22982006147503853,0.23364806026220322,0.011570329361093607,0,0.1864536553621292,0.1864536553621292,0.1864536553621292,0.1864536553621292,0.1864536553621292,0.1864536553621292,0.1864536553621292,0.1864536553621292,0.0,0,visual,0.0,0.0008187911967140394,0.084351839347215,0.00034955835639311427,0.00034955835639311427,0.0002051294839475304,0.0002803299648803659,0.0003567745443433523,0.0004277148764231242,0.00048555960238445546,1,0.00011231152630767389,0.00013387252152418478,0,42
1.0000113300844415,0.9999998448852998,0.00018186716764935094,0,Movies,0.011015874038556065,0.0006520337676315936,-0.017508982121944426,-0.009126241784542799,0.0003518577432259917,0.010464356746524572,0.018728045374155042,0.013485968457447341,0.014821424148976803,0.014821424148976803,0.014821424148976803,0.014821424148976803,0.014821424148976803,0.014821424148976803,0.014821424148976803,0.014821424148976803,0.0,0.12319207211800863,0.12319207211800863,0.1050321064889431,0.11341639049351215,0.12289030477404594,0.1330074705183506,0.14127616435289383,0.013485813570168873,0,0.10774199664592743,0.10774199664592743,0.10774199664592743,0.10774199664592743,0.10774199664592743,0.10774199664592743,0.10774199664592743,0.10774199664592743,0.0,1,visual,0.0,-1.1328190437695089e-05,-0.02033413417375981,2.3383384264573702e-05,-2.3383384264573702e-05,-3.248106440878473e-05,-2.861159327949281e-05,-2.3866105038905516e-05,-1.8752414234768366e-05,-1.3721948016609531e-05,1,7.512976113203167e-06,0.00018186716764935094,0,42
0.9989467091933372,0.9999178571202837,1.4243246435686936e-05,0,Movies,0.01132169206130391,-0.011321522285351859,-0.016381125897169113,-0.013931952184066176,-0.011184681672602892,-0.008622226072475314,-0.00649205194786191,0.0037703571448827427,0.0027229415718466043,0.0027229415718466043,0.0027229415718466043,0.0027229415718466043,0.0027229415718466043,0.0027229415718466043,0.0027229415718466043,0.0027229415718466043,0.0,0.6885577112564999,0.6885577112564999,0.6834922015666962,0.6859370023012161,0.6886970698833466,0.6912580281496048,0.6933973610401154,0.0037740225801771426,0,0.6973072290420532,0.6973072290420532,0.6973072290420532,0.6973072290420532,0.6973072290420532,0.6973072290420532,0.6973072290420532,0.6973072290420532,0.0,2,visual,0.0,0.0010532511566850632,0.08197862482175329,0.00015091456943348893,-0.00015091456943348893,-0.00020963029528502374,-0.00018465702669345774,-0.0001540300145279616,-0.00012102664368285332,-8.856039785314352e-05,1,4.8488171844428736e-05,1.4243246435686936e-05,0,42
0.9974495753854661,0.9997615078913495,6.589089817612044e-06,0,Movies,0.023391140450481254,-0.023391140450481254,-0.026378885470330717,-0.025295478757470846,-0.023829392157495022,-0.021788466721773148,-0.01970774997025728,0.0025609862794552514,-0.0170612633228302,0.0170612633228302,-0.0170612633228302,-0.0170612633228302,-0.0170612633228302,-0.0170612633228302,-0.0170612633228302,-0.0170612633228302,0.0,0.07710329649903795,-0.07710329649903795,-0.08009568452835084,-0.07900669798254967,-0.07754246518015862,-0.07549993507564068,-0.07341495230793953,0.002566922246117331,0,-0.03647563233971596,0.03647563233971596,-0.03647563233971596,-0.03647563233971596,-0.03647563233971596,-0.03647563233971596,-0.03647563233971596,-0.03647563233971596,0.0,3,visual,1.0,0.002550427364837403,0.11626183578001985,0.00017526042315870426,-0.00017526042315870426,-0.00024344829143956303,-0.00021444628509925678,-0.00017887845751829445,-0.00014055091378395446,-0.00010284714808221907,1,5.631038505442747e-05,6.589089817612044e-06,0,42
0.9982335927597776,0.9999434970783414,1.0595761664480413e-07,0,Movies,0.05429882966714863,0.05429882966714863,0.05387643538415432,0.05410346668213606,0.054316721856594086,0.05452483519911766,0.054717714339494704,0.00032495469103858076,0.040465183556079865,0.040465183556079865,0.040465183556079865,0.040465183556079865,0.040465183556079865,0.040465183556079865,0.040465183556079865,0.040465183556079865,0.0,0.2790695236613277,0.2790695236613277,0.27864531576633456,0.2788739502429962,0.2790887802839279,0.27929551899433136,0.2794893950223923,0.0003255113156939465,0,0.18332500755786896,0.18332500755786896,0.18332500755786896,0.18332500755786896,0.18332500755786896,0.18332500755786896,0.18332500755786896,0.18332500755786896,0.0,0,text,0.0,0.0017663778931005022,0.16419066231914892,0.0009804955311185195,0.0009804955311185195,0.000976200372679159,0.0009788960160221905,0.0009810853516682982,0.0009828604815993458,0.0009842048864811658,1,3.501879972188822e-06,1.0595761664480413e-07,0,43
0.9998777629039026,0.9999994450747114,1.337992500316011e-06,0,Movies,0.041441892734693,-0.041441892734693,-0.04262247979640961,-0.04227727651596069,-0.04177093878388405,-0.04084466490894556,-0.03980892077088356,0.0011565755056555816,-0.029562629759311676,0.029562629759311676,-0.029562629759311676,-0.029562629759311676,-0.029562629759311676,-0.029562629759311676,-0.029562629759311676,-0.029562629759311676,0.0,0.050572358577909045,0.050572358577909045,0.04939165376126766,0.049736905843019485,0.05024343729019165,0.051170255057513714,0.05220616720616818,0.001156716257478908,0,0.12192032486200333,0.12192032486200333,0.12192032486200333,0.12192032486200333,0.12192032486200333,0.12192032486200333,0.12192032486200333,0.12192032486200333,0.0,1,text,0.0,0.0001222359968623786,0.11526954731750066,0.00034344379875511546,-0.00034344379875511546,-0.00034474310814403,-0.00034427216451149434,-0.00034365037572570145,-0.0003428835407248698,-0.00034193929459434,1,1.2266237537170184e-06,1.337992500316011e-06,0,43
0.9999025646795853,0.9999998735473518,1.1006577988583702e-06,0,Movies,0.04196891380002948,-0.04196891380002948,-0.04288665503263474,-0.04270738735795021,-0.04234394617378712,-0.04153859708458185,-0.04049984216690063,0.0010490203056781225,-0.039368949830532074,0.039368949830532074,-0.039368949830532074,-0.039368949830532074,-0.039368949830532074,-0.039368949830532074,-0.039368949830532074,-0.039368949830532074,0.0,0.6179072623732794,0.6179072623732794,0.616989266872406,0.6171689331531525,0.6175323724746704,0.6183377504348755,0.6193766117095947,0.001049122394603399,0,0.6993953585624695,0.6993953585624695,0.6993953585624695,0.6993953585624695,0.6993953585624695,0.6993953585624695,0.6993953585624695,0.6993953585624695,0.0,2,text,0.0,9.750918828364439e-05,0.19062778877247488,0.00015025531490598973,-0.00015025531490598973,-0.00015082375175552444,-0.00015061772501212545,-0.00015034569514682516,-0.00015001020437921397,-0.00014959709806134925,1,5.366430244337067e-07,1.1006577988583702e-06,0,43
0.9997876923052186,0.9999991969593377,1.8314931218655197e-06,0,Movies,0.049555031812638976,-0.049555031812638976,-0.05068599805235863,-0.05049711000174284,-0.05008065328001976,-0.049039388075470924,-0.047595507279038426,0.0013530404519212997,-0.041933268308639526,0.041933268308639526,-0.041933268308639526,-0.041933268308639526,-0.041933268308639526,-0.041933268308639526,-0.041933268308639526,-0.041933268308639526,0.0,0.12776837128861637,-0.12776837128861637,-0.1288997173309326,-0.12871078774333,-0.12829414010047913,-0.1272534839808941,-0.1258082464337349,0.0013533266870440115,0,-0.035793278366327286,0.035793278366327286,-0.035793278366327286,-0.035793278366327286,-0.035793278366327286,-0.035793278366327286,-0.035793278366327286,-0.035793278366327286,0.0,3,text,1.0,0.00021230457223916815,0.16525661938990321,0.00048679652114592004,-0.00048679652114592004,-0.000488638156093657,-0.00048797066119732335,-0.00048708933172747493,-0.0004860024055233225,-0.00048466404259670524,1,1.7386138265048146e-06,1.8314931218655197e-06,0,43
0.9991431262996546,0.9999129336408767,5.7717572561998264e-05,0,Movies,0.011678476029447315,0.010279151598148795,-0.0009138328721746793,0.006969953654333949,0.012086986098438501,0.015685259364545345,0.018097039498388767,0.007591359312520641,0.005016914568841457,0.005016914568841457,0.005016914568841457,0.005016914568841457,0.005016914568841457,0.005016914568841457,0.005016914568841457,0.005016914568841457,0.0,0.19890835996978198,0.19890835996978198,0.18767098635435103,0.1955914869904518,0.20072120428085327,0.20433080941438675,0.20671277046203612,0.0075972082084143425,0,0.18332500755786896,0.18332500755786896,0.18332500755786896,0.18332500755786896,0.18332500755786896,0.18332500755786896,0.18332500755786896,0.18332500755786896,0.0,0,visual,0.0,0.0008568807482355456,0.06484989048482714,0.0002872928495764579,0.0002872928495764579,0.0001599753537448123,0.00022330934734782204,0.0002899111568694934,0.00035525974089978263,0.0004099474230315536,1,0.00010038415493778556,5.7717572561998264e-05,0,43
1.0000222422427354,0.9999998921855157,5.836259647697567e-05,0,Movies,0.006277263160584457,0.000773698182409977,-0.008957433886826039,-0.005069537204690278,0.0005033128836657852,0.0061014905804768205,0.011107539013028144,0.0076397123847139715,0.012470737099647522,0.012470737099647522,0.012470737099647522,0.012470737099647522,0.012470737099647522,0.012470737099647522,0.012470737099647522,0.012470737099647522,0.0,0.13515460289498138,0.13515460289498138,0.12542440891265869,0.12931378930807114,0.13488377630710602,0.1404813751578331,0.14549074769020082,0.007639541640502764,0,0.12192032486200333,0.12192032486200333,0.12192032486200333,0.12192032486200333,0.12192032486200333,0.12192032486200333,0.12192032486200333,0.12192032486200333,0.0,1,visual,0.0,-2.223834220488229e-05,-0.047833764663571456,1.016470545024487e-05,-1.016470545024487e-05,-1.450434510843479e-05,-1.256944119631953e-05,-1.0257343546982156e-05,-7.900905529822921e-06,-5.6600864809297494e-06,1,3.551690787560597e-06,5.836259647697567e-05,0,43
0.9989858297797702,0.9998115283333011,2.9391186811803573e-06,0,Movies,0.005979100988899898,-0.005979010441080736,-0.008140059281140566,-0.007245031534694135,-0.006058598635718226,-0.004780143266543746,-0.0036686548497527837,0.0017129699701766226,0.003252969589084387,0.003252969589084387,0.003252969589084387,0.003252969589084387,0.003252969589084387,0.003252969589084387,0.003252969589084387,0.003252969589084387,0.0,0.69657402510635,0.69657402510635,0.6944074332714081,0.6953109353780746,0.6964937150478363,0.6977757066488266,0.6988807260990143,0.0017143858028986234,0,0.6993953585624695,0.6993953585624695,0.6993953585624695,0.6993953585624695,0.6993953585624695,0.6993953585624695,0.6993953585624695,0.6993953585624695,0.0,2,visual,0.0,0.0010141901285573645,0.05221169500591815,9.530590251949239e-05,-9.530590251949239e-05,-0.0001359950634650886,-0.00011785308743128553,-9.617449177312665e-05,-7.408015517285094e-05,-5.3069874411448836e-05,1,3.3301220304025624e-05,2.9391186811803573e-06,0,43
0.9986101056305733,0.9997834170803515,9.299307787903405e-06,0,Movies,0.028183097284575014,-0.028183097284575014,-0.03150488846004009,-0.030629334971308708,-0.028919385746121407,-0.02627149736508727,-0.02362748682498932,0.0030458978806812867,-0.019288677722215652,0.019288677722215652,-0.019288677722215652,-0.019288677722215652,-0.019288677722215652,-0.019288677722215652,-0.019288677722215652,-0.019288677722215652,0.0,0.08344687563644261,-0.08344687563644261,-0.08677685335278511,-0.08589601516723633,-0.08418900519609451,-0.08152205683290958,-0.07889424785971641,0.003049476641639251,0,-0.035793278366327286,0.035793278366327286,-0.035793278366327286,-0.035793278366327286,-0.035793278366327286,-0.035793278366327286,-0.035793278366327286,-0.035793278366327286,0.0,3,visual,1.0,0.0013899004869914141,0.0667147129813829,0.0001818222574220185,-0.0001818222574220185,-0.00025944802910089494,-0.0002248372184112668,-0.0001834793365560472,-0.00014132829892332666,-0.00010124540276592598,1,6.353124940320292e-05,9.299307787903405e-06,0,43
0.9996637312044855,0.9998763147134888,3.537583718832239e-08,0,Movies,0.06108498411640103,0.06108498411640103,0.06084196344017982,0.06098957546055317,0.061114970594644547,0.061215790919959545,0.06129082255065441,0.00018804466567193853,0.04943528771400452,0.04943528771400452,0.04943528771400452,0.04943528771400452,0.04943528771400452,0.04943528771400452,0.04943528771400452,0.04943528771400452,0.0,0.2955736330765766,0.2955736330765766,0.2953304976224899,0.29547812789678574,0.29560428857803345,0.2957046702504158,0.29577880501747134,0.0001880846543137488,0,0.18388217687606812,0.18388217687606812,0.18388217687606812,0.18388217687606812,0.18388217687606812,0.18388217687606812,0.18388217687606812,0.18388217687606812,0.0,0,text,0.0,0.00033714380173624687,0.021435733760369696,0.001171184369474502,0.001171184369474502,0.0011676172958686947,0.0011699874594341964,0.001171779353171587,0.0011731280537787825,0.001174083282239735,1,2.9582180909906695e-06,3.537583718832239e-08,0,44
0.9998058279041175,0.9999993460572105,5.217817854590346e-07,0,Movies,0.050861444168736634,-0.050861444168736634,-0.05149660408496857,-0.0513642244040966,-0.051111314445734024,-0.050582473166286945,-0.04987776651978493,0.000722204857621761,-0.03447594866156578,0.03447594866156578,-0.03447594866156578,-0.03447594866156578,-0.03447594866156578,-0.03447594866156578,-0.03447594866156578,-0.03447594866156578,0.0,0.038567480917406874,0.038567480917406874,0.03793232887983322,0.038064437918365,0.038317352533340454,0.03884587902575731,0.03955054394900799,0.0007223446445146766,0,0.12423655390739441,0.12423655390739441,0.12423655390739441,0.12423655390739441,0.12423655390739441,0.12423655390739441,0.12423655390739441,0.12423655390739441,0.0,1,text,0.0,0.00019417786715593077,0.16742666287469943,0.000331676422719774,-0.000331676422719774,-0.00033249739499296993,-0.00033222684578504413,-0.0003318449162179604,-0.0003313374618301168,-0.000330666231457144,1,8.377598885091604e-07,5.217817854590346e-07,0,44
0.9998887155922194,0.9999998282834528,1.122011438776664e-06,0,Movies,0.03990937485413236,-0.03990937485413236,-0.040887783467769626,-0.040664163418114185,-0.04028698056936264,-0.03941662888973951,-0.038351045176386836,0.0010591327174462723,-0.0360313318669796,0.0360313318669796,-0.0360313318669796,-0.0360313318669796,-0.0360313318669796,-0.0360313318669796,-0.0360313318669796,-0.0360313318669796,0.0,0.6213505958026407,0.6213505958026407,0.6203721225261688,0.6205958127975464,0.6209728419780731,0.6218439936637878,0.6229085743427276,0.0010592504136306316,0,0.6975411772727966,0.6975411772727966,0.6975411772727966,0.6975411772727966,0.6975411772727966,0.6975411772727966,0.6975411772727966,0.6975411772727966,0.0,2,text,0.0,0.00011125405784111119,0.1866988797310581,0.00024990093918330264,-0.00024990093918330264,-0.00025051950360648333,-0.00025031567201949656,-0.0002500278933439404,-0.00024964555632323027,-0.00024913982197176664,1,6.312084301525624e-07,1.122011438776664e-06,0,44
0.9997634883191227,0.9999991863454714,1.3181621781385085e-06,0,Movies,0.04145275840232767,-0.04145275840232767,-0.042499004304409026,-0.04226426687091589,-0.0418592132627964,-0.04096770938485861,-0.039756128937005995,0.0011478418333612224,-0.037693098187446594,0.037693098187446594,-0.037693098187446594,-0.037693098187446594,-0.037693098187446594,-0.037693098187446594,-0.037693098187446594,-0.037693098187446594,0.0,0.11878647475955639,-0.11878647475955639,-0.11983197405934334,-0.11959802359342575,-0.11919284611940384,-0.11830158345401287,-0.11709002032876015,0.001148112441417873,0,-0.03905101120471954,0.03905101120471954,-0.03905101120471954,-0.03905101120471954,-0.03905101120471954,-0.03905101120471954,-0.03905101120471954,-0.03905101120471954,0.0,3,text,1.0,0.00023650325426957444,0.1823282776598495,0.0005896069669444192,-0.0005896069669444192,-0.0005910663516260683,-0.0005905854341108352,-0.0005899064999539405,-0.0005890044121770188,-0.0005878111813217401,0,1.4892496772732198e-06,1.3181621781385085e-06,0,44
0.9972998453835038,0.9998842163198188,2.0069926439127772e-05,0,Movies,0.005176222699627357,0.004076869487230303,-0.0020635276101529593,0.0012676363985519856,0.00457536824978888,0.007385654258541763,0.009489593002945185,0.0044683679610288485,-0.0010122285457327962,0.0010122285457327962,-0.0010122285457327962,-0.0010122285457327962,-0.0010122285457327962,-0.0010122285457327962,-0.0010122285457327962,-0.0010122285457327962,0.0,0.1871695969863339,0.1871695969863339,0.18100524991750716,0.18435033038258553,0.18767599016427994,0.1904972568154335,0.19259673357009888,0.004479947146912313,0,0.18388217687606812,0.18388217687606812,0.18388217687606812,0.18388217687606812,0.18388217687606812,0.18388217687606812,0.18388217687606812,0.18388217687606812,0.0,0,visual,0.0,0.0027001484206637667,0.17515356165957402,0.00022278641654809595,0.00022278641654809595,0.00013056346215307714,0.00017813231170293875,0.00022945440287003294,0.00027378660888643935,0.00030921784054953604,1,6.906238216784344e-05,2.0069926439127772e-05,0,44
1.0003376351446485,0.999995933927875,6.86172372317819e-05,0,Movies,0.018840346295428564,0.018778300059300507,0.007981881871819497,0.012970692943781614,0.01886877231299877,0.024568429216742516,0.02953874096274376,0.00828638272234368,0.018513305112719536,0.018513305112719536,0.018513305112719536,0.018513305112719536,0.018513305112719536,0.018513305112719536,0.018513305112719536,0.018513305112719536,0.0,0.16160492074538216,0.16160492074538216,0.1508187472820282,0.15579412132501602,0.16168814152479172,0.16738684847950935,0.1723603278398514,0.008283552210964926,0,0.12423655390739441,0.12423655390739441,0.12423655390739441,0.12423655390739441,0.12423655390739441,0.12423655390739441,0.12423655390739441,0.12423655390739441,0.0,1,visual,0.0,-0.00033763700623879974,-0.11753839558169928,7.675983801730476e-05,7.675983801730476e-05,4.498492453421932e-05,6.137451418908313e-05,7.905725215096027e-05,9.433167178940494e-05,0.0001065393109456636,1,2.3795065056753724e-05,6.86172372317819e-05,0,44
0.9993923503541854,0.9999866932440734,8.957608280143192e-06,0,Movies,0.005174906871746747,-0.005115411523317672,-0.009256224986165762,-0.007183855399489403,-0.004967613844200969,-0.0028990336577408016,-0.0013531823758967223,0.00299114752581201,-0.00022258807439357042,0.00022258807439357042,-0.00022258807439357042,-0.00022258807439357042,-0.00022258807439357042,-0.00022258807439357042,-0.00022258807439357042,-0.00022258807439357042,0.0,0.6921530806078735,0.6921530806078735,0.6880118668079376,0.6900849342346191,0.6923011541366577,0.6943674087524414,0.6959170401096344,0.002992926373993051,0,0.6975411772727966,0.6975411772727966,0.6975411772727966,0.6975411772727966,0.6975411772727966,0.6975411772727966,0.6975411772727966,0.6975411772727966,0.0,2,visual,0.0,0.0006076276847723124,0.1170460604486012,5.0121486035712216e-05,-5.0121486035712216e-05,-6.956644137972035e-05,-6.159527947602328e-05,-5.162161869520787e-05,-4.0075407923723105e-05,-2.9373581128311347e-05,1,1.5537344156251973e-05,8.957608280143192e-06,0,44
0.9975231993111771,0.9998525221252603,1.994820210262179e-05,0,Movies,0.029731080910195856,-0.029731080910195856,-0.034683721512556075,-0.033376858569681644,-0.0307075222954154,-0.026848976965993643,-0.023141123354434967,0.004455935934965191,-0.02426343597471714,0.02426343597471714,-0.02426343597471714,-0.02426343597471714,-0.02426343597471714,-0.02426343597471714,-0.02426343597471714,-0.02426343597471714,0.0,0.0932949509913184,-0.0932949509913184,-0.0982788272202015,-0.09694105014204979,-0.09428150579333305,-0.09040246717631817,-0.08668452948331833,0.004466341019517183,0,-0.03905101120471954,0.03905101120471954,-0.03905101120471954,-0.03905101120471954,-0.03905101120471954,-0.03905101120471954,-0.03905101120471954,-0.03905101120471954,0.0,3,visual,1.0,0.002476802452700814,0.14307073422204267,0.0002494247789003728,-0.0002494247789003728,-0.0003461907326709479,-0.00030652301211375743,-0.00025689005269668996,-0.0001994314297917299,-0.00014617481647292153,1,7.73201063927585e-05,1.994820210262179e-05,0,44
1.0000983810170356,0.9996780239418714,1.125370338596342e-05,0,Toys,0.025232005464558865,0.025232005464558865,0.020670703798532485,0.023838532157242298,0.02625756710767746,0.027668172493577003,0.028375620022416115,0.003356064595728022,0.022282233461737633,0.022282233461737633,0.022282233461737633,0.022282233461737633,0.022282233461737633,0.022282233461737633,0.022282233461737633,0.022282233461737633,0.0,0.18329451259249907,0.18329451259249907,0.17871838212013244,0.1818961799144745,0.18432895839214325,0.18572721630334854,0.18644534647464753,0.0033546539890074237,0,0.13553594052791595,0.13553594052791595,0.13553594052791595,0.13553594052791595,0.13553594052791595,0.13553594052791595,0.13553594052791595,0.13553594052791595,0.0,0,text,0.0,-9.838122282049623e-05,-0.0038755596434959625,0.00024433875184929797,0.00024433875184929797,0.00012646948453038932,0.00019130508007947356,0.0002526995667722076,0.00030804594280198216,0.0003468739101663232,1,8.515801379346004e-05,1.125370338596342e-05,0,42
0.9996178294928756,0.9997151228150282,1.0688102434109336e-05,0,Toys,0.04178912940179273,-0.04178912940179273,-0.0453625462949276,-0.04415762796998024,-0.04241069406270981,-0.04010648652911186,-0.03754734620451927,0.0032689481765100325,-0.02690577320754528,0.02690577320754528,-0.02690577320754528,-0.02690577320754528,-0.02690577320754528,-0.02690577320754528,-0.02690577320754528,-0.02690577320754528,0.0,0.03217537239496332,0.03217537239496332,0.02859959043562412,0.02981119230389595,0.03156483918428421,0.033864790573716164,0.03641118556261063,0.0032692663449326574,0,0.10109417140483856,0.10109417140483856,0.10109417140483856,0.10109417140483856,0.10109417140483856,0.10109417140483856,0.10109417140483856,0.10109417140483856,0.0,1,text,0.0,0.0003821746656104244,0.016011629709520678,0.0002238945320975658,-0.0002238945320975658,-0.00031785041792318223,-0.0002822712267516181,-0.00023155576491262764,-0.0001752982716425322,-0.00011588757915887979,1,7.80327046548628e-05,1.0688102434109336e-05,0,42
0.9992021754542098,0.9997792962614609,4.0277774494933285e-06,0,Toys,0.01586003230509352,-0.01586003230509352,-0.018244037032127382,-0.017358742654323578,-0.016111843287944794,-0.014607569668442011,-0.013176582381129263,0.0020057738499094507,-0.00799661222845316,0.00799661222845316,-0.00799661222845316,-0.00799661222845316,-0.00799661222845316,-0.00799661222845316,-0.00799661222845316,-0.00799661222845316,0.0,0.7196954429740058,0.7196954429740058,0.7173094987869263,0.7181989550590515,0.7194446921348572,0.7209556400775909,0.7223790645599365,0.0020069323480110955,0,0.7436730861663818,0.7436730861663818,0.7436730861663818,0.7436730861663818,0.7436730861663818,0.7436730861663818,0.7436730861663818,0.7436730861663818,0.0,2,text,0.0,0.0007976232099549147,0.03796117630411688,0.00012099228595589874,-0.00012099228595589874,-0.00017176590918097646,-0.00015253897436195984,-0.00012513241381384432,-9.473093814449385e-05,-6.262548122322185e-05,1,4.2168762336518016e-05,4.0277774494933285e-06,0,42
1.0004916171014484,0.9997555032205439,2.5067436753069874e-06,0,Toys,0.008769630282307478,-0.008769630282307478,-0.010784374363720418,-0.009925873950123787,-0.008828644640743732,-0.007729978999122977,-0.006659433059394358,0.0015844356832799122,-0.0047247447073459625,0.0047247447073459625,-0.0047247447073459625,-0.0047247447073459625,-0.0047247447073459625,-0.0047247447073459625,-0.0047247447073459625,-0.0047247447073459625,0.0,0.007268110132155394,0.007268110132155394,0.0052547940053045755,0.006108730798587203,0.007210154552012682,0.008305360563099384,0.009367426857352257,0.001583269931283667,0,0.020661937072873116,0.020661937072873116,0.020661937072873116,0.020661937072873116,0.020661937072873116,0.020661937072873116,0.020661937072873116,0.020661937072873116,0.0,3,text,0.0,-0.000491619088764677,-0.02221144950680063,0.0001005480442914224,0.0001005480442914224,5.2043563482584434e-05,7.872411515563726e-05,0.00010398860467830673,0.00012676424375968054,0.00014274237037170678,1,3.5043445527851356e-05,2.5067436753069874e-06,0,42
0.9963819843976738,0.9993546354988766,6.902757748324716e-07,0,Toys,0.026019297297355432,-0.026019297297355432,-0.026724402606487275,-0.02652550395578146,-0.026217618957161903,-0.025779133662581444,-0.025180871412158013,0.0008283570088656817,-0.020064355805516243,0.020064355805516243,-0.020064355805516243,-0.020064355805516243,-0.020064355805516243,-0.020064355805516243,-0.020064355805516243,-0.020064355805516243,0.0,0.08966622536317483,0.08966622536317483,0.08895628452301026,0.08915990591049194,0.08946964889764786,0.08990795910358429,0.09050475656986237,0.0008308283666513028,0,0.13553594052791595,0.13553594052791595,0.13553594052791595,0.13553594052791595,0.13553594052791595,0.13553594052791595,0.13553594052791595,0.13553594052791595,0.0,0,visual,0.0,0.0036180326349661827,0.1005110732280639,0.00021393605635766001,0.00021393605635766001,0.00017387696134392173,0.00019708585023181513,0.00021944957552477717,0.00023596765095135197,0.0002468093007337302,1,2.9906795819196957e-05,6.902757748324716e-07,0,42
0.9970991877473195,0.9997911436422405,4.0057658384623265e-06,0,Toys,0.03669567188240388,-0.03669567188240388,-0.038747893273830415,-0.03818265534937382,-0.03719831630587578,-0.03568880632519722,-0.033932477980852124,0.0019960520242905356,-0.0280914306640625,0.0280914306640625,-0.0280914306640625,-0.0280914306640625,-0.0280914306640625,-0.0280914306640625,-0.0280914306640625,-0.0280914306640625,0.0,0.03601231682387692,0.03601231682387692,0.0339517816901207,0.03451656550168991,0.03551297262310982,0.037014320492744446,0.038785457611083984,0.002001440940538173,0,0.10109417140483856,0.10109417140483856,0.10109417140483856,0.10109417140483856,0.10109417140483856,0.10109417140483856,0.10109417140483856,0.10109417140483856,0.0,1,visual,0.0,0.0029008201090839443,0.14090321112772913,0.00029475201770096684,-0.00029475201770096684,-0.00034004338085651397,-0.0003251062153140083,-0.00030234831501729786,-0.00027153652627021074,-0.00023956029617693274,1,4.1204313805127005e-05,4.0057658384623265e-06,0,42
1.0005512828203282,0.9999417926187746,1.1063194180136042e-06,0,Toys,0.03160505662405583,0.03160505662405583,0.03003784641623497,0.03104734979569912,0.031907543540000916,0.03240342065691948,0.032682737708091734,0.0010524583075957113,0.023610396310687065,0.023610396310687065,0.023610396310687065,0.023610396310687065,0.023610396310687065,0.023610396310687065,0.023610396310687065,0.023610396310687065,0.0,0.798807219884107,0.798807219884107,0.7972398400306702,0.7982501089572906,0.7991085052490234,0.7996062934398651,0.7998853921890259,0.0010518171980023925,0,0.7436730861663818,0.7436730861663818,0.7436730861663818,0.7436730861663818,0.7436730861663818,0.7436730861663818,0.7436730861663818,0.7436730861663818,0.0,2,visual,0.0,-0.0005512674033910243,-0.05099560930505983,8.13362034577336e-05,-8.13362034577336e-05,-9.383425785927101e-05,-8.97123827598989e-05,-8.343238005181774e-05,-7.492993609048426e-05,-6.61061640130356e-05,1,1.1370244291350596e-05,1.1063194180136042e-06,0,42
0.9973203757124213,0.9997327906337918,9.533821863376329e-07,0,Toys,0.032606239831531846,0.032606239831531846,0.031164342164993288,0.03220275603234768,0.0329611673951149,0.03331364691257477,0.03348203152418137,0.0009740567752729054,0.0246608667075634,0.0246608667075634,0.0246608667075634,0.0246608667075634,0.0246608667075634,0.0246608667075634,0.0246608667075634,0.0246608667075634,0.0,0.07809119763351864,0.07809119763351864,0.07664307355880737,0.07768848910927773,0.0784495398402214,0.07879986613988876,0.07896741777658463,0.0009764129179489756,0,0.020661937072873116,0.020661937072873116,0.020661937072873116,0.020661937072873116,0.020661937072873116,0.020661937072873116,0.020661937072873116,0.020661937072873116,0.0,3,visual,0.0,0.002679600289532984,0.11542370108020619,0.00016215212238153952,0.00016215212238153952,0.00013178945810068398,0.0001493805684731342,0.00016633106861263514,0.00017885089619085193,0.00018706828413996845,1,2.266775638932013e-05,9.533821863376329e-07,0,42
0.9998661806558071,0.9999756649199988,3.782237122691313e-06,0,Toys,0.04163563571065686,0.04163563571065686,0.03935656473040581,0.04123289883136749,0.0422678105533123,0.042860664427280426,0.043126118183135984,0.0019445845203999539,0.030741602182388306,0.030741602182388306,0.030741602182388306,0.030741602182388306,0.030741602182388306,0.030741602182388306,0.030741602182388306,0.030741602182388306,0.0,0.2109907592558348,0.2109907592558348,0.20871153771877288,0.21058936417102814,0.2116236537694931,0.2122151255607605,0.21248108744621277,0.0019447974502994683,0,0.13842682540416718,0.13842682540416718,0.13842682540416718,0.13842682540416718,0.13842682540416718,0.13842682540416718,0.13842682540416718,0.13842682540416718,0.0,0,text,0.0,0.0001338389290684472,0.019183217576296405,0.00018669594716903473,0.00018669594716903473,0.00017069061868824065,0.00018034847744274884,0.0001883411023300141,0.0001952017701114528,0.00020116690720897167,1,1.3568610529901531e-05,3.782237122691313e-06,0,43
1.000156255906301,0.9999910652424574,6.912904329152983e-06,0,Toys,0.0315895925012943,-0.0315895925012943,-0.03454173058271408,-0.03358391299843788,-0.032057058066129684,-0.03007181268185377,-0.027960532903671263,0.0026296745868475903,-0.027757996693253517,0.027757996693253517,-0.027757996693253517,-0.027757996693253517,-0.027757996693253517,-0.027757996693253517,-0.027757996693253517,-0.027757996693253517,0.0,0.036193622021023907,0.036193622021023907,0.0332410492002964,0.034199753776192665,0.035727038979530334,0.03771084174513817,0.0398224800825119,0.002629240257023497,0,0.09569426625967026,0.09569426625967026,0.09569426625967026,0.09569426625967026,0.09569426625967026,0.09569426625967026,0.09569426625967026,0.09569426625967026,0.0,1,text,0.0,-0.0001562540767990208,-0.03693246317563529,0.00015305688468200825,-0.00015305688468200825,-0.00016492044960614294,-0.00016003012569854036,-0.000154405614011921,-0.00014785310486331582,-0.00013993542233947662,1,1.1123804743006017e-05,6.912904329152983e-06,0,43
0.9999797275738909,0.9999723682764462,1.0543559248391922e-06,0,Toys,0.02101480065336202,-0.02101480065336202,-0.02221844084560871,-0.02173149585723877,-0.021155808120965958,-0.020391537807881832,-0.019582250341773032,0.0010268259073293994,-0.02159753069281578,0.02159753069281578,-0.02159753069281578,-0.02159753069281578,-0.02159753069281578,-0.02159753069281578,-0.02159753069281578,-0.02159753069281578,0.0,0.6978174491993152,0.6978174491993152,0.696614146232605,0.6971023082733154,0.6976756453514099,0.6984395384788513,0.6992514252662658,0.0010268183504589272,0,0.740534782409668,0.740534782409668,0.740534782409668,0.740534782409668,0.740534782409668,0.740534782409668,0.740534782409668,0.740534782409668,0.0,2,text,0.0,2.047145235795501e-05,0.002753830307862733,0.00010502788409155239,-0.00010502788409155239,-0.000113168683310505,-0.00010981293235090561,-0.00010595338244456798,-0.00010145704436581582,-9.60239121923223e-05,1,7.633172923428235e-06,1.0543559248391922e-06,0,43
1.0002143880132401,0.9999985165113833,8.930729180809567e-06,0,Toys,0.03387540881113604,-0.03387540881113604,-0.03679519295692444,-0.03602583706378937,-0.034661345183849335,-0.032560938969254494,-0.030029045790433882,0.0029890776809158343,-0.02127894200384617,0.02127894200384617,-0.02127894200384617,-0.02127894200384617,-0.02127894200384617,-0.02127894200384617,-0.02127894200384617,-0.02127894200384617,0.0,0.0347283352964755,-0.0347283352964755,-0.037647859752178194,-0.036878980696201324,-0.03551570326089859,-0.033415209501981735,-0.0308850884437561,0.002988432562533337,0,0.020354626700282097,0.020354626700282097,0.020354626700282097,0.020354626700282097,0.020354626700282097,0.020354626700282097,0.020354626700282097,0.020354626700282097,0.0,3,text,1.0,-0.00021438498129320755,-0.12348298490374497,7.13888216173586e-05,7.13888216173586e-05,6.526870420202613e-05,6.89616754243616e-05,7.201789412647486e-05,7.464128066203557e-05,7.692223007325084e-05,1,5.188367122111019e-06,8.930729180809567e-06,0,43
0.9930785389076441,0.9992547868508881,1.400687733987479e-06,0,Toys,0.022602064649642636,-0.022602064649642636,-0.02378448024392128,-0.023455124348402023,-0.02288653701543808,-0.022044438868761063,-0.021052797883749006,0.0011761914604525236,-0.018921900540590286,0.018921900540590286,-0.018921900540590286,-0.018921900540590286,-0.018921900540590286,-0.018921900540590286,-0.018921900540590286,-0.018921900540590286,0.0,0.09743257842653757,0.09743257842653757,0.09623709172010422,0.09657382220029831,0.09714542329311371,0.09799667447805405,0.09899537861347199,0.0011835065415904886,0,0.13842682540416718,0.13842682540416718,0.13842682540416718,0.13842682540416718,0.13842682540416718,0.13842682540416718,0.13842682540416718,0.13842682540416718,0.0,0,visual,0.0,0.00692145629683709,0.17756548051586923,0.0005297145049075215,0.0005297145049075215,0.0004728783096652478,0.0005102590366732329,0.0005397587083280087,0.0005606356426142156,0.0005739599815569818,1,4.6132777501803226e-05,1.400687733987479e-06,0,43
0.9994822084375728,0.9999287848696261,2.998459061665249e-06,0,Toys,0.04360364043905586,-0.04360364043905586,-0.045332200825214386,-0.04487708769738674,-0.04407970979809761,-0.042778391391038895,-0.04120277315378189,0.0017308325703840484,-0.02981748804450035,0.02981748804450035,-0.02981748804450035,-0.02981748804450035,-0.02981748804450035,-0.02981748804450035,-0.02981748804450035,-0.02981748804450035,0.0,0.02203573667603822,0.02203573667603822,0.020303691551089287,0.020762305706739426,0.021559614688158035,0.02286598738282919,0.024433678388595587,0.0017316059198516412,0,0.09569426625967026,0.09569426625967026,0.09569426625967026,0.09569426625967026,0.09569426625967026,0.09569426625967026,0.09569426625967026,0.09569426625967026,0.0,1,visual,0.0,0.0005177886820579819,0.04336549731941963,0.00023740482729595318,-0.00023740482729595318,-0.0002572345547378063,-0.00025126291438937187,-0.0002419063966954127,-0.00022868538508191705,-0.00021193226857576516,1,2.0675560122823006e-05,2.998459061665249e-06,0,43
0.9980040022647713,0.9997214974173368,1.1818994529718193e-06,0,Toys,0.02759452531373884,0.02759452531373884,0.026095739006996153,0.02704906463623047,0.027884872630238533,0.02841694839298725,0.028686582297086715,0.0010852842932260805,0.025049440562725067,0.025049440562725067,0.025049440562725067,0.025049440562725067,0.025049440562725067,0.025049440562725067,0.025049440562725067,0.025049440562725067,0.0,0.7928836138561227,0.7928836138561227,0.791384243965149,0.7923375070095062,0.7931743860244751,0.7937082350254059,0.793977677822113,0.0010871519916606967,0,0.740534782409668,0.740534782409668,0.740534782409668,0.740534782409668,0.740534782409668,0.740534782409668,0.740534782409668,0.740534782409668,0.0,2,visual,0.0,0.0019957950441318747,0.08441263919726198,0.0002951419824601517,-0.0002951419824601517,-0.0003197943151462823,-0.0003123703645542264,-0.00030073834932409227,-0.0002843019610736519,-0.0002634744567330926,1,2.5703882473146208e-05,1.1818994529718193e-06,0,43
0.9999946593356419,0.9999999677706566,9.437315425326038e-07,0,Toys,0.024976249751469514,0.024976249751469514,0.02359660156071186,0.02447167970240116,0.025242969393730164,0.02570325043052435,0.025963889434933662,0.0009714533046337045,0.02660159394145012,0.02660159394145012,0.02660159394145012,0.02660159394145012,0.02660159394145012,0.02660159394145012,0.02660159394145012,0.02660159394145012,0.0,0.07193530087858101,0.07193530087858101,0.07055551260709762,0.0714307390153408,0.07220201194286346,0.07266242429614067,0.07292289137840272,0.0009714584615579834,0,0.020354626700282097,0.020354626700282097,0.020354626700282097,0.020354626700282097,0.020354626700282097,0.020354626700282097,0.020354626700282097,0.020354626700282097,0.0,3,visual,0.0,5.310429553021653e-06,0.020914258067941487,2.83232891710047e-06,2.83232891710047e-06,2.528431559767341e-06,2.728302661125781e-06,2.886034280891181e-06,2.9976611131132813e-06,3.068904970859876e-06,1,2.466672117668017e-07,9.437315425326038e-07,0,43
1.0001916217950166,0.9999940332015675,4.994690861770164e-05,0,Toys,0.013293517009005319,0.01282082292349858,0.0017894536955282093,0.008387427311390638,0.015125560574233532,0.018546365201473236,0.01998939663171768,0.007068709115837858,0.007375119253993034,0.007375119253993034,0.007375119253993034,0.007375119253993034,0.007375119253993034,0.007375119253993034,0.007375119253993034,0.007375119253993034,0.0,0.1474213331041344,0.1474213331041344,0.13639260828495026,0.14298658818006516,0.1497238278388977,0.15314823389053345,0.1545899510383606,0.007067312687132333,0,0.12712153792381287,0.12712153792381287,0.12712153792381287,0.12712153792381287,0.12712153792381287,0.12712153792381287,0.12712153792381287,0.12712153792381287,0.0,0,text,0.0,-0.00019162638105636417,-0.05537551158415112,0.00010385106838515307,0.00010385106838515307,7.077133195707575e-05,8.954255463322625e-05,0.00010750849469332024,0.00012179629993624985,0.00013192366168368608,1,2.4456361942062907e-05,4.994690861770164e-05,0,44
0.9981454954147577,0.999760178072716,4.4673831333378165e-06,0,Toys,0.03257798809134232,-0.03257798809134232,-0.03495086207985878,-0.034195657819509506,-0.03295883163809776,-0.03132523410022259,-0.029648178443312644,0.0021102048510626987,-0.021094106137752533,0.021094106137752533,-0.021094106137752533,-0.021094106137752533,-0.021094106137752533,-0.021094106137752533,-0.021094106137752533,-0.021094106137752533,0.0,0.0485524432284082,0.0485524432284082,0.04617168605327606,0.0469304695725441,0.048166923224925995,0.049810949712991714,0.0514899916946888,0.002113618492854805,0,0.10242147743701935,0.10242147743701935,0.10242147743701935,0.10242147743701935,0.10242147743701935,0.10242147743701935,0.10242147743701935,0.10242147743701935,0.0,1,text,0.0,0.0018545073940040276,0.08451628556253135,0.0001969399771201465,-0.0001969399771201465,-0.00025017597363330424,-0.00023097075609257445,-0.00020387581025715917,-0.00016980574582703412,-0.0001342085801297798,1,4.637829380472225e-05,4.4673831333378165e-06,0,44
1.0019031134249743,0.999918653636252,1.1289076043052533e-06,0,Toys,0.0035544400032360415,-0.0035544010499359616,-0.0049211554229259494,-0.004298338200896978,-0.0035668332129716873,-0.002804198069497943,-0.0021379485726356505,0.001064609298642112,-0.004907113499939442,0.004907113499939442,-0.004907113499939442,-0.004907113499939442,-0.004907113499939442,-0.004907113499939442,-0.004907113499939442,-0.004907113499939442,0.0,0.7352781280914809,0.7352781280914809,0.733914315700531,0.734534353017807,0.7352645993232727,0.7360285222530365,0.7366892695426941,0.001062500637319928,0,0.7437979578971863,0.7437979578971863,0.7437979578971863,0.7437979578971863,0.7437979578971863,0.7437979578971863,0.7437979578971863,0.7437979578971863,0.0,2,text,0.0,-0.0019033381631963695,-0.14730422918286082,5.829738228457139e-05,-5.829738228457139e-05,-7.405608630506322e-05,-6.837103501311503e-05,-6.035049955244176e-05,-5.026521648687776e-05,-3.972788690589366e-05,1,1.3728716566046721e-05,1.1289076043052533e-06,0,44
0.9987246669380254,0.9999131452322215,7.2661723168731384e-06,0,Toys,0.0029888125476555563,-0.0021153374154266563,-0.0051612013950943945,-0.003955580992624164,-0.00259011285379529,-0.0007300702854990959,0.001980068162083626,0.0026923799333659054,0.0003072395920753479,0.0003072395920753479,0.0003072395920753479,0.0003072395920753479,0.0003072395920753479,0.0003072395920753479,0.0003072395920753479,0.0003072395920753479,0.0,0.021005829366018056,0.021005829366018056,0.01795920766890049,0.019164932891726494,0.020527279004454613,0.02238534577190876,0.02510413564741612,0.002695583854543045,0,0.022662540897727013,0.022662540897727013,0.022662540897727013,0.022662540897727013,0.022662540897727013,0.022662540897727013,0.022662540897727013,0.022662540897727013,0.0,3,text,0.0,0.0012753347228074156,0.09642942680884649,0.00015138629516084205,0.00015138629516084205,0.00010316513362340629,0.00013052841677563265,0.0001567178260302171,0.00017754550208337605,0.000192308405530639,1,3.5650649409671864e-05,7.2661723168731384e-06,0,44
0.9996797924936098,0.9999341309859856,3.391802879174301e-07,0,Toys,0.03518151487866212,-0.03518151487866212,-0.03576457500457764,-0.0356085654348135,-0.03533031418919563,-0.03489949554204941,-0.034374290704727174,0.0005822437335770587,-0.02559552527964115,0.02559552527964115,-0.02559552527964115,-0.02559552527964115,-0.02559552527964115,-0.02559552527964115,-0.02559552527964115,-0.02559552527964115,0.0,0.06641322276310864,0.06641322276310864,0.0658299058675766,0.0659862533211708,0.06626366823911667,0.06669559329748154,0.06721938848495483,0.0005823918680042074,0,0.12712153792381287,0.12712153792381287,0.12712153792381287,0.12712153792381287,0.12712153792381287,0.12712153792381287,0.12712153792381287,0.12712153792381287,0.0,0,visual,0.0,0.0003201879730686786,0.027893270254101127,6.87231834269979e-05,6.87231834269979e-05,6.152909918455407e-05,6.53540228086058e-05,6.856732943560928e-05,7.146525967982598e-05,7.578905351692811e-05,1,6.685299717430278e-06,3.391802879174301e-07,0,44
0.9998500709010669,0.9999648104019768,2.557692041275743e-06,0,Toys,0.02542903914464416,-0.02542903914464416,-0.02718503847718239,-0.026615001261234283,-0.02575136534869671,-0.02457284741103649,-0.023223521932959557,0.001599095093382234,-0.02226412668824196,0.02226412668824196,-0.02226412668824196,-0.02226412668824196,-0.02226412668824196,-0.02226412668824196,-0.02226412668824196,-0.02226412668824196,0.0,0.05459039000842444,0.05459039000842444,0.052832023799419404,0.05340593121945858,0.05426771193742752,0.055448831990361214,0.05679929330945015,0.001599278600268178,0,0.10242147743701935,0.10242147743701935,0.10242147743701935,0.10242147743701935,0.10242147743701935,0.10242147743701935,0.10242147743701935,0.10242147743701935,0.0,1,visual,0.0,0.0001499203094507094,0.01786993564267039,0.0001379253181379289,-0.0001379253181379289,-0.00015210630372166633,-0.00014342858776217327,-0.0001376125292154029,-0.00013116351328790188,-0.00012348702002782375,1,1.341719116646317e-05,2.557692041275743e-06,0,44
1.0002001022501676,0.9999963774539717,1.411514719554248e-06,0,Toys,0.03200262209549492,0.03200262209549492,0.03024884983897209,0.0313473716378212,0.032316580414772034,0.03290375508368015,0.033250273764133455,0.0011883138900637463,0.02508288249373436,0.02508288249373436,0.02508288249373436,0.02508288249373436,0.02508288249373436,0.02508288249373436,0.02508288249373436,0.02508288249373436,0.0,0.8008504952604456,0.8008504952604456,0.7990979552268982,0.8001954555511475,0.8011648058891296,0.8017513751983643,0.8020975351333618,0.0011880718494915398,0,0.7437979578971863,0.7437979578971863,0.7437979578971863,0.7437979578971863,0.7437979578971863,0.7437979578971863,0.7437979578971863,0.7437979578971863,0.0,2,visual,0.0,-0.00020009835971826335,-0.07411977408954977,3.2971183466891e-05,-3.2971183466891e-05,-3.636116234702058e-05,-3.4286744266864844e-05,-3.2896408811211586e-05,-3.135476799798198e-05,-2.9519692907342685e-05,1,3.207392780548403e-06,1.411514719554248e-06,0,44
0.9989907339169389,0.9999497972299207,9.75895536395309e-07,0,Toys,0.030301133776814877,0.030301133776814877,0.02884150668978691,0.029795954935252666,0.03061472252011299,0.031041556037962437,0.03127262592315674,0.0009869267697885068,0.025956641882658005,0.025956641882658005,0.025956641882658005,0.025956641882658005,0.025956641882658005,0.025956641882658005,0.025956641882658005,0.025956641882658005,0.0,0.0790224880052091,0.0790224880052091,0.07756391167640686,0.07851642742753029,0.07933680713176727,0.07976289093494415,0.07999641895294189,0.0009878742513069712,0,0.022662540897727013,0.022662540897727013,0.022662540897727013,0.022662540897727013,0.022662540897727013,0.022662540897727013,0.022662540897727013,0.022662540897727013,0.0,3,visual,0.0,0.001009283985788513,0.10031364445027123,0.00010217330133536005,0.00010217330133536005,9.147759265033528e-05,9.716424392536283e-05,0.00010194158676313236,0.00010625004870234989,0.00011267839145148175,1,9.939282609866811e-06,9.75895536395309e-07,0,44
0.9953003450396447,0.9993105812433938,7.152865009308224e-05,0,Grocery,0.05926988726996494,0.05926988726996494,0.04832721389830112,0.05693004094064236,0.06232523359358311,0.06488549709320068,0.06583629250526428,0.008423521392612427,0.04944194108247757,0.04944194108247757,0.04944194108247757,0.04944194108247757,0.04944194108247757,0.04944194108247757,0.04944194108247757,0.04944194108247757,0.0,0.2494535346177181,0.2494535346177181,0.2384270489215851,0.2470933198928833,0.25248613953590393,0.2550734654068947,0.25606167912483213,0.008457461208488174,0,0.14033211767673492,0.14033211767673492,0.14033211767673492,0.14033211767673492,0.14033211767673492,0.14033211767673492,0.14033211767673492,0.14033211767673492,0.0,0,text,0.0,0.004699654420000199,0.12608140413737987,0.00040958120298367783,0.00040958120298367783,9.536733850836755e-05,0.0001670839119469747,0.0003309430612716824,0.0005780584760941565,0.0008405822969507426,1,0.00031524985958391363,7.152865009308224e-05,0,42
0.99778371811921,0.9991672036067705,1.138171421289163e-06,0,Grocery,0.0008376990391212049,-0.0006252719147757804,-0.002187147946096957,-0.0011961477575823665,-0.00027899381530005485,0.00019008672825293615,0.0004041020292788744,0.0010653739677832835,-0.0021281882654875517,0.0021281882654875517,-0.0021281882654875517,-0.0021281882654875517,-0.0021281882654875517,-0.0021281882654875517,-0.0021281882654875517,-0.0021281882654875517,0.0,0.10046379893836643,0.10046379893836643,0.09890102371573448,0.0998871698975563,0.10080913826823235,0.10128150321543217,0.1014996699988842,0.0010668511711054934,0,0.10327382385730743,0.10327382385730743,0.10327382385730743,0.10327382385730743,0.10327382385730743,0.10327382385730743,0.10327382385730743,0.10327382385730743,0.0,1,text,0.0,0.002216303256606093,0.054311964349622946,5.656172265639197e-05,-5.656172265639197e-05,-0.00011608145941863768,-7.982784518389963e-05,-4.570207056531217e-05,-2.3073699139786186e-05,-1.3169893554731965e-05,1,4.353489609792663e-05,1.138171421289163e-06,0,42
0.9987978699334784,0.9999010309315975,8.59118035191212e-05,0,Grocery,0.06209339591914183,-0.06209339591914183,-0.07086966261267662,-0.06902480870485306,-0.06498179957270622,-0.057937078177928925,-0.04855367243289947,0.009258635980975363,-0.04419420287013054,0.04419420287013054,-0.04419420287013054,-0.04419420287013054,-0.04419420287013054,-0.04419420287013054,-0.04419420287013054,-0.04419420287013054,0.0,0.6336232456806826,0.6336232456806826,0.6248384058475495,0.6266874521970749,0.6307328641414642,0.6377867758274078,0.6471796810626984,0.009268862040138541,0,0.740080714225769,0.740080714225769,0.740080714225769,0.740080714225769,0.740080714225769,0.740080714225769,0.740080714225769,0.740080714225769,0.0,2,text,0.0,0.0012021059282788867,0.08522870903061185,0.00016985109945782704,-0.00016985109945782704,-0.0003485849127173424,-0.00023971771588549018,-0.00013724028394790366,-6.928878792678006e-05,-3.954831736336926e-05,1,0.00013073240382941527,8.59118035191212e-05,0,42
0.9988497259642722,0.9998859757218099,8.683822702256894e-05,0,Grocery,0.06214407173068176,-0.06214407173068176,-0.07163352370262147,-0.06938227079808712,-0.0646485984325409,-0.05738793406635523,-0.0485179804265499,0.009309045471205443,-0.05012863501906395,0.05012863501906395,-0.05012863501906395,-0.05012863501906395,-0.05012863501906395,-0.05012863501906395,-0.05012863501906395,-0.05012863501906395,0.0,0.09788603750803165,-0.09788603750803165,-0.10737906917929649,-0.10510307736694813,-0.10038521513342857,-0.09309890866279602,-0.08423450589179991,0.009318703076210173,0,0.014569835737347603,0.014569835737347603,0.014569835737347603,0.014569835737347603,0.014569835737347603,0.014569835737347603,0.014569835737347603,0.014569835737347603,0.0,3,text,1.0,0.0011502742064371956,0.07603114685863659,0.00018316834843339367,-0.00018316834843339367,-0.0003759158658795059,-0.0002585128750069998,-0.00014800066855968907,-7.472140350728296e-05,-4.264911876816766e-05,1,0.00014098253451235292,8.683822702256894e-05,0,42
0.9974685097493305,0.9997055393973053,1.2877828193199498e-05,0,Grocery,0.0034305991646876445,-0.0017316717949887597,-0.0056455355603247884,-0.004561477224342525,-0.0024523029569536448,0.00040981205529533327,0.003635144466534258,0.003580539001055285,-0.013582934625446796,0.013582934625446796,-0.013582934625446796,-0.013582934625446796,-0.013582934625446796,-0.013582934625446796,-0.013582934625446796,-0.013582934625446796,0.0,0.12525659378304252,0.12525659378304252,0.1213187649846077,0.12243100814521313,0.12454419583082199,0.12740017101168633,0.1306398093700409,0.003588569101076291,0,0.14033211767673492,0.14033211767673492,0.14033211767673492,0.14033211767673492,0.14033211767673492,0.14033211767673492,0.14033211767673492,0.14033211767673492,0.0,0,visual,0.0,0.002531498525781952,0.10399039097564323,0.00023907788376257522,0.00023907788376257522,0.00012327645381446928,0.0001833211244957056,0.0002424577614874579,0.0003024325269507244,0.0003517779288813472,1,8.735862327096224e-05,1.2877828193199498e-05,0,42
0.9991727586659063,0.9998100349579893,1.2282428592706444e-05,0,Grocery,0.02919059360714683,-0.02919059360714683,-0.033269607648253444,-0.03186490572988987,-0.02976442687213421,-0.02705151354894042,-0.024356234818696976,0.0035023957525186296,-0.024811893701553345,0.024811893701553345,-0.024811893701553345,-0.024811893701553345,-0.024811893701553345,-0.024811893701553345,-0.024811893701553345,-0.024811893701553345,0.0,0.049084345302507985,0.049084345302507985,0.04499800428748131,0.04640850517898798,0.048505742102861404,0.05121829826384783,0.0539387758821249,0.0035046295942233957,0,0.10327382385730743,0.10327382385730743,0.10327382385730743,0.10327382385730743,0.10327382385730743,0.10327382385730743,0.10327382385730743,0.10327382385730743,0.0,1,visual,0.0,0.0008272424610485369,0.042431394658305276,0.0001869912381118817,-0.0001869912381118817,-0.0002751379186520353,-0.00023654312826693058,-0.0001896347603178583,-0.00014338191249407828,-9.641886426834386e-05,1,6.832625780829549e-05,1.2282428592706444e-05,0,42
1.0001418779041968,0.9989438717660741,2.5575602606385978e-06,0,Grocery,0.030349205326604435,0.030349205326604435,0.02804112285375595,0.029479742515832186,0.030846704728901386,0.031588044948875904,0.03190770037472248,0.0016011553215048392,0.023238137364387512,0.023238137364387512,0.023238137364387512,0.023238137364387512,0.023238137364387512,0.023238137364387512,0.023238137364387512,0.023238137364387512,0.0,0.793466703686765,0.793466703686765,0.7911634266376495,0.7926098257303238,0.7939631342887878,0.7946967482566833,0.7950255870819092,0.0015992373997123122,0,0.740080714225769,0.740080714225769,0.740080714225769,0.740080714225769,0.740080714225769,0.740080714225769,0.740080714225769,0.740080714225769,0.0,2,visual,0.0,-0.00014190002674197106,-0.0030846237935917174,0.00020133850174088193,-0.00020133850174088193,-0.00029624841990880666,-0.0002546923642512411,-0.000204184849280864,-0.00015438316768268123,-0.0001038167836668435,1,7.356872181864984e-05,2.5575602606385978e-06,0,42
0.992841752613903,0.9984443190539815,9.516300015850316e-07,0,Grocery,0.021711392054920984,0.021711392054920984,0.02036608923226595,0.02121955482289195,0.02206298988312483,0.02244100533425808,0.0225728590041399,0.0009700413446371159,0.020658424124121666,0.020658424124121666,0.020658424124121666,0.020658424124121666,0.020658424124121666,0.020658424124121666,0.020658424124121666,0.020658424124121666,0.0,0.05708890375113395,0.05708890375113395,0.05573383383452892,0.05659431405365467,0.05744294635951519,0.05782051291316748,0.05795674696564675,0.000975515249283696,0,0.014569835737347603,0.014569835737347603,0.014569835737347603,0.014569835737347603,0.014569835737347603,0.014569835737347603,0.014569835737347603,0.014569835737347603,0.0,3,visual,0.0,0.007158232396308854,0.12804238990698746,0.00014925184442426856,0.00014925184442426856,7.695918466197327e-05,0.00011444394840509631,0.00015136183355934918,0.00018880295101553202,0.00021960837475489827,1,5.453635210642682e-05,9.516300015850316e-07,0,42
0.9978693820840248,0.9999010962954497,8.642468324418144e-05,0,Grocery,0.049075722338428183,0.049075722338428183,0.03524793237447739,0.04487526789307594,0.05257766507565975,0.05597548000514507,0.05726469904184341,0.009277598008814617,0.03883757442235947,0.03883757442235947,0.03883757442235947,0.03883757442235947,0.03883757442235947,0.03883757442235947,0.03883757442235947,0.03883757442235947,0.0,0.22019660724568063,0.22019660724568063,0.20634134858846664,0.21596283838152885,0.22371859848499298,0.2271174006164074,0.22840088605880737,0.009296487683215712,0,0.13195642828941345,0.13195642828941345,0.13195642828941345,0.13195642828941345,0.13195642828941345,0.13195642828941345,0.13195642828941345,0.13195642828941345,0.0,0,text,0.0,0.0021306232773981183,0.15008327167426935,0.0003268747332901838,0.0003268747332901838,0.0001801498729037121,0.00025129712594207376,0.0003204088716302067,0.0003801868806476705,0.0004794438456883654,1,0.00013197548824024017,8.642468324418144e-05,0,43
0.997381779813216,0.9997083220700616,8.036804160370821e-07,0,Grocery,0.009260559875820924,0.009260559875820924,0.008022662438452243,0.008753004483878613,0.009423847775906324,0.00993487797677517,0.010275063756853343,0.0008943959328863016,0.020263275131583214,0.020263275131583214,0.020263275131583214,0.020263275131583214,0.020263275131583214,0.020263275131583214,0.020263275131583214,0.020263275131583214,0.0,0.14629960342538265,0.14629960342538265,0.14505980014801026,0.14579162001609802,0.14646363258361816,0.146975539624691,0.1473163738846779,0.0008964822452436423,0,0.11682958900928497,0.11682958900928497,0.11682958900928497,0.11682958900928497,0.11682958900928497,0.11682958900928497,0.11682958900928497,0.11682958900928497,0.0,1,text,0.0,0.0026183191653133746,0.10803096271663111,5.381509425501067e-05,-5.381509425501067e-05,-7.893334768596105e-05,-6.259215115278494e-05,-5.275058538245503e-05,-4.1372359191882424e-05,-2.965901403513271e-05,1,2.172781381428193e-05,8.036804160370821e-07,0,43
0.9987059474293456,0.9998815712330407,6.023830638263606e-06,0,Grocery,0.04520029865975045,-0.04520029865975045,-0.04778894148766995,-0.047128149308264256,-0.04586773365736008,-0.04375534597784281,-0.041604893282055855,0.002451463597685653,-0.04501587152481079,0.04501587152481079,-0.04501587152481079,-0.04501587152481079,-0.04501587152481079,-0.04501587152481079,-0.04501587152481079,-0.04501587152481079,0.0,0.6492987020353362,0.6492987020353362,0.6467068314552307,0.6473722010850906,0.6486292779445648,0.6507497727870941,0.6528979301452636,0.002454349330935514,0,0.739608645439148,0.739608645439148,0.739608645439148,0.739608645439148,0.739608645439148,0.739608645439148,0.739608645439148,0.739608645439148,0.0,2,text,0.0,0.001293977669960465,0.08388301498628076,9.3772868385371e-05,-9.3772868385371e-05,-0.00013754145766142756,-0.00010906690295087174,-9.191796198138036e-05,-7.209138675534632e-05,-5.168086900084744e-05,1,3.786074247608272e-05,6.023830638263606e-06,0,43
0.9991588083847768,0.9999595295076201,6.427920509306306e-05,0,Grocery,0.055895850956819614,-0.055895850956819614,-0.06474824398756027,-0.0622621551156044,-0.057693962007761,-0.05115834902971983,-0.04423286728560925,0.008011011341182558,-0.04277757927775383,0.04277757927775383,-0.04277757927775383,-0.04277757927775383,-0.04277757927775383,-0.04277757927775383,-0.04277757927775383,-0.04277757927775383,0.0,0.08253774404481247,-0.08253774404481247,-0.0913941279053688,-0.08890585415065289,-0.08432774990797043,-0.0777956135571003,-0.07085972428321838,0.008017431327617534,0,0.016314974054694176,0.016314974054694176,0.016314974054694176,0.016314974054694176,0.016314974054694176,0.016314974054694176,0.016314974054694176,0.016314974054694176,0.0,3,text,1.0,0.0008411456939080111,0.09316359992644341,0.0001792867880531168,-0.0001792867880531168,-0.00026296907162759453,-0.00020852785019087605,-0.00017574034427525476,-0.00013783339454676025,-9.880999787128529e-05,1,7.238693913452478e-05,6.427920509306306e-05,0,43
0.9995415399456367,0.9998832064934011,5.777979378525476e-06,0,Grocery,0.017374840715996175,-0.017374840715996175,-0.019324485771358015,-0.018954071681946516,-0.01832745596766472,-0.01662597944959998,-0.013928858470171689,0.0024029214110034775,-0.020779859274625778,0.020779859274625778,-0.020779859274625778,-0.020779859274625778,-0.020779859274625778,-0.020779859274625778,-0.020779859274625778,-0.020779859274625778,0.0,0.09391695554547655,0.09391695554547655,0.09196817874908447,0.09233491867780685,0.09296101704239845,0.09466922469437122,0.09735507145524025,0.00240374278543389,0,0.13195642828941345,0.13195642828941345,0.13195642828941345,0.13195642828941345,0.13195642828941345,0.13195642828941345,0.13195642828941345,0.13195642828941345,0.0,0,visual,0.0,0.000458464868611953,0.029994898862538383,0.00011523095732806806,0.00011523095732806806,6.523080010083504e-05,9.162397691397928e-05,0.0001193532625620719,0.0001436674501746893,0.0001601428186404519,1,3.674063464428748e-05,5.777979378525476e-06,0,43
1.0000887314849785,0.9999958194195595,1.2808548508275008e-05,0,Grocery,0.01529591364469497,-0.01529591364469497,-0.019883157685399055,-0.017815448809415102,-0.015361850149929523,-0.012820308329537511,-0.010612598247826099,0.0035792357796311652,-0.009451300837099552,0.009451300837099552,-0.009451300837099552,-0.009451300837099552,-0.009451300837099552,-0.009451300837099552,-0.009451300837099552,-0.009451300837099552,0.0,0.09211485043405453,0.09211485043405453,0.08753247186541557,0.08959712274372578,0.09204890578985214,0.09459248371422291,0.09679284244775772,0.003578903254947667,0,0.11682958900928497,0.11682958900928497,0.11682958900928497,0.11682958900928497,0.11682958900928497,0.11682958900928497,0.11682958900928497,0.11682958900928497,0.0,1,visual,0.0,-8.873684254226894e-05,-0.030670960415311435,3.247499337623085e-05,3.247499337623085e-05,1.8383686074230356e-05,2.58219492934586e-05,3.36367647832958e-05,4.048911523568677e-05,4.513228959694971e-05,1,1.0354438540821286e-05,1.2808548508275008e-05,0,43
0.999129809313445,0.9984131648312021,2.680867882783107e-06,0,Grocery,0.03092173526134035,0.03092173526134035,0.028544082306325436,0.0298861232586205,0.03136059083044529,0.032241154462099075,0.032646076008677485,0.0016385108572700999,0.02415148913860321,0.02415148913860321,0.02415148913860321,0.02415148913860321,0.02415148913860321,0.02415148913860321,0.02415148913860321,0.02415148913860321,0.0,0.7943924631833108,0.7943924631833108,0.792024803161621,0.7933702617883682,0.7948305308818817,0.7957102805376053,0.7961151599884033,0.0016373356048113982,0,0.739608645439148,0.739608645439148,0.739608645439148,0.739608645439148,0.739608645439148,0.739608645439148,0.739608645439148,0.739608645439148,0.0,2,visual,0.0,0.0008699792759525197,0.015436126491273787,0.0002894215072265295,-0.0002894215072265295,-0.00040222503303084524,-0.00036084446037421003,-0.00029977536178193986,-0.00023012868041405454,-0.00016383788461098446,1,9.22801484407605e-05,2.680867882783107e-06,0,43
0.989187395121363,0.9968780759862708,3.2639945454006624e-07,0,Grocery,0.008137478192004234,0.008137478192004234,0.007327718939632177,0.0077671080362051725,0.008280538953840733,0.008587718242779374,0.00874905390664935,0.0005669062447817145,0.022179337218403816,0.022179337218403816,0.022179337218403816,0.022179337218403816,0.022179337218403816,0.022179337218403816,0.022179337218403816,0.022179337218403816,0.0,0.04677350501739003,0.04677350501739003,0.04595682583749294,0.04640114028006792,0.04691774770617485,0.04722983669489622,0.047392196208238604,0.0005713137969103023,0,0.016314974054694176,0.016314974054694176,0.016314974054694176,0.016314974054694176,0.016314974054694176,0.016314974054694176,0.016314974054694176,0.016314974054694176,0.0,3,visual,0.0,0.010812592879349972,0.13671290802058123,0.000141715566820444,0.000141715566820444,8.022340334719047e-05,0.00011268277012277395,0.00014678533625556156,0.00017668789223534986,0.0001969499484403059,1,4.518507858392399e-05,3.2639945454006624e-07,0,43
0.9969114431475563,0.999793055415266,0.0001265026621250047,0,Grocery,0.0569904624440897,0.0569904624440897,0.0405528012663126,0.05284961499273777,0.06120018661022186,0.06505380570888519,0.06642354056239128,0.011214923042340829,0.053176555782556534,0.053176555782556534,0.053176555782556534,0.053176555782556534,0.053176555782556534,0.053176555782556534,0.053176555782556534,0.053176555782556534,0.0,0.2523001205305717,0.2523001205305717,0.23580810874700547,0.24814443290233612,0.2565101087093353,0.2603848874568939,0.26178236603736876,0.01124734022447106,0,0.14150139689445496,0.14150139689445496,0.14150139689445496,0.14150139689445496,0.14150139689445496,0.14150139689445496,0.14150139689445496,0.14150139689445496,0.0,0,text,0.0,0.0030885590357312732,0.15052659812338745,0.0006317090443898936,0.0006317090443898936,0.00035445699177216744,0.000498729437822476,0.0006391122005879879,0.0007466219976777211,0.0008803448406979443,1,0.00023077698367805337,0.0001265026621250047,0,44
0.9987629252185901,0.9999357786297388,1.5366483157218513e-05,0,Grocery,0.01339225803629106,-0.01339225803629106,-0.01842460073530674,-0.01635586330667138,-0.013564520049840212,-0.010531028732657433,-0.008035350032150744,0.003915412713678837,0.001382498419843614,0.001382498419843614,0.001382498419843614,0.001382498419843614,0.001382498419843614,0.001382498419843614,0.001382498419843614,0.001382498419843614,0.0,0.10712048985021265,0.10712048985021265,0.1020880751311779,0.10415868647396564,0.10694443061947823,0.10998635180294514,0.11247575432062148,0.003920010606773726,0,0.11925243586301804,0.11925243586301804,0.11925243586301804,0.11925243586301804,0.11925243586301804,0.11925243586301804,0.11925243586301804,0.11925243586301804,0.0,1,text,0.0,0.001237079526060257,0.10863783056684836,0.00012218795012601001,-0.00012218795012601001,-0.00017028017755364998,-0.00014441492021433078,-0.0001236199022969231,-9.646645048633218e-05,-6.856063700979572e-05,1,4.463790226918099e-05,1.5366483157218513e-05,0,44
0.9978816358167273,0.9998892071615113,2.852449952917893e-05,0,Grocery,0.05434623222337302,-0.05434623222337302,-0.05992219150066376,-0.058336966671049595,-0.055658215656876564,-0.05163539759814739,-0.04675011560320854,0.005330109932440904,-0.03744728863239288,0.03744728863239288,-0.03744728863239288,-0.03744728863239288,-0.03744728863239288,-0.03744728863239288,-0.03744728863239288,-0.03744728863239288,0.0,0.6430976977319841,0.6430976977319841,0.6375107586383819,0.6391001641750336,0.6417831778526306,0.6458220928907394,0.6506856143474579,0.005340833224243099,0,0.7351105809211731,0.7351105809211731,0.7351105809211731,0.7351105809211731,0.7351105809211731,0.7351105809211731,0.7351105809211731,0.7351105809211731,0.0,2,text,0.0,0.002118306288808774,0.14116653957425385,0.00021937675357889023,-0.00021937675357889023,-0.0003057217545574531,-0.0002592831588117406,-0.00022194768098415807,-0.00017319626931566745,-0.00012309405283303926,1,8.014307526779084e-05,2.852449952917893e-05,0,44
0.9984260249106833,0.9999572521905156,0.0001280948337688493,0,Grocery,0.056360355426233466,-0.056360355426233466,-0.06891338601708412,-0.06529684737324715,-0.05877175182104111,-0.04979411046952009,-0.03991826772689819,0.011300567806761103,-0.04580697417259216,0.04580697417259216,-0.04580697417259216,-0.04580697417259216,-0.04580697417259216,-0.04580697417259216,-0.04580697417259216,-0.04580697417259216,0.0,0.09034931520758292,-0.09034931520758292,-0.10291971042752265,-0.09931078739464283,-0.09275916591286659,-0.08376780524849892,-0.07384238243103028,0.01131789882305233,0,0.012108159251511097,0.012108159251511097,0.012108159251511097,0.012108159251511097,0.012108159251511097,0.012108159251511097,0.012108159251511097,0.012108159251511097,0.0,3,text,1.0,0.0015740063040245516,0.1680671449028044,0.0002901443073620097,-0.0002901443073620097,-0.0004043428663862869,-0.00034292388590984046,-0.00029354458092711866,-0.0002290667107445188,-0.00016280228737741703,1,0.0001059959940778358,0.0001280948337688493,0,44
0.9944533384706213,0.9964986304002046,4.952136597913528e-06,0,Grocery,0.012997110223877647,-0.012995631216455458,-0.014767605438828468,-0.014413954457268119,-0.013762904331088066,-0.01239559380337596,-0.010052034631371498,0.0022207721973825575,-0.014922281727194786,0.014922281727194786,-0.014922281727194786,-0.014922281727194786,-0.014922281727194786,-0.014922281727194786,-0.014922281727194786,-0.014922281727194786,0.0,0.1141532943140564,0.1141532943140564,0.11235266625881195,0.1127316877245903,0.11339797452092171,0.11476057209074497,0.11709877476096153,0.002225339658998942,0,0.14150139689445496,0.14150139689445496,0.14150139689445496,0.14150139689445496,0.14150139689445496,0.14150139689445496,0.14150139689445496,0.14150139689445496,0.0,0,visual,0.0,0.005546667200179841,0.06633052072025011,0.0005698047930778154,0.0005698047930778154,0.0003245918254833669,0.0004506774275796488,0.0005867150030098855,0.000710322696249932,0.0008051700424402952,1,0.00018608656108530365,4.952136597913528e-06,0,44
0.9984338946812477,0.9998691371885737,1.9044428320450443e-05,0,Grocery,0.01680127382972339,-0.016801105382643698,-0.022368108853697777,-0.019881118088960648,-0.01690466981381178,-0.01380128227174282,-0.0110448713414371,0.004357728038766529,-0.013470012694597244,0.013470012694597244,-0.013470012694597244,-0.013470012694597244,-0.013470012694597244,-0.013470012694597244,-0.013470012694597244,-0.013470012694597244,0.0,0.08876443804671869,0.08876443804671869,0.08318731188774109,0.08568124659359455,0.08866672590374947,0.09176261723041534,0.09454998970031739,0.004363992245690916,0,0.11925243586301804,0.11925243586301804,0.11925243586301804,0.11925243586301804,0.11925243586301804,0.11925243586301804,0.11925243586301804,0.11925243586301804,0.0,1,visual,0.0,0.0015661065733519684,0.09649501430398974,0.00021687600043168368,-0.00021687600043168368,-0.00030645944061689077,-0.00027035917446482927,-0.00022331227955874056,-0.00017153439330286346,-0.0001235443749465048,1,7.082725456159636e-05,1.9044428320450443e-05,0,44
0.9979330075077346,0.9960860885063836,9.766700935468228e-07,0,Grocery,0.018560711507579337,0.018560711507579337,0.017139879800379277,0.018010850064456463,0.018844982609152794,0.01932886755093932,0.01951499879360199,0.000990098625372258,0.017942655831575394,0.017942655831575394,0.017942655831575394,0.017942655831575394,0.017942655831575394,0.017942655831575394,0.017942655831575394,0.017942655831575394,0.0,0.7713459172467514,0.7713459172467514,0.7699300050735474,0.7707985490560532,0.7716253101825714,0.7721103131771088,0.7723046958446502,0.0009882662058103692,0,0.7351105809211731,0.7351105809211731,0.7351105809211731,0.7351105809211731,0.7351105809211731,0.7351105809211731,0.7351105809211731,0.7351105809211731,0.0,2,visual,0.0,0.002067148558709869,0.02333744237541879,0.0002680423783041006,-0.0002680423783041006,-0.0003787607594858855,-0.00033414354402339086,-0.00027599712484516203,-0.00021200357150519267,-0.00015269152936525637,1,8.753714439223829e-05,9.766700935468228e-07,0,44
1.0011655907481105,0.9995216346733647,7.996995304941728e-07,0,Grocery,0.019323185947317318,0.019323185947317318,0.0179733881726861,0.018799492623656988,0.019625620916485786,0.02003242913633585,0.020202585496008396,0.0008957300341145148,0.01917218044400215,0.01917218044400215,0.01917218044400215,0.01917218044400215,0.01917218044400215,0.01917218044400215,0.01917218044400215,0.01917218044400215,0.0,0.05051863831899387,0.05051863831899387,0.04918079786002636,0.04999876860529184,0.05081675015389919,0.051225895062088966,0.051397093757987025,0.0008942592076653015,0,0.012108159251511097,0.012108159251511097,0.012108159251511097,0.012108159251511097,0.012108159251511097,0.012108159251511097,0.012108159251511097,0.012108159251511097,0.0,3,visual,0.0,-0.001165595099496244,-0.03759968322948434,8.488638430960848e-05,-8.488638430960848e-05,-0.00011994980523013509,-0.00010581997412373312,-8.740557677811012e-05,-6.713944458169863e-05,-4.835590407310518e-05,1,2.7722152438685945e-05,7.996995304941728e-07,0,44
0.22806065458964006,0.5277733552847823,3.515128419114123e-07,0,ele-fashion,0.0693675484600107,0.0693675484600107,0.06901682540774345,0.06921164691448212,0.06942103058099747,0.06956393271684647,0.06965351104736328,0.00025619668348669843,0.04639533534646034,0.04639533534646034,0.04639533534646034,0.04639533534646034,0.04639533534646034,0.04639533534646034,0.04639533534646034,0.04639533534646034,0.0,0.3142827868698159,0.3142827868698159,0.3137117177248001,0.31391099840402603,0.31415146589279175,0.3144637197256088,0.31512783467769623,0.0005928851844256292,0,0.1979772448539734,0.1979772448539734,0.1979772448539734,0.1979772448539734,0.1979772448539734,0.1979772448539734,0.1979772448539734,0.1979772448539734,0.0,0,text,0.0,0.7719389927227018,0.9031124024153655,0.0005426619192011879,0.0005426619192011879,0.00014643085887655616,0.0002555118699092418,0.00036314532917458564,0.0006280234665609896,0.0012774323113262653,1,0.0005067710185816243,3.515128419114123e-07,0,42
1.000012874856587,0.9999985113466263,0.0003644636758298409,0,ele-fashion,0.028016009031212263,-0.026188822713119727,-0.05242001637816429,-0.0401261942461133,-0.024818837642669678,-0.014152957359328866,-0.004189185332506895,0.01909120598275279,-0.051907140761613846,0.051907140761613846,-0.051907140761613846,-0.051907140761613846,-0.051907140761613846,-0.051907140761613846,-0.051907140761613846,-0.051907140761613846,0.0,0.015664839094214345,0.0033329116582440648,-0.02290273830294609,-0.010601880494505167,0.004708015127107501,0.015361682279035449,0.025358015671372414,0.019090931769555956,0,0.08139359951019287,0.08139359951019287,0.08139359951019287,0.08139359951019287,0.08139359951019287,0.08139359951019287,0.08139359951019287,0.08139359951019287,0.0,1,text,0.4056931734085083,-1.2875175621616567e-05,-0.0074614496130657616,3.5275619793578294e-05,3.5275619793578294e-05,9.51870606513694e-06,1.6609493741270853e-05,2.3606183276569936e-05,4.082453051523771e-05,8.303920913022012e-05,1,3.294253959484125e-05,0.0003644636758298409,0,42
0.9491426598344153,0.968119905924557,9.694907265071997e-07,0,ele-fashion,0.061180639266861084,-0.061180639266861084,-0.06226104870438576,-0.06195656955242157,-0.06134827435016632,-0.060619790107011795,-0.05989952012896538,0.0009653263769645697,-0.04554050788283348,0.04554050788283348,-0.04554050788283348,-0.04554050788283348,-0.04554050788283348,-0.04554050788283348,-0.04554050788283348,-0.04554050788283348,0.0,0.559531566496579,0.559531566496579,0.5584603548049927,0.5587683916091919,0.55935338139534,0.5600904226303101,0.5608437359333038,0.000984627201791216,0,0.6665171384811401,0.6665171384811401,0.6665171384811401,0.6665171384811401,0.6665171384811401,0.6665171384811401,0.6665171384811401,0.6665171384811401,0.0,2,text,0.0,0.05085737459639845,0.2027903905498836,0.0002644210168693101,-0.0002644210168693101,-0.0006224500830285251,-0.00030601485923398286,-0.00017694858252070844,-0.0001245023959199898,-7.135086343623698e-05,1,0.00024693258050105494,9.694907265071997e-07,0,42
0.9763910239477773,0.9830134367342708,2.5368929739689778e-06,0,ele-fashion,0.0638292652357602,-0.0638292652357602,-0.06562460213899612,-0.06509300693869591,-0.06405859440565109,-0.06295770220458508,-0.06173107214272022,0.001582032484797677,-0.04767601191997528,0.04767601191997528,-0.04767601191997528,-0.04767601191997528,-0.04767601191997528,-0.04767601191997528,-0.04767601191997528,-0.04767601191997528,0.0,0.16653567887380072,-0.16653567887380072,-0.16830258816480637,-0.16777723655104637,-0.16679155081510544,-0.1656852662563324,-0.16444296389818192,0.0015927626860172792,0,-0.05471688508987427,0.05471688508987427,-0.05471688508987427,-0.05471688508987427,-0.05471688508987427,-0.05471688508987427,-0.05471688508987427,-0.05471688508987427,0.0,3,text,1.0,0.023608984367507243,0.12843561557052863,0.0003135165577376617,-0.0003135165577376617,-0.0007380215683951974,-0.0003628332051448524,-0.0002098029581247829,-0.00014761897909920663,-8.459871241939254e-05,1,0.00029278101084571304,2.5368929739689778e-06,0,42
0.7514890719375221,0.9535353099425363,2.4523250948886006e-07,0,ele-fashion,0.06571344060904978,0.06571344060904978,0.06515036150813103,0.06555825471878052,0.0658455491065979,0.06598774716258049,0.06606444716453552,0.0003902787549333579,0.05235695838928223,0.05235695838928223,0.05235695838928223,0.05235695838928223,0.05235695838928223,0.05235695838928223,0.05235695838928223,0.05235695838928223,0.0,0.31754880046292366,0.31754880046292366,0.3168006092309952,0.3173309564590454,0.31773295998573303,0.3179003596305847,0.3179910480976105,0.000495209561184818,0,0.1979772448539734,0.1979772448539734,0.1979772448539734,0.1979772448539734,0.1979772448539734,0.1979772448539734,0.1979772448539734,0.1979772448539734,0.0,0,visual,0.0,0.24851085705698694,0.7230252652931264,0.0015011567355461258,0.0015011567355461258,0.001276578928809613,0.0014748115499969572,0.0015738035435788333,0.0016010406252462417,0.0016110510914586484,1,0.00017020837082776222,2.4523250948886006e-07,0,42
1.0001286916422203,0.9999997476193377,2.750049516195738e-05,0,ele-fashion,0.028818830028515242,-0.028818830028515242,-0.03486119769513607,-0.03245946206152439,-0.029390888288617134,-0.025647333823144436,-0.021986807696521282,0.005244767646897339,-0.032877106219530106,0.032877106219530106,-0.032877106219530106,-0.032877106219530106,-0.032877106219530106,-0.032877106219530106,-0.032877106219530106,-0.032877106219530106,0.0,0.019731061439395348,0.019731061439395348,0.013689640443772078,0.016090333927422762,0.019159182906150818,0.022901717107743025,0.026561769656836987,0.005244091452478435,0,0.08139359951019287,0.08139359951019287,0.08139359951019287,0.08139359951019287,0.08139359951019287,0.08139359951019287,0.08139359951019287,0.08139359951019287,0.0,1,visual,0.0,-0.00012869111194666527,-0.17821374509911542,3.3398175222825366e-05,3.3398175222825366e-05,2.8401702365954407e-05,3.281204044469632e-05,3.5014441891689785e-05,3.5620421840576455e-05,3.5843137084157206e-05,1,3.7868457328817035e-06,2.750049516195738e-05,0,42
0.9730929846247849,0.9963177745314511,8.133875495592514e-07,0,ele-fashion,0.07269098872574048,-0.07269098872574048,-0.07351894304156303,-0.07330463640391827,-0.07292596995830536,-0.07234524935483932,-0.07160139083862305,0.0008808566218385914,-0.0592455230653286,0.0592455230653286,-0.0592455230653286,-0.0592455230653286,-0.0592455230653286,-0.0592455230653286,-0.0592455230653286,-0.0592455230653286,0.0,0.5338810113557263,0.5338810113557263,0.5330480337142944,0.5332575440406799,0.5336313247680664,0.5342250317335129,0.5349971950054169,0.0009018800084042508,0,0.6665171384811401,0.6665171384811401,0.6665171384811401,0.6665171384811401,0.6665171384811401,0.6665171384811401,0.6665171384811401,0.6665171384811401,0.0,2,visual,0.0,0.0269068788953758,0.3059145835495264,0.0006996116421787306,-0.0006996116421787306,-0.0007508277194574475,-0.0007461623463314027,-0.000733468565158546,-0.0006873334932606667,-0.0005949475453235209,1,7.932533285182518e-05,8.133875495592514e-07,0,42
0.9788437013964548,0.9977142230072158,1.850653662378225e-06,0,ele-fashion,0.07024309234129134,-0.07024309234129134,-0.07144004106521606,-0.07115012221038342,-0.07062304019927979,-0.06978495605289936,-0.06862778961658478,0.0013346572892723363,-0.057494889944791794,0.057494889944791794,-0.057494889944791794,-0.057494889944791794,-0.057494889944791794,-0.057494889944791794,-0.057494889944791794,-0.057494889944791794,0.0,0.18328981430565103,-0.18328981430565103,-0.18449316918849945,-0.1842033863067627,-0.18368812650442123,-0.18282699212431908,-0.1816367506980896,0.0013603873207209134,0,-0.05471688508987427,0.05471688508987427,-0.05471688508987427,-0.05471688508987427,-0.05471688508987427,-0.05471688508987427,-0.05471688508987427,-0.05471688508987427,0.0,3,visual,1.0,0.02115631803228181,0.3040120770344923,0.0008349432344693057,-0.0008349432344693057,-0.0008960664563346654,-0.0008904986316338181,-0.0008753493602853268,-0.0008202900498872623,-0.0007100330840330571,0,9.466987984490505e-05,1.850653662378225e-06,0,42
0.3555100356458501,0.6354889534577887,5.058066426717014e-07,0,ele-fashion,0.0637283858496038,0.0637283858496038,0.06319040805101395,0.06356977298855782,0.06383522227406502,0.06400014087557793,0.06410815194249153,0.0003978653548063644,0.04472779855132103,0.04472779855132103,0.04472779855132103,0.04472779855132103,0.04472779855132103,0.04472779855132103,0.04472779855132103,0.04472779855132103,0.0,0.3115019342946413,0.3115019342946413,0.3107409179210663,0.311120867729187,0.3114306479692459,0.3117488920688629,0.3124093860387802,0.0007112008455223471,0,0.20242279767990112,0.20242279767990112,0.20242279767990112,0.20242279767990112,0.20242279767990112,0.20242279767990112,0.20242279767990112,0.20242279767990112,0.0,0,text,0.0,0.6444898837874636,0.8306917289776119,0.0006229484550652516,0.0006229484550652516,0.00017520332767162472,0.0003097170774708502,0.0004512179148150608,0.0006945260247448459,0.0013852228876203299,1,0.0005517832118593259,5.058066426717014e-07,0,43
1.0002265465941391,0.9999986637068884,0.0013234794438142265,0,ele-fashion,0.031225122798156618,-0.005967657848448133,-0.05508369021117687,-0.03539714217185974,-0.008415001444518566,0.024958282243460417,0.046369120478630066,0.036387947317529465,-0.05654684826731682,0.05654684826731682,-0.05654684826731682,-0.05654684826731682,-0.05654684826731682,-0.05654684826731682,-0.05654684826731682,-0.05654684826731682,0.0,0.03237930546924239,0.015476242510358918,-0.033650681376457214,-0.013955713016912341,0.01305367425084114,0.04640676733106375,0.06779339164495468,0.03637965700517566,0,0.07792294770479202,0.07792294770479202,0.07792294770479202,0.07792294770479202,0.07792294770479202,0.07792294770479202,0.07792294770479202,0.07792294770479202,0.0,1,text,0.35490864515304565,-0.0002265469698323358,-0.13723502065031284,6.780091210175936e-05,6.780091210175936e-05,1.906890611280687e-05,3.3709209674270824e-05,4.9109979954664595e-05,7.559132609458175e-05,0.00015076588897500187,1,6.005537813167126e-05,0.0013234794438142265,0,43
0.9686749872505889,0.9864085773054423,2.8299231624763406e-06,0,ele-fashion,0.06804058588910916,-0.06804058588910916,-0.0696159079670906,-0.06917258352041245,-0.0684794969856739,-0.06742788851261139,-0.06590211763978004,0.0016519943878133276,-0.05141099542379379,0.05141099542379379,-0.05141099542379379,-0.05141099542379379,-0.05141099542379379,-0.05141099542379379,-0.05141099542379379,-0.05141099542379379,0.0,0.5457052613916401,0.5457052613916401,0.5441142916679382,0.544560506939888,0.5452579259872437,0.5463120937347412,0.5478809475898743,0.0016822375463876498,0,0.6654689908027649,0.6654689908027649,0.6654689908027649,0.6654689908027649,0.6654689908027649,0.6654689908027649,0.6654689908027649,0.6654689908027649,0.0,2,text,0.0,0.03132500455956378,0.1905769008178537,0.00031217048215697674,-0.00031217048215697674,-0.0006941596511751413,-0.00034803926246240735,-0.0002261132758576423,-0.0001552046996948775,-8.779748532106169e-05,1,0.00027650832070790974,2.8299231624763406e-06,0,43
0.97749395969829,0.9846539960741251,3.6841436178923794e-06,0,ele-fashion,0.06241122708398253,-0.06241122708398253,-0.06453124433755875,-0.0639433041214943,-0.0627504289150238,-0.06135350838303566,-0.05982095003128052,0.001905455060573684,-0.04963125288486481,0.04963125288486481,-0.04963125288486481,-0.04963125288486481,-0.04963125288486481,-0.04963125288486481,-0.04963125288486481,-0.04963125288486481,0.0,0.16800233046679977,-0.16800233046679977,-0.1700945869088173,-0.16951164230704308,-0.16838032752275467,-0.16694952547550201,-0.16539381444454193,0.001919412310550388,0,-0.055581267923116684,0.055581267923116684,-0.055581267923116684,-0.055581267923116684,-0.055581267923116684,-0.055581267923116684,-0.055581267923116684,-0.055581267923116684,0.0,3,text,1.0,0.02250606405137696,0.1288235085856781,0.000378578837590572,-0.000378578837590572,-0.0008418289944529533,-0.0004220780319883488,-0.00027421458798926324,-0.00018822155834641308,-0.00010647473391145468,1,0.00033533022719621085,3.6841436178923794e-06,0,43
0.24630666307019516,0.6075695172198984,2.429288129607567e-07,0,ele-fashion,0.07263116050715303,0.07263116050715303,0.07236815989017487,0.07252838090062141,0.07266690954566002,0.0727766752243042,0.07284951955080032,0.00019981114020219652,0.05755940079689026,0.05755940079689026,0.05755940079689026,0.05755940079689026,0.05755940079689026,0.05755940079689026,0.05755940079689026,0.05755940079689026,0.0,0.33456299074685064,0.33456299074685064,0.33385540544986725,0.33437448740005493,0.3347300887107849,0.33490753173828125,0.3350037932395935,0.0004928780913783414,0,0.20242279767990112,0.20242279767990112,0.20242279767990112,0.20242279767990112,0.20242279767990112,0.20242279767990112,0.20242279767990112,0.20242279767990112,0.0,0,visual,0.0,0.7536934078462802,0.9195943081635927,0.001949631783259827,0.001949631783259827,0.001371689373627305,0.001891698979306966,0.0021430186461657286,0.002184252778533846,0.002196944085881114,1,0.00040395962115679794,2.429288129607567e-07,0,43
0.9974101744710921,0.9999777871638985,0.0001297184864176093,0,ele-fashion,0.01587908502089104,-0.014799374414776275,-0.029662766493856907,-0.022934775333851576,-0.014841869473457336,-0.00702637666836381,0.00011492904741317034,0.011360158149460214,-0.03033905290067196,0.03033905290067196,-0.03033905290067196,-0.03033905290067196,-0.03033905290067196,-0.03033905290067196,-0.03033905290067196,-0.03033905290067196,0.0,0.03317670603578393,0.03317670603578393,0.01826025452464819,0.02501779980957508,0.03314621187746525,0.040973410941660404,0.04813535138964653,0.011389402373154146,0,0.07792294770479202,0.07792294770479202,0.07792294770479202,0.07792294770479202,0.07792294770479202,0.07792294770479202,0.07792294770479202,0.07792294770479202,0.0,1,visual,0.0,0.002589825588600333,0.3629880543171753,0.0003921875119779089,0.0003921875119779089,0.0002759287308435887,0.00038053376192692667,0.0004310891672503203,0.0004393838098621927,0.000441936805145815,1,8.126043089860521e-05,0.0001297184864176093,0,43
0.947572196204544,0.9947532052499488,3.8114203743632633e-06,0,ele-fashion,0.07611362219767195,-0.07611362219767195,-0.07747148722410202,-0.07721773162484169,-0.0767747312784195,-0.07580175250768661,-0.07391176000237465,0.0018596892795697728,-0.06697715073823929,0.06697715073823929,-0.06697715073823929,-0.06697715073823929,-0.06697715073823929,-0.06697715073823929,-0.06697715073823929,-0.06697715073823929,0.0,0.521335558192326,0.521335558192326,0.5198985934257507,0.5201503187417984,0.5206376612186432,0.5216765254735947,0.5237529575824738,0.0019522859356055566,0,0.6654689908027649,0.6654689908027649,0.6654689908027649,0.6654689908027649,0.6654689908027649,0.6654689908027649,0.6654689908027649,0.6654689908027649,0.0,2,visual,0.0,0.052427788146601435,0.47377688691469866,0.0010426672469122066,-0.0010426672469122066,-0.0011749304248951375,-0.0011681430332828313,-0.001146090915426612,-0.0010116847115568817,-0.0007335823902394623,1,0.00021603846928891252,3.8114203743632633e-06,0,43
0.9465729391543811,0.9942307052025136,5.454917132508826e-06,0,ele-fashion,0.07774503474415216,-0.07774503474415216,-0.07932974770665169,-0.0790618248283863,-0.07856351882219315,-0.07729841023683548,-0.07521233707666397,0.002223622151766168,-0.07018990814685822,0.07018990814685822,-0.07018990814685822,-0.07018990814685822,-0.07018990814685822,-0.07018990814685822,-0.07018990814685822,-0.07018990814685822,0.0,0.20481536650517188,-0.20481536650517188,-0.20649825036525726,-0.20622142404317856,-0.20568086206912994,-0.20431480184197426,-0.20208097994327545,0.00233557640262716,0,-0.055581267923116684,0.055581267923116684,-0.055581267923116684,-0.055581267923116684,-0.055581267923116684,-0.055581267923116684,-0.055581267923116684,-0.055581267923116684,0.0,3,visual,1.0,0.053427048173364425,0.4635642839720732,0.0012991518945097967,-0.0012991518945097967,-0.0014639503206126392,-0.0014554933295585215,-0.0014280166942626238,-0.0012605479278136045,-0.0009140355687122792,0,0.00026918155106024486,5.454917132508826e-06,0,43
0.11708254422883352,0.3761031258918305,3.302937906731137e-07,0,ele-fashion,0.07033357115871394,0.07033357115871394,0.07009591534733772,0.0702371746301651,0.07036548852920532,0.07046487927436829,0.0705314464867115,0.0001789103283850478,0.05107399821281433,0.05107399821281433,0.05107399821281433,0.05107399821281433,0.05107399821281433,0.05107399821281433,0.05107399821281433,0.05107399821281433,0.0,0.32628042025035986,0.32628042025035986,0.32578936219215393,0.32594964653253555,0.3261313736438751,0.3263704478740692,0.32705608010292053,0.0005747119197242334,0,0.20433743298053741,0.20433743298053741,0.20433743298053741,0.20433743298053741,0.20433743298053741,0.20433743298053741,0.20433743298053741,0.20433743298053741,0.0,0,text,0.0,0.8829176568516018,0.9505584274596658,0.000535402976292246,0.000535402976292246,0.00014629849465563893,0.00025047347298823297,0.00035318655136507004,0.0005579493299592286,0.0012703542597591877,1,0.0005338160042236197,3.302937906731137e-07,0,44
1.0000468965563778,0.9999998753599721,0.0006838648486968611,0,ele-fashion,0.023263017151254662,-0.01634191104824079,-0.055909302085638046,-0.038051371462643147,-0.009498338215053082,0.004993906710296869,0.013145905453711748,0.026152039356494357,-0.050042394548654556,0.050042394548654556,-0.050042394548654556,-0.050042394548654556,-0.050042394548654556,-0.050042394548654556,-0.050042394548654556,-0.050042394548654556,0.0,0.02740202171580163,0.01698878241643854,-0.02258226927369833,-0.004718285519629717,0.0238222423940897,0.038321119733154774,0.046473488211631775,0.026150809713981347,0,0.08335993438959122,0.08335993438959122,0.08335993438959122,0.08335993438959122,0.08335993438959122,0.08335993438959122,0.08335993438959122,0.08335993438959122,0.0,1,text,0.2863776683807373,-4.689671997573039e-05,-0.09351291440844245,1.3153617476412726e-05,1.3153617476412726e-05,3.594216991587018e-06,6.153555887067341e-06,8.676979177835165e-06,1.3707529205930769e-05,3.120967448921874e-05,1,1.3114629225848124e-05,0.0006838648486968611,0,44
0.961041539581191,0.9702106637589901,9.413239993399604e-07,0,ele-fashion,0.060632172027133384,-0.060632172027133384,-0.06172173470258713,-0.061415412463247776,-0.06078028306365013,-0.06006142869591713,-0.05936927907168865,0.0009610493332088486,-0.05348466336727142,0.05348466336727142,-0.05348466336727142,-0.05348466336727142,-0.05348466336727142,-0.05348466336727142,-0.05348466336727142,-0.05348466336727142,0.0,0.5519777460708226,0.5519777460708226,0.5508992373943329,0.5512073040008545,0.5518211424350739,0.5525556206703186,0.5532519221305847,0.000970218531744246,0,0.6663311719894409,0.6663311719894409,0.6663311719894409,0.6663311719894409,0.6663311719894409,0.6663311719894409,0.6663311719894409,0.6663311719894409,0.0,2,text,0.0,0.038958345564289724,0.16024671337753954,0.0002365756983824816,-0.0002365756983824816,-0.0005613247631117702,-0.0002465381330694072,-0.0001560606833663769,-0.00011067538980569225,-6.46441476419568e-05,1,0.00023587447153139567,9.413239993399604e-07,0,44
0.9483323505737533,0.9704875259673374,1.6625124312345287e-06,0,ele-fashion,0.06793760148386128,-0.06793760148386128,-0.06927935779094696,-0.06889888271689415,-0.06818647682666779,-0.06731754541397095,-0.06634115800261497,0.0012599492693632505,-0.05288591980934143,0.05288591980934143,-0.05288591980934143,-0.05288591980934143,-0.05288591980934143,-0.05288591980934143,-0.05288591980934143,-0.05288591980934143,0.0,0.17655564759483636,-0.17655564759483636,-0.17787713557481766,-0.1775081567466259,-0.17681626975536346,-0.1759403683245182,-0.17491622269153595,0.0012893845164397347,0,-0.055420149117708206,0.055420149117708206,-0.055420149117708206,-0.055420149117708206,-0.055420149117708206,-0.055420149117708206,-0.055420149117708206,-0.055420149117708206,0.0,3,text,1.0,0.051667669597708264,0.21417188035979684,0.0003119809422894893,-0.0003119809422894893,-0.0007402392802760005,-0.00032511876634089276,-0.0002058028767351061,-0.0001459516497561708,-8.524857912561856e-05,1,0.0003110562090032179,1.6625124312345287e-06,0,44
0.5716288337611154,0.7314333780587233,4.128112266969258e-08,0,ele-fashion,0.07201448002295509,0.07201448002295509,0.07179674878716469,0.07194487936794758,0.07205864787101746,0.07212460786104202,0.07216813787817955,0.00015878705793336006,0.05903635174036026,0.05903635174036026,0.05903635174036026,0.05903635174036026,0.05903635174036026,0.05903635174036026,0.05903635174036026,0.05903635174036026,0.0,0.3371410078321432,0.3371410078321432,0.3368849754333496,0.33705461025238037,0.3371925801038742,0.33728131651878357,0.3373359143733978,0.00020317756438566878,0,0.20433743298053741,0.20433743298053741,0.20433743298053741,0.20433743298053741,0.20433743298053741,0.20433743298053741,0.20433743298053741,0.20433743298053741,0.0,0,visual,0.0,0.4283714203555943,0.6265028073395981,0.0017527357728028012,0.0017527357728028012,0.0016775202238932252,0.0017600933788344264,0.001791547518223524,0.0018081761663779616,0.0018184813670814037,1,0.0001389227004582299,4.128112266969258e-08,0,44
1.0001129765938637,0.999999971292064,0.0012869079936902543,0,ele-fashion,0.03614616551248289,-0.020391840545908257,-0.060827430337667465,-0.05104977358132601,-0.028491050004959106,0.0066047292202711105,0.03448686562478542,0.035877553776492425,-0.027696518227458,0.027696518227458,-0.027696518227458,-0.027696518227458,-0.027696518227458,-0.027696518227458,-0.027696518227458,-0.027696518227458,0.0,0.037810856747081685,0.03539148584807891,-0.005041461670771241,0.004737625480629504,0.02729454543441534,0.06239240989089012,0.09027015790343285,0.03587349988069542,0,0.08335993438959122,0.08335993438959122,0.08335993438959122,0.08335993438959122,0.08335993438959122,0.08335993438959122,0.08335993438959122,0.08335993438959122,0.0,1,visual,0.17624737322330475,-0.00011297620435586111,-0.4264233248859948,0.00011991210093616398,0.00011991210093616398,0.00011476628787931986,0.00012041546870023012,0.00012256737682037055,0.00012370501644909382,0.00012441003491403535,1,9.504292136376314e-06,0.0012869079936902543,0,44
0.9747525023278052,0.9943989807061132,4.5041206334880635e-07,0,ele-fashion,0.0740485351230989,-0.0740485351230989,-0.07476803660392761,-0.07458554208278656,-0.07417462766170502,-0.07366946525871754,-0.07315809279680252,0.0006578678987470298,-0.06003740429878235,0.06003740429878235,-0.06003740429878235,-0.06003740429878235,-0.06003740429878235,-0.06003740429878235,-0.06003740429878235,-0.06003740429878235,0.0,0.5313423406897816,0.5313423406897816,0.5306077003479004,0.5307931303977966,0.5312135517597198,0.5317319631576538,0.5322512984275818,0.0006711274568580892,0,0.6663311719894409,0.6663311719894409,0.6663311719894409,0.6663311719894409,0.6663311719894409,0.6663311719894409,0.6663311719894409,0.6663311719894409,0.0,2,visual,0.0,0.02524781486036799,0.23676739454739149,0.0009029218063237467,-0.0009029218063237467,-0.0009367906604893506,-0.0009314819471910596,-0.0009229156421497464,-0.0009067120990948752,-0.0008641745371278375,1,7.15660271164196e-05,4.5041206334880635e-07,0,44
0.9972943426976344,0.9970316737662765,9.94834850842691e-07,0,ele-fashion,0.06533520791089845,-0.06533520791089845,-0.06630968675017357,-0.06605545803904533,-0.06556564569473267,-0.06493500806391239,-0.06413182243704796,0.0009976768516123762,-0.057883117347955704,0.057883117347955704,-0.057883117347955704,-0.057883117347955704,-0.057883117347955704,-0.057883117347955704,-0.057883117347955704,-0.057883117347955704,0.0,0.17960820055299598,-0.17960820055299598,-0.18059572577476501,-0.18033508956432343,-0.17982439696788788,-0.1791994273662567,-0.178409643471241,0.0009974140819352267,0,-0.055420149117708206,0.055420149117708206,-0.055420149117708206,-0.055420149117708206,-0.055420149117708206,-0.055420149117708206,-0.055420149117708206,-0.055420149117708206,0.0,3,visual,1.0,0.0027056715294805165,0.03511112089444575,0.0009697261492843144,-0.0009697261492843144,-0.0010061008506454527,-0.0010003993520513177,-0.0009911992819979787,-0.0009737968357512727,-0.0009281120728701353,0,7.686097213210858e-05,9.94834850842691e-07,0,44
0.996075069723447,0.9999730165277028,0.0003561010502682689,0,Reddit-S,0.0376731809287694,0.037536428783241156,0.012051805481314659,0.021607052069157362,0.038527607917785645,0.05504484660923481,0.061899433657526974,0.01879708116550304,0.04591141268610954,0.04591141268610954,0.04591141268610954,0.04591141268610954,0.04591141268610954,0.04591141268610954,0.04591141268610954,0.04591141268610954,0.0,0.26437161263766135,0.26437161263766135,0.23883184045553207,0.24838732182979584,0.2653428018093109,0.28191373497247696,0.28883972465991975,0.018870639900868992,0,0.17909912765026093,0.17909912765026093,0.17909912765026093,0.17909912765026093,0.17909912765026093,0.17909912765026093,0.17909912765026093,0.17909912765026093,0.0,0,text,0.0,0.003924938017040493,0.472673103679883,0.001824639871387718,0.001824639871387718,0.001644088630564511,0.0017557053361088037,0.0018486024346202612,0.0019374863477423787,0.0019895155215635895,0,0.00015669622700377524,0.0003561010502682689,0,42
0.9993691281945827,0.9999995270217429,0.0017828477735095099,0,Reddit-S,0.03717212903257116,-0.008522246170501548,-0.06366996765136719,-0.05046590603888035,-0.00828750990331173,0.026290001813322306,0.0524798057973385,0.04219716424908964,-0.03944109007716179,0.03944109007716179,-0.03944109007716179,-0.03944109007716179,-0.03944109007716179,-0.03944109007716179,-0.03944109007716179,-0.03944109007716179,0.0,0.05268799390170593,0.050905078504545564,-0.00427669398486614,0.008956635603681207,0.0511437114328146,0.08574177883565426,0.11194954812526703,0.04222378208438356,0,0.0994381532073021,0.0994381532073021,0.0994381532073021,0.0994381532073021,0.0994381532073021,0.0994381532073021,0.0994381532073021,0.0994381532073021,0.0,1,text,0.16484208405017853,0.0006308707147641335,0.5444281355008227,0.0005697384902415527,-0.0005697384902415527,-0.0006212204229086637,-0.0006049744843039662,-0.0005772207514382899,-0.0005482138803927228,-0.0005133618949912488,1,4.8927940799965934e-05,0.0017828477735095099,0,42
0.9993158259591008,0.9999994412798676,0.0015087215928835268,0,Reddit-S,0.03342025346329593,-0.0024995452356494845,-0.054231491312384604,-0.03938966803252697,-0.0015368543099611998,0.029284754302352667,0.05298227854073049,0.03881571236511306,-0.03968927264213562,0.03968927264213562,-0.03968927264213562,-0.03968927264213562,-0.03968927264213562,-0.03968927264213562,-0.03968927264213562,-0.03968927264213562,0.0,0.6515864263552007,0.6515864263552007,0.5998172521591186,0.6146703511476517,0.6525417566299438,0.6833958178758621,0.7071217358112335,0.0388422655477706,0,0.6943445205688477,0.6943445205688477,0.6943445205688477,0.6943445205688477,0.6943445205688477,0.6943445205688477,0.6943445205688477,0.6943445205688477,0.0,2,text,0.0,0.000684167149282862,0.5436069514189518,0.0005692465282526084,-0.0005692465282526084,-0.0006206840218510479,-0.0006044520705472678,-0.0005767223192378879,-0.0005477404920384288,-0.0005129186261910945,1,4.888569217545819e-05,0.0015087215928835268,0,42
0.9991668145571283,0.9999992555569999,0.0015899983508925529,0,Reddit-S,0.03466395279650934,-0.0033877142389667704,-0.056401632353663446,-0.04203174542635679,-0.0023207846097648144,0.029036872554570436,0.05248462930321694,0.03984158996691293,-0.040168002247810364,0.040168002247810364,-0.040168002247810364,-0.040168002247810364,-0.040168002247810364,-0.040168002247810364,-0.040168002247810364,-0.040168002247810364,0.0,0.07260252799362925,-0.07260252799362925,-0.12566501647233963,-0.11125848069787025,-0.07154985144734383,-0.04013386741280556,-0.0166947307065129,0.03987478339618352,0,-0.028361158445477486,0.028361158445477486,-0.028361158445477486,-0.028361158445477486,-0.028361158445477486,-0.028361158445477486,-0.028361158445477486,-0.028361158445477486,0.0,3,text,1.0,0.0008331855175314563,0.5642259762787124,0.0006856549163638583,-0.0006856549163638583,-0.0007476111350115389,-0.0007280598656507209,-0.0006946594803594053,-0.0006597510218853131,-0.0006178081675898284,0,5.888259923714072e-05,0.0015899983508925529,0,42
0.9973061410961297,0.997181121821068,1.0855451876501578e-05,0,Reddit-S,0.034680656954572044,0.034680656954572044,0.03269002512097359,0.03464067727327347,0.03562144190073013,0.036222140304744244,0.03662292324006557,0.0032951743506886965,0.02711500972509384,0.02711500972509384,0.02711500972509384,0.02711500972509384,0.02711500972509384,0.02711500972509384,0.02711500972509384,0.02711500972509384,0.0,0.2411350121920148,0.2411350121920148,0.23908865600824356,0.2410484440624714,0.24203898757696152,0.24267560988664627,0.2431216135621071,0.003294761277619606,0,0.17909912765026093,0.17909912765026093,0.17909912765026093,0.17909912765026093,0.17909912765026093,0.17909912765026093,0.17909912765026093,0.17909912765026093,0.0,0,visual,0.0,0.002693681698778446,0.03587279433906004,0.00024022547061373448,0.00024022547061373448,7.330203079618514e-05,0.00011226923561480362,0.0001550278830109164,0.000234274280956015,0.0005622804688755423,1,0.0002474030339394066,1.0855451876501578e-05,0,42
0.9977536481861432,0.9990980691785983,3.63594101594982e-06,0,Reddit-S,0.03933668701437317,-0.03933668701437317,-0.04039199501276016,-0.040228764526546,-0.039871662855148315,-0.03911107778549194,-0.03838804848492146,0.0019042484877630945,-0.0291583389043808,0.0291583389043808,-0.0291583389043808,-0.0291583389043808,-0.0291583389043808,-0.0291583389043808,-0.0291583389043808,-0.0291583389043808,0.0,0.030864504277045186,0.030864504277045186,0.02980818897485733,0.029979045502841473,0.03032293077558279,0.031093731988221407,0.031823310628533365,0.0019068143632639807,0,0.0994381532073021,0.0994381532073021,0.0994381532073021,0.0994381532073021,0.0994381532073021,0.0994381532073021,0.0994381532073021,0.0994381532073021,0.0,1,visual,0.0,0.0022462937509454928,0.05289799156061643,7.862303646799239e-05,-7.862303646799239e-05,-0.00018402794230496511,-7.667527825105935e-05,-5.073884494777303e-05,-3.674443087220425e-05,-2.3990911904547824e-05,1,8.097217043684436e-05,3.63594101594982e-06,0,42
0.978321132907853,0.9948432785903794,6.435931277487997e-07,0,Reddit-S,0.032028113155492983,-0.032028113155492983,-0.03282350227236748,-0.03260944504290819,-0.03209941275417805,-0.031703606247901917,-0.031325303763151166,0.0007889190877464474,-0.029228894039988518,0.029228894039988518,-0.029228894039988518,-0.029228894039988518,-0.029228894039988518,-0.029228894039988518,-0.029228894039988518,-0.029228894039988518,0.0,0.6330080331721906,0.6330080331721906,0.6321941792964936,0.6324055194854736,0.6329475045204163,0.63335320353508,0.6337353229522705,0.000802242561666233,0,0.6943445205688477,0.6943445205688477,0.6943445205688477,0.6943445205688477,0.6943445205688477,0.6943445205688477,0.6943445205688477,0.6943445205688477,0.0,2,visual,0.0,0.021680033780893792,0.21240687192196464,7.950805365914836e-05,-7.950805365914836e-05,-0.00018609944818308576,-7.753837053314783e-05,-5.130998579261359e-05,-3.715804177772952e-05,-2.4260964710265392e-05,1,8.188363060016493e-05,6.435931277487997e-07,0,42
0.9950579163139259,0.9990935534727755,3.9235270395923294e-06,0,Reddit-S,0.014659591817141293,-0.014659591817141293,-0.016110778972506522,-0.0158342644572258,-0.015149528160691261,-0.014368057250976562,-0.012896798737347125,0.0019727884988764016,-0.029410062357783318,0.029410062357783318,-0.029410062357783318,-0.029410062357783318,-0.029410062357783318,-0.029410062357783318,-0.029410062357783318,-0.029410062357783318,0.0,0.07251290710600979,-0.07251290710600979,-0.07398166581988334,-0.07369947619736195,-0.07299448177218437,-0.07220837473869324,-0.07073716521263122,0.0019807894990615054,0,-0.028361158445477486,0.028361158445477486,-0.028361158445477486,-0.028361158445477486,-0.028361158445477486,-0.028361158445477486,-0.028361158445477486,-0.028361158445477486,0.0,3,visual,1.0,0.004942276988424924,0.11578865529698729,8.209438031859198e-05,-8.209438031859198e-05,-0.00019215309293940663,-8.00606267148396e-05,-5.2979054089519195e-05,-3.8366761145880446e-05,-2.5050152726180382e-05,1,8.454723249886581e-05,3.9235270395923294e-06,0,42
0.9957514219416991,0.9999176636790297,0.00020561192437031542,0,Reddit-S,0.03177259007979783,0.03160573037501343,0.009114043507725,0.021873984951525927,0.035227082669734955,0.04400418698787689,0.04703965149819851,0.014279429079782012,0.03526048734784126,0.03526048734784126,0.03526048734784126,0.03526048734784126,0.03526048734784126,0.03526048734784126,0.03526048734784126,0.03526048734784126,0.0,0.24433824058837286,0.24433824058837286,0.2217695653438568,0.23454952985048294,0.24800711125135422,0.25680138170719147,0.25979891419410706,0.014339174466137004,0,0.17697657644748688,0.17697657644748688,0.17697657644748688,0.17697657644748688,0.17697657644748688,0.17697657644748688,0.17697657644748688,0.17697657644748688,0.0,0,text,0.0,0.004248575042518335,0.315491984804247,0.0004954499718353137,0.0004954499718353137,0.00030036312818992883,0.00035062344977632165,0.00044984450505580753,0.0005812888266518712,0.0007487435941584408,1,0.00019309859426364028,0.00020561192437031542,0,43
0.9996619282529724,0.999996642513379,0.00036454127203350495,0,Reddit-S,0.025666972157463705,-0.024588010976174468,-0.05044471062719822,-0.04317167866975069,-0.0235751299187541,-0.008032690500840545,0.0003675082698464409,0.019086573231746083,-0.033186618238687515,0.033186618238687515,-0.033186618238687515,-0.033186618238687515,-0.033186618238687515,-0.033186618238687515,-0.033186618238687515,-0.033186618238687515,0.0,0.04044137907857728,0.04044137907857728,0.014578519575297834,0.021827006712555885,0.041445884853601456,0.057003410533070564,0.06541459932923317,0.019092963940507114,0,0.09834399074316025,0.09834399074316025,0.09834399074316025,0.09834399074316025,0.09834399074316025,0.09834399074316025,0.09834399074316025,0.09834399074316025,0.0,1,text,0.0,0.00033807127563723353,0.12940901911838143,0.00012797872386258026,-0.00012797872386258026,-0.00019340651633683592,-0.00015015158714959398,-0.00011619846191024408,-9.05688684724737e-05,-7.758622159599326e-05,1,4.987892435192794e-05,0.00036454127203350495,0,43
0.9994126367191078,0.9999925641181764,0.00017775183957154892,0,Reddit-S,0.025969582038343215,-0.025844762745177607,-0.04384414553642273,-0.03842033166438341,-0.025161996483802795,-0.015299141174182296,-0.008426715899258847,0.013324628756409817,-0.03328268602490425,0.03328268602490425,-0.03328268602490425,-0.03328268602490425,-0.03328268602490425,-0.03328268602490425,-0.03328268602490425,-0.03328268602490425,0.0,0.634060104643007,0.634060104643007,0.6160588443279267,0.6214507073163986,0.6347391903400421,0.6446071416139603,0.6514980852603912,0.013332360615117974,0,0.6933209300041199,0.6933209300041199,0.6933209300041199,0.6933209300041199,0.6933209300041199,0.6933209300041199,0.6933209300041199,0.6933209300041199,0.0,2,text,0.0,0.0005873541435134758,0.15065529756004678,0.00013336546326319027,-0.00013336546326319027,-0.0002015471662161872,-0.00015647160762455314,-0.00012108936061849818,-9.438098823011387e-05,-8.08518918347545e-05,1,5.19783729940481e-05,0.00017775183957154892,0,43
0.998973385006518,0.999987587334006,0.0003223140404632471,0,Reddit-S,0.019772100017925908,-0.01719920899891799,-0.04239664115011692,-0.034815046004951,-0.015302873216569424,-0.0013726446777582169,0.005704730935394764,0.017934898399221997,-0.03352878615260124,0.03352878615260124,-0.03352878615260124,-0.03352878615260124,-0.03352878615260124,-0.03352878615260124,-0.03352878615260124,-0.03352878615260124,0.0,0.0802586965970259,-0.0802586965970259,-0.10545686334371566,-0.09786976873874664,-0.07837272435426712,-0.06441507302224636,-0.05732693262398243,0.017953106707844387,0,-0.029296591877937317,0.029296591877937317,-0.029296591877937317,-0.029296591877937317,-0.029296591877937317,-0.029296591877937317,-0.029296591877937317,-0.029296591877937317,0.0,3,text,1.0,0.001026615770214722,0.20200216062109877,0.00023410582776834364,-0.00023410582776834364,-0.00035378999018575996,-0.00027466566825751215,-0.00021255671163089573,-0.00016567362399655394,-0.00014192504895618185,1,9.124131352828546e-05,0.0003223140404632471,0,43
1.0017382632662803,0.9976472291141184,7.728192863229857e-06,0,Reddit-S,0.033945928002649416,0.033945928002649416,0.033608096465468404,0.034160480834543705,0.03456812538206577,0.03488289099186659,0.03511183261871338,0.0027913624884515166,0.024684304371476173,0.024684304371476173,0.024684304371476173,0.024684304371476173,0.024684304371476173,0.024684304371476173,0.024684304371476173,0.024684304371476173,0.0,0.23577883593785892,0.23577883593785892,0.23538791686296462,0.23594791442155838,0.23637845367193222,0.23672275617718697,0.2369873821735382,0.0027799627449355967,0,0.17697657644748688,0.17697657644748688,0.17697657644748688,0.17697657644748688,0.17697657644748688,0.17697657644748688,0.17697657644748688,0.17697657644748688,0.0,0,visual,0.0,-0.001738340761634408,-0.025244700233344505,0.00017202165696616716,0.00017202165696616716,5.2080258319620044e-05,7.899279626144562e-05,0.00010554988330113702,0.00016353634055121802,0.00040711292822379633,1,0.000191427210886964,7.728192863229857e-06,0,43
0.99428665588133,0.9983485250087608,1.0195911111245323e-06,0,Reddit-S,0.04005843449660078,-0.04005843449660078,-0.040630704164505003,-0.040494782850146294,-0.04029921442270279,-0.039973996579647064,-0.03959763646125793,0.0010056397943128028,-0.025609171018004417,0.025609171018004417,-0.025609171018004417,-0.025609171018004417,-0.025609171018004417,-0.025609171018004417,-0.025609171018004417,-0.025609171018004417,0.0,0.032624210006584005,0.032624210006584005,0.03203779011964798,0.03218076843768358,0.032394666224718094,0.03272200655192137,0.03309606462717056,0.0010097480433873256,0,0.09834399074316025,0.09834399074316025,0.09834399074316025,0.09834399074316025,0.09834399074316025,0.09834399074316025,0.09834399074316025,0.09834399074316025,0.0,1,visual,0.0,0.005713495108565451,0.09936787678906088,5.2173302125743054e-05,-5.2173302125743054e-05,-0.00012347529991529882,-4.9599747399042826e-05,-3.2012747396947816e-05,-2.395811679889448e-05,-1.579567997396225e-05,1,5.805890890698924e-05,1.0195911111245323e-06,0,43
0.9842236404385476,0.9966911132367272,6.127513153936355e-07,0,Reddit-S,0.035167882776320755,-0.035167882776320755,-0.03595354035496712,-0.03567936737090349,-0.03524877317249775,-0.034865597262978554,-0.03438086174428463,0.0007729925930022112,-0.025624796748161316,0.025624796748161316,-0.025624796748161316,-0.025624796748161316,-0.025624796748161316,-0.025624796748161316,-0.025624796748161316,-0.025624796748161316,0.0,0.6324706940894249,0.6324706940894249,0.6316368281841278,0.6319573074579239,0.6323920786380768,0.6327840387821198,0.6332726538181305,0.0007827843351738942,0,0.6933209300041199,0.6933209300041199,0.6933209300041199,0.6933209300041199,0.6933209300041199,0.6933209300041199,0.6933209300041199,0.6933209300041199,0.0,2,visual,0.0,0.01577783657262764,0.19288009288589222,5.754155959873286e-05,-5.754155959873286e-05,-0.00013618001976283266,-5.4703203204553574e-05,-3.530662979756016e-05,-2.642323534018942e-05,-1.7420941185264378e-05,1,6.403275282168864e-05,6.127513153936355e-07,0,43
0.9864604517873767,0.9947471927593151,4.583955968080928e-07,0,Reddit-S,0.03108333479751352,-0.03108333479751352,-0.03160236403346062,-0.03143960144370794,-0.03122319746762514,-0.030980191193521023,-0.030529458075761795,0.0006714090255777611,-0.025743797421455383,0.025743797421455383,-0.025743797421455383,-0.025743797421455383,-0.025743797421455383,-0.025743797421455383,-0.025743797421455383,-0.025743797421455383,0.0,0.08618603083719334,-0.08618603083719334,-0.08671903014183044,-0.0865442343056202,-0.08632218465209007,-0.086069006472826,-0.08562497422099113,0.0006770491834483613,0,-0.029296591877937317,0.029296591877937317,-0.029296591877937317,-0.029296591877937317,-0.029296591877937317,-0.029296591877937317,-0.029296591877937317,-0.029296591877937317,0.0,3,visual,1.0,0.013538942819351515,0.1322053580334493,6.230678921270529e-05,-6.230678921270529e-05,-0.00014745758962817488,-5.9233379033685196e-05,-3.823050246865023e-05,-2.8611441393877612e-05,-1.886363406811142e-05,1,6.933554219698699e-05,4.583955968080928e-07,0,43
1.003987273420424,0.9993294355910535,4.106070617206624e-05,0,Reddit-S,0.04086378075361185,0.04086378075361185,0.03192712366580963,0.03788249101489782,0.04253343679010868,0.04572216048836708,0.04729971401393414,0.006437729653235553,0.03084571659564972,0.03084571659564972,0.03084571659564972,0.03084571659564972,0.03084571659564972,0.03084571659564972,0.03084571659564972,0.03084571659564972,0.0,0.24532172606810992,0.24532172606810992,0.23640236556529998,0.24237127602100372,0.2469743862748146,0.2501366287469864,0.2517110049724579,0.006407862839673322,0,0.17313911020755768,0.17313911020755768,0.17313911020755768,0.17313911020755768,0.17313911020755768,0.17313911020755768,0.17313911020755768,0.17313911020755768,0.0,0,text,0.0,-0.003987277102146431,-0.10776015540086063,0.00047311847211935573,0.00047311847211935573,0.00018921462469734251,0.00028398957510944456,0.00044481772056315094,0.000622406107140705,0.0007861524354666471,1,0.0002370999251001486,4.106070617206624e-05,0,44
1.003885680892923,0.9996567902708516,7.652710896338004e-06,0,Reddit-S,0.04522125000572173,-0.04522125000572173,-0.048228681460022925,-0.04739938769489527,-0.04581950604915619,-0.04367420822381973,-0.041151019930839534,0.0027780559793229007,-0.03110921010375023,0.03110921010375023,-0.03110921010375023,-0.03110921010375023,-0.03110921010375023,-0.03110921010375023,-0.03110921010375023,-0.03110921010375023,0.0,0.023884069448053588,0.023884069448053588,0.020901115052402018,0.021708895452320576,0.02328665740787983,0.02540810126811266,0.027929931692779065,0.0027663533570999213,0,0.10036132484674454,0.10036132484674454,0.10036132484674454,0.10036132484674454,0.10036132484674454,0.10036132484674454,0.10036132484674454,0.10036132484674454,0.0,1,text,0.0,-0.0038856782343425766,-0.14611331882819248,0.00014679902489975156,-0.00014679902489975156,-0.0002439270814647898,-0.00019311994037707336,-0.00013801788009004667,-8.811618135950994e-05,-5.870944514754228e-05,1,7.356727719546968e-05,7.652710896338004e-06,0,44
1.0012357635205602,0.999697191573689,1.3560579898589247e-05,0,Reddit-S,0.034344288662258346,-0.034344288662258346,-0.03878806382417679,-0.037593827582895756,-0.03491329401731491,-0.03136505652219057,-0.02929357662796974,0.003688136726545935,-0.031141843646764755,0.031141843646764755,-0.031141843646764755,-0.031141843646764755,-0.031141843646764755,-0.031141843646764755,-0.031141843646764755,-0.031141843646764755,0.0,0.6296761229951171,0.6296761229951171,0.6252732157707215,0.6264085620641708,0.6290720403194427,0.6326431334018707,0.6347403764724732,0.0036824692664826474,0,0.695343554019928,0.695343554019928,0.695343554019928,0.695343554019928,0.695343554019928,0.695343554019928,0.695343554019928,0.695343554019928,0.0,2,text,0.0,-0.0012358544010497752,-0.050082665811588836,0.00018132491821290533,-0.00018132491821290533,-0.0003012966830283403,-0.00023854012033552863,-0.00017047851724782959,-0.00010884036419156473,-7.251741262734867e-05,1,9.086968067622392e-05,1.3560579898589247e-05,0,44
1.002675003569163,0.9999188282058289,3.098734955458027e-05,0,Reddit-S,0.03600749793978451,-0.03600749793978451,-0.0421036459505558,-0.04059932939708233,-0.03747324272990227,-0.032049269415438175,-0.027959845215082168,0.005581972052371059,-0.03133641555905342,0.03133641555905342,-0.03133641555905342,-0.03133641555905342,-0.03133641555905342,-0.03133641555905342,-0.03133641555905342,-0.03133641555905342,0.0,0.09474312071550774,-0.09474312071550774,-0.10080662369728088,-0.09933012910187244,-0.09622389450669289,-0.09080013632774353,-0.08671541064977646,0.005566628203372331,0,-0.02725421078503132,0.02725421078503132,-0.02725421078503132,-0.02725421078503132,-0.02725421078503132,-0.02725421078503132,-0.02725421078503132,-0.02725421078503132,0.0,3,text,1.0,-0.002675008536313129,-0.20492935002874524,0.0001449945614546132,-0.0001449945614546132,-0.00024092872045002877,-0.0001907460937218275,-0.00013632135232910514,-8.703305320523214e-05,-5.7987784020951946e-05,1,7.266298341557071e-05,3.098734955458027e-05,0,44
1.000804707964775,0.9990339888018629,1.7690696861882132e-05,0,Reddit-S,0.031207985547807748,0.031207985547807748,0.03019603155553341,0.03126089833676815,0.03230459988117218,0.03282279893755913,0.033122772723436354,0.004213485911798959,0.021470805630087852,0.021470805630087852,0.021470805630087852,0.021470805630087852,0.021470805630087852,0.021470805630087852,0.021470805630087852,0.021470805630087852,0.0,0.22602171215719888,0.22602171215719888,0.22495341747999192,0.2260475531220436,0.2271251454949379,0.22763760015368462,0.22794318795204163,0.00420603101057067,0,0.17313911020755768,0.17313911020755768,0.17313911020755768,0.17313911020755768,0.17313911020755768,0.17313911020755768,0.17313911020755768,0.17313911020755768,0.0,0,visual,0.0,-0.0008044982178271802,-0.018271838278954032,0.00020381618655163991,0.00020381618655163991,7.509360802941956e-05,0.00011225955677218735,0.000150954321725294,0.000194340776943136,0.0004198679758701475,1,0.00018518905435078423,1.7690696861882132e-05,0,44
0.9995948748906127,0.9998641911632596,1.265026808941165e-05,0,Reddit-S,0.031034085369240332,-0.031034085369240332,-0.03271038085222244,-0.03244607802480459,-0.03187619149684906,-0.031153550371527672,-0.030020619370043276,0.0035557635235761785,-0.025986386463046074,0.025986386463046074,-0.025986386463046074,-0.025986386463046074,-0.025986386463046074,-0.025986386463046074,-0.025986386463046074,-0.025986386463046074,0.0,0.04327633751834491,0.04327633751834491,0.04159467406570912,0.04186235088855028,0.04243351332843304,0.04315899312496185,0.044289477914571766,0.0035567215366699217,0,0.10036132484674454,0.10036132484674454,0.10036132484674454,0.10036132484674454,0.10036132484674454,0.10036132484674454,0.10036132484674454,0.10036132484674454,0.0,1,visual,0.0,0.00040507648089158424,0.0245786800265477,6.451366218762785e-05,-6.451366218762785e-05,-0.0001329002421698533,-6.151442175905686e-05,-4.7781366447452456e-05,-3.553336500772275e-05,-2.3769277686369595e-05,1,5.861764106247353e-05,1.265026808941165e-05,0,44
0.9961240565190342,0.9994106729986959,3.275991732996797e-06,0,Reddit-S,0.036080198260630074,-0.036080198260630074,-0.03746102601289749,-0.037159161642193794,-0.03653329238295555,-0.035660515539348125,-0.03474591933190822,0.0018040179064262318,-0.026003103703260422,0.026003103703260422,-0.026003103703260422,-0.026003103703260422,-0.026003103703260422,-0.026003103703260422,-0.026003103703260422,-0.026003103703260422,0.0,0.6331916440616273,0.6331916440616273,0.6318003535270691,0.6320994794368744,0.6327374279499054,0.6336307525634766,0.6345476329326629,0.001809970091740965,0,0.695343554019928,0.695343554019928,0.695343554019928,0.695343554019928,0.695343554019928,0.695343554019928,0.695343554019928,0.695343554019928,0.0,2,visual,0.0,0.0038745882137260945,0.11252788579607154,6.858989700498716e-05,-6.858989700498716e-05,-0.00014129742194199932,-6.540115646203049e-05,-5.08003868162632e-05,-3.777850724873133e-05,-2.5271117192460213e-05,1,6.232134137279871e-05,3.275991732996797e-06,0,44
0.9982275999895994,0.9996561812886583,5.994027574452498e-06,0,Reddit-S,0.03080370991906929,-0.03080370991906929,-0.0323651235550642,-0.03196841757744551,-0.03139930032193661,-0.03055403381586075,-0.029200210608541964,0.002444771566857569,-0.02609984204173088,0.02609984204173088,-0.02609984204173088,-0.02609984204173088,-0.02609984204173088,-0.02609984204173088,-0.02609984204173088,-0.02609984204173088,0.0,0.08422847715892837,-0.08422847715892837,-0.08579836338758469,-0.08540570177137852,-0.08481663092970848,-0.08396855741739273,-0.08260700702667237,0.002448270322993868,0,-0.02725421078503132,0.02725421078503132,-0.02725421078503132,-0.02725421078503132,-0.02725421078503132,-0.02725421078503132,-0.02725421078503132,-0.02725421078503132,0.0,3,visual,1.0,0.001772242609976807,0.067531886746012,7.071263444303092e-05,-7.071263444303092e-05,-0.00014567032631020992,-6.742520417901687e-05,-5.237257028056774e-05,-3.894768815371208e-05,-2.6053213696286536e-05,1,6.425007794421855e-05,5.994027574452498e-06,0,44
